EventId,Timestamp,StartTimestamp,EndTimestamp,DurationSeconds,FuturesOpen,FuturesHigh,FuturesLow,FuturesClose,FuturesVolume,FuturesReturnPct,CeLtp,CeReturnPct,PeLtp,PeReturnPct,Pattern,CurrentRunPattern,CurrentRunLength,ATrigger,BTrigger
0,09:15:01.000,09:15:00.000,09:15:01.000,1,23465.0000,23470.0000,23465.0000,23470.0000,5330,,62.5000,,40.0750,,Other,,0,False,False
1,09:15:03.000,09:15:01.000,09:15:03.000,2,23470.0000,23470.0000,23468.8000,23470.0000,3315,0.0000,61.4000,-1.1000,38.864285714285714285714285714,-1.210714285714285714285714286,Other,,0,False,False
2,09:15:07.000,09:15:03.000,09:15:07.000,4,23470.0000,23477.6000,23462.0000,23477.6000,17030,7.6000,37.035714285714285714285714286,,62.378571428571428571428571429,,Other,,0,False,False
3,09:15:07.000,09:15:07.000,09:15:07.000,0,23477.6000,23477.6000,23477.6000,23477.6000,13780,0.0000,,,,,Other,,0,False,False
4,09:15:09.000,09:15:09.000,09:15:09.000,0,23474.2000,23474.2000,23474.2000,23474.2000,11310,-3.4000,68.5250,,36.6000,,Other,,0,False,False
5,09:15:09.000,09:15:09.000,09:15:09.000,0,23474.2000,23474.2000,23474.2000,23474.2000,8060,0.0000,,,,,Other,,0,False,False
6,09:15:09.000,09:15:09.000,09:15:09.000,0,23474.4000,23474.4000,23474.4000,23474.4000,4810,0.2000,,,,,Other,,0,False,False
7,09:15:17.000,09:15:09.000,09:15:17.000,8,23474.4000,23474.4000,23468.5000,23472.0000,3250,-2.4000,62.819230769230769230769230769,,39.403846153846153846153846154,,Other,,0,False,False
8,09:15:25.000,09:15:17.000,09:15:25.000,8,23472.0000,23474.2000,23462.0000,23472.3000,3510,0.3000,58.169230769230769230769230769,-4.650000000000000000000000000,44.403846153846153846153846154,5.000000000000000000000000000,A,A,1,False,False
9,09:15:29.000,09:15:25.000,09:15:29.000,4,23472.3000,23475.0000,23456.8000,23457.3000,3705,-15.0000,55.764285714285714285714285714,-2.404945054945054945054945055,46.642857142857142857142857143,2.239010989010989010989010989,Other,,0,False,False
10,09:15:48.000,09:15:29.000,09:15:48.000,19,23457.3000,23469.9000,23456.3000,23460.0000,3250,2.7000,53.2640625,-2.500223214285714285714285714,47.53015873015873015873015873,0.887301587301587301587301587,A,A,1,False,False
11,09:16:03.000,09:15:48.000,09:16:03.000,15,23460.0000,23464.0000,23456.3000,23457.3000,3250,-2.7000,53.180769230769230769230769231,-0.083293269230769230769230769,50.0500,2.51984126984126984126984127,Other,,0,False,False
12,09:16:30.000,09:16:03.000,09:16:30.000,27,23457.3000,23464.0000,23456.0000,23460.0000,3315,2.7000,53.771839080459770114942528736,0.591069849690539345711759505,49.017816091954022988505747126,-1.032183908045977011494252874,Other,,0,False,False
13,09:16:38.000,09:16:30.000,09:16:38.000,8,23460.0000,23464.0000,23455.3000,23456.0000,3835,-4.0000,53.053846153846153846153846154,-0.717992926613616268788682582,49.8000,0.782183908045977011494252874,Other,,0,False,False
14,09:16:55.000,09:16:38.000,09:16:55.000,17,23456.0000,23458.0000,23448.5000,23448.5000,3510,-7.5000,50.590740740740740740740740741,-2.463105413105413105413105413,54.436538461538461538461538462,4.636538461538461538461538462,Other,,0,False,False
15,09:17:10.000,09:16:55.000,09:17:10.000,15,23448.5000,23452.5000,23437.6000,23441.2000,3770,-7.3000,47.269387755102040816326530612,-3.321352985638699924414210129,59.576470588235294117647058824,5.139932126696832579185520362,Other,,0,False,False
16,09:17:41.000,09:17:10.000,09:17:41.000,31,23441.2000,23450.0000,23438.0000,23450.0000,3965,8.8000,47.31039603960396039603960396,0.041008284501919579713073348,60.081818181818181818181818182,0.505347593582887700534759358,Other,,0,False,False
17,09:18:06.000,09:17:41.000,09:18:06.000,25,23450.0000,23451.9000,23445.0000,23449.4000,4290,-0.6000,47.255844155844155844155844156,-0.054551883759804551883759804,58.891975308641975308641975309,-1.189842873176206509539842873,Other,,0,False,False
18,09:18:49.000,09:18:06.000,09:18:49.000,43,23449.4000,23460.0000,23445.5000,23459.0000,3380,9.6000,50.291366906474820143884892086,3.035522750630664299729047930,52.988686131386861313868613139,-5.903289177255113994773362170,Other,,0,False,False
19,09:19:46.000,09:18:49.000,09:19:46.000,57,23459.0000,23459.0000,23452.0000,23452.0000,3575,-7.0000,49.195879120879120879120879121,-1.095487785595699264764012965,51.896978021978021978021978022,-1.091708109408839335846635117,Other,,0,False,False
20,09:20:01.000,09:19:46.000,09:20:01.000,15,23452.0000,23452.0000,23450.0000,23451.5000,4095,-0.5000,47.362765957446808510638297872,-1.833113163432312368482581249,53.640816326530612244897959184,1.743838304552590266875981162,Other,,0,False,False
21,09:20:23.000,09:20:01.000,09:20:23.000,22,23451.5000,23452.6000,23445.0000,23452.6000,4680,1.1000,47.181818181818181818181818182,-0.180947775628626692456479690,53.389705882352941176470588235,-0.251110444177671068427370949,Other,,0,False,False
22,09:20:34.000,09:20:23.000,09:20:34.000,11,23452.6000,23452.6000,23445.0000,23445.0000,3445,-7.6000,46.835714285714285714285714286,-0.346103896103896103896103896,54.633333333333333333333333333,1.243627450980392156862745098,Other,,0,False,False
23,09:20:59.000,09:20:34.000,09:20:59.000,25,23445.0000,23447.7000,23439.9000,23440.0000,3250,-5.0000,45.37125,-1.464464285714285714285714286,57.4925,2.859166666666666666666666667,Other,,0,False,False
24,09:21:43.000,09:20:59.000,09:21:43.000,44,23440.0000,23448.0000,23438.8000,23447.0000,4290,7.0000,45.245149253731343283582089552,-0.126100746268656716417910448,55.665217391304347826086956522,-1.827282608695652173913043478,Other,,0,False,False
25,09:22:07.000,09:21:43.000,09:22:07.000,24,23447.0000,23450.0000,23444.3000,23448.0000,3575,1.0000,46.119178082191780821917808219,0.874028828460437538335718667,53.230379746835443037974683544,-2.434837644468904788112272978,Other,,0,False,False
26,09:22:21.000,09:22:07.000,09:22:21.000,14,23448.0000,23455.0000,23446.3000,23446.3000,3510,-1.7000,46.828571428571428571428571429,0.709393346379647749510763210,51.988095238095238095238095238,-1.242284508740204942736588306,B,B,1,False,False
27,09:22:46.000,09:22:21.000,09:22:46.000,25,23446.3000,23460.0000,23446.3000,23460.0000,3315,13.7000,47.49382716049382716049382716,0.665255731922398589065255731,50.926582278481012658227848101,-1.061512959614225437010247137,Other,,0,False,False
28,09:23:14.000,09:22:46.000,09:23:14.000,28,23460.0000,23460.0000,23445.0000,23450.0000,3380,-10.0000,45.939325842696629213483146067,-1.554501317797197947010681093,53.664835164835164835164835165,2.738252886354152176936987064,Other,,0,False,False
29,09:23:25.000,09:23:14.000,09:23:25.000,11,23450.0000,23452.0000,23445.0000,23445.0000,3315,-5.0000,45.535294117647058823529411765,-0.404031725049570389953734302,54.1750,0.510164835164835164835164835,Other,,0,False,False
30,09:24:32.000,09:23:25.000,09:24:32.000,67,23445.0000,23457.3000,23445.0000,23450.0000,3705,5.0000,47.127725118483412322274881517,1.592431000836353498745469752,50.853623188405797101449275362,-3.321376811594202898550724638,Other,,0,False,False
31,09:24:42.000,09:24:32.000,09:24:42.000,10,23450.0000,23456.6000,23449.1000,23450.0000,5330,0.0000,47.203125,0.075399881516587677725118483,50.315625,-0.537998188405797101449275362,Other,,0,False,False
32,09:24:52.000,09:24:42.000,09:24:52.000,10,23450.0000,23456.2000,23447.6000,23456.2000,3250,6.2000,46.8250,-0.378125,51.05625,0.740625,A,A,1,False,False
33,09:25:15.000,09:24:52.000,09:25:15.000,23,23456.2000,23457.0000,23449.2000,23449.3000,3380,-6.9000,45.221333333333333333333333333,-1.603666666666666666666666667,52.391095890410958904109589041,1.334845890410958904109589041,Other,,0,False,False
34,09:25:33.000,09:25:15.000,09:25:33.000,18,23449.3000,23454.7000,23445.0000,23452.4000,4940,3.1000,43.710526315789473684210526316,-1.510807017543859649122807017,53.978947368421052631578947368,1.587851478010093727469358327,A,A,1,False,False
35,09:25:38.000,09:25:33.000,09:25:38.000,5,23452.4000,23452.4000,23443.0000,23445.0000,3315,-7.4000,43.6875,-0.023026315789473684210526316,54.24375,0.264802631578947368421052632,Other,,0,False,False
36,09:25:49.000,09:25:38.000,09:25:49.000,11,23445.0000,23454.1000,23442.1000,23445.0000,3380,0.0000,43.832352941176470588235294118,0.144852941176470588235294118,54.317647058823529411764705882,0.073897058823529411764705882,Other,,0,False,False
37,09:25:57.000,09:25:49.000,09:25:57.000,8,23445.0000,23454.4000,23440.3000,23440.9000,3575,-4.1000,43.8000,-0.032352941176470588235294118,54.353846153846153846153846154,0.036199095022624434389140272,Other,,0,False,False
38,09:26:17.000,09:25:57.000,09:26:17.000,20,23440.9000,23449.0000,23439.4000,23439.5000,3445,-1.4000,43.173770491803278688524590164,-0.626229508196721311475409836,55.272307692307692307692307692,0.918461538461538461538461538,Other,,0,False,False
39,09:26:35.000,09:26:17.000,09:26:35.000,18,23439.5000,23442.0000,23439.0000,23442.0000,3250,2.5000,42.654385964912280701754385965,-0.519384526890997986770204199,56.107017543859649122807017544,0.834709851551956815114709852,A,A,1,False,False
40,09:26:55.000,09:26:35.000,09:26:55.000,20,23442.0000,23448.5000,23438.0000,23438.0000,3770,-4.0000,42.4000,-0.254385964912280701754385965,56.8000,0.692982456140350877192982456,Other,,0,False,False
41,09:27:15.000,09:26:55.000,09:27:15.000,20,23438.0000,23449.5000,23438.0000,23440.1000,3315,2.1000,41.396153846153846153846153846,-1.003846153846153846153846154,57.648461538461538461538461538,0.848461538461538461538461538,A,A,1,False,False
42,09:27:33.000,09:27:15.000,09:27:33.000,18,23440.1000,23447.9000,23440.0000,23440.0000,4030,-0.1000,39.896491228070175438596491228,-1.499662618083670715249662618,59.685964912280701754385964912,2.037503373819163292847503374,Other,,0,False,False
43,09:27:41.000,09:27:33.000,09:27:41.000,8,23440.0000,23440.0000,23436.5000,23440.0000,3575,0.0000,39.765384615384615384615384615,-0.131106612685560053981106613,59.415384615384615384615384615,-0.270580296896086369770580297,Other,,0,False,False
44,09:27:50.000,09:27:41.000,09:27:50.000,9,23440.0000,23440.0000,23437.2000,23440.0000,3250,0.0000,40.764285714285714285714285714,0.998901098901098901098901099,57.689285714285714285714285714,-1.726098901098901098901098901,Other,,0,False,False
45,09:27:55.000,09:27:50.000,09:27:55.000,5,23440.0000,23440.0000,23437.4000,23437.4000,5395,-2.6000,40.84375,0.079464285714285714285714286,57.4125,-0.276785714285714285714285714,B,B,1,False,False
46,09:28:05.000,09:27:55.000,09:28:05.000,10,23437.4000,23446.9000,23437.4000,23446.9000,3250,9.5000,41.674193548387096774193548387,0.830443548387096774193548387,55.715151515151515151515151515,-1.697348484848484848484848485,Other,,0,False,False
47,09:28:55.000,09:28:05.000,09:28:55.000,50,23446.9000,23448.0000,23439.9000,23448.0000,3315,1.1000,41.757861635220125786163522013,0.083668086833029011969973626,55.140066225165562913907284768,-0.575085289985952237607866747,Other,,0,False,False
48,09:29:40.000,09:28:55.000,09:29:40.000,45,23448.0000,23458.5000,23446.0000,23458.5000,3380,10.5000,43.519366197183098591549295775,1.761504561962972805385773762,52.166785714285714285714285714,-2.973280510879848628192999054,Other,,0,False,False
49,09:30:25.000,09:29:40.000,09:30:25.000,45,23458.5000,23458.5000,23450.0000,23455.0000,3575,-3.5000,46.005244755244755244755244755,2.485878558061656653205948980,48.825177304964539007092198582,-3.341608409321175278622087132,B,B,1,False,False
50,09:30:46.000,09:30:25.000,09:30:46.000,21,23455.0000,23460.5000,23451.0000,23452.1000,3250,-2.9000,46.785915492957746478873239437,0.780670737712991234117994682,48.53450704225352112676056338,-0.290670262711017880331635202,B,B,2,False,True
51,09:31:11.000,09:30:46.000,09:31:11.000,25,23452.1000,23460.5000,23451.2000,23452.8000,3315,0.7000,45.293670886075949367088607595,-1.492244606881797111784631842,50.123376623376623376623376623,1.588869581123102249862813243,A,A,1,False,False
52,09:31:55.000,09:31:11.000,09:31:55.000,44,23452.8000,23458.0000,23451.0000,23457.5000,3380,4.7000,46.016423357664233576642335766,0.722752471588284209553728171,49.497202797202797202797202797,-0.626173826173826173826173826,Other,,0,False,False
53,09:32:37.000,09:31:55.000,09:32:37.000,42,23457.5000,23457.9000,23451.0000,23451.0000,3315,-6.5000,46.094402985074626865671641791,0.077979627410393289029306025,49.452611940298507462686567164,-0.044590856904289740110635633,B,B,1,False,False
54,09:32:55.000,09:32:37.000,09:32:55.000,18,23451.0000,23456.7000,23451.0000,23451.0000,3900,0.0000,43.651851851851851851851851852,-2.442551133222775013819789939,51.941379310344827586206896552,2.488767370046320123520329388,Other,,0,False,False
55,09:32:57.000,09:32:55.000,09:32:57.000,2,23451.0000,23451.0000,23451.0000,23451.0000,3900,0.0000,42.416666666666666666666666667,-1.235185185185185185185185185,53.783333333333333333333333333,1.841954022988505747126436781,Other,,0,False,False
56,09:33:02.000,09:32:57.000,09:33:02.000,5,23451.0000,23451.0000,23450.0000,23450.0000,3965,-1.0000,42.461764705882352941176470588,0.045098039215686274509803921,53.243333333333333333333333333,-0.540000000000000000000000000,B,B,1,False,False
57,09:33:10.000,09:33:02.000,09:33:10.000,8,23450.0000,23457.2000,23450.0000,23457.2000,5915,7.2000,42.665384615384615384615384615,0.203619909502262443438914027,52.683333333333333333333333333,-0.560000000000000000000000000,Other,,0,False,False
58,09:33:18.000,09:33:10.000,09:33:18.000,8,23457.2000,23457.2000,23450.0000,23450.3000,3575,-6.9000,42.695833333333333333333333333,0.030448717948717948717948718,52.557692307692307692307692308,-0.125641025641025641025641025,B,B,1,False,False
59,09:33:36.000,09:33:18.000,09:33:36.000,18,23450.3000,23456.7000,23449.0000,23449.0000,3640,-1.3000,42.464912280701754385964912281,-0.230921052631578947368421052,53.036842105263157894736842105,0.479149797570850202429149797,Other,,0,False,False
60,09:33:40.000,09:33:36.000,09:33:40.000,4,23449.0000,23454.6000,23448.0000,23448.4000,3705,-0.6000,40.8500,-1.614912280701754385964912281,54.7900,1.753157894736842105263157895,Other,,0,False,False
61,09:33:56.000,09:33:40.000,09:33:56.000,16,23448.4000,23454.9000,23444.0000,23444.0000,3250,-4.4000,40.937037037037037037037037037,0.087037037037037037037037037,54.507407407407407407407407407,-0.282592592592592592592592593,B,B,1,False,False
62,09:34:57.000,09:33:56.000,09:34:57.000,61,23444.0000,23453.8000,23440.0000,23448.6000,3250,4.6000,41.666326530612244897959183673,0.729289493575207860922146636,54.042525773195876288659793814,-0.464881634211531118747613593,Other,,0,False,False
63,09:35:35.000,09:34:57.000,09:35:35.000,38,23448.6000,23452.0000,23440.9000,23441.1000,3315,-7.5000,41.389166666666666666666666667,-0.277159863945578231292517006,54.295081967213114754098360656,0.252556194017238465438566842,Other,,0,False,False
64,09:36:26.000,09:35:35.000,09:36:26.000,51,23441.1000,23452.0000,23440.1000,23442.0000,3250,0.9000,40.831055900621118012422360248,-0.558110766045548654244306419,54.936645962732919254658385093,0.641563995519804500560024437,A,A,1,False,False
65,09:36:59.000,09:36:26.000,09:36:59.000,33,23442.0000,23451.9000,23440.0000,23450.0000,3380,8.0000,40.820560747663551401869158879,-0.010495152957566610553201369,55.151515151515151515151515152,0.214869188782232260493130059,A,A,2,True,False
66,09:37:44.000,09:36:59.000,09:37:44.000,45,23450.0000,23454.9000,23439.8000,23454.9000,3250,4.9000,42.733445945945945945945945946,1.912885198282394544076787067,51.373630136986301369863013699,-3.777885014528850145288501453,Other,,0,False,False
67,09:38:37.000,09:37:44.000,09:38:37.000,53,23454.9000,23458.1000,23446.0000,23458.1000,4680,3.2000,44.509939759036144578313253012,1.776493813090198632367307066,48.810714285714285714285714286,-2.562915851272015655577299413,Other,,0,False,False
68,09:38:42.000,09:38:37.000,09:38:42.000,5,23458.1000,23458.1000,23455.0000,23458.0000,3250,-0.1000,46.285714285714285714285714286,1.775774526678141135972461274,47.03125,-1.779464285714285714285714286,B,B,1,False,False
69,09:39:34.000,09:38:42.000,09:39:34.000,52,23458.0000,23458.0000,23452.2000,23454.1000,3510,-3.9000,45.463271604938271604938271605,-0.822442680776014109347442681,48.062804878048780487804878049,1.031554878048780487804878049,Other,,0,False,False
70,09:40:09.000,09:39:34.000,09:40:09.000,35,23454.1000,23460.0000,23454.0000,23455.4000,3250,1.3000,46.394247787610619469026548673,0.930976182672347864088277068,47.363551401869158878504672897,-0.699253476179621609300205152,Other,,0,False,False
71,09:41:05.000,09:40:09.000,09:41:05.000,56,23455.4000,23460.0000,23450.2000,23454.2000,3705,-1.2000,45.697802197802197802197802198,-0.696445589808421666828746475,47.85589887640449438202247191,0.492347474535335503517799013,Other,,0,False,False
72,09:41:27.000,09:41:05.000,09:41:27.000,22,23454.2000,23465.0000,23454.2000,23457.4000,3315,3.2000,48.297142857142857142857142857,2.599340659340659340659340659,44.171212121212121212121212121,-3.684686755192373169901259789,Other,,0,False,False
73,09:42:06.000,09:41:27.000,09:42:06.000,39,23457.4000,23465.0000,23457.4000,23465.0000,3640,7.6000,48.092913385826771653543307087,-0.204229471316085489313835770,44.114166666666666666666666667,-0.057045454545454545454545454,Other,,0,False,False
74,09:42:56.000,09:42:06.000,09:42:56.000,50,23465.0000,23467.0000,23458.0000,23467.0000,3640,2.0000,48.666129032258064516129032258,0.573215646431292862585725171,43.197096774193548387096774194,-0.917069892473118279569892473,Other,,0,False,False
75,09:43:16.000,09:42:56.000,09:43:16.000,20,23467.0000,23469.0000,23460.9000,23469.0000,3510,2.0000,50.391525423728813559322033898,1.725396391470749043193001640,41.422033898305084745762711864,-1.775062875888463641334062330,Other,,0,False,False
76,09:43:37.000,09:43:16.000,09:43:37.000,21,23469.0000,23470.0000,23465.0000,23470.0000,4485,1.0000,49.592753623188405797101449275,-0.798771800540407762220584623,42.280327868852459016393442623,0.858293970547374270630730759,A,A,1,False,False
77,09:43:39.000,09:43:37.000,09:43:39.000,2,23470.0000,23470.0000,23461.3000,23461.3000,3770,-8.7000,48.083333333333333333333333333,-1.509420289855072463768115942,44.083333333333333333333333333,1.803005464480874316939890710,Other,,0,False,False
78,09:43:42.000,09:43:39.000,09:43:42.000,3,23461.3000,23461.3000,23460.2000,23460.2000,4160,-1.1000,47.9200,-0.163333333333333333333333333,44.0100,-0.073333333333333333333333333,Other,,0,False,False
79,09:44:04.000,09:43:42.000,09:44:04.000,22,23460.2000,23469.9000,23457.8000,23458.0000,3380,-2.2000,47.980281690140845070422535211,0.060281690140845070422535211,43.791791044776119402985074627,-0.218208955223880597014925373,B,B,1,False,False
80,09:44:12.000,09:44:04.000,09:44:12.000,8,23458.0000,23464.7000,23457.8000,23460.0000,3705,2.0000,47.707692307692307692307692308,-0.272589382448537378114842903,43.873076923076923076923076923,0.081285878300803673938002296,A,A,1,False,False
81,09:44:14.000,09:44:12.000,09:44:14.000,2,23460.0000,23470.0000,23460.0000,23470.0000,4550,10.0000,48.116666666666666666666666667,0.408974358974358974358974359,43.433333333333333333333333333,-0.439743589743589743589743590,Other,,0,False,False
82,09:44:16.000,09:44:14.000,09:44:16.000,2,23470.0000,23470.0000,23459.9000,23459.9000,5395,-10.1000,48.233333333333333333333333333,0.116666666666666666666666666,43.2500,-0.183333333333333333333333333,B,B,1,False,False
83,09:44:17.000,09:44:16.000,09:44:17.000,1,23459.9000,23459.9000,23459.9000,23459.9000,6045,0.0000,48.4000,0.166666666666666666666666667,43.1500,-0.1000,Other,,0,False,False
84,09:44:19.000,09:44:17.000,09:44:19.000,2,23459.9000,23459.9000,23459.7000,23459.7000,5460,-0.2000,48.666666666666666666666666667,0.266666666666666666666666667,42.933333333333333333333333333,-0.216666666666666666666666667,B,B,1,False,False
85,09:44:31.000,09:44:19.000,09:44:31.000,12,23459.7000,23470.0000,23458.5000,23469.0000,3640,9.3000,48.205405405405405405405405405,-0.461261261261261261261261262,43.174358974358974358974358974,0.241025641025641025641025641,A,A,1,False,False
86,09:45:19.000,09:44:31.000,09:45:19.000,48,23469.0000,23470.0000,23458.7000,23461.4000,3445,-7.6000,48.694193548387096774193548387,0.488788142981691368788142982,42.597419354838709677419354839,-0.576939619520264681555004135,B,B,1,False,False
87,09:45:54.000,09:45:19.000,09:45:54.000,35,23461.4000,23469.9000,23460.0000,23460.0000,3640,-1.4000,48.425675675675675675675675676,-0.268517872711421098517872711,43.316371681415929203539823009,0.718952326577219526120468170,Other,,0,False,False
88,09:46:22.000,09:45:54.000,09:46:22.000,28,23460.0000,23467.0000,23460.0000,23467.0000,3900,7.0000,48.016666666666666666666666667,-0.409009009009009009009009009,43.455172413793103448275862069,0.138800732377174244736039060,A,A,1,False,False
89,09:46:33.000,09:46:22.000,09:46:33.000,11,23467.0000,23470.0000,23460.0000,23470.0000,4095,3.0000,48.496875,0.480208333333333333333333333,43.0300,-0.425172413793103448275862069,Other,,0,False,False
90,09:46:42.000,09:46:33.000,09:46:42.000,9,23470.0000,23472.5000,23464.5000,23472.5000,5980,2.5000,48.7500,0.253125,42.816666666666666666666666667,-0.213333333333333333333333333,Other,,0,False,False
91,09:46:43.000,09:46:42.000,09:46:43.000,1,23472.5000,23472.5000,23460.1000,23470.0000,3380,-2.5000,48.6750,-0.0750,42.7500,-0.066666666666666666666666667,Other,,0,False,False
92,09:46:50.000,09:46:43.000,09:46:50.000,7,23470.0000,23470.0000,23465.0000,23467.5000,4095,-2.5000,48.868181818181818181818181818,0.193181818181818181818181818,42.536363636363636363636363636,-0.213636363636363636363636364,B,B,1,False,False
93,09:47:10.000,09:46:50.000,09:47:10.000,20,23467.5000,23473.0000,23465.0000,23473.0000,3315,5.5000,49.311111111111111111111111111,0.442929292929292929292929293,41.971538461538461538461538462,-0.564825174825174825174825174,Other,,0,False,False
94,09:47:27.000,09:47:10.000,09:47:27.000,17,23473.0000,23475.0000,23465.0000,23475.0000,5655,2.0000,49.625925925925925925925925926,0.314814814814814814814814815,41.669230769230769230769230769,-0.302307692307692307692307693,Other,,0,False,False
95,09:47:28.000,09:47:27.000,09:47:28.000,1,23475.0000,23475.0000,23464.9000,23464.9000,3510,-10.1000,49.4000,-0.225925925925925925925925926,42.0750,0.405769230769230769230769231,Other,,0,False,False
96,09:47:47.000,09:47:28.000,09:47:47.000,19,23464.9000,23475.0000,23463.4000,23464.1000,3965,-0.8000,49.318032786885245901639344262,-0.081967213114754098360655738,42.13245614035087719298245614,0.05745614035087719298245614,Other,,0,False,False
97,09:48:18.000,09:47:47.000,09:48:18.000,31,23464.1000,23473.0000,23464.1000,23472.9000,3250,8.8000,50.014646464646464646464646465,0.696613677761218744825302203,41.185051546391752577319587629,-0.947404593959124615662868511,Other,,0,False,False
98,09:48:55.000,09:48:18.000,09:48:55.000,37,23472.9000,23473.0000,23464.7000,23473.0000,3965,0.1000,49.040434782608695652173913043,-0.974211682037768994290733422,41.83869565217391304347826087,0.653644105782160466158673241,A,A,1,False,False
99,09:49:12.000,09:48:55.000,09:49:12.000,17,23473.0000,23473.0000,23463.0000,23463.5000,3445,-9.5000,46.478431372549019607843137255,-2.562003410059676044330775788,44.082075471698113207547169811,2.243379819524200164068908941,Other,,0,False,False
100,09:49:35.000,09:49:12.000,09:49:35.000,23,23463.5000,23471.0000,23463.0000,23465.2000,5460,1.7000,46.513013698630136986301369863,0.034582326081117378458232608,43.846666666666666666666666667,-0.235408805031446540880503144,Other,,0,False,False
101,09:49:36.000,09:49:35.000,09:49:36.000,1,23465.2000,23467.1000,23463.8000,23463.8000,3445,-1.4000,46.0750,-0.438013698630136986301369863,44.2000,0.353333333333333333333333333,Other,,0,False,False
102,09:50:14.000,09:49:36.000,09:50:14.000,38,23463.8000,23470.7000,23463.0000,23466.0000,3445,2.2000,47.297435897435897435897435897,1.222435897435897435897435897,43.372222222222222222222222222,-0.827777777777777777777777778,Other,,0,False,False
103,09:50:46.000,09:50:14.000,09:50:46.000,32,23466.0000,23470.0000,23463.0000,23468.0000,3380,2.0000,49.001941747572815533980582524,1.704505850136918098083146627,41.731553398058252427184466019,-1.640668824163969795037756203,Other,,0,False,False
104,09:51:40.000,09:50:46.000,09:51:40.000,54,23468.0000,23472.0000,23460.7000,23464.4000,3315,-3.6000,48.223214285714285714285714286,-0.778727461858529819694868238,42.286046511627906976744186047,0.554493113569654549559720028,Other,,0,False,False
105,09:52:14.000,09:51:40.000,09:52:14.000,34,23464.4000,23470.7000,23456.3000,23456.3000,4225,-8.1000,45.609633027522935779816513761,-2.613581258191349934469200525,44.094594594594594594594594595,1.808548082966687617850408548,Other,,0,False,False
106,09:53:31.000,09:52:14.000,09:53:31.000,77,23456.3000,23468.9000,23456.3000,23467.0000,3315,10.7000,46.930590717299578059071729958,1.320957689776642279255216197,42.233966244725738396624472574,-1.860628349868856197970122021,Other,,0,False,False
107,09:53:34.000,09:53:31.000,09:53:34.000,3,23467.0000,23468.0000,23467.0000,23468.0000,4485,1.0000,47.6300,0.699409282700421940928270042,41.5300,-0.703966244725738396624472574,Other,,0,False,False
108,09:53:46.000,09:53:34.000,09:53:46.000,12,23468.0000,23468.9000,23463.1000,23464.3000,3835,-3.7000,47.766666666666666666666666667,0.136666666666666666666666667,41.660526315789473684210526316,0.130526315789473684210526316,Other,,0,False,False
109,09:54:13.000,09:53:46.000,09:54:13.000,27,23464.3000,23468.1000,23460.1000,23460.1000,3250,-4.2000,48.131034482758620689655172414,0.364367816091954022988505747,41.310919540229885057471264368,-0.349606775559588626739261948,B,B,1,False,False
110,09:55:02.000,09:54:13.000,09:55:02.000,49,23460.1000,23468.0000,23460.0000,23465.7000,3510,5.6000,48.117763157894736842105263158,-0.013271324863883847549909256,41.531089743589743589743589744,0.220170203359858532272325376,A,A,1,False,False
111,09:55:30.000,09:55:02.000,09:55:30.000,28,23465.7000,23468.0000,23456.7000,23456.7000,3315,-9.0000,46.562921348314606741573033708,-1.554841809580130100532229450,42.98820224719101123595505618,1.457112503601267646211466436,Other,,0,False,False
112,09:56:10.000,09:55:30.000,09:56:10.000,40,23456.7000,23467.5000,23455.3000,23456.1000,3770,-0.6000,45.642682926829268292682926829,-0.920238421485338448890106879,43.5032,0.51499775280898876404494382,Other,,0,False,False
113,09:57:18.000,09:56:10.000,09:57:18.000,68,23456.1000,23465.0000,23455.4000,23455.4000,3445,-0.7000,46.987621359223300970873786408,1.344938432394032678190859579,41.953921568627450980392156863,-1.549278431372549019607843137,B,B,1,False,False
114,09:58:23.000,09:57:18.000,09:58:23.000,65,23455.4000,23465.0000,23453.4000,23460.0000,3445,4.6000,44.769761904761904761904761905,-2.217859454461396208969024503,43.808495145631067961165048544,1.854573577003616980772891681,A,A,1,False,False
115,09:59:39.000,09:58:23.000,09:59:39.000,76,23460.0000,23467.9000,23456.0000,23467.9000,3250,7.9000,46.802489626556016597510373444,2.032727721794111835605611539,41.818257261410788381742738589,-1.990237884220279579422309955,Other,,0,False,False
116,10:01:02.000,09:59:39.000,10:01:02.000,83,23467.9000,23469.0000,23458.0000,23469.0000,4355,1.1000,47.733921568627450980392156863,0.931431942071434382881783419,40.972284644194756554307116105,-0.845972617216031827435622484,Other,,0,False,False
117,10:01:34.000,10:01:02.000,10:01:34.000,32,23469.0000,23471.0000,23464.5000,23471.0000,3315,2.0000,49.880097087378640776699029126,2.146175518751189796306872263,38.739108910891089108910891089,-2.233175733303667445396225016,Other,,0,False,False
118,10:02:17.000,10:01:34.000,10:02:17.000,43,23471.0000,23473.0000,23461.7000,23461.7000,3250,-9.3000,47.972262773722627737226277372,-1.907834313656013039472751754,40.563503649635036496350364964,1.824394738743947387439473875,Other,,0,False,False
119,10:04:18.000,10:02:17.000,10:04:18.000,121,23461.7000,23468.0000,23460.0000,23467.9000,3575,6.2000,46.303421052631578947368421053,-1.668841721091048789857856319,41.339550264550264550264550265,0.776046614915228053914185301,A,A,1,False,False
120,10:05:03.000,10:04:18.000,10:05:03.000,45,23467.9000,23468.0000,23465.0000,23466.0000,3250,-1.9000,48.673550724637681159420289855,2.370129672006102212051868802,39.420955882352941176470588235,-1.918594382197323373793962030,B,B,1,False,False
121,10:05:27.000,10:05:03.000,10:05:27.000,24,23466.0000,23467.9000,23463.1000,23467.9000,3770,1.9000,48.948684210526315789473684211,0.275133485888634630053394356,39.505263157894736842105263158,0.084307275541795665634674923,Other,,0,False,False
122,10:05:30.000,10:05:27.000,10:05:30.000,3,23467.9000,23467.9000,23467.9000,23467.9000,4420,0.0000,49.231818181818181818181818182,0.283133971291866028708133971,39.2000,-0.305263157894736842105263158,Other,,0,False,False
123,10:05:32.000,10:05:30.000,10:05:32.000,2,23467.9000,23467.9000,23463.1000,23463.1000,3835,-4.8000,48.8500,-0.381818181818181818181818182,39.566666666666666666666666667,0.366666666666666666666666667,Other,,0,False,False
124,10:05:33.000,10:05:32.000,10:05:33.000,1,23463.1000,23467.9000,23463.1000,23467.9000,4680,4.8000,48.8750,0.0250,39.6500,0.083333333333333333333333333,Other,,0,False,False
125,10:05:35.000,10:05:33.000,10:05:35.000,2,23467.9000,23467.9000,23467.9000,23467.9000,4940,0.0000,48.833333333333333333333333333,-0.041666666666666666666666667,39.733333333333333333333333333,0.083333333333333333333333333,Other,,0,False,False
126,10:05:38.000,10:05:35.000,10:05:38.000,3,23467.9000,23467.9000,23467.9000,23467.9000,3900,0.0000,48.7000,-0.133333333333333333333333333,39.7200,-0.013333333333333333333333333,Other,,0,False,False
127,10:06:26.000,10:05:38.000,10:06:26.000,48,23467.9000,23467.9000,23461.5000,23467.9000,3445,0.0000,48.379084967320261437908496732,-0.320915032679738562091503268,39.914765100671140939597315436,0.194765100671140939597315436,Other,,0,False,False
128,10:07:38.000,10:06:26.000,10:07:38.000,72,23467.9000,23468.9000,23460.1000,23468.9000,4680,1.0000,46.4780,-1.901084967320261437908496732,41.093612334801762114537444934,1.178847234130621174940129498,A,A,1,False,False
129,10:08:27.000,10:07:38.000,10:08:27.000,49,23468.9000,23469.8000,23462.3000,23469.8000,3250,0.9000,48.504193548387096774193548387,2.026193548387096774193548387,38.989677419354838709677419355,-2.103934915446923404860025579,Other,,0,False,False
130,10:09:04.000,10:08:27.000,10:09:04.000,37,23469.8000,23471.9000,23464.7000,23471.9000,4615,2.1000,49.682916666666666666666666667,1.178723118279569892473118280,37.882894736842105263157894737,-1.106782682512733446519524618,Other,,0,False,False
131,10:09:17.000,10:09:04.000,10:09:17.000,13,23471.9000,23473.0000,23467.0000,23467.4000,4940,-4.5000,50.75952380952380952380952381,1.076607142857142857142857143,36.811904761904761904761904762,-1.070989974937343358395989975,B,B,1,False,False
132,10:09:38.000,10:09:17.000,10:09:38.000,21,23467.4000,23473.9000,23467.4000,23468.0000,3380,0.6000,51.927536231884057971014492754,1.168012422360248447204968944,35.963043478260869565217391304,-0.848861283643892339544513458,Other,,0,False,False
133,10:10:19.000,10:09:38.000,10:10:19.000,41,23468.0000,23474.5000,23468.0000,23470.1000,3250,2.1000,51.620155038759689922480620155,-0.307381193124368048533872599,36.453543307086614173228346457,0.490499828825744608010955153,A,A,1,False,False
134,10:10:50.000,10:10:19.000,10:10:50.000,31,23470.1000,23474.8000,23467.4000,23474.8000,4355,4.7000,50.052105263157894736842105263,-1.568049775601795185638514892,37.336082474226804123711340206,0.882539167140189950482993749,A,A,2,True,False
135,10:11:04.000,10:10:50.000,10:11:04.000,14,23474.8000,23474.8000,23468.1000,23474.7000,3250,-0.1000,48.755555555555555555555555556,-1.296549707602339181286549707,37.879787234042553191489361702,0.543704759815749067778021496,Other,,0,False,False
136,10:12:02.000,10:11:04.000,10:12:02.000,58,23474.7000,23474.7000,23467.1000,23467.4000,3315,-7.3000,50.756043956043956043956043956,2.000488400488400488400488400,36.450531914893617021276595745,-1.429255319148936170212765957,B,B,1,False,False
137,10:13:00.000,10:12:02.000,10:13:00.000,58,23467.4000,23474.5000,23465.5000,23467.0000,3250,-0.4000,48.839402173913043478260869565,-1.916641782130912565695174391,37.951344086021505376344086022,1.500812171127888355067490277,Other,,0,False,False
138,10:14:05.000,10:13:00.000,10:14:05.000,65,23467.0000,23474.0000,23462.3000,23472.8000,3250,5.8000,47.74425,-1.095152173913043478260869565,38.558571428571428571428571429,0.607227342549923195084485407,A,A,1,False,False
139,10:15:13.000,10:14:05.000,10:15:13.000,68,23472.8000,23472.9000,23465.2000,23467.6000,3705,-5.2000,49.122222222222222222222222222,1.377972222222222222222222222,37.312990196078431372549019608,-1.245581232492997198879551821,B,B,1,False,False
140,10:15:45.000,10:15:13.000,10:15:45.000,32,23467.6000,23471.9000,23462.7000,23463.1000,4810,-4.5000,47.694554455445544554455445545,-1.427667766776677667766776677,38.694845360824742268041237113,1.381855164746310895492217505,Other,,0,False,False
141,10:16:05.000,10:15:45.000,10:16:05.000,20,23463.1000,23470.6000,23463.1000,23463.8000,3315,0.7000,47.580952380952380952380952381,-0.113602074493163602074493164,38.838888888888888888888888889,0.144043528064146620847651776,A,A,1,False,False
142,10:18:01.000,10:16:05.000,10:18:01.000,116,23463.8000,23471.8000,23461.0000,23470.0000,3250,6.2000,46.28743169398907103825136612,-1.293520686963309914129586261,39.432692307692307692307692308,0.593803418803418803418803419,A,A,2,True,False
143,10:19:31.000,10:18:01.000,10:19:31.000,90,23470.0000,23470.0000,23462.0000,23469.9000,5460,-0.1000,46.488245614035087719298245614,0.200813920046016681046879494,39.071052631578947368421052632,-0.361639676113360323886639676,B,B,1,False,False
144,10:19:59.000,10:19:31.000,10:19:59.000,28,23469.9000,23470.0000,23465.0000,23465.0000,3445,-4.9000,46.793181818181818181818181818,0.304936204146730462519936204,38.551111111111111111111111111,-0.519941520467836257309941521,B,B,2,False,True
145,10:20:45.000,10:19:59.000,10:20:45.000,46,23465.0000,23469.9000,23463.2000,23469.9000,3380,4.9000,45.821641791044776119402985075,-0.971540027137042062415196743,39.828472222222222222222222222,1.277361111111111111111111111,A,A,1,False,False
146,10:20:59.000,10:20:45.000,10:20:59.000,14,23469.9000,23470.0000,23459.8000,23459.8000,4355,-10.1000,44.354545454545454545454545455,-1.467096336499321573948439620,41.245238095238095238095238095,1.416765873015873015873015873,Other,,0,False,False
147,10:21:37.000,10:20:59.000,10:21:37.000,38,23459.8000,23468.6000,23457.7000,23460.5000,3575,0.7000,43.579583333333333333333333333,-0.774962121212121212121212122,41.786440677966101694915254237,0.541202582728006456820016142,A,A,1,False,False
148,10:22:10.000,10:21:37.000,10:22:10.000,33,23460.5000,23465.3000,23451.0000,23451.0000,3250,-9.5000,41.046190476190476190476190476,-2.533392857142857142857142857,44.244660194174757281553398058,2.458219516208655586638143821,Other,,0,False,False
149,10:22:41.000,10:22:10.000,10:22:41.000,31,23451.0000,23461.0000,23450.0000,23450.0000,3250,-1.0000,39.028712871287128712871287129,-2.017477604903347477604903347,46.198019801980198019801980198,1.953359607805440738248582140,Other,,0,False,False
150,10:23:18.000,10:22:41.000,10:23:18.000,37,23450.0000,23459.4000,23445.0000,23451.5000,3510,1.5000,38.111764705882352941176470588,-0.916948165404775771694816541,47.191452991452991452991452991,0.993433189472793433189472793,A,A,1,False,False
151,10:23:44.000,10:23:18.000,10:23:44.000,26,23451.5000,23458.0000,23450.7000,23457.0000,3445,5.5000,39.214556962025316455696202532,1.102792256142963514519731944,46.198192771084337349397590361,-0.993260220368654103593862630,Other,,0,False,False
152,10:24:01.000,10:23:44.000,10:24:01.000,17,23457.0000,23458.8000,23450.0000,23452.5000,3250,-4.5000,39.310784313725490196078431373,0.096227351700173740382228841,46.116981132075471698113207547,-0.081211639008865651284382814,B,B,1,False,False
153,10:24:06.000,10:24:01.000,10:24:06.000,5,23452.5000,23458.8000,23451.0000,23458.0000,3575,5.5000,38.71875,-0.592034313725490196078431373,46.9875,0.870518867924528301886792453,A,A,1,False,False
154,10:25:21.000,10:24:06.000,10:25:21.000,75,23458.0000,23458.8000,23448.0000,23454.6000,3640,-3.4000,38.948853211009174311926605505,0.230103211009174311926605505,47.32542735042735042735042735,0.33792735042735042735042735,Other,,0,False,False
155,10:26:14.000,10:25:21.000,10:26:14.000,53,23454.6000,23454.6000,23444.0000,23444.0000,3445,-10.6000,37.514825581395348837209302326,-1.434027629613825474717303179,48.894444444444444444444444444,1.569017094017094017094017094,Other,,0,False,False
156,10:27:03.000,10:26:14.000,10:27:03.000,49,23444.0000,23453.7000,23442.2000,23442.9000,3315,-1.1000,36.411538461538461538461538462,-1.103287119856887298747763864,49.698355263157894736842105263,0.803910818713450292397660819,Other,,0,False,False
157,10:27:55.000,10:27:03.000,10:27:55.000,52,23442.9000,23451.1000,23442.9000,23445.8000,3250,2.9000,36.527672955974842767295597484,0.116134494436381228834059022,49.037425149700598802395209581,-0.660930113457295934446895682,Other,,0,False,False
158,10:28:32.000,10:27:55.000,10:28:32.000,37,23445.8000,23449.9000,23443.5000,23445.4000,3250,-0.4000,36.784649122807017543859649123,0.256976166832174776564051639,49.061864406779661016949152542,0.024439257079062214553942961,Other,,0,False,False
159,10:29:14.000,10:28:32.000,10:29:14.000,42,23445.4000,23450.0000,23445.4000,23449.8000,3315,4.4000,37.364503816793893129770992366,0.579854693986875585911343243,48.162403100775193798449612403,-0.899461306004467218499540139,Other,,0,False,False
160,10:29:34.000,10:29:14.000,10:29:34.000,20,23449.8000,23453.0000,23449.7000,23453.0000,3250,3.2000,38.469672131147540983606557377,1.105168314353647853835565011,46.291538461538461538461538462,-1.870864639236732259988073941,Other,,0,False,False
161,10:30:05.000,10:29:34.000,10:30:05.000,31,23453.0000,23454.9000,23445.0000,23445.0000,4355,-8.0000,37.536516853932584269662921348,-0.933155277214956713943636029,48.091752577319587628865979381,1.800214115781126090404440919,Other,,0,False,False
162,10:30:30.000,10:30:05.000,10:30:30.000,25,23445.0000,23454.0000,23444.4000,23444.4000,3250,-0.6000,36.497333333333333333333333333,-1.039183520599250936329588015,49.634567901234567901234567901,1.542815323914980272368588520,Other,,0,False,False
163,10:30:33.000,10:30:30.000,10:30:33.000,3,23444.4000,23450.0000,23443.5000,23450.0000,7215,5.6000,35.6400,-0.857333333333333333333333333,51.0600,1.425432098765432098765432099,A,A,1,False,False
164,10:30:33.000,10:30:33.000,10:30:33.000,0,23450.0000,23450.0000,23450.0000,23450.0000,3965,0.0000,,,,,Other,,0,False,False
165,10:30:40.000,10:30:34.000,10:30:40.000,6,23442.0000,23450.0000,23440.0000,23440.0000,3705,-10.0000,34.7600,,52.1500,,Other,,0,False,False
166,10:30:51.000,10:30:40.000,10:30:51.000,11,23440.0000,23449.9000,23437.5000,23437.5000,3315,-2.5000,34.133333333333333333333333333,-0.626666666666666666666666667,53.061111111111111111111111111,0.911111111111111111111111111,Other,,0,False,False
167,10:30:56.000,10:30:51.000,10:30:56.000,5,23437.5000,23446.7000,23434.2000,23446.7000,4810,9.2000,32.911111111111111111111111111,-1.222222222222222222222222222,54.638888888888888888888888889,1.577777777777777777777777778,A,A,1,False,False
168,10:31:04.000,10:30:56.000,10:31:04.000,8,23446.7000,23446.7000,23431.9000,23431.9000,3315,-14.8000,32.27037037037037037037037037,-0.640740740740740740740740741,55.772222222222222222222222222,1.133333333333333333333333333,Other,,0,False,False
169,10:31:06.000,10:31:04.000,10:31:06.000,2,23431.9000,23443.1000,23430.2000,23430.2000,4745,-1.7000,31.8250,-0.44537037037037037037037037,57.433333333333333333333333333,1.661111111111111111111111111,Other,,0,False,False
170,10:31:09.000,10:31:06.000,10:31:09.000,3,23430.2000,23436.9000,23427.2000,23427.2000,3250,-3.0000,31.5700,-0.2550,58.0000,0.566666666666666666666666667,Other,,0,False,False
171,10:31:22.000,10:31:09.000,10:31:22.000,13,23427.2000,23443.0000,23426.2000,23429.4000,3250,2.2000,31.328571428571428571428571429,-0.241428571428571428571428571,57.8000,-0.2000,Other,,0,False,False
172,10:31:37.000,10:31:22.000,10:31:37.000,15,23429.4000,23442.4000,23428.7000,23442.4000,3835,13.0000,31.642857142857142857142857143,0.314285714285714285714285714,57.553061224489795918367346939,-0.246938775510204081632653061,Other,,0,False,False
173,10:31:59.000,10:31:37.000,10:31:59.000,22,23442.4000,23443.6000,23428.3000,23442.9000,3705,0.5000,31.878571428571428571428571429,0.235714285714285714285714286,56.718571428571428571428571429,-0.834489795918367346938775510,Other,,0,False,False
174,10:32:20.000,10:31:59.000,10:32:20.000,21,23442.9000,23442.9000,23429.8000,23429.8000,3640,-13.1000,31.8000,-0.078571428571428571428571429,56.866417910447761194029850746,0.147846481876332622601279317,Other,,0,False,False
175,10:32:45.000,10:32:20.000,10:32:45.000,25,23429.8000,23439.8000,23428.2000,23428.9000,3250,-0.9000,31.3500,-0.4500,57.60974025974025974025974026,0.743322349292498546229889514,Other,,0,False,False
176,10:32:52.000,10:32:45.000,10:32:52.000,7,23428.9000,23439.9000,23428.0000,23428.0000,3315,-0.9000,30.8200,-0.5300,58.640909090909090909090909091,1.031168831168831168831168831,Other,,0,False,False
177,10:32:57.000,10:32:52.000,10:32:57.000,5,23428.0000,23436.2000,23425.5000,23436.2000,3965,8.2000,29.271428571428571428571428571,-1.548571428571428571428571429,62.20625,3.565340909090909090909090909,A,A,1,False,False
178,10:33:02.000,10:32:57.000,10:33:02.000,5,23436.2000,23436.2000,23422.7000,23422.7000,3250,-13.5000,55.4300,,37.973529411764705882352941176,,Other,,0,False,False
179,10:33:04.000,10:33:02.000,10:33:04.000,2,23422.7000,23422.7000,23422.1000,23422.1000,7345,-0.6000,55.7500,0.3200,38.3000,0.326470588235294117647058824,Other,,0,False,False
180,10:33:04.000,10:33:04.000,10:33:04.000,0,23422.1000,23422.1000,23422.1000,23422.1000,4095,0.0000,,,,,Other,,0,False,False
181,10:33:05.000,10:33:05.000,10:33:05.000,0,23421.8000,23422.2000,23421.8000,23422.2000,8320,0.1000,55.4500,,38.7000,,Other,,0,False,False
182,10:33:05.000,10:33:05.000,10:33:05.000,0,23422.2000,23422.2000,23422.2000,23422.2000,5070,0.0000,,,,,Other,,0,False,False
183,10:33:12.000,10:33:07.000,10:33:12.000,5,23422.2000,23426.1000,23422.2000,23426.1000,4420,3.9000,30.355555555555555555555555556,,60.6250,,Other,,0,False,False
184,10:33:32.000,10:33:12.000,10:33:32.000,20,23426.1000,23434.0000,23425.4000,23427.0000,3445,0.9000,30.116666666666666666666666667,-0.238888888888888888888888889,60.745081967213114754098360656,0.120081967213114754098360656,A,A,1,False,False
185,10:33:54.000,10:33:32.000,10:33:54.000,22,23427.0000,23433.9000,23421.7000,23424.5000,3315,-2.5000,54.7700,,39.154411764705882352941176471,,Other,,0,False,False
186,10:34:43.000,10:33:54.000,10:34:43.000,49,23424.5000,23435.0000,23421.5000,23427.1000,3770,2.6000,30.148355263157894736842105263,,60.923051948051948051948051948,,Other,,0,False,False
187,10:35:00.000,10:34:43.000,10:35:00.000,17,23427.1000,23435.0000,23425.0000,23425.0000,4680,-2.1000,57.154901960784313725490196078,,36.126415094339622641509433962,,Other,,0,False,False
188,10:35:08.000,10:35:00.000,10:35:08.000,8,23425.0000,23435.0000,23422.4000,23422.4000,3705,-2.6000,55.965384615384615384615384615,-1.189517345399698340874811463,37.557692307692307692307692308,1.431277213352685050798258346,Other,,0,False,False
189,10:35:11.000,10:35:08.000,10:35:11.000,3,23422.4000,23422.4000,23419.2000,23419.2000,7150,-3.2000,55.0900,-0.875384615384615384615384615,38.4300,0.872307692307692307692307692,Other,,0,False,False
190,10:35:11.000,10:35:11.000,10:35:11.000,0,23419.2000,23419.2000,23419.2000,23419.2000,3900,0.0000,,,,,Other,,0,False,False
191,10:35:25.000,10:35:13.000,10:35:25.000,12,23433.1000,23433.1000,23415.6000,23415.6000,5200,-3.6000,54.126190476190476190476190476,,39.5425,,Other,,0,False,False
192,10:35:26.000,10:35:25.000,10:35:26.000,1,23415.6000,23415.6000,23414.8000,23415.1000,10790,-0.5000,53.2750,-0.851190476190476190476190476,41.1500,1.6075,Other,,0,False,False
193,10:35:26.000,10:35:26.000,10:35:26.000,0,23415.1000,23415.1000,23415.1000,23415.1000,7540,0.0000,,,,,Other,,0,False,False
194,10:35:28.000,10:35:28.000,10:35:28.000,0,23414.4000,23414.4000,23414.4000,23414.4000,4290,-0.7000,53.1000,,41.4250,,Other,,0,False,False
195,10:35:30.000,10:35:28.000,10:35:30.000,2,23414.4000,23427.5000,23414.4000,23427.5000,4550,13.1000,28.828571428571428571428571429,,66.578571428571428571428571429,,Other,,0,False,False
196,10:35:53.000,10:35:30.000,10:35:53.000,23,23427.5000,23427.7000,23412.7000,23412.7000,5980,-14.8000,52.943055555555555555555555556,,41.579166666666666666666666667,,Other,,0,False,False
197,10:35:58.000,10:35:53.000,10:35:58.000,5,23412.7000,23424.8000,23412.3000,23413.7000,3250,1.0000,51.6500,-1.293055555555555555555555556,42.1250,0.545833333333333333333333333,A,A,1,False,False
198,10:36:01.000,10:35:58.000,10:36:01.000,3,23413.7000,23425.0000,23412.5000,23425.0000,3575,11.3000,51.605555555555555555555555556,-0.044444444444444444444444444,42.1500,0.0250,A,A,2,True,False
199,10:36:53.000,10:36:01.000,10:36:53.000,52,23425.0000,23425.0000,23412.2000,23417.0000,3250,-8.0000,52.39371257485029940119760479,0.788157019294743845642049234,41.793939393939393939393939394,-0.356060606060606060606060606,B,B,1,False,False
200,10:37:38.000,10:36:53.000,10:37:38.000,45,23417.0000,23425.0000,23417.0000,23425.0000,3510,8.0000,52.870547945205479452054794521,0.476835370355180050857189731,40.958455882352941176470588235,-0.835483511586452762923351159,Other,,0,False,False
201,10:38:36.000,10:37:38.000,10:38:36.000,58,23425.0000,23426.0000,23420.5000,23426.0000,3575,1.0000,28.541193181818181818181818182,,65.971590909090909090909090909,,Other,,0,False,False
202,10:39:17.000,10:38:36.000,10:39:17.000,41,23426.0000,23426.0000,23415.5000,23420.0000,4225,-6.0000,51.225954198473282442748091603,,42.144573643410852713178294574,,Other,,0,False,False
203,10:39:27.000,10:39:17.000,10:39:27.000,10,23420.0000,23420.0000,23411.3000,23411.3000,4680,-8.7000,50.765625,-0.460329198473282442748091603,42.81875,0.674176356589147286821705426,Other,,0,False,False
204,10:39:46.000,10:39:27.000,10:39:46.000,19,23411.3000,23420.6000,23411.3000,23412.6000,3315,1.3000,50.145081967213114754098360656,-0.620543032786885245901639344,43.679365079365079365079365079,0.860615079365079365079365079,A,A,1,False,False
205,10:40:00.000,10:39:46.000,10:40:00.000,14,23412.6000,23419.7000,23411.6000,23411.8000,4290,-0.8000,49.290697674418604651162790698,-0.854384292794510102935569958,44.374418604651162790697674419,0.695053525286083425618309340,Other,,0,False,False
206,10:40:09.000,10:40:00.000,10:40:09.000,9,23411.8000,23420.0000,23411.8000,23420.0000,3380,8.2000,51.113333333333333333333333333,1.822635658914728682170542635,42.096666666666666666666666667,-2.277751937984496124031007752,Other,,0,False,False
207,10:40:25.000,10:40:09.000,10:40:25.000,16,23420.0000,23420.0000,23415.7000,23415.7000,3965,-4.3000,52.195833333333333333333333333,1.082500000000000000000000000,40.8000,-1.296666666666666666666666667,B,B,1,False,False
208,10:40:39.000,10:40:25.000,10:40:39.000,14,23415.7000,23423.3000,23415.7000,23420.0000,3315,4.3000,51.215555555555555555555555556,-0.980277777777777777777777777,42.085106382978723404255319149,1.285106382978723404255319149,A,A,1,False,False
209,10:40:50.000,10:40:39.000,10:40:50.000,11,23420.0000,23425.0000,23418.0000,23418.0000,3250,-2.0000,50.997058823529411764705882353,-0.218496732026143790849673203,42.708823529411764705882352941,0.623717146433041301627033792,Other,,0,False,False
210,10:41:38.000,10:40:50.000,10:41:38.000,48,23418.0000,23422.7000,23415.0000,23422.7000,3250,4.7000,50.6710,-0.326058823529411764705882353,43.118506493506493506493506494,0.409682964094728800611153553,A,A,1,False,False
211,10:41:55.000,10:41:38.000,10:41:55.000,17,23422.7000,23422.7000,23405.0000,23405.5000,12220,-17.2000,46.996491228070175438596491228,-3.674508771929824561403508772,48.471428571428571428571428571,5.352922077922077922077922077,Other,,0,False,False
212,10:41:55.000,10:41:55.000,10:41:55.000,0,23405.5000,23405.5000,23405.5000,23405.5000,8970,0.0000,,,,,Other,,0,False,False
213,10:41:56.000,10:41:56.000,10:41:56.000,0,23404.0000,23404.0000,23404.0000,23404.0000,5720,-1.5000,43.5000,,55.1000,,Other,,0,False,False
214,10:41:57.000,10:41:56.000,10:41:57.000,1,23404.0000,23404.0000,23403.5000,23403.5000,3315,-0.5000,43.2000,-0.3000,55.0750,-0.0250,Other,,0,False,False
215,10:42:03.000,10:41:57.000,10:42:03.000,6,23403.5000,23403.5000,23396.0000,23396.0000,11310,-7.5000,42.6000,-0.6000,56.276315789473684210526315789,1.201315789473684210526315789,Other,,0,False,False
216,10:42:03.000,10:42:03.000,10:42:03.000,0,23396.0000,23396.0000,23396.0000,23396.0000,8060,0.0000,,,,,Other,,0,False,False
217,10:42:04.000,10:42:04.000,10:42:04.000,0,23395.0000,23395.0000,23395.0000,23395.0000,4810,-1.0000,42.0500,,57.6750,,Other,,0,False,False
218,10:42:05.000,10:42:04.000,10:42:05.000,1,23395.0000,23395.0000,23390.0000,23390.0000,3315,-5.0000,41.8250,-0.2250,57.4250,-0.2500,Other,,0,False,False
219,10:42:18.000,10:42:05.000,10:42:18.000,13,23390.0000,23399.2000,23382.0000,23382.0000,3965,-8.0000,40.923684210526315789473684211,-0.901315789473684210526315789,61.335897435897435897435897436,3.910897435897435897435897436,Other,,0,False,False
220,10:42:23.000,10:42:18.000,10:42:23.000,5,23382.0000,23390.0000,23379.3000,23379.3000,19695,-2.7000,38.461111111111111111111111111,-2.462573099415204678362573100,66.347368421052631578947368421,5.011470985155195681511470985,Other,,0,False,False
221,10:42:23.000,10:42:23.000,10:42:23.000,0,23379.3000,23379.3000,23379.3000,23379.3000,16445,0.0000,,,,,Other,,0,False,False
222,10:42:24.000,10:42:24.000,10:42:24.000,0,23376.4000,23376.4000,23376.4000,23376.4000,13195,-2.9000,37.3000,,68.7500,,Other,,0,False,False
223,10:42:24.000,10:42:24.000,10:42:24.000,0,23376.4000,23376.4000,23376.4000,23376.4000,9945,0.0000,,,,,Other,,0,False,False
224,10:42:25.000,10:42:25.000,10:42:25.000,0,23380.0000,23380.0000,23380.0000,23380.0000,6695,3.6000,37.7750,,68.2000,,Other,,0,False,False
225,10:42:25.000,10:42:25.000,10:42:25.000,0,23380.0000,23380.0000,23380.0000,23380.0000,3445,0.0000,,,,,Other,,0,False,False
226,10:42:31.000,10:42:25.000,10:42:31.000,6,23380.0000,23380.4000,23373.9000,23377.9000,3250,-2.1000,37.834210526315789473684210526,,67.442105263157894736842105263,,Other,,0,False,False
227,10:42:55.000,10:42:31.000,10:42:55.000,24,23377.9000,23390.0000,23377.9000,23390.0000,4485,12.1000,39.781081081081081081081081081,1.946870554765291607396870555,64.405194805194805194805194805,-3.036910457963089542036910458,Other,,0,False,False
228,10:42:58.000,10:42:55.000,10:42:58.000,3,23390.0000,23400.0000,23390.0000,23400.0000,3705,10.0000,41.3500,1.568918918918918918918918919,60.8600,-3.545194805194805194805194805,Other,,0,False,False
229,10:43:20.000,10:42:58.000,10:43:20.000,22,23400.0000,23400.0000,23390.9000,23395.1000,3250,-4.9000,42.403731343283582089552238806,1.053731343283582089552238806,59.166901408450704225352112676,-1.693098591549295774647887324,B,B,1,False,False
230,10:43:48.000,10:43:20.000,10:43:48.000,28,23395.1000,23408.2000,23394.0000,23407.9000,3445,12.8000,43.150561797752808988764044944,0.746830454469226899211806138,55.845977011494252873563218391,-3.320924396956451351788894285,Other,,0,False,False
231,10:44:06.000,10:43:48.000,10:44:06.000,18,23407.9000,23407.9000,23399.0000,23400.1000,4290,-7.8000,43.077966101694915254237288136,-0.072595696057893734526756808,55.066949152542372881355932203,-0.779027858951879992207286188,Other,,0,False,False
232,10:44:18.000,10:44:06.000,10:44:18.000,12,23400.1000,23402.8000,23390.0000,23390.0000,5915,-10.1000,41.957894736842105263157894737,-1.120071364852809991079393399,57.607894736842105263157894737,2.540945584299732381801962534,Other,,0,False,False
233,10:44:23.000,10:44:18.000,10:44:23.000,5,23390.0000,23403.9000,23390.0000,23402.8000,4290,12.8000,42.2375,0.279605263157894736842105263,57.84375,0.235855263157894736842105263,Other,,0,False,False
234,10:44:46.000,10:44:23.000,10:44:46.000,23,23402.8000,23402.8000,23389.1000,23401.7000,4095,-1.1000,42.118493150684931506849315068,-0.119006849315068493150684932,58.495333333333333333333333333,0.651583333333333333333333333,Other,,0,False,False
235,10:44:56.000,10:44:46.000,10:44:56.000,10,23401.7000,23401.7000,23391.8000,23395.0000,5915,-6.7000,41.596666666666666666666666667,-0.521826484018264840182648401,59.1500,0.654666666666666666666666667,Other,,0,False,False
236,10:45:03.000,10:44:56.000,10:45:03.000,7,23395.0000,23395.0000,23385.0000,23388.3000,4420,-6.7000,40.543478260869565217391304348,-1.053188405797101449275362319,61.40869565217391304347826087,2.25869565217391304347826087,Other,,0,False,False
237,10:45:13.000,10:45:03.000,10:45:13.000,10,23388.3000,23394.6000,23382.0000,23394.6000,3640,6.3000,39.828125,-0.715353260869565217391304348,62.996875,1.58817934782608695652173913,A,A,1,False,False
238,10:45:21.000,10:45:13.000,10:45:21.000,8,23394.6000,23394.6000,23381.5000,23394.1000,3445,-0.5000,39.873076923076923076923076923,0.044951923076923076923076923,62.673076923076923076923076923,-0.323798076923076923076923077,B,B,1,False,False
239,10:45:28.000,10:45:21.000,10:45:28.000,7,23394.1000,23394.1000,23381.1000,23393.1000,3380,-1.0000,39.6550,-0.218076923076923076923076923,63.9750,1.301923076923076923076923077,Other,,0,False,False
240,10:45:36.000,10:45:28.000,10:45:36.000,8,23393.1000,23393.1000,23380.2000,23382.0000,3250,-11.1000,39.911904761904761904761904762,0.256904761904761904761904762,63.3420,-0.6330,B,B,1,False,False
241,10:45:46.000,10:45:36.000,10:45:46.000,10,23382.0000,23390.0000,23380.0000,23380.0000,3575,-2.0000,39.243333333333333333333333333,-0.668571428571428571428571429,64.81875,1.47675,Other,,0,False,False
242,10:46:00.000,10:45:46.000,10:46:00.000,14,23380.0000,23391.1000,23379.6000,23385.0000,3640,5.0000,39.173333333333333333333333333,-0.070000000000000000000000000,64.88297872340425531914893617,0.06422872340425531914893617,A,A,1,False,False
243,10:46:08.000,10:46:00.000,10:46:08.000,8,23385.0000,23393.1000,23380.9000,23393.1000,4290,8.1000,40.130769230769230769230769231,0.957435897435897435897435898,62.679166666666666666666666667,-2.203812056737588652482269503,Other,,0,False,False
244,10:46:33.000,10:46:08.000,10:46:33.000,25,23393.1000,23394.0000,23387.3000,23393.9000,4225,0.8000,41.085443037974683544303797468,0.954673807205452775073028237,60.331012658227848101265822785,-2.348154008438818565400843882,Other,,0,False,False
245,10:47:01.000,10:46:33.000,10:47:01.000,28,23393.9000,23394.0000,23393.0000,23394.0000,3445,0.1000,41.245402298850574712643678161,0.159959260875891168339880693,59.270786516853932584269662921,-1.060226141373915516996159864,Other,,0,False,False
246,10:47:28.000,10:47:01.000,10:47:28.000,27,23394.0000,23394.0000,23390.0000,23394.0000,5980,0.0000,40.751190476190476190476190476,-0.494211822660098522167487685,59.638636363636363636363636364,0.367849846782431052093973443,Other,,0,False,False
247,10:47:44.000,10:47:28.000,10:47:44.000,16,23394.0000,23395.0000,23390.0000,23390.9000,3315,-3.1000,41.212745098039215686274509804,0.461554621848739495798319328,58.459803921568627450980392157,-1.178832442067736185383244207,B,B,1,False,False
248,10:48:14.000,10:47:44.000,10:48:14.000,30,23390.9000,23398.0000,23390.9000,23393.0000,3250,2.1000,41.418556701030927835051546392,0.205811602991712148777036588,57.238659793814432989690721649,-1.221144127754194461289670508,Other,,0,False,False
249,10:48:16.000,10:48:14.000,10:48:16.000,2,23393.0000,23397.9000,23390.0000,23390.0000,4940,-3.0000,40.416666666666666666666666667,-1.001890034364261168384879725,58.7500,1.511340206185567010309278351,Other,,0,False,False
250,10:48:31.000,10:48:16.000,10:48:31.000,15,23390.0000,23399.0000,23390.0000,23390.2000,3250,0.2000,39.830851063829787234042553191,-0.585815602836879432624113476,59.344117647058823529411764706,0.594117647058823529411764706,A,A,1,False,False
251,10:48:51.000,10:48:31.000,10:48:51.000,20,23390.2000,23400.3000,23386.4000,23395.0000,3640,4.8000,39.538333333333333333333333333,-0.292517730496453900709219858,60.8250,1.480882352941176470588235294,A,A,2,True,False
252,10:49:45.000,10:48:51.000,10:49:45.000,54,23395.0000,23397.0000,23389.3000,23389.3000,3770,-5.7000,40.472941176470588235294117647,0.934607843137254901960784314,59.91875,-0.90625,B,B,1,False,False
253,10:50:32.000,10:49:45.000,10:50:32.000,47,23389.3000,23399.8000,23381.0000,23381.0000,3315,-8.3000,38.288356164383561643835616438,-2.184585012087026591458501209,63.545608108108108108108108108,3.626858108108108108108108108,Other,,0,False,False
254,10:50:47.000,10:50:32.000,10:50:47.000,15,23381.0000,23389.9000,23375.0000,23375.0000,5135,-6.0000,61.772916666666666666666666667,,41.184090909090909090909090909,,Other,,0,False,False
255,10:50:49.000,10:50:47.000,10:50:49.000,2,23375.0000,23376.0000,23375.0000,23376.0000,5395,1.0000,36.816666666666666666666666667,,65.916666666666666666666666667,,Other,,0,False,False
256,10:51:02.000,10:50:49.000,10:51:02.000,13,23376.0000,23389.9000,23376.0000,23377.4000,3900,1.4000,36.602325581395348837209302326,-0.214341085271317829457364341,65.745348837209302325581395349,-0.171317829457364341085271318,Other,,0,False,False
257,10:51:25.000,10:51:02.000,10:51:25.000,23,23377.4000,23388.9000,23377.1000,23379.9000,3380,2.5000,36.193055555555555555555555556,-0.409270025839793281653746770,66.248648648648648648648648649,0.503299811439346323067253300,A,A,1,False,False
258,10:51:55.000,10:51:25.000,10:51:55.000,30,23379.9000,23390.0000,23377.5000,23390.0000,3250,10.1000,36.587634408602150537634408602,0.394578853046594982078853046,65.284946236559139784946236559,-0.963702412089508863702412090,Other,,0,False,False
259,10:52:23.000,10:51:55.000,10:52:23.000,28,23390.0000,23390.0000,23379.0000,23383.8000,3250,-6.2000,36.528160919540229885057471264,-0.059473489061920652576937338,65.254945054945054945054945055,-0.030001181614084839891291504,Other,,0,False,False
260,10:52:42.000,10:52:23.000,10:52:42.000,19,23383.8000,23388.1000,23377.3000,23377.3000,3445,-6.5000,35.148360655737704918032786885,-1.379800263802524967024684379,67.259016393442622950819672131,2.004071338497568005764727076,Other,,0,False,False
261,10:53:05.000,10:52:42.000,10:53:05.000,23,23377.3000,23385.1000,23375.0000,23375.0000,3640,-2.3000,58.20958904109589041095890411,,43.020666666666666666666666667,,Other,,0,False,False
262,10:53:23.000,10:53:05.000,10:53:23.000,18,23375.0000,23385.0000,23375.0000,23375.6000,3445,0.6000,34.462068965517241379310344828,,68.168965517241379310344827586,,Other,,0,False,False
263,10:53:56.000,10:53:23.000,10:53:56.000,33,23375.6000,23384.9000,23375.6000,23383.0000,3250,7.4000,35.565714285714285714285714286,1.103645320197044334975369458,67.0200,-1.148965517241379310344827586,Other,,0,False,False
264,10:54:41.000,10:53:56.000,10:54:41.000,45,23383.0000,23385.0000,23378.0000,23381.5000,3380,-1.5000,35.945070422535211267605633803,0.379356136820925553319919517,65.913356164383561643835616438,-1.106643835616438356164383562,B,B,1,False,False
265,10:55:01.000,10:54:41.000,10:55:01.000,20,23381.5000,23394.0000,23381.1000,23382.9000,3380,1.4000,37.454918032786885245901639344,1.509847610251673978296005541,62.928571428571428571428571429,-2.984784735812133072407045009,Other,,0,False,False
266,10:55:51.000,10:55:01.000,10:55:51.000,50,23382.9000,23394.6000,23382.9000,23393.4000,5135,10.5000,37.622185430463576158940397351,0.167267397676690913038758007,62.983870967741935483870967742,0.055299539170506912442396313,Other,,0,False,False
267,10:55:56.000,10:55:51.000,10:55:56.000,5,23393.4000,23394.9000,23385.7000,23390.4000,3965,-3.0000,37.9750,0.352814569536423841059602649,62.678571428571428571428571429,-0.305299539170506912442396313,B,B,1,False,False
268,10:56:09.000,10:55:56.000,10:56:09.000,13,23390.4000,23395.0000,23386.1000,23395.0000,4290,4.6000,39.146511627906976744186046512,1.171511627906976744186046512,59.674390243902439024390243902,-3.004181184668989547038327527,Other,,0,False,False
269,10:56:34.000,10:56:09.000,10:56:34.000,25,23395.0000,23397.0000,23390.6000,23397.0000,3315,2.0000,38.7500,-0.396511627906976744186046512,60.512962962962962962962962963,0.838572719060523938572719061,A,A,1,False,False
270,10:56:50.000,10:56:34.000,10:56:50.000,16,23397.0000,23399.2000,23390.0000,23391.0000,3315,-6.0000,37.8040,-0.9460,62.071153846153846153846153846,1.558190883190883190883190883,Other,,0,False,False
271,10:57:06.000,10:56:50.000,10:57:06.000,16,23391.0000,23396.6000,23387.0000,23396.3000,3315,5.3000,38.037234042553191489361702128,0.233234042553191489361702128,61.454255319148936170212765957,-0.616898527004909983633387889,Other,,0,False,False
272,10:57:47.000,10:57:06.000,10:57:47.000,41,23396.3000,23400.0000,23388.6000,23400.0000,3315,3.7000,39.528625954198473282442748092,1.491391911645281793081045964,57.963533834586466165413533835,-3.490721484562470004799232122,Other,,0,False,False
273,10:58:18.000,10:57:47.000,10:58:18.000,31,23400.0000,23404.9000,23392.4000,23402.0000,4030,2.0000,40.156701030927835051546391753,0.628075076729361769103643661,56.539393939393939393939393939,-1.424139895192526771474139896,Other,,0,False,False
274,10:58:43.000,10:58:18.000,10:58:43.000,25,23402.0000,23404.0000,23393.0000,23396.1000,4225,-5.9000,39.53961038961038961038961039,-0.617090641317445441156781363,57.885897435897435897435897436,1.346503496503496503496503497,Other,,0,False,False
275,10:59:14.000,10:58:43.000,10:59:14.000,31,23396.1000,23403.5000,23393.0000,23398.0000,3510,1.9000,39.554639175257731958762886598,0.015028785647342348373276208,57.622164948453608247422680412,-0.263732487443827650013217024,Other,,0,False,False
276,10:59:41.000,10:59:14.000,10:59:41.000,27,23398.0000,23401.7000,23396.0000,23400.0000,3705,2.0000,40.430722891566265060240963855,0.876083716308533101478077257,55.983529411764705882352941176,-1.638635536688902365069739236,Other,,0,False,False
277,11:00:11.000,10:59:41.000,11:00:11.000,30,23400.0000,23406.1000,23396.8000,23401.0000,3510,1.0000,40.355263157894736842105263158,-0.075459733671528218135700697,55.115789473684210526315789474,-0.867739938080495356037151702,Other,,0,False,False
278,11:00:22.000,11:00:11.000,11:00:22.000,11,23401.0000,23401.1000,23395.0000,23395.3000,4420,-5.7000,38.513888888888888888888888889,-1.841374269005847953216374269,58.619444444444444444444444444,3.503654970760233918128654970,Other,,0,False,False
279,11:00:32.000,11:00:22.000,11:00:32.000,10,23395.3000,23400.0000,23390.0000,23390.0000,3380,-5.3000,38.354545454545454545454545455,-0.159343434343434343434343434,59.215151515151515151515151515,0.595707070707070707070707071,Other,,0,False,False
280,11:00:57.000,11:00:32.000,11:00:57.000,25,23390.0000,23399.1000,23390.0000,23395.3000,3315,5.3000,38.3000,-0.054545454545454545454545455,58.775641025641025641025641026,-0.439510489510489510489510489,Other,,0,False,False
281,11:01:17.000,11:00:57.000,11:01:17.000,20,23395.3000,23395.3000,23388.5000,23392.7000,3250,-2.6000,37.463492063492063492063492063,-0.836507936507936507936507937,59.697692307692307692307692308,0.922051282051282051282051282,Other,,0,False,False
282,11:01:54.000,11:01:17.000,11:01:54.000,37,23392.7000,23394.8000,23384.6000,23385.0000,3250,-7.7000,36.581196581196581196581196581,-0.882295482295482295482295482,61.007563025210084033613445378,1.309870717517776341305753070,Other,,0,False,False
283,11:03:02.000,11:01:54.000,11:03:02.000,68,23385.0000,23394.5000,23384.6000,23392.0000,3250,7.0000,36.32813953488372093023255814,-0.253057046312860266348638441,61.264976958525345622119815668,0.257413933315261588506370290,A,A,1,False,False
284,11:04:31.000,11:03:02.000,11:04:31.000,89,23392.0000,23395.1000,23383.9000,23386.0000,3250,-6.0000,35.395438596491228070175438596,-0.932700938392492860057119544,61.854529616724738675958188153,0.589552658199393053838372485,Other,,0,False,False
285,11:05:50.000,11:04:31.000,11:05:50.000,79,23386.0000,23395.2000,23385.0000,23385.0000,3250,-1.0000,35.172336065573770491803278689,-0.223102530917457578372159907,62.324404761904761904761904762,0.469875145180023228803716609,Other,,0,False,False
286,11:06:43.000,11:05:50.000,11:06:43.000,53,23385.0000,23394.8000,23381.7000,23388.5000,4875,3.5000,35.102108433734939759036144578,-0.070227631838830732767134111,62.511111111111111111111111111,0.186706349206349206349206349,A,A,1,False,False
287,11:06:59.000,11:06:43.000,11:06:59.000,16,23388.5000,23395.0000,23381.0000,23395.0000,3250,6.5000,35.9440,0.841891566265060240963855422,60.886538461538461538461538462,-1.624572649572649572649572649,Other,,0,False,False
288,11:07:49.000,11:06:59.000,11:07:49.000,50,23395.0000,23397.3000,23383.0000,23385.0000,3315,-10.0000,35.739072847682119205298013245,-0.204927152317880794701986755,61.360625,0.474086538461538461538461538,Other,,0,False,False
289,11:08:47.000,11:07:49.000,11:08:47.000,58,23385.0000,23398.8000,23384.6000,23385.4000,3250,0.4000,35.946978021978021978021978022,0.207905174295902772723964777,60.927659574468085106382978723,-0.432965425531914893617021277,Other,,0,False,False
290,11:09:51.000,11:08:47.000,11:09:51.000,64,23385.4000,23396.4000,23384.6000,23396.4000,3380,11.0000,36.411398963730569948186528497,0.464420941752547970164550475,59.672164948453608247422680412,-1.255494626014476858960298311,Other,,0,False,False
291,11:10:55.000,11:09:51.000,11:10:55.000,64,23396.4000,23400.0000,23390.1000,23390.1000,3575,-6.3000,37.507178217821782178217821782,1.095779254091212230031293285,57.574019607843137254901960784,-2.098145340610470992520719628,B,B,1,False,False
292,11:12:40.000,11:10:55.000,11:12:40.000,105,23390.1000,23402.0000,23390.1000,23395.5000,3250,5.4000,38.265588235294117647058823529,0.758410017472335468841001747,55.929668674698795180722891566,-1.644350933144342074179069218,Other,,0,False,False
293,11:13:08.000,11:12:40.000,11:13:08.000,28,23395.5000,23408.0000,23395.5000,23396.6000,3445,1.1000,38.716470588235294117647058824,0.450882352941176470588235295,55.401282051282051282051282051,-0.528386623416743898671609515,Other,,0,False,False
294,11:14:22.000,11:13:08.000,11:14:22.000,74,23396.6000,23410.0000,23396.2000,23410.0000,3835,13.4000,40.311184210526315789473684211,1.594713622291021671826625387,52.629279279279279279279279279,-2.772002772002772002772002772,Other,,0,False,False
295,11:15:49.000,11:14:22.000,11:15:49.000,87,23410.0000,23411.0000,23401.5000,23405.0000,3315,-5.0000,41.720788530465949820788530466,1.409604319939634031314846255,50.690213523131672597864768683,-1.939065756147606681414510596,B,B,1,False,False
296,11:17:02.000,11:15:49.000,11:17:02.000,73,23405.0000,23408.0000,23400.0000,23408.0000,3315,3.0000,41.697659574468085106382978723,-0.023128955997864714405551743,50.635152838427947598253275109,-0.055060684703724999611493574,Other,,0,False,False
297,11:17:43.000,11:17:02.000,11:17:43.000,41,23408.0000,23410.0000,23406.5000,23410.0000,3250,2.0000,42.779699248120300751879699248,1.082039673652215645496720525,49.308270676691729323308270677,-1.326882161736218274945004432,Other,,0,False,False
298,11:18:11.000,11:17:43.000,11:18:11.000,28,23410.0000,23410.0000,23402.0000,23402.0000,3705,-8.0000,42.458988764044943820224719101,-0.320710484075356931654980147,49.778089887640449438202247191,0.469819210948720114893976514,Other,,0,False,False
299,11:18:28.000,11:18:11.000,11:18:28.000,17,23402.0000,23413.2000,23400.0000,23413.2000,3575,11.2000,41.3500,-1.108988764044943820224719101,51.317307692307692307692307692,1.539217804667242869490060501,A,A,1,False,False
300,11:19:12.000,11:18:28.000,11:19:12.000,44,23413.2000,23413.2000,23400.5000,23400.5000,3315,-12.7000,40.796478873239436619718309859,-0.553521126760563380281690141,51.835763888888888888888888889,0.518456196581196581196581197,Other,,0,False,False
301,11:19:32.000,11:19:12.000,11:19:32.000,20,23400.5000,23405.5000,23396.0000,23396.0000,3250,-4.5000,38.853846153846153846153846154,-1.942632719393282773564463705,54.080769230769230769230769231,2.245005341880341880341880342,Other,,0,False,False
302,11:21:17.000,11:19:32.000,11:21:17.000,105,23396.0000,23406.0000,23395.5000,23396.6000,3250,0.6000,39.155520504731861198738170347,0.301674350885707352584324193,53.707645259938837920489296636,-0.373123970830392848741472595,Other,,0,False,False
303,11:23:02.000,11:21:17.000,11:23:02.000,105,23396.6000,23409.2000,23396.6000,23406.9000,3640,10.3000,41.990644171779141104294478528,2.835123667047279905556308181,49.495909090909090909090909091,-4.211736169029747011398387545,Other,,0,False,False
304,11:24:02.000,11:23:02.000,11:24:02.000,60,23406.9000,23415.0000,23401.5000,23405.5000,3250,-1.4000,42.751344086021505376344086022,0.760699914242364272049607494,48.171978021978021978021978022,-1.323931068931068931068931069,B,B,1,False,False
305,11:25:19.000,11:24:02.000,11:25:19.000,77,23405.5000,23415.0000,23405.5000,23415.0000,3640,9.5000,43.315208333333333333333333333,0.563864247311827956989247311,47.089669421487603305785123967,-1.082308600490418672236854055,Other,,0,False,False
306,11:26:34.000,11:25:19.000,11:26:34.000,75,23415.0000,23417.0000,23409.6000,23410.7000,3250,-4.3000,43.341772151898734177215189873,0.026563818565400843881856540,46.564644351464435146443514644,-0.525025070023168159341609323,B,B,1,False,False
307,11:27:50.000,11:26:34.000,11:27:50.000,76,23410.7000,23414.1000,23404.9000,23409.2000,6175,-1.5000,41.7200,-1.621772151898734177215189873,48.393478260869565217391304348,1.828833909405130070947789704,Other,,0,False,False
308,11:27:52.000,11:27:50.000,11:27:52.000,2,23409.2000,23409.2000,23407.7000,23407.7000,3835,-1.5000,41.0500,-0.6700,49.366666666666666666666666667,0.973188405797101449275362319,Other,,0,False,False
309,11:29:11.000,11:27:52.000,11:29:11.000,79,23407.7000,23413.2000,23404.3000,23404.7000,3315,-3.0000,41.464257028112449799196787149,0.414257028112449799196787149,49.010869565217391304347826087,-0.355797101449275362318840580,B,B,1,False,False
310,11:30:02.000,11:29:11.000,11:30:02.000,51,23404.7000,23410.0000,23400.0000,23400.0000,3705,-4.7000,40.968506493506493506493506494,-0.495750534605956292703280655,49.358841463414634146341463415,0.347971898197242841993637328,Other,,0,False,False
311,11:30:23.000,11:30:02.000,11:30:23.000,21,23400.0000,23404.7000,23399.8000,23399.9000,3315,-0.1000,38.843939393939393939393939394,-2.124567099567099567099567100,51.675757575757575757575757576,2.316916112342941611234294161,Other,,0,False,False
312,11:31:14.000,11:30:23.000,11:31:14.000,51,23399.9000,23402.6000,23390.5000,23402.6000,3380,2.7000,36.861538461538461538461538462,-1.982400932400932400932400932,54.488414634146341463414634146,2.812657058388765705838876570,A,A,1,False,False
313,11:33:02.000,11:31:14.000,11:33:02.000,108,23402.6000,23402.6000,23386.0000,23386.5000,3510,-16.1000,35.299709302325581395348837209,-1.561829159212880143112701253,56.480523255813953488372093023,1.992108621667612024957458877,Other,,0,False,False
314,11:34:58.000,11:33:02.000,11:34:58.000,116,23386.5000,23399.3000,23385.2000,23390.0000,3250,3.5000,34.746175637393767705382436261,-0.553533664931813689966400948,56.940336134453781512605042017,0.459812878639828024232948994,A,A,1,False,False
315,11:36:05.000,11:34:58.000,11:36:05.000,67,23390.0000,23390.0000,23380.0000,23385.0000,3250,-5.0000,32.270422535211267605633802817,-2.475753102182500099748633444,60.204066985645933014354066986,3.263730851192151501749024969,Other,,0,False,False
316,11:36:25.000,11:36:05.000,11:36:25.000,20,23385.0000,23394.1000,23385.0000,23388.2000,3250,3.2000,32.8953125,0.624889964788732394366197183,58.4859375,-1.718129485645933014354066986,Other,,0,False,False
317,11:38:00.000,11:36:25.000,11:38:00.000,95,23388.2000,23393.0000,23385.0000,23385.0000,3315,-3.2000,32.919833333333333333333333333,0.024520833333333333333333333,58.355298013245033112582781457,-0.130639486754966887417218543,B,B,1,False,False
318,11:39:42.000,11:38:00.000,11:39:42.000,102,23385.0000,23390.6000,23382.0000,23382.0000,3250,-3.0000,32.682649842271293375394321767,-0.237183491062039957939011566,59.041121495327102803738317757,0.685823482082069691155536300,Other,,0,False,False
319,11:39:50.000,11:39:42.000,11:39:50.000,8,23382.0000,23382.0000,23376.4000,23376.4000,3445,-5.6000,29.345833333333333333333333333,-3.336816508937960042060988434,63.9560,4.914878504672897196261682243,Other,,0,False,False
320,11:42:23.000,11:39:50.000,11:42:23.000,153,23376.4000,23387.9000,23376.0000,23376.0000,3250,-0.4000,30.4040,1.058166666666666666666666667,61.993509127789046653144016227,-1.962490872210953346855983773,B,B,1,False,False
321,11:44:39.000,11:42:23.000,11:44:39.000,136,23376.0000,23384.9000,23376.0000,23384.0000,3445,8.0000,29.590307328605200945626477541,-0.813692671394799054373522459,63.634597701149425287356321839,1.641088573360378634212305612,A,A,1,False,False
322,11:45:52.000,11:44:39.000,11:45:52.000,73,23384.0000,23384.0000,23377.2000,23378.7000,3315,-5.3000,30.313716814159292035398230088,0.723409485554091089771752547,62.390570175438596491228070175,-1.244027525710828796128251664,B,B,1,False,False
323,11:46:13.000,11:45:52.000,11:46:13.000,21,23378.7000,23380.0000,23375.0000,23375.0000,4030,-3.7000,53.686923076923076923076923077,,36.928358208955223880597014925,,Other,,0,False,False
324,11:46:36.000,11:46:13.000,11:46:36.000,23,23375.0000,23380.0000,23367.9000,23377.3000,19695,2.3000,28.78013698630136986301369863,,65.58972602739726027397260274,,Other,,0,False,False
325,11:46:36.000,11:46:36.000,11:46:36.000,0,23377.3000,23377.3000,23377.3000,23377.3000,16445,0.0000,,,,,Other,,0,False,False
326,11:46:37.000,11:46:37.000,11:46:37.000,0,23370.3000,23370.3000,23370.3000,23370.3000,13195,-7.0000,51.0250,,39.1000,,Other,,0,False,False
327,11:46:37.000,11:46:37.000,11:46:37.000,0,23370.3000,23370.3000,23370.3000,23370.3000,9945,0.0000,,,,,Other,,0,False,False
328,11:46:38.000,11:46:38.000,11:46:38.000,0,23369.4000,23369.4000,23369.4000,23369.4000,6890,-0.9000,50.8000,,39.7000,,Other,,0,False,False
329,11:46:38.000,11:46:38.000,11:46:38.000,0,23369.4000,23369.4000,23369.4000,23369.4000,3640,0.0000,,,,,Other,,0,False,False
330,11:46:43.000,11:46:38.000,11:46:43.000,5,23367.3000,23367.3000,23364.0000,23364.0000,3380,-5.4000,49.492857142857142857142857143,,40.58125,,Other,,0,False,False
331,11:46:46.000,11:46:43.000,11:46:46.000,3,23364.0000,23369.9000,23360.5000,23360.5000,4615,-3.5000,48.5400,-0.952857142857142857142857143,41.8500,1.26875,Other,,0,False,False
332,11:46:49.000,11:46:46.000,11:46:49.000,3,23360.5000,23369.9000,23360.4000,23369.9000,3575,9.4000,48.6900,0.1500,41.9200,0.0700,Other,,0,False,False
333,11:47:08.000,11:46:49.000,11:47:08.000,19,23369.9000,23369.9000,23360.0000,23360.8000,4290,-9.1000,48.629365079365079365079365079,-0.060634920634920634920634921,42.003968253968253968253968254,0.083968253968253968253968254,Other,,0,False,False
334,11:47:09.000,11:47:08.000,11:47:09.000,1,23360.8000,23368.8000,23360.8000,23361.6000,7670,0.8000,48.8500,0.220634920634920634920634921,41.4500,-0.553968253968253968253968254,Other,,0,False,False
335,11:47:09.000,11:47:09.000,11:47:09.000,0,23361.6000,23361.6000,23361.6000,23361.6000,4420,0.0000,,,,,Other,,0,False,False
336,11:47:24.000,11:47:10.000,11:47:24.000,14,23360.9000,23368.1000,23360.9000,23362.3000,4160,0.7000,48.716666666666666666666666667,,41.5375,,Other,,0,False,False
337,11:48:08.000,11:47:24.000,11:48:08.000,44,23362.3000,23374.7000,23362.3000,23372.0000,3250,9.7000,48.199647887323943661971830986,-0.517018779342723004694835681,41.767857142857142857142857143,0.230357142857142857142857143,A,A,1,False,False
338,11:48:54.000,11:48:08.000,11:48:54.000,46,23372.0000,23375.0000,23365.1000,23374.9000,3250,2.9000,49.902127659574468085106382979,1.702479772250524423134551993,39.401063829787234042553191489,-2.366793313069908814589665654,Other,,0,False,False
339,11:50:10.000,11:48:54.000,11:50:10.000,76,23374.9000,23379.0000,23370.0000,23370.0000,3250,-4.9000,48.588607594936708860759493671,-1.313520064637759224346889308,40.658571428571428571428571429,1.257507598784194528875379940,Other,,0,False,False
340,11:51:04.000,11:50:10.000,11:51:04.000,54,23370.0000,23374.9000,23370.0000,23371.5000,3770,1.5000,47.727777777777777777777777778,-0.860829817158931082981715893,41.552678571428571428571428571,0.894107142857142857142857142,A,A,1,False,False
341,11:51:17.000,11:51:04.000,11:51:17.000,13,23371.5000,23373.0000,23365.0000,23365.0000,3510,-6.5000,46.792857142857142857142857143,-0.934920634920634920634920635,42.369047619047619047619047619,0.816369047619047619047619048,Other,,0,False,False
342,11:51:32.000,11:51:17.000,11:51:32.000,15,23365.0000,23370.7000,23361.0000,23361.0000,7150,-4.0000,45.3700,-1.422857142857142857142857143,43.645918367346938775510204082,1.276870748299319727891156463,Other,,0,False,False
343,11:51:32.000,11:51:32.000,11:51:32.000,0,23361.0000,23361.0000,23361.0000,23361.0000,3900,0.0000,,,,,Other,,0,False,False
344,11:52:13.000,11:51:33.000,11:52:13.000,40,23361.0000,23365.0000,23360.5000,23365.0000,5915,4.0000,45.157251908396946564885496183,,43.304651162790697674418604651,,Other,,0,False,False
345,11:52:20.000,11:52:13.000,11:52:20.000,7,23365.0000,23365.0000,23362.0000,23362.0000,7735,-3.0000,47.2350,2.077748091603053435114503817,41.068181818181818181818181818,-2.236469344608879492600422833,B,B,1,False,False
346,11:52:20.000,11:52:20.000,11:52:20.000,0,23362.0000,23362.0000,23362.0000,23362.0000,4485,0.0000,,,,,Other,,0,False,False
347,11:53:02.000,11:52:21.000,11:53:02.000,41,23362.0000,23374.0000,23362.0000,23374.0000,3250,12.0000,47.774275362318840579710144928,,40.439705882352941176470588235,,Other,,0,False,False
348,11:53:18.000,11:53:02.000,11:53:18.000,16,23374.0000,23374.6000,23362.1000,23362.1000,3575,-11.9000,47.329166666666666666666666667,-0.445108695652173913043478261,41.2625,0.822794117647058823529411765,Other,,0,False,False
349,11:53:56.000,11:53:18.000,11:53:56.000,38,23362.1000,23373.1000,23362.0000,23362.0000,3640,-0.1000,46.936725663716814159292035398,-0.392441002949852507374631269,41.635123966942148760330578512,0.372623966942148760330578512,Other,,0,False,False
350,11:55:10.000,11:53:56.000,11:55:10.000,74,23362.0000,23368.8000,23362.0000,23362.0000,3510,0.0000,45.153811659192825112107623318,-1.782914004523989047184412080,43.221702127659574468085106383,1.586578160717425707754527871,Other,,0,False,False
351,11:55:36.000,11:55:10.000,11:55:36.000,26,23362.0000,23366.9000,23359.0000,23359.0000,6045,-3.0000,42.485185185185185185185185185,-2.668626474007639926922438133,44.940740740740740740740740741,1.719038613081166272655634358,Other,,0,False,False
352,11:55:37.000,11:55:36.000,11:55:37.000,1,23359.0000,23367.1000,23359.0000,23359.6000,3315,0.6000,42.5500,0.064814814814814814814814815,44.7000,-0.240740740740740740740740741,Other,,0,False,False
353,11:56:22.000,11:55:37.000,11:56:22.000,45,23359.6000,23364.8000,23355.0000,23355.0000,3380,-4.6000,42.14924812030075187969924812,-0.40075187969924812030075188,45.15034965034965034965034965,0.45034965034965034965034965,Other,,0,False,False
354,11:56:34.000,11:56:22.000,11:56:34.000,12,23355.0000,23356.1000,23355.0000,23355.0000,3640,0.0000,39.462195121951219512195121951,-2.687052998349532367504126169,49.325641025641025641025641026,4.175291375291375291375291376,Other,,0,False,False
355,11:56:49.000,11:56:34.000,11:56:49.000,15,23355.0000,23356.1000,23351.5000,23356.1000,3770,1.1000,40.443478260869565217391304348,0.981283138918345705196182397,47.708333333333333333333333333,-1.617307692307692307692307693,Other,,0,False,False
356,11:57:44.000,11:56:49.000,11:57:44.000,55,23356.1000,23368.7000,23354.9000,23360.8000,3380,4.7000,42.675290697674418604651162791,2.231812436804853387259858443,44.845588235294117647058823529,-2.862745098039215686274509804,Other,,0,False,False
357,11:59:14.000,11:57:44.000,11:59:14.000,90,23360.8000,23367.7000,23360.8000,23366.0000,3380,5.2000,43.451393728222996515679442509,0.776103030548577911028279718,43.992041522491349480968858131,-0.853546712802768166089965398,Other,,0,False,False
358,11:59:46.000,11:59:14.000,11:59:46.000,32,23366.0000,23366.0000,23362.0000,23365.0000,3770,-1.0000,45.446464646464646464646464646,1.995070918241649948967022137,41.371212121212121212121212121,-2.620829401279228268847646010,B,B,1,False,False
359,12:00:27.000,11:59:46.000,12:00:27.000,41,23365.0000,23367.0000,23364.0000,23366.5000,3575,1.5000,45.603781512605042016806722689,0.157316866140395552160258043,40.8152,-0.556012121212121212121212121,Other,,0,False,False
360,12:01:16.000,12:00:27.000,12:01:16.000,49,23366.5000,23368.0000,23366.0000,23367.0000,3445,0.5000,44.064873417721518987341772152,-1.538908094883523029464950537,42.459810126582278481012658228,1.644610126582278481012658228,A,A,1,False,False
361,12:01:45.000,12:01:16.000,12:01:45.000,29,23367.0000,23369.0000,23365.0000,23366.6000,3640,-0.4000,43.504705882352941176470588235,-0.560167535368577810871183917,43.050549450549450549450549451,0.590739323967172068437891223,Other,,0,False,False
362,12:02:11.000,12:01:45.000,12:02:11.000,26,23366.6000,23369.0000,23362.0000,23369.0000,3315,2.4000,44.251898734177215189873417722,0.747192851824274013402829487,42.319277108433734939759036145,-0.731272342115715609691513306,Other,,0,False,False
363,12:03:50.000,12:02:11.000,12:03:50.000,99,23369.0000,23371.0000,23362.1000,23371.0000,4680,2.0000,45.015210355987055016181229773,0.763311621809839826307812051,41.611974110032362459546925566,-0.707302998401372480212110579,Other,,0,False,False
364,12:04:15.000,12:03:50.000,12:04:15.000,25,23371.0000,23376.6000,23370.0000,23371.4000,3510,0.4000,46.283561643835616438356164384,1.268351287848561422174934611,39.752531645569620253164556962,-1.859442464462742206382368604,Other,,0,False,False
365,12:06:05.000,12:04:15.000,12:06:05.000,110,23371.4000,23377.7000,23363.0000,23368.4000,3380,-3.0000,46.38019943019943019943019943,0.096637786363813761074035046,39.363583815028901734104046243,-0.388947830540718519060510719,B,B,1,False,False
366,12:07:20.000,12:06:05.000,12:07:20.000,75,23368.4000,23376.0000,23365.0000,23374.5000,3250,6.1000,46.118697478991596638655462185,-0.261501951207833560774737245,39.031092436974789915966386555,-0.332491378054111818137659688,Other,,0,False,False
367,12:09:05.000,12:07:20.000,12:09:05.000,105,23374.5000,23378.0000,23364.8000,23378.0000,3250,3.5000,24.820092024539877300613496933,,67.7000,,Other,,0,False,False
368,12:11:02.000,12:09:05.000,12:11:02.000,117,23378.0000,23380.0000,23375.0000,23375.0000,3250,-3.0000,48.285164835164835164835164835,,36.7360,,Other,,0,False,False
369,12:12:48.000,12:11:02.000,12:12:48.000,106,23375.0000,23378.0000,23370.0000,23377.5000,3445,2.5000,24.334513274336283185840707965,,67.618075801749271137026239067,,Other,,0,False,False
370,12:13:07.000,12:12:48.000,12:13:07.000,19,23377.5000,23377.6000,23365.1000,23370.0000,3380,-7.5000,45.270175438596491228070175439,,39.538983050847457627118644068,,Other,,0,False,False
371,12:13:34.000,12:13:07.000,12:13:34.000,27,23370.0000,23370.0000,23362.2000,23370.0000,3315,0.0000,44.688235294117647058823529412,-0.581940144478844169246646027,40.054494382022471910112359551,0.515511331175014282993715483,Other,,0,False,False
372,12:13:59.000,12:13:34.000,12:13:59.000,25,23370.0000,23370.0000,23360.2000,23360.2000,4030,-9.8000,43.767105263157894736842105263,-0.921130030959752321981424149,40.943421052631578947368421053,0.888926670609107037256061502,Other,,0,False,False
373,12:14:20.000,12:13:59.000,12:14:20.000,21,23360.2000,23370.4000,23360.1000,23365.2000,3575,5.0000,44.089130434782608695652173913,0.322025171624713958810068650,40.788028169014084507042253521,-0.155392883617494440326167532,Other,,0,False,False
374,12:14:45.000,12:14:20.000,12:14:45.000,25,23365.2000,23376.5000,23361.8000,23361.8000,3380,-3.4000,44.885714285714285714285714286,0.796583850931677018633540373,39.790740740740740740740740741,-0.997287428273343766301512780,B,B,1,False,False
375,12:15:05.000,12:14:45.000,12:15:05.000,20,23361.8000,23375.4000,23360.0000,23372.3000,4615,10.5000,43.749230769230769230769230769,-1.136483516483516483516483517,41.021538461538461538461538462,1.230797720797720797720797721,A,A,1,False,False
376,12:15:15.000,12:15:05.000,12:15:15.000,10,23372.3000,23372.3000,23358.1000,23358.1000,3510,-14.2000,42.353125,-1.396105769230769230769230769,42.521875,1.500336538461538461538461538,Other,,0,False,False
377,12:15:28.000,12:15:15.000,12:15:28.000,13,23358.1000,23369.2000,23354.9000,23358.0000,7930,-0.1000,41.7750,-0.578125,43.0675,0.545625,Other,,0,False,False
378,12:15:28.000,12:15:28.000,12:15:28.000,0,23358.0000,23358.0000,23358.0000,23358.0000,4680,0.0000,,,,,Other,,0,False,False
379,12:15:45.000,12:15:30.000,12:15:45.000,15,23358.0000,23366.9000,23354.4000,23354.9000,3640,-3.1000,41.40686274509803921568627451,,43.481632653061224489795918367,,Other,,0,False,False
380,12:16:25.000,12:15:45.000,12:16:25.000,40,23354.9000,23368.9000,23354.9000,23367.7000,6045,12.8000,42.195038167938931297709923664,0.788175422840892082023649154,42.084496124031007751937984496,-1.397136529030216737857933871,Other,,0,False,False
381,12:16:30.000,12:16:25.000,12:16:30.000,5,23367.7000,23367.7000,23361.2000,23365.0000,3315,-2.7000,43.888235294117647058823529412,1.693197126178715761113605748,40.411764705882352941176470588,-1.672731418148654810761513908,B,B,1,False,False
382,12:17:48.000,12:16:30.000,12:17:48.000,78,23365.0000,23375.1000,23361.3000,23363.6000,3445,-1.4000,44.219583333333333333333333333,0.331348039215686274509803921,39.65614754098360655737704918,-0.755617164898746383799421408,B,B,2,False,True
383,12:18:43.000,12:17:48.000,12:18:43.000,55,23363.6000,23377.9000,23363.6000,23370.0000,3250,6.4000,45.664080459770114942528735632,1.444497126436781609195402299,38.328735632183908045977011494,-1.327411908799698511400037686,Other,,0,False,False
384,12:19:04.000,12:18:43.000,12:19:04.000,21,23370.0000,23378.8000,23370.0000,23370.0000,4875,0.0000,45.786923076923076923076923077,0.122842617152961980548187445,38.578571428571428571428571429,0.249835796387520525451559935,Other,,0,False,False
385,12:19:41.000,12:19:04.000,12:19:41.000,37,23370.0000,23385.7000,23370.0000,23385.7000,12675,15.7000,25.636554621848739495798319328,,65.176033057851239669421487603,,Other,,0,False,False
386,12:19:41.000,12:19:41.000,12:19:41.000,0,23385.7000,23385.7000,23385.7000,23385.7000,9425,0.0000,,,,,Other,,0,False,False
387,12:19:43.000,12:19:43.000,12:19:43.000,0,23385.7000,23385.7000,23385.7000,23385.7000,6175,0.0000,26.4250,,62.7750,,Other,,0,False,False
388,12:20:08.000,12:19:43.000,12:20:08.000,25,23385.7000,23385.7000,23375.1000,23376.6000,3380,-9.1000,26.580379746835443037974683544,0.155379746835443037974683544,62.677160493827160493827160494,-0.097839506172839506172839506,B,B,1,False,False
389,12:21:06.000,12:20:08.000,12:21:06.000,58,23376.6000,23385.0000,23372.6000,23384.4000,6370,7.8000,26.234782608695652173913043478,-0.345597138139790864061640066,63.563043478260869565217391304,0.885882984433709071390230810,A,A,1,False,False
390,12:21:10.000,12:21:06.000,12:21:10.000,4,23384.4000,23384.4000,23373.1000,23373.1000,3380,-11.3000,47.858333333333333333333333333,,36.3250,,Other,,0,False,False
391,12:24:03.000,12:21:10.000,12:24:03.000,173,23373.1000,23386.5000,23373.1000,23375.0000,3250,1.9000,48.08507326007326007326007326,0.226739926739926739926739927,35.895512820512820512820512821,-0.429487179487179487179487179,Other,,0,False,False
392,12:25:54.000,12:24:03.000,12:25:54.000,111,23375.0000,23381.0000,23370.2000,23371.3000,3770,-3.7000,45.702564102564102564102564103,-2.382509157509157509157509157,37.504366197183098591549295775,1.608853376670278078728782954,Other,,0,False,False
393,12:27:24.000,12:25:54.000,12:27:24.000,90,23371.3000,23383.6000,23371.1000,23378.4000,3250,7.1000,25.613440860215053763440860215,,63.86146953405017921146953405,,Other,,0,False,False
394,12:30:18.000,12:27:24.000,12:30:18.000,174,23378.4000,23382.9000,23370.2000,23371.0000,3250,-7.4000,46.018888888888888888888888889,,37.218430656934306569343065693,,Other,,0,False,False
395,12:30:56.000,12:30:18.000,12:30:56.000,38,23371.0000,23378.5000,23366.6000,23366.6000,3380,-4.4000,43.102066115702479338842975207,-2.916822773186409550045913682,39.984959349593495934959349593,2.766528692659189365616283900,Other,,0,False,False
396,12:33:53.000,12:30:56.000,12:33:53.000,177,23366.6000,23375.0000,23366.0000,23375.0000,3315,8.4000,44.02057761732851985559566787,0.918511501626040516752692663,38.736968085106382978723404255,-1.247991264487112956235945338,Other,,0,False,False
397,12:35:48.000,12:33:53.000,12:35:48.000,115,23375.0000,23378.8000,23370.0000,23370.2000,3250,-4.8000,45.066994382022471910112359551,1.046416764693952054516691681,38.151685393258426966292134831,-0.585282691847956012431269424,B,B,1,False,False
398,12:39:14.000,12:35:48.000,12:39:14.000,206,23370.2000,23381.9000,23365.6000,23371.5000,3510,1.3000,44.975958466453674121405750799,-0.091035915568797788706608752,38.108755760368663594470046083,-0.042929632889763371822088748,Other,,0,False,False
399,12:41:43.000,12:39:14.000,12:41:43.000,149,23371.5000,23377.0000,23368.2000,23368.8000,3315,-2.7000,44.828993435448577680525164114,-0.146965031005096440880586685,37.961496746203904555314533623,-0.147259014164759039155512460,Other,,0,False,False
400,12:43:55.000,12:41:43.000,12:43:55.000,132,23368.8000,23377.0000,23366.2000,23366.2000,3250,-2.6000,44.442105263157894736842105263,-0.386888172290682943683058851,37.842164179104477611940298507,-0.119332567099426943374235116,Other,,0,False,False
401,12:45:00.000,12:43:55.000,12:45:00.000,65,23366.2000,23376.7000,23360.0000,23360.0000,5070,-6.2000,40.167804878048780487804878049,-4.274300385109114249037227214,41.531578947368421052631578947,3.689414768263943440691280440,Other,,0,False,False
402,12:45:12.000,12:45:00.000,12:45:12.000,12,23360.0000,23370.3000,23359.0000,23369.4000,5135,9.4000,37.418421052631578947368421053,-2.749383825417201540436456996,43.163157894736842105263157895,1.631578947368421052631578948,A,A,1,False,False
403,12:45:17.000,12:45:12.000,12:45:17.000,5,23369.4000,23369.4000,23355.0000,23355.0000,3445,-14.4000,35.63125,-1.787171052631578947368421053,45.30625,2.143092105263157894736842105,Other,,0,False,False
404,12:45:22.000,12:45:17.000,12:45:22.000,5,23355.0000,23355.0000,23352.7000,23352.7000,3965,-2.3000,35.73125,0.10000,45.43125,0.12500,Other,,0,False,False
405,12:46:12.000,12:45:22.000,12:46:12.000,50,23352.7000,23363.5000,23352.5000,23356.2000,3250,3.5000,37.148717948717948717948717949,1.417467948717948717948717949,44.0084375,-1.4228125,Other,,0,False,False
406,12:46:53.000,12:46:12.000,12:46:53.000,41,23356.2000,23364.5000,23355.0000,23364.5000,3250,8.3000,37.365891472868217054263565891,0.217173524150268336314847942,43.452325581395348837209302326,-0.556111918604651162790697674,Other,,0,False,False
407,12:47:55.000,12:46:53.000,12:47:55.000,62,23364.5000,23365.0000,23355.7000,23363.0000,3315,-1.5000,37.428535353535353535353535354,0.062643880667136481089969463,42.827525252525252525252525253,-0.624800328870096311956777073,B,B,1,False,False
408,12:48:33.000,12:47:55.000,12:48:33.000,38,23363.0000,23367.0000,23360.9000,23361.1000,3250,-1.9000,37.478879310344827586206896552,0.050343956809474050853361198,42.804385964912280701754385965,-0.023139287612971823498139288,B,B,2,False,True
409,12:49:28.000,12:48:33.000,12:49:28.000,55,23361.1000,23369.9000,23360.0000,23360.3000,3380,-0.8000,38.584393063583815028901734104,1.105513753238987442694837552,41.394152046783625730994152047,-1.410233918128654970760233918,B,B,3,False,False
410,12:49:50.000,12:49:28.000,12:49:50.000,22,23360.3000,23360.3000,23353.8000,23355.8000,3510,-4.5000,36.101449275362318840579710145,-2.482943788221496188322023959,44.876056338028169014084507042,3.481904291244543283090354995,Other,,0,False,False
411,12:50:08.000,12:49:50.000,12:50:08.000,18,23355.8000,23365.3000,23350.0000,23351.1000,12675,-4.7000,35.079661016949152542372881356,-1.021788258413166298206828789,45.981578947368421052631578947,1.105522609340252038547071905,Other,,0,False,False
412,12:50:08.000,12:50:08.000,12:50:08.000,0,23351.1000,23351.1000,23351.1000,23351.1000,9425,0.0000,,,,,Other,,0,False,False
413,12:50:09.000,12:50:09.000,12:50:09.000,0,23349.1000,23349.1000,23349.1000,23349.1000,6175,-2.0000,34.0500,,47.6250,,Other,,0,False,False
414,12:50:10.000,12:50:09.000,12:50:10.000,1,23349.1000,23349.1000,23349.1000,23349.1000,7995,0.0000,34.3000,0.2500,46.8500,-0.7750,Other,,0,False,False
415,12:50:10.000,12:50:10.000,12:50:10.000,0,23349.1000,23349.1000,23349.1000,23349.1000,4745,0.0000,,,,,Other,,0,False,False
416,12:50:27.000,12:50:11.000,12:50:27.000,16,23349.1000,23363.2000,23349.1000,23352.0000,3315,2.9000,34.257407407407407407407407407,,46.951785714285714285714285714,,Other,,0,False,False
417,12:50:50.000,12:50:27.000,12:50:50.000,23,23352.0000,23359.9000,23349.0000,23349.0000,8255,-3.0000,33.657042253521126760563380282,-0.600365153886280646844027125,47.163043478260869565217391304,0.211257763975155279503105590,Other,,0,False,False
418,12:50:50.000,12:50:50.000,12:50:50.000,0,23349.0000,23349.0000,23349.0000,23349.0000,5005,0.0000,,,,,Other,,0,False,False
419,12:50:52.000,12:50:51.000,12:50:52.000,1,23349.3000,23349.3000,23349.3000,23349.3000,4940,0.3000,32.233333333333333333333333333,,48.8500,,Other,,0,False,False
420,12:51:27.000,12:50:52.000,12:51:27.000,35,23349.3000,23354.8000,23349.3000,23350.4000,3250,1.1000,32.938317757009345794392523364,0.704984423676012461059190031,47.321621621621621621621621622,-1.528378378378378378378378378,Other,,0,False,False
421,12:51:38.000,12:51:27.000,12:51:38.000,11,23350.4000,23354.3000,23345.0000,23346.6000,3900,-3.8000,31.87027027027027027027027027,-1.068047486739075524122253094,48.87027027027027027027027027,1.548648648648648648648648648,Other,,0,False,False
422,12:52:11.000,12:51:38.000,12:52:11.000,33,23346.6000,23355.0000,23345.0000,23355.0000,3250,8.4000,31.906185567010309278350515464,0.035915296740039008080245194,48.031818181818181818181818182,-0.838452088452088452088452088,Other,,0,False,False
423,12:53:10.000,12:52:11.000,12:53:10.000,59,23355.0000,23361.2000,23349.6000,23361.2000,3315,6.2000,33.403333333333333333333333333,1.497147766323024054982817869,45.539473684210526315789473684,-2.492344497607655502392344498,Other,,0,False,False
424,12:53:56.000,12:53:10.000,12:53:56.000,46,23361.2000,23363.7000,23350.7000,23351.7000,3250,-9.5000,33.121476510067114093959731544,-0.281856823266219239373601789,45.974137931034482758620689655,0.434664246823956442831215971,Other,,0,False,False
425,12:54:19.000,12:53:56.000,12:54:19.000,23,23351.7000,23361.4000,23348.0000,23348.0000,4030,-3.7000,31.999315068493150684931506849,-1.122161441573963409028224695,47.282191780821917808219178082,1.308053849787435049598488427,Other,,0,False,False
426,12:55:01.000,12:54:19.000,12:55:01.000,42,23348.0000,23358.6000,23347.0000,23357.9000,3705,9.9000,31.944776119402985074626865672,-0.054538949090165610304641177,47.432954545454545454545454545,0.150762764632627646326276463,A,A,1,False,False
427,12:55:06.000,12:55:01.000,12:55:06.000,5,23357.9000,23357.9000,23341.6000,23346.1000,3575,-11.8000,29.742857142857142857142857143,-2.201918976545842217484008529,50.2500,2.817045454545454545454545455,Other,,0,False,False
428,12:55:29.000,12:55:06.000,12:55:29.000,23,23346.1000,23358.6000,23343.3000,23345.2000,3250,-0.9000,30.488888888888888888888888889,0.746031746031746031746031746,48.824285714285714285714285714,-1.425714285714285714285714286,B,B,1,False,False
429,12:55:48.000,12:55:29.000,12:55:48.000,19,23345.2000,23350.0000,23342.3000,23350.0000,3640,4.8000,29.688983050847457627118644068,-0.799905838041431261770244821,49.750819672131147540983606557,0.926533957845433255269320843,A,A,1,False,False
430,12:56:00.000,12:55:48.000,12:56:00.000,12,23350.0000,23353.8000,23341.0000,23342.5000,3770,-7.5000,29.402702702702702702702702703,-0.286280348144754924415941365,50.22027027027027027027027027,0.469450598139122729286663713,Other,,0,False,False
431,12:56:56.000,12:56:00.000,12:56:56.000,56,23342.5000,23354.0000,23341.8000,23350.0000,3900,7.5000,29.359776536312849162011173184,-0.042926166389853540691529519,49.78591160220994475138121547,-0.43435866806032551888905480,Other,,0,False,False
432,12:57:09.000,12:56:56.000,12:57:09.000,13,23350.0000,23355.0000,23347.1000,23347.1000,3640,-2.9000,30.495348837209302325581395349,1.135572300896453163570222165,47.365116279069767441860465116,-2.420795323140177309520750354,B,B,1,False,False
433,12:57:46.000,12:57:09.000,12:57:46.000,37,23347.1000,23357.7000,23347.1000,23348.0000,3380,0.9000,30.620168067226890756302521008,0.124819230017588430721125659,47.92699115044247787610619469,0.561874871372710434245729574,Other,,0,False,False
434,12:58:07.000,12:57:46.000,12:58:07.000,21,23348.0000,23355.0000,23345.2000,23346.3000,4485,-1.7000,30.127941176470588235294117647,-0.492226890756302521008403361,48.447761194029850746268656716,0.520770043587372870162462026,Other,,0,False,False
435,12:58:28.000,12:58:07.000,12:58:28.000,21,23346.3000,23350.0000,23346.3000,23349.0000,3380,2.7000,30.2296875,0.101746323529411764705882353,48.177419354838709677419354839,-0.270341839191141068849301877,Other,,0,False,False
436,12:59:05.000,12:58:28.000,12:59:05.000,37,23349.0000,23357.0000,23347.0000,23347.0000,3380,-2.0000,30.69122807017543859649122807,0.46154057017543859649122807,47.590178571428571428571428571,-0.587240783410138248847926268,B,B,1,False,False
437,12:59:44.000,12:59:05.000,12:59:44.000,39,23347.0000,23359.8000,23347.0000,23347.0000,3250,0.0000,30.0864,-0.60482807017543859649122807,47.990082644628099173553719008,0.399904073199527744982290437,Other,,0,False,False
438,13:00:05.000,12:59:44.000,13:00:05.000,21,23347.0000,23357.9000,23345.0000,23345.0000,3770,-2.0000,29.446268656716417910447761194,-0.640131343283582089552238806,48.929104477611940298507462687,0.939021832983841124953743679,Other,,0,False,False
439,13:00:08.000,13:00:05.000,13:00:08.000,3,23345.0000,23345.1000,23344.2000,23344.2000,3965,-0.8000,28.6800,-0.766268656716417910447761194,50.0875,1.158395522388059701492537313,Other,,0,False,False
440,13:00:16.000,13:00:08.000,13:00:16.000,8,23344.2000,23357.1000,23344.0000,23357.1000,3510,12.9000,28.592307692307692307692307692,-0.087692307692307692307692308,50.1000,0.0125,A,A,1,False,False
441,13:00:28.000,13:00:16.000,13:00:28.000,12,23357.1000,23357.2000,23341.0000,23341.0000,4160,-16.1000,28.102777777777777777777777778,-0.489529914529914529914529914,50.507894736842105263157894737,0.407894736842105263157894737,Other,,0,False,False
442,13:00:30.000,13:00:28.000,13:00:30.000,2,23341.0000,23341.0000,23339.3000,23339.3000,4680,-1.7000,26.228571428571428571428571429,-1.874206349206349206349206349,53.214285714285714285714285714,2.706390977443609022556390977,Other,,0,False,False
443,13:00:32.000,13:00:30.000,13:00:32.000,2,23339.3000,23350.8000,23339.3000,23339.6000,3510,0.3000,26.5125,0.283928571428571428571428571,53.0125,-0.201785714285714285714285714,Other,,0,False,False
444,13:00:41.000,13:00:32.000,13:00:41.000,9,23339.6000,23349.2000,23335.9000,23336.0000,4745,-3.6000,25.857142857142857142857142857,-0.655357142857142857142857143,53.824137931034482758620689655,0.811637931034482758620689655,Other,,0,False,False
445,13:00:54.000,13:00:41.000,13:00:54.000,13,23336.0000,23349.9000,23335.9000,23337.1000,3315,1.1000,25.6500,-0.207142857142857142857142857,54.0950,0.270862068965517241379310345,A,A,1,False,False
446,13:01:08.000,13:00:54.000,13:01:08.000,14,23337.1000,23347.8000,23337.1000,23346.7000,4355,9.6000,26.086046511627906976744186047,0.436046511627906976744186047,52.961111111111111111111111111,-1.133888888888888888888888889,Other,,0,False,False
447,13:01:19.000,13:01:08.000,13:01:19.000,11,23346.7000,23349.7000,23338.2000,23339.9000,3510,-6.8000,26.220588235294117647058823529,0.134541723666210670314637482,52.977777777777777777777777778,0.016666666666666666666666667,Other,,0,False,False
448,13:01:39.000,13:01:19.000,13:01:39.000,20,23339.9000,23349.5000,23339.6000,23340.1000,3315,0.2000,26.671538461538461538461538462,0.450950226244343891402714933,52.075409836065573770491803279,-0.902367941712204007285974499,Other,,0,False,False
449,13:01:42.000,13:01:39.000,13:01:42.000,3,23340.1000,23340.1000,23338.2000,23338.9000,4485,-1.2000,26.1100,-0.561538461538461538461538462,53.2600,1.184590163934426229508196721,Other,,0,False,False
450,13:01:44.000,13:01:42.000,13:01:44.000,2,23338.9000,23338.9000,23338.2000,23338.2000,3315,-0.7000,25.9500,-0.1600,53.8000,0.5400,Other,,0,False,False
451,13:01:55.000,13:01:44.000,13:01:55.000,11,23338.2000,23350.0000,23338.2000,23343.7000,3575,5.5000,26.929411764705882352941176471,0.979411764705882352941176471,51.8125,-1.9875,Other,,0,False,False
452,13:02:08.000,13:01:55.000,13:02:08.000,13,23343.7000,23357.0000,23343.7000,23344.0000,3575,0.3000,28.225609756097560975609756098,1.296197991391678622668579627,49.339024390243902439024390244,-2.473475609756097560975609756,Other,,0,False,False
453,13:02:21.000,13:02:08.000,13:02:21.000,13,23344.0000,23345.1000,23342.5000,23342.6000,3250,-1.4000,28.3675,0.141890243902439024390243902,49.657142857142857142857142857,0.318118466898954703832752613,Other,,0,False,False
454,13:02:51.000,13:02:21.000,13:02:51.000,30,23342.6000,23354.5000,23340.2000,23352.9000,3705,10.3000,27.603092783505154639175257732,-0.764407216494845360824742268,50.983157894736842105263157895,1.326015037593984962406015038,A,A,1,False,False
455,13:03:01.000,13:02:51.000,13:03:01.000,10,23352.9000,23352.9000,23339.0000,23339.0000,3510,-13.9000,26.690909090909090909090909091,-0.912183692596063730084348641,52.793939393939393939393939394,1.810781499202551834130781499,Other,,0,False,False
456,13:03:09.000,13:03:01.000,13:03:09.000,8,23339.0000,23341.5000,23338.7000,23339.7000,3250,0.7000,26.603846153846153846153846154,-0.087062937062937062937062937,52.923076923076923076923076923,0.129137529137529137529137529,A,A,1,False,False
457,13:03:33.000,13:03:09.000,13:03:33.000,24,23339.7000,23349.7000,23337.5000,23349.6000,3640,9.9000,25.942207792207792207792207792,-0.661638361638361638361638362,53.546666666666666666666666667,0.623589743589743589743589744,A,A,2,True,False
458,13:03:40.000,13:03:33.000,13:03:40.000,7,23349.6000,23349.6000,23337.1000,23337.3000,3445,-12.3000,25.570833333333333333333333333,-0.371374458874458874458874459,54.0125,0.465833333333333333333333333,Other,,0,False,False
459,13:03:51.000,13:03:40.000,13:03:51.000,11,23337.3000,23338.0000,23337.1000,23337.7000,3770,0.4000,25.438235294117647058823529412,-0.132598039215686274509803921,53.864705882352941176470588235,-0.147794117647058823529411765,Other,,0,False,False
460,13:04:01.000,13:03:51.000,13:04:01.000,10,23337.7000,23339.1000,23337.6000,23337.6000,4030,-0.1000,25.495454545454545454545454545,0.057219251336898395721925133,53.361428571428571428571428571,-0.503277310924369747899159664,B,B,1,False,False
461,13:04:27.000,13:04:01.000,13:04:27.000,26,23337.6000,23349.0000,23337.6000,23339.5000,4225,1.9000,26.298780487804878048780487805,0.803325942350332594235033260,52.136585365853658536585365854,-1.224843205574912891986062717,Other,,0,False,False
462,13:04:39.000,13:04:27.000,13:04:39.000,12,23339.5000,23343.0000,23339.5000,23339.5000,3510,0.0000,26.233333333333333333333333333,-0.065447154471544715447154472,52.337837837837837837837837838,0.201252471984179301252471984,Other,,0,False,False
463,13:05:16.000,13:04:39.000,13:05:16.000,37,23339.5000,23352.0000,23339.5000,23341.0000,3250,1.5000,26.724778761061946902654867257,0.491445427728613569321533924,51.971794871794871794871794872,-0.366042966042966042966042966,Other,,0,False,False
464,13:05:24.000,13:05:16.000,13:05:24.000,8,23341.0000,23351.9000,23340.4000,23342.0000,3445,1.0000,27.176923076923076923076923077,0.452144315861130020422055820,51.730769230769230769230769231,-0.241025641025641025641025641,Other,,0,False,False
465,13:05:31.000,13:05:24.000,13:05:31.000,7,23342.0000,23353.0000,23340.8000,23340.8000,3380,-1.2000,27.060869565217391304347826087,-0.116053511705685618729096990,52.032608695652173913043478261,0.301839464882943143812709030,Other,,0,False,False
466,13:06:28.000,13:05:31.000,13:06:28.000,57,23340.8000,23355.0000,23340.8000,23344.5000,4290,3.7000,27.670903954802259887005649718,0.610034389584868582657823631,50.736187845303867403314917127,-1.296420850348306509728561134,Other,,0,False,False
467,13:06:34.000,13:06:28.000,13:06:34.000,6,23344.5000,23356.9000,23344.4000,23356.9000,3250,12.4000,28.344736842105263157894736842,0.673832887303003270889087124,49.723684210526315789473684211,-1.012503634777551613841232916,Other,,0,False,False
468,13:07:08.000,13:06:34.000,13:07:08.000,34,23356.9000,23356.9000,23345.1000,23346.5000,3770,-10.4000,28.811165048543689320388349515,0.466428206438426162493612673,48.563302752293577981651376147,-1.160381458232737807822308064,B,B,1,False,False
469,13:07:41.000,13:07:08.000,13:07:41.000,33,23346.5000,23359.0000,23346.5000,23349.5000,3250,3.0000,30.171495327102803738317757009,1.360330278559114417929407494,46.290186915887850467289719626,-2.273115836405727514361656521,Other,,0,False,False
470,13:08:10.000,13:07:41.000,13:08:10.000,29,23349.5000,23362.4000,23349.5000,23349.5000,5005,0.0000,31.10376344086021505376344086,0.932268113757411315445683851,45.374725274725274725274725275,-0.915461641162575742014994351,Other,,0,False,False
471,13:08:31.000,13:08:10.000,13:08:31.000,21,23349.5000,23362.9000,23347.6000,23347.6000,4225,-1.9000,30.526865671641791044776119403,-0.576897769218424008987321457,46.376923076923076923076923077,1.002197802197802197802197802,Other,,0,False,False
472,13:09:36.000,13:08:31.000,13:09:36.000,65,23347.6000,23361.0000,23347.6000,23351.0000,3250,3.4000,31.240101522842639593908629442,0.713235851200848549132510039,45.838679245283018867924528302,-0.538243831640058055152394775,Other,,0,False,False
473,13:10:04.000,13:09:36.000,13:10:04.000,28,23351.0000,23360.0000,23350.9000,23353.0000,4160,2.0000,31.980459770114942528735632184,0.740358247272302934827002742,44.941011235955056179775280899,-0.897668009327962688149247403,Other,,0,False,False
474,13:10:25.000,13:10:04.000,13:10:25.000,21,23353.0000,23365.0000,23352.6000,23353.4000,3380,0.4000,32.658823529411764705882352941,0.678363759296822177146720757,43.870588235294117647058823529,-1.070423000660938532716457370,Other,,0,False,False
475,13:10:43.000,13:10:25.000,13:10:43.000,18,23353.4000,23364.5000,23351.2000,23364.5000,4095,11.1000,32.568644067796610169491525424,-0.090179461615154536390827517,43.994915254237288135593220339,0.124327018943170488534396810,A,A,1,False,False
476,13:11:31.000,13:10:43.000,13:11:31.000,48,23364.5000,23364.5000,23350.3000,23362.5000,3965,-2.0000,31.701013513513513513513513514,-0.867630554283096655978011910,45.55625,1.561334745762711864406779661,Other,,0,False,False
477,13:11:47.000,13:11:31.000,13:11:47.000,16,23362.5000,23362.5000,23350.0000,23350.0000,3380,-12.5000,31.334782608695652173913043478,-0.366230904817861339600470036,46.248076923076923076923076923,0.691826923076923076923076923,Other,,0,False,False
478,13:12:13.000,13:11:47.000,13:12:13.000,26,23350.0000,23362.5000,23348.7000,23348.7000,3380,-1.3000,30.687654320987654320987654321,-0.647128287707997852925389157,46.796835443037974683544303797,0.548758519961051606621226874,Other,,0,False,False
479,13:13:32.000,13:12:13.000,13:13:32.000,79,23348.7000,23362.5000,23348.7000,23348.9000,3510,0.2000,31.183852140077821011673151751,0.496197819090166690685497430,46.665686274509803921568627451,-0.131149168528170761975676346,Other,,0,False,False
480,13:14:22.000,13:13:32.000,13:14:22.000,50,23348.9000,23359.9000,23347.0000,23359.9000,3250,11.0000,30.86886792452830188679245283,-0.314984215549519124880698921,47.183850931677018633540372671,0.518164657167214711971745220,A,A,1,False,False
481,13:15:13.000,13:14:22.000,13:15:13.000,51,23359.9000,23359.9000,23350.2000,23350.4000,3250,-9.5000,32.333024691358024691358024691,1.464156766829722804565571861,45.526190476190476190476190476,-1.657660455486542443064182195,B,B,1,False,False
482,13:15:51.000,13:15:13.000,13:15:51.000,38,23350.4000,23367.9000,23350.4000,23353.7000,3250,3.3000,33.471848739495798319327731092,1.138824048137773627969706401,43.827350427350427350427350427,-1.698840048840048840048840049,Other,,0,False,False
483,13:16:26.000,13:15:51.000,13:16:26.000,35,23353.7000,23357.1000,23348.9000,23348.9000,3900,-4.8000,31.728440366972477064220183486,-1.743408372523321255107547606,45.984684684684684684684684685,2.157334257334257334257334258,Other,,0,False,False
484,13:17:06.000,13:16:26.000,13:17:06.000,40,23348.9000,23363.7000,23348.2000,23348.2000,3315,-0.7000,31.122307692307692307692307692,-0.606132674664784756527875794,46.713846153846153846153846154,0.729161469161469161469161469,Other,,0,False,False
485,13:17:52.000,13:17:06.000,13:17:52.000,46,23348.2000,23359.0000,23345.0000,23345.0000,3835,-3.2000,29.546099290780141843971631206,-1.576208401527550463720676486,48.577483443708609271523178808,1.863637289862455425369332654,Other,,0,False,False
486,13:18:17.000,13:17:52.000,13:18:17.000,25,23345.0000,23356.1000,23343.0000,23355.0000,3380,10.0000,27.989240506329113924050632911,-1.556858784451027919920998295,50.101234567901234567901234568,1.523751124192625296378055760,A,A,1,False,False
487,13:19:37.000,13:18:17.000,13:19:37.000,80,23355.0000,23355.8000,23340.1000,23355.8000,3250,0.8000,28.460040160642570281124497992,0.470799654313456357073865081,49.551792828685258964143426295,-0.549441739215975603757808273,Other,,0,False,False
488,13:20:38.000,13:19:37.000,13:20:38.000,61,23355.8000,23358.9000,23341.0000,23350.0000,3510,-5.8000,28.715364583333333333333333333,0.255324422690763052208835341,49.732795698924731182795698925,0.181002870239472218652272630,Other,,0,False,False
489,13:21:45.000,13:20:38.000,13:21:45.000,67,23350.0000,23352.0000,23340.0000,23349.0000,4095,-1.0000,27.523130841121495327102803738,-1.192233742211838006230529595,51.404411764705882352941176471,1.671616065781151170145477546,Other,,0,False,False
490,13:22:58.000,13:21:45.000,13:22:58.000,73,23349.0000,23349.0000,23340.0000,23348.0000,4225,-1.0000,26.938940092165898617511520737,-0.584190748955596709591283001,51.763043478260869565217391304,0.358631713554987212276214833,Other,,0,False,False
491,13:23:59.000,13:22:58.000,13:23:59.000,61,23348.0000,23352.9000,23340.0000,23340.5000,3770,-7.5000,27.202864583333333333333333333,0.263924491167434715821812596,50.77551020408163265306122449,-0.987533274179236912156166814,B,B,1,False,False
492,13:24:56.000,13:23:59.000,13:24:56.000,57,23340.5000,23350.0000,23340.2000,23350.0000,3510,9.5000,27.586516853932584269662921348,0.383652270599250936329588015,50.384615384615384615384615385,-0.390894819466248037676609105,Other,,0,False,False
493,13:25:47.000,13:24:56.000,13:25:47.000,51,23350.0000,23353.2000,23343.0000,23343.0000,3315,-7.0000,28.661875,1.075358146067415730337078652,49.238125,-1.146490384615384615384615385,B,B,1,False,False
494,13:27:00.000,13:25:47.000,13:27:00.000,73,23343.0000,23350.0000,23342.0000,23349.8000,4680,6.8000,28.301321585903083700440528634,-0.360553414096916299559471366,49.641416309012875536480686695,0.403291309012875536480686695,A,A,1,False,False
495,13:28:20.000,13:27:00.000,13:28:20.000,80,23349.8000,23349.9000,23344.0000,23349.9000,3250,0.1000,29.129527559055118110236220472,0.828205973152034409795691838,48.4250,-1.216416309012875536480686695,Other,,0,False,False
496,13:29:34.000,13:28:20.000,13:29:34.000,74,23349.9000,23349.9000,23346.0000,23349.9000,3250,0.0000,29.901914893617021276595744681,0.772387334561903166359524209,47.920638297872340425531914894,-0.504361702127659574468085106,Other,,0,False,False
497,13:31:11.000,13:29:34.000,13:31:11.000,97,23349.9000,23355.0000,23347.9000,23351.9000,3250,2.0000,31.371221864951768488745980707,1.469306971334747212150236026,47.227687296416938110749185668,-0.692951001455402314782729226,Other,,0,False,False
498,13:32:32.000,13:31:11.000,13:32:32.000,81,23351.9000,23360.0000,23350.0000,23353.8000,3315,1.9000,32.791106719367588932806324111,1.419884854415820444060343404,45.350766283524904214559386973,-1.876921012892033896189798695,Other,,0,False,False
499,13:33:36.000,13:32:32.000,13:33:36.000,64,23353.8000,23363.7000,23351.0000,23362.9000,3250,9.1000,33.093990384615384615384615385,0.302883665247795682578291274,45.318627450980392156862745098,-0.032138832544512057696641875,Other,,0,False,False
500,13:35:03.000,13:33:36.000,13:35:03.000,87,23362.9000,23362.9000,23351.2000,23351.2000,4290,-11.7000,33.544545454545454545454545455,0.450555069930069930069930070,45.033512544802867383512544803,-0.285114906177524773350200295,B,B,1,False,False
501,13:37:24.000,13:35:03.000,13:37:24.000,141,23351.2000,23362.0000,23351.0000,23351.6000,3315,0.4000,33.373127753303964757709251101,-0.171417701241489787745294354,45.417152466367713004484304933,0.383639921564845620971760130,A,A,1,False,False
502,13:38:45.000,13:37:24.000,13:38:45.000,81,23351.6000,23363.0000,23351.4000,23360.7000,3705,9.1000,33.823754789272030651340996169,0.450627035968065893631745068,45.081422924901185770750988142,-0.335729541466527233733316791,Other,,0,False,False
503,13:40:43.000,13:38:45.000,13:40:43.000,118,23360.7000,23362.9000,23351.0000,23353.1000,3900,-7.6000,33.414037433155080213903743316,-0.409717356116950437437252853,45.231351351351351351351351351,0.149928426450165580600363209,Other,,0,False,False
504,13:42:15.000,13:40:43.000,13:42:15.000,92,23353.1000,23361.0000,23352.3000,23359.3000,3315,6.2000,34.237457044673539518900343643,0.823419611518459304996600327,44.817491166077738515901060071,-0.413860185273612835450291280,Other,,0,False,False
505,13:42:32.000,13:42:15.000,13:42:32.000,17,23359.3000,23365.0000,23355.1000,23359.9000,4745,0.6000,37.3100,3.072542955326460481099656357,41.965454545454545454545454545,-2.852036620623193061355605526,Other,,0,False,False
506,13:43:01.000,13:42:32.000,13:43:01.000,29,23359.9000,23368.1000,23359.9000,23368.1000,4550,8.2000,38.023076923076923076923076923,0.713076923076923076923076923,41.197252747252747252747252747,-0.768201798201798201798201798,Other,,0,False,False
507,13:43:48.000,13:43:01.000,13:43:48.000,47,23368.1000,23368.3000,23355.1000,23355.1000,3900,-13.0000,35.879194630872483221476510067,-2.143882292204439855446566856,43.503448275862068965517241379,2.306195528609321712769988632,Other,,0,False,False
508,13:44:46.000,13:43:48.000,13:44:46.000,58,23355.1000,23364.2000,23350.0000,23350.0000,3315,-5.1000,34.135164835164835164835164835,-1.744029795707648056641345232,45.672282608695652173913043478,2.168834332833583208395802099,Other,,0,False,False
509,13:45:26.000,13:44:46.000,13:45:26.000,40,23350.0000,23358.4000,23342.0000,23342.0000,3315,-8.0000,30.140944881889763779527559055,-3.994219953275071385307605780,50.080916030534351145038167939,4.408633421838698971125124461,Other,,0,False,False
510,13:46:15.000,13:45:26.000,13:46:15.000,49,23342.0000,23352.0000,23340.0000,23340.0000,3250,-2.0000,28.5720,-1.568944881889763779527559055,51.911538461538461538461538462,1.830622431004110393423370523,Other,,0,False,False
511,13:47:52.000,13:46:15.000,13:47:52.000,97,23340.0000,23354.4000,23339.0000,23348.0000,3575,8.0000,28.902295081967213114754098361,0.330295081967213114754098361,51.943442622950819672131147541,0.031904161412358133669609079,Other,,0,False,False
512,13:48:38.000,13:47:52.000,13:48:38.000,46,23348.0000,23348.8000,23337.4000,23348.8000,3250,0.8000,27.905743243243243243243243243,-0.996551838723969871510855118,52.999333333333333333333333333,1.055890710382513661202185792,A,A,1,False,False
513,13:49:00.000,13:48:38.000,13:49:00.000,22,23348.8000,23348.8000,23332.9000,23332.9000,6890,-15.9000,26.654929577464788732394366197,-1.250813665778454510848877046,54.663013698630136986301369863,1.663680365296803652968036530,Other,,0,False,False
514,13:49:00.000,13:49:00.000,13:49:00.000,0,23332.9000,23332.9000,23332.9000,23332.9000,3640,0.0000,,,,,Other,,0,False,False
515,13:49:02.000,13:49:01.000,13:49:02.000,1,23331.1000,23331.1000,23330.0000,23330.0000,3835,-2.9000,23.8500,,59.9000,,Other,,0,False,False
516,13:49:05.000,13:49:02.000,13:49:05.000,3,23330.0000,23330.0000,23328.0000,23328.0000,3445,-2.0000,24.0000,0.1500,59.7750,-0.1250,B,B,1,False,False
517,13:50:17.000,13:49:05.000,13:50:17.000,72,23328.0000,23345.2000,23328.0000,23342.5000,3575,14.5000,25.981140350877192982456140351,1.981140350877192982456140351,56.982432432432432432432432432,-2.792567567567567567567567568,Other,,0,False,False
518,13:50:25.000,13:50:17.000,13:50:25.000,8,23342.5000,23342.5000,23330.0000,23335.0000,3315,-7.5000,25.222727272727272727272727273,-0.758413078149920255183413078,58.740909090909090909090909091,1.758476658476658476658476659,Other,,0,False,False
519,13:51:09.000,13:50:25.000,13:51:09.000,44,23335.0000,23340.0000,23327.7000,23330.0000,3510,-5.0000,25.530208333333333333333333333,0.307481060606060606060606060,58.756785714285714285714285714,0.015876623376623376623376623,Other,,0,False,False
520,13:51:43.000,13:51:09.000,13:51:43.000,34,23330.0000,23339.0000,23322.1000,23322.1000,6630,-7.9000,48.601351351351351351351351351,,33.67027027027027027027027027,,Other,,0,False,False
521,13:51:43.000,13:51:43.000,13:51:43.000,0,23322.1000,23322.1000,23322.1000,23322.1000,3380,0.0000,,,,,Other,,0,False,False
522,13:52:27.000,13:51:43.000,13:52:27.000,44,23322.2000,23332.4000,23320.4000,23331.0000,3250,8.9000,25.031751824817518248175182482,,61.529078014184397163120567376,,Other,,0,False,False
523,13:52:40.000,13:52:27.000,13:52:40.000,13,23331.0000,23331.0000,23322.6000,23322.6000,6890,-8.4000,49.026744186046511627906976744,,33.830232558139534883720930233,,Other,,0,False,False
524,13:52:40.000,13:52:40.000,13:52:40.000,0,23322.6000,23322.6000,23322.6000,23322.6000,3640,0.0000,,,,,Other,,0,False,False
525,13:53:50.000,13:52:41.000,13:53:50.000,69,23322.6000,23338.6000,23317.1000,23317.1000,11765,-5.5000,48.556306306306306306306306306,,34.807236842105263157894736842,,Other,,0,False,False
526,13:53:50.000,13:53:50.000,13:53:50.000,0,23317.1000,23317.1000,23317.1000,23317.1000,8515,0.0000,,,,,Other,,0,False,False
527,13:53:51.000,13:53:51.000,13:53:51.000,0,23317.2000,23317.2000,23317.2000,23317.2000,5265,0.1000,41.9750,,41.8750,,Other,,0,False,False
528,13:53:52.000,13:53:51.000,13:53:52.000,1,23317.2000,23317.2000,23314.2000,23314.2000,3965,-3.0000,42.5500,0.5750,41.7000,-0.1750,B,B,1,False,False
529,13:54:11.000,13:53:52.000,13:54:11.000,19,23314.2000,23324.0000,23309.5000,23309.5000,6240,-4.7000,41.65952380952380952380952381,-0.89047619047619047619047619,42.068253968253968253968253968,0.368253968253968253968253968,Other,,0,False,False
530,13:54:13.000,13:54:11.000,13:54:13.000,2,23309.5000,23309.5000,23305.6000,23305.6000,3705,-3.9000,38.9500,-2.70952380952380952380952381,45.633333333333333333333333333,3.565079365079365079365079365,Other,,0,False,False
531,13:54:35.000,13:54:13.000,13:54:35.000,22,23305.6000,23319.9000,23305.0000,23319.8000,3250,14.2000,40.492957746478873239436619718,1.542957746478873239436619718,43.488059701492537313432835821,-2.145273631840796019900497512,Other,,0,False,False
532,13:54:47.000,13:54:35.000,13:54:47.000,12,23319.8000,23319.8000,23306.6000,23310.0000,5070,-9.8000,42.133333333333333333333333333,1.640375586854460093896713615,41.589473684210526315789473684,-1.898586017282010997643362137,B,B,1,False,False
533,13:54:48.000,13:54:47.000,13:54:48.000,1,23310.0000,23310.0000,23307.5000,23307.5000,5070,-2.5000,41.8000,-0.333333333333333333333333333,41.6750,0.085526315789473684210526316,Other,,0,False,False
534,13:55:15.000,13:54:48.000,13:55:15.000,27,23307.5000,23319.7000,23307.5000,23315.0000,3250,7.5000,41.476470588235294117647058824,-0.323529411764705882352941176,41.568235294117647058823529412,-0.106764705882352941176470588,Other,,0,False,False
535,13:55:53.000,13:55:15.000,13:55:53.000,38,23315.0000,23329.0000,23315.0000,23324.0000,3250,9.0000,43.538461538461538461538461538,2.061990950226244343891402714,39.008536585365853658536585366,-2.559698708751793400286944046,Other,,0,False,False
536,13:56:20.000,13:55:53.000,13:56:20.000,27,23324.0000,23324.0000,23310.0000,23310.0000,3315,-14.0000,41.277011494252873563218390805,-2.261450044208664898320070733,42.037640449438202247191011236,3.029103864072348588654425870,Other,,0,False,False
537,13:56:53.000,13:56:20.000,13:56:53.000,33,23310.0000,23320.0000,23308.4000,23311.2000,3315,1.2000,40.661682242990654205607476636,-0.615329251262219357610914169,42.733809523809523809523809524,0.696169074371321562332798288,A,A,1,False,False
538,13:57:21.000,13:56:53.000,13:57:21.000,28,23311.2000,23317.8000,23305.1000,23305.1000,3315,-6.1000,40.051098901098901098901098901,-0.610583341891753106706377735,43.876373626373626373626373626,1.142564102564102564102564102,Other,,0,False,False
539,13:58:27.000,13:57:21.000,13:58:27.000,66,23305.1000,23317.3000,23305.1000,23311.5000,3575,6.4000,40.471875,0.420776098901098901098901099,43.209761904761904761904761905,-0.666611721611721611721611721,Other,,0,False,False
540,13:59:33.000,13:58:27.000,13:59:33.000,66,23311.5000,23312.0000,23305.0000,23309.0000,3315,-2.5000,40.694390243902439024390243902,0.222515243902439024390243902,43.55663507109004739336492891,0.346873166328142631460167005,Other,,0,False,False
541,14:00:00.000,13:59:33.000,14:00:00.000,27,23309.0000,23315.9000,23305.0000,23315.9000,3315,6.9000,40.261445783132530120481927711,-0.432944460769908903908316191,43.983333333333333333333333333,0.426698262243285939968404423,A,A,1,False,False
542,14:00:11.000,14:00:00.000,14:00:11.000,11,23315.9000,23315.9000,23301.0000,23301.0000,3445,-14.9000,38.521052631578947368421052632,-1.740393151553582752060875079,47.583333333333333333333333333,3.600000000000000000000000000,Other,,0,False,False
543,14:00:18.000,14:00:11.000,14:00:18.000,7,23301.0000,23307.1000,23300.0000,23303.3000,6305,2.3000,36.511111111111111111111111111,-2.009941520467836257309941521,50.288095238095238095238095238,2.704761904761904761904761905,A,A,1,False,False
544,14:00:20.000,14:00:18.000,14:00:20.000,2,23303.3000,23303.3000,23300.0000,23300.0000,3575,-3.3000,36.616666666666666666666666667,0.105555555555555555555555556,49.9875,-0.300595238095238095238095238,B,B,1,False,False
545,14:00:26.000,14:00:20.000,14:00:26.000,6,23300.0000,23305.4000,23297.0000,23297.0000,7215,-3.0000,36.4200,-0.196666666666666666666666667,50.744444444444444444444444444,0.756944444444444444444444444,Other,,0,False,False
546,14:00:26.000,14:00:26.000,14:00:26.000,0,23297.0000,23297.0000,23297.0000,23297.0000,3965,0.0000,,,,,Other,,0,False,False
547,14:00:35.000,14:00:27.000,14:00:35.000,8,23300.0000,23300.0000,23294.9000,23294.9000,4875,-2.1000,35.658064516129032258064516129,,51.737096774193548387096774194,,Other,,0,False,False
548,14:00:38.000,14:00:35.000,14:00:38.000,3,23294.9000,23297.0000,23287.0000,23287.0000,3445,-7.9000,34.1400,-1.518064516129032258064516129,53.8700,2.132903225806451612903225806,Other,,0,False,False
549,14:01:09.000,14:00:38.000,14:01:09.000,31,23287.0000,23299.4000,23286.0000,23288.0000,3380,1.0000,34.483838383838383838383838384,0.343838383838383838383838384,53.033333333333333333333333333,-0.836666666666666666666666667,Other,,0,False,False
550,14:01:28.000,14:01:09.000,14:01:28.000,19,23288.0000,23305.0000,23288.0000,23289.7000,3250,1.7000,35.9000,1.416161616161616161616161616,50.031666666666666666666666667,-3.001666666666666666666666666,Other,,0,False,False
551,14:02:31.000,14:01:28.000,14:02:31.000,63,23289.7000,23308.9000,23289.7000,23305.0000,3315,15.3000,36.364039408866995073891625616,0.464039408866995073891625616,49.613414634146341463414634146,-0.418252032520325203252032521,Other,,0,False,False
552,14:03:31.000,14:02:31.000,14:03:31.000,60,23305.0000,23309.0000,23297.1000,23308.6000,3575,3.6000,37.204032258064516129032258065,0.839992849197521055140632449,49.260209424083769633507853403,-0.353205210062571829906780743,Other,,0,False,False
553,14:04:35.000,14:03:31.000,14:04:35.000,64,23308.6000,23315.0000,23300.0000,23312.0000,3380,3.4000,37.723039215686274509803921569,0.519006957621758380771663504,48.75075,-0.509459424083769633507853403,Other,,0,False,False
554,14:05:21.000,14:04:35.000,14:05:21.000,46,23312.0000,23319.9000,23306.9000,23308.0000,3315,-4.0000,40.516896551724137931034482759,2.793857336037863421230561190,44.383673469387755102040816327,-4.367076530612244897959183673,B,B,1,False,False
555,14:06:10.000,14:05:21.000,14:06:10.000,49,23308.0000,23318.0000,23300.2000,23305.0000,3250,-3.0000,38.76297468354430379746835443,-1.753921868179834133566128329,47.171518987341772151898734177,2.787845517954017049857917850,Other,,0,False,False
556,14:07:31.000,14:06:10.000,14:07:31.000,81,23305.0000,23317.4000,23303.5000,23305.0000,3445,0.0000,39.964980544747081712062256809,1.202005861202777914593902379,46.708620689655172413793103448,-0.462898297686599738105630729,Other,,0,False,False
557,14:08:05.000,14:07:31.000,14:08:05.000,34,23305.0000,23314.6000,23300.0000,23300.0000,4485,-5.0000,39.948571428571428571428571429,-0.016409116175653140633685380,47.348095238095238095238095238,0.639474548440065681444991790,Other,,0,False,False
558,14:08:46.000,14:08:05.000,14:08:46.000,41,23300.0000,23315.0000,23300.0000,23315.0000,4225,15.0000,39.631102362204724409448818898,-0.317469066366704161979752531,47.640458015267175572519083969,0.292362777171937477280988731,A,A,1,False,False
559,14:09:18.000,14:08:46.000,14:09:18.000,32,23315.0000,23315.0000,23303.0000,23303.5000,3250,-11.5000,40.577835051546391752577319588,0.946732689341667343128500690,45.729611650485436893203883495,-1.910846364781738679315200474,B,B,1,False,False
560,14:09:54.000,14:09:18.000,14:09:54.000,36,23303.5000,23317.0000,23303.3000,23316.4000,3250,12.9000,41.991452991452991452991452991,1.413617939906599700414133403,44.082173913043478260869565217,-1.647437737441958632334318278,Other,,0,False,False
561,14:10:27.000,14:09:54.000,14:10:27.000,33,23316.4000,23320.0000,23311.4000,23315.3000,3315,-1.1000,45.146666666666666666666666667,3.155213675213675213675213676,40.134285714285714285714285714,-3.947888198757763975155279503,B,B,1,False,False
562,14:10:59.000,14:10:27.000,14:10:59.000,32,23315.3000,23330.0000,23315.3000,23320.0000,3575,4.7000,47.249029126213592233009708738,2.102362459546925566343042071,37.85990099009900990099009901,-2.274384724186704384724186704,Other,,0,False,False
563,14:11:27.000,14:10:59.000,14:11:27.000,28,23320.0000,23328.0000,23317.1000,23321.0000,3250,1.0000,45.058426966292134831460674157,-2.190602159921457401549034581,40.37967032967032967032967033,2.51976933957131976933957132,A,A,1,False,False
564,14:12:00.000,14:11:27.000,14:12:00.000,33,23321.0000,23336.0000,23320.5000,23327.1000,3770,6.1000,26.71127450980392156862745098,,63.458333333333333333333333333,,Other,,0,False,False
565,14:12:44.000,14:12:00.000,14:12:44.000,44,23327.1000,23337.9000,23323.1000,23335.0000,3315,7.9000,26.895185185185185185185185185,0.183910675381263616557734205,63.474452554744525547445255474,0.016119221411192214111922141,Other,,0,False,False
566,14:12:56.000,14:12:44.000,14:12:56.000,12,23335.0000,23348.2000,23328.1000,23348.2000,4875,13.2000,28.886842105263157894736842105,1.991656920077972709551656920,60.822222222222222222222222222,-2.652230332522303325223033252,Other,,0,False,False
567,14:13:08.000,14:12:56.000,14:13:08.000,12,23348.2000,23350.0000,23340.4000,23345.0000,3250,-3.2000,33.459756097560975609756097561,4.572913992297817715019255456,53.515384615384615384615384615,-7.306837606837606837606837607,B,B,1,False,False
568,14:13:56.000,14:13:08.000,14:13:56.000,48,23345.0000,23350.0000,23337.1000,23350.0000,4160,5.0000,34.067973856209150326797385621,0.608217758648174717041288060,55.031612903225806451612903226,1.516228287841191066997518611,Other,,0,False,False
569,14:14:01.000,14:13:56.000,14:14:01.000,5,23350.0000,23350.0000,23339.1000,23339.1000,13650,-10.9000,35.611764705882352941176470588,1.543790849673202614379084967,52.956666666666666666666666667,-2.074946236559139784946236559,B,B,1,False,False
570,14:14:01.000,14:14:01.000,14:14:01.000,0,23339.1000,23339.1000,23339.1000,23339.1000,10400,0.0000,,,,,Other,,0,False,False
571,14:14:02.000,14:14:02.000,14:14:02.000,0,23339.0000,23339.0000,23339.0000,23339.0000,7150,-0.1000,34.8500,,54.3750,,Other,,0,False,False
572,14:14:02.000,14:14:02.000,14:14:02.000,0,23339.0000,23339.0000,23339.0000,23339.0000,3900,0.0000,,,,,Other,,0,False,False
573,14:14:29.000,14:14:03.000,14:14:29.000,26,23350.0000,23355.0000,23340.0000,23355.0000,3315,16.0000,35.853571428571428571428571429,,53.555813953488372093023255814,,Other,,0,False,False
574,14:14:43.000,14:14:29.000,14:14:43.000,14,23355.0000,23362.9000,23355.0000,23362.9000,4030,7.9000,42.162790697674418604651162791,6.309219269102990033222591362,47.219767441860465116279069767,-6.336046511627906976744186047,Other,,0,False,False
575,14:14:49.000,14:14:43.000,14:14:49.000,6,23362.9000,23368.0000,23362.9000,23365.1000,3705,2.2000,46.626086956521739130434782609,4.463296258847320525783619818,43.809090909090909090909090909,-3.410676532769556025369978858,Other,,0,False,False
576,14:14:51.000,14:14:49.000,14:14:51.000,2,23365.1000,23377.2000,23365.1000,23377.2000,3380,12.1000,27.616666666666666666666666667,,69.8500,,Other,,0,False,False
577,14:14:54.000,14:14:51.000,14:14:54.000,3,23377.2000,23390.0000,23377.2000,23383.4000,11570,6.2000,31.445454545454545454545454545,3.828787878787878787878787878,59.004545454545454545454545455,-10.845454545454545454545454545,Other,,0,False,False
578,14:14:54.000,14:14:54.000,14:14:54.000,0,23383.4000,23383.4000,23383.4000,23383.4000,8320,0.0000,,,,,Other,,0,False,False
579,14:14:55.000,14:14:55.000,14:14:55.000,0,23398.0000,23398.0000,23398.0000,23398.0000,5070,14.6000,33.7000,,56.0000,,Other,,0,False,False
580,14:14:58.000,14:14:55.000,14:14:58.000,3,23398.0000,23399.3000,23387.6000,23399.1000,4420,1.1000,34.6300,0.9300,55.8000,-0.2000,Other,,0,False,False
581,14:15:01.000,14:14:58.000,14:15:01.000,3,23399.1000,23400.1000,23399.0000,23400.1000,5785,1.0000,34.486363636363636363636363636,-0.143636363636363636363636364,54.222727272727272727272727273,-1.577272727272727272727272727,Other,,0,False,False
582,14:15:03.000,14:15:01.000,14:15:03.000,2,23400.1000,23402.0000,23398.1000,23398.1000,5395,-2.0000,38.533333333333333333333333333,4.046969696969696969696969697,48.585714285714285714285714286,-5.637012987012987012987012987,B,B,1,False,False
583,14:15:04.000,14:15:03.000,14:15:04.000,1,23398.1000,23412.1000,23398.1000,23404.0000,5395,5.9000,39.2800,0.746666666666666666666666667,47.3250,-1.260714285714285714285714286,Other,,0,False,False
584,14:15:06.000,14:15:04.000,14:15:06.000,2,23404.0000,23412.1000,23401.3000,23412.1000,3900,8.1000,39.933333333333333333333333333,0.653333333333333333333333333,46.216666666666666666666666667,-1.108333333333333333333333333,Other,,0,False,False
585,14:15:09.000,14:15:06.000,14:15:09.000,3,23412.1000,23414.8000,23406.3000,23414.8000,3250,2.7000,44.3700,4.436666666666666666666666667,42.5900,-3.626666666666666666666666667,Other,,0,False,False
586,14:15:18.000,14:15:09.000,14:15:18.000,9,23414.8000,23419.0000,23406.3000,23411.6000,4810,-3.2000,44.667857142857142857142857143,0.297857142857142857142857143,42.3250,-0.2650,B,B,1,False,False
587,14:15:19.000,14:15:18.000,14:15:19.000,1,23411.6000,23419.0000,23410.0000,23410.0000,4095,-1.6000,43.7000,-0.967857142857142857142857143,42.8000,0.4750,Other,,0,False,False
588,14:15:24.000,14:15:19.000,14:15:24.000,5,23410.0000,23417.0000,23409.1000,23415.6000,4030,5.6000,44.982352941176470588235294118,1.282352941176470588235294118,42.19375,-0.60625,Other,,0,False,False
589,14:15:26.000,14:15:24.000,14:15:26.000,2,23415.6000,23419.0000,23415.6000,23418.0000,3510,2.4000,45.783333333333333333333333333,0.800980392156862745098039215,42.783333333333333333333333333,0.589583333333333333333333333,Other,,0,False,False
590,14:15:33.000,14:15:26.000,14:15:33.000,7,23418.0000,23418.0000,23408.7000,23417.5000,3315,-0.5000,43.578260869565217391304347826,-2.205072463768115942028985507,42.697826086956521739130434783,-0.085507246376811594202898550,Other,,0,False,False
591,14:15:39.000,14:15:33.000,14:15:39.000,6,23417.5000,23417.5000,23396.9000,23396.9000,3315,-20.6000,35.3400,-8.238260869565217391304347826,48.0700,5.372173913043478260869565217,Other,,0,False,False
592,14:15:51.000,14:15:39.000,14:15:51.000,12,23396.9000,23407.0000,23384.7000,23385.5000,3770,-11.4000,31.951282051282051282051282051,-3.388717948717948717948717949,52.302564102564102564102564103,4.232564102564102564102564103,Other,,0,False,False
593,14:16:01.000,14:15:51.000,14:16:01.000,10,23385.5000,23388.7000,23380.0000,23380.0000,3640,-5.5000,29.053225806451612903225806452,-2.898056244830438378825475599,55.758064516129032258064516129,3.455500413564929693961952026,Other,,0,False,False
594,14:16:09.000,14:16:01.000,14:16:09.000,8,23380.0000,23390.0000,23378.4000,23379.3000,3575,-0.7000,29.119230769230769230769230769,0.066004962779156327543424317,59.018518518518518518518518519,3.260454002389486260454002390,Other,,0,False,False
595,14:16:46.000,14:16:09.000,14:16:46.000,37,23379.3000,23389.6000,23373.5000,23385.0000,3315,5.7000,28.598319327731092436974789916,-0.520911441499676793794440853,61.322608695652173913043478261,2.304090177133655394524959742,A,A,1,False,False
596,14:17:07.000,14:16:46.000,14:17:07.000,21,23385.0000,23389.0000,23380.0000,23389.0000,3445,4.0000,30.69710144927536231884057971,2.098782121544269881865789794,57.893283582089552238805970149,-3.429325113562621674237508112,Other,,0,False,False
597,14:17:19.000,14:17:07.000,14:17:19.000,12,23389.0000,23395.3000,23388.0000,23392.7000,5005,3.7000,33.892105263157894736842105263,3.195003813882532418001525553,53.320588235294117647058823529,-4.572695346795434591747146620,Other,,0,False,False
598,14:17:27.000,14:17:19.000,14:17:27.000,8,23392.7000,23398.9000,23391.3000,23398.0000,4355,5.3000,34.903846153846153846153846154,1.011740890688259109311740891,52.780769230769230769230769231,-0.539819004524886877828054298,Other,,0,False,False
599,14:17:42.000,14:17:27.000,14:17:42.000,15,23398.0000,23398.0000,23388.7000,23398.0000,3250,0.0000,34.687755102040816326530612245,-0.216091051805337519623233909,53.228888888888888888888888889,0.448119658119658119658119658,Other,,0,False,False
600,14:17:52.000,14:17:42.000,14:17:52.000,10,23398.0000,23398.9000,23393.0000,23398.9000,3510,0.9000,36.83125,2.143494897959183673469387755,51.16875,-2.060138888888888888888888889,Other,,0,False,False
601,14:17:55.000,14:17:52.000,14:17:55.000,3,23398.9000,23398.9000,23398.9000,23398.9000,4940,0.0000,39.0200,2.18875,48.8800,-2.28875,Other,,0,False,False
602,14:17:57.000,14:17:55.000,14:17:57.000,2,23398.9000,23400.0000,23398.9000,23399.7000,4030,0.8000,38.566666666666666666666666667,-0.453333333333333333333333333,48.783333333333333333333333333,-0.096666666666666666666666667,Other,,0,False,False
603,14:18:04.000,14:17:57.000,14:18:04.000,7,23399.7000,23404.0000,23399.7000,23403.3000,4160,3.6000,38.943478260869565217391304348,0.376811594202898550724637681,48.565217391304347826086956522,-0.218115942028985507246376811,Other,,0,False,False
604,14:18:30.000,14:18:04.000,14:18:30.000,26,23403.3000,23407.0000,23398.7000,23405.4000,3380,2.1000,37.187647058823529411764705882,-1.755831202046035805626598466,51.001234567901234567901234568,2.436017176596886741814278046,A,A,1,False,False
605,14:19:00.000,14:18:30.000,14:19:00.000,30,23405.4000,23405.4000,23391.0000,23405.0000,3770,-0.4000,35.190206185567010309278350515,-1.997440873256519102486355367,53.604210526315789473684210526,2.602975958414554905782975958,Other,,0,False,False
606,14:19:36.000,14:19:00.000,14:19:36.000,36,23405.0000,23405.0000,23393.2000,23398.7000,3380,-6.3000,37.53130434782608695652173913,2.341098162259076647243388615,51.540869565217391304347826087,-2.063340961098398169336384439,B,B,1,False,False
607,14:19:58.000,14:19:36.000,14:19:58.000,22,23398.7000,23403.5000,23397.0000,23397.0000,6630,-1.7000,37.551388888888888888888888889,0.020084541062801932367149759,51.577777777777777777777777778,0.036908212560386473429951691,Other,,0,False,False
608,14:19:58.000,14:19:58.000,14:19:58.000,0,23397.0000,23397.0000,23397.0000,23397.0000,3380,0.0000,,,,,Other,,0,False,False
609,14:20:28.000,14:20:00.000,14:20:28.000,28,23405.0000,23408.0000,23398.0000,23402.6000,3575,5.6000,39.681521739130434782608695652,,48.933870967741935483870967742,,Other,,0,False,False
610,14:20:48.000,14:20:28.000,14:20:48.000,20,23402.6000,23415.0000,23402.6000,23415.0000,3315,12.4000,42.830769230769230769230769231,3.149247491638795986622073579,45.510769230769230769230769231,-3.423101736972704714640198511,Other,,0,False,False
611,14:21:01.000,14:20:48.000,14:21:01.000,13,23415.0000,23418.6000,23408.1000,23408.1000,3315,-6.9000,41.989024390243902439024390244,-0.841744840525328330206378987,45.803658536585365853658536585,0.292889305816135084427767354,Other,,0,False,False
612,14:21:17.000,14:21:01.000,14:21:17.000,16,23408.1000,23420.0000,23408.1000,23412.0000,5525,3.9000,43.609615384615384615384615385,1.620590994371482176360225141,45.184615384615384615384615385,-0.619043151969981238273921200,Other,,0,False,False
613,14:21:21.000,14:21:17.000,14:21:21.000,4,23412.0000,23420.0000,23412.0000,23420.0000,3445,8.0000,47.678571428571428571428571429,4.068956043956043956043956044,40.8500,-4.334615384615384615384615385,Other,,0,False,False
614,14:21:34.000,14:21:21.000,14:21:34.000,13,23420.0000,23421.0000,23412.0000,23412.0000,3575,-8.0000,45.524390243902439024390243902,-2.154181184668989547038327527,42.717073170731707317073170732,1.867073170731707317073170732,Other,,0,False,False
615,14:21:39.000,14:21:34.000,14:21:39.000,5,23412.0000,23422.0000,23405.4000,23419.6000,3445,7.6000,41.5750,-3.949390243902439024390243902,46.3125,3.595426829268292682926829268,A,A,1,False,False
616,14:21:49.000,14:21:39.000,14:21:49.000,10,23419.6000,23421.9000,23410.0000,23421.9000,3640,2.3000,42.878125,1.303125,45.573333333333333333333333333,-0.739166666666666666666666667,Other,,0,False,False
617,14:22:02.000,14:21:49.000,14:22:02.000,13,23421.9000,23421.9000,23407.0000,23419.0000,3705,-2.9000,42.426744186046511627906976744,-0.451380813953488372093023256,46.301162790697674418604651163,0.727829457364341085271317830,Other,,0,False,False
618,14:22:32.000,14:22:02.000,14:22:32.000,30,23419.0000,23420.0000,23405.6000,23408.4000,3380,-10.6000,43.005154639175257731958762887,0.578410453128746104051786143,46.060309278350515463917525773,-0.240853512347158954687125390,B,B,1,False,False
619,14:23:25.000,14:22:32.000,14:23:25.000,53,23408.4000,23420.0000,23408.4000,23410.0000,3575,1.6000,43.377514792899408284023668639,0.372360153724150552064905752,45.235329341317365269461077844,-0.824979937033150194456447929,Other,,0,False,False
620,14:23:37.000,14:23:25.000,14:23:37.000,12,23410.0000,23420.0000,23410.0000,23420.0000,7475,10.0000,43.617948717948717948717948718,0.240433925049309664694280079,45.365384615384615384615384615,0.130055274067250115154306771,Other,,0,False,False
621,14:23:37.000,14:23:37.000,14:23:37.000,0,23420.0000,23420.0000,23420.0000,23420.0000,4225,0.0000,,,,,Other,,0,False,False
622,14:23:54.000,14:23:37.000,14:23:54.000,17,23409.9000,23423.5000,23409.9000,23422.7000,3770,2.7000,43.289285714285714285714285714,,45.816071428571428571428571429,,Other,,0,False,False
623,14:24:02.000,14:23:54.000,14:24:02.000,8,23422.7000,23422.7000,23404.0000,23404.0000,3510,-18.7000,39.098148148148148148148148148,-4.191137566137566137566137566,48.2200,2.403928571428571428571428571,Other,,0,False,False
624,14:24:07.000,14:24:02.000,14:24:07.000,5,23404.0000,23416.7000,23404.0000,23416.7000,3380,12.7000,38.0250,-1.073148148148148148148148148,48.99375,0.77375,A,A,1,False,False
625,14:24:10.000,14:24:07.000,14:24:10.000,3,23416.7000,23416.7000,23400.9000,23400.9000,4810,-15.8000,36.7000,-1.3250,49.9500,0.95625,Other,,0,False,False
626,14:24:12.000,14:24:10.000,14:24:12.000,2,23400.9000,23400.9000,23400.0000,23400.0000,6955,-0.9000,35.0000,-1.7000,51.183333333333333333333333333,1.233333333333333333333333333,Other,,0,False,False
627,14:24:12.000,14:24:12.000,14:24:12.000,0,23400.0000,23400.0000,23400.0000,23400.0000,3705,0.0000,,,,,Other,,0,False,False
628,14:24:45.000,14:24:13.000,14:24:45.000,32,23413.6000,23416.2000,23394.2000,23394.2000,3250,-5.8000,36.933495145631067961165048544,,48.954285714285714285714285714,,Other,,0,False,False
629,14:24:55.000,14:24:45.000,14:24:55.000,10,23394.2000,23398.0000,23394.1000,23394.1000,5525,-0.1000,33.184375,-3.749120145631067961165048544,52.75625,3.801964285714285714285714286,Other,,0,False,False
630,14:24:57.000,14:24:55.000,14:24:57.000,2,23394.1000,23395.1000,23394.1000,23395.1000,3705,1.0000,32.433333333333333333333333333,-0.751041666666666666666666667,54.033333333333333333333333333,1.277083333333333333333333333,A,A,1,False,False
631,14:25:29.000,14:24:57.000,14:25:29.000,32,23395.1000,23404.7000,23390.1000,23402.0000,3250,6.9000,35.056190476190476190476190476,2.622857142857142857142857143,52.342857142857142857142857143,-1.690476190476190476190476190,Other,,0,False,False
632,14:25:54.000,14:25:29.000,14:25:54.000,25,23402.0000,23405.0000,23399.0000,23405.0000,3315,3.0000,38.339506172839506172839506173,3.283315696649029982363315697,49.111038961038961038961038961,-3.231818181818181818181818182,Other,,0,False,False
633,14:26:45.000,14:25:54.000,14:26:45.000,51,23405.0000,23414.9000,23404.7000,23414.9000,3250,9.9000,39.552469135802469135802469136,1.212962962962962962962962963,47.961875,-1.149163961038961038961038961,Other,,0,False,False
634,14:27:08.000,14:26:45.000,14:27:08.000,23,23414.9000,23416.0000,23407.9000,23415.1000,4225,0.2000,41.052054794520547945205479452,1.499585658718078809403010316,45.960666666666666666666666667,-2.001208333333333333333333333,Other,,0,False,False
635,14:27:48.000,14:27:08.000,14:27:48.000,40,23415.1000,23416.0000,23402.0000,23409.0000,3380,-6.1000,39.004580152671755725190839695,-2.047474641848792220014639757,48.486614173228346456692913386,2.525947506561679790026246719,Other,,0,False,False
636,14:28:17.000,14:27:48.000,14:28:17.000,29,23409.0000,23415.0000,23399.0000,23400.0000,4160,-9.0000,38.554022988505747126436781609,-0.450557164166008598754058086,49.375274725274725274725274725,0.888660552046378818032361339,Other,,0,False,False
637,14:29:07.000,14:28:17.000,14:29:07.000,50,23400.0000,23415.0000,23399.1000,23415.0000,3575,15.0000,38.027564102564102564102564103,-0.526458885941644562334217506,50.167592592592592592592592593,0.792317867317867317867317868,A,A,1,False,False
638,14:29:33.000,14:29:07.000,14:29:33.000,26,23415.0000,23415.0000,23404.0000,23415.0000,4030,0.0000,38.895882352941176470588235294,0.868318250377073906485671191,48.572941176470588235294117647,-1.594651416122004357298474946,Other,,0,False,False
639,14:29:52.000,14:29:33.000,14:29:52.000,19,23415.0000,23415.0000,23403.1000,23405.0000,3640,-10.0000,38.413793103448275862068965517,-0.482089249492900608519269777,48.993333333333333333333333333,0.420392156862745098039215686,Other,,0,False,False
640,14:30:03.000,14:29:52.000,14:30:03.000,11,23405.0000,23415.0000,23400.5000,23415.0000,4160,10.0000,37.228571428571428571428571429,-1.185221674876847290640394088,49.778378378378378378378378378,0.785045045045045045045045045,A,A,1,False,False
641,14:30:40.000,14:30:03.000,14:30:40.000,37,23415.0000,23415.0000,23402.1000,23402.3000,3380,-12.7000,38.290756302521008403361344538,1.062184873949579831932773109,48.388034188034188034188034188,-1.390344190344190344190344190,B,B,1,False,False
642,14:30:52.000,14:30:40.000,14:30:52.000,12,23402.3000,23413.3000,23400.0000,23400.0000,3510,-2.3000,37.5025,-0.788256302521008403361344538,48.8350,0.446965811965811965811965812,Other,,0,False,False
643,14:31:35.000,14:30:52.000,14:31:35.000,43,23400.0000,23411.6000,23398.0000,23411.4000,4030,11.4000,37.216428571428571428571428571,-0.286071428571428571428571429,49.323571428571428571428571429,0.488571428571428571428571429,A,A,1,False,False
644,14:32:16.000,14:31:35.000,14:32:16.000,41,23411.4000,23414.1000,23400.1000,23413.9000,3965,2.5000,37.777559055118110236220472441,0.561130483689538807649043870,48.892366412213740458015267176,-0.431205016357688113413304253,Other,,0,False,False
645,14:32:47.000,14:32:16.000,14:32:47.000,31,23413.9000,23415.1000,23400.0000,23415.1000,4030,1.2000,39.396116504854368932038834951,1.618557449736258695818362510,46.726237623762376237623762376,-2.166128788451364220391504800,Other,,0,False,False
646,14:33:18.000,14:32:47.000,14:33:18.000,31,23415.1000,23416.9000,23403.0000,23403.2000,3250,-11.9000,39.171782178217821782178217822,-0.224334326636547149860617129,47.811616161616161616161616162,1.085378537853785378537853786,Other,,0,False,False
647,14:33:50.000,14:33:18.000,14:33:50.000,32,23403.2000,23407.0000,23403.0000,23403.0000,3315,-0.2000,38.664285714285714285714285714,-0.507496463932107496463932108,48.17718446601941747572815534,0.365568304403255859566539178,Other,,0,False,False
648,14:33:55.000,14:33:50.000,14:33:55.000,5,23403.0000,23410.0000,23397.0000,23397.0000,5005,-6.0000,35.435714285714285714285714286,-3.228571428571428571428571428,50.628571428571428571428571429,2.451386962552011095700416089,Other,,0,False,False
649,14:34:05.000,14:33:55.000,14:34:05.000,10,23397.0000,23406.1000,23392.7000,23404.9000,3445,7.9000,33.452857142857142857142857143,-1.982857142857142857142857143,52.395454545454545454545454545,1.766883116883116883116883116,A,A,1,False,False
650,14:34:24.000,14:34:05.000,14:34:24.000,19,23404.9000,23404.9000,23393.0000,23393.0000,6435,-11.9000,33.573333333333333333333333333,0.120476190476190476190476190,52.973333333333333333333333333,0.577878787878787878787878788,Other,,0,False,False
651,14:34:26.000,14:34:24.000,14:34:26.000,2,23393.0000,23404.4000,23393.0000,23393.0000,4290,0.0000,31.933333333333333333333333333,-1.640000000000000000000000000,53.916666666666666666666666667,0.943333333333333333333333334,Other,,0,False,False
652,14:34:31.000,14:34:26.000,14:34:31.000,5,23393.0000,23404.1000,23393.0000,23400.2000,5265,7.2000,30.841176470588235294117647059,-1.092156862745098039215686274,54.3900,0.473333333333333333333333333,A,A,1,False,False
653,14:34:32.000,14:34:31.000,14:34:32.000,1,23400.2000,23400.2000,23389.2000,23389.2000,3510,-11.0000,28.7500,-2.091176470588235294117647059,56.1500,1.7600,Other,,0,False,False
654,14:35:01.000,14:34:32.000,14:35:01.000,29,23389.2000,23400.2000,23383.9000,23386.0000,5135,-3.2000,29.32032967032967032967032967,0.57032967032967032967032967,55.944505494505494505494505495,-0.205494505494505494505494505,B,B,1,False,False
655,14:35:06.000,14:35:01.000,14:35:06.000,5,23386.0000,23399.0000,23386.0000,23399.0000,3250,13.0000,31.11875,1.79842032967032967032967033,54.61875,-1.325755494505494505494505495,Other,,0,False,False
656,14:35:39.000,14:35:06.000,14:35:39.000,33,23399.0000,23399.0000,23392.8000,23392.8000,3250,-6.2000,32.500485436893203883495145631,1.381735436893203883495145631,52.728037383177570093457943925,-1.890712616822429906542056075,B,B,1,False,False
657,14:35:54.000,14:35:39.000,14:35:54.000,15,23392.8000,23409.9000,23390.0000,23409.9000,3510,17.1000,34.269565217391304347826086957,1.769079780498100464330941326,49.7520,-2.976037383177570093457943925,Other,,0,False,False
658,14:36:22.000,14:35:54.000,14:36:22.000,28,23409.9000,23411.8000,23398.1000,23398.1000,3770,-11.8000,35.100537634408602150537634409,0.830972417017297802711547452,48.937912087912087912087912088,-0.814087912087912087912087912,B,B,1,False,False
659,14:36:50.000,14:36:22.000,14:36:50.000,28,23398.1000,23409.0000,23398.0000,23409.0000,3380,10.9000,35.857692307692307692307692308,0.757154673283705541770057899,47.199438202247191011235955056,-1.738473885664896900851957032,Other,,0,False,False
660,14:37:08.000,14:36:50.000,14:37:08.000,18,23409.0000,23409.5000,23398.1000,23398.1000,3315,-10.9000,35.863934426229508196721311475,0.006242118537200504413619167,46.936065573770491803278688525,-0.263372628476699207957266531,B,B,1,False,False
661,14:37:30.000,14:37:08.000,14:37:30.000,22,23398.1000,23407.4000,23396.0000,23397.0000,3835,-1.1000,32.689436619718309859154929577,-3.174497806511198337566381898,50.502173913043478260869565217,3.566108339272986457590876692,Other,,0,False,False
662,14:37:57.000,14:37:30.000,14:37:57.000,27,23397.0000,23401.7000,23393.4000,23401.7000,3250,4.7000,31.964285714285714285714285714,-0.725150905432595573440643863,50.860714285714285714285714286,0.358540372670807453416149069,A,A,1,False,False
663,14:38:22.000,14:37:57.000,14:38:22.000,25,23401.7000,23401.7000,23395.0000,23395.0000,3250,-6.7000,32.954819277108433734939759036,0.990533562822719449225473322,49.713924050632911392405063291,-1.146790235081374321880650995,B,B,1,False,False
664,14:38:54.000,14:38:22.000,14:38:54.000,32,23395.0000,23400.0000,23386.1000,23386.1000,4680,-8.9000,31.45049504950495049504950495,-1.504324227603483239890254086,50.80049504950495049504950495,1.086570998872039102644441659,Other,,0,False,False
665,14:39:14.000,14:38:54.000,14:39:14.000,20,23386.1000,23399.9000,23386.1000,23386.7000,3250,0.6000,29.272307692307692307692307692,-2.178187357197258187357197258,53.113846153846153846153846154,2.313351104341203351104341204,A,A,1,False,False
666,14:40:12.000,14:39:14.000,14:40:12.000,58,23386.7000,23400.0000,23386.7000,23390.0000,3250,3.3000,30.646808510638297872340425532,1.374500818330605564648117840,51.956117021276595744680851064,-1.157729132569558101472995090,Other,,0,False,False
667,14:40:42.000,14:40:12.000,14:40:42.000,30,23390.0000,23400.0000,23388.0000,23388.0000,3640,-2.0000,30.496907216494845360824742268,-0.149901294143452511515683264,52.636363636363636363636363636,0.680246615087040618955512572,Other,,0,False,False
668,14:41:25.000,14:40:42.000,14:41:25.000,43,23388.0000,23393.0000,23383.0000,23387.0000,3315,-1.0000,27.596350364963503649635036496,-2.900556851531341711189705772,55.463309352517985611510791367,2.826945716154349247874427731,Other,,0,False,False
669,14:41:52.000,14:41:25.000,14:41:52.000,27,23387.0000,23387.0000,23379.7000,23380.4000,3575,-6.6000,26.517283950617283950617283951,-1.079066414346219699017752545,56.489411764705882352941176471,1.026102412187896741430385104,Other,,0,False,False
670,14:42:13.000,14:41:52.000,14:42:13.000,21,23380.4000,23387.0000,23380.0000,23380.0000,3250,-0.4000,27.608955223880597014925373134,1.091671273263313064308089183,54.097014925373134328358208955,-2.392396839332748024582967516,B,B,1,False,False
671,14:42:18.000,14:42:13.000,14:42:18.000,5,23380.0000,23385.4000,23375.3000,23379.1000,3250,-0.9000,23.06875,-4.540205223880597014925373134,60.85625,6.759235074626865671641791045,Other,,0,False,False
672,14:42:23.000,14:42:18.000,14:42:23.000,5,23379.1000,23380.4000,23367.0000,23380.4000,3640,1.3000,21.9875,-1.08125,62.3250,1.46875,A,A,1,False,False
673,14:42:38.000,14:42:23.000,14:42:38.000,15,23380.4000,23380.4000,23367.3000,23370.0000,3250,-10.4000,42.719148936170212765957446809,,34.621276595744680851063829787,,Other,,0,False,False
674,14:43:20.000,14:42:38.000,14:43:20.000,42,23370.0000,23380.0000,23370.0000,23376.2000,3835,6.2000,23.717407407407407407407407407,,59.186641221374045801526717557,,Other,,0,False,False
675,14:43:38.000,14:43:20.000,14:43:38.000,18,23376.2000,23376.2000,23372.0000,23373.5000,3965,-2.7000,46.25169491525423728813559322,,32.472033898305084745762711864,,Other,,0,False,False
676,14:43:43.000,14:43:38.000,14:43:43.000,5,23373.5000,23376.0000,23373.5000,23376.0000,4420,2.5000,24.35625,,58.9375,,Other,,0,False,False
677,14:44:27.000,14:43:43.000,14:44:27.000,44,23376.0000,23383.9000,23375.3000,23382.0000,3250,6.0000,24.91962962962962962962962963,0.56337962962962962962962963,57.616666666666666666666666667,-1.320833333333333333333333333,Other,,0,False,False
678,14:45:40.000,14:44:27.000,14:45:40.000,73,23382.0000,23387.0000,23375.0000,23387.0000,8190,5.0000,25.176681614349775784753363229,0.257051984720146155123733599,56.782683982683982683982683983,-0.833982683982683982683982684,Other,,0,False,False
679,14:45:40.000,14:45:40.000,14:45:40.000,0,23387.0000,23387.0000,23387.0000,23387.0000,4940,0.0000,,,,,Other,,0,False,False
680,14:45:57.000,14:45:41.000,14:45:57.000,16,23388.1000,23389.8000,23383.3000,23389.8000,3315,2.8000,26.753703703703703703703703704,,53.009259259259259259259259259,,Other,,0,False,False
681,14:46:20.000,14:45:57.000,14:46:20.000,23,23389.8000,23396.0000,23382.2000,23395.0000,4030,5.2000,26.725342465753424657534246575,-0.028361237950279046169457129,53.195890410958904109589041096,0.186631151699644850329781837,A,A,1,False,False
682,14:46:30.000,14:46:20.000,14:46:30.000,10,23395.0000,23395.0000,23381.0000,23381.0000,4290,-14.0000,26.11969696969696969696969697,-0.605645496056454960564549605,54.3500,1.154109589041095890410958904,Other,,0,False,False
683,14:47:56.000,14:46:30.000,14:47:56.000,86,23381.0000,23396.9000,23381.0000,23390.0000,3250,9.0000,26.079227941176470588235294118,-0.040469028520499108734402852,52.340073529411764705882352941,-2.009926470588235294117647059,Other,,0,False,False
684,14:49:38.000,14:47:56.000,14:49:38.000,102,23390.0000,23391.5000,23380.0000,23391.5000,4940,1.5000,24.132532051282051282051282051,-1.946695889894419306184012067,52.732716049382716049382716049,0.392642519970951343500363108,A,A,1,False,False
685,14:49:54.000,14:49:38.000,14:49:54.000,16,23391.5000,23391.5000,23380.0000,23380.0000,3380,-11.5000,22.790384615384615384615384615,-1.342147435897435897435897436,53.0440,0.311283950617283950617283951,Other,,0,False,False
686,14:50:09.000,14:49:54.000,14:50:09.000,15,23380.0000,23389.0000,23377.0000,23381.4000,3705,1.4000,20.990816326530612244897959184,-1.799568288854003139717425431,54.765306122448979591836734694,1.721306122448979591836734694,A,A,1,False,False
687,14:50:57.000,14:50:09.000,14:50:57.000,48,23381.4000,23389.0000,23376.6000,23389.0000,3250,7.6000,22.920967741935483870967741935,1.930151415404871626069782751,51.847986577181208053691275168,-2.917319545267771538145459526,Other,,0,False,False
688,14:51:46.000,14:50:57.000,14:51:46.000,49,23389.0000,23393.0000,23379.4000,23381.1000,3250,-7.9000,24.586392405063291139240506329,1.665424663127807268272764394,49.896710526315789473684210526,-1.951276050865418580007064642,B,B,1,False,False
689,14:52:12.000,14:51:46.000,14:52:12.000,26,23381.1000,23390.8000,23374.1000,23374.1000,3510,-7.0000,45.080120481927710843373493976,,26.369879518072289156626506024,,Other,,0,False,False
690,14:52:47.000,14:52:12.000,14:52:47.000,35,23374.1000,23385.0000,23374.1000,23385.0000,3380,10.9000,21.74734513274336283185840708,,52.227142857142857142857142857,,Other,,0,False,False
691,14:53:08.000,14:52:47.000,14:53:08.000,21,23385.0000,23394.0000,23380.2000,23380.2000,3510,-4.8000,22.8500,1.10265486725663716814159292,49.763768115942028985507246377,-2.463374741200828157349896480,B,B,1,False,False
692,14:53:31.000,14:53:08.000,14:53:31.000,23,23380.2000,23391.7000,23379.2000,23379.2000,4030,-1.0000,22.666666666666666666666666667,-0.183333333333333333333333333,50.132876712328767123287671233,0.369108596386738137780424856,Other,,0,False,False
693,14:53:37.000,14:53:31.000,14:53:37.000,6,23379.2000,23379.2000,23376.5000,23377.7000,3315,-1.5000,20.8000,-1.866666666666666666666666667,53.2000,3.067123287671232876712328767,Other,,0,False,False
694,14:54:00.000,14:53:37.000,14:54:00.000,23,23377.7000,23389.5000,23376.6000,23377.1000,4160,-0.6000,21.216901408450704225352112676,0.416901408450704225352112676,52.598666666666666666666666667,-0.601333333333333333333333333,B,B,1,False,False
695,14:54:34.000,14:54:00.000,14:54:34.000,34,23377.1000,23383.0000,23376.7000,23379.9000,3315,2.8000,22.005405405405405405405405405,0.788503996954701180053292729,52.0000,-0.598666666666666666666666667,Other,,0,False,False
696,14:55:06.000,14:54:34.000,14:55:06.000,32,23379.9000,23383.6000,23377.8000,23382.7000,4745,2.8000,23.148058252427184466019417476,1.142652847021779060614012071,50.804455445544554455445544554,-1.195544554455445544554455446,Other,,0,False,False
697,14:55:18.000,14:55:06.000,14:55:18.000,12,23382.7000,23382.7000,23378.1000,23378.3000,3250,-4.4000,22.386842105263157894736842105,-0.761216147164026571282575371,52.257894736842105263157894737,1.453439291297550807712350183,Other,,0,False,False
698,14:55:36.000,14:55:18.000,14:55:36.000,18,23378.3000,23379.2000,23376.3000,23378.7000,4680,0.4000,21.768421052631578947368421053,-0.618421052631578947368421052,52.658823529411764705882352941,0.400928792569659442724458204,A,A,1,False,False
699,14:55:52.000,14:55:36.000,14:55:52.000,16,23378.7000,23382.9000,23378.7000,23382.9000,3315,4.2000,23.135416666666666666666666667,1.366995614035087719298245614,50.658333333333333333333333333,-2.000490196078431372549019608,Other,,0,False,False
700,14:56:11.000,14:55:52.000,14:56:11.000,19,23382.9000,23382.9000,23378.4000,23379.7000,3250,-3.2000,22.374576271186440677966101695,-0.760840395480225988700564972,51.690677966101694915254237288,1.032344632768361581920903955,Other,,0,False,False
701,14:56:18.000,14:56:11.000,14:56:18.000,7,23379.7000,23379.7000,23377.4000,23377.4000,3510,-2.3000,21.2375,-1.137076271186440677966101695,53.116666666666666666666666667,1.425988700564971751412429379,Other,,0,False,False
702,14:56:34.000,14:56:18.000,14:56:34.000,16,23377.4000,23387.6000,23377.2000,23377.4000,3250,0.0000,21.281372549019607843137254902,0.043872549019607843137254902,53.055102040816326530612244898,-0.061564625850340136054421769,Other,,0,False,False
703,14:56:47.000,14:56:34.000,14:56:47.000,13,23377.4000,23381.5000,23375.4000,23380.6000,3965,3.2000,21.0425,-0.238872549019607843137254902,53.05952380952380952380952381,0.004421768707482993197278912,A,A,1,False,False
704,14:56:49.000,14:56:47.000,14:56:49.000,2,23380.6000,23380.6000,23380.6000,23380.6000,3770,0.0000,21.8000,0.7575,51.383333333333333333333333333,-1.676190476190476190476190477,Other,,0,False,False
705,14:57:07.000,14:56:49.000,14:57:07.000,18,23380.6000,23387.5000,23378.3000,23378.4000,4095,-2.2000,21.560526315789473684210526316,-0.239473684210526315789473684,52.026315789473684210526315789,0.642982456140350877192982456,Other,,0,False,False
706,14:57:13.000,14:57:07.000,14:57:13.000,6,23378.4000,23392.9000,23377.1000,23377.1000,5395,-1.3000,21.0150,-0.545526315789473684210526316,52.7750,0.748684210526315789473684211,Other,,0,False,False
707,14:57:15.000,14:57:13.000,14:57:15.000,2,23377.1000,23377.3000,23376.3000,23377.3000,3640,0.2000,20.6500,-0.3650,53.366666666666666666666666667,0.591666666666666666666666667,A,A,1,False,False
708,14:57:17.000,14:57:15.000,14:57:17.000,2,23377.3000,23377.3000,23376.4000,23376.5000,4290,-0.8000,20.433333333333333333333333333,-0.216666666666666666666666667,53.483333333333333333333333333,0.116666666666666666666666666,Other,,0,False,False
709,14:57:20.000,14:57:17.000,14:57:20.000,3,23376.5000,23377.3000,23376.4000,23376.4000,5590,-0.1000,20.4600,0.026666666666666666666666667,53.4600,-0.023333333333333333333333333,B,B,1,False,False
710,14:57:22.000,14:57:20.000,14:57:22.000,2,23376.4000,23377.0000,23376.4000,23376.7000,3640,0.3000,20.5000,0.0400,53.4000,-0.0600,Other,,0,False,False
711,14:57:43.000,14:57:22.000,14:57:43.000,21,23376.7000,23379.2000,23376.7000,23378.0000,3640,1.3000,20.963432835820895522388059701,0.463432835820895522388059701,52.755223880597014925373134328,-0.644776119402985074626865672,Other,,0,False,False
712,14:57:47.000,14:57:43.000,14:57:47.000,4,23378.0000,23389.4000,23376.4000,23376.4000,3900,-1.6000,20.414285714285714285714285714,-0.549147121535181236673773987,53.414285714285714285714285714,0.659061833688699360341151386,Other,,0,False,False
713,14:57:49.000,14:57:47.000,14:57:49.000,2,23376.4000,23376.4000,23375.9000,23375.9000,3445,-0.5000,20.3500,-0.064285714285714285714285714,53.683333333333333333333333333,0.269047619047619047619047619,Other,,0,False,False
714,14:57:54.000,14:57:49.000,14:57:54.000,5,23375.9000,23376.5000,23375.9000,23376.5000,4875,0.6000,20.3000,-0.0500,53.6000,-0.083333333333333333333333333,Other,,0,False,False
715,14:57:57.000,14:57:54.000,14:57:57.000,3,23376.5000,23387.9000,23376.4000,23376.4000,5265,-0.1000,20.1500,-0.1500,53.6900,0.0900,Other,,0,False,False
716,14:57:59.000,14:57:57.000,14:57:59.000,2,23376.4000,23376.4000,23375.6000,23375.6000,3445,-0.8000,19.866666666666666666666666667,-0.283333333333333333333333333,54.216666666666666666666666667,0.526666666666666666666666667,Other,,0,False,False
717,14:58:06.000,14:57:59.000,14:58:06.000,7,23375.6000,23386.8000,23370.7000,23370.7000,7800,-4.9000,41.843478260869565217391304348,,27.530434782608695652173913043,,Other,,0,False,False
718,14:58:06.000,14:58:06.000,14:58:06.000,0,23370.7000,23370.7000,23370.7000,23370.7000,4550,0.0000,,,,,Other,,0,False,False
719,14:58:07.000,14:58:06.000,14:58:07.000,1,23370.9000,23370.9000,23370.0000,23370.2000,11505,-0.5000,38.5000,,29.4500,,Other,,0,False,False
720,14:58:07.000,14:58:07.000,14:58:07.000,0,23370.2000,23370.2000,23370.2000,23370.2000,8255,0.0000,,,,,Other,,0,False,False
721,14:58:08.000,14:58:08.000,14:58:08.000,0,23370.0000,23370.0000,23370.0000,23370.0000,5005,-0.2000,39.1500,,29.2000,,Other,,0,False,False
722,14:58:09.000,14:58:08.000,14:58:09.000,1,23370.0000,23370.0000,23369.8000,23369.8000,3900,-0.2000,39.3250,0.1750,29.1750,-0.0250,B,B,1,False,False
723,14:58:17.000,14:58:09.000,14:58:17.000,8,23369.8000,23380.0000,23369.8000,23371.4000,4485,1.6000,40.630769230769230769230769231,1.305769230769230769230769231,28.657692307692307692307692308,-0.517307692307692307692307692,Other,,0,False,False
724,14:58:20.000,14:58:17.000,14:58:20.000,3,23371.4000,23372.8000,23371.4000,23371.6000,3445,0.2000,40.9000,0.269230769230769230769230769,28.6125,-0.045192307692307692307692308,Other,,0,False,False
725,14:58:22.000,14:58:20.000,14:58:22.000,2,23371.6000,23371.6000,23369.9000,23369.9000,9165,-1.7000,39.8000,-1.1000,29.3375,0.7250,Other,,0,False,False
726,14:58:22.000,14:58:22.000,14:58:22.000,0,23369.9000,23369.9000,23369.9000,23369.9000,5915,0.0000,,,,,Other,,0,False,False
727,14:58:24.000,14:58:23.000,14:58:24.000,1,23369.3000,23370.6000,23369.3000,23370.6000,11180,0.7000,39.833333333333333333333333333,,29.666666666666666666666666667,,Other,,0,False,False
728,14:58:24.000,14:58:24.000,14:58:24.000,0,23370.6000,23370.6000,23370.6000,23370.6000,7930,0.0000,,,,,Other,,0,False,False
729,14:58:25.000,14:58:25.000,14:58:25.000,0,23371.6000,23371.6000,23371.6000,23371.6000,4680,1.0000,40.8500,,29.0500,,Other,,0,False,False
730,14:58:25.000,14:58:25.000,14:58:25.000,0,23371.6000,23372.2000,23371.6000,23372.2000,4940,0.6000,,,,,Other,,0,False,False
731,14:58:29.000,14:58:25.000,14:58:29.000,4,23372.2000,23373.9000,23372.2000,23372.9000,3900,0.7000,41.635714285714285714285714286,,28.485714285714285714285714286,,Other,,0,False,False
732,14:58:30.000,14:58:29.000,14:58:30.000,1,23372.9000,23373.9000,23372.9000,23373.9000,4680,1.0000,41.566666666666666666666666667,-0.069047619047619047619047619,28.466666666666666666666666667,-0.019047619047619047619047619,Other,,0,False,False
733,14:58:34.000,14:58:30.000,14:58:34.000,4,23373.9000,23374.9000,23373.6000,23374.9000,4225,1.0000,42.278571428571428571428571429,0.711904761904761904761904762,27.964285714285714285714285714,-0.502380952380952380952380953,Other,,0,False,False
734,14:58:35.000,14:58:34.000,14:58:35.000,1,23374.9000,23374.9000,23373.7000,23373.7000,3900,-1.2000,42.0500,-0.228571428571428571428571429,28.1500,0.185714285714285714285714286,Other,,0,False,False
735,14:58:37.000,14:58:35.000,14:58:37.000,2,23373.7000,23373.7000,23372.7000,23372.7000,4290,-1.0000,41.0125,-1.0375,28.9875,0.8375,Other,,0,False,False
736,14:58:38.000,14:58:37.000,14:58:38.000,1,23372.7000,23372.7000,23370.7000,23370.7000,4095,-2.0000,41.0000,-0.0125,29.0500,0.0625,Other,,0,False,False
737,14:58:42.000,14:58:38.000,14:58:42.000,4,23370.7000,23384.5000,23370.1000,23384.5000,4550,13.8000,18.457142857142857142857142857,,57.328571428571428571428571429,,Other,,0,False,False
738,14:58:45.000,14:58:42.000,14:58:45.000,3,23384.5000,23384.5000,23370.7000,23370.8000,4940,-13.7000,39.9250,,29.5250,,Other,,0,False,False
739,14:58:48.000,14:58:45.000,14:58:48.000,3,23370.8000,23371.0000,23370.4000,23371.0000,3835,0.2000,40.066666666666666666666666667,0.141666666666666666666666667,29.1800,-0.3450,Other,,0,False,False
740,14:58:52.000,14:58:48.000,14:58:52.000,4,23371.0000,23371.6000,23370.6000,23371.6000,4290,0.6000,39.835714285714285714285714286,-0.230952380952380952380952381,29.214285714285714285714285714,0.034285714285714285714285714,A,A,1,False,False
741,14:58:55.000,14:58:52.000,14:58:55.000,3,23371.6000,23371.6000,23370.2000,23370.2000,4030,-1.4000,39.9000,0.064285714285714285714285714,29.2500,0.035714285714285714285714286,Other,,0,False,False
742,14:59:00.000,14:58:55.000,14:59:00.000,5,23370.2000,23370.8000,23366.0000,23366.0000,21320,-4.2000,38.6500,-1.2500,30.3500,1.1000,Other,,0,False,False
743,14:59:00.000,14:59:00.000,14:59:00.000,0,23366.0000,23366.0000,23366.0000,23366.0000,18070,0.0000,,,,,Other,,0,False,False
744,14:59:00.000,14:59:00.000,14:59:00.000,0,23365.7000,23365.7000,23365.7000,23365.7000,14820,-0.3000,,,,,Other,,0,False,False
745,14:59:00.000,14:59:00.000,14:59:00.000,0,23365.7000,23365.7000,23365.7000,23365.7000,11570,0.0000,,,,,Other,,0,False,False
746,14:59:00.000,14:59:00.000,14:59:00.000,0,23365.7000,23365.7000,23365.7000,23365.7000,8320,0.0000,,,,,Other,,0,False,False
747,14:59:01.000,14:59:01.000,14:59:01.000,0,23365.8000,23365.8000,23365.8000,23365.8000,5070,0.1000,38.4000,,30.6000,,Other,,0,False,False
748,14:59:01.000,14:59:01.000,14:59:01.000,0,23365.8000,23365.8000,23365.5000,23365.5000,15795,-0.3000,,,,,Other,,0,False,False
749,14:59:01.000,14:59:01.000,14:59:01.000,0,23365.5000,23365.5000,23365.5000,23365.5000,12545,0.0000,,,,,Other,,0,False,False
750,14:59:03.000,14:59:03.000,14:59:03.000,0,23367.9000,23367.9000,23367.9000,23367.9000,9295,2.4000,37.4500,,31.6000,,Other,,0,False,False
751,14:59:03.000,14:59:03.000,14:59:03.000,0,23367.9000,23367.9000,23367.9000,23367.9000,6045,0.0000,,,,,Other,,0,False,False
752,14:59:13.000,14:59:03.000,14:59:13.000,10,23364.6000,23376.6000,23364.6000,23364.8000,3510,-3.1000,37.890625,,31.56875,,Other,,0,False,False
753,14:59:20.000,14:59:13.000,14:59:20.000,7,23364.8000,23364.8000,23362.5000,23363.6000,7215,-1.2000,36.6875,-1.203125,33.3250,1.75625,Other,,0,False,False
754,14:59:20.000,14:59:20.000,14:59:20.000,0,23363.6000,23363.6000,23363.6000,23363.6000,3965,0.0000,,,,,Other,,0,False,False
755,14:59:54.000,14:59:21.000,14:59:54.000,33,23363.2000,23374.8000,23361.8000,23366.8000,3315,3.2000,37.383177570093457943925233645,,32.941588785046728971962616822,,Other,,0,False,False
756,15:00:23.000,14:59:54.000,15:00:23.000,29,23366.8000,23375.0000,23366.8000,23375.0000,3250,8.2000,39.022527472527472527472527473,1.639349902434014583547293828,30.584736842105263157894736842,-2.356851942941465814067879980,Other,,0,False,False
757,15:00:36.000,15:00:23.000,15:00:36.000,13,23375.0000,23375.0000,23368.2000,23368.5000,4810,-6.5000,39.196341463414634146341463415,0.173813990887161618868935942,30.538461538461538461538461538,-0.046275303643724696356275304,B,B,1,False,False
758,15:00:38.000,15:00:36.000,15:00:38.000,2,23368.5000,23368.5000,23367.5000,23367.5000,4940,-1.0000,38.7250,-0.471341463414634146341463415,31.0000,0.461538461538461538461538462,Other,,0,False,False
759,15:00:39.000,15:00:38.000,15:00:39.000,1,23367.5000,23367.5000,23365.8000,23365.8000,4875,-1.7000,38.0000,-0.7250,31.7500,0.7500,Other,,0,False,False
760,15:00:41.000,15:00:39.000,15:00:41.000,2,23365.8000,23365.8000,23365.6000,23365.6000,3835,-0.2000,37.8000,-0.2000,32.1000,0.3500,Other,,0,False,False
761,15:00:51.000,15:00:41.000,15:00:51.000,10,23365.6000,23375.0000,23364.3000,23364.3000,3250,-1.3000,37.632352941176470588235294118,-0.167647058823529411764705882,32.478125,0.378125,Other,,0,False,False
762,15:00:59.000,15:00:51.000,15:00:59.000,8,23364.3000,23365.4000,23363.9000,23364.6000,3510,0.3000,37.545833333333333333333333333,-0.086519607843137254901960785,32.6750,0.196875,A,A,1,False,False
763,15:01:07.000,15:00:59.000,15:01:07.000,8,23364.6000,23364.6000,23359.4000,23359.4000,13390,-5.2000,36.448148148148148148148148148,-1.097685185185185185185185185,33.744444444444444444444444444,1.069444444444444444444444444,Other,,0,False,False
764,15:01:07.000,15:01:07.000,15:01:07.000,0,23359.4000,23359.4000,23359.4000,23359.4000,10140,0.0000,,,,,Other,,0,False,False
765,15:01:08.000,15:01:08.000,15:01:08.000,0,23360.2000,23360.2000,23360.2000,23360.2000,6890,0.8000,35.0750,,34.7000,,Other,,0,False,False
766,15:01:08.000,15:01:08.000,15:01:08.000,0,23360.2000,23360.2000,23360.2000,23360.2000,3640,0.0000,,,,,Other,,0,False,False
767,15:01:09.000,15:01:09.000,15:01:09.000,0,23360.7000,23360.7000,23360.7000,23360.7000,11050,0.5000,35.3500,,34.2500,,Other,,0,False,False
768,15:01:09.000,15:01:09.000,15:01:09.000,0,23360.7000,23360.7000,23360.7000,23360.7000,7800,0.0000,,,,,Other,,0,False,False
769,15:01:09.000,15:01:09.000,15:01:09.000,0,23361.7000,23361.7000,23361.7000,23361.7000,4550,1.0000,,,,,Other,,0,False,False
770,15:01:10.000,15:01:09.000,15:01:10.000,1,23361.7000,23362.9000,23361.7000,23362.9000,3575,1.2000,36.2500,,33.7750,,Other,,0,False,False
771,15:01:17.000,15:01:10.000,15:01:17.000,7,23362.9000,23363.5000,23362.0000,23363.1000,3900,0.2000,36.8000,0.5500,33.731818181818181818181818182,-0.043181818181818181818181818,Other,,0,False,False
772,15:01:29.000,15:01:17.000,15:01:29.000,12,23363.1000,23368.6000,23363.1000,23367.5000,3445,4.4000,39.2000,2.4000,31.321052631578947368421052632,-2.410765550239234449760765550,Other,,0,False,False
773,15:01:45.000,15:01:29.000,15:01:45.000,16,23367.5000,23374.3000,23367.5000,23373.1000,4550,5.6000,41.13773584905660377358490566,1.93773584905660377358490566,29.290196078431372549019607843,-2.030856553147574819401444789,Other,,0,False,False
774,15:01:47.000,15:01:45.000,15:01:47.000,2,23373.1000,23373.1000,23371.8000,23371.8000,4810,-1.3000,40.816666666666666666666666667,-0.321069182389937106918238993,29.533333333333333333333333333,0.243137254901960784313725490,Other,,0,False,False
775,15:01:48.000,15:01:47.000,15:01:48.000,1,23371.8000,23371.8000,23371.1000,23371.1000,4225,-0.7000,40.8250,0.008333333333333333333333333,29.5750,0.041666666666666666666666667,Other,,0,False,False
776,15:01:51.000,15:01:48.000,15:01:51.000,3,23371.1000,23371.1000,23369.9000,23370.1000,4420,-1.0000,40.0600,-0.7650,30.2000,0.6250,Other,,0,False,False
777,15:01:53.000,15:01:51.000,15:01:53.000,2,23370.1000,23370.1000,23369.7000,23369.9000,4420,-0.2000,40.0500,-0.0100,30.3000,0.1000,Other,,0,False,False
778,15:01:55.000,15:01:53.000,15:01:55.000,2,23369.9000,23370.2000,23369.6000,23370.2000,3705,0.3000,40.183333333333333333333333333,0.133333333333333333333333333,30.116666666666666666666666667,-0.183333333333333333333333333,Other,,0,False,False
779,15:02:03.000,15:01:55.000,15:02:03.000,8,23370.2000,23373.0000,23370.2000,23370.7000,4615,0.5000,40.666666666666666666666666667,0.483333333333333333333333334,29.862962962962962962962962963,-0.253703703703703703703703704,Other,,0,False,False
780,15:02:04.000,15:02:03.000,15:02:04.000,1,23370.7000,23370.7000,23370.2000,23370.2000,4355,-0.5000,40.3250,-0.341666666666666666666666667,30.3250,0.462037037037037037037037037,Other,,0,False,False
781,15:02:06.000,15:02:04.000,15:02:06.000,2,23370.2000,23370.2000,23369.3000,23369.3000,3705,-0.9000,39.733333333333333333333333333,-0.591666666666666666666666667,30.6500,0.3250,Other,,0,False,False
782,15:02:09.000,15:02:06.000,15:02:09.000,3,23369.3000,23370.1000,23369.1000,23369.1000,9165,-0.2000,39.5600,-0.173333333333333333333333333,30.5900,-0.0600,Other,,0,False,False
783,15:02:09.000,15:02:09.000,15:02:09.000,0,23369.1000,23369.1000,23369.1000,23369.1000,5915,0.0000,,,,,Other,,0,False,False
784,15:02:17.000,15:02:11.000,15:02:17.000,6,23373.0000,23373.0000,23369.5000,23369.5000,9165,0.4000,39.218181818181818181818181818,,30.831818181818181818181818182,,Other,,0,False,False
785,15:02:17.000,15:02:17.000,15:02:17.000,0,23369.5000,23369.5000,23369.5000,23369.5000,5915,0.0000,,,,,Other,,0,False,False
786,15:02:19.000,15:02:18.000,15:02:19.000,1,23369.3000,23369.3000,23368.5000,23369.1000,16640,-0.4000,39.2750,,30.833333333333333333333333333,,Other,,0,False,False
787,15:02:19.000,15:02:19.000,15:02:19.000,0,23369.1000,23369.1000,23369.1000,23369.1000,13390,0.0000,,,,,Other,,0,False,False
788,15:02:20.000,15:02:20.000,15:02:20.000,0,23369.7000,23369.7000,23369.7000,23369.7000,10140,0.6000,39.6000,,30.3250,,Other,,0,False,False
789,15:02:20.000,15:02:20.000,15:02:20.000,0,23369.7000,23369.7000,23369.7000,23369.7000,6890,0.0000,,,,,Other,,0,False,False
790,15:02:21.000,15:02:21.000,15:02:21.000,0,23369.5000,23369.5000,23369.5000,23369.5000,3640,-0.2000,40.0750,,30.0750,,Other,,0,False,False
791,15:02:21.000,15:02:21.000,15:02:21.000,0,23369.5000,23369.8000,23369.5000,23369.8000,6500,0.3000,,,,,Other,,0,False,False
792,15:02:21.000,15:02:21.000,15:02:21.000,0,23369.8000,23369.8000,23369.8000,23369.8000,3250,0.0000,,,,,Other,,0,False,False
793,15:02:24.000,15:02:22.000,15:02:24.000,2,23370.3000,23370.7000,23370.3000,23370.6000,3250,0.8000,40.3500,,29.7750,,Other,,0,False,False
794,15:02:29.000,15:02:24.000,15:02:29.000,5,23370.6000,23375.0000,23370.6000,23372.4000,7150,1.8000,41.0250,0.6750,28.61875,-1.15625,Other,,0,False,False
795,15:02:29.000,15:02:29.000,15:02:29.000,0,23372.4000,23372.4000,23372.4000,23372.4000,3900,0.0000,,,,,Other,,0,False,False
796,15:02:57.000,15:02:30.000,15:02:57.000,27,23372.9000,23376.0000,23370.4000,23374.4000,3380,2.0000,40.229213483146067415730337079,,29.167441860465116279069767442,,Other,,0,False,False
797,15:03:04.000,15:02:57.000,15:03:04.000,7,23374.4000,23374.4000,23364.4000,23364.4000,7605,-10.0000,36.5000,-3.729213483146067415730337079,31.99130434782608695652173913,2.823862487360970677451971688,Other,,0,False,False
798,15:03:04.000,15:03:04.000,15:03:04.000,0,23364.4000,23364.4000,23364.4000,23364.4000,4355,0.0000,,,,,Other,,0,False,False
799,15:03:23.000,15:03:04.000,15:03:23.000,19,23364.1000,23373.0000,23364.1000,23364.4000,4160,0.0000,35.351666666666666666666666667,,32.741666666666666666666666667,,Other,,0,False,False
800,15:03:49.000,15:03:23.000,15:03:49.000,26,23364.4000,23381.8000,23364.4000,23381.8000,8060,17.4000,16.178823529411764705882352941,,62.377058823529411764705882353,,Other,,0,False,False
801,15:03:49.000,15:03:49.000,15:03:49.000,0,23381.8000,23381.8000,23381.8000,23381.8000,4810,0.0000,,,,,Other,,0,False,False
802,15:04:50.000,15:03:50.000,15:04:50.000,60,23380.9000,23381.3000,23368.1000,23368.1000,3380,-13.7000,38.8350,,30.193112244897959183673469388,,Other,,0,False,False
803,15:05:55.000,15:04:50.000,15:05:55.000,65,23368.1000,23380.0000,23368.1000,23372.2000,3510,4.1000,39.368203883495145631067961165,0.533203883495145631067961165,30.819230769230769230769230769,0.626118524332810047095761381,Other,,0,False,False
804,15:07:20.000,15:05:55.000,15:07:20.000,85,23372.2000,23379.7000,23366.7000,23371.8000,3575,-0.4000,37.189483394833948339483394834,-2.178720488661197291584566331,32.336446886446886446886446886,1.517216117216117216117216117,Other,,0,False,False
805,15:07:32.000,15:07:20.000,15:07:32.000,12,23371.8000,23378.1000,23366.5000,23378.1000,3250,6.3000,16.397297297297297297297297297,,62.591025641025641025641025641,,Other,,0,False,False
806,15:08:22.000,15:07:32.000,15:08:22.000,50,23378.1000,23379.4000,23366.8000,23371.3000,3510,-6.8000,36.522955974842767295597484277,,32.285714285714285714285714286,,Other,,0,False,False
807,15:08:46.000,15:08:22.000,15:08:46.000,24,23371.3000,23378.9000,23371.3000,23371.3000,3315,0.0000,36.153333333333333333333333333,-0.369622641509433962264150944,32.149333333333333333333333333,-0.136380952380952380952380953,Other,,0,False,False
808,15:09:50.000,15:08:46.000,15:09:50.000,64,23371.3000,23378.5000,23366.5000,23369.0000,3510,-2.3000,35.801960784313725490196078431,-0.351372549019607843137254902,31.596341463414634146341463415,-0.552991869918699186991869918,Other,,0,False,False
809,15:10:11.000,15:09:50.000,15:10:11.000,21,23369.0000,23379.4000,23366.3000,23379.4000,3380,10.4000,16.6700,,60.50579710144927536231884058,,Other,,0,False,False
810,15:11:11.000,15:10:11.000,15:11:11.000,60,23379.4000,23379.9000,23368.5000,23373.9000,3250,-5.5000,39.776842105263157894736842105,,28.070263157894736842105263158,,Other,,0,False,False
811,15:11:29.000,15:11:11.000,15:11:29.000,18,23373.9000,23379.0000,23373.9000,23378.7000,4030,4.8000,20.434482758620689655172413793,,53.331034482758620689655172414,,Other,,0,False,False
812,15:11:34.000,15:11:29.000,15:11:34.000,5,23378.7000,23379.9000,23377.3000,23378.9000,4680,0.2000,22.041176470588235294117647059,1.606693711967545638945233266,50.547058823529411764705882353,-2.783975659229208924949290061,Other,,0,False,False
813,15:11:36.000,15:11:34.000,15:11:36.000,2,23378.9000,23379.9000,23378.6000,23379.9000,6370,1.0000,21.7750,-0.266176470588235294117647059,50.9500,0.402941176470588235294117647,A,A,1,False,False
814,15:11:37.000,15:11:36.000,15:11:37.000,1,23379.9000,23380.0000,23379.9000,23380.0000,5330,0.1000,21.8000,0.0250,51.0500,0.1000,Other,,0,False,False
815,15:11:57.000,15:11:37.000,15:11:57.000,20,23380.0000,23388.0000,23380.0000,23388.0000,3315,8.0000,22.315151515151515151515151515,0.515151515151515151515151515,50.396875,-0.653125,Other,,0,False,False
816,15:12:45.000,15:11:57.000,15:12:45.000,48,23388.0000,23388.0000,23376.9000,23378.0000,3250,-10.0000,19.505263157894736842105263158,-2.809888357256778309409888357,53.453571428571428571428571429,3.056696428571428571428571429,Other,,0,False,False
817,15:14:35.000,15:12:45.000,15:14:35.000,110,23378.0000,23388.8000,23377.1000,23383.0000,3250,5.0000,18.040340909090909090909090909,-1.464922248803827751196172249,53.015988372093023255813953488,-0.437583056478405315614617941,Other,,0,False,False
818,15:16:17.000,15:14:35.000,15:16:17.000,102,23383.0000,23387.6000,23370.0000,23379.0000,3250,-4.0000,12.569756838905775075987841945,-5.470584070185134014921248964,58.7528875379939209726443769,5.736899165900897716830423412,Other,,0,False,False
819,15:18:17.000,15:16:17.000,15:18:17.000,120,23379.0000,23380.5000,23371.3000,23380.0000,3315,1.0000,14.306184210526315789473684211,1.736427371620540713485842266,49.873445595854922279792746114,-8.879441942138998692851630786,Other,,0,False,False
820,15:19:30.000,15:18:17.000,15:19:30.000,73,23380.0000,23385.7000,23371.0000,23371.0000,29510,-9.0000,28.668644067796610169491525424,,23.947234042553191489361702128,,Other,,0,False,False
821,15:19:30.000,15:19:30.000,15:19:30.000,0,23371.0000,23371.0000,23371.0000,23371.0000,26260,0.0000,,,,,Other,,0,False,False
822,15:19:30.000,15:19:30.000,15:19:30.000,0,23371.0000,23371.0000,23371.0000,23371.0000,23010,0.0000,,,,,Other,,0,False,False
823,15:19:31.000,15:19:31.000,15:19:31.000,0,23371.0000,23371.0000,23371.0000,23371.0000,19760,0.0000,23.8750,,26.7250,,Other,,0,False,False
824,15:19:31.000,15:19:31.000,15:19:31.000,0,23371.0000,23371.0000,23371.0000,23371.0000,16510,0.0000,,,,,Other,,0,False,False
825,15:19:32.000,15:19:32.000,15:19:32.000,0,23387.0000,23387.0000,23387.0000,23387.0000,13260,16.0000,8.1250,,57.1000,,Other,,0,False,False
826,15:19:32.000,15:19:32.000,15:19:32.000,0,23387.0000,23387.0000,23387.0000,23387.0000,10010,0.0000,,,,,Other,,0,False,False
827,15:19:33.000,15:19:33.000,15:19:33.000,0,23387.0000,23387.0000,23387.0000,23387.0000,6955,0.0000,7.4500,,57.8000,,Other,,0,False,False
828,15:19:33.000,15:19:33.000,15:19:33.000,0,23387.0000,23387.0000,23387.0000,23387.0000,3705,0.0000,,,,,Other,,0,False,False
829,15:20:10.000,15:19:35.000,15:20:10.000,35,23387.0000,23387.0000,23374.0000,23374.8000,3510,-12.2000,23.31260504201680672268907563,,26.682773109243697478991596639,,Other,,0,False,False
830,15:20:21.000,15:20:10.000,15:20:21.000,11,23374.8000,23381.2000,23369.0000,23369.0000,3380,-5.8000,9.940625,-13.37198004201680672268907563,46.468571428571428571428571429,19.785798319327731092436974790,Other,,0,False,False
831,15:22:07.000,15:20:21.000,15:22:07.000,106,23369.0000,23385.0000,23369.0000,23377.0000,3380,8.0000,2.3829754601226993865030674847,,73.252785923753665689149560117,,Other,,0,False,False
832,15:23:04.000,15:22:07.000,15:23:04.000,57,23377.0000,23385.0000,23369.0000,23385.0000,3445,8.0000,0.8005494505494505494505494505,-1.5824260095732488370525180342,67.320108695652173913043478261,-5.932677228101491776106081856,Other,,0,False,False
833,15:23:55.000,15:23:04.000,15:23:55.000,51,23385.0000,23388.3000,23375.4000,23382.1000,3250,-2.9000,0.4160130718954248366013071895,-0.3845363786540257128492422610,67.793030303030303030303030303,0.472921607378129117259552042,Other,,0,False,False
834,15:24:41.000,15:23:55.000,15:24:41.000,46,23382.1000,23390.0000,23376.6000,23390.0000,3445,7.9000,0.35546875,-0.0605443218954248366013071895,64.704452054794520547945205479,-3.088578248235782482357824824,Other,,0,False,False
835,15:24:56.000,15:24:41.000,15:24:56.000,15,23390.0000,23394.0000,23390.0000,23393.0000,3575,3.0000,0.3227272727272727272727272727,-0.0327414772727272727272727273,56.720833333333333333333333333,-7.983618721461187214611872146,Other,,0,False,False
836,15:25:27.000,15:24:56.000,15:25:27.000,31,23393.0000,23394.0000,23384.1000,23394.0000,3315,1.0000,0.2948717948717948717948717949,-0.0278554778554778554778554778,60.386363636363636363636363636,3.665530303030303030303030303,A,A,1,False,False
837,15:25:52.000,15:25:27.000,15:25:52.000,25,23394.0000,23395.3000,23385.2000,23391.9000,4745,-2.1000,0.2904109589041095890410958904,-0.0044608359676852827537759045,59.19939759036144578313253012,-1.186966046002190580503833516,Other,,0,False,False
838,15:26:03.000,15:25:52.000,15:26:03.000,11,23391.9000,23392.8000,23385.2000,23390.0000,3445,-1.9000,0.2676470588235294117647058824,-0.0227639000805801772763900080,58.27027027027027027027027027,-0.92912732009117551286225985,Other,,0,False,False
839,15:26:13.000,15:26:03.000,15:26:13.000,10,23390.0000,23392.9000,23386.0000,23388.0000,3640,-2.0000,0.2733333333333333333333333333,0.0056862745098039215686274509,59.26875,0.99847972972972972972972973,Other,,0,False,False
840,15:26:36.000,15:26:13.000,15:26:36.000,23,23388.0000,23395.0000,23388.0000,23395.0000,3380,7.0000,0.2734375,0.0001041666666666666666666667,55.903333333333333333333333333,-3.365416666666666666666666667,Other,,0,False,False
841,15:27:09.000,15:26:36.000,15:27:09.000,33,23395.0000,23397.0000,23390.0000,23395.0000,4225,0.0000,0.2371428571428571428571428571,-0.0362946428571428571428571429,59.328301886792452830188679245,3.424968553459119496855345912,Other,,0,False,False
842,15:27:32.000,15:27:09.000,15:27:32.000,23,23395.0000,23397.3000,23387.7000,23390.2000,3705,-4.8000,0.1754098360655737704918032787,-0.0617330210772833723653395784,66.0060,6.677698113207547169811320755,Other,,0,False,False
843,15:28:16.000,15:27:32.000,15:28:16.000,44,23390.2000,23397.9000,23390.1000,23390.5000,3640,0.3000,0.178030303030303030303030303,0.0026204669647292598112270243,69.702127659574468085106382979,3.696127659574468085106382979,Other,,0,False,False
844,15:29:02.000,15:28:16.000,15:29:02.000,46,23390.5000,23396.2000,23390.5000,23395.0000,3315,4.5000,0.0617424242424242424242424242,-0.1162878787878787878787878788,70.896014492753623188405797101,1.193886833179155103299414122,A,A,1,False,False
845,15:29:27.000,15:29:02.000,15:29:27.000,25,23395.0000,23398.0000,23391.0000,23397.9000,3510,2.9000,0.0592105263157894736842105263,-0.0025318979266347687400318979,70.823611111111111111111111111,-0.072403381642512077294685990,Other,,0,False,False
846,15:29:34.000,15:29:27.000,15:29:34.000,7,23397.9000,23398.0000,23395.2000,23396.6000,3380,-1.3000,0.0500,-0.0092105263157894736842105263,70.8180,-0.005611111111111111111111111,Other,,0,False,False
847,15:29:55.000,15:29:34.000,15:29:55.000,21,23396.6000,23399.0000,23395.2000,23399.0000,4875,2.4000,0.0500,0.0000,70.792424242424242424242424242,-0.025575757575757575757575758,Other,,0,False,False
848,15:30:00.000,15:29:55.000,15:30:00.000,5,23399.0000,23399.9000,23396.8000,23399.2000,3185,0.2000,0.0500,0.0000,70.80625,0.013825757575757575757575758,Other,,0,False,False
