EventId,Timestamp,StartTimestamp,EndTimestamp,DurationSeconds,FuturesOpen,FuturesHigh,FuturesLow,FuturesClose,FuturesVolume,FuturesReturnPct,CeLtp,CeReturnPct,PeLtp,PeReturnPct,Pattern,CurrentRunPattern,CurrentRunLength,ATrigger,BTrigger
0,09:15:01.000,09:15:00.000,09:15:01.000,1,23391.3000,23395.5000,23391.3000,23395.5000,6825,,124.0100,,126.0400,,Other,,0,False,False
1,09:15:01.000,09:15:01.000,09:15:01.000,0,23395.5000,23395.5000,23395.5000,23395.5000,3575,0.0000,,,,,Other,,0,False,False
2,09:15:05.000,09:15:01.000,09:15:05.000,4,23411.9000,23411.9000,23404.1000,23410.0000,4680,14.5000,126.9000,,120.60833333333333333333333333,,Other,,0,False,False
3,09:15:14.000,09:15:05.000,09:15:14.000,9,23410.0000,23410.0000,23399.8000,23400.1000,3250,-9.9000,125.78666666666666666666666667,-1.11333333333333333333333333,121.16666666666666666666666667,0.55833333333333333333333334,Other,,0,False,False
4,09:15:29.000,09:15:14.000,09:15:29.000,15,23400.1000,23410.0000,23381.0000,23400.0000,3250,-0.1000,119.08333333333333333333333333,-6.70333333333333333333333334,126.1240,4.95733333333333333333333333,Other,,0,False,False
5,09:15:46.000,09:15:29.000,09:15:46.000,17,23400.0000,23400.0000,23381.7000,23386.0000,3380,-14.0000,114.56315789473684210526315789,-4.52017543859649122807017544,127.5000,1.3760,Other,,0,False,False
6,09:15:55.000,09:15:46.000,09:15:55.000,9,23386.0000,23391.0000,23380.0000,23380.0000,3250,-6.0000,111.68666666666666666666666667,-2.87649122807017543859649122,130.15666666666666666666666667,2.65666666666666666666666667,Other,,0,False,False
7,09:16:09.000,09:15:55.000,09:16:09.000,14,23380.0000,23395.0000,23374.0000,23386.3000,3770,6.3000,112.38444444444444444444444444,0.69777777777777777777777777,130.11888888888888888888888889,-0.03777777777777777777777778,Other,,0,False,False
8,09:16:26.000,09:16:09.000,09:16:26.000,17,23386.3000,23390.0000,23385.0000,23385.0000,5265,-1.3000,115.34642857142857142857142857,2.96198412698412698412698413,127.34259259259259259259259259,-2.77629629629629629629629630,B,B,1,False,True
9,09:16:37.000,09:16:26.000,09:16:37.000,11,23385.0000,23387.8000,23380.0000,23387.0000,3445,2.0000,112.67575757575757575757575758,-2.67067099567099567099567099,129.48484848484848484848484848,2.14225589225589225589225589,A,A,1,True,False
10,09:16:46.000,09:16:37.000,09:16:46.000,9,23387.0000,23391.0000,23382.0000,23387.0000,3315,0.0000,115.08571428571428571428571429,2.40995670995670995670995671,126.63928571428571428571428571,-2.84556277056277056277056277,Other,,0,False,False
11,09:17:06.000,09:16:46.000,09:17:06.000,20,23387.0000,23398.1000,23383.4000,23398.1000,3640,11.1000,116.26111111111111111111111111,1.17539682539682539682539682,125.0200,-1.61928571428571428571428571,Other,,0,False,False
12,09:17:11.000,09:17:06.000,09:17:11.000,5,23398.1000,23400.0000,23395.0000,23400.0000,5395,1.9000,119.3875,3.12638888888888888888888889,121.5875,-3.4325,Other,,0,False,False
13,09:17:24.000,09:17:11.000,09:17:24.000,13,23400.0000,23403.9000,23399.6000,23400.0000,4875,0.0000,119.91190476190476190476190476,0.52440476190476190476190476,121.52142857142857142857142857,-0.06607142857142857142857143,Other,,0,False,False
14,09:17:26.000,09:17:24.000,09:17:26.000,2,23400.0000,23400.0000,23392.7000,23392.7000,3445,-7.3000,119.76666666666666666666666667,-0.14523809523809523809523809,121.8000,0.27857142857142857142857143,Other,,0,False,False
15,09:17:52.000,09:17:26.000,09:17:52.000,26,23392.7000,23403.0000,23392.7000,23403.0000,4680,10.3000,120.49050632911392405063291139,0.72383966244725738396624472,120.86626506024096385542168675,-0.93373493975903614457831325,Other,,0,False,False
16,09:18:06.000,09:17:52.000,09:18:06.000,14,23403.0000,23411.0000,23400.5000,23411.0000,8450,8.0000,124.4202127659574468085106383,3.92970643684352275787772691,116.7797872340425531914893617,-4.08647782619841066393232505,Other,,0,False,False
17,09:18:06.000,09:18:06.000,09:18:06.000,0,23411.0000,23411.0000,23411.0000,23411.0000,5200,0.0000,,,,,Other,,0,False,False
18,09:18:17.000,09:18:07.000,09:18:17.000,10,23405.4000,23419.6000,23405.4000,23419.6000,3900,8.6000,127.07647058823529411764705882,,113.52647058823529411764705882,,Other,,0,False,False
19,09:18:41.000,09:18:17.000,09:18:41.000,24,23419.6000,23419.6000,23403.2000,23410.7000,4290,-8.9000,127.66298701298701298701298701,0.58651642475171886936592819,113.8000,0.27352941176470588235294118,Other,,0,False,False
20,09:19:06.000,09:18:41.000,09:19:06.000,25,23410.7000,23416.0000,23407.0000,23412.0000,3770,1.3000,125.38888888888888888888888889,-2.27409812409812409812409812,116.21049382716049382716049383,2.41049382716049382716049383,A,A,1,True,False
21,09:19:17.000,09:19:06.000,09:19:17.000,11,23412.0000,23418.4000,23408.5000,23418.4000,3250,6.4000,128.265625,2.87673611111111111111111111,113.76470588235294117647058824,-2.44578794480755265068990559,Other,,0,False,False
22,09:19:49.000,09:19:17.000,09:19:49.000,32,23418.4000,23421.0000,23410.0000,23421.0000,6045,2.6000,131.3859223300970873786407767,3.1202973300970873786407767,112.07878787878787878787878788,-1.68591800356506238859180036,Other,,0,False,False
23,09:19:52.000,09:19:49.000,09:19:52.000,3,23421.0000,23425.0000,23421.0000,23425.0000,6110,4.0000,135.5375,4.1515776699029126213592233,109.4000,-2.67878787878787878787878788,Other,,0,False,False
24,09:19:57.000,09:19:52.000,09:19:57.000,5,23425.0000,23425.0000,23424.0000,23425.0000,3510,0.0000,135.55625,0.01875,109.3250,-0.0750,Other,,0,False,False
25,09:20:02.000,09:19:57.000,09:20:02.000,5,23425.0000,23425.0000,23423.0000,23424.0000,3705,-1.0000,135.49736842105263157894736842,-0.05888157894736842105263158,108.77105263157894736842105263,-0.55394736842105263157894737,Other,,0,False,False
26,09:20:11.000,09:20:02.000,09:20:11.000,9,23424.0000,23430.0000,23422.0000,23430.0000,3380,6.0000,108.68214285714285714285714286,,131.71538461538461538461538462,,Other,,0,False,False
27,09:20:32.000,09:20:11.000,09:20:32.000,21,23430.0000,23430.9000,23424.0000,23427.0000,3380,-3.0000,110.00579710144927536231884058,1.32365424430641821946169772,131.36194029850746268656716418,-0.35344431687715269804822044,B,B,1,False,True
28,09:20:52.000,09:20:32.000,09:20:52.000,20,23427.0000,23430.0000,23426.0000,23430.0000,3315,3.0000,110.58548387096774193548387097,0.57968676951846657316503039,131.75625,0.39430970149253731343283582,Other,,0,False,False
29,09:21:04.000,09:20:52.000,09:21:04.000,12,23430.0000,23430.0000,23426.4000,23430.0000,10985,0.0000,110.88076923076923076923076923,0.29528535980148883374689826,131.93205128205128205128205128,0.17580128205128205128205128,Other,,0,False,False
30,09:21:04.000,09:21:04.000,09:21:04.000,0,23430.0000,23430.0000,23430.0000,23430.0000,7735,0.0000,,,,,Other,,0,False,False
31,09:21:06.000,09:21:06.000,09:21:06.000,0,23427.1000,23427.1000,23427.1000,23427.1000,4485,-2.9000,112.2500,,131.3000,,Other,,0,False,False
32,09:21:07.000,09:21:06.000,09:21:07.000,1,23427.1000,23430.0000,23427.1000,23430.0000,3250,2.9000,112.2500,0.0000,130.8000,-0.5000,Other,,0,False,False
33,09:21:31.000,09:21:07.000,09:21:31.000,24,23430.0000,23432.0000,23426.0000,23432.0000,5980,2.0000,111.50519480519480519480519481,-0.74480519480519480519480519,131.77753623188405797101449275,0.97753623188405797101449275,A,A,1,True,False
34,09:21:39.000,09:21:31.000,09:21:39.000,8,23432.0000,23433.5000,23427.3000,23433.5000,5070,1.5000,113.00384615384615384615384615,1.49865134865134865134865134,130.67307692307692307692307692,-1.10445930880713489409141583,Other,,0,False,False
35,09:21:41.000,09:21:39.000,09:21:41.000,2,23433.5000,23434.9000,23433.5000,23434.9000,3640,1.4000,115.26666666666666666666666667,2.26282051282051282051282052,128.86666666666666666666666667,-1.80641025641025641025641025,Other,,0,False,False
36,09:21:54.000,09:21:41.000,09:21:54.000,13,23434.9000,23439.0000,23432.0000,23438.0000,3380,3.1000,113.8175,-1.44916666666666666666666667,129.9450,1.07833333333333333333333333,A,A,1,True,False
37,09:22:17.000,09:21:54.000,09:22:17.000,23,23438.0000,23438.0000,23430.0000,23431.9000,3705,-6.1000,112.29577464788732394366197183,-1.52172535211267605633802817,130.59733333333333333333333333,0.65233333333333333333333333,Other,,0,False,False
38,09:22:27.000,09:22:17.000,09:22:27.000,10,23431.9000,23434.9000,23426.0000,23426.7000,3250,-5.2000,109.6100,-2.68577464788732394366197183,132.0250,1.42766666666666666666666667,Other,,0,False,False
39,09:22:42.000,09:22:27.000,09:22:42.000,15,23426.7000,23435.0000,23422.0000,23435.0000,3640,8.3000,109.63775510204081632653061224,0.02775510204081632653061224,132.38604651162790697674418605,0.36104651162790697674418605,Other,,0,False,False
40,09:22:52.000,09:22:42.000,09:22:52.000,10,23435.0000,23435.0000,23422.5000,23422.5000,4030,-12.5000,135.89375,,109.23214285714285714285714286,,Other,,0,False,False
41,09:22:56.000,09:22:52.000,09:22:56.000,4,23422.5000,23432.0000,23422.0000,23422.0000,3835,-0.5000,134.5750,-1.31875,110.0500,0.81785714285714285714285714,Other,,0,False,False
42,09:23:09.000,09:22:56.000,09:23:09.000,13,23422.0000,23429.9000,23420.0000,23420.2000,3315,-1.8000,134.49534883720930232558139535,-0.07965116279069767441860465,109.77558139534883720930232558,-0.27441860465116279069767442,Other,,0,False,False
43,09:23:27.000,09:23:09.000,09:23:27.000,18,23420.2000,23430.0000,23420.0000,23420.0000,3640,-0.2000,133.98793103448275862068965517,-0.50741780272654370489174018,109.57068965517241379310344828,-0.20489174017642341619887730,Other,,0,False,False
44,09:23:41.000,09:23:27.000,09:23:41.000,14,23420.0000,23425.8000,23418.0000,23425.8000,3510,5.8000,107.0406976744186046511627907,,133.79883720930232558139534884,,Other,,0,False,False
45,09:24:11.000,09:23:41.000,09:24:11.000,30,23425.8000,23425.8000,23420.1000,23421.0000,3315,-4.8000,133.01082474226804123711340206,,110.73789473684210526315789474,,Other,,0,False,False
46,09:24:36.000,09:24:11.000,09:24:36.000,25,23421.0000,23422.0000,23415.0000,23415.0000,3315,-6.0000,131.26772151898734177215189873,-1.74310322328069946496150333,112.13580246913580246913580247,1.39790773229369720597790773,Other,,0,False,False
47,09:25:02.000,09:24:36.000,09:25:02.000,26,23415.0000,23425.0000,23414.5000,23425.0000,4290,10.0000,131.78614457831325301204819277,0.51842305932591123989629404,112.01058823529411764705882353,-0.12521423384168482207697894,Other,,0,False,False
48,09:25:26.000,09:25:02.000,09:25:26.000,24,23425.0000,23425.0000,23402.9000,23403.0000,3250,-22.0000,126.56447368421052631578947368,-5.22167089410272669625871909,116.60394736842105263157894737,4.59335913312693498452012384,Other,,0,False,False
49,09:26:04.000,09:25:26.000,09:26:04.000,38,23403.0000,23413.8000,23401.1000,23413.0000,3380,10.0000,124.58833333333333333333333333,-1.97614035087719298245614035,117.61313559322033898305084746,1.00918822479928635147190009,A,A,1,True,False
50,09:26:32.000,09:26:04.000,09:26:32.000,28,23413.0000,23414.5000,23401.8000,23403.5000,3380,-9.5000,123.90274725274725274725274725,-0.68558608058608058608058608,117.77258064516129032258064516,0.15944505194095133952979770,Other,,0,False,False
51,09:26:59.000,09:26:32.000,09:26:59.000,27,23403.5000,23411.0000,23400.0000,23400.2000,3250,-3.3000,122.21666666666666666666666667,-1.68608058608058608058608058,119.16627906976744186046511628,1.39369842460615153788447112,Other,,0,False,False
52,09:27:02.000,09:26:59.000,09:27:02.000,3,23400.2000,23400.2000,23397.6000,23398.4000,3510,-1.8000,122.18636363636363636363636364,-0.03030303030303030303030303,119.17222222222222222222222222,0.00594315245478036175710594,Other,,0,False,False
53,09:27:29.000,09:27:02.000,09:27:29.000,27,23398.4000,23410.0000,23398.4000,23401.7000,3250,3.3000,122.89390243902439024390243902,0.70753880266075388026607538,118.81309523809523809523809524,-0.35912698412698412698412698,Other,,0,False,False
54,09:27:56.000,09:27:29.000,09:27:56.000,27,23401.7000,23409.0000,23400.6000,23402.5000,3510,0.8000,122.5385057471264367816091954,-0.35539669189795346229324362,119.34022988505747126436781609,0.52713464696223316912972085,A,A,1,True,False
55,09:28:21.000,09:27:56.000,09:28:21.000,25,23402.5000,23409.1000,23400.6000,23403.2000,3445,0.7000,121.61975308641975308641975309,-0.91875266070668369518944231,119.67407407407407407407407407,0.33384418901660280970625798,A,A,2,False,False
56,09:28:31.000,09:28:21.000,09:28:31.000,10,23403.2000,23403.2000,23397.0000,23397.0000,3965,-6.2000,119.17575757575757575757575758,-2.44399551066217732884399551,121.81818181818181818181818182,2.14410774410774410774410775,Other,,0,False,False
57,09:29:10.000,09:28:31.000,09:29:10.000,39,23397.0000,23402.0000,23392.0000,23400.9000,4875,3.9000,118.80447154471544715447154472,-0.37128603104212860310421286,121.6712,-0.14698181818181818181818182,Other,,0,False,False
58,09:29:25.000,09:29:10.000,09:29:25.000,15,23400.9000,23400.9000,23395.0000,23400.0000,3250,-0.9000,119.06875,0.26427845528455284552845528,121.60208333333333333333333333,-0.06911666666666666666666667,B,B,1,False,True
59,09:29:54.000,09:29:25.000,09:29:54.000,29,23400.0000,23400.0000,23392.1000,23392.1000,3250,-7.9000,117.76263736263736263736263736,-1.30611263736263736263736264,122.55698924731182795698924731,0.95490591397849462365591398,Other,,0,False,False
60,09:30:20.000,09:29:54.000,09:30:20.000,26,23392.1000,23400.0000,23391.0000,23400.0000,3510,7.9000,118.32529411764705882352941176,0.56265675500969618616677440,121.89518072289156626506024096,-0.66180852442026169192900635,Other,,0,False,False
61,09:31:03.000,09:30:20.000,09:31:03.000,43,23400.0000,23404.0000,23394.9000,23395.1000,3445,-4.9000,120.39583333333333333333333333,2.07053921568627450980392157,120.45871212121212121212121212,-1.43646860167944505293902884,B,B,1,False,True
62,09:31:37.000,09:31:03.000,09:31:37.000,34,23395.1000,23404.0000,23395.1000,23398.5000,3445,3.4000,120.33691588785046728971962617,-0.05891744548286604361370716,120.24719626168224299065420561,-0.21151585952987822146700651,Other,,0,False,False
63,09:31:42.000,09:31:37.000,09:31:42.000,5,23398.5000,23406.6000,23395.5000,23406.6000,3640,8.1000,118.4125,-1.92441588785046728971962617,122.5875,2.34030373831775700934579439,A,A,1,True,False
64,09:31:52.000,09:31:42.000,09:31:52.000,10,23406.6000,23406.6000,23393.3000,23393.6000,4160,-13.0000,117.0800,-1.3325,124.3375,1.7500,Other,,0,False,False
65,09:32:29.000,09:31:52.000,09:32:29.000,37,23393.6000,23405.0000,23392.0000,23400.0000,3380,6.4000,117.85042016806722689075630252,0.77042016806722689075630252,123.78235294117647058823529412,-0.55514705882352941176470588,Other,,0,False,False
66,09:33:11.000,09:32:29.000,09:33:11.000,42,23400.0000,23404.4000,23394.6000,23395.6000,3770,-4.4000,118.376171875,0.52575170693277310924369748,123.57350746268656716417910448,-0.20884547848990342405618964,B,B,1,False,True
67,09:33:36.000,09:33:11.000,09:33:36.000,25,23395.6000,23403.0000,23395.5000,23396.9000,3900,1.3000,119.2765822784810126582278481,0.9004104034810126582278481,122.60822784810126582278481013,-0.96527961458530134139429435,Other,,0,False,False
68,09:33:41.000,09:33:36.000,09:33:41.000,5,23396.9000,23398.4000,23394.7000,23394.7000,4160,-2.2000,117.50625,-1.7703322784810126582278481,124.47142857142857142857142857,1.86320072332730560578661844,Other,,0,False,False
69,09:33:58.000,09:33:41.000,09:33:58.000,17,23394.7000,23400.0000,23394.0000,23400.0000,4355,5.3000,117.89074074074074074074074074,0.38449074074074074074074074,123.6860,-0.78542857142857142857142857,Other,,0,False,False
70,09:34:46.000,09:33:58.000,09:34:46.000,48,23400.0000,23404.1000,23397.4000,23404.1000,3965,4.1000,119.35178571428571428571428571,1.46104497354497354497354497,121.85650684931506849315068493,-1.82949315068493150684931507,Other,,0,False,False
71,09:35:00.000,09:34:46.000,09:35:00.000,14,23404.1000,23406.0000,23401.2000,23401.9000,3900,-2.2000,121.5200,2.16821428571428571428571429,119.62777777777777777777777778,-2.22872907153729071537290715,B,B,1,False,True
72,09:35:08.000,09:35:00.000,09:35:08.000,8,23401.9000,23408.2000,23401.9000,23406.3000,3380,4.4000,123.28076923076923076923076923,1.76076923076923076923076923,117.61153846153846153846153846,-2.01623931623931623931623932,Other,,0,False,False
73,09:35:15.000,09:35:08.000,09:35:15.000,7,23406.3000,23410.0000,23400.9000,23410.0000,3445,3.7000,123.26818181818181818181818182,-0.01258741258741258741258741,117.7500,0.13846153846153846153846154,A,A,1,True,False
74,09:35:26.000,09:35:15.000,09:35:26.000,11,23410.0000,23410.0000,23405.3000,23406.8000,3250,-3.2000,124.20277777777777777777777778,0.93459595959595959595959596,116.98333333333333333333333333,-0.76666666666666666666666667,B,B,1,False,True
75,09:35:48.000,09:35:26.000,09:35:48.000,22,23406.8000,23410.0000,23399.0000,23399.6000,4095,-7.2000,122.01791044776119402985074627,-2.18486733001658374792703151,119.67246376811594202898550725,2.68913043478260869565217392,Other,,0,False,False
76,09:35:55.000,09:35:48.000,09:35:55.000,7,23399.6000,23400.1000,23397.4000,23397.4000,4550,-2.2000,119.62272727272727272727272727,-2.39518317503392130257801900,122.42727272727272727272727273,2.75480895915678524374176548,Other,,0,False,False
77,09:36:33.000,09:35:55.000,09:36:33.000,38,23397.4000,23405.0000,23393.6000,23395.2000,4485,-2.2000,120.86239669421487603305785124,1.23966942148760330578512397,121.6475,-0.77977272727272727272727273,B,B,1,False,True
78,09:36:43.000,09:36:33.000,09:36:43.000,10,23395.2000,23402.3000,23392.0000,23392.0000,3250,-3.2000,117.8200,-3.04239669421487603305785124,125.059375,3.411875,Other,,0,False,False
79,09:36:53.000,09:36:43.000,09:36:53.000,10,23392.0000,23394.4000,23390.2000,23390.2000,3380,-1.8000,116.9250,-0.8950,126.0700,1.010625,Other,,0,False,False
80,09:38:21.000,09:36:53.000,09:38:21.000,88,23390.2000,23409.0000,23390.2000,23405.8000,3250,15.6000,121.22161172161172161172161172,4.29661172161172161172161172,119.53553113553113553113553114,-6.53446886446886446886446886,Other,,0,False,False
81,09:39:14.000,09:38:21.000,09:39:14.000,53,23405.8000,23408.0000,23402.0000,23403.6000,3315,-2.2000,121.63691860465116279069767442,0.41530688303944117897606270,118.72323529411764705882352941,-0.81229584141348847231200173,B,B,1,False,True
82,09:39:59.000,09:39:14.000,09:39:59.000,45,23403.6000,23408.2000,23397.0000,23397.5000,3250,-6.1000,119.52730496453900709219858156,-2.10961364011215569849909286,121.27097902097902097902097902,2.54774372686137392019744961,Other,,0,False,False
83,09:40:27.000,09:39:59.000,09:40:27.000,28,23397.5000,23405.2000,23397.0000,23405.2000,3315,7.7000,120.88681318681318681318681319,1.35950822227417972098823163,119.59550561797752808988764045,-1.67547340300149288913333857,Other,,0,False,False
84,09:41:19.000,09:40:27.000,09:41:19.000,52,23405.2000,23409.0000,23401.0000,23402.5000,3250,-2.7000,121.8962962962962962962962963,1.00948310948310948310948311,118.08386075949367088607594937,-1.51164485848385720381169108,B,B,1,False,True
85,09:42:12.000,09:41:19.000,09:42:12.000,53,23402.5000,23405.2000,23400.2000,23404.4000,3250,1.9000,121.6474358974358974358974359,-0.2488603988603988603988604,118.19481707317073170731707317,0.11095631367706082124112380,A,A,1,True,False
86,09:42:30.000,09:42:12.000,09:42:30.000,18,23404.4000,23409.0000,23404.4000,23409.0000,3770,4.6000,123.71440677966101694915254237,2.06697088222511951325510647,115.33018867924528301886792453,-2.86462839392544868844914864,Other,,0,False,False
87,09:43:28.000,09:42:30.000,09:43:28.000,58,23409.0000,23410.0000,23404.0000,23404.6000,3250,-4.4000,122.04216216216216216216216216,-1.67224461749885478699038021,116.77621621621621621621621622,1.44602753697093319734829169,Other,,0,False,False
88,09:44:16.000,09:43:28.000,09:44:16.000,48,23404.6000,23409.0000,23401.6000,23402.6000,4355,-2.0000,120.80480769230769230769230769,-1.23735446985446985446985447,118.1530,1.37678378378378378378378378,Other,,0,False,False
89,09:44:33.000,09:44:16.000,09:44:33.000,17,23402.6000,23404.1000,23397.0000,23404.1000,3315,1.5000,119.84454545454545454545454545,-0.96026223776223776223776224,118.95283018867924528301886792,0.79983018867924528301886792,A,A,1,True,False
90,09:45:13.000,09:44:33.000,09:45:13.000,40,23404.1000,23410.0000,23399.7000,23410.0000,3445,5.9000,121.8809917355371900826446281,2.03644628099173553719008265,116.42905982905982905982905983,-2.52377035961941622318980809,Other,,0,False,False
91,09:45:31.000,09:45:13.000,09:45:31.000,18,23410.0000,23410.9000,23410.0000,23410.9000,3380,0.9000,124.96666666666666666666666667,3.08567493112947658402203857,113.27636363636363636363636364,-3.15269619269619269619269619,Other,,0,False,False
92,09:45:35.000,09:45:31.000,09:45:35.000,4,23410.9000,23410.9000,23410.9000,23410.9000,4485,0.0000,124.60833333333333333333333333,-0.35833333333333333333333334,114.03571428571428571428571429,0.75935064935064935064935065,Other,,0,False,False
93,09:46:13.000,09:45:35.000,09:46:13.000,38,23410.9000,23410.9000,23401.5000,23401.5000,3445,-9.4000,122.43109243697478991596638655,-2.17724089635854341736694678,116.21238938053097345132743363,2.17667509481668773704171934,Other,,0,False,False
94,09:48:48.000,09:46:13.000,09:48:48.000,155,23401.5000,23413.0000,23399.0000,23399.0000,3315,-2.5000,122.53471074380165289256198347,0.10361830682686297659559692,115.91739130434782608695652174,-0.29499807618314736437091189,B,B,1,False,True
95,09:49:23.000,09:48:48.000,09:49:23.000,35,23399.0000,23399.0000,23391.0000,23392.0000,3250,-7.0000,117.18349514563106796116504854,-5.35121559817058493139693493,121.52850467289719626168224299,5.61111336854937017472572125,Other,,0,False,False
96,09:49:42.000,09:49:23.000,09:49:42.000,19,23392.0000,23398.4000,23386.0000,23386.0000,3250,-6.0000,113.65081967213114754098360656,-3.53267547349992042018144198,125.51190476190476190476190476,3.98340008900756564307966177,Other,,0,False,False
97,09:51:05.000,09:49:42.000,09:51:05.000,83,23386.0000,23401.7000,23385.0000,23390.0000,3250,4.0000,114.45038022813688212927756654,0.79956055600573458829395998,125.67258687258687258687258687,0.16068211068211068211068211,Other,,0,False,False
98,09:51:18.000,09:51:05.000,09:51:18.000,13,23390.0000,23394.7000,23385.0000,23394.7000,4095,4.7000,113.04047619047619047619047619,-1.40990403766069165308709035,127.94285714285714285714285714,2.27027027027027027027027027,A,A,1,True,False
99,09:51:38.000,09:51:18.000,09:51:38.000,20,23394.7000,23395.0000,23381.8000,23392.5000,3315,-2.2000,113.7057377049180327868852459,0.66526151444184231069476971,127.22539682539682539682539683,-0.71746031746031746031746031,B,B,1,False,True
100,09:53:46.000,09:51:38.000,09:53:46.000,128,23392.5000,23393.5000,23382.0000,23387.0000,3445,-5.5000,113.82908415841584158415841584,0.12334645349780879727316994,126.78805970149253731343283582,-0.43733712390428808339256101,B,B,2,False,False
101,09:54:08.000,09:53:46.000,09:54:08.000,22,23387.0000,23387.0000,23382.2000,23382.2000,5070,-4.8000,112.20422535211267605633802817,-1.62485880630316552782038767,129.31232876712328767123287671,2.52426906563075035780004089,Other,,0,False,False
102,09:54:26.000,09:54:08.000,09:54:26.000,18,23382.2000,23382.2000,23380.0000,23380.0000,3445,-2.2000,110.68148148148148148148148148,-1.52274387063119457485654669,131.0250,1.71267123287671232876712329,Other,,0,False,False
103,09:54:42.000,09:54:26.000,09:54:42.000,16,23380.0000,23380.0000,23373.0000,23375.4000,3510,-4.6000,109.35660377358490566037735849,-1.32487770789657582110412299,132.70094339622641509433962264,1.67594339622641509433962264,Other,,0,False,False
104,09:55:24.000,09:54:42.000,09:55:24.000,42,23375.4000,23385.0000,23371.0000,23375.0000,3510,-0.4000,136.87213740458015267175572519,,108.45481481481481481481481481,,Other,,0,False,False
105,09:56:19.000,09:55:24.000,09:56:19.000,55,23375.0000,23390.0000,23375.0000,23384.2000,3250,9.2000,112.22147058823529411764705882,,128.65114942528735632183908046,,Other,,0,False,False
106,09:57:19.000,09:56:19.000,09:57:19.000,60,23384.2000,23398.9000,23384.2000,23395.9000,3510,11.7000,115.94435483870967741935483871,3.72288425047438330170777989,123.2067934782608695652173913,-5.44435594702648675662168916,Other,,0,False,False
107,09:57:45.000,09:57:19.000,09:57:45.000,26,23395.9000,23399.9000,23393.0000,23395.9000,3250,0.0000,117.0734939759036144578313253,1.12913913719393703847648659,121.56117647058823529411764706,-1.64561700767263427109974424,Other,,0,False,False
108,09:58:47.000,09:57:45.000,09:58:47.000,62,23395.9000,23399.8000,23390.0000,23397.9000,3770,2.0000,116.31237373737373737373737374,-0.76112023852987708409395156,123.13105263157894736842105263,1.56987616099071207430340557,A,A,1,True,False
109,09:59:20.000,09:58:47.000,09:59:20.000,33,23397.9000,23399.9000,23393.8000,23399.9000,3510,2.0000,117.88666666666666666666666667,1.57429292929292929292929293,120.9718446601941747572815534,-2.15920797138477261113949923,Other,,0,False,False
110,10:00:35.000,09:59:20.000,10:00:35.000,75,23399.9000,23410.0000,23396.6000,23410.0000,3380,10.1000,120.86898734177215189873417722,2.98232067510548523206751055,116.63436123348017621145374449,-4.33748342671399854582780891,Other,,0,False,False
111,10:01:07.000,10:00:35.000,10:01:07.000,32,23410.0000,23410.0000,23400.0000,23405.4000,3250,-4.6000,121.86116504854368932038834951,0.99217770677153742165417229,115.94708737864077669902912621,-0.68727385483939951242461828,B,B,1,False,True
112,10:02:32.000,10:01:07.000,10:02:32.000,85,23405.4000,23411.0000,23400.0000,23400.0000,3250,-5.4000,121.00037174721189591078066914,-0.86079330133179340960768037,116.93542435424354243542435424,0.98833697560276573639522803,Other,,0,False,False
113,10:03:30.000,10:02:32.000,10:03:30.000,58,23400.0000,23405.0000,23397.6000,23405.0000,3250,5.0000,119.71565934065934065934065934,-1.28471240655255525144000980,118.36444444444444444444444444,1.42902009020090200902009020,A,A,1,True,False
114,10:05:34.000,10:03:30.000,10:05:34.000,124,23405.0000,23412.0000,23398.5000,23404.8000,3250,-0.2000,121.72222222222222222222222222,2.00656288156288156288156288,115.89424083769633507853403141,-2.47020360674810936591041303,B,B,1,False,True
115,10:06:59.000,10:05:34.000,10:06:59.000,85,23404.8000,23411.0000,23403.8000,23405.0000,3315,0.2000,122.79637404580152671755725191,1.07415182357930449533502969,114.50846456692913385826771654,-1.38577627076720122026631487,Other,,0,False,False
116,10:08:02.000,10:06:59.000,10:08:02.000,63,23405.0000,23410.0000,23395.3000,23395.3000,3250,-9.7000,119.22275132275132275132275132,-3.57362272305020396623450059,117.96994818652849740932642487,3.46148361959936355105870833,Other,,0,False,False
117,10:09:16.000,10:08:02.000,10:09:16.000,74,23395.3000,23407.9000,23393.7000,23393.7000,3250,-1.6000,117.90603448275862068965517241,-1.31671683999270206166757891,118.76673913043478260869565217,0.79679094390628519936922730,Other,,0,False,False
118,10:10:06.000,10:09:16.000,10:10:06.000,50,23393.7000,23396.7000,23392.0000,23392.0000,3250,-1.7000,115.81375,-2.09228448275862068965517241,120.87820512820512820512820513,2.11146599777034559643255296,Other,,0,False,False
119,10:11:31.000,10:10:06.000,10:11:31.000,85,23392.0000,23402.1000,23382.5000,23384.0000,3380,-8.0000,113.9172413793103448275862069,-1.8965086206896551724137931,123.36551724137931034482758621,2.48731211317418213969938108,Other,,0,False,False
120,10:12:17.000,10:11:31.000,10:12:17.000,46,23384.0000,23385.0000,23382.5000,23385.0000,3250,1.0000,112.13571428571428571428571429,-1.78152709359605911330049261,126.01156462585034013605442177,2.64604738447102979122683556,A,A,1,True,False
121,10:12:34.000,10:12:17.000,10:12:34.000,17,23385.0000,23395.0000,23382.5000,23386.1000,3315,1.1000,112.99528301886792452830188679,0.85956873315363881401617250,124.97830188679245283018867925,-1.03326273905788730586574252,Other,,0,False,False
122,10:14:02.000,10:12:34.000,10:14:02.000,88,23386.1000,23396.5000,23381.0000,23394.2000,3380,8.1000,114.16080586080586080586080586,1.16552284193793627755891907,123.08279569892473118279569892,-1.89550618786772164739298033,Other,,0,False,False
123,10:15:01.000,10:14:02.000,10:15:01.000,59,23394.2000,23395.0000,23390.0000,23390.0000,3900,-4.2000,115.28924731182795698924731183,1.12844145102209618338650597,121.83104395604395604395604396,-1.25175174288077513883965496,B,B,1,False,True
124,10:16:22.000,10:15:01.000,10:16:22.000,81,23390.0000,23410.0000,23390.0000,23410.0000,3575,20.0000,117.62919847328244274809160305,2.33995116145448575884429122,118.35271317829457364341085271,-3.47833077774938240054519125,Other,,0,False,False
125,10:17:28.000,10:16:22.000,10:17:28.000,66,23410.0000,23412.0000,23400.0000,23407.4000,3315,-2.6000,121.29423076923076923076923077,3.66503229594832648267762772,113.65625,-4.69646317829457364341085271,B,B,1,False,True
126,10:17:58.000,10:17:28.000,10:17:58.000,30,23407.4000,23419.0000,23407.4000,23414.3000,3510,6.9000,124.22216494845360824742268041,2.92793417922283901665344964,110.10103092783505154639175258,-3.55521907216494845360824742,Other,,0,False,False
127,10:18:32.000,10:17:58.000,10:18:32.000,34,23414.3000,23420.0000,23414.3000,23420.0000,3315,5.7000,125.94318181818181818181818182,1.72101686972820993439550141,108.39215686274509803921568627,-1.70887406508995350717606631,Other,,0,False,False
128,10:18:50.000,10:18:32.000,10:18:50.000,18,23420.0000,23425.0000,23419.9000,23425.0000,3445,5.0000,128.27777777777777777777777778,2.33459595959595959595959596,105.11785714285714285714285714,-3.27429971988795518207282913,Other,,0,False,False
129,10:19:15.000,10:18:50.000,10:19:15.000,25,23425.0000,23428.0000,23417.4000,23419.2000,3250,-5.8000,126.96898734177215189873417722,-1.30879043600562587904360056,107.04936708860759493670886076,1.93150994575045207956600362,Other,,0,False,False
130,10:20:06.000,10:19:15.000,10:20:06.000,51,23419.2000,23428.0000,23418.0000,23428.0000,3640,8.8000,101.43364197530864197530864198,,130.23717105263157894736842105,,Other,,0,False,False
131,10:20:18.000,10:20:06.000,10:20:18.000,12,23428.0000,23429.0000,23421.0000,23427.8000,4160,-0.2000,102.1500,0.71635802469135802469135802,129.40526315789473684210526316,-0.83190789473684210526315789,B,B,1,False,True
132,10:20:25.000,10:20:18.000,10:20:25.000,7,23427.8000,23428.4000,23420.6000,23428.4000,3315,0.6000,101.7000,-0.4500,130.31818181818181818181818182,0.91291866028708133971291866,A,A,1,True,False
133,10:20:41.000,10:20:25.000,10:20:41.000,16,23428.4000,23429.0000,23419.8000,23422.0000,5005,-6.4000,127.63584905660377358490566038,,107.11792452830188679245283019,,Other,,0,False,False
134,10:21:03.000,10:20:41.000,10:21:03.000,22,23422.0000,23428.0000,23420.7000,23428.0000,3510,6.0000,102.33846153846153846153846154,,129.54615384615384615384615385,,Other,,0,False,False
135,10:21:14.000,10:21:03.000,10:21:14.000,11,23428.0000,23430.0000,23422.0000,23430.0000,3380,2.0000,103.54166666666666666666666667,1.20320512820512820512820513,127.97777777777777777777777778,-1.56837606837606837606837607,Other,,0,False,False
136,10:21:55.000,10:21:14.000,10:21:55.000,41,23430.0000,23432.0000,23424.6000,23432.0000,3445,2.0000,103.0500,-0.49166666666666666666666667,128.28837209302325581395348837,0.31059431524547803617571059,A,A,1,True,False
137,10:23:15.000,10:21:55.000,10:23:15.000,80,23432.0000,23432.0000,23418.0000,23425.0000,3250,-7.0000,127.50214007782101167315175097,,106.71837944664031620553359684,,Other,,0,False,False
138,10:24:44.000,10:23:15.000,10:24:44.000,89,23425.0000,23428.0000,23420.3000,23424.0000,3250,-1.0000,129.13594306049822064056939502,1.63380298267720896741764405,105.50595667870036101083032491,-1.21242276793995519470327193,B,B,1,False,True
139,10:25:16.000,10:24:44.000,10:25:16.000,32,23424.0000,23426.9000,23419.0000,23419.0000,3380,-5.0000,127.03009708737864077669902913,-2.10584597311957986387036589,107.19752475247524752475247525,1.69156807377488651392215034,Other,,0,False,False
140,10:25:39.000,10:25:16.000,10:25:39.000,23,23419.0000,23422.4000,23416.0000,23422.4000,3315,3.4000,124.09794520547945205479452055,-2.93215188189918872190450858,109.53287671232876712328767123,2.33535195985351959853519598,A,A,1,True,False
141,10:26:04.000,10:25:39.000,10:26:04.000,25,23422.4000,23422.4000,23416.0000,23422.4000,3250,0.0000,125.12402597402597402597402597,1.02608076854652197117950542,108.91428571428571428571428571,-0.61859099804305283757338552,Other,,0,False,False
142,10:26:40.000,10:26:04.000,10:26:40.000,36,23422.4000,23422.4000,23412.7000,23419.0000,3250,-3.4000,125.74513274336283185840707965,0.62110676933685783243305368,108.90357142857142857142857143,-0.01071428571428571428571428,B,B,1,False,True
143,10:27:01.000,10:26:40.000,10:27:01.000,21,23419.0000,23425.0000,23416.2000,23416.6000,3445,-2.4000,127.46940298507462686567164179,1.72427024171179500726456214,107.45538461538461538461538462,-1.44818681318681318681318681,B,B,2,False,False
144,10:28:00.000,10:27:01.000,10:28:00.000,59,23416.6000,23425.0000,23416.6000,23423.0000,3315,6.4000,128.57934782608695652173913043,1.10994484101232965606748864,106.27391304347826086956521739,-1.18147157190635451505016723,Other,,0,False,False
145,10:28:32.000,10:28:00.000,10:28:32.000,32,23423.0000,23428.9000,23423.0000,23428.2000,3315,5.2000,104.39040404040404040404040404,,127.22979797979797979797979798,,Other,,0,False,False
146,10:29:13.000,10:28:32.000,10:29:13.000,41,23428.2000,23429.0000,23423.1000,23429.0000,3250,0.8000,103.75569105691056910569105691,-0.63471298349347129834934713,128.08235294117647058823529412,0.85255496137849079025549614,A,A,1,True,False
147,10:30:13.000,10:29:13.000,10:30:13.000,60,23429.0000,23429.0000,23422.0000,23423.3000,3380,-5.7000,129.87010869565217391304347826,,105.31346153846153846153846154,,Other,,0,False,False
148,10:31:13.000,10:30:13.000,10:31:13.000,60,23423.3000,23430.0000,23423.3000,23430.0000,3250,6.7000,104.59728260869565217391304348,,127.13829787234042553191489362,,Other,,0,False,False
149,10:31:39.000,10:31:13.000,10:31:39.000,26,23430.0000,23430.0000,23424.6000,23425.0000,3315,-5.0000,131.91144578313253012048192771,,103.98860759493670886075949367,,Other,,0,False,False
150,10:32:11.000,10:31:39.000,10:32:11.000,32,23425.0000,23426.1000,23425.0000,23425.3000,3315,0.3000,104.06060606060606060606060606,,128.27894736842105263157894737,,Other,,0,False,False
151,10:33:24.000,10:32:11.000,10:33:24.000,73,23425.3000,23430.0000,23424.0000,23427.2000,3315,1.9000,104.34140969162995594713656388,0.28080363102389534107595782,127.66601941747572815533980583,-0.61292795094532447623914154,Other,,0,False,False
152,10:33:45.000,10:33:24.000,10:33:45.000,21,23427.2000,23430.0000,23425.2000,23430.0000,3510,2.8000,105.63840579710144927536231884,1.29699610547149332822575496,125.99384615384615384615384615,-1.67217326362957430918595968,Other,,0,False,False
153,10:34:25.000,10:33:45.000,10:34:25.000,40,23430.0000,23431.0000,23425.3000,23425.3000,3250,-4.7000,105.5280,-0.11040579710144927536231884,125.85294117647058823529411765,-0.14090497737556561085972850,Other,,0,False,False
154,10:35:47.000,10:34:25.000,10:35:47.000,82,23425.3000,23432.0000,23420.2000,23421.6000,3315,-3.7000,129.70136186770428015564202335,,104.83784860557768924302788845,,Other,,0,False,False
155,10:37:10.000,10:35:47.000,10:37:10.000,83,23421.6000,23430.0000,23416.5000,23430.0000,3315,8.4000,103.8529182879377431906614786,,127.20082304526748971193415638,,Other,,0,False,False
156,10:37:53.000,10:37:10.000,10:37:53.000,43,23430.0000,23435.0000,23425.4000,23435.0000,4745,5.0000,106.3194656488549618320610687,2.4665473609172186413995901,124.6536,-2.54722304526748971193415638,Other,,0,False,False
157,10:38:01.000,10:37:53.000,10:38:01.000,8,23435.0000,23438.0000,23435.0000,23438.0000,5395,3.0000,108.94259259259259259259259259,2.62312694373763076053152389,122.1760,-2.4776,Other,,0,False,False
158,10:38:04.000,10:38:01.000,10:38:04.000,3,23438.0000,23442.0000,23438.0000,23441.0000,41925,3.0000,109.1375,0.19490740740740740740740741,122.0875,-0.0885,Other,,0,False,False
159,10:38:04.000,10:38:04.000,10:38:04.000,0,23441.0000,23441.0000,23441.0000,23441.0000,38675,0.0000,,,,,Other,,0,False,False
160,10:38:06.000,10:38:06.000,10:38:06.000,0,23441.0000,23441.0000,23441.0000,23441.0000,37960,0.0000,108.9500,,122.3500,,Other,,0,False,False
161,10:38:06.000,10:38:06.000,10:38:06.000,0,23441.0000,23441.0000,23441.0000,23441.0000,34710,0.0000,,,,,Other,,0,False,False
162,10:38:07.000,10:38:07.000,10:38:07.000,0,23440.1000,23440.1000,23440.1000,23440.1000,31460,-0.9000,108.5250,,122.7000,,Other,,0,False,False
163,10:38:07.000,10:38:07.000,10:38:07.000,0,23440.1000,23440.1000,23440.1000,23440.1000,28210,0.0000,,,,,Other,,0,False,False
164,10:38:08.000,10:38:08.000,10:38:08.000,0,23439.0000,23439.0000,23439.0000,23439.0000,26975,-1.1000,108.0000,,122.7750,,Other,,0,False,False
165,10:38:08.000,10:38:08.000,10:38:08.000,0,23439.0000,23439.0000,23439.0000,23439.0000,23725,0.0000,,,,,Other,,0,False,False
166,10:38:09.000,10:38:09.000,10:38:09.000,0,23439.0000,23439.0000,23439.0000,23439.0000,21775,0.0000,108.6000,,122.5250,,Other,,0,False,False
167,10:38:09.000,10:38:09.000,10:38:09.000,0,23439.0000,23439.0000,23439.0000,23439.0000,18525,0.0000,,,,,Other,,0,False,False
168,10:38:10.000,10:38:10.000,10:38:10.000,0,23435.0000,23435.0000,23435.0000,23435.0000,15275,-4.0000,108.6500,,122.5500,,Other,,0,False,False
169,10:38:10.000,10:38:10.000,10:38:10.000,0,23435.0000,23435.0000,23435.0000,23435.0000,12025,0.0000,,,,,Other,,0,False,False
170,10:38:11.000,10:38:11.000,10:38:11.000,0,23435.0000,23435.0000,23435.0000,23435.0000,9490,0.0000,108.5500,,122.6000,,Other,,0,False,False
171,10:38:11.000,10:38:11.000,10:38:11.000,0,23435.0000,23435.0000,23435.0000,23435.0000,6240,0.0000,,,,,Other,,0,False,False
172,10:38:14.000,10:38:12.000,10:38:14.000,2,23435.2000,23438.9000,23435.2000,23438.9000,3250,3.9000,108.2125,,122.8000,,Other,,0,False,False
173,10:38:54.000,10:38:14.000,10:38:54.000,40,23438.9000,23438.9000,23429.7000,23430.8000,3510,-8.1000,108.1992,-0.0133,122.60661157024793388429752066,-0.19338842975206611570247934,Other,,0,False,False
174,10:40:02.000,10:38:54.000,10:40:02.000,68,23430.8000,23437.8000,23430.3000,23430.5000,3835,-0.3000,107.94444444444444444444444444,-0.25475555555555555555555556,123.22729468599033816425120773,0.62068311574240427995368707,Other,,0,False,False
175,10:41:25.000,10:40:02.000,10:41:25.000,83,23430.5000,23436.9000,23428.9000,23431.7000,3250,1.2000,107.430078125,-0.51436631944444444444444444,123.6668699186991869918699187,0.43957523270884882761871097,A,A,1,True,False
176,10:42:18.000,10:41:25.000,10:42:18.000,53,23431.7000,23436.9000,23425.6000,23427.7000,3380,-4.0000,106.42797619047619047619047619,-1.00210193452380952380952381,124.213125,0.5462550813008130081300813,Other,,0,False,False
177,10:43:50.000,10:42:18.000,10:43:50.000,92,23427.7000,23436.5000,23425.3000,23430.0000,3705,2.3000,106.07945454545454545454545455,-0.34852164502164502164502164,124.36264822134387351778656126,0.14952322134387351778656126,A,A,1,True,False
178,10:44:59.000,10:43:50.000,10:44:59.000,69,23430.0000,23436.9000,23430.0000,23436.9000,3250,6.9000,108.19547619047619047619047619,2.11602164502164502164502164,122.50849514563106796116504854,-1.85415307571280555662151272,Other,,0,False,False
179,10:45:21.000,10:44:59.000,10:45:21.000,22,23436.9000,23440.0000,23432.1000,23439.3000,4290,2.4000,108.57112676056338028169014085,0.37565057008718980549966466,122.00373134328358208955223881,-0.50476380234748587161280973,Other,,0,False,False
180,10:45:57.000,10:45:21.000,10:45:57.000,36,23439.3000,23441.0000,23433.6000,23438.4000,3250,-0.9000,109.80982905982905982905982906,1.23870229926567954736968821,120.56775700934579439252336449,-1.43597433393778769702887432,B,B,1,False,True
181,10:46:37.000,10:45:57.000,10:46:37.000,40,23438.4000,23441.0000,23435.7000,23435.7000,3445,-2.7000,110.183203125,0.37337406517094017094017094,120.34112903225806451612903226,-0.22662797708772987639433223,B,B,2,False,False
182,10:47:08.000,10:46:37.000,10:47:08.000,31,23435.7000,23445.0000,23435.7000,23440.0000,3250,4.3000,109.59731182795698924731182796,-0.58589129704301075268817204,121.22315789473684210526315789,0.88202886247877758913412563,A,A,1,True,False
183,10:47:30.000,10:47:08.000,10:47:30.000,22,23440.0000,23442.3000,23436.0000,23440.8000,3315,0.8000,110.68043478260869565217391304,1.08312295465170640486208508,120.05692307692307692307692308,-1.16623481781376518218623481,Other,,0,False,False
184,10:48:14.000,10:47:30.000,10:48:14.000,44,23440.8000,23445.0000,23436.5000,23444.9000,3315,4.1000,110.09212598425196850393700787,-0.58830879835672714823690517,120.18527131782945736434108527,0.12834824090638044126416219,A,A,1,True,False
185,10:49:27.000,10:48:14.000,10:49:27.000,73,23444.9000,23445.0000,23437.6000,23438.5000,3640,-6.4000,110.52434210526315789473684211,0.43221612101118939079983424,119.59451754385964912280701754,-0.59075377396980824153406773,B,B,1,False,True
186,10:49:55.000,10:49:27.000,10:49:55.000,28,23438.5000,23440.5000,23437.0000,23437.0000,3250,-1.5000,108.75862068965517241379310345,-1.76572141560798548094373866,121.19252873563218390804597701,1.59801119177253478523895947,Other,,0,False,False
187,10:50:49.000,10:49:55.000,10:50:49.000,54,23437.0000,23442.0000,23435.0000,23435.0000,3380,-2.0000,108.78271604938271604938271605,0.02409535972754363558961260,121.21410256410256410256410256,0.02157382847038019451812555,Other,,0,False,False
188,10:53:03.000,10:50:49.000,10:53:03.000,134,23435.0000,23440.0000,23432.0000,23432.0000,3250,-3.0000,108.35653753026634382566585956,-0.42617851911637222371685649,121.98155216284987277353689567,0.76744959874730867097279311,Other,,0,False,False
189,10:53:38.000,10:53:03.000,10:53:38.000,35,23432.0000,23438.0000,23432.0000,23437.0000,3445,5.0000,107.30887850467289719626168224,-1.04765902559344662940417732,122.79466019417475728155339806,0.81310803132488450801650239,A,A,1,True,False
190,10:54:31.000,10:53:38.000,10:54:31.000,53,23437.0000,23443.0000,23437.0000,23440.0000,3510,3.0000,110.34725609756097560975609756,3.03837759288807841349441532,120.20664556962025316455696203,-2.58801462455450411699643603,Other,,0,False,False
191,10:54:50.000,10:54:31.000,10:54:50.000,19,23440.0000,23440.7000,23438.0000,23438.0000,3250,-2.0000,109.68541666666666666666666667,-0.66183943089430894308943089,121.05833333333333333333333333,0.85168776371308016877637130,Other,,0,False,False
192,10:55:25.000,10:54:50.000,10:55:25.000,35,23438.0000,23445.0000,23432.9000,23445.0000,4810,7.0000,108.88165137614678899082568807,-0.80376529051987767584097860,121.86601941747572815533980583,0.80768608414239482200647250,A,A,1,True,False
193,10:56:11.000,10:55:25.000,10:56:11.000,46,23445.0000,23445.0000,23434.2000,23438.0000,3315,-7.0000,109.87071428571428571428571429,0.98906290956749672346002622,120.88142857142857142857142857,-0.98459084604715672676837726,B,B,1,False,True
194,10:56:31.000,10:56:11.000,10:56:31.000,20,23438.0000,23445.0000,23437.6000,23445.0000,6695,7.0000,112.41746031746031746031746032,2.54674603174603174603174603,118.81315789473684210526315789,-2.06827067669172932330827068,Other,,0,False,False
195,10:56:31.000,10:56:31.000,10:56:31.000,0,23445.0000,23445.0000,23445.0000,23445.0000,3445,0.0000,,,,,Other,,0,False,False
196,10:57:33.000,10:56:33.000,10:57:33.000,60,23445.7000,23446.0000,23437.8000,23439.1000,3315,-5.9000,111.72552083333333333333333333,,119.3575,,Other,,0,False,False
197,10:58:51.000,10:57:33.000,10:58:51.000,78,23439.1000,23440.8000,23438.0000,23438.0000,3315,-1.1000,110.31734234234234234234234234,-1.40817849099099099099099099,120.45727272727272727272727273,1.09977272727272727272727273,Other,,0,False,False
198,10:59:24.000,10:58:51.000,10:59:24.000,33,23438.0000,23438.0000,23434.0000,23434.0000,3510,-4.0000,108.78952380952380952380952381,-1.52781853281853281853281853,122.0281553398058252427184466,1.57088261253309796999117387,Other,,0,False,False
199,11:00:42.000,10:59:24.000,11:00:42.000,78,23434.0000,23437.2000,23432.0000,23435.0000,3250,1.0000,108.06861924686192468619246862,-0.72090456266188483761705519,122.71867219917012448132780083,0.69051685936429923860935423,A,A,1,True,False
200,11:03:19.000,11:00:42.000,11:03:19.000,157,23435.0000,23440.0000,23433.1000,23440.0000,3380,5.0000,109.34259259259259259259259259,1.27397334573066790640012397,121.27861842105263157894736842,-1.44005377811749290238043241,Other,,0,False,False
201,11:04:14.000,11:03:19.000,11:04:14.000,55,23440.0000,23441.9000,23435.0000,23435.1000,4095,-4.9000,109.29907407407407407407407407,-0.04351851851851851851851852,121.15030864197530864197530864,-0.12830977907732293697205978,Other,,0,False,False
202,11:04:45.000,11:04:14.000,11:04:45.000,31,23435.1000,23435.1000,23431.1000,23435.0000,3380,-0.1000,106.67680412371134020618556701,-2.62226995036273386788850706,123.57473684210526315789473684,2.42442820012995451591942820,Other,,0,False,False
203,11:06:16.000,11:04:45.000,11:06:16.000,91,23435.0000,23444.0000,23433.6000,23444.0000,3705,9.0000,109.55690909090909090909090909,2.88010496719775070290534208,120.53781818181818181818181818,-3.03691866028708133971291866,Other,,0,False,False
204,11:06:51.000,11:06:16.000,11:06:51.000,35,23444.0000,23447.0000,23440.0000,23447.0000,3770,3.0000,112.58378378378378378378378378,3.02687469287469287469287469,117.91576576576576576576576577,-2.62205241605241605241605241,Other,,0,False,False
205,11:07:01.000,11:06:51.000,11:07:01.000,10,23447.0000,23448.8000,23444.2000,23448.7000,3315,1.7000,114.00161290322580645161290323,1.41782911944202266782911945,115.9500,-1.96576576576576576576576577,Other,,0,False,False
206,11:07:12.000,11:07:01.000,11:07:12.000,11,23448.7000,23448.8000,23447.3000,23448.2000,3315,-0.5000,113.98235294117647058823529412,-0.01925996204933586337760911,116.23235294117647058823529412,0.28235294117647058823529412,Other,,0,False,False
207,11:07:25.000,11:07:12.000,11:07:25.000,13,23448.2000,23449.5000,23448.2000,23449.5000,3315,1.3000,115.19285714285714285714285714,1.21050420168067226890756302,114.9825,-1.24985294117647058823529412,Other,,0,False,False
208,11:07:34.000,11:07:25.000,11:07:34.000,9,23449.5000,23450.0000,23448.3000,23449.9000,3835,0.4000,115.50925925925925925925925926,0.31640211640211640211640212,114.75689655172413793103448276,-0.22560344827586206896551724,Other,,0,False,False
209,11:07:42.000,11:07:34.000,11:07:42.000,8,23449.9000,23450.0000,23449.9000,23449.9000,4160,0.0000,115.0625,-0.44675925925925925925925926,115.24230769230769230769230769,0.48541114058355437665782493,Other,,0,False,False
210,11:08:06.000,11:07:42.000,11:08:06.000,24,23449.9000,23449.9000,23444.9000,23448.8000,3315,-1.1000,113.89733333333333333333333333,-1.16516666666666666666666667,116.44084507042253521126760563,1.19853737811484290357529794,Other,,0,False,False
211,11:09:21.000,11:08:06.000,11:09:21.000,75,23448.8000,23452.1000,23440.0000,23440.1000,6045,-8.7000,112.01440677966101694915254237,-1.88292655367231638418079096,118.13473451327433628318584071,1.69388944285180107191823508,Other,,0,False,False
212,11:10:11.000,11:09:21.000,11:10:11.000,50,23440.1000,23449.0000,23440.0000,23448.0000,3250,7.9000,111.455625,-0.55878177966101694915254237,118.47195945945945945945945946,0.33722494618512317627361875,A,A,1,True,False
213,11:10:48.000,11:10:11.000,11:10:48.000,37,23448.0000,23449.0000,23444.0000,23445.1000,3250,-2.9000,113.60130434782608695652173913,2.14567934782608695652173913,116.29449541284403669724770642,-2.17746404661542276221175304,B,B,1,False,True
214,11:11:37.000,11:10:48.000,11:11:37.000,49,23445.1000,23449.9000,23444.1000,23449.2000,3445,4.1000,113.90439189189189189189189189,0.30308754406580493537015276,115.86866666666666666666666667,-0.42582874617737003058103975,Other,,0,False,False
215,11:13:22.000,11:11:37.000,11:13:22.000,105,23449.2000,23454.8000,23446.1000,23454.8000,3445,5.6000,115.06450151057401812688821752,1.16010961868212623499632563,115.71629392971246006389776358,-0.15237273695420660276890309,Other,,0,False,False
216,11:14:40.000,11:13:22.000,11:14:40.000,78,23454.8000,23455.0000,23450.0000,23452.1000,3900,-2.7000,116.5076131687242798353909465,1.44311165815026170850272898,114.63414096916299559471365639,-1.08215296054946446918410719,B,B,1,False,True
217,11:15:24.000,11:14:40.000,11:15:24.000,44,23452.1000,23454.0000,23449.4000,23453.8000,3315,1.7000,115.14924812030075187969924812,-1.35836504842352795569169838,115.88091603053435114503816794,1.24677506137135555032451155,A,A,1,True,False
218,11:16:12.000,11:15:24.000,11:16:12.000,48,23453.8000,23453.8000,23440.2000,23443.0000,3315,-10.8000,112.7541095890410958904109589,-2.39513853125965598928828922,118.16891891891891891891891892,2.28800288838456777388075098,Other,,0,False,False
219,11:17:22.000,11:16:12.000,11:17:22.000,70,23443.0000,23448.0000,23437.7000,23442.0000,3250,-1.0000,111.41565420560747663551401869,-1.33845538343361925489694021,119.3768018018018018018018018,1.20788288288288288288288288,Other,,0,False,False
220,11:18:12.000,11:17:22.000,11:18:12.000,50,23442.0000,23442.0000,23436.0000,23437.1000,4290,-4.9000,108.98084415584415584415584416,-2.43481004976332079135817453,121.35162337662337662337662338,1.97482157482157482157482158,Other,,0,False,False
221,11:19:07.000,11:18:12.000,11:19:07.000,55,23437.1000,23439.9000,23435.9000,23439.0000,3315,1.9000,108.79907407407407407407407407,-0.18177008177008177008177009,121.60949367088607594936708861,0.25787029426269932599046523,A,A,1,True,False
222,11:19:56.000,11:19:07.000,11:19:56.000,49,23439.0000,23439.0000,23431.1000,23431.1000,3575,-7.9000,108.64093959731543624161073826,-0.15813447675863783246333581,121.80258064516129032258064516,0.19308697427521437321355655,Other,,0,False,False
223,11:20:16.000,11:19:56.000,11:20:16.000,20,23431.1000,23439.0000,23431.1000,23435.0000,3445,3.9000,109.29846153846153846153846154,0.65752194114610221992772328,121.1515873015873015873015873,-0.65099334357398873527905786,Other,,0,False,False
224,11:20:45.000,11:20:16.000,11:20:45.000,29,23435.0000,23448.0000,23435.0000,23447.6000,3315,12.6000,110.32126436781609195402298851,1.02280282935455349248452697,120.41781609195402298850574713,-0.73377120963327859879584017,Other,,0,False,False
225,11:22:11.000,11:20:45.000,11:22:11.000,86,23447.6000,23448.0000,23439.0000,23439.8000,3250,-7.8000,110.94061224489795918367346939,0.61934787708186722965048088,119.95126582278481012658227848,-0.46655026916921286192346865,B,B,1,False,True
226,11:23:55.000,11:22:11.000,11:23:55.000,104,23439.8000,23444.6000,23439.8000,23442.7000,3575,2.9000,111.8551446945337620578778135,0.91453244963580287420434411,118.87637540453074433656957929,-1.07489041825406579001269919,Other,,0,False,False
227,11:25:11.000,11:23:55.000,11:25:11.000,76,23442.7000,23443.0000,23439.0000,23439.0000,3315,-3.7000,110.78384279475982532751091703,-1.07130189977393673036689647,119.76561085972850678733031674,0.88923545519776245076073745,Other,,0,False,False
228,11:26:39.000,11:25:11.000,11:26:39.000,88,23439.0000,23449.0000,23439.0000,23446.4000,3510,7.4000,112.4182156133828996282527881,1.63437281862307430074187107,117.83698113207547169811320755,-1.92862972765303508921710919,Other,,0,False,False
229,11:28:40.000,11:26:39.000,11:28:40.000,121,23446.4000,23449.0000,23439.3000,23439.3000,3250,-7.1000,112.19021739130434782608695652,-0.22799822207855180216583158,118.33811475409836065573770492,0.50113362202288895762449737,Other,,0,False,False
230,11:30:03.000,11:28:40.000,11:30:03.000,83,23439.3000,23442.3000,23439.3000,23442.0000,3380,2.7000,111.06963562753036437246963563,-1.12058176377398345361732089,119.58955823293172690763052209,1.25144347883336625189281717,A,A,1,True,False
231,11:30:43.000,11:30:03.000,11:30:43.000,40,23442.0000,23450.0000,23442.0000,23450.0000,3445,8.0000,112.9268,1.85716437246963562753036437,117.78008130081300813008130081,-1.80947693211871877754922128,Other,,0,False,False
232,11:31:33.000,11:30:43.000,11:31:33.000,50,23450.0000,23450.0000,23445.0000,23450.0000,3965,0.0000,114.81107594936708860759493671,1.88427594936708860759493671,116.24533333333333333333333333,-1.53474796747967479674796748,Other,,0,False,False
233,11:32:18.000,11:31:33.000,11:32:18.000,45,23450.0000,23455.0000,23445.9000,23455.0000,4420,5.0000,114.99135338345864661654135338,0.18027743409155800894641667,116.31313868613138686131386861,0.06780535279805352798053528,Other,,0,False,False
234,11:32:20.000,11:32:18.000,11:32:20.000,2,23455.0000,23458.0000,23450.7000,23455.3000,3250,0.3000,118.5875,3.59614661654135338345864662,113.3375,-2.97563868613138686131386861,Other,,0,False,False
235,11:32:26.000,11:32:20.000,11:32:26.000,6,23455.3000,23460.0000,23455.3000,23460.0000,5395,4.7000,119.2850,0.6975,112.78888888888888888888888889,-0.54861111111111111111111111,Other,,0,False,False
236,11:32:30.000,11:32:26.000,11:32:30.000,4,23460.0000,23460.0000,23452.5000,23460.0000,3835,0.0000,118.58076923076923076923076923,-0.70423076923076923076923077,113.72727272727272727272727273,0.93838383838383838383838384,Other,,0,False,False
237,11:33:43.000,11:32:30.000,11:33:43.000,73,23460.0000,23460.0000,23450.0000,23454.9000,3315,-5.1000,118.3797413793103448275862069,-0.20102785145888594164456233,113.7125,-0.01477272727272727272727273,Other,,0,False,False
238,11:35:03.000,11:33:43.000,11:35:03.000,80,23454.9000,23457.9000,23450.0000,23450.0000,4420,-4.9000,118.45387755102040816326530612,0.07413617171006333567909922,113.64291497975708502024291498,-0.06958502024291497975708502,B,B,1,False,True
239,11:36:23.000,11:35:03.000,11:36:23.000,80,23450.0000,23454.0000,23445.1000,23451.0000,4485,1.0000,115.32804878048780487804878049,-3.12582877053260328521652563,115.78650442477876106194690265,2.14358944502167604170398767,A,A,1,True,False
240,11:37:15.000,11:36:23.000,11:37:15.000,52,23451.0000,23453.0000,23447.0000,23453.0000,3250,2.0000,117.0021875,1.67413871951219512195121951,114.86776315789473684210526316,-0.91874126688402421984163949,Other,,0,False,False
241,11:39:16.000,11:37:15.000,11:39:16.000,121,23453.0000,23455.0000,23445.4000,23445.4000,3445,-7.6000,117.10107526881720430107526882,0.09888776881720430107526882,115.00158045977011494252873563,0.13381730187537810042347247,Other,,0,False,False
242,11:39:59.000,11:39:16.000,11:39:59.000,43,23445.4000,23450.0000,23445.4000,23447.0000,3575,1.6000,114.84876033057851239669421488,-2.25231493823869190438105394,116.0940,1.09241954022988505747126437,A,A,1,True,False
243,11:40:05.000,11:39:59.000,11:40:05.000,6,23447.0000,23447.9000,23446.6000,23446.6000,3315,-0.4000,115.3900,0.54123966942148760330578512,115.17894736842105263157894737,-0.91505263157894736842105263,B,B,1,False,True
244,11:40:35.000,11:40:05.000,11:40:35.000,30,23446.6000,23450.0000,23445.0000,23448.4000,3380,1.8000,113.92849462365591397849462366,-1.46150537634408602150537634,116.24382022471910112359550562,1.06487285629804849201655825,A,A,1,True,False
245,11:41:13.000,11:40:35.000,11:41:13.000,38,23448.4000,23451.0000,23445.9000,23451.0000,3250,2.6000,113.99834710743801652892561983,0.06985248378210255043099617,116.46410256410256410256410256,0.22028233938346297896859694,Other,,0,False,False
246,11:41:51.000,11:41:13.000,11:41:51.000,38,23451.0000,23452.3000,23445.5000,23449.5000,3315,-1.5000,115.04478260869565217391304348,1.04643550125763564498742365,115.62837837837837837837837838,-0.83572418572418572418572418,B,B,1,False,True
247,11:42:56.000,11:41:51.000,11:42:56.000,65,23449.5000,23451.0000,23445.0000,23445.0000,3250,-4.5000,114.31311881188118811881188119,-0.73166379681446405510116229,116.18724489795918367346938776,0.55886651958080529509100938,Other,,0,False,False
248,11:44:50.000,11:42:56.000,11:44:50.000,114,23445.0000,23452.0000,23444.6000,23448.1000,3380,3.1000,115.17083333333333333333333333,0.85771452145214521452145214,115.56287878787878787878787879,-0.62436611008039579468150897,Other,,0,False,False
249,11:45:00.000,11:44:50.000,11:45:00.000,10,23448.1000,23450.0000,23446.3000,23447.5000,3315,-0.6000,116.15757575757575757575757576,0.98674242424242424242424243,114.95555555555555555555555556,-0.60732323232323232323232323,B,B,1,False,True
250,11:46:46.000,11:45:00.000,11:46:46.000,106,23447.5000,23455.0000,23447.5000,23455.0000,3640,7.5000,117.07678018575851393188854489,0.91920442818275635613096913,114.48463949843260188087774295,-0.47091605712295367467781261,Other,,0,False,False
251,11:47:34.000,11:46:46.000,11:47:34.000,48,23455.0000,23458.0000,23452.3000,23457.0000,3250,2.0000,119.56301369863013698630136986,2.48623351287162305441282497,112.27717391304347826086956522,-2.20746558538912362000817773,Other,,0,False,False
252,11:47:58.000,11:47:34.000,11:47:58.000,24,23457.0000,23460.0000,23456.6000,23460.0000,4030,3.0000,120.5972972972972972972972973,1.03428359866716031099592744,111.05972222222222222222222222,-1.21745169082125603864734300,Other,,0,False,False
253,11:48:11.000,11:47:58.000,11:48:11.000,13,23460.0000,23460.6000,23455.1000,23460.0000,3380,0.0000,119.12906976744186046511627907,-1.46822752985543683218101823,112.00581395348837209302325581,0.94609173126614987080103359,Other,,0,False,False
254,11:49:12.000,11:48:11.000,11:49:12.000,61,23460.0000,23460.0000,23446.1000,23454.0000,3250,-6.0000,115.5470744680851063829787234,-3.58199529935675408213755567,114.55664893617021276595744681,2.55083498268184067293419100,Other,,0,False,False
255,11:50:31.000,11:49:12.000,11:50:31.000,79,23454.0000,23455.0000,23447.2000,23447.2000,3315,-6.8000,114.80323886639676113360323887,-0.74383560168834524937548453,115.15643153526970954356846473,0.59978259909949677761101792,Other,,0,False,False
256,11:51:23.000,11:50:31.000,11:51:23.000,52,23447.2000,23447.2000,23440.0000,23444.7000,3250,-2.5000,111.59032258064516129032258065,-3.21291628575159984328065822,117.53176100628930817610062893,2.37532947101959863253216420,Other,,0,False,False
257,11:52:56.000,11:51:23.000,11:52:56.000,93,23444.7000,23449.2000,23440.0000,23447.3000,3250,2.6000,112.2487804878048780487804878,0.65845790715971675845790715,117.47114695340501792114695341,-0.06061405288429025495367552,Other,,0,False,False
258,11:54:35.000,11:52:56.000,11:54:35.000,99,23447.3000,23450.0000,23447.2000,23447.5000,3250,0.2000,113.74200680272108843537414966,1.49322631491621038659366186,116.21788079470198675496688742,-1.25326615870303116618006599,Other,,0,False,False
259,11:55:51.000,11:54:35.000,11:55:51.000,76,23447.5000,23447.6000,23442.2000,23445.9000,3250,-1.6000,113.36217948717948717948717949,-0.37982731554160125588697017,116.5669491525423728813559322,0.34906835784038612638904478,Other,,0,False,False
260,11:56:58.000,11:55:51.000,11:56:58.000,67,23445.9000,23447.6000,23440.2000,23442.0000,3380,-3.9000,112.62125,-0.74092948717948717948717949,117.24669811320754716981132075,0.67974896066517428845538855,Other,,0,False,False
261,11:57:42.000,11:56:58.000,11:57:42.000,44,23442.0000,23447.0000,23441.5000,23443.7000,3250,1.7000,111.888671875,-0.732578125,118.02923076923076923076923077,0.78253265602322206095791002,A,A,1,True,False
262,11:58:04.000,11:57:42.000,11:58:04.000,22,23443.7000,23445.0000,23442.0000,23445.0000,3705,1.3000,111.53692307692307692307692308,-0.35174879807692307692307692,118.25238095238095238095238095,0.22315018315018315018315018,A,A,2,False,False
263,11:59:02.000,11:58:04.000,11:59:02.000,58,23445.0000,23445.0000,23442.0000,23443.5000,3250,-1.5000,111.76348314606741573033707865,0.22656006914433880726015557,117.89388888888888888888888889,-0.35849206349206349206349206,B,B,1,False,True
264,11:59:45.000,11:59:02.000,11:59:45.000,43,23443.5000,23448.9000,23442.1000,23448.9000,3250,5.4000,112.4976,0.73411685393258426966292135,117.2324427480916030534351145,-0.66144614079728583545377439,Other,,0,False,False
265,12:00:41.000,11:59:45.000,12:00:41.000,56,23448.9000,23450.0000,23446.5000,23446.5000,3315,-2.4000,114.20948275862068965517241379,1.71188275862068965517241379,115.29011627906976744186046512,-1.94232646902183561157464938,B,B,1,False,True
266,12:01:50.000,12:00:41.000,12:01:50.000,69,23446.5000,23455.0000,23444.9000,23452.9000,3705,6.4000,115.98557692307692307692307692,1.77609416445623342175066313,113.28810679611650485436893204,-2.00200948295326258749153308,Other,,0,False,False
267,12:02:16.000,12:01:50.000,12:02:16.000,26,23452.9000,23464.0000,23452.9000,23453.0000,14885,0.1000,118.47289156626506024096385542,2.48731464318813716404077850,111.18795180722891566265060241,-2.10015498888758919171832963,Other,,0,False,False
268,12:02:16.000,12:02:16.000,12:02:16.000,0,23453.0000,23453.0000,23453.0000,23453.0000,11635,0.0000,,,,,Other,,0,False,False
269,12:02:18.000,12:02:18.000,12:02:18.000,0,23453.0000,23453.0000,23453.0000,23453.0000,8385,0.0000,118.6500,,111.2250,,Other,,0,False,False
270,12:02:18.000,12:02:18.000,12:02:18.000,0,23453.0000,23453.0000,23453.0000,23453.0000,5135,0.0000,,,,,Other,,0,False,False
271,12:02:21.000,12:02:19.000,12:02:21.000,2,23460.6000,23460.6000,23460.6000,23460.6000,3640,7.6000,118.7300,,111.3900,,Other,,0,False,False
272,12:03:16.000,12:02:21.000,12:03:16.000,55,23460.6000,23468.0000,23455.5000,23465.0000,3510,4.4000,120.23563218390804597701149425,1.50563218390804597701149425,109.45872093023255813953488372,-1.93127906976744186046511628,Other,,0,False,False
273,12:03:53.000,12:03:16.000,12:03:53.000,37,23465.0000,23467.0000,23460.8000,23465.5000,3250,0.5000,122.84869565217391304347826087,2.61306346826586706646676662,108.14188034188034188034188034,-1.31684058835221625919300338,Other,,0,False,False
274,12:04:56.000,12:03:53.000,12:04:56.000,63,23465.5000,23468.0000,23461.0000,23465.6000,3315,0.1000,124.54473684210526315789473684,1.69604118993135011441647597,108.03737373737373737373737374,-0.10450660450660450660450660,Other,,0,False,False
275,12:05:02.000,12:04:56.000,12:05:02.000,6,23465.6000,23469.2000,23465.6000,23469.2000,3510,3.6000,126.45952380952380952380952381,1.91478696741854636591478697,107.33947368421052631578947368,-0.69790005316321105794790006,Other,,0,False,False
276,12:05:06.000,12:05:02.000,12:05:06.000,4,23469.2000,23470.0000,23467.0000,23470.0000,3380,0.8000,128.16666666666666666666666667,1.70714285714285714285714286,106.61666666666666666666666667,-0.72280701754385964912280701,Other,,0,False,False
277,12:05:26.000,12:05:06.000,12:05:26.000,20,23470.0000,23471.8000,23469.0000,23471.8000,3575,1.8000,127.9234375,-0.24322916666666666666666667,107.253125,0.63645833333333333333333333,A,A,1,True,False
278,12:05:41.000,12:05:26.000,12:05:41.000,15,23471.8000,23472.1000,23470.0000,23470.0000,3510,-1.8000,130.40306122448979591836734694,2.47962372448979591836734694,106.34693877551020408163265306,-0.90618622448979591836734694,B,B,1,False,True
279,12:06:17.000,12:05:41.000,12:06:17.000,36,23470.0000,23474.0000,23465.5000,23469.5000,3250,-0.5000,128.28391304347826086956521739,-2.11914818101153504880212955,106.69130434782608695652173913,0.34436557231588287488908607,Other,,0,False,False
280,12:06:24.000,12:06:17.000,12:06:24.000,7,23469.5000,23475.0000,23469.5000,23475.0000,3770,5.5000,129.8700,1.58608695652173913043478261,105.12727272727272727272727273,-1.56403162055335968379446640,Other,,0,False,False
281,12:06:44.000,12:06:24.000,12:06:44.000,20,23475.0000,23475.0000,23471.0000,23474.6000,5460,-0.4000,129.6700,-0.2000,105.16557377049180327868852459,0.03830104321907600596125186,Other,,0,False,False
282,12:06:45.000,12:06:44.000,12:06:45.000,1,23474.6000,23475.0000,23474.0000,23474.0000,3835,-0.6000,131.2750,1.6050,104.4250,-0.74057377049180327868852459,B,B,1,False,True
283,12:06:49.000,12:06:45.000,12:06:49.000,4,23474.0000,23479.0000,23474.0000,23479.0000,8645,5.0000,105.1000,,127.2000,,Other,,0,False,False
284,12:06:49.000,12:06:49.000,12:06:49.000,0,23479.0000,23479.0000,23479.0000,23479.0000,5395,0.0000,,,,,Other,,0,False,False
285,12:06:52.000,12:06:50.000,12:06:52.000,2,23477.3000,23480.0000,23477.3000,23480.0000,3770,1.0000,106.4600,,126.4900,,Other,,0,False,False
286,12:07:12.000,12:06:52.000,12:07:12.000,20,23480.0000,23480.0000,23471.1000,23471.1000,3380,-8.9000,132.13360655737704918032786885,,104.29444444444444444444444444,,Other,,0,False,False
287,12:07:20.000,12:07:12.000,12:07:20.000,8,23471.1000,23477.0000,23471.1000,23477.0000,3380,5.9000,104.37727272727272727272727273,,128.1950,,Other,,0,False,False
288,12:08:05.000,12:07:20.000,12:08:05.000,45,23477.0000,23477.0000,23470.0000,23470.0000,3705,-7.0000,130.05625,,104.99049295774647887323943662,,Other,,0,False,False
289,12:08:42.000,12:08:05.000,12:08:42.000,37,23470.0000,23474.0000,23469.1000,23469.1000,3250,-0.9000,128.46902654867256637168141593,-1.58722345132743362831858407,106.07956521739130434782608696,1.08907225964482547458665034,Other,,0,False,False
290,12:09:11.000,12:08:42.000,12:09:11.000,29,23469.1000,23469.9000,23464.7000,23464.7000,3315,-4.4000,126.14408602150537634408602151,-2.32494052716719002759539442,107.02640449438202247191011236,0.94683927699071812408402540,Other,,0,False,False
291,12:09:54.000,12:09:11.000,12:09:54.000,43,23464.7000,23469.8000,23463.3000,23469.8000,3315,5.1000,125.66046511627906976744186047,-0.48362090522630657664416104,107.51917293233082706766917293,0.49276843794880459575906057,A,A,1,True,False
292,12:10:41.000,12:09:54.000,12:10:41.000,47,23469.8000,23471.4000,23467.0000,23470.0000,3315,0.2000,126.76033333333333333333333333,1.09986821705426356589147286,106.41458333333333333333333333,-1.10458959899749373433583960,Other,,0,False,False
293,12:11:36.000,12:10:41.000,12:11:36.000,55,23470.0000,23475.0000,23470.0000,23475.0000,4420,5.0000,128.93079268292682926829268293,2.17045934959349593495934960,105.52151898734177215189873418,-0.89306434599156118143459915,Other,,0,False,False
294,12:11:42.000,12:11:36.000,12:11:42.000,6,23475.0000,23476.0000,23475.0000,23476.0000,3380,1.0000,104.7200,,127.3400,,Other,,0,False,False
295,12:13:12.000,12:11:42.000,12:13:12.000,90,23476.0000,23483.0000,23474.6000,23483.0000,6890,7.0000,105.40240549828178694158075601,0.68240549828178694158075601,127.05752688172043010752688172,-0.28247311827956989247311828,Other,,0,False,False
296,12:13:12.000,12:13:12.000,12:13:12.000,0,23483.0000,23483.0000,23483.0000,23483.0000,3640,0.0000,,,,,Other,,0,False,False
297,12:13:48.000,12:13:12.000,12:13:48.000,36,23484.0000,23484.0000,23475.6000,23478.1000,3965,-4.9000,105.72566371681415929203539823,,127.36652173913043478260869565,,Other,,0,False,False
298,12:14:38.000,12:13:48.000,12:14:38.000,50,23478.1000,23480.0000,23475.8000,23476.5000,3445,-1.6000,106.04769736842105263157894737,0.32203365160689333954354914,127.42852112676056338028169014,0.06199938763012859767299449,Other,,0,False,False
299,12:14:43.000,12:14:38.000,12:14:43.000,5,23476.5000,23480.0000,23476.5000,23480.0000,4420,3.5000,105.77142857142857142857142857,-0.27626879699248120300751880,128.01428571428571428571428571,0.58576458752515090543259557,A,A,1,True,False
300,12:14:50.000,12:14:43.000,12:14:50.000,7,23480.0000,23480.0000,23473.5000,23478.0000,3380,-2.0000,105.32272727272727272727272727,-0.44870129870129870129870130,128.1600,0.14571428571428571428571429,Other,,0,False,False
301,12:15:43.000,12:14:50.000,12:15:43.000,53,23478.0000,23482.0000,23472.5000,23472.5000,3510,-5.5000,132.37347560975609756097560976,,104.5650641025641025641025641,,Other,,0,False,False
302,12:16:21.000,12:15:43.000,12:16:21.000,38,23472.5000,23482.8000,23470.4000,23476.0000,3315,3.5000,103.81666666666666666666666667,,128.51570247933884297520661157,,Other,,0,False,False
303,12:18:00.000,12:16:21.000,12:18:00.000,99,23476.0000,23478.0000,23470.0000,23474.2000,3835,-1.8000,130.73457792207792207792207792,,104.35173010380622837370242215,,Other,,0,False,False
304,12:19:04.000,12:18:00.000,12:19:04.000,64,23474.2000,23476.0000,23473.0000,23474.7000,3250,0.5000,131.44529702970297029702970297,0.71071910762504821910762505,103.60930851063829787234042553,-0.74242159316793050136199662,Other,,0,False,False
305,12:19:58.000,12:19:04.000,12:19:58.000,54,23474.7000,23480.0000,23474.7000,23480.0000,3835,5.3000,106.01331360946745562130177515,,125.67672955974842767295597484,,Other,,0,False,False
306,12:20:59.000,12:19:58.000,12:20:59.000,61,23480.0000,23482.0000,23476.3000,23476.3000,3315,-3.7000,105.9671875,-0.04612610946745562130177515,125.90868421052631578947368421,0.23195465077788811651770937,Other,,0,False,False
307,12:21:51.000,12:20:59.000,12:21:51.000,52,23476.3000,23482.0000,23476.0000,23476.2000,3315,-0.1000,104.56375,-1.4034375,127.32398648648648648648648649,1.41530227596017069701280228,Other,,0,False,False
308,12:21:58.000,12:21:51.000,12:21:58.000,7,23476.2000,23477.3000,23476.0000,23476.9000,3900,0.7000,103.92777777777777777777777778,-0.63597222222222222222222222,128.0700,0.74601351351351351351351351,A,A,1,True,False
309,12:22:01.000,12:21:58.000,12:22:01.000,3,23476.9000,23476.9000,23471.5000,23476.9000,3575,0.0000,103.75454545454545454545454545,-0.17323232323232323232323233,128.19090909090909090909090909,0.12090909090909090909090909,Other,,0,False,False
310,12:22:06.000,12:22:01.000,12:22:06.000,5,23476.9000,23476.9000,23470.3000,23470.6000,5200,-6.3000,130.15714285714285714285714286,,104.6500,,Other,,0,False,False
311,12:22:11.000,12:22:06.000,12:22:11.000,5,23470.6000,23477.0000,23470.6000,23476.9000,3250,6.3000,103.78125,,127.9750,,Other,,0,False,False
312,12:22:36.000,12:22:11.000,12:22:36.000,25,23476.9000,23476.9000,23469.9000,23474.1000,3250,-2.8000,129.92733333333333333333333333,,104.76466666666666666666666667,,Other,,0,False,False
313,12:23:18.000,12:22:36.000,12:23:18.000,42,23474.1000,23480.0000,23469.2000,23469.2000,4225,-4.9000,130.25465116279069767441860465,0.32731782945736434108527132,104.74473684210526315789473684,-0.01992982456140350877192983,B,B,1,False,True
314,12:23:29.000,12:23:18.000,12:23:29.000,11,23469.2000,23483.5000,23469.2000,23472.0000,7930,2.8000,129.53823529411764705882352941,-0.71641586867305061559507524,105.16388888888888888888888889,0.41915204678362573099415205,A,A,1,True,False
315,12:23:29.000,12:23:29.000,12:23:29.000,0,23472.0000,23472.0000,23472.0000,23472.0000,4680,0.0000,,,,,Other,,0,False,False
316,12:24:05.000,12:23:30.000,12:24:05.000,35,23472.0000,23475.0000,23470.5000,23472.0000,3510,0.0000,128.72954545454545454545454545,,105.39035087719298245614035088,,Other,,0,False,False
317,12:24:36.000,12:24:05.000,12:24:36.000,31,23472.0000,23472.1000,23467.0000,23468.0000,4095,-4.0000,127.50050505050505050505050505,-1.22904040404040404040404040,105.79139784946236559139784946,0.40104697226938313525749858,Other,,0,False,False
318,12:25:40.000,12:24:36.000,12:25:40.000,64,23468.0000,23475.0000,23468.0000,23469.0000,3250,1.0000,127.26464646464646464646464646,-0.23585858585858585858585859,106.19036458333333333333333333,0.39896673387096774193548387,A,A,1,True,False
319,12:26:21.000,12:25:40.000,12:26:21.000,41,23469.0000,23470.0000,23464.1000,23469.1000,4225,0.1000,124.6640,-2.60064646464646464646464646,107.8464,1.65603541666666666666666667,A,A,2,False,False
320,12:27:15.000,12:26:21.000,12:27:15.000,54,23469.1000,23470.0000,23461.1000,23465.4000,3445,-3.7000,125.18065476190476190476190476,0.51665476190476190476190476,107.63422619047619047619047619,-0.21217380952380952380952381,B,B,1,False,True
321,12:28:50.000,12:27:15.000,12:28:50.000,95,23465.4000,23468.6000,23462.2000,23465.0000,3315,-0.4000,125.57446808510638297872340426,0.39381332320162107396149950,107.19891696750902527075812274,-0.43530922296716520543235345,B,B,2,False,False
322,12:29:45.000,12:28:50.000,12:29:45.000,55,23465.0000,23468.9000,23464.2000,23466.8000,3250,1.8000,125.19243421052631578947368421,-0.38203387458006718924972005,107.14746835443037974683544304,-0.05144861307864552392267970,Other,,0,False,False
323,12:30:54.000,12:29:45.000,12:30:54.000,69,23466.8000,23467.0000,23461.6000,23461.6000,3380,-5.2000,124.37149532710280373831775701,-0.82093888342351205115592720,107.83820754716981132075471698,0.69073919273943157391927394,Other,,0,False,False
324,12:31:32.000,12:30:54.000,12:31:32.000,38,23461.6000,23464.2000,23457.2000,23462.7000,3900,1.1000,121.6500,-2.72149532710280373831775701,109.23991935483870967741935484,1.40171180766889835666463786,A,A,1,True,False
325,12:32:05.000,12:31:32.000,12:32:05.000,33,23462.7000,23462.7000,23457.4000,23459.6000,3250,-3.1000,121.58131313131313131313131313,-0.06868686868686868686868687,109.27621359223300970873786408,0.03629423739430003131850924,Other,,0,False,False
326,12:32:49.000,12:32:05.000,12:32:49.000,44,23459.6000,23460.0000,23457.8000,23458.0000,4550,-1.6000,120.75839694656488549618320611,-0.82291618474824581694810702,109.60534351145038167938931298,0.32912991921737197065144890,Other,,0,False,False
327,12:33:14.000,12:32:49.000,12:33:14.000,25,23458.0000,23464.0000,23458.0000,23464.0000,5200,6.0000,122.47098765432098765432098765,1.71259070775610215813778154,108.56818181818181818181818182,-1.03716169326856349757113116,Other,,0,False,False
328,12:33:17.000,12:33:14.000,12:33:17.000,3,23464.0000,23467.0000,23460.5000,23467.0000,3835,3.0000,123.6750,1.20401234567901234567901235,107.8800,-0.68818181818181818181818182,Other,,0,False,False
329,12:33:48.000,12:33:17.000,12:33:48.000,31,23467.0000,23469.0000,23462.5000,23468.2000,3575,1.2000,124.78585858585858585858585859,1.11085858585858585858585859,106.79141414141414141414141414,-1.08858585858585858585858586,Other,,0,False,False
330,12:34:34.000,12:33:48.000,12:34:34.000,46,23468.2000,23468.2000,23465.0000,23465.0000,3250,-3.2000,124.41621621621621621621621622,-0.36964236964236964236964237,106.8277397260273972602739726,0.03632558461325584613255846,Other,,0,False,False
331,12:35:57.000,12:34:34.000,12:35:57.000,83,23465.0000,23470.0000,23460.8000,23470.0000,3250,5.0000,124.66065573770491803278688525,0.24443952148870181657066903,106.59322033898305084745762712,-0.23451938704434641281634548,Other,,0,False,False
332,12:39:40.000,12:35:57.000,12:39:40.000,223,23470.0000,23470.0000,23461.0000,23461.0000,3315,-9.0000,123.87646198830409356725146199,-0.78419374940082446553542326,107.42208955223880597014925373,0.82886921325575512269162661,Other,,0,False,False
333,12:41:12.000,12:39:40.000,12:41:12.000,92,23461.0000,23470.4000,23461.0000,23466.3000,3250,5.3000,124.40154639175257731958762887,0.52508440344848375233616688,107.07188552188552188552188552,-0.35020403035328408462736821,Other,,0,False,False
334,12:43:23.000,12:41:12.000,12:43:23.000,131,23466.3000,23471.0000,23465.1000,23469.6000,3250,3.3000,125.67757352941176470588235294,1.27602713765918738629472407,106.2796875,-0.79219802188552188552188552,Other,,0,False,False
335,12:46:25.000,12:43:23.000,12:46:25.000,182,23469.6000,23471.0000,23461.1000,23461.1000,3250,-8.5000,123.82152014652014652014652015,-1.85605338289161818573583279,107.27326642335766423357664234,0.99357892335766423357664234,Other,,0,False,False
336,12:47:46.000,12:46:25.000,12:47:46.000,81,23461.1000,23464.0000,23457.8000,23459.0000,3250,-2.1000,120.44163346613545816733067729,-3.37988668038468835281584286,109.6628352490421455938697318,2.38956882568448136029308946,Other,,0,False,False
337,12:48:29.000,12:47:46.000,12:48:29.000,43,23459.0000,23464.8000,23453.5000,23453.5000,3315,-5.5000,118.88571428571428571428571429,-1.55591918042117245304496300,110.4978102189781021897810219,0.8349749699359565959112901,Other,,0,False,False
338,12:50:11.000,12:48:29.000,12:50:11.000,102,23453.5000,23464.6000,23453.3000,23461.0000,3250,7.5000,120.27384868421052631578947368,1.38813439849624060150375939,108.93476821192052980132450331,-1.56304200705757238845651859,Other,,0,False,False
339,12:51:29.000,12:50:11.000,12:51:29.000,78,23461.0000,23470.0000,23461.0000,23470.0000,3900,9.0000,122.78893805309734513274336283,2.51508936888681881695388915,106.84978448275862068965517241,-2.08498372916190911166933090,Other,,0,False,False
340,12:53:01.000,12:51:29.000,12:53:01.000,92,23470.0000,23470.0000,23459.5000,23461.0000,3250,-9.0000,121.67034482758620689655172414,-1.11859322551113823619163869,108.02624113475177304964539007,1.17645665199315235999021766,Other,,0,False,False
341,12:55:12.000,12:53:01.000,12:55:12.000,131,23461.0000,23468.0000,23453.5000,23463.0000,3250,2.0000,119.85012820512820512820512821,-1.82021662245800176834659593,109.431625,1.40538386524822695035460993,A,A,1,True,False
342,12:57:42.000,12:55:12.000,12:57:42.000,150,23463.0000,23463.0000,23450.4000,23459.7000,3250,-3.3000,118.71044943820224719101123596,-1.13967876692595793719389225,109.63110151187904967602591793,0.19947651187904967602591793,Other,,0,False,False
343,12:58:50.000,12:57:42.000,12:58:50.000,68,23459.7000,23465.0000,23459.3000,23464.6000,3250,4.9000,120.99375,2.28330056179775280898876404,107.64309523809523809523809524,-1.98800627378381158078782269,Other,,0,False,False
344,13:00:35.000,12:58:50.000,13:00:35.000,105,23464.6000,23467.0000,23464.1000,23464.9000,3315,0.3000,123.45509259259259259259259259,2.46134259259259259259259259,106.42254601226993865030674847,-1.22054922582529944493134677,Other,,0,False,False
345,13:02:04.000,13:00:35.000,13:02:04.000,89,23464.9000,23470.0000,23463.8000,23470.0000,3250,5.1000,124.08056603773584905660377358,0.62547344514325646401118099,106.26611721611721611721611722,-0.15642879615272253309063125,Other,,0,False,False
346,13:03:02.000,13:02:04.000,13:03:02.000,58,23470.0000,23472.0000,23464.7000,23470.0000,3250,0.0000,125.26277173913043478260869565,1.18220570139458572600492207,105.33052325581395348837209302,-0.93559396030326262884402420,Other,,0,False,False
347,13:03:42.000,13:03:02.000,13:03:42.000,40,23470.0000,23473.0000,23469.6000,23473.0000,3445,3.0000,126.08625954198473282442748092,0.82348780285429804181878527,104.7808,-0.54972325581395348837209302,Other,,0,False,False
348,13:05:02.000,13:03:42.000,13:05:02.000,80,23473.0000,23475.0000,23466.1000,23474.0000,3250,1.0000,126.62633744855967078189300412,0.54007790657493795746552320,104.48040816326530612244897959,-0.30039183673469387755102041,Other,,0,False,False
349,13:07:27.000,13:05:02.000,13:07:27.000,145,23474.0000,23475.0000,23463.5000,23469.9000,3250,-4.1000,123.95855855855855855855855856,-2.66777889000111222333444556,106.32331081081081081081081081,1.84290264754550468836183122,Other,,0,False,False
350,13:08:18.000,13:07:27.000,13:08:18.000,51,23469.9000,23475.0000,23468.2000,23475.0000,4420,5.1000,127.31201298701298701298701299,3.35345442845442845442845443,103.76930379746835443037974684,-2.55400701334245638043106397,Other,,0,False,False
351,13:08:59.000,13:08:18.000,13:08:59.000,41,23475.0000,23475.0000,23468.9000,23469.1000,3315,-5.9000,126.91302521008403361344537815,-0.39898777692895339954163484,104.44369747899159663865546218,0.67439368152324220827571534,Other,,0,False,False
352,13:09:32.000,13:08:59.000,13:09:32.000,33,23469.1000,23477.2000,23463.6000,23477.2000,3380,8.1000,98.31727272727272727272727273,,129.7150,,Other,,0,False,False
353,13:11:17.000,13:09:32.000,13:11:17.000,105,23477.2000,23477.2000,23461.2000,23461.2000,3575,-16.0000,123.54654654654654654654654655,,106.59485981308411214953271028,,Other,,0,False,False
354,13:12:01.000,13:11:17.000,13:12:01.000,44,23461.2000,23468.0000,23456.1000,23468.0000,3770,6.8000,120.36091549295774647887323944,-3.18563105358880006767330711,108.99471830985915492957746479,2.39985849677504278004475451,A,A,1,True,False
355,13:14:56.000,13:12:01.000,13:14:56.000,175,23468.0000,23468.0000,23456.3000,23459.9000,3315,-8.1000,120.89259962049335863377609108,0.53168412753561215490285164,108.62270992366412213740458015,-0.37200838619503279217288464,B,B,1,False,True
356,13:16:49.000,13:14:56.000,13:16:49.000,113,23459.9000,23468.0000,23459.6000,23462.0000,3250,2.1000,122.3360119047619047619047619,1.44341228426854612812867082,107.21708333333333333333333333,-1.40562659033078880407124682,Other,,0,False,False
357,13:19:10.000,13:16:49.000,13:19:10.000,141,23462.0000,23467.7000,23458.7000,23461.8000,3315,-0.2000,122.35548628428927680798004988,0.01947437952737204607528798,107.14622871046228710462287105,-0.07085462287104622871046228,B,B,1,False,True
358,13:22:41.000,13:19:10.000,13:22:41.000,211,23461.8000,23467.0000,23461.3000,23466.5000,3250,4.7000,123.24186602870813397129186603,0.88637974441885716331181615,106.20486443381180223285486443,-0.94136427665048487176800662,Other,,0,False,False
359,13:22:43.000,13:22:41.000,13:22:43.000,2,23466.5000,23466.5000,23466.4000,23466.4000,17745,-0.1000,124.46666666666666666666666667,1.22480063795853269537480064,105.23333333333333333333333333,-0.97153110047846889952153110,B,B,1,False,True
360,13:22:43.000,13:22:43.000,13:22:43.000,0,23466.4000,23466.4000,23466.4000,23466.4000,14495,0.0000,,,,,Other,,0,False,False
361,13:22:44.000,13:22:44.000,13:22:44.000,0,23466.9000,23466.9000,23466.9000,23466.9000,11245,0.5000,124.2000,,105.7000,,Other,,0,False,False
362,13:22:44.000,13:22:44.000,13:22:44.000,0,23466.9000,23466.9000,23466.9000,23466.9000,7995,0.0000,,,,,Other,,0,False,False
363,13:22:45.000,13:22:45.000,13:22:45.000,0,23466.9000,23466.9000,23466.9000,23466.9000,5590,0.0000,123.9500,,105.7750,,Other,,0,False,False
364,13:22:55.000,13:22:45.000,13:22:55.000,10,23466.9000,23468.0000,23466.7000,23468.0000,4680,1.1000,123.76538461538461538461538462,-0.18461538461538461538461538,106.0625,0.2875,A,A,1,True,False
365,13:22:59.000,13:22:55.000,13:22:59.000,4,23468.0000,23469.0000,23467.8000,23468.6000,3705,0.6000,123.17142857142857142857142857,-0.59395604395604395604395605,106.41428571428571428571428571,0.35178571428571428571428571,A,A,2,False,False
366,13:23:12.000,13:22:59.000,13:23:12.000,13,23468.6000,23469.0000,23462.9000,23469.0000,4030,0.4000,123.82972972972972972972972973,0.65830115830115830115830116,105.90641025641025641025641026,-0.50787545787545787545787545,Other,,0,False,False
367,13:23:56.000,13:23:12.000,13:23:56.000,44,23469.0000,23469.9000,23462.2000,23467.9000,3380,-1.1000,123.92105263157894736842105263,0.09132290184921763869132290,105.90305343511450381679389313,-0.00335682129575259346251713,B,B,1,False,True
368,13:25:36.000,13:23:56.000,13:25:36.000,100,23467.9000,23470.0000,23463.4000,23470.0000,4550,2.1000,124.71226114649681528662420382,0.79120851491786791820315119,105.31148648648648648648648649,-0.59156694862801733030740664,Other,,0,False,False
369,13:27:04.000,13:25:36.000,13:27:04.000,88,23470.0000,23470.0000,23465.2000,23467.6000,3250,-2.4000,124.89225092250922509225092251,0.17998977601240980562671869,105.49260700389105058365758755,0.18112051740456409717110106,Other,,0,False,False
370,13:29:09.000,13:27:04.000,13:29:09.000,125,23467.6000,23467.6000,23463.0000,23463.0000,3250,-4.6000,123.14205729166666666666666667,-1.75019363084255842558425584,106.78191489361702127659574468,1.28930788972597069293815713,Other,,0,False,False
371,13:29:42.000,13:29:09.000,13:29:42.000,33,23463.0000,23465.1000,23460.0000,23465.1000,3250,2.1000,120.47574257425742574257425743,-2.66631471740924092409240924,108.5049504950495049504950495,1.72303560143248367389930482,A,A,1,True,False
372,13:30:17.000,13:29:42.000,13:30:17.000,35,23465.1000,23465.1000,23450.0000,23450.0000,4810,-15.1000,116.78142857142857142857142857,-3.69431400282885431400282886,111.19428571428571428571428571,2.68933521923620933521923621,Other,,0,False,False
373,13:30:28.000,13:30:17.000,13:30:28.000,11,23450.0000,23460.0000,23448.9000,23460.0000,3250,10.0000,115.45277777777777777777777778,-1.32865079365079365079365079,112.39722222222222222222222222,1.20293650793650793650793651,A,A,1,True,False
374,13:30:41.000,13:30:28.000,13:30:41.000,13,23460.0000,23460.0000,23450.0000,23450.0000,9360,-10.0000,115.85697674418604651162790698,0.40419896640826873385012920,112.32558139534883720930232558,-0.07164082687338501291989664,B,B,1,False,True
375,13:30:41.000,13:30:41.000,13:30:41.000,0,23450.0000,23450.0000,23450.0000,23450.0000,6110,0.0000,,,,,Other,,0,False,False
376,13:30:43.000,13:30:42.000,13:30:43.000,1,23458.9000,23458.9000,23458.9000,23458.9000,3770,8.9000,116.6000,,111.8000,,Other,,0,False,False
377,13:31:06.000,13:30:43.000,13:31:06.000,23,23458.9000,23458.9000,23448.0000,23448.3000,3510,-10.6000,115.23493150684931506849315068,-1.36506849315068493150684932,112.6725352112676056338028169,0.8725352112676056338028169,Other,,0,False,False
378,13:31:59.000,13:31:06.000,13:31:59.000,53,23448.3000,23459.9000,23448.0000,23451.0000,3250,2.7000,116.05122699386503067484662577,0.81629548701571560635347509,111.88090909090909090909090909,-0.79162612035851472471190781,Other,,0,False,False
379,13:32:15.000,13:31:59.000,13:32:15.000,16,23451.0000,23455.0000,23444.6000,23446.4000,3705,-4.6000,113.99622641509433962264150943,-2.05500057877069105220511634,113.44313725490196078431372549,1.56222816399286987522281640,Other,,0,False,False
380,13:32:47.000,13:32:15.000,13:32:47.000,32,23446.4000,23458.0000,23442.9000,23442.9000,3445,-3.5000,113.80594059405940594059405941,-0.19028582103493368204745002,113.42878787878787878787878788,-0.01434937611408199643493761,Other,,0,False,False
381,13:33:11.000,13:32:47.000,13:33:11.000,24,23442.9000,23450.0000,23442.8000,23448.4000,3250,5.5000,112.08013698630136986301369863,-1.72580360775803607758036078,114.15519480519480519480519481,0.72640692640692640692640693,A,A,1,True,False
382,13:34:54.000,13:33:11.000,13:34:54.000,103,23448.4000,23453.0000,23440.3000,23440.3000,3250,-8.1000,110.66914556962025316455696203,-1.41099141668111669845673660,114.96702786377708978328173375,0.81183305858228458847653894,Other,,0,False,False
383,13:35:43.000,13:34:54.000,13:35:43.000,49,23440.3000,23441.6000,23440.0000,23440.0000,3315,-0.3000,107.81923076923076923076923077,-2.84991480038948393378773126,116.8496875,1.88265963622291021671826625,Other,,0,False,False
384,13:35:53.000,13:35:43.000,13:35:53.000,10,23440.0000,23440.0000,23435.0000,23435.0000,3380,-5.0000,105.696875,-2.12235576923076923076923077,118.471875,1.6221875,Other,,0,False,False
385,13:36:23.000,13:35:53.000,13:36:23.000,30,23435.0000,23440.0000,23432.0000,23440.0000,3445,5.0000,105.50714285714285714285714286,-0.18973214285714285714285714,119.22365591397849462365591398,0.75178091397849462365591398,A,A,1,True,False
386,13:37:09.000,13:36:23.000,13:37:09.000,46,23440.0000,23442.0000,23432.1000,23436.3000,3835,-3.7000,106.60300751879699248120300752,1.09586466165413533834586466,117.68090277777777777777777778,-1.54275313620071684587813620,B,B,1,False,True
387,13:38:20.000,13:37:09.000,13:38:20.000,71,23436.3000,23446.0000,23436.3000,23446.0000,3900,9.7000,109.32168141592920353982300885,2.71867389713221105862000133,114.11118421052631578947368421,-3.56971856725146198830409357,Other,,0,False,False
388,13:40:02.000,13:38:20.000,13:40:02.000,102,23446.0000,23452.3000,23440.6000,23441.3000,3250,-4.7000,109.34129032258064516129032258,0.01960890665144162146731373,115.00785256410256410256410256,0.89666835357624831309041835,Other,,0,False,False
389,13:42:09.000,13:40:02.000,13:42:09.000,127,23441.3000,23452.0000,23440.8000,23452.0000,3510,10.7000,110.43474358974358974358974359,1.09345326716294458229942101,113.89426020408163265306122449,-1.11359236002093144950287807,Other,,0,False,False
390,13:44:16.000,13:42:09.000,13:44:16.000,127,23452.0000,23457.2000,23446.1000,23453.4000,3575,1.4000,113.05151515151515151515151515,2.61677156177156177156177156,111.16010362694300518134715026,-2.73415657713862747171407423,Other,,0,False,False
391,13:46:53.000,13:44:16.000,13:46:53.000,157,23453.4000,23453.4000,23447.9000,23451.0000,3250,-2.4000,113.84459459459459459459459459,0.79307944307944307944307944,110.14265593561368209255533199,-1.01744769132932308879181827,B,B,1,False,True
392,13:47:56.000,13:46:53.000,13:47:56.000,63,23451.0000,23451.3000,23445.0000,23446.5000,4095,-4.5000,111.39322916666666666666666667,-2.45136542792792792792792792,112.06173469387755102040816327,1.91907875826386892785283128,Other,,0,False,False
393,13:49:49.000,13:47:56.000,13:49:49.000,113,23446.5000,23449.5000,23445.0000,23446.9000,3510,0.4000,112.11631736526946107784431138,0.72308819860279441117764471,111.36856725146198830409356725,-0.69316744241556271631459602,Other,,0,False,False
394,13:51:10.000,13:49:49.000,13:51:10.000,81,23446.9000,23452.9000,23445.3000,23447.2000,3575,0.3000,112.36659919028340080971659919,0.25028182501393973187228781,110.90823045267489711934156379,-0.46033679878709118475200346,Other,,0,False,False
395,13:52:26.000,13:51:10.000,13:52:26.000,76,23447.2000,23448.0000,23440.0000,23445.0000,3315,-2.2000,110.30070754716981132075471698,-2.06589164311358948896188221,112.71431818181818181818181818,1.80608772914328469884025439,Other,,0,False,False
396,13:54:02.000,13:52:26.000,13:54:02.000,96,23445.0000,23445.0000,23440.0000,23444.0000,3250,-1.0000,109.23316326530612244897959184,-1.06754428186368887177512514,113.728125,1.01380681818181818181818182,Other,,0,False,False
397,13:54:28.000,13:54:02.000,13:54:28.000,26,23444.0000,23445.2000,23444.0000,23444.5000,3250,0.5000,111.0012195121951219512195122,1.76805624688899950223992036,111.9400,-1.788125,Other,,0,False,False
398,13:54:46.000,13:54:28.000,13:54:46.000,18,23444.5000,23445.1000,23444.5000,23445.0000,3250,0.5000,111.25471698113207547169811321,0.25349746893695352047860101,111.38272727272727272727272727,-0.55727272727272727272727273,Other,,0,False,False
399,13:55:02.000,13:54:46.000,13:55:02.000,16,23445.0000,23449.9000,23443.6000,23444.3000,3250,-0.7000,111.05744680851063829787234043,-0.19727017262143717382577278,111.60849056603773584905660377,0.22576329331046312178387650,Other,,0,False,False
400,13:57:27.000,13:55:02.000,13:57:27.000,145,23444.3000,23449.9000,23441.0000,23441.0000,3380,-3.3000,110.33619909502262443438914027,-0.72124771348801386348320016,112.61282894736842105263157895,1.00433838133068520357497518,Other,,0,False,False
401,13:59:14.000,13:57:27.000,13:59:14.000,107,23441.0000,23446.4000,23440.0000,23442.1000,3315,1.1000,108.19600591715976331360946746,-2.14019317786286112077967281,114.18482972136222910216718266,1.57200077399380804953560371,A,A,1,True,False
402,14:01:40.000,13:59:14.000,14:01:40.000,146,23442.1000,23450.0000,23440.0000,23444.0000,3770,1.9000,109.83442622950819672131147541,1.63842031234843340770200795,112.25428571428571428571428571,-1.93054400707651481645289695,Other,,0,False,False
403,14:03:28.000,14:01:40.000,14:03:28.000,108,23444.0000,23451.8000,23444.0000,23448.6000,3705,4.6000,111.61284403669724770642201835,1.77841780718905098511054294,110.58931888544891640866873065,-1.66496682883679787704555506,Other,,0,False,False
404,14:03:39.000,14:03:28.000,14:03:39.000,11,23448.6000,23455.0000,23448.6000,23455.0000,5590,6.4000,113.95135135135135135135135135,2.33850731465410364492933300,108.26891891891891891891891892,-2.32039996652999748974981173,Other,,0,False,False
405,14:04:04.000,14:03:39.000,14:04:04.000,25,23455.0000,23458.8000,23454.3000,23454.3000,3380,-0.7000,115.57088607594936708860759494,1.61953472459801573725624359,106.47278481012658227848101266,-1.79613410879233664043790626,B,B,1,False,True
406,14:06:39.000,14:04:04.000,14:06:39.000,155,23454.3000,23459.0000,23452.6000,23458.0000,3445,3.7000,114.84727463312368972746331237,-0.72361144282567736114428257,107.42505494505494505494505495,0.95227013492836277646404229,A,A,1,True,False
407,14:07:52.000,14:06:39.000,14:07:52.000,73,23458.0000,23463.0000,23458.0000,23463.0000,3250,5.0000,116.56425438596491228070175439,1.71697975284122255323844202,105.28434782608695652173913043,-2.14070711896798853320592452,Other,,0,False,False
408,14:08:56.000,14:07:52.000,14:08:56.000,64,23463.0000,23463.0000,23455.0000,23455.0000,3575,-8.0000,116.08596938775510204081632653,-0.47828499820981023988542786,106.02190721649484536082474227,0.73755939040788883908561184,Other,,0,False,False
409,14:09:06.000,14:08:56.000,14:09:06.000,10,23455.0000,23457.7000,23455.0000,23457.5000,3510,2.5000,116.44677419354838709677419355,0.36080480579328505595786702,105.51451612903225806451612903,-0.50739108746258729630861324,Other,,0,False,False
410,14:09:21.000,14:09:06.000,14:09:21.000,15,23457.5000,23463.0000,23455.0000,23456.1000,3640,-1.4000,116.46363636363636363636363636,0.01686217008797653958944281,105.79318181818181818181818182,0.27866568914956011730205279,Other,,0,False,False
411,14:10:08.000,14:09:21.000,14:10:08.000,47,23456.1000,23465.0000,23454.8000,23463.9000,14755,7.8000,117.18159722222222222222222222,0.71796085858585858585858586,105.21061643835616438356164384,-0.58256537982565379825653798,Other,,0,False,False
412,14:10:08.000,14:10:08.000,14:10:08.000,0,23463.9000,23463.9000,23463.9000,23463.9000,11505,0.0000,,,,,Other,,0,False,False
413,14:10:08.000,14:10:08.000,14:10:08.000,0,23463.7000,23463.7000,23463.7000,23463.7000,8255,-0.2000,,,,,Other,,0,False,False
414,14:10:08.000,14:10:08.000,14:10:08.000,0,23463.7000,23463.7000,23463.7000,23463.7000,5005,0.0000,,,,,Other,,0,False,False
415,14:10:16.000,14:10:09.000,14:10:16.000,7,23463.7000,23465.0000,23463.7000,23464.9000,3900,1.2000,118.1000,,104.38333333333333333333333333,,Other,,0,False,False
416,14:10:24.000,14:10:16.000,14:10:24.000,8,23464.9000,23466.0000,23459.6000,23460.1000,3380,-4.8000,118.9500,0.8500,103.7500,-0.63333333333333333333333333,B,B,1,False,True
417,14:10:32.000,14:10:24.000,14:10:32.000,8,23460.1000,23464.7000,23459.9000,23460.2000,4680,0.1000,119.13888888888888888888888889,0.18888888888888888888888889,103.2340,-0.5160,Other,,0,False,False
418,14:10:46.000,14:10:32.000,14:10:46.000,14,23460.2000,23467.2000,23460.2000,23460.5000,4420,0.3000,119.7750,0.63611111111111111111111111,102.83333333333333333333333333,-0.40066666666666666666666667,Other,,0,False,False
419,14:11:19.000,14:10:46.000,14:11:19.000,33,23460.5000,23467.5000,23459.6000,23465.8000,3315,5.3000,120.45445544554455445544554455,0.67945544554455445544554455,102.2052380952380952380952381,-0.62809523809523809523809523,Other,,0,False,False
420,14:12:42.000,14:11:19.000,14:12:42.000,83,23465.8000,23471.0000,23465.6000,23471.0000,3575,5.2000,122.17509803921568627450980392,1.72064259367113181906425937,100.69410569105691056910569106,-1.51113240418118466898954704,Other,,0,False,False
421,14:14:23.000,14:12:42.000,14:14:23.000,101,23471.0000,23475.0000,23465.4000,23467.5000,3250,-3.5000,122.3684542586750788643533123,0.19335621945939258984350838,100.54228295819935691318327974,-0.15182273285755365592241132,B,B,1,False,True
422,14:16:44.000,14:14:23.000,14:16:44.000,141,23467.5000,23470.0000,23465.0000,23465.0000,3445,-2.5000,121.48677494199535962877030162,-0.88167931667971923558301068,101.24859484777517564402810304,0.70631188957581873084482330,Other,,0,False,False
423,14:17:38.000,14:16:44.000,14:17:38.000,54,23465.0000,23467.9000,23460.5000,23462.3000,3510,-2.7000,119.66607142857142857142857143,-1.82070351342393105734173019,102.36309523809523809523809524,1.11450039032006245120999220,Other,,0,False,False
424,14:18:58.000,14:17:38.000,14:18:58.000,80,23462.3000,23467.0000,23461.4000,23465.0000,3380,2.7000,119.75019841269841269841269841,0.08412698412698412698412698,102.28946280991735537190082645,-0.07363242817788272333726879,Other,,0,False,False
425,14:21:02.000,14:18:58.000,14:21:02.000,124,23465.0000,23467.9000,23458.4000,23461.0000,3250,-4.0000,119.24731903485254691689008043,-0.50287937784586578152261798,102.65204603580562659846547315,0.36258322588827122656464670,Other,,0,False,False
426,14:22:36.000,14:21:02.000,14:22:36.000,94,23461.0000,23467.9000,23458.0000,23458.1000,3250,-2.9000,118.08969072164948453608247423,-1.15762831320306238080760620,103.78114186851211072664359862,1.12909583270648412817812547,Other,,0,False,False
427,14:23:46.000,14:22:36.000,14:23:46.000,70,23458.1000,23467.5000,23457.9000,23465.2000,3250,7.1000,119.61778846153846153846153846,1.52809773988897700237906423,102.46029411764705882352941176,-1.32084775086505190311418686,Other,,0,False,False
428,14:24:43.000,14:23:46.000,14:24:43.000,57,23465.2000,23469.9000,23465.2000,23469.9000,3380,4.7000,122.25689655172413793103448276,2.63910809018567639257294430,100.50085227272727272727272727,-1.95944184491978609625668449,Other,,0,False,False
429,14:26:12.000,14:24:43.000,14:26:12.000,89,23469.9000,23470.0000,23465.5000,23468.0000,3250,-1.9000,121.16606498194945848375451264,-1.09083156977467944727997012,101.57490774907749077490774908,1.07405547635021804763502181,Other,,0,False,False
430,14:27:15.000,14:26:12.000,14:27:15.000,63,23468.0000,23468.6000,23463.0000,23468.0000,3445,0.0000,121.45472222222222222222222222,0.28865724027276373846770958,101.33370165745856353591160221,-0.24120609161892723899614687,Other,,0,False,False
431,14:28:32.000,14:27:15.000,14:28:32.000,77,23468.0000,23475.0000,23468.0000,23469.3000,4745,1.3000,123.74191489361702127659574468,2.28719267139479905437352246,99.69877551020408163265306122,-1.63492614725448190325854099,Other,,0,False,False
432,14:28:52.000,14:28:32.000,14:28:52.000,20,23469.3000,23476.0000,23469.3000,23476.0000,24310,6.7000,98.22258064516129032258064516,,121.7935483870967741935483871,,Other,,0,False,False
433,14:28:52.000,14:28:52.000,14:28:52.000,0,23476.0000,23476.0000,23476.0000,23476.0000,21060,0.0000,,,,,Other,,0,False,False
434,14:28:53.000,14:28:53.000,14:28:53.000,0,23475.5000,23475.5000,23475.5000,23475.5000,17810,-0.5000,99.5250,,120.3000,,Other,,0,False,False
435,14:28:53.000,14:28:53.000,14:28:53.000,0,23475.5000,23475.5000,23475.5000,23475.5000,14560,0.0000,,,,,Other,,0,False,False
436,14:28:54.000,14:28:54.000,14:28:54.000,0,23475.5000,23475.5000,23475.5000,23475.5000,11375,0.0000,99.9750,,119.6500,,Other,,0,False,False
437,14:28:54.000,14:28:54.000,14:28:54.000,0,23475.5000,23475.5000,23475.5000,23475.5000,8125,0.0000,,,,,Other,,0,False,False
438,14:28:55.000,14:28:55.000,14:28:55.000,0,23476.7000,23476.7000,23476.7000,23476.7000,4875,1.2000,99.8000,,119.6500,,Other,,0,False,False
439,14:29:07.000,14:28:55.000,14:29:07.000,12,23476.7000,23477.8000,23473.7000,23475.8000,3965,-0.9000,99.32317073170731707317073171,-0.47682926829268292682926829,120.80769230769230769230769231,1.15769230769230769230769231,Other,,0,False,False
440,14:29:33.000,14:29:07.000,14:29:33.000,26,23475.8000,23479.3000,23474.9000,23479.0000,3510,3.2000,100.33012048192771084337349398,1.00694975022039377020276227,120.02037037037037037037037037,-0.78732193732193732193732194,Other,,0,False,False
441,14:29:40.000,14:29:33.000,14:29:40.000,7,23479.0000,23479.5000,23478.3000,23478.9000,8125,-0.1000,102.05909090909090909090909091,1.72897042716319824753559693,118.1500,-1.87037037037037037037037037,B,B,1,False,True
442,14:29:40.000,14:29:40.000,14:29:40.000,0,23478.9000,23478.9000,23478.9000,23478.9000,4875,0.0000,,,,,Other,,0,False,False
443,14:29:42.000,14:29:41.000,14:29:42.000,1,23481.0000,23481.5000,23481.0000,23481.5000,8840,2.6000,103.73333333333333333333333333,,116.9000,,Other,,0,False,False
444,14:29:42.000,14:29:42.000,14:29:42.000,0,23481.5000,23481.5000,23481.5000,23481.5000,5590,0.0000,,,,,Other,,0,False,False
445,14:29:43.000,14:29:43.000,14:29:43.000,0,23481.7000,23481.7000,23481.7000,23481.7000,4680,0.2000,103.2750,,117.1500,,Other,,0,False,False
446,14:29:52.000,14:29:43.000,14:29:52.000,9,23481.7000,23484.0000,23479.0000,23484.0000,3900,2.3000,102.73214285714285714285714286,-0.54285714285714285714285714,118.16538461538461538461538462,1.01538461538461538461538462,A,A,1,True,False
447,14:30:12.000,14:29:52.000,14:30:12.000,20,23484.0000,23484.0000,23476.6000,23477.6000,3250,-6.4000,101.39384615384615384615384615,-1.33829670329670329670329671,118.72288135593220338983050847,0.55749674054758800521512385,Other,,0,False,False
448,14:31:36.000,14:30:12.000,14:31:36.000,84,23477.6000,23484.0000,23474.0000,23477.0000,3575,-0.6000,100.97915057915057915057915058,-0.41469557469557469557469557,119.57647058823529411764705882,0.85358923230309072781655035,Other,,0,False,False
449,14:32:29.000,14:31:36.000,14:32:29.000,53,23477.0000,23477.0000,23470.3000,23471.2000,3380,-5.8000,125.85950920245398773006134969,,98.62484662576687116564417178,,Other,,0,False,False
450,14:33:12.000,14:32:29.000,14:33:12.000,43,23471.2000,23478.9000,23468.9000,23471.5000,3445,0.3000,124.03371212121212121212121212,-1.82579708124186651794013757,99.45454545454545454545454545,0.82969882877858337981037367,A,A,1,True,False
451,14:35:16.000,14:33:12.000,14:35:16.000,124,23471.5000,23478.0000,23458.0000,23458.0000,3250,-13.5000,119.04039473684210526315789474,-4.99331738437001594896331738,102.6845744680851063829787234,3.23002901353965183752417795,Other,,0,False,False
452,14:37:15.000,14:35:16.000,14:37:15.000,119,23458.0000,23461.5000,23450.0000,23456.2000,3575,-1.8000,113.29350828729281767955801105,-5.74688644954928758359988369,107.39550264550264550264550265,4.71092817741753911966677925,Other,,0,False,False
453,14:37:56.000,14:37:15.000,14:37:56.000,41,23456.2000,23458.5000,23449.0000,23454.0000,3315,-2.2000,111.90299145299145299145299145,-1.39051683430136468810501960,108.05289256198347107438016529,0.65738991648082557173466264,Other,,0,False,False
454,14:38:56.000,14:37:56.000,14:38:56.000,60,23454.0000,23460.0000,23451.1000,23457.6000,3445,3.6000,113.42260638297872340425531915,1.51961492998727041280232770,106.78447368421052631578947368,-1.26841887777294475859069161,Other,,0,False,False
455,14:40:27.000,14:38:56.000,14:40:27.000,91,23457.6000,23460.0000,23450.0000,23450.0000,3510,-7.6000,112.64742268041237113402061856,-0.77518370256635227023470059,107.50923344947735191637630662,0.72475976526682560058683294,Other,,0,False,False
456,14:41:12.000,14:40:27.000,14:41:12.000,45,23450.0000,23455.0000,23448.0000,23449.4000,3250,-0.6000,109.855859375,-2.79156330541237113402061856,110.26119402985074626865671642,2.75196058037339435228040980,Other,,0,False,False
457,14:41:54.000,14:41:12.000,14:41:54.000,42,23449.4000,23457.1000,23448.8000,23457.1000,3250,7.7000,109.92255639097744360902255639,0.06669701597744360902255639,110.29961832061068702290076336,0.03842429075994075424404694,Other,,0,False,False
458,14:42:25.000,14:41:54.000,14:42:25.000,31,23457.1000,23457.1000,23448.8000,23455.9000,3380,-1.2000,109.8077669902912621359223301,-0.11478940068618147310022629,110.31597938144329896907216495,0.01636106083261194617140159,Other,,0,False,False
459,14:42:47.000,14:42:25.000,14:42:47.000,22,23455.9000,23456.6000,23445.3000,23454.0000,4810,-1.9000,110.63028169014084507042253521,0.82251469984958293450020511,109.62323943661971830985915493,-0.69273994482358065921301002,B,B,1,False,True
460,14:43:01.000,14:42:47.000,14:43:01.000,14,23454.0000,23454.0000,23446.0000,23449.7000,3510,-4.3000,110.1000,-0.53028169014084507042253521,109.82666666666666666666666667,0.20342723004694835680751174,Other,,0,False,False
461,14:43:49.000,14:43:01.000,14:43:49.000,48,23449.7000,23451.5000,23446.0000,23446.8000,3250,-2.9000,107.71556291390728476821192053,-2.38443708609271523178807947,112.11666666666666666666666667,2.29000000000000000000000000,Other,,0,False,False
462,14:44:27.000,14:43:49.000,14:44:27.000,38,23446.8000,23450.0000,23445.2000,23445.9000,3510,-0.9000,106.94311926605504587155963303,-0.77244364785223889665228750,112.18898305084745762711864407,0.07231638418079096045197740,Other,,0,False,False
463,14:44:58.000,14:44:27.000,14:44:58.000,31,23445.9000,23451.2000,23443.2000,23446.5000,3380,0.6000,106.38655913978494623655913978,-0.55656012627009963500049325,112.43631578947368421052631579,0.24733273862622658340767172,A,A,1,True,False
464,14:45:14.000,14:44:58.000,14:45:14.000,16,23446.5000,23451.5000,23443.9000,23443.9000,3380,-2.6000,106.34795918367346938775510204,-0.03859995611147684880403774,112.66530612244897959183673469,0.22899033297529538131041890,Other,,0,False,False
465,14:45:39.000,14:45:14.000,14:45:39.000,25,23443.9000,23455.0000,23443.9000,23455.0000,3315,11.1000,107.56075949367088607594936709,1.21280030999741668819426505,111.13227848101265822784810127,-1.53302764143632136398863342,Other,,0,False,False
466,14:45:59.000,14:45:39.000,14:45:59.000,20,23455.0000,23455.5000,23443.7000,23449.9000,3510,-5.1000,108.42666666666666666666666667,0.86590717299578059071729958,110.0000,-1.13227848101265822784810127,B,B,1,False,True
467,14:46:19.000,14:45:59.000,14:46:19.000,20,23449.9000,23456.1000,23447.5000,23449.7000,3315,-0.2000,108.18174603174603174603174603,-0.24492063492063492063492064,110.87307692307692307692307692,0.87307692307692307692307692,Other,,0,False,False
468,14:46:52.000,14:46:19.000,14:46:52.000,33,23449.7000,23459.0000,23447.5000,23453.1000,3705,3.4000,108.85619047619047619047619048,0.67444444444444444444444445,109.91534653465346534653465347,-0.95773038842345773038842345,Other,,0,False,False
469,14:47:00.000,14:46:52.000,14:47:00.000,8,23453.1000,23458.8000,23445.0000,23445.1000,3640,-8.0000,109.82222222222222222222222222,0.96603174603174603174603174,108.60740740740740740740740741,-1.30793912724605793912724606,B,B,1,False,True
470,14:47:25.000,14:47:00.000,14:47:25.000,25,23445.1000,23456.1000,23440.0000,23440.0000,5980,-5.1000,107.95125,-1.87097222222222222222222222,111.22125,2.61384259259259259259259259,Other,,0,False,False
471,14:47:26.000,14:47:25.000,14:47:26.000,1,23440.0000,23440.0000,23440.0000,23440.0000,4030,0.0000,107.0750,-0.87625,111.8750,0.65375,Other,,0,False,False
472,14:47:31.000,14:47:26.000,14:47:31.000,5,23440.0000,23451.0000,23439.8000,23451.0000,3770,11.0000,106.94333333333333333333333333,-0.13166666666666666666666667,111.98529411764705882352941176,0.11029411764705882352941176,A,A,1,True,False
473,14:47:48.000,14:47:31.000,14:47:48.000,17,23451.0000,23451.0000,23440.0000,23440.0000,5005,-11.0000,106.16730769230769230769230769,-0.77602564102564102564102564,112.77407407407407407407407407,0.78877995642701525054466231,Other,,0,False,False
474,14:48:03.000,14:47:48.000,14:48:03.000,15,23440.0000,23449.0000,23439.6000,23440.0000,4225,0.0000,104.4404255319148936170212766,-1.72688216039279869067103109,114.06111111111111111111111111,1.28703703703703703703703704,Other,,0,False,False
475,14:48:35.000,14:48:03.000,14:48:35.000,32,23440.0000,23450.0000,23439.0000,23440.1000,3705,0.1000,104.96208791208791208791208791,0.52166238017301847089081131,113.02052631578947368421052632,-1.04058479532163742690058479,Other,,0,False,False
476,14:48:48.000,14:48:35.000,14:48:48.000,13,23440.1000,23446.3000,23440.0000,23440.1000,3380,0.0000,106.39047619047619047619047619,1.42838827838827838827838828,111.2675,-1.75302631578947368421052632,Other,,0,False,False
477,14:49:04.000,14:48:48.000,14:49:04.000,16,23440.1000,23451.0000,23440.1000,23448.2000,3380,8.1000,107.05283018867924528301886792,0.66235399820305480682839173,110.40377358490566037735849057,-0.86372641509433962264150943,Other,,0,False,False
478,14:49:26.000,14:49:04.000,14:49:26.000,22,23448.2000,23456.9000,23447.7000,23454.0000,3510,5.8000,107.43285714285714285714285714,0.38002695417789757412398922,110.0234375,-0.38033608490566037735849057,Other,,0,False,False
479,14:49:50.000,14:49:26.000,14:49:50.000,24,23454.0000,23454.9000,23446.1000,23453.0000,3380,-1.0000,107.33037974683544303797468354,-0.10247739602169981916817360,110.41533333333333333333333333,0.39189583333333333333333333,Other,,0,False,False
480,14:50:07.000,14:49:50.000,14:50:07.000,17,23453.0000,23455.0000,23443.1000,23454.6000,3575,1.6000,107.68396226415094339622641509,0.35358251731550035825173155,110.18272727272727272727272727,-0.23260606060606060606060606,Other,,0,False,False
481,14:50:45.000,14:50:07.000,14:50:45.000,38,23454.6000,23454.6000,23438.0000,23438.0000,3445,-16.6000,106.50785123966942148760330579,-1.17611102448152190862310930,111.77863247863247863247863248,1.59590520590520590520590521,Other,,0,False,False
482,14:51:21.000,14:50:45.000,14:51:21.000,36,23438.0000,23454.0000,23438.0000,23448.7000,3250,10.7000,107.2045045045045045045045045,0.69665326483508301690119871,111.92233009708737864077669903,0.14369761845490000829806655,Other,,0,False,False
483,14:51:51.000,14:51:21.000,14:51:51.000,30,23448.7000,23458.3000,23447.7000,23452.0000,3445,3.3000,109.03842105263157894736842105,1.83391654812707444286391655,110.19032258064516129032258065,-1.73200751644221735045411838,Other,,0,False,False
484,14:52:11.000,14:51:51.000,14:52:11.000,20,23452.0000,23459.5000,23450.7000,23455.0000,3575,3.0000,110.00538461538461538461538462,0.96696356275303643724696357,108.87950819672131147540983607,-1.31081438392384981491274458,Other,,0,False,False
485,14:52:19.000,14:52:11.000,14:52:19.000,8,23455.0000,23455.0000,23452.1000,23455.0000,3640,0.0000,110.0375,0.03211538461538461538461538,108.2100,-0.66950819672131147540983607,Other,,0,False,False
486,14:52:36.000,14:52:19.000,14:52:36.000,17,23455.0000,23455.0000,23449.0000,23449.8000,3250,-5.2000,109.2602040816326530612244898,-0.7772959183673469387755102,108.92745098039215686274509804,0.71745098039215686274509804,Other,,0,False,False
487,14:53:11.000,14:52:36.000,14:53:11.000,35,23449.8000,23455.0000,23444.0000,23452.6000,3380,2.8000,107.69724770642201834862385321,-1.56295637521063471260063659,110.67956521739130434782608696,1.75211423699914748508098892,A,A,1,True,False
488,14:53:20.000,14:53:11.000,14:53:20.000,9,23452.6000,23452.6000,23442.0000,23446.0000,3250,-6.6000,106.76785714285714285714285714,-0.92939056356487549148099607,111.46785714285714285714285714,0.78829192546583850931677018,Other,,0,False,False
489,14:54:03.000,14:53:20.000,14:54:03.000,43,23446.0000,23454.0000,23440.8000,23450.0000,3835,4.0000,107.2219696969696969696969697,0.45411255411255411255411256,110.77279411764705882352941176,-0.69506302521008403361344538,Other,,0,False,False
490,14:54:36.000,14:54:03.000,14:54:36.000,33,23450.0000,23455.0000,23444.2000,23455.0000,3770,5.0000,108.69752475247524752475247525,1.47555505550555055505550555,108.44951456310679611650485437,-2.32327955454026270702455739,Other,,0,False,False
491,14:54:58.000,14:54:36.000,14:54:58.000,22,23455.0000,23455.0000,23445.0000,23450.4000,3510,-4.6000,108.36818181818181818181818182,-0.32934293429342934293429343,108.88225806451612903225806452,0.43274350140933291575321015,Other,,0,False,False
492,14:55:09.000,14:54:58.000,14:55:09.000,11,23450.4000,23455.0000,23450.4000,23453.5000,3380,3.1000,109.40428571428571428571428571,1.03610389610389610389610389,107.57567567567567567567567568,-1.30658238884045335658238884,Other,,0,False,False
493,14:55:29.000,14:55:09.000,14:55:29.000,20,23453.5000,23455.0000,23451.3000,23454.7000,3640,1.2000,109.27419354838709677419354839,-0.13009216589861751152073732,107.22258064516129032258064516,-0.35309503051438535309503052,Other,,0,False,False
494,14:55:46.000,14:55:29.000,14:55:46.000,17,23454.7000,23455.0000,23452.7000,23453.7000,3315,-1.0000,109.75636363636363636363636364,0.48217008797653958944281525,106.64183673469387755102040816,-0.58074391046741277156023700,B,B,1,False,True
495,14:56:22.000,14:55:46.000,14:56:22.000,36,23453.7000,23455.0000,23447.8000,23448.9000,3250,-4.8000,108.3954954954954954954954955,-1.36086814086814086814086814,108.08119266055045871559633028,1.43935592585658116457592212,Other,,0,False,False
496,14:57:10.000,14:56:22.000,14:57:10.000,48,23448.9000,23455.0000,23444.4000,23444.5000,3315,-4.4000,106.20333333333333333333333333,-2.19216216216216216216216217,110.90233333333333333333333333,2.82114067278287461773700305,Other,,0,False,False
497,14:57:35.000,14:57:10.000,14:57:35.000,25,23444.5000,23450.6000,23441.4000,23441.4000,3380,-3.1000,104.66790123456790123456790123,-1.53543209876543209876543210,112.74675324675324675324675325,1.84441991341991341991341992,Other,,0,False,False
498,14:57:58.000,14:57:35.000,14:57:58.000,23,23441.4000,23450.1000,23440.8000,23442.9000,3510,1.5000,104.10945945945945945945945946,-0.55844177510844177510844177,112.95405405405405405405405405,0.20730080730080730080730080,A,A,1,True,False
499,14:58:13.000,14:57:58.000,14:58:13.000,15,23442.9000,23451.9000,23442.1000,23446.1000,4355,3.2000,105.13829787234042553191489362,1.02883841288096607245543416,112.08571428571428571428571429,-0.86833976833976833976833976,Other,,0,False,False
500,14:58:25.000,14:58:13.000,14:58:25.000,12,23446.1000,23450.0000,23440.5000,23443.0000,3380,-3.1000,104.94166666666666666666666667,-0.19663120567375886524822695,112.38823529411764705882352941,0.30252100840336134453781512,Other,,0,False,False
501,14:58:36.000,14:58:25.000,14:58:36.000,11,23443.0000,23451.9000,23435.3000,23435.5000,3770,-7.5000,105.02297297297297297297297297,0.08130630630630630630630630,112.38857142857142857142857143,0.00033613445378151260504202,Other,,0,False,False
502,14:59:21.000,14:58:36.000,14:59:21.000,45,23435.5000,23446.9000,23435.5000,23438.1000,3250,2.6000,102.51777777777777777777777778,-2.50519519519519519519519519,114.5067375886524822695035461,2.11816616008105369807497467,A,A,1,True,False
503,14:59:46.000,14:59:21.000,14:59:46.000,25,23438.1000,23448.0000,23437.8000,23441.9000,3510,3.8000,103.11438356164383561643835616,0.59660578386605783866057838,113.20844155844155844155844156,-1.29829603021092382794510454,Other,,0,False,False
504,15:00:01.000,14:59:46.000,15:00:01.000,15,23441.9000,23446.7000,23440.2000,23440.2000,3900,-1.7000,103.13617021276595744680851064,0.02178665112212183037015448,113.18111111111111111111111111,-0.02733044733044733044733045,B,B,1,False,True
505,15:00:17.000,15:00:01.000,15:00:17.000,16,23440.2000,23445.5000,23437.0000,23441.5000,3900,1.3000,101.6940,-1.44217021276595744680851064,114.67115384615384615384615385,1.49004273504273504273504274,A,A,1,True,False
506,15:00:27.000,15:00:17.000,15:00:27.000,10,23441.5000,23449.0000,23441.1000,23442.4000,4030,0.9000,103.16875,1.47475,112.978125,-1.69302884615384615384615385,Other,,0,False,False
507,15:00:46.000,15:00:27.000,15:00:46.000,19,23442.4000,23442.4000,23437.0000,23440.5000,3250,-1.9000,101.83442622950819672131147541,-1.33432377049180327868852459,114.46803278688524590163934426,1.48990778688524590163934426,Other,,0,False,False
508,15:01:15.000,15:00:46.000,15:01:15.000,29,23440.5000,23445.0000,23439.2000,23445.0000,3250,4.5000,102.47415730337078651685393258,0.63973107386258979554245717,113.75280898876404494382022472,-0.71522379812120095781911954,Other,,0,False,False
509,15:02:01.000,15:01:15.000,15:02:01.000,46,23445.0000,23450.0000,23435.0000,23436.9000,4355,-8.1000,103.1725352112676056338028169,0.69837790789681911694888432,112.28013698630136986301369863,-1.47267200246267508080652609,B,B,1,False,True
510,15:02:11.000,15:02:01.000,15:02:11.000,10,23436.9000,23440.4000,23433.2000,23433.2000,4940,-3.7000,99.0500,-4.1225352112676056338028169,116.29375,4.01361301369863013698630137,Other,,0,False,False
511,15:02:16.000,15:02:11.000,15:02:16.000,5,23433.2000,23435.8000,23430.7000,23435.8000,5850,2.6000,98.71875,-0.33125,116.7250,0.43125,A,A,1,True,False
512,15:02:21.000,15:02:16.000,15:02:21.000,5,23435.8000,23439.6000,23430.1000,23432.0000,3965,-3.8000,98.78125,0.06250,116.4000,-0.3250,B,B,1,False,True
513,15:03:25.000,15:02:21.000,15:03:25.000,64,23432.0000,23441.5000,23430.1000,23434.7000,4160,2.7000,99.47578947368421052631578947,0.69453947368421052631578947,115.42550505050505050505050505,-0.97449494949494949494949495,Other,,0,False,False
514,15:04:17.000,15:03:25.000,15:04:17.000,52,23434.7000,23441.9000,23433.0000,23440.9000,3315,6.2000,98.74144736842105263157894737,-0.73434210526315789473684210,115.5146875,0.08918244949494949494949495,A,A,1,True,False
515,15:05:14.000,15:04:17.000,15:05:14.000,57,23440.9000,23444.9000,23433.0000,23440.0000,3315,-0.9000,100.04346590909090909090909091,1.30201854066985645933014354,113.35271739130434782608695652,-2.16197010869565217391304348,B,B,1,False,True
516,15:05:53.000,15:05:14.000,15:05:53.000,39,23440.0000,23445.0000,23436.0000,23443.9000,3250,3.9000,101.73783783783783783783783784,1.69437192874692874692874693,110.88319327731092436974789916,-2.46952411399342345633905736,Other,,0,False,False
517,15:06:42.000,15:05:53.000,15:06:42.000,49,23443.9000,23444.9000,23438.0000,23444.9000,4225,1.0000,103.53566666666666666666666667,1.79782882882882882882882883,109.08798701298701298701298701,-1.79520626432391138273491215,Other,,0,False,False
518,15:08:10.000,15:06:42.000,15:08:10.000,88,23444.9000,23444.9000,23438.0000,23438.0000,3315,-6.9000,103.05090909090909090909090909,-0.48475757575757575757575758,110.29325842696629213483146067,1.20527141397927914781847366,Other,,0,False,False
519,15:09:12.000,15:08:10.000,15:09:12.000,62,23438.0000,23444.0000,23438.0000,23440.1000,4875,2.1000,103.17763157894736842105263158,0.12672248803827751196172249,109.57142857142857142857142857,-0.72182985553772070626003210,Other,,0,False,False
520,15:09:56.000,15:09:12.000,15:09:56.000,44,23440.1000,23444.0000,23439.0000,23440.0000,3445,-0.1000,103.54263565891472868217054264,0.36500407996736026111791106,109.56456692913385826771653543,-0.00686164229471316085489314,B,B,1,False,True
521,15:10:05.000,15:09:56.000,15:10:05.000,9,23440.0000,23445.0000,23440.0000,23445.0000,4355,5.0000,102.74074074074074074074074074,-0.80189491817398794142980190,110.80925925925925925925925926,1.24469233012540099154272383,A,A,1,True,False
522,15:10:38.000,15:10:05.000,15:10:38.000,33,23445.0000,23446.0000,23439.9000,23439.9000,3250,-5.1000,102.1907216494845360824742268,-0.55001909125620465826651394,111.96990291262135922330097087,1.16064365336209996404171161,Other,,0,False,False
523,15:12:12.000,15:10:38.000,15:12:12.000,94,23439.9000,23447.0000,23438.0000,23440.0000,3640,0.1000,103.1480144404332129963898917,0.9572927909486769139156649,111.24838709677419354838709677,-0.72151581584716567491387410,Other,,0,False,False
524,15:13:26.000,15:12:12.000,15:13:26.000,74,23440.0000,23445.0000,23439.4000,23445.0000,3575,5.0000,103.24434782608695652173913043,0.09633338565374352534923873,110.72844827586206896551724138,-0.51993882091212458286985539,Other,,0,False,False
525,15:14:31.000,15:13:26.000,15:14:31.000,65,23445.0000,23445.0000,23438.0000,23443.8000,3315,-1.2000,103.19824120603015075376884422,-0.04610662005680576797028621,110.20126903553299492385786802,-0.52717924032907404165937336,Other,,0,False,False
526,15:16:43.000,15:14:31.000,15:16:43.000,132,23443.8000,23449.9000,23441.3000,23448.9000,3380,5.1000,106.57075242718446601941747573,3.37251122115431526564863151,106.52584951456310679611650485,-3.67541952096988812774136317,Other,,0,False,False
527,15:17:01.000,15:16:43.000,15:17:01.000,18,23448.9000,23450.3000,23445.3000,23445.3000,4030,-3.6000,106.85980392156862745098039216,0.28905149438416143156291643,106.70943396226415094339622642,0.18358444770104414727972157,Other,,0,False,False
528,15:17:32.000,15:17:01.000,15:17:32.000,31,23445.3000,23452.0000,23443.0000,23443.4000,3380,-1.9000,105.5688172043010752688172043,-1.29098671726755218216318786,107.32752808988764044943820225,0.61809412762348950604197583,Other,,0,False,False
529,15:18:39.000,15:17:32.000,15:18:39.000,67,23443.4000,23450.0000,23442.4000,23447.8000,3250,4.4000,105.20350467289719626168224299,-0.36531253140387900713496131,107.97384259259259259259259259,0.64631450270495214315439034,A,A,1,True,False
530,15:20:02.000,15:18:39.000,15:20:02.000,83,23447.8000,23452.5000,23444.5000,23450.4000,4160,2.6000,105.47039215686274509803921569,0.26688748396554883635697270,107.55505836575875486381322957,-0.41878422683383772877936302,Other,,0,False,False
531,15:20:07.000,15:20:02.000,15:20:07.000,5,23450.4000,23454.0000,23447.0000,23454.0000,3250,3.6000,107.9125,2.44210784313725490196078431,104.3625,-3.19255836575875486381322957,Other,,0,False,False
532,15:21:29.000,15:20:07.000,15:21:29.000,82,23454.0000,23455.2000,23449.0000,23451.2000,3250,-2.8000,108.6625,0.7500,103.34728682170542635658914729,-1.01521317829457364341085271,B,B,1,False,True
533,15:23:18.000,15:21:29.000,15:23:18.000,109,23451.2000,23454.9000,23448.6000,23454.0000,3250,2.8000,107.7627565982404692082111437,-0.8997434017595307917888563,103.65625,0.30896317829457364341085271,A,A,1,True,False
534,15:24:11.000,15:23:18.000,15:24:11.000,53,23454.0000,23454.8000,23450.0000,23454.8000,3250,0.8000,107.22368421052631578947368421,-0.53907238771415341873745949,104.6350,0.97875,A,A,2,False,False
535,15:25:50.000,15:24:11.000,15:25:50.000,99,23454.8000,23455.0000,23448.1000,23452.3000,3315,-2.5000,107.14983388704318936877076412,-0.07385032348312642070292009,104.99512195121951219512195122,0.36012195121951219512195122,Other,,0,False,False
536,15:27:17.000,15:25:50.000,15:27:17.000,87,23452.3000,23454.0000,23446.2000,23449.0000,3250,-3.3000,106.85056179775280898876404494,-0.29927208929038038000671918,104.95584905660377358490566038,-0.03927289461573861021629084,Other,,0,False,False
537,15:28:41.000,15:27:17.000,15:28:41.000,84,23449.0000,23456.5000,23447.7000,23452.9000,3250,3.9000,107.20968379446640316205533597,0.35912199671359417329129103,103.38537549407114624505928854,-1.57047356253262733984637184,Other,,0,False,False
538,15:29:52.000,15:28:41.000,15:29:52.000,71,23452.9000,23453.0000,23450.1000,23453.0000,3380,0.1000,106.95467289719626168224299065,-0.25501089727014147981234532,102.78840909090909090909090909,-0.59696640316205533596837945,Other,,0,False,False
539,15:30:00.000,15:29:52.000,15:30:00.000,8,23453.0000,23453.0000,23449.8000,23453.0000,1495,0.0000,107.2160,0.26132710280373831775700935,102.47222222222222222222222222,-0.31618686868686868686868687,Other,,0,False,False
