EventId,Timestamp,StartTimestamp,EndTimestamp,DurationSeconds,FuturesOpen,FuturesHigh,FuturesLow,FuturesClose,FuturesVolume,FuturesReturnPct,CeLtp,CeReturnPct,PeLtp,PeReturnPct,Pattern,CurrentRunPattern,CurrentRunLength,ATrigger,BTrigger
0,09:15:01.000,09:15:00.000,09:15:01.000,1,23465.0000,23470.0000,23465.0000,23470.0000,5330,,62.5000,,40.0750,,Other,,0,False,False
1,09:15:01.000,09:15:01.000,09:15:01.000,0,23470.0000,23470.0000,23470.0000,23470.0000,4680,0.0000,,,,,Other,,0,False,False
2,09:15:02.000,09:15:02.000,09:15:02.000,0,23468.8000,23468.8000,23468.8000,23468.8000,4030,-1.2000,61.8500,,38.5700,,Other,,0,False,False
3,09:15:02.000,09:15:02.000,09:15:02.000,0,23468.8000,23468.8000,23468.8000,23468.8000,3380,0.0000,,,,,Other,,0,False,False
4,09:15:03.000,09:15:03.000,09:15:03.000,0,23470.0000,23470.0000,23470.0000,23470.0000,3965,1.2000,60.5000,,39.6000,,Other,,0,False,False
5,09:15:03.000,09:15:03.000,09:15:03.000,0,23470.0000,23470.0000,23470.0000,23470.0000,3315,0.0000,,,,,Other,,0,False,False
6,09:15:03.000,09:15:03.000,09:15:03.000,0,23462.0000,23462.0000,23462.0000,23462.0000,2665,-8.0000,,,,,Other,,0,False,False
7,09:15:03.000,09:15:03.000,09:15:03.000,0,23462.0000,23462.0000,23462.0000,23462.0000,2015,0.0000,,,,,Other,,0,False,False
8,09:15:04.000,09:15:04.000,09:15:04.000,0,23470.0000,23470.0000,23470.0000,23470.0000,1365,8.0000,59.7250,,40.4000,,Other,,0,False,False
9,09:15:04.000,09:15:04.000,09:15:04.000,0,23470.0000,23470.0000,23470.0000,23470.0000,715,0.0000,,,,,Other,,0,False,False
10,09:15:04.000,09:15:04.000,09:15:04.000,0,23470.0000,23470.0000,23470.0000,23470.0000,1430,0.0000,,,,,Other,,0,False,False
11,09:15:04.000,09:15:04.000,09:15:04.000,0,23470.0000,23470.0000,23470.0000,23470.0000,780,0.0000,,,,,Other,,0,False,False
12,09:15:07.000,09:15:05.000,09:15:07.000,2,23462.5000,23477.6000,23462.5000,23477.6000,15730,7.6000,38.1300,,61.4700,,Other,,0,False,False
13,09:15:07.000,09:15:07.000,09:15:07.000,0,23477.6000,23477.6000,23477.6000,23477.6000,15080,0.0000,,,,,Other,,0,False,False
14,09:15:09.000,09:15:09.000,09:15:09.000,0,23474.2000,23474.2000,23474.2000,23474.2000,15210,-3.4000,68.5250,,36.6000,,Other,,0,False,False
15,09:15:09.000,09:15:09.000,09:15:09.000,0,23474.2000,23474.2000,23474.2000,23474.2000,14560,0.0000,,,,,Other,,0,False,False
16,09:15:09.000,09:15:09.000,09:15:09.000,0,23474.4000,23474.4000,23474.4000,23474.4000,13910,0.2000,,,,,Other,,0,False,False
17,09:15:09.000,09:15:09.000,09:15:09.000,0,23474.4000,23474.4000,23474.4000,23474.4000,13260,0.0000,,,,,Other,,0,False,False
18,09:15:10.000,09:15:10.000,09:15:10.000,0,23472.6000,23472.6000,23472.6000,23472.6000,12610,-1.8000,64.4000,,38.1500,,Other,,0,False,False
19,09:15:10.000,09:15:10.000,09:15:10.000,0,23472.6000,23472.6000,23472.6000,23472.6000,11960,0.0000,,,,,Other,,0,False,False
20,09:15:11.000,09:15:11.000,09:15:11.000,0,23472.6000,23472.6000,23472.6000,23472.6000,11570,0.0000,64.3000,,37.6500,,Other,,0,False,False
21,09:15:11.000,09:15:11.000,09:15:11.000,0,23472.6000,23472.6000,23472.6000,23472.6000,10920,0.0000,,,,,Other,,0,False,False
22,09:15:12.000,09:15:12.000,09:15:12.000,0,23472.6000,23472.6000,23472.6000,23472.6000,10270,0.0000,64.8500,,37.0500,,Other,,0,False,False
23,09:15:12.000,09:15:12.000,09:15:12.000,0,23472.6000,23472.6000,23472.6000,23472.6000,9620,0.0000,,,,,Other,,0,False,False
24,09:15:13.000,09:15:13.000,09:15:13.000,0,23469.6000,23469.6000,23469.6000,23469.6000,8970,-3.0000,63.3500,,38.3000,,Other,,0,False,False
25,09:15:13.000,09:15:13.000,09:15:13.000,0,23469.6000,23469.6000,23469.6000,23469.6000,8320,0.0000,,,,,Other,,0,False,False
26,09:15:14.000,09:15:14.000,09:15:14.000,0,23469.6000,23469.6000,23469.6000,23469.6000,7800,0.0000,62.9000,,39.0750,,Other,,0,False,False
27,09:15:14.000,09:15:14.000,09:15:14.000,0,23469.6000,23469.6000,23469.6000,23469.6000,7150,0.0000,,,,,Other,,0,False,False
28,09:15:14.000,09:15:14.000,09:15:14.000,0,23472.6000,23472.6000,23472.6000,23472.6000,6500,3.0000,,,,,Other,,0,False,False
29,09:15:14.000,09:15:14.000,09:15:14.000,0,23472.6000,23472.6000,23472.6000,23472.6000,5850,0.0000,,,,,Other,,0,False,False
30,09:15:15.000,09:15:15.000,09:15:15.000,0,23472.6000,23472.6000,23472.6000,23472.6000,5915,0.0000,61.8000,,40.8250,,Other,,0,False,False
31,09:15:15.000,09:15:15.000,09:15:15.000,0,23472.6000,23472.6000,23472.6000,23472.6000,5265,0.0000,,,,,Other,,0,False,False
32,09:15:16.000,09:15:16.000,09:15:16.000,0,23468.5000,23468.5000,23468.5000,23468.5000,4615,-4.1000,61.6000,,41.1000,,Other,,0,False,False
33,09:15:16.000,09:15:16.000,09:15:16.000,0,23468.5000,23468.5000,23468.5000,23468.5000,3965,0.0000,,,,,Other,,0,False,False
34,09:15:17.000,09:15:17.000,09:15:17.000,0,23472.0000,23472.0000,23472.0000,23472.0000,3315,3.5000,59.8000,,42.5000,,Other,,0,False,False
35,09:15:17.000,09:15:17.000,09:15:17.000,0,23472.0000,23472.0000,23472.0000,23472.0000,2665,0.0000,,,,,Other,,0,False,False
36,09:15:17.000,09:15:17.000,09:15:17.000,0,23472.0000,23472.0000,23472.0000,23472.0000,2600,0.0000,,,,,Other,,0,False,False
37,09:15:17.000,09:15:17.000,09:15:17.000,0,23472.0000,23472.0000,23472.0000,23472.0000,1950,0.0000,,,,,Other,,0,False,False
38,09:15:18.000,09:15:18.000,09:15:18.000,0,23472.6000,23472.6000,23472.6000,23472.6000,1300,0.6000,58.7750,,43.2000,,Other,,0,False,False
39,09:15:18.000,09:15:18.000,09:15:18.000,0,23472.6000,23472.6000,23472.6000,23472.6000,650,0.0000,,,,,Other,,0,False,False
40,09:15:18.000,09:15:18.000,09:15:18.000,0,23472.6000,23472.6000,23472.6000,23472.6000,650,0.0000,,,,,Other,,0,False,False
41,09:15:22.000,09:15:18.000,09:15:22.000,4,23472.6000,23474.2000,23472.6000,23474.2000,1040,1.6000,58.858333333333333333333333333,,43.5250,,Other,,0,False,False
42,09:15:23.000,09:15:22.000,09:15:23.000,1,23474.2000,23474.2000,23462.4000,23470.8000,1430,-3.4000,57.5750,-1.283333333333333333333333333,45.9500,2.4250,Other,,0,False,False
43,09:15:23.000,09:15:23.000,09:15:23.000,0,23470.8000,23470.8000,23470.8000,23470.8000,780,0.0000,,,,,Other,,0,False,False
44,09:15:25.000,09:15:24.000,09:15:25.000,1,23462.0000,23472.3000,23462.0000,23472.3000,910,1.5000,56.783333333333333333333333333,,45.933333333333333333333333333,,Other,,0,False,False
45,09:15:26.000,09:15:25.000,09:15:26.000,1,23472.3000,23475.0000,23464.0000,23464.0000,1105,-8.3000,56.5750,-0.208333333333333333333333333,45.5750,-0.358333333333333333333333333,Other,,0,False,False
46,09:15:28.000,09:15:26.000,09:15:28.000,2,23464.0000,23470.0000,23457.9000,23457.9000,1625,-6.1000,55.6500,-0.9250,46.8000,1.2250,Other,,0,False,False
47,09:15:28.000,09:15:28.000,09:15:28.000,0,23457.9000,23457.9000,23457.9000,23457.9000,975,0.0000,,,,,Other,,0,False,False
48,09:15:29.000,09:15:28.000,09:15:29.000,1,23460.0000,23460.0000,23456.8000,23457.3000,1755,-0.6000,55.1250,,47.4750,,Other,,0,False,False
49,09:15:29.000,09:15:29.000,09:15:29.000,0,23457.3000,23457.3000,23457.3000,23457.3000,1105,0.0000,,,,,Other,,0,False,False
50,09:15:31.000,09:15:30.000,09:15:31.000,1,23457.3000,23469.9000,23457.3000,23464.0000,715,6.7000,54.0250,,47.271428571428571428571428571,,Other,,0,False,False
51,09:15:33.000,09:15:31.000,09:15:33.000,2,23464.0000,23469.4000,23456.4000,23469.4000,1105,5.4000,52.016666666666666666666666667,-2.008333333333333333333333333,47.9500,0.678571428571428571428571429,A,A,1,False,False
52,09:15:35.000,09:15:33.000,09:15:35.000,2,23469.4000,23469.4000,23456.3000,23464.0000,715,-5.4000,52.1875,0.170833333333333333333333333,49.0000,1.0500,Other,,0,False,False
53,09:15:43.000,09:15:35.000,09:15:43.000,8,23464.0000,23464.0000,23457.0000,23464.0000,1105,0.0000,53.561538461538461538461538462,1.374038461538461538461538462,46.865384615384615384615384615,-2.134615384615384615384615385,Other,,0,False,False
54,09:15:48.000,09:15:43.000,09:15:48.000,5,23464.0000,23464.0000,23457.3000,23460.0000,650,-4.0000,53.40625,-0.155288461538461538461538462,47.83125,0.965865384615384615384615385,Other,,0,False,False
55,09:15:49.000,09:15:48.000,09:15:49.000,1,23460.0000,23464.0000,23460.0000,23464.0000,1950,4.0000,52.5750,-0.83125,49.8250,1.99375,A,A,1,False,False
56,09:15:49.000,09:15:49.000,09:15:49.000,0,23464.0000,23464.0000,23464.0000,23464.0000,1300,0.0000,,,,,Other,,0,False,False
57,09:15:50.000,09:15:50.000,09:15:50.000,0,23457.0000,23457.0000,23457.0000,23457.0000,650,-7.0000,53.2000,,49.8500,,Other,,0,False,False
58,09:15:54.000,09:15:50.000,09:15:54.000,4,23457.0000,23463.9000,23456.3000,23457.0000,715,0.0000,52.546153846153846153846153846,-0.653846153846153846153846154,51.1500,1.3000,Other,,0,False,False
59,09:16:03.000,09:15:54.000,09:16:03.000,9,23457.0000,23464.0000,23456.3000,23457.3000,650,0.3000,53.522580645161290322580645161,0.976426799007444168734491315,49.679032258064516129032258065,-1.470967741935483870967741935,Other,,0,False,False
60,09:16:13.000,09:16:03.000,09:16:13.000,10,23457.3000,23464.0000,23457.3000,23457.4000,845,0.1000,54.68125,1.158669354838709677419354839,47.2750,-2.404032258064516129032258065,Other,,0,False,False
61,09:16:20.000,09:16:13.000,09:16:20.000,7,23457.4000,23463.9000,23457.3000,23458.0000,650,0.6000,53.259090909090909090909090909,-1.422159090909090909090909091,49.990909090909090909090909091,2.715909090909090909090909091,A,A,1,False,False
62,09:16:22.000,09:16:20.000,09:16:22.000,2,23458.0000,23464.0000,23458.0000,23460.0000,1170,2.0000,53.0000,-0.259090909090909090909090909,50.4000,0.409090909090909090909090909,A,A,2,True,False
63,09:16:25.000,09:16:22.000,09:16:25.000,3,23460.0000,23464.0000,23460.0000,23464.0000,845,4.0000,52.8800,-0.1200,51.0200,0.6200,A,A,3,False,False
64,09:16:30.000,09:16:25.000,09:16:30.000,5,23464.0000,23464.0000,23456.0000,23460.0000,715,-4.0000,53.520588235294117647058823529,0.640588235294117647058823529,49.373529411764705882352941176,-1.646470588235294117647058824,B,B,1,False,False
65,09:16:32.000,09:16:30.000,09:16:32.000,2,23460.0000,23460.1000,23455.3000,23458.7000,1235,-1.3000,53.4000,-0.120588235294117647058823529,49.5000,0.126470588235294117647058824,Other,,0,False,False
66,09:16:33.000,09:16:32.000,09:16:33.000,1,23458.7000,23460.0000,23458.7000,23460.0000,2145,1.3000,53.8000,0.4000,48.8250,-0.6750,Other,,0,False,False
67,09:16:33.000,09:16:33.000,09:16:33.000,0,23460.0000,23460.0000,23460.0000,23460.0000,1495,0.0000,,,,,Other,,0,False,False
68,09:16:34.000,09:16:34.000,09:16:34.000,0,23464.0000,23464.0000,23464.0000,23464.0000,845,4.0000,54.2500,,48.2000,,Other,,0,False,False
69,09:16:38.000,09:16:34.000,09:16:38.000,4,23464.0000,23464.0000,23456.0000,23456.0000,1235,-8.0000,52.521428571428571428571428571,-1.728571428571428571428571429,50.435714285714285714285714286,2.235714285714285714285714286,Other,,0,False,False
70,09:16:40.000,09:16:38.000,09:16:40.000,2,23456.0000,23456.0000,23456.0000,23456.0000,650,0.0000,51.983333333333333333333333333,-0.538095238095238095238095238,52.166666666666666666666666667,1.730952380952380952380952381,Other,,0,False,False
71,09:16:48.000,09:16:40.000,09:16:48.000,8,23456.0000,23458.0000,23455.3000,23455.5000,780,-0.5000,51.557692307692307692307692308,-0.425641025641025641025641025,52.907692307692307692307692308,0.741025641025641025641025641,Other,,0,False,False
72,09:16:50.000,09:16:48.000,09:16:50.000,2,23455.5000,23457.2000,23451.0000,23457.2000,715,1.7000,50.3500,-1.207692307692307692307692308,55.1000,2.192307692307692307692307692,A,A,1,False,False
73,09:16:53.000,09:16:50.000,09:16:53.000,3,23457.2000,23457.2000,23450.0000,23452.0000,1170,-5.2000,49.0200,-1.3300,57.3125,2.2125,Other,,0,False,False
74,09:16:55.000,09:16:53.000,09:16:55.000,2,23452.0000,23452.0000,23448.5000,23448.5000,910,-3.5000,47.866666666666666666666666667,-1.153333333333333333333333333,58.833333333333333333333333333,1.520833333333333333333333333,Other,,0,False,False
75,09:16:56.000,09:16:55.000,09:16:56.000,1,23448.5000,23450.0000,23448.0000,23448.0000,650,-0.5000,47.5000,-0.366666666666666666666666667,59.1000,0.266666666666666666666666667,Other,,0,False,False
76,09:17:03.000,09:16:56.000,09:17:03.000,7,23448.0000,23448.0000,23440.1000,23445.0000,650,-3.0000,47.3000,-0.2000,59.2760,0.1760,Other,,0,False,False
77,09:17:08.000,09:17:03.000,09:17:08.000,5,23445.0000,23452.5000,23440.0000,23440.0000,780,-5.0000,47.2500,-0.0500,59.8250,0.5490,Other,,0,False,False
78,09:17:10.000,09:17:08.000,09:17:10.000,2,23440.0000,23441.2000,23437.6000,23441.2000,1820,1.2000,47.0500,-0.2000,60.483333333333333333333333333,0.658333333333333333333333333,A,A,1,False,False
79,09:17:10.000,09:17:10.000,09:17:10.000,0,23441.2000,23441.2000,23441.2000,23441.2000,1170,0.0000,,,,,Other,,0,False,False
80,09:17:13.000,09:17:10.000,09:17:13.000,3,23441.2000,23448.4000,23438.0000,23438.0000,650,-3.2000,46.4800,,61.4600,,Other,,0,False,False
81,09:17:20.000,09:17:13.000,09:17:20.000,7,23438.0000,23440.0000,23438.0000,23439.3000,715,1.3000,47.013636363636363636363636364,0.533636363636363636363636364,60.413636363636363636363636364,-1.046363636363636363636363636,Other,,0,False,False
82,09:17:21.000,09:17:20.000,09:17:21.000,1,23439.3000,23449.9000,23439.3000,23449.9000,650,10.6000,47.0750,0.061363636363636363636363636,60.2500,-0.163636363636363636363636364,Other,,0,False,False
83,09:17:31.000,09:17:21.000,09:17:31.000,10,23449.9000,23449.9000,23438.9000,23440.0000,650,-9.9000,47.153030303030303030303030303,0.078030303030303030303030303,60.541935483870967741935483871,0.291935483870967741935483871,Other,,0,False,False
84,09:17:41.000,09:17:31.000,09:17:41.000,10,23440.0000,23450.0000,23440.0000,23450.0000,1365,10.0000,47.965625,0.812594696969696969696969697,58.95625,-1.585685483870967741935483871,Other,,0,False,False
85,09:17:41.000,09:17:41.000,09:17:41.000,0,23450.0000,23450.0000,23450.0000,23450.0000,715,0.0000,,,,,Other,,0,False,False
86,09:17:50.000,09:17:42.000,09:17:50.000,8,23449.1000,23451.9000,23446.0000,23451.9000,650,1.9000,47.535714285714285714285714286,,59.1000,,Other,,0,False,False
87,09:17:58.000,09:17:50.000,09:17:58.000,8,23451.9000,23451.9000,23445.0000,23450.0000,650,-1.9000,46.954545454545454545454545455,-0.581168831168831168831168831,59.276923076923076923076923077,0.176923076923076923076923077,Other,,0,False,False
88,09:18:06.000,09:17:58.000,09:18:06.000,8,23450.0000,23450.0000,23445.0000,23449.4000,2340,-0.6000,47.211111111111111111111111111,0.256565656565656565656565656,58.305555555555555555555555556,-0.971367521367521367521367521,B,B,1,False,False
89,09:18:06.000,09:18:06.000,09:18:06.000,0,23449.4000,23449.4000,23449.4000,23449.4000,1690,0.0000,,,,,Other,,0,False,False
90,09:18:08.000,09:18:08.000,09:18:08.000,0,23445.5000,23445.5000,23445.5000,23445.5000,1040,-3.9000,49.4750,,54.8500,,Other,,0,False,False
91,09:18:09.000,09:18:08.000,09:18:09.000,1,23445.5000,23459.0000,23445.5000,23459.0000,845,13.5000,50.8500,1.3750,53.5250,-1.3250,Other,,0,False,False
92,09:18:21.000,09:18:09.000,09:18:21.000,12,23459.0000,23459.9000,23447.3000,23455.0000,650,-4.0000,50.494736842105263157894736842,-0.355263157894736842105263158,53.528947368421052631578947368,0.003947368421052631578947368,Other,,0,False,False
93,09:18:31.000,09:18:21.000,09:18:31.000,10,23455.0000,23460.0000,23451.0000,23455.0000,650,0.0000,49.993939393939393939393939394,-0.500797448165869218500797448,53.56935483870967741935483871,0.040407470288624787775891342,Other,,0,False,False
94,09:18:49.000,09:18:31.000,09:18:49.000,18,23455.0000,23459.0000,23452.0000,23459.0000,780,4.0000,50.374137931034482758620689655,0.380198537095088819226750261,52.113793103448275862068965517,-1.455561735261401557285873193,Other,,0,False,False
95,09:19:03.000,09:18:49.000,09:19:03.000,14,23459.0000,23459.0000,23455.0000,23455.0000,780,-4.0000,49.647777777777777777777777778,-0.726360153256704980842911877,51.715116279069767441860465116,-0.398676824378508420208500401,Other,,0,False,False
96,09:19:18.000,09:19:03.000,09:19:18.000,15,23455.0000,23455.0000,23452.0000,23452.0000,1040,-3.0000,50.028260869565217391304347826,0.380483091787439613526570048,50.81875,-0.896366279069767441860465116,B,B,1,False,False
97,09:19:23.000,09:19:18.000,09:19:23.000,5,23452.0000,23458.0000,23452.0000,23458.0000,650,6.0000,49.4375,-0.590760869565217391304347826,51.5500,0.73125,A,A,1,False,False
98,09:19:39.000,09:19:23.000,09:19:39.000,16,23458.0000,23458.0000,23452.0000,23452.3000,650,-5.7000,48.515094339622641509433962264,-0.922405660377358490566037736,52.543396226415094339622641509,0.993396226415094339622641509,Other,,0,False,False
99,09:19:46.000,09:19:39.000,09:19:46.000,7,23452.3000,23452.3000,23452.0000,23452.0000,975,-0.3000,47.995454545454545454545454545,-0.519639794168096054888507719,53.3000,0.756603773584905660377358491,Other,,0,False,False
100,09:19:49.000,09:19:46.000,09:19:49.000,3,23452.0000,23452.0000,23451.4000,23452.0000,1170,0.0000,47.9000,-0.095454545454545454545454545,53.2600,-0.0400,Other,,0,False,False
101,09:19:53.000,09:19:49.000,09:19:53.000,4,23452.0000,23452.0000,23451.0000,23451.0000,975,-1.0000,47.783333333333333333333333333,-0.116666666666666666666666667,53.358333333333333333333333333,0.098333333333333333333333333,Other,,0,False,False
102,09:19:58.000,09:19:53.000,09:19:58.000,5,23451.0000,23451.0000,23450.0000,23450.0000,650,-1.0000,47.29375,-0.489583333333333333333333333,53.8250,0.466666666666666666666666667,Other,,0,False,False
103,09:20:01.000,09:19:58.000,09:20:01.000,3,23450.0000,23451.5000,23450.0000,23451.5000,2145,1.5000,46.327777777777777777777777778,-0.965972222222222222222222222,54.027272727272727272727272727,0.202272727272727272727272727,A,A,1,False,False
104,09:20:01.000,09:20:01.000,09:20:01.000,0,23451.5000,23451.5000,23451.5000,23451.5000,1495,0.0000,,,,,Other,,0,False,False
105,09:20:03.000,09:20:03.000,09:20:03.000,0,23447.5000,23447.5000,23447.5000,23447.5000,910,-4.0000,46.2750,,54.2250,,Other,,0,False,False
106,09:20:09.000,09:20:03.000,09:20:09.000,6,23447.5000,23450.0000,23446.8000,23446.8000,715,-0.7000,46.605555555555555555555555556,0.330555555555555555555555556,53.444444444444444444444444444,-0.780555555555555555555555556,B,B,1,False,False
107,09:20:14.000,09:20:09.000,09:20:14.000,5,23446.8000,23450.0000,23446.2000,23447.0000,780,0.2000,46.60625,0.000694444444444444444444444,54.19375,0.749305555555555555555555556,Other,,0,False,False
108,09:20:21.000,09:20:14.000,09:20:21.000,7,23447.0000,23450.0000,23445.0000,23450.0000,845,3.0000,47.6650,1.05875,53.213636363636363636363636364,-0.980113636363636363636363636,Other,,0,False,False
109,09:20:23.000,09:20:21.000,09:20:23.000,2,23450.0000,23452.6000,23446.5000,23452.6000,2080,2.6000,49.816666666666666666666666667,2.151666666666666666666666667,50.8000,-2.413636363636363636363636364,Other,,0,False,False
110,09:20:23.000,09:20:23.000,09:20:23.000,0,23452.6000,23452.6000,23452.6000,23452.6000,1430,0.0000,,,,,Other,,0,False,False
111,09:20:24.000,09:20:24.000,09:20:24.000,0,23452.6000,23452.6000,23452.6000,23452.6000,780,0.0000,49.6000,,50.9500,,Other,,0,False,False
112,09:20:31.000,09:20:24.000,09:20:31.000,7,23452.6000,23452.6000,23446.0000,23446.0000,1105,-6.6000,47.263043478260869565217391304,-2.336956521739130434782608696,54.09130434782608695652173913,3.14130434782608695652173913,Other,,0,False,False
113,09:20:33.000,09:20:31.000,09:20:33.000,2,23446.0000,23446.0000,23445.0000,23445.0000,910,-1.0000,45.2000,-2.063043478260869565217391304,57.2750,3.18369565217391304347826087,Other,,0,False,False
114,09:20:34.000,09:20:33.000,09:20:34.000,1,23445.0000,23445.0000,23445.0000,23445.0000,845,0.0000,45.4500,0.2500,56.9500,-0.3250,Other,,0,False,False
115,09:20:36.000,09:20:34.000,09:20:36.000,2,23445.0000,23445.1000,23440.0000,23445.1000,1105,0.1000,45.366666666666666666666666667,-0.083333333333333333333333333,57.166666666666666666666666667,0.216666666666666666666666667,A,A,1,False,False
116,09:20:43.000,09:20:36.000,09:20:43.000,7,23445.1000,23445.1000,23440.0000,23440.0000,650,-5.1000,45.581818181818181818181818182,0.215151515151515151515151515,57.013636363636363636363636364,-0.153030303030303030303030303,B,B,1,False,False
117,09:20:51.000,09:20:43.000,09:20:51.000,8,23440.0000,23447.7000,23439.9000,23447.7000,650,7.7000,45.784615384615384615384615385,0.202797202797202797202797203,57.019230769230769230769230769,0.005594405594405594405594405,Other,,0,False,False
118,09:20:56.000,09:20:51.000,09:20:56.000,5,23447.7000,23447.7000,23439.9000,23446.0000,780,-1.7000,44.74375,-1.040865384615384615384615385,58.61875,1.599519230769230769230769231,Other,,0,False,False
119,09:20:59.000,09:20:56.000,09:20:59.000,3,23446.0000,23446.0000,23440.0000,23440.0000,650,-6.0000,44.8400,0.09625,58.1700,-0.44875,B,B,1,False,False
120,09:21:19.000,09:20:59.000,09:21:19.000,20,23440.0000,23447.9000,23438.8000,23445.0000,845,5.0000,44.81557377049180327868852459,-0.02442622950819672131147541,56.7600,-1.4100,Other,,0,False,False
121,09:21:28.000,09:21:19.000,09:21:28.000,9,23445.0000,23445.0000,23441.0000,23445.0000,650,0.0000,45.117857142857142857142857143,0.302283372365339578454332553,55.865384615384615384615384615,-0.894615384615384615384615385,Other,,0,False,False
122,09:21:36.000,09:21:28.000,09:21:36.000,8,23445.0000,23447.0000,23440.0000,23447.0000,715,2.0000,45.87037037037037037037037037,0.752513227513227513227513227,54.37037037037037037037037037,-1.495014245014245014245014245,Other,,0,False,False
123,09:21:43.000,09:21:36.000,09:21:43.000,7,23447.0000,23448.0000,23447.0000,23447.0000,2340,0.0000,45.961111111111111111111111111,0.090740740740740740740740741,53.5950,-0.77537037037037037037037037,Other,,0,False,False
124,09:21:43.000,09:21:43.000,09:21:43.000,0,23447.0000,23447.0000,23447.0000,23447.0000,1690,0.0000,,,,,Other,,0,False,False
125,09:21:44.000,09:21:44.000,09:21:44.000,0,23447.0000,23447.0000,23447.0000,23447.0000,1040,0.0000,46.3500,,53.5000,,Other,,0,False,False
126,09:21:46.000,09:21:44.000,09:21:46.000,2,23447.0000,23450.0000,23447.0000,23448.0000,715,1.0000,46.6000,0.2500,53.133333333333333333333333333,-0.366666666666666666666666667,Other,,0,False,False
127,09:22:03.000,09:21:46.000,09:22:03.000,17,23448.0000,23449.5000,23445.0000,23448.0000,780,0.0000,45.892156862745098039215686275,-0.707843137254901960784313725,53.498181818181818181818181818,0.364848484848484848484848485,Other,,0,False,False
128,09:22:04.000,09:22:03.000,09:22:04.000,1,23448.0000,23448.0000,23444.3000,23448.0000,845,0.0000,46.5750,0.682843137254901960784313725,52.5000,-0.998181818181818181818181818,Other,,0,False,False
129,09:22:07.000,09:22:04.000,09:22:07.000,3,23448.0000,23448.0000,23448.0000,23448.0000,975,0.0000,46.8625,0.2875,52.0000,-0.5000,Other,,0,False,False
130,09:22:11.000,09:22:07.000,09:22:11.000,4,23448.0000,23448.0000,23448.0000,23448.0000,780,0.0000,47.166666666666666666666666667,0.304166666666666666666666667,51.5100,-0.4900,Other,,0,False,False
131,09:22:16.000,09:22:11.000,09:22:16.000,5,23448.0000,23452.0000,23448.0000,23452.0000,910,4.0000,46.61875,-0.547916666666666666666666667,52.2750,0.7650,A,A,1,False,False
132,09:22:19.000,09:22:16.000,09:22:19.000,3,23452.0000,23455.0000,23448.0000,23455.0000,650,3.0000,46.7100,0.09125,52.2100,-0.0650,Other,,0,False,False
133,09:22:21.000,09:22:19.000,09:22:21.000,2,23455.0000,23455.0000,23446.3000,23446.3000,1560,-8.7000,46.9500,0.2400,51.6500,-0.5600,B,B,1,False,False
134,09:22:21.000,09:22:21.000,09:22:21.000,0,23446.3000,23446.3000,23446.3000,23446.3000,910,0.0000,,,,,Other,,0,False,False
135,09:22:26.000,09:22:21.000,09:22:26.000,5,23455.0000,23457.9000,23452.3000,23457.9000,845,11.6000,47.3250,,51.24375,,Other,,0,False,False
136,09:22:29.000,09:22:26.000,09:22:29.000,3,23457.9000,23459.0000,23457.9000,23459.0000,715,1.1000,47.2600,-0.0650,51.3000,0.05625,A,A,1,False,False
137,09:22:42.000,09:22:29.000,09:22:42.000,13,23459.0000,23459.9000,23447.1000,23447.1000,1820,-11.9000,47.611627906976744186046511628,0.351627906976744186046511628,50.641463414634146341463414634,-0.658536585365853658536585366,B,B,1,False,False
138,09:22:42.000,09:22:42.000,09:22:42.000,0,23447.1000,23447.1000,23447.1000,23447.1000,1170,0.0000,,,,,Other,,0,False,False
139,09:22:46.000,09:22:44.000,09:22:46.000,2,23447.1000,23460.0000,23447.1000,23460.0000,715,12.9000,47.5400,,51.0400,,Other,,0,False,False
140,09:22:49.000,09:22:46.000,09:22:49.000,3,23460.0000,23460.0000,23448.1000,23454.0000,780,-6.0000,47.2400,-0.3000,51.3500,0.3100,Other,,0,False,False
141,09:22:57.000,09:22:49.000,09:22:57.000,8,23454.0000,23457.4000,23445.0000,23457.4000,1560,3.4000,45.883333333333333333333333333,-1.356666666666666666666666667,53.676923076923076923076923077,2.326923076923076923076923077,A,A,1,False,False
142,09:22:57.000,09:22:57.000,09:22:57.000,0,23457.4000,23457.4000,23457.4000,23457.4000,910,0.0000,,,,,Other,,0,False,False
143,09:23:09.000,09:22:59.000,09:23:09.000,10,23457.4000,23457.4000,23450.0000,23450.0000,715,-7.4000,45.610810810810810810810810811,,54.237837837837837837837837838,,Other,,0,False,False
144,09:23:14.000,09:23:09.000,09:23:14.000,5,23450.0000,23450.0000,23450.0000,23450.0000,780,0.0000,46.0000,0.389189189189189189189189189,53.65625,-0.581587837837837837837837838,Other,,0,False,False
145,09:23:22.000,09:23:14.000,09:23:22.000,8,23450.0000,23452.0000,23445.0000,23452.0000,2665,2.0000,45.404166666666666666666666667,-0.595833333333333333333333333,54.3000,0.64375,A,A,1,False,False
146,09:23:22.000,09:23:22.000,09:23:22.000,0,23452.0000,23452.0000,23452.0000,23452.0000,2015,0.0000,,,,,Other,,0,False,False
147,09:23:23.000,09:23:23.000,09:23:23.000,0,23445.0000,23445.0000,23445.0000,23445.0000,1365,-7.0000,45.8500,,53.9000,,Other,,0,False,False
148,09:23:23.000,09:23:23.000,09:23:23.000,0,23445.0000,23445.0000,23445.0000,23445.0000,715,0.0000,,,,,Other,,0,False,False
149,09:23:25.000,09:23:24.000,09:23:25.000,1,23445.0000,23448.0000,23445.0000,23445.0000,715,0.0000,45.8500,,53.8375,,Other,,0,False,False
150,09:23:32.000,09:23:25.000,09:23:32.000,7,23445.0000,23456.0000,23445.0000,23456.0000,780,11.0000,46.84130434782608695652173913,0.99130434782608695652173913,52.047619047619047619047619048,-1.789880952380952380952380952,Other,,0,False,False
151,09:23:49.000,09:23:32.000,09:23:49.000,17,23456.0000,23456.0000,23445.3000,23446.0000,650,-10.0000,46.614583333333333333333333333,-0.226721014492753623188405797,52.328846153846153846153846154,0.281227106227106227106227106,Other,,0,False,False
152,09:24:12.000,09:23:49.000,09:24:12.000,23,23446.0000,23457.3000,23446.0000,23455.0000,1105,9.0000,47.044666666666666666666666667,0.430083333333333333333333334,50.765753424657534246575342466,-1.563092729188619599578503688,Other,,0,False,False
153,09:24:14.000,09:24:12.000,09:24:14.000,2,23455.0000,23457.0000,23449.5000,23457.0000,650,2.0000,47.716666666666666666666666667,0.672000000000000000000000000,49.366666666666666666666666667,-1.399086757990867579908675799,Other,,0,False,False
154,09:24:32.000,09:24:14.000,09:24:32.000,18,23457.0000,23457.0000,23449.3000,23450.0000,1105,-7.0000,47.702542372881355932203389831,-0.014124293785310734463276836,49.281818181818181818181818182,-0.084848484848484848484848485,Other,,0,False,False
155,09:24:34.000,09:24:32.000,09:24:34.000,2,23450.0000,23456.6000,23449.4000,23456.6000,715,6.6000,47.583333333333333333333333333,-0.119209039548022598870056498,49.9000,0.618181818181818181818181818,A,A,1,False,False
156,09:24:42.000,09:24:34.000,09:24:42.000,8,23456.6000,23456.6000,23449.1000,23450.0000,4680,-6.6000,47.115384615384615384615384615,-0.467948717948717948717948718,50.411538461538461538461538462,0.511538461538461538461538462,Other,,0,False,False
157,09:24:42.000,09:24:42.000,09:24:42.000,0,23450.0000,23450.0000,23450.0000,23450.0000,4030,0.0000,,,,,Other,,0,False,False
158,09:24:42.000,09:24:42.000,09:24:42.000,0,23449.3000,23449.3000,23449.3000,23449.3000,3380,-0.7000,,,,,Other,,0,False,False
159,09:24:42.000,09:24:42.000,09:24:42.000,0,23449.3000,23449.3000,23449.3000,23449.3000,2730,0.0000,,,,,Other,,0,False,False
160,09:24:44.000,09:24:44.000,09:24:44.000,0,23449.3000,23449.3000,23449.3000,23449.3000,2925,0.0000,47.0500,,50.7500,,Other,,0,False,False
161,09:24:44.000,09:24:44.000,09:24:44.000,0,23449.3000,23449.3000,23449.3000,23449.3000,2275,0.0000,,,,,Other,,0,False,False
162,09:24:44.000,09:24:44.000,09:24:44.000,0,23447.6000,23447.6000,23447.6000,23447.6000,1625,-1.7000,,,,,Other,,0,False,False
163,09:24:44.000,09:24:44.000,09:24:44.000,0,23447.6000,23447.6000,23447.6000,23447.6000,975,0.0000,,,,,Other,,0,False,False
164,09:24:52.000,09:24:45.000,09:24:52.000,7,23447.6000,23456.2000,23447.6000,23456.2000,650,8.6000,46.773076923076923076923076923,,51.123076923076923076923076923,,Other,,0,False,False
165,09:25:02.000,09:24:52.000,09:25:02.000,10,23456.2000,23457.0000,23449.2000,23457.0000,1235,0.8000,46.160606060606060606060606061,-0.612470862470862470862470862,51.337096774193548387096774194,0.214019851116625310173697271,A,A,1,False,False
166,09:25:04.000,09:25:02.000,09:25:04.000,2,23457.0000,23457.0000,23449.2000,23449.2000,780,-7.8000,45.066666666666666666666666667,-1.093939393939393939393939394,52.566666666666666666666666667,1.229569892473118279569892473,Other,,0,False,False
167,09:25:10.000,09:25:04.000,09:25:10.000,6,23449.2000,23455.0000,23449.2000,23450.0000,780,0.8000,44.6150,-0.451666666666666666666666667,53.1550,0.588333333333333333333333333,A,A,1,False,False
168,09:25:14.000,09:25:10.000,09:25:14.000,4,23450.0000,23450.0000,23449.3000,23449.9000,715,-0.1000,44.2250,-0.3900,53.291666666666666666666666667,0.136666666666666666666666667,Other,,0,False,False
169,09:25:15.000,09:25:14.000,09:25:15.000,1,23449.9000,23450.0000,23449.3000,23449.3000,780,-0.6000,43.7250,-0.5000,53.7750,0.483333333333333333333333333,Other,,0,False,False
170,09:25:17.000,09:25:15.000,09:25:17.000,2,23449.3000,23450.0000,23449.1000,23450.0000,715,0.7000,43.966666666666666666666666667,0.241666666666666666666666667,53.583333333333333333333333333,-0.191666666666666666666666667,Other,,0,False,False
171,09:25:30.000,09:25:17.000,09:25:30.000,13,23450.0000,23450.0000,23445.0000,23445.0000,650,-5.0000,43.621951219512195121951219512,-0.344715447154471544715447155,54.078048780487804878048780488,0.494715447154471544715447155,Other,,0,False,False
172,09:25:32.000,09:25:30.000,09:25:32.000,2,23445.0000,23454.7000,23445.0000,23454.7000,1625,9.7000,43.916666666666666666666666667,0.294715447154471544715447155,53.8000,-0.278048780487804878048780488,Other,,0,False,False
173,09:25:32.000,09:25:32.000,09:25:32.000,0,23454.7000,23454.7000,23454.7000,23454.7000,975,0.0000,,,,,Other,,0,False,False
174,09:25:33.000,09:25:32.000,09:25:33.000,1,23445.1000,23452.4000,23445.1000,23452.4000,2340,-2.3000,43.9250,,53.8250,,Other,,0,False,False
175,09:25:33.000,09:25:33.000,09:25:33.000,0,23452.4000,23452.4000,23452.4000,23452.4000,1690,0.0000,,,,,Other,,0,False,False
176,09:25:34.000,09:25:34.000,09:25:34.000,0,23445.1000,23445.1000,23445.1000,23445.1000,1040,-7.3000,43.7000,,54.2000,,Other,,0,False,False
177,09:25:35.000,09:25:34.000,09:25:35.000,1,23445.1000,23445.1000,23445.0000,23445.0000,910,-0.1000,43.6750,-0.0250,54.1500,-0.0500,Other,,0,False,False
178,09:25:37.000,09:25:35.000,09:25:37.000,2,23445.0000,23445.0000,23445.0000,23445.0000,1105,0.0000,43.833333333333333333333333333,0.158333333333333333333333333,53.983333333333333333333333333,-0.166666666666666666666666667,Other,,0,False,False
179,09:25:38.000,09:25:37.000,09:25:38.000,1,23445.0000,23445.0000,23443.0000,23445.0000,715,0.0000,43.4750,-0.358333333333333333333333333,54.7500,0.766666666666666666666666667,Other,,0,False,False
180,09:25:47.000,09:25:38.000,09:25:47.000,9,23445.0000,23454.1000,23442.1000,23445.0000,910,0.0000,43.807142857142857142857142857,0.332142857142857142857142857,54.317857142857142857142857143,-0.432142857142857142857142857,Other,,0,False,False
181,09:25:49.000,09:25:47.000,09:25:49.000,2,23445.0000,23445.0000,23442.1000,23445.0000,2730,0.0000,43.9500,0.142857142857142857142857143,54.316666666666666666666666667,-0.001190476190476190476190476,Other,,0,False,False
182,09:25:49.000,09:25:49.000,09:25:49.000,0,23445.0000,23445.0000,23445.0000,23445.0000,2080,0.0000,,,,,Other,,0,False,False
183,09:25:50.000,09:25:50.000,09:25:50.000,0,23445.0000,23445.0000,23445.0000,23445.0000,2795,0.0000,43.5000,,54.6250,,Other,,0,False,False
184,09:25:50.000,09:25:50.000,09:25:50.000,0,23445.0000,23445.0000,23445.0000,23445.0000,2145,0.0000,,,,,Other,,0,False,False
185,09:25:50.000,09:25:50.000,09:25:50.000,0,23440.3000,23440.3000,23440.3000,23440.3000,1495,-4.7000,,,,,Other,,0,False,False
186,09:25:50.000,09:25:50.000,09:25:50.000,0,23440.3000,23440.3000,23440.3000,23440.3000,845,0.0000,,,,,Other,,0,False,False
187,09:25:52.000,09:25:51.000,09:25:52.000,1,23453.0000,23453.0000,23447.7000,23447.7000,715,7.4000,43.7500,,54.383333333333333333333333333,,Other,,0,False,False
188,09:25:55.000,09:25:52.000,09:25:55.000,3,23447.7000,23454.4000,23441.0000,23454.4000,845,6.7000,43.9700,0.2200,54.2200,-0.163333333333333333333333333,Other,,0,False,False
189,09:25:57.000,09:25:55.000,09:25:57.000,2,23454.4000,23454.4000,23440.9000,23440.9000,975,-13.5000,43.7500,-0.2200,54.366666666666666666666666667,0.146666666666666666666666667,Other,,0,False,False
190,09:26:00.000,09:25:57.000,09:26:00.000,3,23440.9000,23440.9000,23440.7000,23440.7000,650,-0.2000,43.645454545454545454545454545,-0.104545454545454545454545455,54.381818181818181818181818182,0.015151515151515151515151515,Other,,0,False,False
191,09:26:07.000,09:26:00.000,09:26:07.000,7,23440.7000,23449.0000,23440.7000,23447.0000,715,6.3000,43.5600,-0.085454545454545454545454545,54.645454545454545454545454545,0.263636363636363636363636363,A,A,1,False,False
192,09:26:10.000,09:26:07.000,09:26:10.000,3,23447.0000,23447.0000,23440.1000,23440.1000,650,-6.9000,42.5900,-0.9700,56.2600,1.614545454545454545454545455,Other,,0,False,False
193,09:26:13.000,09:26:10.000,09:26:13.000,3,23440.1000,23444.0000,23440.0000,23440.3000,715,0.2000,43.0400,0.4500,55.6600,-0.6000,Other,,0,False,False
194,09:26:17.000,09:26:13.000,09:26:17.000,4,23440.3000,23440.3000,23439.4000,23439.5000,845,-0.8000,42.6000,-0.4400,56.091666666666666666666666667,0.431666666666666666666666667,Other,,0,False,False
195,09:26:21.000,09:26:17.000,09:26:21.000,4,23439.5000,23441.5000,23439.1000,23441.5000,780,2.0000,42.371428571428571428571428571,-0.228571428571428571428571429,56.207142857142857142857142857,0.115476190476190476190476190,A,A,1,False,False
196,09:26:23.000,09:26:21.000,09:26:23.000,2,23441.5000,23441.5000,23439.7000,23439.7000,650,-1.8000,42.316666666666666666666666667,-0.054761904761904761904761904,56.216666666666666666666666667,0.009523809523809523809523810,Other,,0,False,False
197,09:26:26.000,09:26:23.000,09:26:26.000,3,23439.7000,23441.5000,23439.0000,23441.5000,845,1.8000,42.5000,0.183333333333333333333333333,56.1900,-0.026666666666666666666666667,Other,,0,False,False
198,09:26:31.000,09:26:26.000,09:26:31.000,5,23441.5000,23441.5000,23439.7000,23441.5000,715,0.0000,42.723529411764705882352941176,0.223529411764705882352941176,56.194117647058823529411764706,0.004117647058823529411764706,Other,,0,False,False
199,09:26:35.000,09:26:31.000,09:26:35.000,4,23441.5000,23442.0000,23440.5000,23442.0000,650,0.5000,43.158333333333333333333333333,0.434803921568627450980392157,55.6700,-0.524117647058823529411764706,Other,,0,False,False
200,09:26:40.000,09:26:35.000,09:26:40.000,5,23442.0000,23442.0000,23440.6000,23440.6000,1105,-1.4000,43.16875,0.010416666666666666666666667,55.9125,0.2425,Other,,0,False,False
201,09:26:41.000,09:26:40.000,09:26:41.000,1,23440.6000,23441.9000,23440.6000,23441.9000,715,1.3000,42.1500,-1.01875,57.1750,1.2625,A,A,1,False,False
202,09:26:46.000,09:26:41.000,09:26:46.000,5,23441.9000,23441.9000,23438.0000,23438.0000,910,-3.9000,42.007142857142857142857142857,-0.142857142857142857142857143,57.2375,0.0625,Other,,0,False,False
203,09:26:53.000,09:26:46.000,09:26:53.000,7,23438.0000,23448.5000,23438.0000,23448.5000,975,10.5000,42.155555555555555555555555556,0.148412698412698412698412699,57.090909090909090909090909091,-0.146590909090909090909090909,Other,,0,False,False
204,09:26:55.000,09:26:53.000,09:26:55.000,2,23448.5000,23448.5000,23438.0000,23438.0000,1170,-10.5000,42.166666666666666666666666667,0.011111111111111111111111111,56.683333333333333333333333333,-0.407575757575757575757575758,B,B,1,False,False
205,09:26:56.000,09:26:55.000,09:26:56.000,1,23438.0000,23440.0000,23438.0000,23440.0000,780,2.0000,42.3000,0.133333333333333333333333333,56.3750,-0.308333333333333333333333333,Other,,0,False,False
206,09:27:05.000,09:26:56.000,09:27:05.000,9,23440.0000,23449.5000,23440.0000,23440.0000,1495,0.0000,41.90172413793103448275862069,-0.39827586206896551724137931,56.787931034482758620689655172,0.412931034482758620689655172,Other,,0,False,False
207,09:27:05.000,09:27:05.000,09:27:05.000,0,23440.0000,23440.0000,23440.0000,23440.0000,845,0.0000,,,,,Other,,0,False,False
208,09:27:08.000,09:27:05.000,09:27:08.000,3,23440.0000,23449.5000,23440.0000,23449.5000,975,9.5000,41.4100,,57.5700,,Other,,0,False,False
209,09:27:15.000,09:27:08.000,09:27:15.000,7,23449.5000,23449.5000,23440.0000,23440.1000,715,-9.4000,40.559090909090909090909090909,-0.850909090909090909090909091,59.0500,1.4800,Other,,0,False,False
210,09:27:21.000,09:27:15.000,09:27:21.000,6,23440.1000,23446.2000,23440.1000,23440.1000,650,0.0000,40.1850,-0.374090909090909090909090909,59.616666666666666666666666667,0.566666666666666666666666667,Other,,0,False,False
211,09:27:23.000,09:27:21.000,09:27:23.000,2,23440.1000,23447.9000,23440.1000,23447.9000,1040,7.8000,40.166666666666666666666666667,-0.018333333333333333333333333,59.1000,-0.516666666666666666666666667,Other,,0,False,False
212,09:27:25.000,09:27:23.000,09:27:25.000,2,23447.9000,23447.9000,23440.1000,23440.1000,650,-7.8000,40.066666666666666666666666667,-0.100000000000000000000000000,59.433333333333333333333333333,0.333333333333333333333333333,Other,,0,False,False
213,09:27:31.000,09:27:25.000,09:27:31.000,6,23440.1000,23440.2000,23440.0000,23440.1000,650,0.0000,39.604761904761904761904761905,-0.461904761904761904761904762,59.89047619047619047619047619,0.457142857142857142857142857,Other,,0,False,False
214,09:27:33.000,09:27:31.000,09:27:33.000,2,23440.1000,23440.2000,23440.0000,23440.0000,1430,-0.1000,39.3250,-0.279761904761904761904761905,60.016666666666666666666666667,0.126190476190476190476190477,Other,,0,False,False
215,09:27:33.000,09:27:33.000,09:27:33.000,0,23440.0000,23440.0000,23440.0000,23440.0000,780,0.0000,,,,,Other,,0,False,False
216,09:27:35.000,09:27:33.000,09:27:35.000,2,23438.0000,23440.0000,23438.0000,23440.0000,1495,0.0000,39.483333333333333333333333333,,59.783333333333333333333333333,,Other,,0,False,False
217,09:27:35.000,09:27:35.000,09:27:35.000,0,23440.0000,23440.0000,23440.0000,23440.0000,845,0.0000,,,,,Other,,0,False,False
218,09:27:38.000,09:27:35.000,09:27:38.000,3,23437.1000,23440.0000,23437.1000,23440.0000,845,0.0000,39.8100,,59.3900,,Other,,0,False,False
219,09:27:41.000,09:27:38.000,09:27:41.000,3,23440.0000,23440.0000,23436.5000,23440.0000,975,0.0000,39.8900,0.0800,59.2200,-0.1700,Other,,0,False,False
220,09:27:43.000,09:27:41.000,09:27:43.000,2,23440.0000,23440.0000,23437.2000,23440.0000,1495,0.0000,40.533333333333333333333333333,0.643333333333333333333333333,58.0500,-1.1700,Other,,0,False,False
221,09:27:43.000,09:27:43.000,09:27:43.000,0,23440.0000,23440.0000,23440.0000,23440.0000,845,0.0000,,,,,Other,,0,False,False
222,09:27:45.000,09:27:43.000,09:27:45.000,2,23440.0000,23440.0000,23440.0000,23440.0000,1300,0.0000,41.0000,,57.283333333333333333333333333,,Other,,0,False,False
223,09:27:45.000,09:27:45.000,09:27:45.000,0,23440.0000,23440.0000,23440.0000,23440.0000,650,0.0000,,,,,Other,,0,False,False
224,09:27:50.000,09:27:45.000,09:27:50.000,5,23437.7000,23440.0000,23437.4000,23440.0000,650,0.0000,40.7625,,57.70625,,Other,,0,False,False
225,09:27:53.000,09:27:50.000,09:27:53.000,3,23440.0000,23440.0000,23437.4000,23437.4000,1950,-2.6000,40.7300,-0.0325,57.6400,-0.06625,Other,,0,False,False
226,09:27:53.000,09:27:53.000,09:27:53.000,0,23437.4000,23437.4000,23437.4000,23437.4000,1300,0.0000,,,,,Other,,0,False,False
227,09:27:54.000,09:27:54.000,09:27:54.000,0,23437.4000,23437.4000,23437.4000,23437.4000,650,0.0000,41.0500,,57.0500,,Other,,0,False,False
228,09:27:55.000,09:27:54.000,09:27:55.000,1,23437.4000,23437.4000,23437.4000,23437.4000,3445,0.0000,41.0250,-0.0250,57.0250,-0.0250,Other,,0,False,False
229,09:27:55.000,09:27:55.000,09:27:55.000,0,23437.4000,23437.4000,23437.4000,23437.4000,2795,0.0000,,,,,Other,,0,False,False
230,09:27:55.000,09:27:55.000,09:27:55.000,0,23440.0000,23440.0000,23440.0000,23440.0000,2145,2.6000,,,,,Other,,0,False,False
231,09:27:55.000,09:27:55.000,09:27:55.000,0,23440.0000,23440.0000,23440.0000,23440.0000,1495,0.0000,,,,,Other,,0,False,False
232,09:27:56.000,09:27:56.000,09:27:56.000,0,23440.0000,23440.0000,23440.0000,23440.0000,975,0.0000,40.9250,,57.1250,,Other,,0,False,False
233,09:27:58.000,09:27:56.000,09:27:58.000,2,23440.0000,23446.9000,23437.6000,23446.9000,975,6.9000,41.333333333333333333333333333,0.408333333333333333333333333,56.633333333333333333333333333,-0.491666666666666666666666667,Other,,0,False,False
234,09:28:05.000,09:27:58.000,09:28:05.000,7,23446.9000,23446.9000,23440.0000,23446.9000,650,0.0000,41.914285714285714285714285714,0.580952380952380952380952381,55.230434782608695652173913043,-1.402898550724637681159420290,Other,,0,False,False
235,09:28:21.000,09:28:05.000,09:28:21.000,16,23446.9000,23446.9000,23440.0000,23444.0000,650,-2.9000,41.3780,-0.536285714285714285714285714,55.8720,0.641565217391304347826086957,Other,,0,False,False
236,09:28:36.000,09:28:21.000,09:28:36.000,15,23444.0000,23446.9000,23439.9000,23446.0000,780,2.0000,41.644897959183673469387755102,0.266897959183673469387755102,55.425555555555555555555555556,-0.446444444444444444444444444,Other,,0,False,False
237,09:28:40.000,09:28:36.000,09:28:40.000,4,23446.0000,23446.9000,23445.0000,23445.0000,650,-1.0000,42.241666666666666666666666667,0.596768707482993197278911565,54.3200,-1.105555555555555555555555556,B,B,1,False,False
238,09:28:43.000,09:28:40.000,09:28:43.000,3,23445.0000,23445.0000,23442.2000,23445.0000,715,0.0000,42.1200,-0.121666666666666666666666667,54.5600,0.2400,Other,,0,False,False
239,09:28:55.000,09:28:43.000,09:28:55.000,12,23445.0000,23448.0000,23442.9000,23448.0000,715,3.0000,42.155263157894736842105263158,0.035263157894736842105263158,54.155555555555555555555555556,-0.404444444444444444444444444,Other,,0,False,False
240,09:28:56.000,09:28:55.000,09:28:56.000,1,23448.0000,23450.0000,23448.0000,23450.0000,1365,2.0000,42.6000,0.444736842105263157894736842,53.5750,-0.580555555555555555555555556,Other,,0,False,False
241,09:28:56.000,09:28:56.000,09:28:56.000,0,23450.0000,23450.0000,23450.0000,23450.0000,715,0.0000,,,,,Other,,0,False,False
242,09:29:16.000,09:28:56.000,09:29:16.000,20,23450.0000,23450.0000,23446.0000,23447.3000,910,-2.7000,42.634920634920634920634920635,,53.4000,,Other,,0,False,False
243,09:29:25.000,09:29:16.000,09:29:25.000,9,23447.3000,23454.0000,23447.3000,23454.0000,650,6.7000,43.969230769230769230769230769,1.334310134310134310134310134,51.542307692307692307692307692,-1.857692307692307692307692308,Other,,0,False,False
244,09:29:40.000,09:29:25.000,09:29:40.000,15,23454.0000,23458.5000,23450.0000,23458.5000,780,4.5000,44.492857142857142857142857143,0.523626373626373626373626374,50.739361702127659574468085106,-0.802945990180032733224222586,Other,,0,False,False
245,09:29:58.000,09:29:40.000,09:29:58.000,18,23458.5000,23458.5000,23457.0000,23457.0000,715,-1.5000,45.318965517241379310344827586,0.826108374384236453201970443,49.528571428571428571428571429,-1.210790273556231003039513677,B,B,1,False,False
246,09:30:10.000,09:29:58.000,09:30:10.000,12,23457.0000,23458.5000,23450.0000,23450.0000,715,-7.0000,46.275641025641025641025641026,0.956675508399646330680813440,48.514102564102564102564102564,-1.014468864468864468864468865,B,B,2,False,True
247,09:30:23.000,09:30:10.000,09:30:23.000,13,23450.0000,23458.0000,23450.0000,23458.0000,650,8.0000,46.45952380952380952380952381,0.183882783882783882783882784,48.414285714285714285714285714,-0.099816849816849816849816850,Other,,0,False,False
248,09:30:25.000,09:30:23.000,09:30:25.000,2,23458.0000,23458.5000,23455.0000,23455.0000,1625,-3.0000,48.5500,2.09047619047619047619047619,46.3250,-2.089285714285714285714285714,B,B,1,False,False
249,09:30:25.000,09:30:25.000,09:30:25.000,0,23455.0000,23455.0000,23455.0000,23455.0000,975,0.0000,,,,,Other,,0,False,False
250,09:30:26.000,09:30:26.000,09:30:26.000,0,23460.0000,23460.0000,23460.0000,23460.0000,1300,5.0000,48.666666666666666666666666667,,45.916666666666666666666666667,,Other,,0,False,False
251,09:30:26.000,09:30:26.000,09:30:26.000,0,23460.0000,23460.0000,23460.0000,23460.0000,650,0.0000,,,,,Other,,0,False,False
252,09:30:38.000,09:30:28.000,09:30:38.000,10,23460.0000,23460.5000,23451.0000,23453.8000,715,-6.2000,47.382857142857142857142857143,,47.768918918918918918918918919,,Other,,0,False,False
253,09:30:40.000,09:30:38.000,09:30:40.000,2,23453.8000,23455.0000,23453.8000,23455.0000,780,1.2000,45.8500,-1.532857142857142857142857143,49.866666666666666666666666667,2.097747747747747747747747748,A,A,1,False,False
254,09:30:46.000,09:30:40.000,09:30:46.000,6,23455.0000,23458.1000,23452.1000,23452.1000,650,-2.9000,45.3650,-0.4850,50.5900,0.723333333333333333333333333,Other,,0,False,False
255,09:30:48.000,09:30:46.000,09:30:48.000,2,23452.1000,23458.5000,23451.9000,23451.9000,910,-0.2000,44.866666666666666666666666667,-0.498333333333333333333333333,50.8000,0.2100,Other,,0,False,False
256,09:30:51.000,09:30:48.000,09:30:51.000,3,23451.9000,23455.0000,23451.2000,23455.0000,1300,3.1000,44.9500,0.083333333333333333333333333,50.8000,0.0000,Other,,0,False,False
257,09:30:51.000,09:30:51.000,09:30:51.000,0,23455.0000,23455.0000,23455.0000,23455.0000,650,0.0000,,,,,Other,,0,False,False
258,09:30:54.000,09:30:52.000,09:30:54.000,2,23451.7000,23459.6000,23451.6000,23459.6000,715,4.6000,45.5900,,50.1500,,Other,,0,False,False
259,09:31:11.000,09:30:54.000,09:31:11.000,17,23459.6000,23460.5000,23451.6000,23452.8000,715,-6.8000,45.336363636363636363636363636,-0.253636363636363636363636364,49.947272727272727272727272727,-0.202727272727272727272727273,Other,,0,False,False
260,09:31:19.000,09:31:11.000,09:31:19.000,8,23452.8000,23453.4000,23451.0000,23451.0000,910,-1.8000,45.183333333333333333333333333,-0.153030303030303030303030303,50.369230769230769230769230769,0.421958041958041958041958042,Other,,0,False,False
261,09:31:26.000,09:31:19.000,09:31:26.000,7,23451.0000,23453.0000,23451.0000,23452.8000,650,1.8000,45.268181818181818181818181818,0.084848484848484848484848485,50.3000,-0.069230769230769230769230769,Other,,0,False,False
262,09:31:42.000,09:31:26.000,09:31:42.000,16,23452.8000,23458.0000,23452.8000,23455.0000,715,2.2000,46.082653061224489795918367347,0.814471243042671614100185529,49.526415094339622641509433962,-0.773584905660377358490566038,Other,,0,False,False
263,09:31:47.000,09:31:42.000,09:31:47.000,5,23455.0000,23455.0000,23451.0000,23451.0000,1105,-4.0000,46.2875,0.204846938775510204081632653,49.10625,-0.420165094339622641509433962,B,B,1,False,False
264,09:31:55.000,09:31:47.000,09:31:55.000,8,23451.0000,23457.5000,23451.0000,23457.5000,780,6.5000,47.126923076923076923076923077,0.839423076923076923076923077,48.126923076923076923076923077,-0.979326923076923076923076923,Other,,0,False,False
265,09:31:57.000,09:31:55.000,09:31:57.000,2,23457.5000,23457.9000,23451.0000,23451.0000,650,-6.5000,47.183333333333333333333333333,0.056410256410256410256410256,48.2000,0.073076923076923076923076923,Other,,0,False,False
266,09:32:04.000,09:31:57.000,09:32:04.000,7,23451.0000,23451.0000,23451.0000,23451.0000,650,0.0000,46.656521739130434782608695652,-0.526811594202898550724637681,48.836956521739130434782608696,0.636956521739130434782608696,Other,,0,False,False
267,09:32:17.000,09:32:04.000,09:32:17.000,13,23451.0000,23457.9000,23451.0000,23451.0000,715,0.0000,47.0100,0.353478260869565217391304348,48.428571428571428571428571429,-0.408385093167701863354037267,Other,,0,False,False
268,09:32:35.000,09:32:17.000,09:32:35.000,18,23451.0000,23457.0000,23451.0000,23451.2000,780,0.2000,45.472807017543859649122807018,-1.537192982456140350877192982,50.145614035087719298245614035,1.717042606516290726817042606,A,A,1,False,False
269,09:32:37.000,09:32:35.000,09:32:37.000,2,23451.2000,23451.2000,23451.0000,23451.0000,715,-0.2000,43.5125,-1.960307017543859649122807018,52.2875,2.141885964912280701754385965,Other,,0,False,False
270,09:32:40.000,09:32:37.000,09:32:40.000,3,23451.0000,23456.7000,23451.0000,23456.7000,1040,5.7000,43.4900,-0.0225,52.1400,-0.1475,Other,,0,False,False
271,09:32:45.000,09:32:40.000,09:32:45.000,5,23456.7000,23456.7000,23451.0000,23451.5000,780,-5.2000,43.778571428571428571428571429,0.288571428571428571428571429,51.80625,-0.33375,B,B,1,False,False
272,09:32:50.000,09:32:45.000,09:32:50.000,5,23451.5000,23451.5000,23451.0000,23451.0000,845,-0.5000,43.6125,-0.166071428571428571428571429,51.8375,0.03125,Other,,0,False,False
273,09:32:54.000,09:32:50.000,09:32:54.000,4,23451.0000,23451.3000,23451.0000,23451.0000,715,0.0000,43.8250,0.2125,51.783333333333333333333333333,-0.054166666666666666666666667,Other,,0,False,False
274,09:32:55.000,09:32:54.000,09:32:55.000,1,23451.0000,23451.0000,23451.0000,23451.0000,1300,0.0000,42.8500,-0.9750,52.8750,1.091666666666666666666666667,Other,,0,False,False
275,09:32:55.000,09:32:55.000,09:32:55.000,0,23451.0000,23451.0000,23451.0000,23451.0000,650,0.0000,,,,,Other,,0,False,False
276,09:32:57.000,09:32:57.000,09:32:57.000,0,23451.0000,23451.0000,23451.0000,23451.0000,3250,0.0000,42.1000,,53.783333333333333333333333333,,Other,,0,False,False
277,09:32:57.000,09:32:57.000,09:32:57.000,0,23451.0000,23451.0000,23451.0000,23451.0000,2600,0.0000,,,,,Other,,0,False,False
278,09:32:59.000,09:32:59.000,09:32:59.000,0,23451.0000,23451.0000,23451.0000,23451.0000,3835,0.0000,42.6000,,53.1500,,Other,,0,False,False
279,09:32:59.000,09:32:59.000,09:32:59.000,0,23451.0000,23451.0000,23451.0000,23451.0000,3185,0.0000,,,,,Other,,0,False,False
280,09:32:59.000,09:32:59.000,09:32:59.000,0,23450.4000,23450.4000,23450.4000,23450.4000,2535,-0.6000,,,,,Other,,0,False,False
281,09:32:59.000,09:32:59.000,09:32:59.000,0,23450.4000,23450.4000,23450.4000,23450.4000,1885,0.0000,,,,,Other,,0,False,False
282,09:33:00.000,09:33:00.000,09:33:00.000,0,23450.4000,23450.4000,23450.4000,23450.4000,1235,0.0000,42.516666666666666666666666667,,53.2100,,Other,,0,False,False
283,09:33:00.000,09:33:00.000,09:33:00.000,0,23450.4000,23450.4000,23450.4000,23450.4000,1170,0.0000,,,,,Other,,0,False,False
284,09:33:02.000,09:33:00.000,09:33:02.000,2,23450.4000,23450.4000,23450.0000,23450.0000,1365,-0.4000,42.3000,,53.316666666666666666666666667,,Other,,0,False,False
285,09:33:02.000,09:33:02.000,09:33:02.000,0,23450.0000,23450.0000,23450.0000,23450.0000,715,0.0000,,,,,Other,,0,False,False
286,09:33:04.000,09:33:02.000,09:33:04.000,2,23450.0000,23450.0000,23450.0000,23450.0000,2210,0.0000,42.183333333333333333333333333,,53.283333333333333333333333333,,Other,,0,False,False
287,09:33:04.000,09:33:04.000,09:33:04.000,0,23450.0000,23450.0000,23450.0000,23450.0000,1560,0.0000,,,,,Other,,0,False,False
288,09:33:05.000,09:33:05.000,09:33:05.000,0,23450.0000,23450.0000,23450.0000,23450.0000,975,0.0000,42.7000,,52.6000,,Other,,0,False,False
289,09:33:10.000,09:33:05.000,09:33:10.000,5,23450.0000,23457.2000,23450.0000,23457.2000,3315,7.2000,42.8375,0.1375,52.4500,-0.1500,Other,,0,False,False
290,09:33:10.000,09:33:10.000,09:33:10.000,0,23457.2000,23457.2000,23457.2000,23457.2000,2665,0.0000,,,,,Other,,0,False,False
291,09:33:12.000,09:33:12.000,09:33:12.000,0,23457.2000,23457.2000,23457.2000,23457.2000,2015,0.0000,42.7250,,52.3250,,Other,,0,False,False
292,09:33:12.000,09:33:12.000,09:33:12.000,0,23457.2000,23457.2000,23457.2000,23457.2000,1365,0.0000,,,,,Other,,0,False,False
293,09:33:13.000,09:33:13.000,09:33:13.000,0,23450.0000,23450.0000,23450.0000,23450.0000,715,-7.2000,42.9250,,52.1250,,Other,,0,False,False
294,09:33:18.000,09:33:13.000,09:33:18.000,5,23450.0000,23457.0000,23450.0000,23450.3000,975,0.3000,42.607142857142857142857142857,-0.317857142857142857142857143,52.7250,0.6000,A,A,1,False,False
295,09:33:22.000,09:33:18.000,09:33:22.000,4,23450.3000,23450.8000,23450.0000,23450.8000,1300,0.5000,42.6250,0.017857142857142857142857143,52.933333333333333333333333333,0.208333333333333333333333333,Other,,0,False,False
296,09:33:22.000,09:33:22.000,09:33:22.000,0,23450.8000,23450.8000,23450.8000,23450.8000,650,0.0000,,,,,Other,,0,False,False
297,09:33:23.000,09:33:23.000,09:33:23.000,0,23450.7000,23450.7000,23450.6000,23450.6000,650,-0.2000,42.5250,,53.0250,,Other,,0,False,False
298,09:33:28.000,09:33:23.000,09:33:28.000,5,23450.6000,23456.7000,23450.3000,23450.3000,910,-0.3000,42.5250,0.0000,52.9375,-0.0875,Other,,0,False,False
299,09:33:36.000,09:33:28.000,09:33:36.000,8,23450.3000,23450.3000,23449.0000,23449.0000,1040,-1.3000,42.3400,-0.1850,53.1520,0.2145,Other,,0,False,False
300,09:33:38.000,09:33:36.000,09:33:38.000,2,23449.0000,23449.0000,23448.6000,23448.6000,2730,-0.4000,41.033333333333333333333333333,-1.306666666666666666666666667,54.7000,1.5480,Other,,0,False,False
301,09:33:38.000,09:33:38.000,09:33:38.000,0,23448.6000,23448.6000,23448.6000,23448.6000,2080,0.0000,,,,,Other,,0,False,False
302,09:33:38.000,09:33:38.000,09:33:38.000,0,23454.6000,23454.6000,23454.6000,23454.6000,1430,6.0000,,,,,Other,,0,False,False
303,09:33:38.000,09:33:38.000,09:33:38.000,0,23454.6000,23454.6000,23454.6000,23454.6000,780,0.0000,,,,,Other,,0,False,False
304,09:33:40.000,09:33:40.000,09:33:40.000,0,23448.0000,23448.4000,23448.0000,23448.4000,1105,-6.2000,40.5000,,55.0000,,Other,,0,False,False
305,09:33:41.000,09:33:40.000,09:33:41.000,1,23448.4000,23448.7000,23448.4000,23448.7000,1105,0.3000,41.066666666666666666666666667,0.566666666666666666666666667,54.333333333333333333333333333,-0.666666666666666666666666667,Other,,0,False,False
306,09:33:45.000,09:33:41.000,09:33:45.000,4,23448.7000,23454.4000,23447.5000,23447.5000,910,-1.2000,41.1000,0.033333333333333333333333333,54.383333333333333333333333333,0.050000000000000000000000000,Other,,0,False,False
307,09:33:48.000,09:33:45.000,09:33:48.000,3,23447.5000,23454.4000,23447.3000,23454.4000,715,6.9000,40.9750,-0.1250,54.2500,-0.133333333333333333333333333,Other,,0,False,False
308,09:33:56.000,09:33:48.000,09:33:56.000,8,23454.4000,23454.9000,23444.0000,23444.0000,1300,-10.4000,40.826923076923076923076923077,-0.148076923076923076923076923,54.703846153846153846153846154,0.453846153846153846153846154,Other,,0,False,False
309,09:33:56.000,09:33:56.000,09:33:56.000,0,23444.0000,23444.0000,23444.0000,23444.0000,650,0.0000,,,,,Other,,0,False,False
310,09:34:14.000,09:33:58.000,09:34:14.000,16,23444.0000,23453.8000,23443.1000,23444.0000,650,0.0000,41.157894736842105263157894737,,54.713157894736842105263157895,,Other,,0,False,False
311,09:34:24.000,09:34:14.000,09:34:24.000,10,23444.0000,23453.1000,23443.0000,23443.0000,650,-1.0000,41.343333333333333333333333333,0.185438596491228070175438596,54.763333333333333333333333333,0.050175438596491228070175438,Other,,0,False,False
312,09:34:41.000,09:34:24.000,09:34:41.000,17,23443.0000,23443.0000,23440.0000,23440.0000,715,-3.0000,41.965454545454545454545454545,0.622121212121212121212121212,53.556603773584905660377358491,-1.206729559748427672955974842,B,B,1,False,False
313,09:34:54.000,09:34:41.000,09:34:54.000,13,23440.0000,23449.9000,23440.0000,23441.7000,845,1.7000,42.119047619047619047619047619,0.153593073593073593073593074,53.392857142857142857142857143,-0.163746630727762803234501348,Other,,0,False,False
314,09:34:57.000,09:34:54.000,09:34:57.000,3,23441.7000,23450.0000,23441.7000,23448.6000,650,6.9000,42.1700,0.050952380952380952380952381,53.1700,-0.222857142857142857142857143,Other,,0,False,False
315,09:35:03.000,09:34:57.000,09:35:03.000,6,23448.6000,23450.0000,23445.0000,23450.0000,1170,1.4000,42.371052631578947368421052632,0.201052631578947368421052632,52.738095238095238095238095238,-0.431904761904761904761904762,Other,,0,False,False
316,09:35:05.000,09:35:03.000,09:35:05.000,2,23450.0000,23450.0000,23443.6000,23450.0000,780,0.0000,42.5500,0.178947368421052631578947368,52.2000,-0.538095238095238095238095238,Other,,0,False,False
317,09:35:15.000,09:35:05.000,09:35:15.000,10,23450.0000,23450.0000,23443.3000,23450.0000,650,0.0000,41.5600,-0.9900,53.893333333333333333333333333,1.693333333333333333333333333,Other,,0,False,False
318,09:35:28.000,09:35:15.000,09:35:28.000,13,23450.0000,23451.6000,23441.6000,23451.6000,650,1.6000,40.786363636363636363636363636,-0.773636363636363636363636364,55.347727272727272727272727273,1.454393939393939393939393940,A,A,1,False,False
319,09:35:35.000,09:35:28.000,09:35:35.000,7,23451.6000,23452.0000,23440.9000,23441.1000,715,-10.5000,41.188095238095238095238095238,0.401731601731601731601731602,54.819047619047619047619047619,-0.528679653679653679653679654,B,B,1,False,False
320,09:35:44.000,09:35:35.000,09:35:44.000,9,23441.1000,23452.0000,23440.6000,23440.6000,650,-0.5000,41.4100,0.221904761904761904761904762,54.203333333333333333333333333,-0.615714285714285714285714286,B,B,2,False,True
321,09:36:04.000,09:35:44.000,09:36:04.000,20,23440.6000,23451.6000,23440.1000,23451.6000,650,11.0000,40.288524590163934426229508197,-1.121475409836065573770491803,55.641269841269841269841269841,1.437936507936507936507936508,A,A,1,False,False
322,09:36:14.000,09:36:04.000,09:36:14.000,10,23451.6000,23452.0000,23450.0000,23452.0000,650,0.4000,40.996875,0.708350409836065573770491803,54.736666666666666666666666667,-0.904603174603174603174603174,Other,,0,False,False
323,09:36:21.000,09:36:14.000,09:36:21.000,7,23452.0000,23452.0000,23445.0000,23445.0000,1170,-7.0000,41.004545454545454545454545455,0.007670454545454545454545455,54.668181818181818181818181818,-0.068484848484848484848484849,B,B,1,False,False
324,09:36:26.000,09:36:21.000,09:36:26.000,5,23445.0000,23445.0000,23442.0000,23442.0000,650,-3.0000,41.24375,0.239204545454545454545454545,54.28125,-0.386931818181818181818181818,B,B,2,False,True
325,09:36:32.000,09:36:26.000,09:36:32.000,6,23442.0000,23450.0000,23442.0000,23443.8000,650,1.8000,40.766666666666666666666666667,-0.477083333333333333333333333,55.4000,1.11875,A,A,1,False,False
326,09:36:41.000,09:36:32.000,09:36:41.000,9,23443.8000,23451.9000,23441.1000,23441.1000,715,-2.7000,40.542857142857142857142857143,-0.223809523809523809523809524,55.669230769230769230769230769,0.269230769230769230769230769,Other,,0,False,False
327,09:36:52.000,09:36:41.000,09:36:52.000,11,23441.1000,23442.1000,23440.1000,23441.4000,650,0.3000,40.958333333333333333333333333,0.415476190476190476190476190,54.741176470588235294117647059,-0.928054298642533936651583710,Other,,0,False,False
328,09:36:55.000,09:36:52.000,09:36:55.000,3,23441.4000,23442.1000,23440.5000,23440.5000,650,-0.9000,41.1800,0.221666666666666666666666667,54.6750,-0.066176470588235294117647059,B,B,1,False,False
329,09:36:59.000,09:36:55.000,09:36:59.000,4,23440.5000,23450.0000,23440.0000,23450.0000,780,9.5000,40.8500,-0.3300,55.116666666666666666666666667,0.441666666666666666666666667,A,A,1,False,False
330,09:37:02.000,09:36:59.000,09:37:02.000,3,23450.0000,23450.0000,23439.8000,23441.1000,910,-8.9000,41.0000,0.1500,54.695454545454545454545454545,-0.421212121212121212121212122,B,B,1,False,False
331,09:37:10.000,09:37:02.000,09:37:10.000,8,23441.1000,23451.6000,23441.1000,23451.6000,715,10.5000,41.630769230769230769230769231,0.630769230769230769230769231,53.403846153846153846153846154,-1.291608391608391608391608391,Other,,0,False,False
332,09:37:15.000,09:37:10.000,09:37:15.000,5,23451.6000,23452.0000,23444.4000,23452.0000,715,0.4000,42.6875,1.056730769230769230769230769,51.3625,-2.041346153846153846153846154,Other,,0,False,False
333,09:37:26.000,09:37:15.000,09:37:26.000,11,23452.0000,23454.9000,23444.9000,23446.2000,650,-5.8000,43.0000,0.3125,50.702941176470588235294117647,-0.659558823529411764705882353,B,B,1,False,False
334,09:37:44.000,09:37:26.000,09:37:44.000,18,23446.2000,23454.9000,23446.2000,23454.9000,650,8.7000,43.392372881355932203389830508,0.392372881355932203389830508,50.24915254237288135593220339,-0.453788634097706879361914257,Other,,0,False,False
335,09:37:54.000,09:37:44.000,09:37:54.000,10,23454.9000,23454.9000,23446.0000,23446.1000,650,-8.8000,43.406666666666666666666666667,0.014293785310734463276836159,50.36875,0.11959745762711864406779661,Other,,0,False,False
336,09:38:10.000,09:37:54.000,09:38:10.000,16,23446.1000,23455.0000,23446.1000,23455.0000,910,8.9000,43.529411764705882352941176471,0.122745098039215686274509804,50.0000,-0.36875,Other,,0,False,False
337,09:38:25.000,09:38:10.000,09:38:25.000,15,23455.0000,23457.0000,23455.0000,23457.0000,650,2.0000,45.047826086956521739130434783,1.518414322250639386189258312,47.829545454545454545454545455,-2.170454545454545454545454545,Other,,0,False,False
338,09:38:30.000,09:38:25.000,09:38:30.000,5,23457.0000,23457.0000,23450.7000,23450.8000,845,-6.2000,45.873529411764705882352941176,0.825703324808184143222506393,47.123529411764705882352941176,-0.706016042780748663101604279,B,B,1,False,False
339,09:38:37.000,09:38:30.000,09:38:37.000,7,23450.8000,23458.1000,23450.7000,23458.1000,2080,7.3000,46.109090909090909090909090909,0.235561497326203208556149733,46.945454545454545454545454545,-0.178074866310160427807486631,Other,,0,False,False
340,09:38:37.000,09:38:37.000,09:38:37.000,0,23458.1000,23458.1000,23458.1000,23458.1000,1430,0.0000,,,,,Other,,0,False,False
341,09:38:38.000,09:38:38.000,09:38:38.000,0,23457.0000,23457.0000,23457.0000,23457.0000,780,-1.1000,47.0000,,46.2000,,Other,,0,False,False
342,09:38:39.000,09:38:38.000,09:38:39.000,1,23457.0000,23457.0000,23457.0000,23457.0000,1625,0.0000,46.3500,-0.6500,46.7500,0.5500,Other,,0,False,False
343,09:38:39.000,09:38:39.000,09:38:39.000,0,23457.0000,23457.0000,23457.0000,23457.0000,975,0.0000,,,,,Other,,0,False,False
344,09:38:42.000,09:38:40.000,09:38:42.000,2,23455.0000,23458.0000,23455.0000,23458.0000,650,1.0000,46.1300,,47.3100,,Other,,0,False,False
345,09:39:00.000,09:38:42.000,09:39:00.000,18,23458.0000,23458.0000,23453.3000,23455.0000,780,-3.0000,45.348245614035087719298245614,-0.781754385964912280701754386,48.089473684210526315789473684,0.779473684210526315789473684,Other,,0,False,False
346,09:39:11.000,09:39:00.000,09:39:11.000,11,23455.0000,23458.0000,23452.2000,23455.0000,650,0.0000,44.735294117647058823529411765,-0.612951496388028895768833849,48.711111111111111111111111111,0.621637426900584795321637427,Other,,0,False,False
347,09:39:21.000,09:39:11.000,09:39:21.000,10,23455.0000,23458.0000,23455.0000,23458.0000,715,3.0000,45.226666666666666666666666667,0.491372549019607843137254902,48.3500,-0.361111111111111111111111111,Other,,0,False,False
348,09:39:34.000,09:39:21.000,09:39:34.000,13,23458.0000,23458.0000,23453.6000,23454.1000,1560,-3.9000,46.4000,1.173333333333333333333333333,47.297674418604651162790697674,-1.052325581395348837209302326,B,B,1,False,False
349,09:39:34.000,09:39:34.000,09:39:34.000,0,23454.1000,23454.1000,23454.1000,23454.1000,910,0.0000,,,,,Other,,0,False,False
350,09:39:43.000,09:39:36.000,09:39:43.000,7,23454.1000,23459.9000,23454.0000,23454.0000,650,-0.1000,47.484615384615384615384615385,,46.042307692307692307692307692,,Other,,0,False,False
351,09:39:56.000,09:39:43.000,09:39:56.000,13,23454.0000,23460.0000,23454.0000,23458.0000,650,4.0000,46.402380952380952380952380952,-1.082234432234432234432234433,47.352631578947368421052631579,1.310323886639676113360323887,A,A,1,False,False
352,09:40:04.000,09:39:56.000,09:40:04.000,8,23458.0000,23459.0000,23456.3000,23459.0000,650,1.0000,46.112962962962962962962962963,-0.289417989417989417989417989,47.8840,0.531368421052631578947368421,A,A,2,True,False
353,09:40:07.000,09:40:04.000,09:40:07.000,3,23459.0000,23459.0000,23456.1000,23459.0000,1105,0.0000,45.0600,-1.052962962962962962962962963,48.7800,0.8960,Other,,0,False,False
354,09:40:09.000,09:40:07.000,09:40:09.000,2,23459.0000,23459.0000,23455.4000,23455.4000,650,-3.6000,44.7000,-0.3600,49.066666666666666666666666667,0.286666666666666666666666667,Other,,0,False,False
355,09:40:17.000,09:40:09.000,09:40:17.000,8,23455.4000,23455.4000,23452.4000,23453.0000,780,-2.4000,45.103846153846153846153846154,0.403846153846153846153846154,48.604166666666666666666666667,-0.462500000000000000000000000,B,B,1,False,False
356,09:40:31.000,09:40:17.000,09:40:31.000,14,23453.0000,23460.0000,23450.2000,23450.8000,650,-2.2000,45.714444444444444444444444444,0.610598290598290598290598290,48.238372093023255813953488372,-0.365794573643410852713178295,B,B,2,False,True
357,09:40:46.000,09:40:31.000,09:40:46.000,15,23450.8000,23456.0000,23450.4000,23456.0000,780,5.2000,45.329166666666666666666666667,-0.385277777777777777777777777,48.385416666666666666666666667,0.147044573643410852713178295,A,A,1,False,False
358,09:40:55.000,09:40:46.000,09:40:55.000,9,23456.0000,23457.0000,23451.4000,23451.4000,715,-4.6000,45.9000,0.570833333333333333333333333,47.406666666666666666666666667,-0.978750000000000000000000000,B,B,1,False,False
359,09:41:05.000,09:40:55.000,09:41:05.000,10,23451.4000,23460.0000,23451.4000,23454.2000,1105,2.8000,46.495454545454545454545454545,0.595454545454545454545454545,46.451515151515151515151515152,-0.955151515151515151515151515,Other,,0,False,False
360,09:41:10.000,09:41:05.000,09:41:10.000,5,23454.2000,23462.0000,23454.2000,23462.0000,910,7.8000,47.7000,1.204545454545454545454545455,45.0000,-1.451515151515151515151515152,Other,,0,False,False
361,09:41:18.000,09:41:10.000,09:41:18.000,8,23462.0000,23465.0000,23460.0000,23465.0000,2275,3.0000,48.307692307692307692307692308,0.607692307692307692307692308,44.203846153846153846153846154,-0.796153846153846153846153846,Other,,0,False,False
362,09:41:18.000,09:41:18.000,09:41:18.000,0,23465.0000,23465.0000,23465.0000,23465.0000,1625,0.0000,,,,,Other,,0,False,False
363,09:41:20.000,09:41:20.000,09:41:20.000,0,23465.0000,23465.0000,23465.0000,23465.0000,975,0.0000,48.6500,,43.7250,,Other,,0,False,False
364,09:41:27.000,09:41:20.000,09:41:27.000,7,23465.0000,23465.0000,23457.3000,23457.4000,715,-7.6000,48.6500,0.0000,43.6700,-0.0550,Other,,0,False,False
365,09:41:28.000,09:41:27.000,09:41:28.000,1,23457.4000,23462.0000,23457.4000,23462.0000,1300,4.6000,47.7250,-0.9250,44.4250,0.7550,A,A,1,False,False
366,09:41:28.000,09:41:28.000,09:41:28.000,0,23462.0000,23462.0000,23462.0000,23462.0000,650,0.0000,,,,,Other,,0,False,False
367,09:41:43.000,09:41:30.000,09:41:43.000,13,23462.0000,23464.9000,23458.0000,23464.9000,650,2.9000,48.089361702127659574468085106,,44.123255813953488372093023256,,Other,,0,False,False
368,09:41:58.000,09:41:43.000,09:41:58.000,15,23464.9000,23464.9000,23458.0000,23462.0000,650,-2.9000,47.995833333333333333333333333,-0.093528368794326241134751773,44.282608695652173913043478261,0.159352881698685540950455005,Other,,0,False,False
369,09:42:06.000,09:41:58.000,09:42:06.000,8,23462.0000,23465.0000,23462.0000,23465.0000,1040,3.0000,48.380769230769230769230769231,0.384935897435897435897435898,43.7080,-0.574608695652173913043478261,Other,,0,False,False
370,09:42:11.000,09:42:06.000,09:42:11.000,5,23465.0000,23465.0000,23464.0000,23465.0000,715,0.0000,49.178571428571428571428571429,0.797802197802197802197802198,42.957142857142857142857142857,-0.750857142857142857142857143,Other,,0,False,False
371,09:42:24.000,09:42:11.000,09:42:24.000,13,23465.0000,23465.0000,23458.0000,23465.0000,910,0.0000,48.5325,-0.646071428571428571428571429,43.4150,0.457857142857142857142857143,Other,,0,False,False
372,09:42:31.000,09:42:24.000,09:42:31.000,7,23465.0000,23465.0000,23458.1000,23458.1000,650,-6.9000,48.115217391304347826086956522,-0.417282608695652173913043478,43.65869565217391304347826087,0.24369565217391304347826087,Other,,0,False,False
373,09:42:39.000,09:42:31.000,09:42:39.000,8,23458.1000,23465.0000,23458.0000,23465.0000,650,6.9000,47.979166666666666666666666667,-0.136050724637681159420289855,43.870833333333333333333333333,0.212137681159420289855072463,A,A,1,False,False
374,09:42:56.000,09:42:39.000,09:42:56.000,17,23465.0000,23467.0000,23458.1000,23467.0000,1040,2.0000,49.172222222222222222222222222,1.193055555555555555555555555,42.601851851851851851851851852,-1.268981481481481481481481481,Other,,0,False,False
375,09:43:03.000,09:42:56.000,09:43:03.000,7,23467.0000,23469.0000,23460.9000,23469.0000,1040,2.0000,49.763157894736842105263157895,0.590935672514619883040935673,41.9000,-0.701851851851851851851851852,Other,,0,False,False
376,09:43:06.000,09:43:03.000,09:43:06.000,3,23469.0000,23469.0000,23465.0000,23469.0000,1495,0.0000,50.6800,0.916842105263157894736842105,41.1900,-0.7100,Other,,0,False,False
377,09:43:06.000,09:43:06.000,09:43:06.000,0,23469.0000,23469.0000,23469.0000,23469.0000,845,0.0000,,,,,Other,,0,False,False
378,09:43:14.000,09:43:08.000,09:43:14.000,6,23469.0000,23469.0000,23465.0000,23467.8000,1170,-1.2000,50.6450,,41.1550,,Other,,0,False,False
379,09:43:16.000,09:43:14.000,09:43:16.000,2,23467.8000,23469.0000,23467.8000,23469.0000,910,1.2000,50.583333333333333333333333333,-0.061666666666666666666666667,41.3250,0.1700,A,A,1,False,False
380,09:43:21.000,09:43:16.000,09:43:21.000,5,23469.0000,23470.0000,23469.0000,23469.0000,845,0.0000,50.58125,-0.002083333333333333333333333,41.264285714285714285714285714,-0.060714285714285714285714286,Other,,0,False,False
381,09:43:27.000,09:43:21.000,09:43:27.000,6,23469.0000,23469.0000,23465.0000,23465.0000,650,-4.0000,49.6900,-0.89125,42.0500,0.785714285714285714285714286,Other,,0,False,False
382,09:43:36.000,09:43:27.000,09:43:36.000,9,23465.0000,23470.0000,23465.0000,23469.0000,1235,4.0000,49.134482758620689655172413793,-0.555517241379310344827586207,42.720689655172413793103448276,0.670689655172413793103448276,A,A,1,False,False
383,09:43:37.000,09:43:36.000,09:43:37.000,1,23469.0000,23470.0000,23469.0000,23470.0000,2535,1.0000,48.4750,-0.659482758620689655172413793,43.4500,0.729310344827586206896551724,A,A,2,True,False
384,09:43:37.000,09:43:37.000,09:43:37.000,0,23470.0000,23470.0000,23470.0000,23470.0000,1885,0.0000,,,,,Other,,0,False,False
385,09:43:39.000,09:43:39.000,09:43:39.000,0,23464.7000,23464.7000,23464.7000,23464.7000,1235,-5.3000,48.0250,,44.2000,,Other,,0,False,False
386,09:43:39.000,09:43:39.000,09:43:39.000,0,23464.7000,23464.7000,23461.3000,23461.3000,3120,-3.4000,,,,,Other,,0,False,False
387,09:43:39.000,09:43:39.000,09:43:39.000,0,23461.3000,23461.3000,23461.3000,23461.3000,2470,0.0000,,,,,Other,,0,False,False
388,09:43:41.000,09:43:41.000,09:43:41.000,0,23460.2000,23460.2000,23460.2000,23460.2000,1820,-1.1000,47.9500,,44.0500,,Other,,0,False,False
389,09:43:41.000,09:43:41.000,09:43:41.000,0,23460.2000,23460.2000,23460.2000,23460.2000,1170,0.0000,,,,,Other,,0,False,False
390,09:43:41.000,09:43:41.000,09:43:41.000,0,23460.2000,23460.2000,23460.2000,23460.2000,2470,0.0000,,,,,Other,,0,False,False
391,09:43:41.000,09:43:41.000,09:43:41.000,0,23460.2000,23460.2000,23460.2000,23460.2000,1820,0.0000,,,,,Other,,0,False,False
392,09:43:42.000,09:43:42.000,09:43:42.000,0,23460.2000,23460.2000,23460.2000,23460.2000,2860,0.0000,47.8000,,44.0500,,Other,,0,False,False
393,09:43:42.000,09:43:42.000,09:43:42.000,0,23460.2000,23460.2000,23460.2000,23460.2000,2210,0.0000,,,,,Other,,0,False,False
394,09:43:44.000,09:43:44.000,09:43:44.000,0,23460.0000,23460.0000,23460.0000,23460.0000,1560,-0.2000,47.7000,,44.1750,,Other,,0,False,False
395,09:43:44.000,09:43:44.000,09:43:44.000,0,23460.0000,23460.0000,23460.0000,23460.0000,910,0.0000,,,,,Other,,0,False,False
396,09:43:44.000,09:43:44.000,09:43:44.000,0,23460.0000,23460.0000,23460.0000,23460.0000,1170,0.0000,,,,,Other,,0,False,False
397,09:43:46.000,09:43:44.000,09:43:46.000,2,23460.0000,23469.9000,23460.0000,23469.9000,780,9.9000,47.7000,,44.133333333333333333333333333,,Other,,0,False,False
398,09:43:56.000,09:43:46.000,09:43:56.000,10,23469.9000,23469.9000,23458.0000,23458.0000,780,-11.9000,47.86875,0.16875,43.896428571428571428571428571,-0.236904761904761904761904762,B,B,1,False,False
399,09:44:04.000,09:43:56.000,09:44:04.000,8,23458.0000,23464.9000,23457.8000,23458.0000,780,0.0000,48.214814814814814814814814815,0.346064814814814814814814815,43.527777777777777777777777778,-0.368650793650793650793650793,Other,,0,False,False
400,09:44:11.000,09:44:04.000,09:44:11.000,7,23458.0000,23464.7000,23457.8000,23464.7000,715,6.7000,47.690909090909090909090909091,-0.523905723905723905723905724,43.886363636363636363636363636,0.358585858585858585858585858,A,A,1,False,False
401,09:44:12.000,09:44:11.000,09:44:12.000,1,23464.7000,23464.7000,23459.4000,23460.0000,3055,-4.7000,47.8000,0.109090909090909090909090909,43.8000,-0.086363636363636363636363636,B,B,1,False,False
402,09:44:12.000,09:44:12.000,09:44:12.000,0,23460.0000,23460.0000,23460.0000,23460.0000,2405,0.0000,,,,,Other,,0,False,False
403,09:44:13.000,09:44:13.000,09:44:13.000,0,23470.0000,23470.0000,23470.0000,23470.0000,1755,10.0000,48.0000,,43.6500,,Other,,0,False,False
404,09:44:13.000,09:44:13.000,09:44:13.000,0,23470.0000,23470.0000,23470.0000,23470.0000,1105,0.0000,,,,,Other,,0,False,False
405,09:44:14.000,09:44:14.000,09:44:14.000,0,23470.0000,23470.0000,23470.0000,23470.0000,4550,0.0000,48.1750,,43.3250,,Other,,0,False,False
406,09:44:14.000,09:44:14.000,09:44:14.000,0,23470.0000,23470.0000,23470.0000,23470.0000,3900,0.0000,,,,,Other,,0,False,False
407,09:44:16.000,09:44:16.000,09:44:16.000,0,23459.9000,23459.9000,23459.9000,23459.9000,7345,-10.1000,48.3500,,43.1250,,Other,,0,False,False
408,09:44:16.000,09:44:16.000,09:44:16.000,0,23459.9000,23459.9000,23459.9000,23459.9000,6695,0.0000,,,,,Other,,0,False,False
409,09:44:17.000,09:44:17.000,09:44:17.000,0,23459.9000,23459.9000,23459.9000,23459.9000,9945,0.0000,48.4000,,43.1500,,Other,,0,False,False
410,09:44:17.000,09:44:17.000,09:44:17.000,0,23459.9000,23459.9000,23459.9000,23459.9000,9295,0.0000,,,,,Other,,0,False,False
411,09:44:18.000,09:44:18.000,09:44:18.000,0,23459.7000,23459.7000,23459.7000,23459.7000,8645,-0.2000,48.6000,,43.0000,,Other,,0,False,False
412,09:44:18.000,09:44:18.000,09:44:18.000,0,23459.7000,23459.7000,23459.7000,23459.7000,7995,0.0000,,,,,Other,,0,False,False
413,09:44:19.000,09:44:19.000,09:44:19.000,0,23459.7000,23459.7000,23459.7000,23459.7000,10010,0.0000,48.7000,,42.9000,,Other,,0,False,False
414,09:44:19.000,09:44:19.000,09:44:19.000,0,23459.7000,23459.7000,23459.7000,23459.7000,9360,0.0000,,,,,Other,,0,False,False
415,09:44:21.000,09:44:21.000,09:44:21.000,0,23459.7000,23459.7000,23459.7000,23459.7000,8710,0.0000,,,43.4250,,Other,,0,False,False
416,09:44:21.000,09:44:21.000,09:44:21.000,0,23459.7000,23459.7000,23459.7000,23459.7000,8060,0.0000,,,,,Other,,0,False,False
417,09:44:22.000,09:44:22.000,09:44:22.000,0,23458.5000,23458.5000,23458.5000,23458.5000,7410,-1.2000,47.9500,,43.4250,,Other,,0,False,False
418,09:44:22.000,09:44:22.000,09:44:22.000,0,23458.5000,23458.5000,23458.5000,23458.5000,6760,0.0000,,,,,Other,,0,False,False
419,09:44:22.000,09:44:22.000,09:44:22.000,0,23458.5000,23458.5000,23458.5000,23458.5000,6175,0.0000,,,,,Other,,0,False,False
420,09:44:22.000,09:44:22.000,09:44:22.000,0,23458.5000,23458.5000,23458.5000,23458.5000,5525,0.0000,,,,,Other,,0,False,False
421,09:44:24.000,09:44:24.000,09:44:24.000,0,23469.0000,23469.0000,23469.0000,23469.0000,4940,10.5000,48.2500,,43.1000,,Other,,0,False,False
422,09:44:24.000,09:44:24.000,09:44:24.000,0,23469.0000,23469.0000,23469.0000,23469.0000,4290,0.0000,,,,,Other,,0,False,False
423,09:44:26.000,09:44:26.000,09:44:26.000,0,23469.0000,23469.0000,23469.0000,23469.0000,3835,0.0000,48.4000,,43.0500,,Other,,0,False,False
424,09:44:26.000,09:44:26.000,09:44:26.000,0,23469.0000,23469.0000,23469.0000,23469.0000,3185,0.0000,,,,,Other,,0,False,False
425,09:44:27.000,09:44:27.000,09:44:27.000,0,23459.0000,23459.0000,23459.0000,23459.0000,2535,-10.0000,48.3000,,42.9750,,Other,,0,False,False
426,09:44:27.000,09:44:27.000,09:44:27.000,0,23459.0000,23459.0000,23459.0000,23459.0000,1885,0.0000,,,,,Other,,0,False,False
427,09:44:27.000,09:44:27.000,09:44:27.000,0,23459.0000,23459.0000,23459.0000,23459.0000,1300,0.0000,,,,,Other,,0,False,False
428,09:44:27.000,09:44:27.000,09:44:27.000,0,23459.0000,23459.0000,23459.0000,23459.0000,650,0.0000,,,,,Other,,0,False,False
429,09:44:31.000,09:44:28.000,09:44:31.000,3,23459.4000,23470.0000,23459.4000,23469.0000,1040,10.0000,48.038461538461538461538461538,,43.176923076923076923076923077,,Other,,0,False,False
430,09:44:34.000,09:44:31.000,09:44:34.000,3,23469.0000,23470.0000,23460.1000,23463.0000,780,-6.0000,47.0800,-0.958461538461538461538461538,44.1900,1.013076923076923076923076923,Other,,0,False,False
431,09:44:46.000,09:44:34.000,09:44:46.000,12,23463.0000,23463.0000,23458.7000,23459.9000,650,-3.1000,47.189473684210526315789473684,0.109473684210526315789473684,44.010526315789473684210526316,-0.179473684210526315789473684,B,B,1,False,False
432,09:45:01.000,09:44:46.000,09:45:01.000,15,23459.9000,23469.9000,23459.9000,23469.9000,650,10.0000,48.326530612244897959183673469,1.137056928034371643394199785,42.957142857142857142857142857,-1.053383458646616541353383459,Other,,0,False,False
433,09:45:12.000,09:45:01.000,09:45:12.000,11,23469.9000,23469.9000,23460.7000,23469.9000,715,0.0000,50.377777777777777777777777778,2.051247165532879818594104309,40.911111111111111111111111111,-2.046031746031746031746031746,Other,,0,False,False
434,09:45:19.000,09:45:12.000,09:45:19.000,7,23469.9000,23469.9000,23461.4000,23461.4000,845,-8.5000,50.090909090909090909090909091,-0.286868686868686868686868687,41.390909090909090909090909091,0.479797979797979797979797980,Other,,0,False,False
435,09:45:25.000,09:45:19.000,09:45:25.000,6,23461.4000,23469.9000,23460.8000,23460.8000,715,-0.6000,49.2250,-0.865909090909090909090909091,42.6000,1.209090909090909090909090909,Other,,0,False,False
436,09:45:29.000,09:45:25.000,09:45:29.000,4,23460.8000,23467.0000,23460.8000,23467.0000,780,6.2000,48.766666666666666666666666667,-0.458333333333333333333333333,43.091666666666666666666666667,0.491666666666666666666666667,A,A,1,False,False
437,09:45:44.000,09:45:29.000,09:45:44.000,15,23467.0000,23467.0000,23460.1000,23467.0000,650,0.0000,48.228723404255319148936170213,-0.537943262411347517730496454,43.445918367346938775510204082,0.354251700680272108843537415,Other,,0,False,False
438,09:45:54.000,09:45:44.000,09:45:54.000,10,23467.0000,23467.0000,23460.0000,23460.0000,1690,-7.0000,48.0875,-0.141223404255319148936170213,43.6500,0.204081632653061224489795918,Other,,0,False,False
439,09:45:54.000,09:45:54.000,09:45:54.000,0,23460.0000,23460.0000,23460.0000,23460.0000,1040,0.0000,,,,,Other,,0,False,False
440,09:45:55.000,09:45:54.000,09:45:55.000,1,23464.3000,23464.3000,23464.3000,23464.3000,650,4.3000,47.9500,,44.0000,,Other,,0,False,False
441,09:46:10.000,09:45:55.000,09:46:10.000,15,23464.3000,23467.0000,23464.3000,23465.0000,715,0.7000,48.10102040816326530612244898,0.15102040816326530612244898,43.508510638297872340425531915,-0.491489361702127659574468085,Other,,0,False,False
442,09:46:15.000,09:46:10.000,09:46:15.000,5,23465.0000,23467.0000,23465.0000,23467.0000,650,2.0000,47.9750,-0.12602040816326530612244898,43.23125,-0.277260638297872340425531915,Other,,0,False,False
443,09:46:22.000,09:46:15.000,09:46:22.000,7,23467.0000,23467.0000,23464.5000,23467.0000,1950,0.0000,47.863636363636363636363636364,-0.111363636363636363636363636,43.4000,0.16875,Other,,0,False,False
444,09:46:22.000,09:46:22.000,09:46:22.000,0,23467.0000,23467.0000,23467.0000,23467.0000,1300,0.0000,,,,,Other,,0,False,False
445,09:46:23.000,09:46:23.000,09:46:23.000,0,23465.6000,23465.6000,23465.6000,23465.6000,650,-1.4000,48.8500,,42.6250,,Other,,0,False,False
446,09:46:25.000,09:46:23.000,09:46:25.000,2,23465.6000,23467.0000,23464.9000,23464.9000,780,-0.7000,48.616666666666666666666666667,-0.233333333333333333333333333,42.8500,0.2250,Other,,0,False,False
447,09:46:27.000,09:46:25.000,09:46:27.000,2,23464.9000,23464.9000,23460.0000,23464.6000,910,-0.3000,48.5250,-0.091666666666666666666666667,43.166666666666666666666666667,0.316666666666666666666666667,Other,,0,False,False
448,09:46:33.000,09:46:27.000,09:46:33.000,6,23464.6000,23470.0000,23463.2000,23470.0000,2145,5.4000,48.372222222222222222222222222,-0.152777777777777777777777778,43.128947368421052631578947368,-0.037719298245614035087719299,Other,,0,False,False
449,09:46:33.000,09:46:33.000,09:46:33.000,0,23470.0000,23470.0000,23470.0000,23470.0000,1495,0.0000,,,,,Other,,0,False,False
450,09:46:34.000,09:46:34.000,09:46:34.000,0,23464.8000,23464.8000,23464.8000,23464.8000,845,-5.2000,49.0000,,42.7500,,Other,,0,False,False
451,09:46:35.000,09:46:34.000,09:46:35.000,1,23464.8000,23470.0000,23464.8000,23470.0000,650,5.2000,49.0000,0.0000,42.5500,-0.2000,Other,,0,False,False
452,09:46:38.000,09:46:35.000,09:46:38.000,3,23470.0000,23470.0000,23464.5000,23470.0000,715,0.0000,48.6375,-0.3625,42.8250,0.2750,Other,,0,False,False
453,09:46:42.000,09:46:38.000,09:46:42.000,4,23470.0000,23472.5000,23464.5000,23472.5000,4030,2.5000,48.6750,0.0375,42.9300,0.1050,Other,,0,False,False
454,09:46:42.000,09:46:42.000,09:46:42.000,0,23472.5000,23472.5000,23472.5000,23472.5000,3380,0.0000,,,,,Other,,0,False,False
455,09:46:42.000,09:46:42.000,09:46:42.000,0,23460.1000,23460.1000,23460.1000,23460.1000,2730,-12.4000,,,,,Other,,0,False,False
456,09:46:42.000,09:46:42.000,09:46:42.000,0,23460.1000,23460.1000,23460.1000,23460.1000,2080,0.0000,,,,,Other,,0,False,False
457,09:46:43.000,09:46:43.000,09:46:43.000,0,23470.0000,23470.0000,23470.0000,23470.0000,2080,9.9000,48.6750,,42.7500,,Other,,0,False,False
458,09:46:43.000,09:46:43.000,09:46:43.000,0,23470.0000,23470.0000,23470.0000,23470.0000,1430,0.0000,,,,,Other,,0,False,False
459,09:46:44.000,09:46:44.000,09:46:44.000,0,23465.0000,23465.0000,23465.0000,23465.0000,780,-5.0000,48.8500,,42.3000,,Other,,0,False,False
460,09:46:45.000,09:46:44.000,09:46:45.000,1,23465.0000,23465.3000,23465.0000,23465.2000,975,0.2000,48.7500,-0.1000,42.4500,0.1500,A,A,1,False,False
461,09:46:47.000,09:46:45.000,09:46:47.000,2,23465.2000,23470.0000,23465.2000,23465.4000,910,0.2000,48.8500,0.1000,42.583333333333333333333333333,0.133333333333333333333333333,Other,,0,False,False
462,09:46:48.000,09:46:47.000,09:46:48.000,1,23465.4000,23470.0000,23465.4000,23470.0000,715,4.6000,48.8250,-0.0250,42.7000,0.116666666666666666666666667,A,A,1,False,False
463,09:46:50.000,09:46:48.000,09:46:50.000,2,23470.0000,23470.0000,23467.5000,23467.5000,2145,-2.5000,49.0000,0.1750,42.516666666666666666666666667,-0.183333333333333333333333333,B,B,1,False,False
464,09:46:50.000,09:46:50.000,09:46:50.000,0,23467.5000,23467.5000,23467.5000,23467.5000,1495,0.0000,,,,,Other,,0,False,False
465,09:46:52.000,09:46:52.000,09:46:52.000,0,23465.4000,23465.4000,23465.4000,23465.4000,1820,-2.1000,48.9750,,42.4750,,Other,,0,False,False
466,09:46:52.000,09:46:52.000,09:46:52.000,0,23465.4000,23465.4000,23465.4000,23465.4000,1170,0.0000,,,,,Other,,0,False,False
467,09:46:53.000,09:46:53.000,09:46:53.000,0,23472.9000,23472.9000,23472.9000,23472.9000,715,7.5000,49.0250,,42.4500,,Other,,0,False,False
468,09:47:03.000,09:46:53.000,09:47:03.000,10,23472.9000,23473.0000,23465.0000,23465.0000,715,-7.9000,49.177419354838709677419354839,0.152419354838709677419354839,42.210606060606060606060606061,-0.239393939393939393939393939,B,B,1,False,False
469,09:47:10.000,09:47:03.000,09:47:10.000,7,23465.0000,23473.0000,23465.0000,23473.0000,715,8.0000,49.631818181818181818181818182,0.454398826979472140762463343,41.390909090909090909090909091,-0.819696969696969696969696970,Other,,0,False,False
470,09:47:18.000,09:47:10.000,09:47:18.000,8,23473.0000,23473.0000,23465.0000,23472.9000,715,-0.1000,49.938461538461538461538461538,0.306643356643356643356643356,41.216666666666666666666666667,-0.174242424242424242424242424,B,B,1,False,False
471,09:47:23.000,09:47:18.000,09:47:23.000,5,23472.9000,23472.9000,23469.9000,23469.9000,845,-3.0000,49.2750,-0.663461538461538461538461538,42.06875,0.852083333333333333333333333,Other,,0,False,False
472,09:47:25.000,09:47:23.000,09:47:25.000,2,23469.9000,23473.6000,23465.0000,23465.0000,845,-4.9000,49.333333333333333333333333333,0.058333333333333333333333333,42.116666666666666666666666667,0.047916666666666666666666667,Other,,0,False,False
473,09:47:27.000,09:47:25.000,09:47:27.000,2,23465.0000,23475.0000,23465.0000,23475.0000,3705,10.0000,49.5000,0.166666666666666666666666667,41.966666666666666666666666667,-0.150000000000000000000000000,Other,,0,False,False
474,09:47:27.000,09:47:27.000,09:47:27.000,0,23475.0000,23475.0000,23475.0000,23475.0000,3055,0.0000,,,,,Other,,0,False,False
475,09:47:27.000,09:47:27.000,09:47:27.000,0,23464.9000,23464.9000,23464.9000,23464.9000,2405,-10.1000,,,,,Other,,0,False,False
476,09:47:27.000,09:47:27.000,09:47:27.000,0,23464.9000,23464.9000,23464.9000,23464.9000,1755,0.0000,,,,,Other,,0,False,False
477,09:47:28.000,09:47:28.000,09:47:28.000,0,23464.9000,23464.9000,23464.9000,23464.9000,1105,0.0000,49.4000,,42.0750,,Other,,0,False,False
478,09:47:28.000,09:47:28.000,09:47:28.000,0,23464.9000,23464.9000,23464.9000,23464.9000,1560,0.0000,,,,,Other,,0,False,False
479,09:47:28.000,09:47:28.000,09:47:28.000,0,23464.9000,23464.9000,23464.9000,23464.9000,910,0.0000,,,,,Other,,0,False,False
480,09:47:38.000,09:47:29.000,09:47:38.000,9,23474.0000,23475.0000,23463.4000,23463.4000,2405,-1.5000,49.578787878787878787878787879,,41.825862068965517241379310345,,Other,,0,False,False
481,09:47:38.000,09:47:38.000,09:47:38.000,0,23463.4000,23463.4000,23463.4000,23463.4000,1755,0.0000,,,,,Other,,0,False,False
482,09:47:40.000,09:47:40.000,09:47:40.000,0,23463.4000,23463.4000,23463.4000,23463.4000,1170,0.0000,49.6750,,41.8750,,Other,,0,False,False
483,09:47:42.000,09:47:40.000,09:47:42.000,2,23463.4000,23463.4000,23463.4000,23463.4000,715,0.0000,48.966666666666666666666666667,-0.708333333333333333333333333,42.583333333333333333333333333,0.708333333333333333333333333,Other,,0,False,False
484,09:47:47.000,09:47:42.000,09:47:47.000,5,23463.4000,23473.8000,23463.4000,23464.1000,1365,0.7000,48.79375,-0.172916666666666666666666667,42.63125,0.047916666666666666666666667,A,A,1,False,False
485,09:47:47.000,09:47:47.000,09:47:47.000,0,23464.1000,23464.1000,23464.1000,23464.1000,715,0.0000,,,,,Other,,0,False,False
486,09:47:58.000,09:47:48.000,09:47:58.000,10,23473.0000,23473.0000,23464.3000,23473.0000,1170,8.9000,49.305555555555555555555555556,,42.0000,,Other,,0,False,False
487,09:48:02.000,09:47:58.000,09:48:02.000,4,23473.0000,23473.0000,23473.0000,23473.0000,780,0.0000,49.359090909090909090909090909,0.053535353535353535353535353,41.831818181818181818181818182,-0.168181818181818181818181818,Other,,0,False,False
488,09:48:10.000,09:48:02.000,09:48:10.000,8,23473.0000,23473.0000,23469.7000,23469.7000,650,-3.3000,50.034615384615384615384615385,0.675524475524475524475524476,41.095833333333333333333333333,-0.735984848484848484848484849,B,B,1,False,False
489,09:48:18.000,09:48:10.000,09:48:18.000,8,23469.7000,23473.0000,23469.7000,23472.9000,650,3.2000,51.253846153846153846153846154,1.219230769230769230769230769,39.865384615384615384615384615,-1.230448717948717948717948718,Other,,0,False,False
490,09:48:30.000,09:48:18.000,09:48:30.000,12,23472.9000,23472.9000,23464.7000,23464.7000,715,-8.2000,50.209459459459459459459459459,-1.044386694386694386694386695,40.755128205128205128205128205,0.889743589743589743589743590,Other,,0,False,False
491,09:48:41.000,09:48:30.000,09:48:41.000,11,23464.7000,23472.9000,23464.7000,23468.9000,650,4.2000,49.158823529411764705882352941,-1.050635930047694753577106518,41.797222222222222222222222222,1.042094017094017094017094017,A,A,1,False,False
492,09:48:51.000,09:48:41.000,09:48:51.000,10,23468.9000,23472.9000,23465.7000,23472.9000,1040,4.0000,48.04375,-1.115073529411764705882352941,42.821428571428571428571428571,1.024206349206349206349206349,A,A,2,True,False
493,09:48:53.000,09:48:51.000,09:48:53.000,2,23472.9000,23473.0000,23472.9000,23472.9000,845,0.0000,48.0000,-0.04375,42.933333333333333333333333333,0.111904761904761904761904762,Other,,0,False,False
494,09:48:55.000,09:48:53.000,09:48:55.000,2,23472.9000,23473.0000,23472.9000,23473.0000,1365,0.1000,47.516666666666666666666666667,-0.483333333333333333333333333,43.4500,0.516666666666666666666666667,A,A,1,False,False
495,09:48:55.000,09:48:55.000,09:48:55.000,0,23473.0000,23473.0000,23473.0000,23473.0000,715,0.0000,,,,,Other,,0,False,False
496,09:49:00.000,09:48:57.000,09:49:00.000,3,23473.0000,23473.0000,23463.0000,23472.4000,1235,-0.6000,46.853333333333333333333333333,,43.756666666666666666666666667,,Other,,0,False,False
497,09:49:02.000,09:49:00.000,09:49:02.000,2,23472.4000,23472.4000,23472.2000,23472.2000,780,-0.2000,46.816666666666666666666666667,-0.036666666666666666666666666,43.8000,0.043333333333333333333333333,Other,,0,False,False
498,09:49:12.000,09:49:02.000,09:49:12.000,10,23472.2000,23472.2000,23463.0000,23463.5000,1495,-8.7000,46.139285714285714285714285714,-0.677380952380952380952380953,44.346666666666666666666666667,0.546666666666666666666666667,Other,,0,False,False
499,09:49:12.000,09:49:12.000,09:49:12.000,0,23463.5000,23463.5000,23463.5000,23463.5000,845,0.0000,,,,,Other,,0,False,False
500,09:49:15.000,09:49:12.000,09:49:15.000,3,23470.5000,23470.5000,23463.0000,23467.0000,715,3.5000,46.2300,,44.2600,,Other,,0,False,False
501,09:49:17.000,09:49:15.000,09:49:17.000,2,23467.0000,23467.0000,23463.8000,23463.8000,910,-3.2000,46.183333333333333333333333333,-0.046666666666666666666666667,44.183333333333333333333333333,-0.076666666666666666666666667,Other,,0,False,False
502,09:49:18.000,09:49:17.000,09:49:18.000,1,23463.8000,23463.8000,23463.0000,23463.0000,780,-0.8000,46.0750,-0.108333333333333333333333333,44.1750,-0.008333333333333333333333333,Other,,0,False,False
503,09:49:27.000,09:49:18.000,09:49:27.000,9,23463.0000,23471.0000,23463.0000,23471.0000,845,8.0000,46.846428571428571428571428571,0.771428571428571428571428571,43.478571428571428571428571429,-0.696428571428571428571428571,Other,,0,False,False
504,09:49:35.000,09:49:27.000,09:49:35.000,8,23471.0000,23471.0000,23463.0000,23465.2000,2860,-5.8000,46.4020,-0.444428571428571428571428571,43.951851851851851851851851852,0.473280423280423280423280423,Other,,0,False,False
505,09:49:35.000,09:49:35.000,09:49:35.000,0,23465.2000,23465.2000,23465.2000,23465.2000,2210,0.0000,,,,,Other,,0,False,False
506,09:49:35.000,09:49:35.000,09:49:35.000,0,23464.6000,23464.6000,23464.6000,23464.6000,1560,-0.6000,,,,,Other,,0,False,False
507,09:49:35.000,09:49:35.000,09:49:35.000,0,23464.6000,23464.6000,23464.6000,23464.6000,910,0.0000,,,,,Other,,0,False,False
508,09:49:36.000,09:49:36.000,09:49:36.000,0,23467.1000,23467.1000,23463.8000,23463.8000,1495,-0.8000,46.0750,,44.2000,,Other,,0,False,False
509,09:49:36.000,09:49:36.000,09:49:36.000,0,23463.8000,23463.8000,23463.8000,23463.8000,845,0.0000,,,,,Other,,0,False,False
510,09:49:38.000,09:49:37.000,09:49:38.000,1,23464.2000,23464.2000,23464.0000,23464.0000,845,0.2000,46.1000,,44.283333333333333333333333333,,Other,,0,False,False
511,09:49:40.000,09:49:38.000,09:49:40.000,2,23464.0000,23464.0000,23463.5000,23464.0000,910,0.0000,46.116666666666666666666666667,0.016666666666666666666666667,44.2000,-0.083333333333333333333333333,Other,,0,False,False
512,09:49:46.000,09:49:40.000,09:49:46.000,6,23464.0000,23470.7000,23463.6000,23463.6000,650,-0.4000,46.8625,0.745833333333333333333333333,43.666666666666666666666666667,-0.533333333333333333333333333,B,B,1,False,False
513,09:50:01.000,09:49:46.000,09:50:01.000,15,23463.6000,23469.0000,23463.0000,23464.8000,975,1.2000,46.921276595744680851063829787,0.058776595744680851063829787,43.7700,0.103333333333333333333333333,Other,,0,False,False
514,09:50:14.000,09:50:01.000,09:50:14.000,13,23464.8000,23469.0000,23463.1000,23466.0000,845,1.2000,48.223809523809523809523809524,1.302532928064842958459979737,42.571428571428571428571428571,-1.198571428571428571428571429,Other,,0,False,False
515,09:50:24.000,09:50:14.000,09:50:24.000,10,23466.0000,23468.0000,23463.1000,23463.1000,715,-2.9000,48.6875,0.463690476190476190476190476,42.009375,-0.562053571428571428571428571,B,B,1,False,False
516,09:50:28.000,09:50:24.000,09:50:28.000,4,23463.1000,23469.0000,23463.1000,23469.0000,910,5.9000,49.416666666666666666666666667,0.729166666666666666666666667,41.266666666666666666666666667,-0.742708333333333333333333333,Other,,0,False,False
517,09:50:33.000,09:50:28.000,09:50:33.000,5,23469.0000,23470.0000,23468.0000,23468.0000,1365,-1.0000,49.0000,-0.416666666666666666666666667,41.655882352941176470588235294,0.389215686274509803921568627,Other,,0,False,False
518,09:50:33.000,09:50:33.000,09:50:33.000,0,23468.0000,23468.0000,23468.0000,23468.0000,715,0.0000,,,,,Other,,0,False,False
519,09:50:46.000,09:50:34.000,09:50:46.000,12,23468.0000,23468.0000,23463.0000,23468.0000,780,0.0000,49.123809523809523809523809524,,41.683333333333333333333333333,,Other,,0,False,False
520,09:50:59.000,09:50:46.000,09:50:59.000,13,23468.0000,23468.0000,23462.0000,23468.0000,650,0.0000,49.526190476190476190476190476,0.402380952380952380952380952,41.223809523809523809523809524,-0.459523809523809523809523809,Other,,0,False,False
521,09:51:11.000,09:50:59.000,09:51:11.000,12,23468.0000,23472.0000,23466.1000,23472.0000,715,4.0000,49.067567567567567567567567568,-0.458622908622908622908622908,41.529487179487179487179487179,0.305677655677655677655677655,A,A,1,False,False
522,09:51:30.000,09:51:11.000,09:51:30.000,19,23472.0000,23472.0000,23460.7000,23471.6000,650,-0.4000,47.621052631578947368421052632,-1.446514935988620199146514936,42.872033898305084745762711864,1.342546718817905258583224685,Other,,0,False,False
523,09:51:37.000,09:51:30.000,09:51:37.000,7,23471.6000,23471.9000,23464.5000,23464.5000,780,-7.1000,46.736363636363636363636363636,-0.884688995215311004784688996,43.445454545454545454545454545,0.573420647149460708782742681,Other,,0,False,False
524,09:51:40.000,09:51:37.000,09:51:40.000,3,23464.5000,23470.9000,23464.4000,23464.4000,715,-0.1000,46.3300,-0.406363636363636363636363636,43.6900,0.244545454545454545454545455,Other,,0,False,False
525,09:51:47.000,09:51:40.000,09:51:47.000,7,23464.4000,23464.5000,23460.7000,23460.7000,650,-3.7000,46.263636363636363636363636364,-0.066363636363636363636363636,43.640909090909090909090909091,-0.049090909090909090909090909,Other,,0,False,False
526,09:51:53.000,09:51:47.000,09:51:53.000,6,23460.7000,23470.7000,23460.7000,23460.7000,650,0.0000,46.577777777777777777777777778,0.314141414141414141414141414,43.5750,-0.065909090909090909090909091,Other,,0,False,False
527,09:52:01.000,09:51:53.000,09:52:01.000,8,23460.7000,23464.3000,23460.7000,23463.0000,1170,2.3000,44.964814814814814814814814815,-1.612962962962962962962962963,44.574074074074074074074074074,0.999074074074074074074074074,A,A,1,False,False
528,09:52:03.000,09:52:01.000,09:52:03.000,2,23463.0000,23463.0000,23462.0000,23462.0000,650,-1.0000,44.466666666666666666666666667,-0.498148148148148148148148148,44.9000,0.325925925925925925925925926,Other,,0,False,False
529,09:52:14.000,09:52:03.000,09:52:14.000,11,23462.0000,23468.4000,23456.3000,23456.3000,1625,-5.7000,45.4000,0.933333333333333333333333333,44.166666666666666666666666667,-0.733333333333333333333333333,B,B,1,False,False
530,09:52:14.000,09:52:14.000,09:52:14.000,0,23456.3000,23456.3000,23456.3000,23456.3000,975,0.0000,,,,,Other,,0,False,False
531,09:52:19.000,09:52:16.000,09:52:19.000,3,23456.3000,23459.2000,23456.3000,23459.2000,715,2.9000,46.042857142857142857142857143,,43.264285714285714285714285714,,Other,,0,False,False
532,09:52:41.000,09:52:19.000,09:52:41.000,22,23459.2000,23468.9000,23459.2000,23468.8000,650,9.6000,46.298507462686567164179104478,0.255650319829424307036247335,42.986619718309859154929577465,-0.277665995975855130784708249,Other,,0,False,False
533,09:53:01.000,09:52:41.000,09:53:01.000,20,23468.8000,23468.9000,23460.0000,23468.0000,650,-0.8000,46.977049180327868852459016393,0.678541717641301688279911915,42.066393442622950819672131148,-0.920226275686908335257446317,B,B,1,False,False
534,09:53:31.000,09:53:01.000,09:53:31.000,30,23468.0000,23468.0000,23459.4000,23467.0000,715,-1.0000,47.505913978494623655913978495,0.528864798166754803454962102,41.565730337078651685393258427,-0.500663105544299134278872721,B,B,2,False,True
535,09:53:32.000,09:53:31.000,09:53:32.000,1,23467.0000,23467.9000,23467.0000,23467.9000,2860,0.9000,47.4750,-0.030913978494623655913978495,41.6750,0.109269662921348314606741573,A,A,1,False,False
536,09:53:32.000,09:53:32.000,09:53:32.000,0,23467.9000,23467.9000,23467.9000,23467.9000,2210,0.0000,,,,,Other,,0,False,False
537,09:53:34.000,09:53:34.000,09:53:34.000,0,23468.0000,23468.0000,23468.0000,23468.0000,3185,0.1000,47.6750,,41.5000,,Other,,0,False,False
538,09:53:34.000,09:53:34.000,09:53:34.000,0,23468.0000,23468.0000,23468.0000,23468.0000,2535,0.0000,,,,,Other,,0,False,False
539,09:53:35.000,09:53:35.000,09:53:35.000,0,23467.9000,23467.9000,23467.9000,23467.9000,1885,-0.1000,47.7500,,41.6000,,Other,,0,False,False
540,09:53:35.000,09:53:35.000,09:53:35.000,0,23467.9000,23467.9000,23467.9000,23467.9000,1235,0.0000,,,,,Other,,0,False,False
541,09:53:36.000,09:53:36.000,09:53:36.000,0,23463.1000,23463.1000,23463.1000,23463.1000,1560,-4.8000,47.7750,,41.6000,,Other,,0,False,False
542,09:53:36.000,09:53:36.000,09:53:36.000,0,23463.1000,23463.1000,23463.1000,23463.1000,910,0.0000,,,,,Other,,0,False,False
543,09:53:41.000,09:53:37.000,09:53:41.000,4,23468.9000,23468.9000,23464.3000,23464.3000,780,1.2000,47.807142857142857142857142857,,41.6000,,Other,,0,False,False
544,09:53:46.000,09:53:41.000,09:53:46.000,5,23464.3000,23465.2000,23464.2000,23464.3000,1235,0.0000,47.73125,-0.075892857142857142857142857,41.74375,0.14375,Other,,0,False,False
545,09:53:47.000,09:53:46.000,09:53:47.000,1,23464.3000,23464.4000,23464.2000,23464.4000,1170,0.1000,47.7250,-0.00625,41.8250,0.08125,A,A,1,False,False
546,09:53:49.000,09:53:47.000,09:53:49.000,2,23464.4000,23464.6000,23464.4000,23464.6000,1040,0.2000,47.833333333333333333333333333,0.108333333333333333333333333,41.5500,-0.2750,Other,,0,False,False
547,09:53:52.000,09:53:49.000,09:53:52.000,3,23464.6000,23468.1000,23464.6000,23468.1000,650,3.5000,48.1100,0.276666666666666666666666667,41.3100,-0.2400,Other,,0,False,False
548,09:54:03.000,09:53:52.000,09:54:03.000,11,23468.1000,23468.1000,23464.0000,23464.5000,715,-3.6000,47.988571428571428571428571429,-0.121428571428571428571428571,41.384285714285714285714285714,0.074285714285714285714285714,Other,,0,False,False
549,09:54:13.000,09:54:03.000,09:54:13.000,10,23464.5000,23467.9000,23460.1000,23460.1000,650,-4.4000,48.4000,0.411428571428571428571428571,41.121875,-0.262410714285714285714285714,B,B,1,False,False
550,09:54:16.000,09:54:13.000,09:54:16.000,3,23460.1000,23464.8000,23460.1000,23464.8000,1300,4.7000,49.1875,0.7875,40.4200,-0.701875,Other,,0,False,False
551,09:54:16.000,09:54:16.000,09:54:16.000,0,23464.8000,23464.8000,23464.8000,23464.8000,650,0.0000,,,,,Other,,0,False,False
552,09:54:45.000,09:54:18.000,09:54:45.000,27,23464.8000,23468.0000,23460.2000,23468.0000,715,3.2000,48.158791208791208791208791209,,41.43089887640449438202247191,,Other,,0,False,False
553,09:54:59.000,09:54:45.000,09:54:59.000,14,23468.0000,23468.0000,23462.7000,23465.5000,650,-2.5000,47.795238095238095238095238095,-0.363553113553113553113553114,42.006818181818181818181818182,0.575919305413687436159346272,Other,,0,False,False
554,09:55:02.000,09:54:59.000,09:55:02.000,3,23465.5000,23465.7000,23460.0000,23465.7000,910,0.2000,48.0500,0.254761904761904761904761905,41.609090909090909090909090909,-0.397727272727272727272727273,Other,,0,False,False
555,09:55:10.000,09:55:02.000,09:55:10.000,8,23465.7000,23468.0000,23459.3000,23459.3000,975,-6.4000,47.296153846153846153846153846,-0.753846153846153846153846154,42.380769230769230769230769231,0.771678321678321678321678322,Other,,0,False,False
556,09:55:12.000,09:55:10.000,09:55:12.000,2,23459.3000,23461.9000,23459.3000,23461.9000,910,2.6000,45.783333333333333333333333333,-1.512820512820512820512820513,43.816666666666666666666666667,1.435897435897435897435897436,A,A,1,False,False
557,09:55:19.000,09:55:12.000,09:55:19.000,7,23461.9000,23465.0000,23457.3000,23457.3000,715,-4.6000,46.4000,0.616666666666666666666666667,43.1750,-0.641666666666666666666666667,B,B,1,False,False
558,09:55:29.000,09:55:19.000,09:55:29.000,10,23457.3000,23467.5000,23457.1000,23467.5000,845,10.2000,46.346875,-0.053125,43.11875,-0.05625,Other,,0,False,False
559,09:55:30.000,09:55:29.000,09:55:30.000,1,23467.5000,23468.0000,23456.7000,23456.7000,715,-10.8000,45.7200,-0.626875,43.5700,0.45125,Other,,0,False,False
560,09:55:34.000,09:55:30.000,09:55:34.000,4,23456.7000,23462.0000,23456.7000,23462.0000,780,5.3000,45.341666666666666666666666667,-0.378333333333333333333333333,43.883333333333333333333333333,0.313333333333333333333333333,A,A,1,False,False
561,09:55:35.000,09:55:34.000,09:55:35.000,1,23462.0000,23467.5000,23457.3000,23457.3000,715,-4.7000,45.4250,0.083333333333333333333333333,43.7250,-0.158333333333333333333333333,B,B,1,False,False
562,09:55:50.000,09:55:35.000,09:55:50.000,15,23457.3000,23465.0000,23457.1000,23457.1000,650,-0.2000,45.293478260869565217391304348,-0.131521739130434782608695652,43.839583333333333333333333333,0.114583333333333333333333333,Other,,0,False,False
563,09:56:08.000,09:55:50.000,09:56:08.000,18,23457.1000,23466.0000,23455.3000,23466.0000,910,8.9000,45.951754385964912280701754386,0.658276125095347063310450038,43.183636363636363636363636364,-0.655946969696969696969696969,Other,,0,False,False
564,09:56:10.000,09:56:08.000,09:56:10.000,2,23466.0000,23466.0000,23456.1000,23456.1000,1170,-9.9000,46.3750,0.423245614035087719298245614,42.833333333333333333333333333,-0.350303030303030303030303031,B,B,1,False,False
565,09:56:12.000,09:56:10.000,09:56:12.000,2,23456.1000,23456.3000,23456.1000,23456.3000,650,0.2000,46.5250,0.1500,42.4500,-0.383333333333333333333333333,Other,,0,False,False
566,09:56:28.000,09:56:12.000,09:56:28.000,16,23456.3000,23465.0000,23456.3000,23456.6000,650,0.3000,47.0720,0.5470,42.1000,-0.3500,Other,,0,False,False
567,09:56:54.000,09:56:28.000,09:56:54.000,26,23456.6000,23464.9000,23456.6000,23464.9000,650,8.3000,47.58961038961038961038961039,0.51761038961038961038961039,41.412987012987012987012987013,-0.687012987012987012987012987,Other,,0,False,False
568,09:57:04.000,09:56:54.000,09:57:04.000,10,23464.9000,23465.0000,23457.1000,23457.1000,715,-7.8000,46.704838709677419354838709677,-0.884771679932970255550900713,42.064516129032258064516129032,0.651529116045245077503142019,Other,,0,False,False
569,09:57:18.000,09:57:04.000,09:57:18.000,14,23457.1000,23464.9000,23455.4000,23455.4000,845,-1.7000,46.079545454545454545454545455,-0.625293255131964809384164222,42.626190476190476190476190476,0.561674347158218125960061444,Other,,0,False,False
570,09:57:27.000,09:57:18.000,09:57:27.000,9,23455.4000,23455.4000,23455.1000,23455.1000,845,-0.3000,45.096666666666666666666666667,-0.982878787878787878787878788,43.546666666666666666666666667,0.920476190476190476190476191,Other,,0,False,False
571,09:57:29.000,09:57:27.000,09:57:29.000,2,23455.1000,23465.0000,23455.1000,23455.1000,1365,0.0000,44.566666666666666666666666667,-0.530000000000000000000000000,44.1750,0.628333333333333333333333333,Other,,0,False,False
572,09:57:29.000,09:57:29.000,09:57:29.000,0,23455.1000,23455.1000,23455.1000,23455.1000,715,0.0000,,,,,Other,,0,False,False
573,09:57:41.000,09:57:30.000,09:57:41.000,11,23455.1000,23455.1000,23453.4000,23453.4000,650,-1.7000,44.188461538461538461538461538,,44.383783783783783783783783784,,Other,,0,False,False
574,09:58:23.000,09:57:41.000,09:58:23.000,42,23453.4000,23465.0000,23453.4000,23460.0000,845,6.6000,44.874074074074074074074074074,0.685612535612535612535612536,43.698148148148148148148148148,-0.685635635635635635635635636,Other,,0,False,False
575,09:58:40.000,09:58:23.000,09:58:40.000,17,23460.0000,23465.0000,23456.0000,23456.8000,1625,-3.2000,46.367272727272727272727272727,1.493198653198653198653198653,42.117272727272727272727272727,-1.580875420875420875420875421,B,B,1,False,False
576,09:58:40.000,09:58:40.000,09:58:40.000,0,23456.8000,23456.8000,23456.8000,23456.8000,975,0.0000,,,,,Other,,0,False,False
577,09:58:50.000,09:58:42.000,09:58:50.000,8,23456.8000,23467.0000,23456.8000,23467.0000,650,10.2000,46.513333333333333333333333333,,42.083333333333333333333333333,,Other,,0,False,False
578,09:59:10.000,09:58:50.000,09:59:10.000,20,23467.0000,23467.0000,23465.0000,23465.0000,845,-2.0000,47.246031746031746031746031746,0.732698412698412698412698413,41.173809523809523809523809524,-0.909523809523809523809523809,B,B,1,False,False
579,09:59:39.000,09:59:10.000,09:59:39.000,29,23465.0000,23467.9000,23459.9000,23467.9000,650,2.9000,46.861538461538461538461538462,-0.384493284493284493284493284,41.985714285714285714285714286,0.811904761904761904761904762,A,A,1,False,False
580,09:59:56.000,09:59:39.000,09:59:56.000,17,23467.9000,23467.9000,23458.0000,23458.0000,780,-9.9000,46.961538461538461538461538462,0.100000000000000000000000000,41.92037037037037037037037037,-0.065343915343915343915343916,B,B,1,False,False
581,10:00:19.000,09:59:56.000,10:00:19.000,23,23458.0000,23467.9000,23458.0000,23467.9000,780,9.9000,47.467391304347826086956521739,0.505852842809364548494983277,40.975342465753424657534246575,-0.945027904616945712836123795,Other,,0,False,False
582,10:00:31.000,10:00:19.000,10:00:31.000,12,23467.9000,23468.0000,23467.9000,23468.0000,780,0.1000,47.763513513513513513513513514,0.296122209165687426556991775,40.903846153846153846153846154,-0.071496311907270811380400421,Other,,0,False,False
583,10:00:46.000,10:00:31.000,10:00:46.000,15,23468.0000,23468.0000,23462.3000,23466.7000,650,-1.3000,47.763636363636363636363636364,0.000122850122850122850122850,41.03125,0.127403846153846153846153846,Other,,0,False,False
584,10:01:02.000,10:00:46.000,10:01:02.000,16,23466.7000,23469.0000,23465.0000,23469.0000,1755,2.3000,48.793396226415094339622641509,1.029759862778730703259005145,39.999056603773584905660377358,-1.032193396226415094339622642,Other,,0,False,False
585,10:01:02.000,10:01:02.000,10:01:02.000,0,23469.0000,23469.0000,23469.0000,23469.0000,1105,0.0000,,,,,Other,,0,False,False
586,10:01:04.000,10:01:03.000,10:01:04.000,1,23470.0000,23470.0000,23470.0000,23470.0000,715,1.0000,49.516666666666666666666666667,,39.0500,,Other,,0,False,False
587,10:01:06.000,10:01:04.000,10:01:06.000,2,23470.0000,23470.0000,23470.0000,23470.0000,780,0.0000,49.633333333333333333333333333,0.116666666666666666666666666,39.016666666666666666666666667,-0.033333333333333333333333333,Other,,0,False,False
588,10:01:14.000,10:01:06.000,10:01:14.000,8,23470.0000,23471.0000,23464.5000,23471.0000,845,1.0000,49.869230769230769230769230769,0.235897435897435897435897436,38.788461538461538461538461538,-0.228205128205128205128205129,Other,,0,False,False
589,10:01:34.000,10:01:14.000,10:01:34.000,20,23471.0000,23471.0000,23470.5000,23471.0000,715,0.0000,49.940769230769230769230769231,0.071538461538461538461538462,38.662698412698412698412698413,-0.125763125763125763125763125,Other,,0,False,False
590,10:01:51.000,10:01:34.000,10:01:51.000,17,23471.0000,23472.0000,23465.0000,23472.0000,910,1.0000,48.517307692307692307692307692,-1.423461538461538461538461539,40.155769230769230769230769231,1.493070818070818070818070818,A,A,1,False,False
591,10:01:56.000,10:01:51.000,10:01:56.000,5,23472.0000,23473.0000,23472.0000,23473.0000,1040,1.0000,48.44375,-0.073557692307692307692307692,40.30625,0.150480769230769230769230769,A,A,2,True,False
592,10:02:01.000,10:01:56.000,10:02:01.000,5,23473.0000,23473.0000,23473.0000,23473.0000,715,0.0000,48.123529411764705882352941176,-0.320220588235294117647058824,40.517647058823529411764705882,0.211397058823529411764705882,Other,,0,False,False
593,10:02:11.000,10:02:01.000,10:02:11.000,10,23473.0000,23473.0000,23465.1000,23471.0000,715,-2.0000,47.484375,-0.639154411764705882352941176,40.94375,0.426102941176470588235294118,Other,,0,False,False
594,10:02:17.000,10:02:11.000,10:02:17.000,6,23471.0000,23471.0000,23461.7000,23461.7000,650,-9.3000,46.8300,-0.654375,41.2600,0.31625,Other,,0,False,False
595,10:02:34.000,10:02:17.000,10:02:34.000,17,23461.7000,23465.3000,23460.0000,23465.0000,650,3.3000,45.821818181818181818181818182,-1.008181818181818181818181818,42.005660377358490566037735849,0.745660377358490566037735849,A,A,1,False,False
596,10:03:00.000,10:02:34.000,10:03:00.000,26,23465.0000,23465.0000,23461.9000,23461.9000,780,-3.1000,45.561764705882352941176470588,-0.260053475935828877005347594,42.142352941176470588235294118,0.136692563817980022197558269,Other,,0,False,False
597,10:03:28.000,10:03:00.000,10:03:28.000,28,23461.9000,23468.0000,23461.9000,23468.0000,650,6.1000,46.221951219512195121951219512,0.660186513629842180774748924,41.359302325581395348837209302,-0.783050615595075239398084816,Other,,0,False,False
598,10:04:02.000,10:03:28.000,10:04:02.000,34,23468.0000,23468.0000,23462.0000,23462.0000,715,-6.0000,46.417452830188679245283018868,0.195501610676484123331799356,41.215196078431372549019607843,-0.144106247150022799817601459,B,B,1,False,False
599,10:04:18.000,10:04:02.000,10:04:18.000,16,23462.0000,23468.0000,23462.0000,23467.9000,975,5.9000,47.921153846153846153846153846,1.503701015965166908563134978,39.559615384615384615384615385,-1.655580693815987933634992458,Other,,0,False,False
600,10:04:26.000,10:04:18.000,10:04:26.000,8,23467.9000,23467.9000,23467.9000,23467.9000,845,0.0000,48.7875,0.866346153846153846153846154,38.970833333333333333333333333,-0.588782051282051282051282052,Other,,0,False,False
601,10:04:36.000,10:04:26.000,10:04:36.000,10,23467.9000,23468.0000,23465.0000,23468.0000,2145,0.1000,49.275862068965517241379310345,0.488362068965517241379310345,38.790322580645161290322580645,-0.180510752688172043010752688,Other,,0,False,False
602,10:04:36.000,10:04:36.000,10:04:36.000,0,23468.0000,23468.0000,23468.0000,23468.0000,1495,0.0000,,,,,Other,,0,False,False
603,10:04:38.000,10:04:38.000,10:04:38.000,0,23468.0000,23468.0000,23468.0000,23468.0000,845,0.0000,49.3000,,38.8000,,Other,,0,False,False
604,10:05:03.000,10:04:38.000,10:05:03.000,25,23468.0000,23468.0000,23466.0000,23466.0000,650,-2.0000,48.367721518987341772151898734,-0.932278481012658227848101266,39.8740,1.0740,Other,,0,False,False
605,10:05:08.000,10:05:03.000,10:05:08.000,5,23466.0000,23466.0000,23465.9000,23466.0000,845,0.0000,48.971428571428571428571428571,0.603707052441229656419529837,39.442857142857142857142857143,-0.431142857142857142857142857,Other,,0,False,False
606,10:05:22.000,10:05:08.000,10:05:22.000,14,23466.0000,23466.0000,23463.1000,23463.1000,1820,-2.9000,48.943478260869565217391304348,-0.027950310559006211180124223,39.510869565217391304347826087,0.068012422360248447204968944,Other,,0,False,False
607,10:05:22.000,10:05:22.000,10:05:22.000,0,23463.1000,23463.1000,23463.1000,23463.1000,1170,0.0000,,,,,Other,,0,False,False
608,10:05:25.000,10:05:24.000,10:05:25.000,1,23463.1000,23463.1000,23463.1000,23463.1000,650,0.0000,48.8625,,39.6250,,Other,,0,False,False
609,10:05:27.000,10:05:25.000,10:05:27.000,2,23463.1000,23467.9000,23463.1000,23467.9000,1170,4.8000,49.116666666666666666666666667,0.254166666666666666666666667,39.416666666666666666666666667,-0.208333333333333333333333333,Other,,0,False,False
610,10:05:29.000,10:05:27.000,10:05:29.000,2,23467.9000,23467.9000,23467.9000,23467.9000,1820,0.0000,49.1500,0.033333333333333333333333333,39.3000,-0.116666666666666666666666667,Other,,0,False,False
611,10:05:29.000,10:05:29.000,10:05:29.000,0,23467.9000,23467.9000,23467.9000,23467.9000,1170,0.0000,,,,,Other,,0,False,False
612,10:05:30.000,10:05:30.000,10:05:30.000,0,23467.9000,23467.9000,23467.9000,23467.9000,3120,0.0000,49.3300,,39.1200,,Other,,0,False,False
613,10:05:30.000,10:05:30.000,10:05:30.000,0,23467.9000,23467.9000,23467.9000,23467.9000,2470,0.0000,,,,,Other,,0,False,False
614,10:05:32.000,10:05:32.000,10:05:32.000,0,23463.1000,23463.1000,23463.1000,23463.1000,1820,-4.8000,48.8000,,39.6500,,Other,,0,False,False
615,10:05:32.000,10:05:32.000,10:05:32.000,0,23463.1000,23463.1000,23463.1000,23463.1000,1170,0.0000,,,,,Other,,0,False,False
616,10:05:32.000,10:05:32.000,10:05:32.000,0,23463.1000,23463.1000,23463.1000,23463.1000,3185,0.0000,,,,,Other,,0,False,False
617,10:05:32.000,10:05:32.000,10:05:32.000,0,23463.1000,23463.1000,23463.1000,23463.1000,2535,0.0000,,,,,Other,,0,False,False
618,10:05:33.000,10:05:33.000,10:05:33.000,0,23467.9000,23467.9000,23467.9000,23467.9000,1885,4.8000,48.8750,,39.6500,,Other,,0,False,False
619,10:05:33.000,10:05:33.000,10:05:33.000,0,23467.9000,23467.9000,23467.9000,23467.9000,1235,0.0000,,,,,Other,,0,False,False
620,10:05:33.000,10:05:33.000,10:05:33.000,0,23467.9000,23467.9000,23467.9000,23467.9000,4680,0.0000,,,,,Other,,0,False,False
621,10:05:33.000,10:05:33.000,10:05:33.000,0,23467.9000,23467.9000,23467.9000,23467.9000,4030,0.0000,,,,,Other,,0,False,False
622,10:05:35.000,10:05:35.000,10:05:35.000,0,23467.9000,23467.9000,23467.9000,23467.9000,6890,0.0000,48.9500,,39.6250,,Other,,0,False,False
623,10:05:35.000,10:05:35.000,10:05:35.000,0,23467.9000,23467.9000,23467.9000,23467.9000,6240,0.0000,,,,,Other,,0,False,False
624,10:05:37.000,10:05:37.000,10:05:37.000,0,23467.9000,23467.9000,23467.9000,23467.9000,5590,0.0000,48.6250,,39.7750,,Other,,0,False,False
625,10:05:37.000,10:05:37.000,10:05:37.000,0,23467.9000,23467.9000,23467.9000,23467.9000,4940,0.0000,,,,,Other,,0,False,False
626,10:05:38.000,10:05:38.000,10:05:38.000,0,23467.9000,23467.9000,23467.9000,23467.9000,6500,0.0000,48.8000,,39.6250,,Other,,0,False,False
627,10:05:38.000,10:05:38.000,10:05:38.000,0,23467.9000,23467.9000,23467.9000,23467.9000,5850,0.0000,,,,,Other,,0,False,False
628,10:05:40.000,10:05:40.000,10:05:40.000,0,23467.9000,23467.9000,23467.9000,23467.9000,5265,0.0000,49.0500,,39.6250,,Other,,0,False,False
629,10:05:40.000,10:05:40.000,10:05:40.000,0,23467.9000,23467.9000,23467.9000,23467.9000,4615,0.0000,,,,,Other,,0,False,False
630,10:05:42.000,10:05:42.000,10:05:42.000,0,23467.9000,23467.9000,23467.9000,23467.9000,3965,0.0000,48.9500,,39.5500,,Other,,0,False,False
631,10:05:42.000,10:05:42.000,10:05:42.000,0,23467.9000,23467.9000,23467.9000,23467.9000,3315,0.0000,,,,,Other,,0,False,False
632,10:05:43.000,10:05:43.000,10:05:43.000,0,23467.9000,23467.9000,23467.9000,23467.9000,2665,0.0000,48.9250,,39.5750,,Other,,0,False,False
633,10:05:43.000,10:05:43.000,10:05:43.000,0,23467.9000,23467.9000,23467.9000,23467.9000,2015,0.0000,,,,,Other,,0,False,False
634,10:05:45.000,10:05:45.000,10:05:45.000,0,23467.9000,23467.9000,23467.9000,23467.9000,1365,0.0000,48.8250,,39.6750,,Other,,0,False,False
635,10:05:45.000,10:05:45.000,10:05:45.000,0,23467.9000,23467.9000,23467.9000,23467.9000,715,0.0000,,,,,Other,,0,False,False
636,10:06:01.000,10:05:46.000,10:06:01.000,15,23467.9000,23467.9000,23465.5000,23467.9000,910,0.0000,48.769811320754716981132075472,,39.624528301886792452830188679,,Other,,0,False,False
637,10:06:11.000,10:06:01.000,10:06:11.000,10,23467.9000,23467.9000,23465.7000,23465.7000,650,-2.2000,48.283333333333333333333333333,-0.486477987421383647798742139,40.019230769230769230769230769,0.394702467343976777939042090,Other,,0,False,False
638,10:06:24.000,10:06:11.000,10:06:24.000,13,23465.7000,23465.7000,23461.5000,23465.7000,650,0.0000,47.738095238095238095238095238,-0.545238095238095238095238095,40.347619047619047619047619048,0.328388278388278388278388279,Other,,0,False,False
639,10:06:26.000,10:06:24.000,10:06:26.000,2,23465.7000,23467.9000,23465.7000,23467.9000,845,2.2000,47.833333333333333333333333333,0.095238095238095238095238095,40.066666666666666666666666667,-0.280952380952380952380952381,Other,,0,False,False
640,10:06:34.000,10:06:26.000,10:06:34.000,8,23467.9000,23467.9000,23465.7000,23467.9000,1040,0.0000,46.987037037037037037037037037,-0.846296296296296296296296296,40.668518518518518518518518519,0.601851851851851851851851852,Other,,0,False,False
641,10:06:42.000,10:06:34.000,10:06:42.000,8,23467.9000,23467.9000,23465.7000,23467.9000,715,0.0000,46.445833333333333333333333333,-0.541203703703703703703703704,40.995833333333333333333333333,0.327314814814814814814814814,Other,,0,False,False
642,10:06:45.000,10:06:42.000,10:06:45.000,3,23467.9000,23468.0000,23467.9000,23468.0000,650,0.1000,46.1700,-0.275833333333333333333333333,41.2000,0.204166666666666666666666667,A,A,1,False,False
643,10:07:20.000,10:06:45.000,10:07:20.000,35,23468.0000,23468.0000,23460.1000,23460.1000,780,-7.9000,46.130841121495327102803738318,-0.039158878504672897196261682,41.437155963302752293577981651,0.237155963302752293577981651,Other,,0,False,False
644,10:07:38.000,10:07:20.000,10:07:38.000,18,23460.1000,23468.9000,23460.1000,23468.9000,2080,8.8000,46.956140350877192982456140351,0.825299229381865879652402033,40.660526315789473684210526316,-0.776629647513278609367455335,Other,,0,False,False
645,10:07:38.000,10:07:38.000,10:07:38.000,0,23468.9000,23468.9000,23468.9000,23468.9000,1430,0.0000,,,,,Other,,0,False,False
646,10:07:40.000,10:07:40.000,10:07:40.000,0,23468.9000,23468.9000,23468.9000,23468.9000,845,0.0000,47.9250,,39.8250,,Other,,0,False,False
647,10:08:09.000,10:07:40.000,10:08:09.000,29,23468.9000,23468.9000,23462.3000,23462.3000,650,-6.6000,48.17967032967032967032967033,0.25467032967032967032967033,39.330107526881720430107526882,-0.494892473118279569892473118,B,B,1,False,False
648,10:08:17.000,10:08:09.000,10:08:17.000,8,23462.3000,23468.0000,23462.3000,23463.8000,650,1.5000,48.707692307692307692307692308,0.528021978021978021978021978,38.723076923076923076923076923,-0.607030603804797353184449959,Other,,0,False,False
649,10:08:27.000,10:08:17.000,10:08:27.000,10,23463.8000,23469.8000,23463.8000,23469.8000,650,6.0000,49.36875,0.661057692307692307692307692,37.996666666666666666666666667,-0.726410256410256410256410256,Other,,0,False,False
650,10:08:36.000,10:08:27.000,10:08:36.000,9,23469.8000,23469.8000,23464.7000,23469.8000,650,0.0000,49.6500,0.28125,37.722413793103448275862068966,-0.274252873563218390804597701,Other,,0,False,False
651,10:08:55.000,10:08:36.000,10:08:55.000,19,23469.8000,23471.9000,23467.3000,23467.3000,1690,-2.5000,49.453225806451612903225806452,-0.196774193548387096774193548,38.171666666666666666666666667,0.449252873563218390804597701,Other,,0,False,False
652,10:08:55.000,10:08:55.000,10:08:55.000,0,23467.3000,23467.3000,23467.3000,23467.3000,1040,0.0000,,,,,Other,,0,False,False
653,10:08:59.000,10:08:56.000,10:08:59.000,3,23469.0000,23469.0000,23468.3000,23468.3000,845,1.0000,50.366666666666666666666666667,,37.2300,,Other,,0,False,False
654,10:09:04.000,10:08:59.000,10:09:04.000,5,23468.3000,23471.9000,23467.4000,23471.9000,2015,3.6000,50.094117647058823529411764706,-0.272549019607843137254901961,37.473333333333333333333333333,0.243333333333333333333333333,A,A,1,False,False
655,10:09:04.000,10:09:04.000,10:09:04.000,0,23471.9000,23471.9000,23471.9000,23471.9000,1365,0.0000,,,,,Other,,0,False,False
656,10:09:05.000,10:09:05.000,10:09:05.000,0,23472.0000,23472.0000,23472.0000,23472.0000,715,0.1000,50.3500,,37.3250,,Other,,0,False,False
657,10:09:09.000,10:09:05.000,10:09:09.000,4,23472.0000,23472.0000,23467.0000,23467.0000,650,-5.0000,50.6500,0.3000,36.9500,-0.3750,B,B,1,False,False
658,10:09:12.000,10:09:09.000,10:09:12.000,3,23467.0000,23473.0000,23467.0000,23467.4000,910,0.4000,50.7300,0.0800,36.8500,-0.1000,Other,,0,False,False
659,10:09:17.000,10:09:12.000,10:09:17.000,5,23467.4000,23467.4000,23467.4000,23467.4000,2340,0.0000,50.9625,0.2325,36.55625,-0.29375,Other,,0,False,False
660,10:09:17.000,10:09:17.000,10:09:17.000,0,23467.4000,23467.4000,23467.4000,23467.4000,1690,0.0000,,,,,Other,,0,False,False
661,10:09:18.000,10:09:18.000,10:09:18.000,0,23467.5000,23467.5000,23467.5000,23467.5000,1300,0.1000,51.1500,,36.4000,,Other,,0,False,False
662,10:09:18.000,10:09:18.000,10:09:18.000,0,23467.5000,23467.5000,23467.5000,23467.5000,650,0.0000,,,,,Other,,0,False,False
663,10:09:28.000,10:09:20.000,10:09:28.000,8,23467.5000,23473.9000,23467.5000,23473.9000,650,6.4000,52.0700,,35.8400,,Other,,0,False,False
664,10:09:38.000,10:09:28.000,10:09:38.000,10,23473.9000,23473.9000,23468.0000,23468.0000,780,-5.9000,51.933333333333333333333333333,-0.136666666666666666666666667,35.992424242424242424242424242,0.152424242424242424242424242,Other,,0,False,False
665,10:09:50.000,10:09:38.000,10:09:50.000,12,23468.0000,23474.5000,23468.0000,23474.5000,650,6.5000,51.488888888888888888888888889,-0.444444444444444444444444444,36.544444444444444444444444444,0.552020202020202020202020202,A,A,1,False,False
666,10:09:53.000,10:09:50.000,10:09:53.000,3,23474.5000,23474.5000,23474.4000,23474.5000,715,0.0000,51.2250,-0.263888888888888888888888889,36.8900,0.345555555555555555555555556,Other,,0,False,False
667,10:09:55.000,10:09:53.000,10:09:55.000,2,23474.5000,23474.5000,23470.0000,23470.0000,715,-4.5000,51.0500,-0.1750,36.933333333333333333333333333,0.043333333333333333333333333,Other,,0,False,False
668,10:10:15.000,10:09:55.000,10:10:15.000,20,23470.0000,23474.4000,23469.3000,23474.4000,1105,4.4000,51.6800,0.6300,36.423809523809523809523809524,-0.509523809523809523809523809,Other,,0,False,False
669,10:10:19.000,10:10:15.000,10:10:19.000,4,23474.4000,23474.4000,23470.1000,23470.1000,650,-4.3000,52.1500,0.4700,35.733333333333333333333333333,-0.690476190476190476190476191,B,B,1,False,False
670,10:10:21.000,10:10:19.000,10:10:21.000,2,23470.1000,23474.4000,23470.1000,23474.4000,1105,4.3000,51.766666666666666666666666667,-0.383333333333333333333333333,36.0000,0.266666666666666666666666667,A,A,1,False,False
671,10:10:31.000,10:10:21.000,10:10:31.000,10,23474.4000,23474.5000,23474.4000,23474.5000,1105,0.1000,50.186363636363636363636363636,-1.580303030303030303030303031,37.312121212121212121212121212,1.312121212121212121212121212,A,A,2,True,False
672,10:10:35.000,10:10:31.000,10:10:35.000,4,23474.5000,23474.5000,23467.4000,23467.4000,650,-7.1000,50.2600,0.073636363636363636363636364,37.308333333333333333333333333,-0.003787878787878787878787879,B,B,1,False,False
673,10:10:43.000,10:10:35.000,10:10:43.000,8,23467.4000,23474.5000,23467.4000,23469.4000,910,2.0000,49.995833333333333333333333333,-0.264166666666666666666666667,37.419230769230769230769230769,0.110897435897435897435897436,A,A,1,False,False
674,10:10:50.000,10:10:43.000,10:10:50.000,7,23469.4000,23474.8000,23467.4000,23474.8000,1755,5.4000,49.3500,-0.645833333333333333333333333,37.6850,0.265769230769230769230769231,A,A,2,True,False
675,10:10:50.000,10:10:50.000,10:10:50.000,0,23474.8000,23474.8000,23474.8000,23474.8000,1105,0.0000,,,,,Other,,0,False,False
676,10:10:51.000,10:10:51.000,10:10:51.000,0,23474.8000,23474.8000,23474.8000,23474.8000,975,0.0000,48.4250,,38.2750,,Other,,0,False,False
677,10:11:03.000,10:10:51.000,10:11:03.000,12,23474.8000,23474.8000,23468.1000,23468.1000,1625,-6.7000,48.667567567567567567567567568,0.242567567567567567567567568,37.937179487179487179487179487,-0.337820512820512820512820513,B,B,1,False,False
678,10:11:03.000,10:11:03.000,10:11:03.000,0,23468.1000,23468.1000,23468.1000,23468.1000,975,0.0000,,,,,Other,,0,False,False
679,10:11:04.000,10:11:03.000,10:11:04.000,1,23474.8000,23474.8000,23469.0000,23474.7000,650,6.6000,49.9000,,36.9250,,Other,,0,False,False
680,10:11:34.000,10:11:04.000,10:11:34.000,30,23474.7000,23474.7000,23467.4000,23472.0000,715,-2.7000,51.013440860215053763440860215,1.113440860215053763440860215,36.15773195876288659793814433,-0.76726804123711340206185567,B,B,1,False,False
681,10:11:46.000,10:11:34.000,10:11:46.000,12,23472.0000,23474.5000,23469.7000,23469.7000,1300,-2.3000,51.181578947368421052631578947,0.168138087153367289190718732,36.076315789473684210526315789,-0.081416169289202387411828541,B,B,2,False,True
682,10:11:46.000,10:11:46.000,10:11:46.000,0,23469.7000,23469.7000,23469.7000,23469.7000,650,0.0000,,,,,Other,,0,False,False
683,10:11:49.000,10:11:47.000,10:11:49.000,2,23474.5000,23474.5000,23474.5000,23474.5000,650,4.8000,50.0750,,37.1800,,Other,,0,False,False
684,10:12:02.000,10:11:49.000,10:12:02.000,13,23474.5000,23474.5000,23467.1000,23467.4000,715,-7.1000,49.9500,-0.1250,37.272093023255813953488372093,0.092093023255813953488372093,Other,,0,False,False
685,10:12:21.000,10:12:02.000,10:12:21.000,19,23467.4000,23474.0000,23467.1000,23467.1000,715,-0.3000,49.461666666666666666666666667,-0.488333333333333333333333333,37.663333333333333333333333333,0.391240310077519379844961240,Other,,0,False,False
686,10:12:29.000,10:12:21.000,10:12:29.000,8,23467.1000,23467.1000,23466.5000,23466.5000,1040,-0.6000,48.073076923076923076923076923,-1.388589743589743589743589744,38.4375,0.774166666666666666666666667,Other,,0,False,False
687,10:12:34.000,10:12:29.000,10:12:34.000,5,23466.5000,23474.5000,23466.4000,23466.4000,780,-0.1000,48.126470588235294117647058824,0.053393665158371040723981901,38.258823529411764705882352941,-0.178676470588235294117647059,B,B,1,False,False
688,10:12:47.000,10:12:34.000,10:12:47.000,13,23466.4000,23474.5000,23465.5000,23465.5000,715,-0.9000,48.721428571428571428571428571,0.594957983193277310924369747,37.964285714285714285714285714,-0.294537815126050420168067227,B,B,2,False,True
689,10:13:00.000,10:12:47.000,10:13:00.000,13,23465.5000,23474.0000,23465.5000,23467.0000,650,1.5000,48.830769230769230769230769231,0.109340659340659340659340660,37.947674418604651162790697674,-0.016611295681063122923588040,Other,,0,False,False
690,10:13:10.000,10:13:00.000,10:13:10.000,10,23467.0000,23473.9000,23464.7000,23473.9000,1300,6.9000,47.816666666666666666666666667,-1.014102564102564102564102564,38.66875,0.721075581395348837209302326,A,A,1,False,False
691,10:13:10.000,10:13:10.000,10:13:10.000,0,23473.9000,23473.9000,23473.9000,23473.9000,650,0.0000,,,,,Other,,0,False,False
692,10:13:23.000,10:13:12.000,10:13:23.000,11,23465.5000,23474.0000,23462.8000,23464.5000,650,-9.4000,47.152631578947368421052631579,,39.0850,,Other,,0,False,False
693,10:13:35.000,10:13:23.000,10:13:35.000,12,23464.5000,23474.0000,23462.3000,23467.0000,715,2.5000,47.289189189189189189189189189,0.136557610241820768136557610,38.923076923076923076923076923,-0.161923076923076923076923077,Other,,0,False,False
694,10:14:05.000,10:13:35.000,10:14:05.000,30,23467.0000,23472.8000,23464.9000,23472.8000,650,5.8000,48.160752688172043010752688172,0.871563498982853821563498983,38.145360824742268041237113402,-0.777716098334655035685963521,Other,,0,False,False
695,10:14:32.000,10:14:05.000,10:14:32.000,27,23472.8000,23472.8000,23466.0000,23466.0000,715,-6.8000,49.658045977011494252873563218,1.497293288839451242120875046,36.817721518987341772151898734,-1.327639305754926269085214668,B,B,1,False,False
696,10:14:52.000,10:14:32.000,10:14:52.000,20,23466.0000,23470.0000,23465.2000,23470.0000,650,4.0000,49.106451612903225806451612903,-0.551594364108268446421950315,37.408928571428571428571428571,0.591207052441229656419529837,A,A,1,False,False
697,10:15:05.000,10:14:52.000,10:15:05.000,13,23470.0000,23471.9000,23469.0000,23469.0000,1235,-1.0000,48.573255813953488372093023256,-0.533195798949737434358589647,37.689534883720930232558139535,0.280606312292358803986710964,Other,,0,False,False
698,10:15:07.000,10:15:05.000,10:15:07.000,2,23469.0000,23471.9000,23469.0000,23471.9000,650,2.9000,48.5000,-0.073255813953488372093023256,37.566666666666666666666666667,-0.122868217054263565891472868,Other,,0,False,False
699,10:15:13.000,10:15:07.000,10:15:13.000,6,23471.9000,23472.9000,23467.6000,23467.6000,1105,-4.3000,48.105555555555555555555555556,-0.394444444444444444444444444,38.1150,0.548333333333333333333333333,Other,,0,False,False
700,10:15:15.000,10:15:13.000,10:15:15.000,2,23467.6000,23467.6000,23466.6000,23466.6000,975,-1.0000,47.9250,-0.180555555555555555555555556,38.2500,0.1350,Other,,0,False,False
701,10:15:22.000,10:15:15.000,10:15:22.000,7,23466.6000,23466.6000,23462.9000,23462.9000,975,-3.7000,47.686363636363636363636363636,-0.238636363636363636363636364,38.5300,0.2800,Other,,0,False,False
702,10:15:28.000,10:15:22.000,10:15:28.000,6,23462.9000,23470.0000,23462.9000,23464.3000,715,1.4000,47.6000,-0.086363636363636363636363636,38.8150,0.2850,A,A,1,False,False
703,10:15:45.000,10:15:28.000,10:15:45.000,17,23464.3000,23471.9000,23462.7000,23463.1000,2860,-1.2000,47.715454545454545454545454545,0.115454545454545454545454545,38.764705882352941176470588235,-0.050294117647058823529411765,B,B,1,False,False
704,10:15:45.000,10:15:45.000,10:15:45.000,0,23463.1000,23463.1000,23463.1000,23463.1000,2210,0.0000,,,,,Other,,0,False,False
705,10:15:47.000,10:15:47.000,10:15:47.000,0,23463.1000,23463.1000,23463.1000,23463.1000,1560,0.0000,48.3000,,38.4000,,Other,,0,False,False
706,10:15:47.000,10:15:47.000,10:15:47.000,0,23463.1000,23463.1000,23463.1000,23463.1000,910,0.0000,,,,,Other,,0,False,False
707,10:16:01.000,10:15:48.000,10:16:01.000,13,23463.1000,23470.6000,23463.1000,23464.8000,1235,1.7000,47.687234042553191489361702128,,38.723333333333333333333333333,,Other,,0,False,False
708,10:16:05.000,10:16:01.000,10:16:05.000,4,23464.8000,23464.8000,23463.8000,23463.8000,1365,-1.0000,46.6300,-1.057234042553191489361702128,39.508333333333333333333333333,0.785000000000000000000000000,Other,,0,False,False
709,10:16:05.000,10:16:05.000,10:16:05.000,0,23463.8000,23463.8000,23463.8000,23463.8000,715,0.0000,,,,,Other,,0,False,False
710,10:16:46.000,10:16:05.000,10:16:46.000,41,23471.8000,23471.8000,23462.3000,23462.3000,845,-1.5000,46.469465648854961832061068702,,39.354887218045112781954887218,,Other,,0,False,False
711,10:16:51.000,10:16:46.000,10:16:51.000,5,23462.3000,23470.0000,23462.1000,23465.8000,1235,3.5000,45.233333333333333333333333333,-1.236132315521628498727735369,40.38125,1.026362781954887218045112782,A,A,1,False,False
712,10:16:53.000,10:16:51.000,10:16:53.000,2,23465.8000,23470.5000,23465.8000,23470.5000,715,4.7000,45.5000,0.266666666666666666666666667,39.9750,-0.40625,Other,,0,False,False
713,10:17:24.000,10:16:53.000,10:17:24.000,31,23470.5000,23470.5000,23461.1000,23464.0000,715,-6.5000,45.853608247422680412371134021,0.353608247422680412371134021,39.817741935483870967741935484,-0.157258064516129032258064516,B,B,1,False,False
714,10:18:01.000,10:17:24.000,10:18:01.000,37,23464.0000,23470.0000,23461.0000,23470.0000,650,6.0000,46.584166666666666666666666667,0.730558419243986254295532646,39.069915254237288135593220339,-0.747826681246582832148715145,Other,,0,False,False
715,10:18:51.000,10:18:01.000,10:18:51.000,50,23470.0000,23470.0000,23462.5000,23468.0000,650,-2.0000,45.83216560509554140127388535,-0.752001061571125265392781317,39.75993788819875776397515528,0.690022633961469628381934941,Other,,0,False,False
716,10:19:08.000,10:18:51.000,10:19:08.000,17,23468.0000,23469.2000,23462.0000,23462.0000,2210,-6.0000,47.193636363636363636363636364,1.361470758540822235089751014,38.363636363636363636363636364,-1.396301524562394127611518916,B,B,1,False,False
717,10:19:08.000,10:19:08.000,10:19:08.000,0,23462.0000,23462.0000,23462.0000,23462.0000,1560,0.0000,,,,,Other,,0,False,False
718,10:19:09.000,10:19:09.000,10:19:09.000,0,23462.0000,23462.0000,23462.0000,23462.0000,910,0.0000,47.1500,,38.4250,,Other,,0,False,False
719,10:19:31.000,10:19:09.000,10:19:31.000,22,23462.0000,23469.9000,23462.0000,23469.9000,2860,7.9000,47.380434782608695652173913043,0.230434782608695652173913043,38.003076923076923076923076923,-0.421923076923076923076923077,Other,,0,False,False
720,10:19:31.000,10:19:31.000,10:19:31.000,0,23469.9000,23469.9000,23469.9000,23469.9000,2210,0.0000,,,,,Other,,0,False,False
721,10:19:33.000,10:19:33.000,10:19:33.000,0,23469.9000,23469.9000,23469.9000,23469.9000,1560,0.0000,47.5250,,37.8250,,Other,,0,False,False
722,10:19:33.000,10:19:33.000,10:19:33.000,0,23469.9000,23469.9000,23469.9000,23469.9000,910,0.0000,,,,,Other,,0,False,False
723,10:19:57.000,10:19:34.000,10:19:57.000,23,23469.9000,23470.0000,23465.5000,23465.5000,1105,-4.4000,46.8000,,38.543589743589743589743589744,,Other,,0,False,False
724,10:19:59.000,10:19:57.000,10:19:59.000,2,23465.5000,23465.5000,23465.0000,23465.0000,845,-0.5000,45.966666666666666666666666667,-0.833333333333333333333333333,39.383333333333333333333333333,0.839743589743589743589743589,Other,,0,False,False
725,10:20:29.000,10:19:59.000,10:20:29.000,30,23465.0000,23469.9000,23463.2000,23463.5000,650,-1.5000,45.975842696629213483146067416,0.009176029962546816479400749,39.598351648351648351648351648,0.215018315018315018315018315,Other,,0,False,False
726,10:20:32.000,10:20:29.000,10:20:32.000,3,23463.5000,23463.9000,23463.3000,23463.3000,715,-0.2000,45.505555555555555555555555556,-0.470287141073657927590511860,40.140909090909090909090909091,0.542557442557442557442557443,Other,,0,False,False
727,10:20:45.000,10:20:32.000,10:20:45.000,13,23463.3000,23469.9000,23463.3000,23469.9000,2080,6.6000,45.519444444444444444444444444,0.013888888888888888888888888,40.245238095238095238095238095,0.104329004329004329004329004,Other,,0,False,False
728,10:20:45.000,10:20:45.000,10:20:45.000,0,23469.9000,23469.9000,23469.9000,23469.9000,1430,0.0000,,,,,Other,,0,False,False
729,10:20:47.000,10:20:47.000,10:20:47.000,0,23470.0000,23470.0000,23470.0000,23470.0000,780,0.1000,45.0250,,40.7750,,Other,,0,False,False
730,10:20:54.000,10:20:47.000,10:20:54.000,7,23470.0000,23470.0000,23461.0000,23461.0000,1625,-9.0000,44.613636363636363636363636364,-0.411363636363636363636363636,40.9950,0.2200,Other,,0,False,False
731,10:20:54.000,10:20:54.000,10:20:54.000,0,23461.0000,23461.0000,23461.0000,23461.0000,975,0.0000,,,,,Other,,0,False,False
732,10:20:55.000,10:20:55.000,10:20:55.000,0,23462.1000,23469.0000,23462.1000,23469.0000,715,8.0000,44.4750,,41.3000,,Other,,0,False,False
733,10:20:59.000,10:20:55.000,10:20:59.000,4,23469.0000,23469.0000,23459.8000,23459.8000,2405,-9.2000,43.5000,-0.9750,41.883333333333333333333333333,0.583333333333333333333333333,Other,,0,False,False
734,10:20:59.000,10:20:59.000,10:20:59.000,0,23459.8000,23459.8000,23459.8000,23459.8000,1755,0.0000,,,,,Other,,0,False,False
735,10:21:00.000,10:21:00.000,10:21:00.000,0,23459.8000,23459.8000,23459.8000,23459.8000,1105,0.0000,42.8400,,42.2000,,Other,,0,False,False
736,10:21:02.000,10:21:00.000,10:21:02.000,2,23468.6000,23468.6000,23468.6000,23468.6000,715,8.8000,42.983333333333333333333333333,0.143333333333333333333333333,42.116666666666666666666666667,-0.083333333333333333333333333,Other,,0,False,False
737,10:21:17.000,10:21:02.000,10:21:17.000,15,23468.6000,23468.6000,23457.7000,23467.9000,650,-0.7000,43.227272727272727272727272727,0.243939393939393939393939394,41.93125,-0.185416666666666666666666667,B,B,1,False,False
738,10:21:25.000,10:21:17.000,10:21:25.000,8,23467.9000,23467.9000,23457.9000,23461.2000,780,-6.7000,43.976923076923076923076923077,0.749650349650349650349650350,41.416666666666666666666666667,-0.514583333333333333333333333,B,B,2,False,True
739,10:21:37.000,10:21:25.000,10:21:37.000,12,23461.2000,23467.8000,23460.5000,23460.5000,975,-0.7000,43.898717948717948717948717949,-0.078205128205128205128205128,41.751351351351351351351351351,0.334684684684684684684684684,Other,,0,False,False
740,10:21:43.000,10:21:37.000,10:21:43.000,6,23460.5000,23460.5000,23455.0000,23455.0000,1430,-5.5000,43.3050,-0.593717948717948717948717949,42.405555555555555555555555556,0.654204204204204204204204205,Other,,0,False,False
741,10:21:43.000,10:21:43.000,10:21:43.000,0,23455.0000,23455.0000,23455.0000,23455.0000,780,0.0000,,,,,Other,,0,False,False
742,10:21:57.000,10:21:44.000,10:21:57.000,13,23465.3000,23465.3000,23455.0000,23455.0000,780,0.0000,41.076190476190476190476190476,,44.061904761904761904761904762,,Other,,0,False,False
743,10:22:03.000,10:21:57.000,10:22:03.000,6,23455.0000,23464.0000,23454.0000,23464.0000,910,9.0000,40.621428571428571428571428571,-0.454761904761904761904761905,44.528571428571428571428571429,0.466666666666666666666666667,A,A,1,False,False
744,10:22:10.000,10:22:03.000,10:22:10.000,7,23464.0000,23464.0000,23451.0000,23451.0000,650,-13.0000,39.340909090909090909090909091,-1.280519480519480519480519480,45.827272727272727272727272727,1.298701298701298701298701298,Other,,0,False,False
745,10:22:31.000,10:22:10.000,10:22:31.000,21,23451.0000,23458.0000,23450.5000,23458.0000,650,7.0000,39.076811594202898550724637681,-0.264097496706192358366271410,46.146376811594202898550724638,0.319104084321475625823451911,A,A,1,False,False
746,10:22:40.000,10:22:31.000,10:22:40.000,9,23458.0000,23461.0000,23450.8000,23451.1000,715,-6.9000,39.042857142857142857142857143,-0.033954451345755693581780538,46.189285714285714285714285714,0.042908902691511387163561076,Other,,0,False,False
747,10:22:41.000,10:22:40.000,10:22:41.000,1,23451.1000,23451.1000,23450.0000,23450.0000,1950,-1.1000,38.1000,-0.942857142857142857142857143,47.1500,0.960714285714285714285714286,Other,,0,False,False
748,10:22:41.000,10:22:41.000,10:22:41.000,0,23450.0000,23450.0000,23450.0000,23450.0000,1300,0.0000,,,,,Other,,0,False,False
749,10:22:42.000,10:22:42.000,10:22:42.000,0,23448.6000,23448.6000,23448.6000,23448.6000,650,-1.4000,37.7500,,,,Other,,0,False,False
750,10:22:53.000,10:22:42.000,10:22:53.000,11,23448.6000,23458.0000,23447.4000,23456.6000,845,8.0000,37.194444444444444444444444444,-0.555555555555555555555555556,48.033333333333333333333333333,,Other,,0,False,False
751,10:23:08.000,10:22:53.000,10:23:08.000,15,23456.6000,23456.6000,23445.0000,23455.0000,910,-1.6000,37.971428571428571428571428571,0.776984126984126984126984127,47.557142857142857142857142857,-0.476190476190476190476190476,B,B,1,False,False
752,10:23:13.000,10:23:08.000,10:23:13.000,5,23455.0000,23455.0000,23449.8000,23450.3000,715,-4.7000,39.38125,1.409821428571428571428571429,45.6625,-1.894642857142857142857142857,B,B,2,False,True
753,10:23:14.000,10:23:13.000,10:23:14.000,1,23450.3000,23455.0000,23450.3000,23455.0000,975,4.7000,39.5750,0.19375,45.3000,-0.3625,Other,,0,False,False
754,10:23:18.000,10:23:14.000,10:23:18.000,4,23455.0000,23459.4000,23450.9000,23451.5000,910,-3.5000,39.316666666666666666666666667,-0.258333333333333333333333333,45.841666666666666666666666667,0.541666666666666666666666667,Other,,0,False,False
755,10:23:26.000,10:23:18.000,10:23:26.000,8,23451.5000,23455.0000,23451.2000,23451.3000,650,-0.2000,39.069230769230769230769230769,-0.247435897435897435897435898,46.353846153846153846153846154,0.512179487179487179487179487,Other,,0,False,False
756,10:23:31.000,10:23:26.000,10:23:31.000,5,23451.3000,23451.3000,23450.8000,23450.8000,780,-0.5000,38.891176470588235294117647059,-0.178054298642533936651583710,46.732352941176470588235294118,0.378506787330316742081447964,Other,,0,False,False
757,10:23:33.000,10:23:31.000,10:23:33.000,2,23450.8000,23457.9000,23450.8000,23457.9000,650,7.1000,39.1750,0.283823529411764705882352941,46.516666666666666666666666667,-0.215686274509803921568627451,Other,,0,False,False
758,10:23:41.000,10:23:33.000,10:23:41.000,8,23457.9000,23458.0000,23450.7000,23458.0000,1235,0.1000,39.4250,0.2500,45.983333333333333333333333333,-0.533333333333333333333333334,Other,,0,False,False
759,10:23:44.000,10:23:41.000,10:23:44.000,3,23458.0000,23458.0000,23457.0000,23457.0000,845,-1.0000,39.7625,0.3375,45.2100,-0.773333333333333333333333333,B,B,1,False,False
760,10:23:51.000,10:23:44.000,10:23:51.000,7,23457.0000,23458.8000,23450.0000,23450.0000,2990,-7.0000,39.427272727272727272727272727,-0.335227272727272727272727273,45.822727272727272727272727273,0.612727272727272727272727273,Other,,0,False,False
761,10:23:51.000,10:23:51.000,10:23:51.000,0,23450.0000,23450.0000,23450.0000,23450.0000,2340,0.0000,,,,,Other,,0,False,False
762,10:23:52.000,10:23:52.000,10:23:52.000,0,23450.0000,23450.0000,23450.0000,23450.0000,1690,0.0000,39.3250,,46.1250,,Other,,0,False,False
763,10:23:52.000,10:23:52.000,10:23:52.000,0,23450.0000,23450.0000,23450.0000,23450.0000,1040,0.0000,,,,,Other,,0,False,False
764,10:24:01.000,10:23:54.000,10:24:01.000,7,23450.0000,23458.0000,23450.0000,23452.5000,650,2.5000,39.210869565217391304347826087,,46.3560,,Other,,0,False,False
765,10:24:06.000,10:24:01.000,10:24:06.000,5,23452.5000,23458.8000,23451.0000,23458.0000,3575,5.5000,38.71875,-0.492119565217391304347826087,46.9875,0.6315,A,A,1,False,False
766,10:24:06.000,10:24:06.000,10:24:06.000,0,23458.0000,23458.0000,23458.0000,23458.0000,2925,0.0000,,,,,Other,,0,False,False
767,10:24:07.000,10:24:07.000,10:24:07.000,0,23449.3000,23449.3000,23449.3000,23449.3000,2275,-8.7000,38.2000,,47.9250,,Other,,0,False,False
768,10:24:07.000,10:24:07.000,10:24:07.000,0,23449.3000,23449.3000,23449.3000,23449.3000,1625,0.0000,,,,,Other,,0,False,False
769,10:24:07.000,10:24:07.000,10:24:07.000,0,23458.8000,23458.8000,23458.8000,23458.8000,1885,9.5000,,,,,Other,,0,False,False
770,10:24:07.000,10:24:07.000,10:24:07.000,0,23458.8000,23458.8000,23458.8000,23458.8000,1235,0.0000,,,,,Other,,0,False,False
771,10:24:09.000,10:24:09.000,10:24:09.000,0,23458.8000,23458.8000,23458.8000,23458.8000,650,0.0000,38.3500,,47.6750,,Other,,0,False,False
772,10:24:21.000,10:24:09.000,10:24:21.000,12,23458.8000,23458.8000,23448.3000,23448.3000,845,-10.5000,38.613888888888888888888888889,0.263888888888888888888888889,47.7000,0.0250,Other,,0,False,False
773,10:24:32.000,10:24:21.000,10:24:32.000,11,23448.3000,23458.8000,23448.3000,23458.0000,650,9.7000,39.242424242424242424242424242,0.628535353535353535353535353,47.183783783783783783783783784,-0.516216216216216216216216216,Other,,0,False,False
774,10:25:21.000,10:24:32.000,10:25:21.000,49,23458.0000,23458.0000,23448.0000,23454.6000,1040,-3.4000,39.014748201438848920863309353,-0.227676040985393503379114889,47.24072847682119205298013245,0.056944693037408269196348666,Other,,0,False,False
775,10:25:23.000,10:25:21.000,10:25:23.000,2,23454.6000,23454.6000,23447.1000,23447.1000,715,-7.5000,37.8500,-1.164748201438848920863309353,48.8000,1.55927152317880794701986755,Other,,0,False,False
776,10:25:33.000,10:25:23.000,10:25:33.000,10,23447.1000,23454.0000,23447.1000,23454.0000,845,6.9000,37.88030303030303030303030303,0.03030303030303030303030303,48.611290322580645161290322581,-0.188709677419354838709677419,Other,,0,False,False
777,10:25:57.000,10:25:33.000,10:25:57.000,24,23454.0000,23454.0000,23447.0000,23454.0000,650,0.0000,37.653846153846153846153846154,-0.226456876456876456876456876,48.727027027027027027027027027,0.115736704446381865736704446,Other,,0,False,False
778,10:26:09.000,10:25:57.000,10:26:09.000,12,23454.0000,23454.0000,23445.1000,23446.0000,650,-8.0000,37.215384615384615384615384615,-0.438461538461538461538461539,49.0500,0.322972972972972972972972973,Other,,0,False,False
779,10:26:14.000,10:26:09.000,10:26:14.000,5,23446.0000,23446.0000,23444.0000,23444.0000,845,-2.0000,36.6875,-0.527884615384615384615384615,49.9125,0.8625,Other,,0,False,False
780,10:26:19.000,10:26:14.000,10:26:19.000,5,23444.0000,23444.0000,23444.0000,23444.0000,1040,0.0000,36.357142857142857142857142857,-0.330357142857142857142857143,50.1500,0.2375,Other,,0,False,False
781,10:26:22.000,10:26:19.000,10:26:22.000,3,23444.0000,23453.7000,23442.5000,23442.5000,845,-1.5000,35.9900,-0.367142857142857142857142857,50.6400,0.4900,Other,,0,False,False
782,10:26:32.000,10:26:22.000,10:26:32.000,10,23442.5000,23442.9000,23442.2000,23442.9000,715,0.4000,36.220967741935483870967741935,0.230967741935483870967741935,49.972413793103448275862068966,-0.667586206896551724137931034,Other,,0,False,False
783,10:26:51.000,10:26:32.000,10:26:51.000,19,23442.9000,23452.8000,23442.9000,23444.8000,715,1.9000,36.824193548387096774193548387,0.603225806451612903225806452,49.040322580645161290322580645,-0.932091212458286985539488321,Other,,0,False,False
784,10:27:03.000,10:26:51.000,10:27:03.000,12,23444.8000,23444.8000,23442.9000,23442.9000,715,-1.9000,36.034615384615384615384615385,-0.789578163771712158808933002,50.16025641025641025641025641,1.119933829611248966087675765,Other,,0,False,False
785,10:27:23.000,10:27:03.000,10:27:23.000,20,23442.9000,23451.1000,23442.9000,23450.0000,715,7.1000,36.170967741935483870967741935,0.136352357320099255583126550,49.5125,-0.64775641025641025641025641,Other,,0,False,False
786,10:27:24.000,10:27:23.000,10:27:24.000,1,23450.0000,23451.0000,23450.0000,23451.0000,975,1.0000,36.9500,0.779032258064516129032258065,48.2500,-1.2625,Other,,0,False,False
787,10:27:31.000,10:27:24.000,10:27:31.000,7,23451.0000,23451.0000,23443.5000,23450.0000,845,-1.0000,36.580952380952380952380952381,-0.369047619047619047619047619,49.119565217391304347826086957,0.869565217391304347826086957,Other,,0,False,False
788,10:27:33.000,10:27:31.000,10:27:33.000,2,23450.0000,23450.0000,23443.9000,23450.0000,975,0.0000,36.666666666666666666666666667,0.085714285714285714285714286,48.883333333333333333333333333,-0.236231884057971014492753624,Other,,0,False,False
789,10:27:55.000,10:27:33.000,10:27:55.000,22,23450.0000,23450.0000,23445.0000,23445.8000,650,-4.2000,36.807575757575757575757575758,0.140909090909090909090909091,48.634285714285714285714285714,-0.249047619047619047619047619,B,B,1,False,False
790,10:28:02.000,10:27:55.000,10:28:02.000,7,23445.8000,23445.8000,23445.4000,23445.4000,650,-0.4000,37.080434782608695652173913043,0.272859025032938076416337285,48.321739130434782608695652174,-0.312546583850931677018633540,B,B,2,False,True
791,10:28:22.000,10:28:02.000,10:28:22.000,20,23445.4000,23449.9000,23445.0000,23445.0000,2080,-0.4000,36.806896551724137931034482759,-0.273538230884557721139430284,49.085483870967741935483870968,0.763744740532959326788218794,Other,,0,False,False
792,10:28:22.000,10:28:22.000,10:28:22.000,0,23445.0000,23445.0000,23445.0000,23445.0000,1430,0.0000,,,,,Other,,0,False,False
793,10:28:23.000,10:28:23.000,10:28:23.000,0,23445.0000,23445.0000,23445.0000,23445.0000,780,0.0000,36.5500,,49.5500,,Other,,0,False,False
794,10:28:32.000,10:28:23.000,10:28:32.000,9,23445.0000,23445.4000,23443.5000,23445.4000,650,0.4000,36.537931034482758620689655172,-0.012068965517241379310344828,49.531034482758620689655172414,-0.018965517241379310344827586,Other,,0,False,False
795,10:28:45.000,10:28:32.000,10:28:45.000,13,23445.4000,23450.0000,23445.4000,23450.0000,1625,4.6000,37.123684210526315789473684211,0.585753176043557168784029039,48.538095238095238095238095238,-0.992939244663382594417077176,Other,,0,False,False
796,10:28:45.000,10:28:45.000,10:28:45.000,0,23450.0000,23450.0000,23450.0000,23450.0000,975,0.0000,,,,,Other,,0,False,False
797,10:29:01.000,10:28:47.000,10:29:01.000,14,23450.0000,23450.0000,23449.0000,23449.0000,780,-1.0000,37.309183673469387755102040816,,48.336666666666666666666666667,,Other,,0,False,False
798,10:29:09.000,10:29:01.000,10:29:09.000,8,23449.0000,23449.8000,23449.0000,23449.8000,845,0.8000,37.695833333333333333333333333,0.386649659863945578231292517,47.457692307692307692307692308,-0.878974358974358974358974359,Other,,0,False,False
799,10:29:14.000,10:29:09.000,10:29:14.000,5,23449.8000,23449.8000,23448.8000,23449.8000,715,0.0000,37.7000,0.004166666666666666666666667,47.5250,0.067307692307692307692307692,Other,,0,False,False
800,10:29:19.000,10:29:14.000,10:29:19.000,5,23449.8000,23449.9000,23449.7000,23449.9000,1040,0.1000,38.108333333333333333333333333,0.408333333333333333333333333,46.8875,-0.6375,Other,,0,False,False
801,10:29:21.000,10:29:19.000,10:29:21.000,2,23449.9000,23449.9000,23449.9000,23449.9000,715,0.0000,38.3500,0.241666666666666666666666667,46.1000,-0.7875,Other,,0,False,False
802,10:29:22.000,10:29:21.000,10:29:22.000,1,23449.9000,23450.0000,23449.9000,23450.0000,845,0.1000,38.7500,0.4000,45.5750,-0.5250,Other,,0,False,False
803,10:29:32.000,10:29:22.000,10:29:32.000,10,23450.0000,23453.0000,23449.9000,23449.9000,650,-0.1000,38.58030303030303030303030303,-0.16969696969696969696969697,46.113636363636363636363636364,0.538636363636363636363636364,Other,,0,False,False
804,10:29:34.000,10:29:32.000,10:29:34.000,2,23449.9000,23453.0000,23449.9000,23453.0000,650,3.1000,38.516666666666666666666666667,-0.063636363636363636363636363,46.3500,0.236363636363636363636363636,A,A,1,False,False
805,10:29:47.000,10:29:34.000,10:29:47.000,13,23453.0000,23454.9000,23453.0000,23454.9000,650,1.9000,37.9725,-0.544166666666666666666666667,47.4000,1.0500,A,A,2,True,False
806,10:29:55.000,10:29:47.000,10:29:55.000,8,23454.9000,23454.9000,23446.7000,23446.7000,650,-8.2000,37.4550,-0.5175,48.4750,1.0750,Other,,0,False,False
807,10:30:03.000,10:29:55.000,10:30:03.000,8,23446.7000,23452.9000,23445.0000,23445.0000,1755,-1.7000,36.9940,-0.4610,48.774074074074074074074074074,0.299074074074074074074074074,Other,,0,False,False
808,10:30:03.000,10:30:03.000,10:30:03.000,0,23445.0000,23445.0000,23445.0000,23445.0000,1105,0.0000,,,,,Other,,0,False,False
809,10:30:05.000,10:30:05.000,10:30:05.000,0,23445.0000,23445.0000,23445.0000,23445.0000,1755,0.0000,36.9750,,48.4000,,Other,,0,False,False
810,10:30:05.000,10:30:05.000,10:30:05.000,0,23445.0000,23445.0000,23445.0000,23445.0000,1105,0.0000,,,,,Other,,0,False,False
811,10:30:11.000,10:30:07.000,10:30:11.000,4,23445.0000,23454.0000,23445.0000,23454.0000,650,9.0000,36.9625,,48.8375,,Other,,0,False,False
812,10:30:18.000,10:30:11.000,10:30:18.000,7,23454.0000,23454.0000,23444.4000,23444.4000,975,-9.6000,36.6700,-0.2925,49.363636363636363636363636364,0.526136363636363636363636364,Other,,0,False,False
813,10:30:30.000,10:30:18.000,10:30:30.000,12,23444.4000,23444.4000,23444.4000,23444.4000,1300,0.0000,36.137142857142857142857142857,-0.532857142857142857142857143,50.27027027027027027027027027,0.906633906633906633906633906,Other,,0,False,False
814,10:30:30.000,10:30:30.000,10:30:30.000,0,23444.4000,23444.4000,23444.4000,23444.4000,650,0.0000,,,,,Other,,0,False,False
815,10:30:33.000,10:30:30.000,10:30:33.000,3,23444.4000,23450.0000,23443.5000,23450.0000,7215,5.6000,35.6400,,51.0600,,Other,,0,False,False
816,10:30:33.000,10:30:33.000,10:30:33.000,0,23450.0000,23450.0000,23450.0000,23450.0000,6565,0.0000,,,,,Other,,0,False,False
817,10:30:34.000,10:30:34.000,10:30:34.000,0,23442.0000,23442.0000,23442.0000,23442.0000,5915,-8.0000,34.8500,,51.9000,,Other,,0,False,False
818,10:30:34.000,10:30:34.000,10:30:34.000,0,23442.0000,23442.0000,23442.0000,23442.0000,5265,0.0000,,,,,Other,,0,False,False
819,10:30:35.000,10:30:35.000,10:30:35.000,0,23450.0000,23450.0000,23450.0000,23450.0000,6110,8.0000,34.9500,,51.7500,,Other,,0,False,False
820,10:30:35.000,10:30:35.000,10:30:35.000,0,23450.0000,23450.0000,23450.0000,23450.0000,5460,0.0000,,,,,Other,,0,False,False
821,10:30:36.000,10:30:36.000,10:30:36.000,0,23441.0000,23441.0000,23441.0000,23441.0000,4810,-9.0000,34.6000,,52.4250,,Other,,0,False,False
822,10:30:36.000,10:30:36.000,10:30:36.000,0,23441.0000,23441.0000,23441.0000,23441.0000,4160,0.0000,,,,,Other,,0,False,False
823,10:30:36.000,10:30:36.000,10:30:36.000,0,23440.1000,23440.1000,23440.1000,23440.1000,3965,-0.9000,,,,,Other,,0,False,False
824,10:30:36.000,10:30:36.000,10:30:36.000,0,23440.1000,23440.1000,23440.1000,23440.1000,3315,0.0000,,,,,Other,,0,False,False
825,10:30:37.000,10:30:37.000,10:30:37.000,0,23440.0000,23440.0000,23440.0000,23440.0000,2665,-0.1000,34.7750,,52.2000,,Other,,0,False,False
826,10:30:37.000,10:30:37.000,10:30:37.000,0,23440.0000,23440.0000,23440.0000,23440.0000,2015,0.0000,,,,,Other,,0,False,False
827,10:30:38.000,10:30:38.000,10:30:38.000,0,23440.0000,23440.0000,23440.0000,23440.0000,1820,0.0000,34.8000,,52.0500,,Other,,0,False,False
828,10:30:38.000,10:30:38.000,10:30:38.000,0,23440.0000,23440.0000,23440.0000,23440.0000,1170,0.0000,,,,,Other,,0,False,False
829,10:30:40.000,10:30:39.000,10:30:40.000,1,23440.0000,23440.0000,23440.0000,23440.0000,1105,0.0000,34.7250,,52.2500,,Other,,0,False,False
830,10:30:43.000,10:30:40.000,10:30:43.000,3,23440.0000,23449.9000,23438.0000,23438.0000,2275,-2.0000,34.0500,-0.6750,53.1600,0.9100,Other,,0,False,False
831,10:30:43.000,10:30:43.000,10:30:43.000,0,23438.0000,23438.0000,23438.0000,23438.0000,1625,0.0000,,,,,Other,,0,False,False
832,10:30:45.000,10:30:45.000,10:30:45.000,0,23438.0000,23438.0000,23438.0000,23438.0000,975,0.0000,34.2250,,53.0000,,Other,,0,False,False
833,10:30:48.000,10:30:45.000,10:30:48.000,3,23438.0000,23440.3000,23437.7000,23437.7000,780,-0.3000,34.2200,-0.0050,52.9900,-0.0100,Other,,0,False,False
834,10:30:51.000,10:30:48.000,10:30:51.000,3,23437.7000,23449.9000,23437.5000,23437.5000,715,-0.2000,34.0625,-0.1575,53.1125,0.1225,Other,,0,False,False
835,10:30:55.000,10:30:51.000,10:30:55.000,4,23437.5000,23437.5000,23434.2000,23434.2000,3120,-3.3000,32.966666666666666666666666667,-1.095833333333333333333333333,54.533333333333333333333333333,1.420833333333333333333333333,Other,,0,False,False
836,10:30:55.000,10:30:55.000,10:30:55.000,0,23434.2000,23434.2000,23434.2000,23434.2000,2470,0.0000,,,,,Other,,0,False,False
837,10:30:56.000,10:30:56.000,10:30:56.000,0,23446.7000,23446.7000,23446.7000,23446.7000,1820,12.5000,32.8000,,54.8500,,Other,,0,False,False
838,10:30:56.000,10:30:56.000,10:30:56.000,0,23446.7000,23446.7000,23446.7000,23446.7000,1170,0.0000,,,,,Other,,0,False,False
839,10:30:56.000,10:30:56.000,10:30:56.000,0,23446.7000,23446.7000,23446.7000,23446.7000,2210,0.0000,,,,,Other,,0,False,False
840,10:30:56.000,10:30:56.000,10:30:56.000,0,23446.7000,23446.7000,23446.7000,23446.7000,1560,0.0000,,,,,Other,,0,False,False
841,10:30:56.000,10:30:56.000,10:30:56.000,0,23434.0000,23434.0000,23434.0000,23434.0000,910,-12.7000,,,,,Other,,0,False,False
842,10:30:58.000,10:30:56.000,10:30:58.000,2,23434.0000,23436.5000,23434.0000,23436.5000,910,2.5000,32.833333333333333333333333333,,54.6250,,Other,,0,False,False
843,10:30:59.000,10:30:58.000,10:30:59.000,1,23436.5000,23436.5000,23433.7000,23433.7000,780,-2.8000,32.6250,-0.208333333333333333333333333,54.816666666666666666666666667,0.191666666666666666666666667,Other,,0,False,False
844,10:31:04.000,10:30:59.000,10:31:04.000,5,23433.7000,23437.6000,23431.9000,23431.9000,715,-1.8000,31.988235294117647058823529412,-0.636764705882352941176470588,56.379411764705882352941176471,1.562745098039215686274509804,Other,,0,False,False
845,10:31:06.000,10:31:04.000,10:31:06.000,2,23431.9000,23443.1000,23430.2000,23430.2000,4745,-1.7000,31.8250,-0.163235294117647058823529412,57.433333333333333333333333333,1.053921568627450980392156862,Other,,0,False,False
846,10:31:06.000,10:31:06.000,10:31:06.000,0,23430.2000,23430.2000,23430.2000,23430.2000,4095,0.0000,,,,,Other,,0,False,False
847,10:31:07.000,10:31:07.000,10:31:07.000,0,23436.9000,23436.9000,23436.9000,23436.9000,3445,6.7000,31.8750,,57.7000,,Other,,0,False,False
848,10:31:07.000,10:31:07.000,10:31:07.000,0,23436.9000,23436.9000,23436.9000,23436.9000,2795,0.0000,,,,,Other,,0,False,False
849,10:31:07.000,10:31:07.000,10:31:07.000,0,23430.6000,23430.6000,23430.6000,23430.6000,2145,-6.3000,,,,,Other,,0,False,False
850,10:31:07.000,10:31:07.000,10:31:07.000,0,23430.6000,23430.6000,23430.6000,23430.6000,1495,0.0000,,,,,Other,,0,False,False
851,10:31:08.000,10:31:08.000,10:31:08.000,0,23430.6000,23430.6000,23430.6000,23430.6000,1040,0.0000,31.6000,,57.4500,,Other,,0,False,False
852,10:31:09.000,10:31:08.000,10:31:09.000,1,23430.6000,23430.6000,23427.2000,23427.2000,1950,-3.4000,30.9000,-0.7000,59.4000,1.9500,Other,,0,False,False
853,10:31:09.000,10:31:09.000,10:31:09.000,0,23427.2000,23427.2000,23427.2000,23427.2000,1300,0.0000,,,,,Other,,0,False,False
854,10:31:11.000,10:31:11.000,10:31:11.000,0,23427.3000,23427.3000,23427.3000,23427.3000,910,0.1000,30.6500,,58.7500,,Other,,0,False,False
855,10:31:14.000,10:31:11.000,10:31:14.000,3,23427.3000,23427.3000,23426.2000,23426.4000,845,-0.9000,30.9750,0.3250,58.483333333333333333333333333,-0.266666666666666666666666667,B,B,1,False,False
856,10:31:17.000,10:31:14.000,10:31:17.000,3,23426.4000,23427.2000,23426.4000,23426.8000,780,0.4000,30.9900,0.0150,58.4400,-0.043333333333333333333333333,Other,,0,False,False
857,10:31:22.000,10:31:17.000,10:31:22.000,5,23426.8000,23443.0000,23426.8000,23429.4000,1950,2.6000,32.128571428571428571428571429,1.138571428571428571428571429,56.185714285714285714285714286,-2.254285714285714285714285714,Other,,0,False,False
858,10:31:22.000,10:31:22.000,10:31:22.000,0,23429.4000,23429.4000,23429.4000,23429.4000,1300,0.0000,,,,,Other,,0,False,False
859,10:31:24.000,10:31:24.000,10:31:24.000,0,23430.4000,23430.4000,23430.4000,23430.4000,715,1.0000,32.2250,,56.0000,,Other,,0,False,False
860,10:31:29.000,10:31:24.000,10:31:29.000,5,23430.4000,23435.0000,23429.8000,23435.0000,1105,4.6000,31.8625,-0.3625,57.19375,1.19375,A,A,1,False,False
861,10:31:32.000,10:31:29.000,10:31:32.000,3,23435.0000,23435.0000,23428.8000,23428.8000,845,-6.2000,31.290909090909090909090909091,-0.571590909090909090909090909,58.555555555555555555555555556,1.361805555555555555555555556,Other,,0,False,False
862,10:31:37.000,10:31:32.000,10:31:37.000,5,23428.8000,23442.4000,23428.7000,23442.4000,2535,13.6000,31.314285714285714285714285714,0.023376623376623376623376623,58.0750,-0.480555555555555555555555556,Other,,0,False,False
863,10:31:37.000,10:31:37.000,10:31:37.000,0,23442.4000,23442.4000,23442.4000,23442.4000,1885,0.0000,,,,,Other,,0,False,False
864,10:31:38.000,10:31:38.000,10:31:38.000,0,23430.0000,23430.0000,23430.0000,23430.0000,1235,-12.4000,31.4000,,57.9500,,Other,,0,False,False
865,10:31:39.000,10:31:38.000,10:31:39.000,1,23430.0000,23430.0000,23429.3000,23429.3000,715,-0.7000,31.4000,0.0000,58.0000,0.0500,Other,,0,False,False
866,10:31:42.000,10:31:39.000,10:31:42.000,3,23429.3000,23440.0000,23428.3000,23428.3000,975,-1.0000,31.4000,0.0000,58.1750,0.1750,Other,,0,False,False
867,10:31:44.000,10:31:42.000,10:31:44.000,2,23428.3000,23429.1000,23428.3000,23429.1000,650,0.8000,31.816666666666666666666666667,0.416666666666666666666666667,56.7000,-1.4750,Other,,0,False,False
868,10:31:52.000,10:31:44.000,10:31:52.000,8,23429.1000,23443.6000,23429.1000,23430.9000,650,1.8000,32.066666666666666666666666667,0.250000000000000000000000000,56.2125,-0.4875,Other,,0,False,False
869,10:31:59.000,10:31:52.000,10:31:59.000,7,23430.9000,23442.9000,23430.6000,23442.9000,1105,12.0000,32.081818181818181818181818182,0.015151515151515151515151515,56.140909090909090909090909091,-0.071590909090909090909090909,Other,,0,False,False
870,10:32:02.000,10:31:59.000,10:32:02.000,3,23442.9000,23442.9000,23431.1000,23431.1000,650,-11.8000,31.963636363636363636363636364,-0.118181818181818181818181818,56.486363636363636363636363636,0.345454545454545454545454545,Other,,0,False,False
871,10:32:10.000,10:32:02.000,10:32:10.000,8,23431.1000,23442.9000,23430.4000,23430.4000,1495,-0.7000,31.9250,-0.038636363636363636363636364,56.633333333333333333333333333,0.146969696969696969696969697,Other,,0,False,False
872,10:32:10.000,10:32:10.000,10:32:10.000,0,23430.4000,23430.4000,23430.4000,23430.4000,845,0.0000,,,,,Other,,0,False,False
873,10:32:17.000,10:32:12.000,10:32:17.000,5,23430.4000,23430.4000,23430.0000,23430.0000,975,-0.4000,31.5950,,57.2400,,Other,,0,False,False
874,10:32:20.000,10:32:17.000,10:32:20.000,3,23430.0000,23430.4000,23429.8000,23429.8000,1040,-0.2000,31.7700,0.1750,57.0400,-0.2000,B,B,1,False,False
875,10:32:29.000,10:32:20.000,10:32:29.000,9,23429.8000,23439.8000,23429.8000,23439.8000,715,10.0000,31.942307692307692307692307692,0.172307692307692307692307692,56.3000,-0.7400,Other,,0,False,False
876,10:32:34.000,10:32:29.000,10:32:34.000,5,23439.8000,23439.8000,23429.5000,23429.5000,715,-10.3000,31.276315789473684210526315789,-0.665991902834008097165991903,57.739473684210526315789473684,1.439473684210526315789473684,Other,,0,False,False
877,10:32:42.000,10:32:34.000,10:32:42.000,8,23429.5000,23439.8000,23428.2000,23428.2000,1625,-1.3000,30.933333333333333333333333333,-0.342982456140350877192982456,58.457692307692307692307692308,0.718218623481781376518218624,Other,,0,False,False
878,10:32:42.000,10:32:42.000,10:32:42.000,0,23428.2000,23428.2000,23428.2000,23428.2000,975,0.0000,,,,,Other,,0,False,False
879,10:32:45.000,10:32:44.000,10:32:45.000,1,23428.2000,23429.8000,23428.2000,23428.9000,650,0.7000,30.9375,,58.5500,,Other,,0,False,False
880,10:32:47.000,10:32:45.000,10:32:47.000,2,23428.9000,23439.8000,23428.9000,23439.8000,2210,10.9000,30.866666666666666666666666667,-0.070833333333333333333333333,58.683333333333333333333333333,0.133333333333333333333333333,A,A,1,False,False
881,10:32:47.000,10:32:47.000,10:32:47.000,0,23439.8000,23439.8000,23439.8000,23439.8000,1560,0.0000,,,,,Other,,0,False,False
882,10:32:48.000,10:32:48.000,10:32:48.000,0,23439.9000,23439.9000,23439.9000,23439.9000,910,0.1000,30.8500,,58.3000,,Other,,0,False,False
883,10:32:49.000,10:32:48.000,10:32:49.000,1,23439.9000,23439.9000,23428.5000,23428.5000,780,-11.4000,30.8500,0.0000,58.4000,0.1000,Other,,0,False,False
884,10:32:52.000,10:32:49.000,10:32:52.000,3,23428.5000,23439.8000,23428.0000,23428.0000,715,-0.5000,30.7800,-0.0700,58.7800,0.3800,Other,,0,False,False
885,10:32:54.000,10:32:52.000,10:32:54.000,2,23428.0000,23428.0000,23426.5000,23426.5000,1625,-1.5000,29.3500,-1.4300,62.5250,3.7450,Other,,0,False,False
886,10:32:54.000,10:32:54.000,10:32:54.000,0,23426.5000,23426.5000,23426.5000,23426.5000,975,0.0000,,,,,Other,,0,False,False
887,10:32:57.000,10:32:55.000,10:32:57.000,2,23426.0000,23436.2000,23425.5000,23436.2000,2665,9.7000,29.2400,,62.1000,,Other,,0,False,False
888,10:32:57.000,10:32:57.000,10:32:57.000,0,23436.2000,23436.2000,23436.2000,23436.2000,2015,0.0000,,,,,Other,,0,False,False
889,10:32:58.000,10:32:58.000,10:32:58.000,0,23423.4000,23423.4000,23423.4000,23423.4000,1365,-12.8000,55.4750,,37.8250,,Other,,0,False,False
890,10:32:58.000,10:32:58.000,10:32:58.000,0,23423.4000,23423.4000,23423.4000,23423.4000,715,0.0000,,,,,Other,,0,False,False
891,10:32:59.000,10:32:58.000,10:32:59.000,1,23423.0000,23423.0000,23423.0000,23423.0000,1105,-0.4000,55.7500,,37.7500,,Other,,0,False,False
892,10:33:00.000,10:32:59.000,10:33:00.000,1,23423.0000,23423.4000,23423.0000,23423.4000,1105,0.4000,55.3300,-0.4200,37.9900,0.2400,A,A,1,False,False
893,10:33:02.000,10:33:00.000,10:33:02.000,2,23423.4000,23423.4000,23422.7000,23422.7000,1300,-0.7000,55.3500,0.0200,38.133333333333333333333333333,0.143333333333333333333333333,Other,,0,False,False
894,10:33:02.000,10:33:02.000,10:33:02.000,0,23422.7000,23422.7000,23422.7000,23422.7000,650,0.0000,,,,,Other,,0,False,False
895,10:33:04.000,10:33:03.000,10:33:04.000,1,23422.2000,23422.2000,23422.1000,23422.1000,7345,-0.6000,55.7500,,38.3000,,Other,,0,False,False
896,10:33:04.000,10:33:04.000,10:33:04.000,0,23422.1000,23422.1000,23422.1000,23422.1000,6695,0.0000,,,,,Other,,0,False,False
897,10:33:05.000,10:33:05.000,10:33:05.000,0,23421.8000,23421.8000,23421.8000,23421.8000,6045,-0.3000,55.4500,,38.7000,,Other,,0,False,False
898,10:33:05.000,10:33:05.000,10:33:05.000,0,23421.8000,23421.8000,23421.8000,23421.8000,5395,0.0000,,,,,Other,,0,False,False
899,10:33:05.000,10:33:05.000,10:33:05.000,0,23422.2000,23422.2000,23422.2000,23422.2000,12220,0.4000,,,,,Other,,0,False,False
900,10:33:05.000,10:33:05.000,10:33:05.000,0,23422.2000,23422.2000,23422.2000,23422.2000,11570,0.0000,,,,,Other,,0,False,False
901,10:33:07.000,10:33:07.000,10:33:07.000,0,23422.2000,23422.2000,23422.2000,23422.2000,10920,0.0000,55.7500,,38.2750,,Other,,0,False,False
902,10:33:07.000,10:33:07.000,10:33:07.000,0,23422.2000,23422.2000,23422.2000,23422.2000,10270,0.0000,,,,,Other,,0,False,False
903,10:33:09.000,10:33:09.000,10:33:09.000,0,23422.2000,23422.2000,23422.2000,23422.2000,9620,0.0000,57.1000,,36.8500,,Other,,0,False,False
904,10:33:09.000,10:33:09.000,10:33:09.000,0,23422.2000,23422.2000,23422.2000,23422.2000,8970,0.0000,,,,,Other,,0,False,False
905,10:33:10.000,10:33:10.000,10:33:10.000,0,23422.2000,23422.2000,23422.2000,23422.2000,8320,0.0000,57.1000,,36.9000,,Other,,0,False,False
906,10:33:10.000,10:33:10.000,10:33:10.000,0,23422.2000,23422.2000,23422.2000,23422.2000,7670,0.0000,,,,,Other,,0,False,False
907,10:33:12.000,10:33:12.000,10:33:12.000,0,23426.1000,23426.1000,23426.1000,23426.1000,9620,3.9000,30.5500,,60.1000,,Other,,0,False,False
908,10:33:12.000,10:33:12.000,10:33:12.000,0,23426.1000,23426.1000,23426.1000,23426.1000,8970,0.0000,,,,,Other,,0,False,False
909,10:33:12.000,10:33:12.000,10:33:12.000,0,23426.0000,23426.0000,23426.0000,23426.0000,8320,-0.1000,,,,,Other,,0,False,False
910,10:33:12.000,10:33:12.000,10:33:12.000,0,23426.0000,23426.0000,23426.0000,23426.0000,7670,0.0000,,,,,Other,,0,False,False
911,10:33:14.000,10:33:14.000,10:33:14.000,0,23426.0000,23426.0000,23426.0000,23426.0000,7085,0.0000,30.7500,,60.1000,,Other,,0,False,False
912,10:33:14.000,10:33:14.000,10:33:14.000,0,23426.0000,23426.0000,23426.0000,23426.0000,6435,0.0000,,,,,Other,,0,False,False
913,10:33:14.000,10:33:14.000,10:33:14.000,0,23434.0000,23434.0000,23434.0000,23434.0000,5785,8.0000,,,,,Other,,0,False,False
914,10:33:14.000,10:33:14.000,10:33:14.000,0,23434.0000,23434.0000,23434.0000,23434.0000,5135,0.0000,,,,,Other,,0,False,False
915,10:33:15.000,10:33:15.000,10:33:15.000,0,23434.0000,23434.0000,23434.0000,23434.0000,4550,0.0000,30.616666666666666666666666667,,60.2500,,Other,,0,False,False
916,10:33:15.000,10:33:15.000,10:33:15.000,0,23434.0000,23434.0000,23434.0000,23434.0000,3900,0.0000,,,,,Other,,0,False,False
917,10:33:17.000,10:33:17.000,10:33:17.000,0,23434.0000,23434.0000,23434.0000,23434.0000,3315,0.0000,30.5750,,60.1750,,Other,,0,False,False
918,10:33:17.000,10:33:17.000,10:33:17.000,0,23434.0000,23434.0000,23434.0000,23434.0000,2665,0.0000,,,,,Other,,0,False,False
919,10:33:17.000,10:33:17.000,10:33:17.000,0,23426.3000,23426.3000,23426.3000,23426.3000,2015,-7.7000,,,,,Other,,0,False,False
920,10:33:17.000,10:33:17.000,10:33:17.000,0,23426.3000,23426.3000,23426.3000,23426.3000,1365,0.0000,,,,,Other,,0,False,False
921,10:33:19.000,10:33:19.000,10:33:19.000,0,23426.3000,23426.3000,23426.3000,23426.3000,780,0.0000,30.6500,,59.8000,,Other,,0,False,False
922,10:33:22.000,10:33:19.000,10:33:22.000,3,23426.3000,23426.8000,23425.4000,23425.8000,650,-0.5000,30.3375,-0.3125,60.1100,0.3100,Other,,0,False,False
923,10:33:29.000,10:33:22.000,10:33:29.000,7,23425.8000,23434.0000,23425.8000,23427.0000,910,1.2000,29.790909090909090909090909091,-0.546590909090909090909090909,61.063636363636363636363636364,0.953636363636363636363636364,A,A,1,False,False
924,10:33:32.000,10:33:29.000,10:33:32.000,3,23427.0000,23427.0000,23427.0000,23427.0000,845,0.0000,29.5500,-0.240909090909090909090909091,62.183333333333333333333333333,1.119696969696969696969696969,Other,,0,False,False
925,10:33:34.000,10:33:32.000,10:33:34.000,2,23427.0000,23427.0000,23423.9000,23423.9000,975,-3.1000,54.516666666666666666666666667,,39.5500,,Other,,0,False,False
926,10:33:37.000,10:33:34.000,10:33:37.000,3,23423.9000,23423.9000,23422.1000,23422.3000,975,-1.6000,54.5500,0.033333333333333333333333333,39.5700,0.0200,Other,,0,False,False
927,10:33:40.000,10:33:37.000,10:33:40.000,3,23422.3000,23422.6000,23422.3000,23422.6000,650,0.3000,55.1400,0.5900,38.7100,-0.8600,Other,,0,False,False
928,10:33:44.000,10:33:40.000,10:33:44.000,4,23422.6000,23427.1000,23422.2000,23422.2000,715,-0.4000,54.991666666666666666666666667,-0.148333333333333333333333333,38.7500,0.0400,Other,,0,False,False
929,10:33:54.000,10:33:44.000,10:33:54.000,10,23422.2000,23433.9000,23421.7000,23424.5000,715,2.3000,54.6875,-0.304166666666666666666666667,39.246666666666666666666666667,0.496666666666666666666666667,A,A,1,False,False
930,10:34:03.000,10:33:54.000,10:34:03.000,9,23424.5000,23427.0000,23421.5000,23423.3000,650,-1.2000,55.362962962962962962962962963,0.675462962962962962962962963,38.440740740740740740740740741,-0.805925925925925925925925926,B,B,1,False,False
931,10:34:12.000,10:34:03.000,10:34:12.000,9,23423.3000,23427.0000,23422.2000,23422.8000,650,-0.5000,55.011538461538461538461538462,-0.351424501424501424501424501,38.903571428571428571428571429,0.462830687830687830687830688,Other,,0,False,False
932,10:34:23.000,10:34:12.000,10:34:23.000,11,23422.8000,23430.0000,23422.8000,23430.0000,845,7.2000,30.161764705882352941176470588,,61.044117647058823529411764706,,Other,,0,False,False
933,10:34:31.000,10:34:23.000,10:34:31.000,8,23430.0000,23430.0000,23426.0000,23430.0000,715,0.0000,30.6620,0.500235294117647058823529412,59.5400,-1.504117647058823529411764706,Other,,0,False,False
934,10:34:43.000,10:34:31.000,10:34:43.000,12,23430.0000,23435.0000,23427.1000,23427.1000,1170,-2.9000,30.852777777777777777777777778,0.190777777777777777777777778,58.994736842105263157894736842,-0.545263157894736842105263158,B,B,1,False,False
935,10:34:46.000,10:34:43.000,10:34:46.000,3,23427.1000,23435.0000,23427.1000,23435.0000,650,7.9000,30.8625,0.009722222222222222222222222,59.2200,0.225263157894736842105263158,Other,,0,False,False
936,10:34:51.000,10:34:46.000,10:34:51.000,5,23435.0000,23435.0000,23426.1000,23426.1000,1170,-8.9000,30.9000,0.0375,59.242857142857142857142857143,0.022857142857142857142857143,Other,,0,False,False
937,10:34:53.000,10:34:51.000,10:34:53.000,2,23426.1000,23426.3000,23426.1000,23426.3000,1105,0.2000,30.666666666666666666666666667,-0.233333333333333333333333333,59.983333333333333333333333333,0.740476190476190476190476190,A,A,1,False,False
938,10:34:55.000,10:34:53.000,10:34:55.000,2,23426.3000,23426.4000,23426.2000,23426.4000,715,0.1000,30.8500,0.183333333333333333333333333,60.033333333333333333333333333,0.050000000000000000000000000,Other,,0,False,False
939,10:35:00.000,10:34:55.000,10:35:00.000,5,23426.4000,23435.0000,23425.0000,23425.0000,2080,-1.4000,56.853333333333333333333333333,,36.494117647058823529411764706,,Other,,0,False,False
940,10:35:00.000,10:35:00.000,10:35:00.000,0,23425.0000,23425.0000,23425.0000,23425.0000,1430,0.0000,,,,,Other,,0,False,False
941,10:35:00.000,10:35:00.000,10:35:00.000,0,23425.0000,23425.0000,23425.0000,23425.0000,780,0.0000,,,,,Other,,0,False,False
942,10:35:01.000,10:35:01.000,10:35:01.000,0,23425.2000,23425.2000,23423.8000,23423.8000,1235,-1.2000,56.4500,,37.1250,,Other,,0,False,False
943,10:35:03.000,10:35:01.000,10:35:03.000,2,23423.8000,23435.0000,23423.8000,23435.0000,650,11.2000,30.216666666666666666666666667,,61.416666666666666666666666667,,Other,,0,False,False
944,10:35:08.000,10:35:03.000,10:35:08.000,5,23435.0000,23435.0000,23422.4000,23422.4000,1105,-12.6000,55.8125,,37.74375,,Other,,0,False,False
945,10:35:10.000,10:35:08.000,10:35:10.000,2,23422.4000,23422.4000,23421.0000,23421.0000,1625,-1.4000,55.383333333333333333333333333,-0.429166666666666666666666667,38.066666666666666666666666667,0.322916666666666666666666667,Other,,0,False,False
946,10:35:10.000,10:35:10.000,10:35:10.000,0,23421.0000,23421.0000,23421.0000,23421.0000,975,0.0000,,,,,Other,,0,False,False
947,10:35:11.000,10:35:11.000,10:35:11.000,0,23420.9000,23420.9000,23419.2000,23419.2000,5850,-1.8000,54.6500,,38.9750,,Other,,0,False,False
948,10:35:11.000,10:35:11.000,10:35:11.000,0,23419.2000,23419.2000,23419.2000,23419.2000,5200,0.0000,,,,,Other,,0,False,False
949,10:35:13.000,10:35:13.000,10:35:13.000,0,23433.1000,23433.1000,23433.1000,23433.1000,4550,13.9000,29.4250,,63.4500,,Other,,0,False,False
950,10:35:13.000,10:35:13.000,10:35:13.000,0,23433.1000,23433.1000,23433.1000,23433.1000,3900,0.0000,,,,,Other,,0,False,False
951,10:35:13.000,10:35:13.000,10:35:13.000,0,23433.1000,23433.1000,23433.1000,23433.1000,3315,0.0000,,,,,Other,,0,False,False
952,10:35:13.000,10:35:13.000,10:35:13.000,0,23433.1000,23433.1000,23433.1000,23433.1000,2665,0.0000,,,,,Other,,0,False,False
953,10:35:14.000,10:35:14.000,10:35:14.000,0,23419.0000,23419.0000,23419.0000,23419.0000,2015,-14.1000,54.3250,,39.1250,,Other,,0,False,False
954,10:35:14.000,10:35:14.000,10:35:14.000,0,23419.0000,23419.0000,23419.0000,23419.0000,1365,0.0000,,,,,Other,,0,False,False
955,10:35:15.000,10:35:15.000,10:35:15.000,0,23419.0000,23419.0000,23419.0000,23419.0000,780,0.0000,53.7500,,39.8500,,Other,,0,False,False
956,10:35:25.000,10:35:15.000,10:35:25.000,10,23419.0000,23419.0000,23415.6000,23415.6000,4550,-3.4000,54.040625,0.290625,39.6800,-0.1700,B,B,1,False,False
957,10:35:25.000,10:35:25.000,10:35:25.000,0,23415.6000,23415.6000,23415.6000,23415.6000,3900,0.0000,,,,,Other,,0,False,False
958,10:35:26.000,10:35:26.000,10:35:26.000,0,23414.8000,23414.8000,23414.8000,23414.8000,3250,-0.8000,53.2750,,41.1500,,Other,,0,False,False
959,10:35:26.000,10:35:26.000,10:35:26.000,0,23414.8000,23414.8000,23414.8000,23414.8000,2600,0.0000,,,,,Other,,0,False,False
960,10:35:26.000,10:35:26.000,10:35:26.000,0,23415.1000,23415.1000,23415.1000,23415.1000,10790,0.3000,,,,,Other,,0,False,False
961,10:35:26.000,10:35:26.000,10:35:26.000,0,23415.1000,23415.1000,23415.1000,23415.1000,10140,0.0000,,,,,Other,,0,False,False
962,10:35:28.000,10:35:28.000,10:35:28.000,0,23414.4000,23414.4000,23414.4000,23414.4000,9490,-0.7000,53.1000,,41.4250,,Other,,0,False,False
963,10:35:28.000,10:35:28.000,10:35:28.000,0,23414.4000,23414.4000,23414.4000,23414.4000,8840,0.0000,,,,,Other,,0,False,False
964,10:35:28.000,10:35:28.000,10:35:28.000,0,23414.4000,23414.4000,23414.4000,23414.4000,8710,0.0000,,,,,Other,,0,False,False
965,10:35:28.000,10:35:28.000,10:35:28.000,0,23414.4000,23414.4000,23414.4000,23414.4000,8060,0.0000,,,,,Other,,0,False,False
966,10:35:29.000,10:35:29.000,10:35:29.000,0,23427.4000,23427.4000,23427.4000,23427.4000,7410,13.0000,28.7500,,66.9500,,Other,,0,False,False
967,10:35:29.000,10:35:29.000,10:35:29.000,0,23427.4000,23427.4000,23427.4000,23427.4000,6760,0.0000,,,,,Other,,0,False,False
968,10:35:30.000,10:35:30.000,10:35:30.000,0,23427.5000,23427.5000,23427.5000,23427.5000,6110,0.1000,28.8600,,66.4300,,Other,,0,False,False
969,10:35:30.000,10:35:30.000,10:35:30.000,0,23427.5000,23427.5000,23427.5000,23427.5000,5460,0.0000,,,,,Other,,0,False,False
970,10:35:30.000,10:35:30.000,10:35:30.000,0,23427.5000,23427.5000,23427.5000,23427.5000,7800,0.0000,,,,,Other,,0,False,False
971,10:35:30.000,10:35:30.000,10:35:30.000,0,23427.5000,23427.5000,23427.5000,23427.5000,7150,0.0000,,,,,Other,,0,False,False
972,10:35:30.000,10:35:30.000,10:35:30.000,0,23427.5000,23427.5000,23427.5000,23427.5000,6500,0.0000,,,,,Other,,0,False,False
973,10:35:31.000,10:35:31.000,10:35:31.000,0,23427.5000,23427.5000,23427.5000,23427.5000,5980,0.0000,28.8000,,66.9750,,Other,,0,False,False
974,10:35:31.000,10:35:31.000,10:35:31.000,0,23427.5000,23427.5000,23427.5000,23427.5000,5330,0.0000,,,,,Other,,0,False,False
975,10:35:32.000,10:35:32.000,10:35:32.000,0,23427.7000,23427.7000,23427.7000,23427.7000,4680,0.2000,28.6500,,67.4500,,Other,,0,False,False
976,10:35:32.000,10:35:32.000,10:35:32.000,0,23427.7000,23427.7000,23427.7000,23427.7000,4030,0.0000,,,,,Other,,0,False,False
977,10:35:33.000,10:35:33.000,10:35:33.000,0,23427.6000,23427.6000,23427.6000,23427.6000,3380,-0.1000,28.8250,,66.8000,,Other,,0,False,False
978,10:35:33.000,10:35:33.000,10:35:33.000,0,23427.6000,23427.6000,23427.6000,23427.6000,2730,0.0000,,,,,Other,,0,False,False
979,10:35:33.000,10:35:33.000,10:35:33.000,0,23427.6000,23427.6000,23427.6000,23427.6000,2275,0.0000,,,,,Other,,0,False,False
980,10:35:33.000,10:35:33.000,10:35:33.000,0,23427.6000,23427.6000,23427.6000,23427.6000,1625,0.0000,,,,,Other,,0,False,False
981,10:35:35.000,10:35:35.000,10:35:35.000,0,23427.6000,23427.6000,23427.6000,23427.6000,975,0.0000,28.8250,,66.7000,,Other,,0,False,False
982,10:35:36.000,10:35:35.000,10:35:36.000,1,23427.6000,23427.6000,23415.5000,23415.5000,650,-12.1000,53.3000,,41.0250,,Other,,0,False,False
983,10:35:46.000,10:35:36.000,10:35:46.000,10,23415.5000,23424.9000,23415.5000,23424.9000,845,9.4000,53.2750,-0.0250,41.321875,0.296875,A,A,1,False,False
984,10:35:53.000,10:35:46.000,10:35:53.000,7,23424.9000,23425.0000,23412.7000,23412.7000,3380,-12.2000,52.1450,-1.1300,42.040909090909090909090909091,0.719034090909090909090909091,Other,,0,False,False
985,10:35:53.000,10:35:53.000,10:35:53.000,0,23412.7000,23412.7000,23412.7000,23412.7000,2730,0.0000,,,,,Other,,0,False,False
986,10:35:55.000,10:35:55.000,10:35:55.000,0,23424.8000,23424.8000,23424.8000,23424.8000,2080,12.1000,51.8500,,42.1000,,Other,,0,False,False
987,10:35:55.000,10:35:55.000,10:35:55.000,0,23424.8000,23424.8000,23424.8000,23424.8000,1430,0.0000,,,,,Other,,0,False,False
988,10:35:55.000,10:35:55.000,10:35:55.000,0,23424.8000,23424.8000,23424.8000,23424.8000,975,0.0000,,,,,Other,,0,False,False
989,10:35:58.000,10:35:55.000,10:35:58.000,3,23424.8000,23424.8000,23412.3000,23413.7000,650,-11.1000,51.4900,,42.2000,,Other,,0,False,False
990,10:36:01.000,10:35:58.000,10:36:01.000,3,23413.7000,23425.0000,23412.5000,23425.0000,3575,11.3000,51.605555555555555555555555556,0.115555555555555555555555556,42.1500,-0.0500,Other,,0,False,False
991,10:36:01.000,10:36:01.000,10:36:01.000,0,23425.0000,23425.0000,23425.0000,23425.0000,2925,0.0000,,,,,Other,,0,False,False
992,10:36:03.000,10:36:03.000,10:36:03.000,0,23412.2000,23412.2000,23412.2000,23412.2000,2275,-12.8000,51.6500,,42.2750,,Other,,0,False,False
993,10:36:03.000,10:36:03.000,10:36:03.000,0,23412.2000,23412.2000,23412.2000,23412.2000,1625,0.0000,,,,,Other,,0,False,False
994,10:36:03.000,10:36:03.000,10:36:03.000,0,23412.2000,23412.2000,23412.2000,23412.2000,1105,0.0000,,,,,Other,,0,False,False
995,10:36:05.000,10:36:03.000,10:36:05.000,2,23412.2000,23415.0000,23412.2000,23415.0000,650,2.8000,51.866666666666666666666666667,,42.1500,,Other,,0,False,False
996,10:36:11.000,10:36:05.000,10:36:11.000,6,23415.0000,23424.0000,23415.0000,23415.7000,650,0.7000,52.3400,0.473333333333333333333333333,41.4950,-0.6550,Other,,0,False,False
997,10:36:19.000,10:36:11.000,10:36:19.000,8,23415.7000,23424.0000,23415.7000,23424.0000,715,8.3000,53.1625,0.8225,40.766666666666666666666666667,-0.728333333333333333333333333,Other,,0,False,False
998,10:36:26.000,10:36:19.000,10:36:26.000,7,23424.0000,23424.0000,23415.8000,23415.8000,650,-8.2000,52.495833333333333333333333333,-0.666666666666666666666666667,42.045833333333333333333333333,1.279166666666666666666666666,Other,,0,False,False
999,10:36:53.000,10:36:26.000,10:36:53.000,27,23415.8000,23424.0000,23415.8000,23417.0000,650,1.2000,52.258045977011494252873563218,-0.237787356321839080459770115,42.018823529411764705882352941,-0.027009803921568627450980392,Other,,0,False,False
1000,10:37:20.000,10:36:53.000,10:37:20.000,27,23417.0000,23424.0000,23417.0000,23418.0000,715,1.0000,52.644252873563218390804597701,0.386206896551724137931034483,41.412962962962962962962962963,-0.605860566448801742919389978,Other,,0,False,False
1001,10:37:24.000,10:37:20.000,10:37:24.000,4,23418.0000,23423.9000,23418.0000,23423.9000,715,5.9000,52.385714285714285714285714286,-0.258538587848932676518883415,41.383333333333333333333333333,-0.029629629629629629629629630,Other,,0,False,False
1002,10:37:29.000,10:37:24.000,10:37:29.000,5,23423.9000,23424.0000,23423.9000,23424.0000,715,0.1000,53.01875,0.633035714285714285714285714,40.61875,-0.764583333333333333333333333,Other,,0,False,False
1003,10:37:34.000,10:37:29.000,10:37:34.000,5,23424.0000,23424.0000,23424.0000,23424.0000,715,0.0000,53.826470588235294117647058824,0.807720588235294117647058824,39.476470588235294117647058824,-1.142279411764705882352941176,Other,,0,False,False
1004,10:37:38.000,10:37:34.000,10:37:38.000,4,23424.0000,23425.0000,23424.0000,23425.0000,910,1.0000,53.5250,-0.301470588235294117647058824,39.8300,0.353529411764705882352941176,A,A,1,False,False
1005,10:37:43.000,10:37:38.000,10:37:43.000,5,23425.0000,23425.0000,23423.0000,23423.0000,780,-2.0000,53.15625,-0.36875,40.2500,0.4200,Other,,0,False,False
1006,10:37:46.000,10:37:43.000,10:37:46.000,3,23423.0000,23425.0000,23423.0000,23423.0000,715,0.0000,52.3200,-0.83625,41.2400,0.9900,Other,,0,False,False
1007,10:38:09.000,10:37:46.000,10:38:09.000,23,23423.0000,23425.0000,23420.5000,23420.5000,650,-2.5000,52.818840579710144927536231884,0.498840579710144927536231884,40.511643835616438356164383562,-0.728356164383561643835616438,B,B,1,False,False
1008,10:38:28.000,10:38:09.000,10:38:28.000,19,23420.5000,23425.0000,23420.5000,23425.0000,910,4.5000,52.958928571428571428571428571,0.140087991718426501035196687,40.0500,-0.461643835616438356164383562,Other,,0,False,False
1009,10:38:36.000,10:38:28.000,10:38:36.000,8,23425.0000,23426.0000,23420.7000,23426.0000,975,1.0000,28.555555555555555555555555556,,65.748148148148148148148148148,,Other,,0,False,False
1010,10:38:39.000,10:38:36.000,10:38:39.000,3,23426.0000,23426.0000,23420.6000,23420.6000,650,-5.4000,52.6700,,40.3200,,Other,,0,False,False
1011,10:38:49.000,10:38:39.000,10:38:49.000,10,23420.6000,23425.0000,23417.8000,23417.8000,650,-2.8000,51.58125,-1.08875,41.753125,1.433125,Other,,0,False,False
1012,10:38:56.000,10:38:49.000,10:38:56.000,7,23417.8000,23420.0000,23417.6000,23420.0000,1105,2.2000,51.4500,-0.13125,41.895454545454545454545454545,0.142329545454545454545454545,A,A,1,False,False
1013,10:39:03.000,10:38:56.000,10:39:03.000,7,23420.0000,23420.0000,23415.5000,23415.5000,910,-4.5000,51.052173913043478260869565217,-0.397826086956521739130434783,42.369047619047619047619047619,0.473593073593073593073593074,Other,,0,False,False
1014,10:39:17.000,10:39:03.000,10:39:17.000,14,23415.5000,23420.0000,23415.5000,23420.0000,1625,4.5000,50.618181818181818181818181818,-0.433992094861660079051383399,42.861363636363636363636363636,0.492316017316017316017316017,A,A,1,False,False
1015,10:39:17.000,10:39:17.000,10:39:17.000,0,23420.0000,23420.0000,23420.0000,23420.0000,975,0.0000,,,,,Other,,0,False,False
1016,10:39:24.000,10:39:19.000,10:39:24.000,5,23416.5000,23420.0000,23416.5000,23417.7000,715,-2.3000,51.0500,,42.5450,,Other,,0,False,False
1017,10:39:26.000,10:39:24.000,10:39:26.000,2,23417.7000,23417.7000,23415.0000,23415.0000,1300,-2.7000,49.9000,-1.1500,43.783333333333333333333333333,1.238333333333333333333333333,Other,,0,False,False
1018,10:39:26.000,10:39:26.000,10:39:26.000,0,23415.0000,23415.0000,23415.0000,23415.0000,650,0.0000,,,,,Other,,0,False,False
1019,10:39:27.000,10:39:27.000,10:39:27.000,0,23411.3000,23411.3000,23411.3000,23411.3000,2080,-3.7000,49.7500,,44.1000,,Other,,0,False,False
1020,10:39:27.000,10:39:27.000,10:39:27.000,0,23411.3000,23411.3000,23411.3000,23411.3000,1430,0.0000,,,,,Other,,0,False,False
1021,10:39:29.000,10:39:29.000,10:39:29.000,0,23411.3000,23411.3000,23411.3000,23411.3000,780,0.0000,50.3500,,43.2500,,Other,,0,False,False
1022,10:39:39.000,10:39:29.000,10:39:39.000,10,23411.3000,23420.6000,23411.3000,23420.6000,715,9.3000,50.298484848484848484848484848,-0.051515151515151515151515152,43.457575757575757575757575758,0.207575757575757575757575758,A,A,1,False,False
1023,10:39:42.000,10:39:39.000,10:39:42.000,3,23420.6000,23420.6000,23411.9000,23411.9000,1170,-8.7000,49.8625,-0.435984848484848484848484848,44.0500,0.592424242424242424242424242,Other,,0,False,False
1024,10:39:46.000,10:39:42.000,10:39:46.000,4,23411.9000,23420.0000,23411.9000,23412.6000,715,0.7000,49.758333333333333333333333333,-0.104166666666666666666666667,44.333333333333333333333333333,0.283333333333333333333333333,A,A,1,False,False
1025,10:39:52.000,10:39:46.000,10:39:52.000,6,23412.6000,23419.7000,23411.6000,23411.6000,1560,-1.0000,49.2200,-0.538333333333333333333333333,44.6500,0.316666666666666666666666667,Other,,0,False,False
1026,10:39:52.000,10:39:52.000,10:39:52.000,0,23411.6000,23411.6000,23411.6000,23411.6000,910,0.0000,,,,,Other,,0,False,False
1027,10:39:56.000,10:39:54.000,10:39:56.000,2,23411.6000,23412.5000,23411.6000,23412.3000,1365,0.7000,49.2250,,44.4875,,Other,,0,False,False
1028,10:39:56.000,10:39:56.000,10:39:56.000,0,23412.3000,23412.3000,23412.3000,23412.3000,715,0.0000,,,,,Other,,0,False,False
1029,10:40:00.000,10:39:57.000,10:40:00.000,3,23412.3000,23412.7000,23411.8000,23411.8000,1690,-0.5000,49.438461538461538461538461538,,43.892307692307692307692307692,,Other,,0,False,False
1030,10:40:00.000,10:40:00.000,10:40:00.000,0,23411.8000,23411.8000,23411.8000,23411.8000,1040,0.0000,,,,,Other,,0,False,False
1031,10:40:02.000,10:40:02.000,10:40:02.000,0,23419.5000,23419.5000,23419.5000,23419.5000,1755,7.7000,50.0500,,43.1000,,Other,,0,False,False
1032,10:40:02.000,10:40:02.000,10:40:02.000,0,23419.5000,23419.5000,23419.5000,23419.5000,1105,0.0000,,,,,Other,,0,False,False
1033,10:40:09.000,10:40:04.000,10:40:09.000,5,23419.5000,23420.0000,23415.9000,23420.0000,1430,0.5000,51.6950,,41.5250,,Other,,0,False,False
1034,10:40:09.000,10:40:09.000,10:40:09.000,0,23420.0000,23420.0000,23420.0000,23420.0000,780,0.0000,,,,,Other,,0,False,False
1035,10:40:10.000,10:40:10.000,10:40:10.000,0,23419.7000,23420.0000,23419.7000,23420.0000,975,0.0000,52.2000,,40.8000,,Other,,0,False,False
1036,10:40:14.000,10:40:10.000,10:40:14.000,4,23420.0000,23420.0000,23418.2000,23418.5000,650,-1.5000,52.4000,0.2000,40.5000,-0.3000,B,B,1,False,False
1037,10:40:22.000,10:40:14.000,10:40:22.000,8,23418.5000,23420.0000,23418.1000,23420.0000,1040,1.5000,52.133333333333333333333333333,-0.266666666666666666666666667,40.945833333333333333333333333,0.445833333333333333333333333,A,A,1,False,False
1038,10:40:24.000,10:40:22.000,10:40:24.000,2,23420.0000,23420.0000,23420.0000,23420.0000,1235,0.0000,52.1500,0.016666666666666666666666667,40.666666666666666666666666667,-0.279166666666666666666666666,Other,,0,False,False
1039,10:40:25.000,10:40:24.000,10:40:25.000,1,23420.0000,23420.0000,23415.7000,23415.7000,1365,-4.3000,51.6500,-0.5000,41.5500,0.883333333333333333333333333,Other,,0,False,False
1040,10:40:25.000,10:40:25.000,10:40:25.000,0,23415.7000,23415.7000,23415.7000,23415.7000,715,0.0000,,,,,Other,,0,False,False
1041,10:40:29.000,10:40:27.000,10:40:29.000,2,23420.0000,23423.3000,23420.0000,23423.3000,1625,7.6000,51.2700,,41.8800,,Other,,0,False,False
1042,10:40:29.000,10:40:29.000,10:40:29.000,0,23423.3000,23423.3000,23423.3000,23423.3000,975,0.0000,,,,,Other,,0,False,False
1043,10:40:34.000,10:40:30.000,10:40:34.000,4,23423.3000,23423.3000,23420.2000,23420.2000,715,-3.1000,51.373333333333333333333333333,,41.917647058823529411764705882,,Other,,0,False,False
1044,10:40:39.000,10:40:34.000,10:40:39.000,5,23420.2000,23420.2000,23420.0000,23420.0000,715,-0.2000,50.93125,-0.442083333333333333333333333,42.5125,0.594852941176470588235294118,Other,,0,False,False
1045,10:40:42.000,10:40:39.000,10:40:42.000,3,23420.0000,23425.0000,23420.0000,23425.0000,1625,5.0000,51.0750,0.14375,42.6875,0.1750,Other,,0,False,False
1046,10:40:42.000,10:40:42.000,10:40:42.000,0,23425.0000,23425.0000,23425.0000,23425.0000,975,0.0000,,,,,Other,,0,False,False
1047,10:40:47.000,10:40:43.000,10:40:47.000,4,23420.0000,23420.0000,23420.0000,23420.0000,1755,-5.0000,50.88125,,42.772222222222222222222222222,,Other,,0,False,False
1048,10:40:47.000,10:40:47.000,10:40:47.000,0,23420.0000,23420.0000,23420.0000,23420.0000,1105,0.0000,,,,,Other,,0,False,False
1049,10:40:50.000,10:40:48.000,10:40:50.000,2,23420.0000,23420.0000,23418.0000,23418.0000,650,-2.0000,51.1200,,42.5875,,Other,,0,False,False
1050,10:40:55.000,10:40:50.000,10:40:55.000,5,23418.0000,23420.0000,23418.0000,23420.0000,1365,2.0000,51.5000,0.3800,42.1125,-0.4750,Other,,0,False,False
1051,10:40:55.000,10:40:55.000,10:40:55.000,0,23420.0000,23420.0000,23420.0000,23420.0000,715,0.0000,,,,,Other,,0,False,False
1052,10:41:25.000,10:40:57.000,10:41:25.000,28,23420.0000,23420.0000,23415.0000,23415.0000,1170,-5.0000,50.886206896551724137931034483,,42.848901098901098901098901099,,Other,,0,False,False
1053,10:41:27.000,10:41:25.000,10:41:27.000,2,23415.0000,23420.1000,23415.0000,23420.1000,845,5.1000,49.8500,-1.036206896551724137931034483,44.0875,1.238598901098901098901098901,A,A,1,False,False
1054,10:41:38.000,10:41:27.000,10:41:38.000,11,23420.1000,23422.7000,23415.1000,23422.7000,650,2.6000,49.861428571428571428571428571,0.011428571428571428571428571,44.151428571428571428571428571,0.063928571428571428571428571,Other,,0,False,False
1055,10:41:45.000,10:41:38.000,10:41:45.000,7,23422.7000,23422.7000,23412.0000,23412.0000,1235,-10.7000,48.7375,-1.123928571428571428571428571,45.7000,1.548571428571428571428571429,Other,,0,False,False
1056,10:41:47.000,10:41:45.000,10:41:47.000,2,23412.0000,23412.5000,23412.0000,23412.5000,975,0.5000,46.533333333333333333333333333,-2.204166666666666666666666667,48.733333333333333333333333333,3.033333333333333333333333333,A,A,1,False,False
1057,10:41:48.000,10:41:47.000,10:41:48.000,1,23412.5000,23416.1000,23412.5000,23416.1000,650,3.6000,46.3000,-0.233333333333333333333333333,48.6000,-0.133333333333333333333333333,Other,,0,False,False
1058,10:41:53.000,10:41:48.000,10:41:53.000,5,23416.1000,23418.7000,23411.3000,23412.1000,1105,-4.0000,46.3875,0.0875,49.3875,0.7875,Other,,0,False,False
1059,10:41:55.000,10:41:53.000,10:41:55.000,2,23412.1000,23412.1000,23405.0000,23405.5000,9620,-6.6000,43.9000,-2.4875,54.7250,5.3375,Other,,0,False,False
1060,10:41:55.000,10:41:55.000,10:41:55.000,0,23405.5000,23405.5000,23405.5000,23405.5000,8970,0.0000,,,,,Other,,0,False,False
1061,10:41:56.000,10:41:56.000,10:41:56.000,0,23404.0000,23404.0000,23404.0000,23404.0000,8320,-1.5000,43.5000,,55.1000,,Other,,0,False,False
1062,10:41:56.000,10:41:56.000,10:41:56.000,0,23404.0000,23404.0000,23404.0000,23404.0000,7670,0.0000,,,,,Other,,0,False,False
1063,10:41:57.000,10:41:57.000,10:41:57.000,0,23403.5000,23403.5000,23403.5000,23403.5000,7865,-0.5000,43.2000,,55.0750,,Other,,0,False,False
1064,10:41:57.000,10:41:57.000,10:41:57.000,0,23403.5000,23403.5000,23403.5000,23403.5000,7215,0.0000,,,,,Other,,0,False,False
1065,10:41:58.000,10:41:58.000,10:41:58.000,0,23403.3000,23403.3000,23403.3000,23403.3000,6565,-0.2000,43.5500,,53.4500,,Other,,0,False,False
1066,10:41:58.000,10:41:58.000,10:41:58.000,0,23403.3000,23403.3000,23403.3000,23403.3000,5915,0.0000,,,,,Other,,0,False,False
1067,10:41:58.000,10:41:58.000,10:41:58.000,0,23403.3000,23403.3000,23403.3000,23403.3000,5330,0.0000,,,,,Other,,0,False,False
1068,10:41:58.000,10:41:58.000,10:41:58.000,0,23403.3000,23403.3000,23403.3000,23403.3000,4680,0.0000,,,,,Other,,0,False,False
1069,10:41:59.000,10:41:59.000,10:41:59.000,0,23402.6000,23402.6000,23402.6000,23402.6000,4030,-0.7000,43.5750,,54.0000,,Other,,0,False,False
1070,10:41:59.000,10:41:59.000,10:41:59.000,0,23402.6000,23402.6000,23402.6000,23402.6000,3380,0.0000,,,,,Other,,0,False,False
1071,10:42:00.000,10:42:00.000,10:42:00.000,0,23401.2000,23401.2000,23401.2000,23401.2000,4160,-1.4000,42.6200,,56.7500,,Other,,0,False,False
1072,10:42:00.000,10:42:00.000,10:42:00.000,0,23401.2000,23401.2000,23401.2000,23401.2000,3510,0.0000,,,,,Other,,0,False,False
1073,10:42:00.000,10:42:00.000,10:42:00.000,0,23401.2000,23401.2000,23401.2000,23401.2000,2860,0.0000,,,,,Other,,0,False,False
1074,10:42:01.000,10:42:01.000,10:42:01.000,0,23401.7000,23401.7000,23401.7000,23401.7000,2210,0.5000,42.3500,,56.8500,,Other,,0,False,False
1075,10:42:01.000,10:42:01.000,10:42:01.000,0,23401.7000,23401.7000,23401.7000,23401.7000,1560,0.0000,,,,,Other,,0,False,False
1076,10:42:01.000,10:42:01.000,10:42:01.000,0,23401.2000,23401.2000,23401.2000,23401.2000,2145,-0.5000,,,,,Other,,0,False,False
1077,10:42:01.000,10:42:01.000,10:42:01.000,0,23401.2000,23401.2000,23401.2000,23401.2000,1495,0.0000,,,,,Other,,0,False,False
1078,10:42:02.000,10:42:02.000,10:42:02.000,0,23400.1000,23400.1000,23400.1000,23400.1000,845,-1.1000,41.4250,,58.4750,,Other,,0,False,False
1079,10:42:03.000,10:42:02.000,10:42:03.000,1,23400.1000,23400.1000,23396.0000,23396.0000,8710,-4.1000,42.2500,0.8250,57.5000,-0.9750,B,B,1,False,False
1080,10:42:03.000,10:42:03.000,10:42:03.000,0,23396.0000,23396.0000,23396.0000,23396.0000,8060,0.0000,,,,,Other,,0,False,False
1081,10:42:04.000,10:42:04.000,10:42:04.000,0,23395.0000,23395.0000,23395.0000,23395.0000,7410,-1.0000,42.0500,,57.6750,,Other,,0,False,False
1082,10:42:04.000,10:42:04.000,10:42:04.000,0,23395.0000,23395.0000,23395.0000,23395.0000,6760,0.0000,,,,,Other,,0,False,False
1083,10:42:05.000,10:42:05.000,10:42:05.000,0,23390.0000,23390.0000,23390.0000,23390.0000,6110,-5.0000,41.8250,,57.4250,,Other,,0,False,False
1084,10:42:05.000,10:42:05.000,10:42:05.000,0,23390.0000,23390.0000,23390.0000,23390.0000,5460,0.0000,,,,,Other,,0,False,False
1085,10:42:05.000,10:42:05.000,10:42:05.000,0,23390.0000,23390.0000,23390.0000,23390.0000,6565,0.0000,,,,,Other,,0,False,False
1086,10:42:05.000,10:42:05.000,10:42:05.000,0,23390.0000,23390.0000,23390.0000,23390.0000,5915,0.0000,,,,,Other,,0,False,False
1087,10:42:06.000,10:42:06.000,10:42:06.000,0,23390.0000,23390.0000,23390.0000,23390.0000,5330,0.0000,41.4000,,58.1500,,Other,,0,False,False
1088,10:42:06.000,10:42:06.000,10:42:06.000,0,23390.0000,23390.0000,23390.0000,23390.0000,4680,0.0000,,,,,Other,,0,False,False
1089,10:42:08.000,10:42:08.000,10:42:08.000,0,23399.2000,23399.2000,23399.2000,23399.2000,4030,9.2000,40.4000,,61.233333333333333333333333333,,Other,,0,False,False
1090,10:42:08.000,10:42:08.000,10:42:08.000,0,23399.2000,23399.2000,23399.2000,23399.2000,3380,0.0000,,,,,Other,,0,False,False
1091,10:42:08.000,10:42:08.000,10:42:08.000,0,23392.9000,23392.9000,23392.9000,23392.9000,2990,-6.3000,,,,,Other,,0,False,False
1092,10:42:08.000,10:42:08.000,10:42:08.000,0,23392.9000,23392.9000,23392.9000,23392.9000,2340,0.0000,,,,,Other,,0,False,False
1093,10:42:09.000,10:42:09.000,10:42:09.000,0,23390.0000,23390.0000,23390.0000,23390.0000,1690,-2.9000,41.3250,,60.7750,,Other,,0,False,False
1094,10:42:09.000,10:42:09.000,10:42:09.000,0,23390.0000,23390.0000,23390.0000,23390.0000,1040,0.0000,,,,,Other,,0,False,False
1095,10:42:10.000,10:42:10.000,10:42:10.000,0,23390.0000,23390.0000,23390.0000,23390.0000,1365,0.0000,41.5750,,59.7000,,Other,,0,False,False
1096,10:42:10.000,10:42:10.000,10:42:10.000,0,23390.0000,23390.0000,23390.0000,23390.0000,715,0.0000,,,,,Other,,0,False,False
1097,10:42:16.000,10:42:11.000,10:42:16.000,5,23393.7000,23393.7000,23390.0000,23390.0000,1235,0.0000,41.044444444444444444444444444,,61.322222222222222222222222222,,Other,,0,False,False
1098,10:42:18.000,10:42:16.000,10:42:18.000,2,23390.0000,23390.0000,23382.0000,23382.0000,2015,-8.0000,39.2250,-1.819444444444444444444444444,67.1750,5.852777777777777777777777778,Other,,0,False,False
1099,10:42:18.000,10:42:18.000,10:42:18.000,0,23382.0000,23382.0000,23382.0000,23382.0000,1365,0.0000,,,,,Other,,0,False,False
1100,10:42:19.000,10:42:19.000,10:42:19.000,0,23382.4000,23382.4000,23382.4000,23382.4000,715,0.4000,38.9500,,66.233333333333333333333333333,,Other,,0,False,False
1101,10:42:21.000,10:42:19.000,10:42:21.000,2,23382.4000,23383.6000,23381.2000,23383.6000,715,1.2000,38.8500,-0.1000,65.628571428571428571428571429,-0.604761904761904761904761904,Other,,0,False,False
1102,10:42:23.000,10:42:21.000,10:42:23.000,2,23383.6000,23390.0000,23379.3000,23379.3000,18395,-4.3000,37.583333333333333333333333333,-1.266666666666666666666666667,67.3000,1.671428571428571428571428571,Other,,0,False,False
1103,10:42:23.000,10:42:23.000,10:42:23.000,0,23379.3000,23379.3000,23379.3000,23379.3000,17745,0.0000,,,,,Other,,0,False,False
1104,10:42:24.000,10:42:24.000,10:42:24.000,0,23376.4000,23376.4000,23376.4000,23376.4000,17095,-2.9000,37.3000,,68.7500,,Other,,0,False,False
1105,10:42:24.000,10:42:24.000,10:42:24.000,0,23376.4000,23376.4000,23376.4000,23376.4000,16445,0.0000,,,,,Other,,0,False,False
1106,10:42:25.000,10:42:25.000,10:42:25.000,0,23380.0000,23380.0000,23380.0000,23380.0000,15795,3.6000,37.7750,,68.2000,,Other,,0,False,False
1107,10:42:25.000,10:42:25.000,10:42:25.000,0,23380.0000,23380.0000,23380.0000,23380.0000,15145,0.0000,,,,,Other,,0,False,False
1108,10:42:25.000,10:42:25.000,10:42:25.000,0,23380.0000,23380.0000,23380.0000,23380.0000,14625,0.0000,,,,,Other,,0,False,False
1109,10:42:25.000,10:42:25.000,10:42:25.000,0,23380.0000,23380.0000,23380.0000,23380.0000,13975,0.0000,,,,,Other,,0,False,False
1110,10:42:26.000,10:42:26.000,10:42:26.000,0,23378.1000,23378.1000,23378.1000,23378.1000,13325,-1.9000,37.4500,,68.6000,,Other,,0,False,False
1111,10:42:26.000,10:42:26.000,10:42:26.000,0,23378.1000,23378.1000,23378.1000,23378.1000,12675,0.0000,,,,,Other,,0,False,False
1112,10:42:26.000,10:42:26.000,10:42:26.000,0,23377.9000,23377.9000,23377.9000,23377.9000,12610,-0.2000,,,,,Other,,0,False,False
1113,10:42:26.000,10:42:26.000,10:42:26.000,0,23377.9000,23377.9000,23377.9000,23377.9000,11960,0.0000,,,,,Other,,0,False,False
1114,10:42:27.000,10:42:27.000,10:42:27.000,0,23373.9000,23373.9000,23373.9000,23373.9000,11310,-4.0000,62.4750,,43.6250,,Other,,0,False,False
1115,10:42:27.000,10:42:27.000,10:42:27.000,0,23373.9000,23373.9000,23373.9000,23373.9000,10660,0.0000,,,,,Other,,0,False,False
1116,10:42:28.000,10:42:28.000,10:42:28.000,0,23379.3000,23379.3000,23379.3000,23379.3000,10010,5.4000,37.7500,,67.7000,,Other,,0,False,False
1117,10:42:28.000,10:42:28.000,10:42:28.000,0,23379.3000,23379.3000,23379.3000,23379.3000,9360,0.0000,,,,,Other,,0,False,False
1118,10:42:28.000,10:42:28.000,10:42:28.000,0,23373.9000,23373.9000,23373.9000,23373.9000,9035,-5.4000,,,,,Other,,0,False,False
1119,10:42:28.000,10:42:28.000,10:42:28.000,0,23373.9000,23373.9000,23373.9000,23373.9000,8385,0.0000,,,,,Other,,0,False,False
1120,10:42:29.000,10:42:29.000,10:42:29.000,0,23377.0000,23377.0000,23377.0000,23377.0000,7735,3.1000,37.8000,,67.1000,,Other,,0,False,False
1121,10:42:29.000,10:42:29.000,10:42:29.000,0,23377.0000,23377.0000,23377.0000,23377.0000,7085,0.0000,,,,,Other,,0,False,False
1122,10:42:30.000,10:42:30.000,10:42:30.000,0,23379.3000,23379.3000,23379.3000,23379.3000,6435,2.3000,38.1500,,67.1600,,Other,,0,False,False
1123,10:42:30.000,10:42:30.000,10:42:30.000,0,23379.3000,23379.3000,23379.3000,23379.3000,5785,0.0000,,,,,Other,,0,False,False
1124,10:42:30.000,10:42:30.000,10:42:30.000,0,23379.3000,23379.3000,23379.3000,23379.3000,5590,0.0000,,,,,Other,,0,False,False
1125,10:42:30.000,10:42:30.000,10:42:30.000,0,23379.3000,23379.3000,23379.3000,23379.3000,4940,0.0000,,,,,Other,,0,False,False
1126,10:42:30.000,10:42:30.000,10:42:30.000,0,23379.3000,23379.3000,23379.3000,23379.3000,4290,0.0000,,,,,Other,,0,False,False
1127,10:42:31.000,10:42:31.000,10:42:31.000,0,23380.4000,23380.4000,23380.4000,23380.4000,3640,1.1000,38.7500,,65.1500,,Other,,0,False,False
1128,10:42:31.000,10:42:31.000,10:42:31.000,0,23380.4000,23380.4000,23380.4000,23380.4000,2990,0.0000,,,,,Other,,0,False,False
1129,10:42:31.000,10:42:31.000,10:42:31.000,0,23377.9000,23377.9000,23377.9000,23377.9000,3900,-2.5000,,,,,Other,,0,False,False
1130,10:42:31.000,10:42:31.000,10:42:31.000,0,23377.9000,23377.9000,23377.9000,23377.9000,3250,0.0000,,,,,Other,,0,False,False
1131,10:42:33.000,10:42:33.000,10:42:33.000,0,23378.7000,23378.7000,23378.7000,23378.7000,2600,0.8000,39.5500,,63.1500,,Other,,0,False,False
1132,10:42:33.000,10:42:33.000,10:42:33.000,0,23378.7000,23378.7000,23378.7000,23378.7000,1950,0.0000,,,,,Other,,0,False,False
1133,10:42:33.000,10:42:33.000,10:42:33.000,0,23378.7000,23378.7000,23378.7000,23378.7000,3380,0.0000,,,,,Other,,0,False,False
1134,10:42:33.000,10:42:33.000,10:42:33.000,0,23378.7000,23378.7000,23378.7000,23378.7000,2730,0.0000,,,,,Other,,0,False,False
1135,10:42:35.000,10:42:35.000,10:42:35.000,0,23389.4000,23389.4000,23389.4000,23389.4000,2145,10.7000,40.1750,,62.1500,,Other,,0,False,False
1136,10:42:35.000,10:42:35.000,10:42:35.000,0,23389.4000,23389.4000,23389.4000,23389.4000,1495,0.0000,,,,,Other,,0,False,False
1137,10:42:35.000,10:42:35.000,10:42:35.000,0,23389.4000,23389.4000,23389.4000,23389.4000,845,0.0000,,,,,Other,,0,False,False
1138,10:42:48.000,10:42:35.000,10:42:48.000,13,23389.4000,23389.4000,23378.7000,23389.0000,650,-0.4000,39.510526315789473684210526316,,65.192682926829268292682926829,,Other,,0,False,False
1139,10:42:55.000,10:42:48.000,10:42:55.000,7,23389.0000,23390.0000,23380.0000,23390.0000,1885,1.0000,40.268181818181818181818181818,0.757655502392344497607655502,63.804545454545454545454545455,-1.388137472283813747228381374,Other,,0,False,False
1140,10:42:55.000,10:42:55.000,10:42:55.000,0,23390.0000,23390.0000,23390.0000,23390.0000,1235,0.0000,,,,,Other,,0,False,False
1141,10:42:58.000,10:42:56.000,10:42:58.000,2,23390.0000,23400.0000,23390.0000,23400.0000,3055,10.0000,41.3500,,60.8600,,Other,,0,False,False
1142,10:42:58.000,10:42:58.000,10:42:58.000,0,23400.0000,23400.0000,23400.0000,23400.0000,2405,0.0000,,,,,Other,,0,False,False
1143,10:43:00.000,10:43:00.000,10:43:00.000,0,23400.0000,23400.0000,23400.0000,23400.0000,1755,0.0000,42.016666666666666666666666667,,59.616666666666666666666666667,,Other,,0,False,False
1144,10:43:00.000,10:43:00.000,10:43:00.000,0,23392.1000,23392.1000,23392.1000,23392.1000,1495,-7.9000,,,,,Other,,0,False,False
1145,10:43:00.000,10:43:00.000,10:43:00.000,0,23392.1000,23392.1000,23392.1000,23392.1000,845,0.0000,,,,,Other,,0,False,False
1146,10:43:03.000,10:43:01.000,10:43:03.000,2,23390.9000,23391.0000,23390.9000,23391.0000,650,-1.1000,41.7100,,60.4500,,Other,,0,False,False
1147,10:43:13.000,10:43:03.000,10:43:13.000,10,23391.0000,23399.9000,23391.0000,23391.0000,845,0.0000,42.356666666666666666666666667,0.646666666666666666666666667,59.646875,-0.803125,Other,,0,False,False
1148,10:43:16.000,10:43:13.000,10:43:16.000,3,23391.0000,23397.2000,23391.0000,23397.2000,845,6.2000,42.9000,0.543333333333333333333333333,58.1300,-1.516875,Other,,0,False,False
1149,10:43:20.000,10:43:16.000,10:43:20.000,4,23397.2000,23400.0000,23395.1000,23395.1000,650,-2.1000,42.9100,0.0100,57.766666666666666666666666667,-0.363333333333333333333333333,B,B,1,False,False
1150,10:43:27.000,10:43:20.000,10:43:27.000,7,23395.1000,23400.0000,23394.7000,23399.1000,650,4.0000,42.877272727272727272727272727,-0.032727272727272727272727273,57.236363636363636363636363636,-0.530303030303030303030303031,Other,,0,False,False
1151,10:43:30.000,10:43:27.000,10:43:30.000,3,23399.1000,23406.4000,23394.0000,23394.0000,780,-5.1000,42.588888888888888888888888889,-0.288383838383838383838383838,57.111111111111111111111111111,-0.125252525252525252525252525,Other,,0,False,False
1152,10:43:38.000,10:43:30.000,10:43:38.000,8,23394.0000,23404.0000,23394.0000,23397.0000,715,3.0000,42.915384615384615384615384615,0.326495726495726495726495726,56.042307692307692307692307692,-1.068803418803418803418803419,Other,,0,False,False
1153,10:43:42.000,10:43:38.000,10:43:42.000,4,23397.0000,23407.0000,23397.0000,23407.0000,910,10.0000,43.685714285714285714285714286,0.770329670329670329670329671,54.521428571428571428571428571,-1.520879120879120879120879121,Other,,0,False,False
1154,10:43:48.000,10:43:42.000,10:43:48.000,6,23407.0000,23408.2000,23396.9000,23407.9000,845,0.9000,43.688888888888888888888888889,0.003174603174603174603174603,54.0625,-0.458928571428571428571428571,Other,,0,False,False
1155,10:43:53.000,10:43:48.000,10:43:53.000,5,23407.9000,23407.9000,23400.7000,23402.3000,2340,-5.6000,43.19375,-0.495138888888888888888888889,54.6125,0.5500,Other,,0,False,False
1156,10:43:53.000,10:43:53.000,10:43:53.000,0,23402.3000,23402.3000,23402.3000,23402.3000,1690,0.0000,,,,,Other,,0,False,False
1157,10:43:55.000,10:43:55.000,10:43:55.000,0,23402.3000,23402.3000,23402.3000,23402.3000,1040,0.0000,43.4000,,54.5000,,Other,,0,False,False
1158,10:44:00.000,10:43:55.000,10:44:00.000,5,23402.3000,23405.2000,23400.0000,23400.0000,650,-2.3000,43.317647058823529411764705882,-0.082352941176470588235294118,54.467647058823529411764705882,-0.032352941176470588235294118,Other,,0,False,False
1159,10:44:06.000,10:44:00.000,10:44:06.000,6,23400.0000,23400.1000,23399.0000,23400.1000,1690,0.1000,42.7050,-0.612647058823529411764705882,56.0400,1.572352941176470588235294118,A,A,1,False,False
1160,10:44:06.000,10:44:06.000,10:44:06.000,0,23400.1000,23400.1000,23400.1000,23400.1000,1040,0.0000,,,,,Other,,0,False,False
1161,10:44:10.000,10:44:08.000,10:44:10.000,2,23400.1000,23400.1000,23398.5000,23398.5000,715,-1.6000,41.8375,,57.1750,,Other,,0,False,False
1162,10:44:16.000,10:44:10.000,10:44:16.000,6,23398.5000,23402.8000,23398.5000,23399.2000,1170,0.7000,41.9350,0.0975,57.8200,0.6450,Other,,0,False,False
1163,10:44:18.000,10:44:16.000,10:44:18.000,2,23399.2000,23399.2000,23390.0000,23390.0000,3965,-9.2000,42.1000,0.1650,57.916666666666666666666666667,0.096666666666666666666666667,Other,,0,False,False
1164,10:44:18.000,10:44:18.000,10:44:18.000,0,23390.0000,23390.0000,23390.0000,23390.0000,3315,0.0000,,,,,Other,,0,False,False
1165,10:44:19.000,10:44:19.000,10:44:19.000,0,23402.6000,23402.6000,23402.6000,23402.6000,2665,12.6000,42.5500,,57.3250,,Other,,0,False,False
1166,10:44:19.000,10:44:19.000,10:44:19.000,0,23402.6000,23402.6000,23402.6000,23402.6000,2015,0.0000,,,,,Other,,0,False,False
1167,10:44:19.000,10:44:19.000,10:44:19.000,0,23403.9000,23403.9000,23403.9000,23403.9000,1365,1.3000,,,,,Other,,0,False,False
1168,10:44:19.000,10:44:19.000,10:44:19.000,0,23403.9000,23403.9000,23403.9000,23403.9000,715,0.0000,,,,,Other,,0,False,False
1169,10:44:23.000,10:44:20.000,10:44:23.000,3,23403.9000,23403.9000,23395.5000,23402.8000,1690,-1.1000,42.133333333333333333333333333,,58.016666666666666666666666667,,Other,,0,False,False
1170,10:44:23.000,10:44:23.000,10:44:23.000,0,23402.8000,23402.8000,23402.8000,23402.8000,1040,0.0000,,,,,Other,,0,False,False
1171,10:44:28.000,10:44:25.000,10:44:28.000,3,23402.8000,23402.8000,23395.0000,23395.0000,715,-7.8000,41.508333333333333333333333333,,59.5250,,Other,,0,False,False
1172,10:44:33.000,10:44:28.000,10:44:33.000,5,23395.0000,23395.0000,23389.1000,23395.0000,715,0.0000,42.326470588235294117647058824,0.818137254901960784313725491,58.4500,-1.0750,Other,,0,False,False
1173,10:44:41.000,10:44:33.000,10:44:41.000,8,23395.0000,23400.0000,23395.0000,23400.0000,650,5.0000,42.473076923076923076923076923,0.146606334841628959276018099,57.869230769230769230769230769,-0.580769230769230769230769231,Other,,0,False,False
1174,10:44:46.000,10:44:41.000,10:44:46.000,5,23400.0000,23401.7000,23392.6000,23401.7000,1495,1.7000,41.964285714285714285714285714,-0.508791208791208791208791209,58.5375,0.668269230769230769230769231,A,A,1,False,False
1175,10:44:46.000,10:44:46.000,10:44:46.000,0,23401.7000,23401.7000,23401.7000,23401.7000,845,0.0000,,,,,Other,,0,False,False
1176,10:44:51.000,10:44:47.000,10:44:51.000,4,23400.0000,23400.0000,23395.0000,23395.0000,1625,-6.7000,41.971428571428571428571428571,,58.535714285714285714285714286,,Other,,0,False,False
1177,10:44:51.000,10:44:51.000,10:44:51.000,0,23395.0000,23395.0000,23395.0000,23395.0000,975,0.0000,,,,,Other,,0,False,False
1178,10:44:56.000,10:44:53.000,10:44:56.000,3,23400.0000,23400.0000,23391.8000,23395.0000,3965,0.0000,41.2000,,60.0100,,Other,,0,False,False
1179,10:44:56.000,10:44:56.000,10:44:56.000,0,23395.0000,23395.0000,23395.0000,23395.0000,3315,0.0000,,,,,Other,,0,False,False
1180,10:44:57.000,10:44:57.000,10:44:57.000,0,23387.0000,23387.0000,23387.0000,23387.0000,2665,-8.0000,40.7000,,61.1500,,Other,,0,False,False
1181,10:44:57.000,10:44:57.000,10:44:57.000,0,23387.0000,23387.0000,23387.0000,23387.0000,2015,0.0000,,,,,Other,,0,False,False
1182,10:44:58.000,10:44:58.000,10:44:58.000,0,23387.0000,23387.0000,23387.0000,23387.0000,1430,0.0000,40.516666666666666666666666667,,61.2000,,Other,,0,False,False
1183,10:44:58.000,10:44:58.000,10:44:58.000,0,23387.0000,23387.0000,23387.0000,23387.0000,780,0.0000,,,,,Other,,0,False,False
1184,10:45:03.000,10:44:59.000,10:45:03.000,4,23385.4000,23388.3000,23385.0000,23388.3000,1820,1.3000,40.533333333333333333333333333,,61.494117647058823529411764706,,Other,,0,False,False
1185,10:45:03.000,10:45:03.000,10:45:03.000,0,23388.3000,23388.3000,23388.3000,23388.3000,1170,0.0000,,,,,Other,,0,False,False
1186,10:45:04.000,10:45:04.000,10:45:04.000,0,23382.0000,23382.0000,23382.0000,23382.0000,910,-6.3000,39.9500,,62.7000,,Other,,0,False,False
1187,10:45:08.000,10:45:04.000,10:45:08.000,4,23382.0000,23391.3000,23382.0000,23391.3000,910,9.3000,39.7500,-0.2000,63.2750,0.5750,A,A,1,False,False
1188,10:45:13.000,10:45:08.000,10:45:13.000,5,23391.3000,23394.6000,23386.2000,23394.6000,1690,3.3000,39.88125,0.13125,62.721428571428571428571428571,-0.553571428571428571428571429,Other,,0,False,False
1189,10:45:13.000,10:45:13.000,10:45:13.000,0,23394.6000,23394.6000,23394.6000,23394.6000,1040,0.0000,,,,,Other,,0,False,False
1190,10:45:14.000,10:45:13.000,10:45:14.000,1,23384.6000,23384.6000,23382.0000,23382.0000,1560,-12.6000,39.9500,,62.5250,,Other,,0,False,False
1191,10:45:14.000,10:45:14.000,10:45:14.000,0,23382.0000,23382.0000,23382.0000,23382.0000,910,0.0000,,,,,Other,,0,False,False
1192,10:45:18.000,10:45:16.000,10:45:18.000,2,23382.0000,23394.5000,23382.0000,23394.5000,715,12.5000,39.8125,,62.7375,,Other,,0,False,False
1193,10:45:21.000,10:45:18.000,10:45:21.000,3,23394.5000,23394.5000,23381.5000,23394.1000,1495,-0.4000,39.8400,0.0275,62.8300,0.0925,Other,,0,False,False
1194,10:45:21.000,10:45:21.000,10:45:21.000,0,23394.1000,23394.1000,23394.1000,23394.1000,845,0.0000,,,,,Other,,0,False,False
1195,10:45:23.000,10:45:22.000,10:45:23.000,1,23385.0000,23390.0000,23381.6000,23381.6000,1040,-12.5000,39.716666666666666666666666667,,63.6000,,Other,,0,False,False
1196,10:45:24.000,10:45:23.000,10:45:24.000,1,23381.6000,23390.0000,23381.6000,23390.0000,650,8.4000,39.6000,-0.116666666666666666666666667,64.1250,0.5250,A,A,1,False,False
1197,10:45:26.000,10:45:24.000,10:45:26.000,2,23390.0000,23393.1000,23381.1000,23381.1000,1170,-8.9000,39.7500,0.1500,64.0000,-0.1250,B,B,1,False,False
1198,10:45:28.000,10:45:26.000,10:45:28.000,2,23381.1000,23393.1000,23381.1000,23393.1000,1430,12.0000,39.5750,-0.1750,64.1625,0.1625,A,A,1,False,False
1199,10:45:28.000,10:45:28.000,10:45:28.000,0,23393.1000,23393.1000,23393.1000,23393.1000,780,0.0000,,,,,Other,,0,False,False
1200,10:45:31.000,10:45:28.000,10:45:31.000,3,23381.0000,23393.1000,23381.0000,23382.4000,1300,-10.7000,39.927777777777777777777777778,,63.216666666666666666666666667,,Other,,0,False,False
1201,10:45:31.000,10:45:31.000,10:45:31.000,0,23382.4000,23382.4000,23382.4000,23382.4000,650,0.0000,,,,,Other,,0,False,False
1202,10:45:33.000,10:45:32.000,10:45:33.000,1,23390.0000,23390.0000,23381.3000,23381.3000,1300,-1.1000,39.983333333333333333333333333,,63.4000,,Other,,0,False,False
1203,10:45:33.000,10:45:33.000,10:45:33.000,0,23381.3000,23381.3000,23381.3000,23381.3000,650,0.0000,,,,,Other,,0,False,False
1204,10:45:36.000,10:45:33.000,10:45:36.000,3,23389.9000,23389.9000,23380.2000,23382.0000,650,0.7000,39.816666666666666666666666667,,63.4250,,Other,,0,False,False
1205,10:45:40.000,10:45:36.000,10:45:40.000,4,23382.0000,23390.0000,23380.0000,23380.0000,845,-2.0000,39.371428571428571428571428571,-0.445238095238095238095238096,64.5000,1.0750,Other,,0,False,False
1206,10:45:41.000,10:45:40.000,10:45:41.000,1,23380.0000,23390.0000,23380.0000,23390.0000,715,10.0000,,,,,Other,,0,False,False
1207,10:45:43.000,10:45:41.000,10:45:43.000,2,23390.0000,23390.0000,23380.5000,23381.0000,1105,-9.0000,39.5500,,64.3200,,Other,,0,False,False
1208,10:45:45.000,10:45:43.000,10:45:45.000,2,23381.0000,23390.0000,23381.0000,23385.0000,1105,4.0000,38.7750,-0.7750,66.0250,1.7050,A,A,1,False,False
1209,10:45:46.000,10:45:45.000,10:45:46.000,1,23385.0000,23385.0000,23380.0000,23380.0000,975,-5.0000,38.6500,-0.1250,65.9750,-0.0500,Other,,0,False,False
1210,10:45:48.000,10:45:46.000,10:45:48.000,2,23380.0000,23380.5000,23380.0000,23380.5000,650,0.5000,38.6875,0.0375,65.9000,-0.0750,Other,,0,False,False
1211,10:45:51.000,10:45:48.000,10:45:51.000,3,23380.5000,23391.1000,23379.6000,23391.1000,2015,10.6000,38.8750,0.1875,65.7000,-0.2000,Other,,0,False,False
1212,10:45:51.000,10:45:51.000,10:45:51.000,0,23391.1000,23391.1000,23391.1000,23391.1000,1365,0.0000,,,,,Other,,0,False,False
1213,10:45:52.000,10:45:52.000,10:45:52.000,0,23380.6000,23380.6000,23380.6000,23380.6000,715,-10.5000,39.066666666666666666666666667,,65.366666666666666666666666667,,Other,,0,False,False
1214,10:46:00.000,10:45:52.000,10:46:00.000,8,23380.6000,23389.9000,23380.1000,23385.0000,1040,4.4000,39.385185185185185185185185185,0.318518518518518518518518518,64.292592592592592592592592593,-1.074074074074074074074074074,Other,,0,False,False
1215,10:46:01.000,10:46:00.000,10:46:01.000,1,23385.0000,23389.0000,23380.9000,23389.0000,780,4.0000,39.3000,-0.085185185185185185185185185,64.2000,-0.092592592592592592592592593,Other,,0,False,False
1216,10:46:05.000,10:46:01.000,10:46:05.000,4,23389.0000,23391.1000,23389.0000,23391.1000,650,2.1000,39.992857142857142857142857143,0.692857142857142857142857143,62.864285714285714285714285714,-1.335714285714285714285714286,Other,,0,False,False
1217,10:46:08.000,10:46:05.000,10:46:08.000,3,23391.1000,23393.1000,23391.1000,23393.1000,2990,2.0000,40.4900,0.497142857142857142857142857,61.9750,-0.889285714285714285714285714,Other,,0,False,False
1218,10:46:08.000,10:46:08.000,10:46:08.000,0,23393.1000,23393.1000,23393.1000,23393.1000,2340,0.0000,,,,,Other,,0,False,False
1219,10:46:10.000,10:46:10.000,10:46:10.000,0,23387.3000,23387.3000,23387.3000,23387.3000,2080,-5.8000,40.9250,,60.7000,,Other,,0,False,False
1220,10:46:10.000,10:46:10.000,10:46:10.000,0,23387.3000,23387.3000,23387.3000,23387.3000,1430,0.0000,,,,,Other,,0,False,False
1221,10:46:11.000,10:46:11.000,10:46:11.000,0,23387.3000,23387.3000,23387.3000,23387.3000,780,0.0000,40.8000,,61.0500,,Other,,0,False,False
1222,10:46:16.000,10:46:11.000,10:46:16.000,5,23387.3000,23394.0000,23387.3000,23393.2000,845,5.9000,40.51875,-0.28125,61.30625,0.25625,A,A,1,False,False
1223,10:46:26.000,10:46:16.000,10:46:26.000,10,23393.2000,23394.0000,23390.0000,23394.0000,650,0.8000,41.117857142857142857142857143,0.599107142857142857142857143,60.228125,-1.078125,Other,,0,False,False
1224,10:46:33.000,10:46:26.000,10:46:33.000,7,23394.0000,23394.0000,23390.5000,23393.9000,1625,-0.1000,41.442592592592592592592592593,0.324735449735449735449735450,59.483333333333333333333333333,-0.744791666666666666666666667,B,B,1,False,False
1225,10:46:33.000,10:46:33.000,10:46:33.000,0,23393.9000,23393.9000,23393.9000,23393.9000,975,0.0000,,,,,Other,,0,False,False
1226,10:46:38.000,10:46:34.000,10:46:38.000,4,23393.9000,23393.9000,23393.9000,23393.9000,975,0.0000,41.1250,,59.69375,,Other,,0,False,False
1227,10:46:39.000,10:46:38.000,10:46:39.000,1,23393.9000,23394.0000,23393.9000,23394.0000,650,0.1000,41.1500,0.0250,59.5000,-0.19375,Other,,0,False,False
1228,10:46:49.000,10:46:39.000,10:46:49.000,10,23394.0000,23394.0000,23393.9000,23394.0000,845,0.0000,40.94375,-0.20625,60.103125,0.603125,Other,,0,False,False
1229,10:47:01.000,10:46:49.000,10:47:01.000,12,23394.0000,23394.0000,23393.0000,23394.0000,845,0.0000,41.563513513513513513513513514,0.619763513513513513513513514,58.402564102564102564102564103,-1.700560897435897435897435897,Other,,0,False,False
1230,10:47:13.000,10:47:01.000,10:47:13.000,12,23394.0000,23394.0000,23390.2000,23390.2000,650,-3.8000,40.734210526315789473684210526,-0.829302987197724039829302988,59.6950,1.292435897435897435897435897,Other,,0,False,False
1231,10:47:18.000,10:47:13.000,10:47:18.000,5,23390.2000,23390.2000,23390.0000,23390.0000,910,-0.2000,40.4000,-0.334210526315789473684210526,60.36875,0.67375,Other,,0,False,False
1232,10:47:19.000,10:47:18.000,10:47:19.000,1,23390.0000,23394.0000,23390.0000,23394.0000,975,4.0000,40.9000,0.5000,59.4000,-0.96875,Other,,0,False,False
1233,10:47:26.000,10:47:19.000,10:47:26.000,7,23394.0000,23394.0000,23390.0000,23394.0000,650,0.0000,40.8500,-0.0500,59.304166666666666666666666667,-0.095833333333333333333333333,Other,,0,False,False
1234,10:47:28.000,10:47:26.000,10:47:28.000,2,23394.0000,23394.0000,23390.0000,23394.0000,3380,0.0000,41.383333333333333333333333333,0.533333333333333333333333333,58.733333333333333333333333333,-0.570833333333333333333333334,Other,,0,False,False
1235,10:47:28.000,10:47:28.000,10:47:28.000,0,23394.0000,23394.0000,23394.0000,23394.0000,2730,0.0000,,,,,Other,,0,False,False
1236,10:47:28.000,10:47:28.000,10:47:28.000,0,23390.0000,23390.0000,23390.0000,23390.0000,2080,-4.0000,,,,,Other,,0,False,False
1237,10:47:28.000,10:47:28.000,10:47:28.000,0,23390.0000,23390.0000,23390.0000,23390.0000,1430,0.0000,,,,,Other,,0,False,False
1238,10:47:29.000,10:47:29.000,10:47:29.000,0,23395.0000,23395.0000,23395.0000,23395.0000,780,5.0000,41.3000,,58.8000,,Other,,0,False,False
1239,10:47:44.000,10:47:29.000,10:47:44.000,15,23395.0000,23395.0000,23390.9000,23390.9000,715,-4.1000,41.209183673469387755102040816,-0.090816326530612244897959184,58.445918367346938775510204082,-0.354081632653061224489795918,Other,,0,False,False
1240,10:47:48.000,10:47:44.000,10:47:48.000,4,23390.9000,23396.5000,23390.9000,23392.9000,1625,2.0000,41.957142857142857142857142857,0.747959183673469387755102041,56.666666666666666666666666667,-1.779251700680272108843537415,Other,,0,False,False
1241,10:47:48.000,10:47:48.000,10:47:48.000,0,23392.9000,23392.9000,23392.9000,23392.9000,975,0.0000,,,,,Other,,0,False,False
1242,10:47:53.000,10:47:49.000,10:47:53.000,4,23393.0000,23395.0000,23393.0000,23395.0000,715,2.1000,42.1125,,56.14375,,Other,,0,False,False
1243,10:48:01.000,10:47:53.000,10:48:01.000,8,23395.0000,23397.9000,23395.0000,23395.0000,650,0.0000,41.5920,-0.5205,56.846296296296296296296296296,0.702546296296296296296296296,Other,,0,False,False
1244,10:48:14.000,10:48:01.000,10:48:14.000,13,23395.0000,23398.0000,23393.0000,23393.0000,650,-2.0000,40.871428571428571428571428571,-0.720571428571428571428571429,58.071428571428571428571428571,1.225132275132275132275132275,Other,,0,False,False
1245,10:48:16.000,10:48:14.000,10:48:16.000,2,23393.0000,23397.9000,23390.0000,23390.0000,4940,-3.0000,40.416666666666666666666666667,-0.454761904761904761904761904,58.7500,0.678571428571428571428571429,Other,,0,False,False
1246,10:48:16.000,10:48:16.000,10:48:16.000,0,23390.0000,23390.0000,23390.0000,23390.0000,4290,0.0000,,,,,Other,,0,False,False
1247,10:48:16.000,10:48:16.000,10:48:16.000,0,23390.6000,23390.6000,23390.6000,23390.6000,3640,0.6000,,,,,Other,,0,False,False
1248,10:48:16.000,10:48:16.000,10:48:16.000,0,23390.6000,23390.6000,23390.6000,23390.6000,2990,0.0000,,,,,Other,,0,False,False
1249,10:48:17.000,10:48:17.000,10:48:17.000,0,23390.0000,23390.0000,23390.0000,23390.0000,2340,-0.6000,,,58.866666666666666666666666667,,Other,,0,False,False
1250,10:48:17.000,10:48:17.000,10:48:17.000,0,23390.0000,23390.0000,23390.0000,23390.0000,1690,0.0000,,,,,Other,,0,False,False
1251,10:48:18.000,10:48:18.000,10:48:18.000,0,23390.0000,23390.0000,23390.0000,23390.0000,1560,0.0000,40.3000,,58.9000,,Other,,0,False,False
1252,10:48:18.000,10:48:18.000,10:48:18.000,0,23390.0000,23390.0000,23390.0000,23390.0000,910,0.0000,,,,,Other,,0,False,False
1253,10:48:24.000,10:48:19.000,10:48:24.000,5,23390.0000,23398.0000,23390.0000,23392.0000,650,2.0000,40.0950,,58.9000,,Other,,0,False,False
1254,10:48:31.000,10:48:24.000,10:48:31.000,7,23392.0000,23399.0000,23390.2000,23390.2000,650,-1.8000,39.519565217391304347826086957,-0.575434782608695652173913043,59.893478260869565217391304348,0.993478260869565217391304348,Other,,0,False,False
1255,10:48:32.000,10:48:31.000,10:48:32.000,1,23390.2000,23397.0000,23390.2000,23397.0000,650,6.8000,39.7750,0.255434782608695652173913043,59.7000,-0.193478260869565217391304348,Other,,0,False,False
1256,10:48:34.000,10:48:32.000,10:48:34.000,2,23397.0000,23400.0000,23397.0000,23400.0000,780,3.0000,39.616666666666666666666666667,-0.158333333333333333333333333,60.266666666666666666666666667,0.566666666666666666666666667,A,A,1,False,False
1257,10:48:39.000,10:48:34.000,10:48:39.000,5,23400.0000,23400.3000,23386.4000,23386.4000,1235,-13.6000,39.685714285714285714285714286,0.069047619047619047619047619,60.2875,0.020833333333333333333333333,Other,,0,False,False
1258,10:48:41.000,10:48:39.000,10:48:41.000,2,23386.4000,23392.0000,23386.4000,23392.0000,845,5.6000,39.683333333333333333333333333,-0.002380952380952380952380953,60.366666666666666666666666667,0.079166666666666666666666667,A,A,1,False,False
1259,10:48:51.000,10:48:41.000,10:48:51.000,10,23392.0000,23399.4000,23390.0000,23395.0000,1040,3.0000,39.393333333333333333333333333,-0.290000000000000000000000000,61.510714285714285714285714286,1.144047619047619047619047619,A,A,2,True,False
1260,10:48:52.000,10:48:51.000,10:48:52.000,1,23395.0000,23395.0000,23395.0000,23395.0000,715,0.0000,39.2000,-0.193333333333333333333333333,62.6250,1.114285714285714285714285714,Other,,0,False,False
1261,10:49:12.000,10:48:52.000,10:49:12.000,20,23395.0000,23395.0000,23390.5000,23390.5000,715,-4.5000,39.841269841269841269841269841,0.641269841269841269841269841,61.430952380952380952380952381,-1.194047619047619047619047619,B,B,1,False,False
1262,10:49:17.000,10:49:12.000,10:49:17.000,5,23390.5000,23390.5000,23390.5000,23390.5000,650,0.0000,40.3500,0.508730158730158730158730159,60.5250,-0.905952380952380952380952381,Other,,0,False,False
1263,10:49:45.000,10:49:17.000,10:49:45.000,28,23390.5000,23397.0000,23389.3000,23389.3000,1820,-1.2000,41.011494252873563218390804598,0.661494252873563218390804598,58.556470588235294117647058824,-1.968529411764705882352941176,B,B,1,False,False
1264,10:49:45.000,10:49:45.000,10:49:45.000,0,23389.3000,23389.3000,23389.3000,23389.3000,1170,0.0000,,,,,Other,,0,False,False
1265,10:49:50.000,10:49:47.000,10:49:50.000,3,23389.3000,23389.3000,23388.3000,23388.3000,715,-1.0000,40.4400,,59.883333333333333333333333333,,Other,,0,False,False
1266,10:49:52.000,10:49:50.000,10:49:52.000,2,23388.3000,23397.2000,23388.3000,23397.2000,910,8.9000,39.9000,-0.5400,60.9500,1.066666666666666666666666667,A,A,1,False,False
1267,10:50:02.000,10:49:52.000,10:50:02.000,10,23397.2000,23399.8000,23385.0000,23385.0000,715,-12.2000,38.864516129032258064516129032,-1.035483870967741935483870968,62.374137931034482758620689655,1.424137931034482758620689655,Other,,0,False,False
1268,10:50:19.000,10:50:02.000,10:50:19.000,17,23385.0000,23395.0000,23382.5000,23382.5000,650,-2.5000,38.009615384615384615384615385,-0.854900744416873449131513647,64.067857142857142857142857143,1.693719211822660098522167488,Other,,0,False,False
1269,10:50:32.000,10:50:19.000,10:50:32.000,13,23382.5000,23382.5000,23381.0000,23381.0000,715,-1.5000,37.114634146341463414634146341,-0.894981238273921200750469044,65.563414634146341463414634146,1.495557491289198606271777003,Other,,0,False,False
1270,10:50:40.000,10:50:32.000,10:50:40.000,8,23381.0000,23389.9000,23380.5000,23389.9000,715,8.9000,36.766666666666666666666666667,-0.347967479674796747967479674,65.841666666666666666666666667,0.278252032520325203252032521,A,A,1,False,False
1271,10:50:45.000,10:50:40.000,10:50:45.000,5,23389.9000,23389.9000,23380.0000,23380.5000,2340,-9.4000,36.664285714285714285714285714,-0.102380952380952380952380953,66.00625,0.164583333333333333333333333,Other,,0,False,False
1272,10:50:45.000,10:50:45.000,10:50:45.000,0,23380.5000,23380.5000,23380.5000,23380.5000,1690,0.0000,,,,,Other,,0,False,False
1273,10:50:46.000,10:50:46.000,10:50:46.000,0,23375.0000,23375.0000,23375.0000,23375.0000,1040,-5.5000,61.8000,,40.9000,,Other,,0,False,False
1274,10:50:47.000,10:50:46.000,10:50:47.000,1,23375.0000,23375.0000,23375.0000,23375.0000,2535,0.0000,62.0000,0.2000,41.0750,0.1750,Other,,0,False,False
1275,10:50:47.000,10:50:47.000,10:50:47.000,0,23375.0000,23375.0000,23375.0000,23375.0000,1885,0.0000,,,,,Other,,0,False,False
1276,10:50:48.000,10:50:48.000,10:50:48.000,0,23376.0000,23376.0000,23376.0000,23376.0000,1235,1.0000,36.7750,,66.0250,,Other,,0,False,False
1277,10:50:49.000,10:50:48.000,10:50:49.000,1,23376.0000,23376.0000,23376.0000,23376.0000,4095,0.0000,36.9000,0.1250,65.7000,-0.3250,Other,,0,False,False
1278,10:50:49.000,10:50:49.000,10:50:49.000,0,23376.0000,23376.0000,23376.0000,23376.0000,3445,0.0000,,,,,Other,,0,False,False
1279,10:50:49.000,10:50:49.000,10:50:49.000,0,23377.4000,23377.4000,23377.4000,23377.4000,2795,1.4000,,,,,Other,,0,False,False
1280,10:50:49.000,10:50:49.000,10:50:49.000,0,23377.4000,23377.4000,23377.4000,23377.4000,2145,0.0000,,,,,Other,,0,False,False
1281,10:50:50.000,10:50:50.000,10:50:50.000,0,23377.7000,23377.7000,23377.7000,23377.7000,1885,0.3000,37.1500,,65.1500,,Other,,0,False,False
1282,10:50:50.000,10:50:50.000,10:50:50.000,0,23377.7000,23377.7000,23377.7000,23377.7000,1235,0.0000,,,,,Other,,0,False,False
1283,10:50:54.000,10:50:52.000,10:50:54.000,2,23377.7000,23389.9000,23376.9000,23376.9000,715,-0.8000,36.5875,,65.9500,,Other,,0,False,False
1284,10:51:02.000,10:50:54.000,10:51:02.000,8,23376.9000,23377.4000,23376.9000,23377.4000,1300,0.5000,36.514814814814814814814814815,-0.072685185185185185185185185,65.742592592592592592592592593,-0.207407407407407407407407407,Other,,0,False,False
1285,10:51:02.000,10:51:02.000,10:51:02.000,0,23377.4000,23377.4000,23377.4000,23377.4000,650,0.0000,,,,,Other,,0,False,False
1286,10:51:15.000,10:51:03.000,10:51:15.000,12,23377.4000,23388.9000,23377.1000,23380.5000,2015,3.1000,36.2150,,66.20952380952380952380952381,,Other,,0,False,False
1287,10:51:15.000,10:51:15.000,10:51:15.000,0,23380.5000,23380.5000,23380.5000,23380.5000,1365,0.0000,,,,,Other,,0,False,False
1288,10:51:17.000,10:51:17.000,10:51:17.000,0,23380.5000,23380.5000,23380.5000,23380.5000,780,0.0000,36.2500,,65.8000,,Other,,0,False,False
1289,10:51:25.000,10:51:17.000,10:51:25.000,8,23380.5000,23381.0000,23379.9000,23379.9000,780,-0.6000,36.111538461538461538461538462,-0.138461538461538461538461538,66.4500,0.6500,Other,,0,False,False
1290,10:51:28.000,10:51:25.000,10:51:28.000,3,23379.9000,23389.0000,23379.9000,23381.0000,910,1.1000,36.0400,-0.071538461538461538461538462,66.6200,0.1700,A,A,1,False,False
1291,10:51:32.000,10:51:28.000,10:51:32.000,4,23381.0000,23385.8000,23380.5000,23380.5000,715,-0.5000,35.9500,-0.0900,66.8800,0.2600,Other,,0,False,False
1292,10:51:38.000,10:51:32.000,10:51:38.000,6,23380.5000,23388.6000,23377.8000,23385.0000,715,4.5000,36.14375,0.19375,66.366666666666666666666666667,-0.513333333333333333333333333,Other,,0,False,False
1293,10:51:50.000,10:51:38.000,10:51:50.000,12,23385.0000,23385.0000,23377.5000,23385.0000,975,0.0000,36.747222222222222222222222222,0.603472222222222222222222222,64.811764705882352941176470588,-1.554901960784313725490196079,Other,,0,False,False
1294,10:51:55.000,10:51:50.000,10:51:55.000,5,23385.0000,23390.0000,23381.0000,23390.0000,650,5.0000,37.6125,0.865277777777777777777777778,62.74375,-2.068014705882352941176470588,Other,,0,False,False
1295,10:52:05.000,10:51:55.000,10:52:05.000,10,23390.0000,23390.0000,23379.0000,23386.2000,650,-3.8000,36.683333333333333333333333333,-0.929166666666666666666666667,64.882857142857142857142857143,2.139107142857142857142857143,Other,,0,False,False
1296,10:52:13.000,10:52:05.000,10:52:13.000,8,23386.2000,23386.2000,23381.0000,23384.6000,845,-1.6000,36.704545454545454545454545455,0.021212121212121212121212122,65.1750,0.292142857142857142857142857,Other,,0,False,False
1297,10:52:17.000,10:52:13.000,10:52:17.000,4,23384.6000,23384.6000,23381.0000,23381.0000,715,-3.6000,36.507142857142857142857142857,-0.197402597402597402597402598,65.407142857142857142857142857,0.232142857142857142857142857,Other,,0,False,False
1298,10:52:20.000,10:52:17.000,10:52:20.000,3,23381.0000,23381.0000,23380.5000,23380.5000,845,-0.5000,36.1500,-0.357142857142857142857142857,65.9100,0.502857142857142857142857143,Other,,0,False,False
1299,10:52:23.000,10:52:20.000,10:52:23.000,3,23380.5000,23383.8000,23380.5000,23383.8000,650,3.3000,35.9125,-0.2375,66.0375,0.1275,A,A,1,False,False
1300,10:52:30.000,10:52:23.000,10:52:30.000,7,23383.8000,23384.0000,23381.0000,23381.0000,780,-2.8000,35.7300,-0.1825,66.247826086956521739130434783,0.210326086956521739130434783,Other,,0,False,False
1301,10:52:35.000,10:52:30.000,10:52:35.000,5,23381.0000,23388.1000,23380.9000,23380.9000,845,-0.1000,35.2375,-0.4925,66.95625,0.708423913043478260869565217,Other,,0,False,False
1302,10:52:37.000,10:52:35.000,10:52:37.000,2,23380.9000,23380.9000,23380.4000,23380.4000,975,-0.5000,34.5250,-0.7125,68.033333333333333333333333333,1.077083333333333333333333333,Other,,0,False,False
1303,10:52:38.000,10:52:37.000,10:52:38.000,1,23380.4000,23382.0000,23378.0000,23378.0000,780,-2.4000,34.2250,-0.3000,68.4250,0.391666666666666666666666667,Other,,0,False,False
1304,10:52:42.000,10:52:38.000,10:52:42.000,4,23378.0000,23385.4000,23377.3000,23377.3000,845,-0.7000,34.333333333333333333333333333,0.108333333333333333333333333,68.8250,0.4000,Other,,0,False,False
1305,10:52:45.000,10:52:42.000,10:52:45.000,3,23377.3000,23385.1000,23377.3000,23377.5000,650,0.2000,34.6200,0.286666666666666666666666667,67.8100,-1.0150,Other,,0,False,False
1306,10:52:47.000,10:52:45.000,10:52:47.000,2,23377.5000,23377.5000,23377.0000,23377.0000,650,-0.5000,34.5500,-0.0700,67.9000,0.0900,Other,,0,False,False
1307,10:52:53.000,10:52:47.000,10:52:53.000,6,23377.0000,23378.0000,23375.9000,23375.9000,650,-1.1000,34.2150,-0.3350,68.8350,0.9350,Other,,0,False,False
1308,10:53:02.000,10:52:53.000,10:53:02.000,9,23375.9000,23375.9000,23375.0000,23375.0000,845,-0.9000,57.892592592592592592592592593,,43.246551724137931034482758621,,Other,,0,False,False
1309,10:53:05.000,10:53:02.000,10:53:05.000,3,23375.0000,23375.0000,23375.0000,23375.0000,1040,0.0000,57.7900,-0.102592592592592592592592593,43.1800,-0.066551724137931034482758621,Other,,0,False,False
1310,10:53:06.000,10:53:05.000,10:53:06.000,1,23375.0000,23375.0000,23375.0000,23375.0000,1105,0.0000,,,,,Other,,0,False,False
1311,10:53:10.000,10:53:06.000,10:53:10.000,4,23375.0000,23375.6000,23375.0000,23375.4000,715,0.4000,33.9250,,69.216666666666666666666666667,,Other,,0,False,False
1312,10:53:13.000,10:53:10.000,10:53:13.000,3,23375.4000,23385.0000,23375.3000,23375.3000,780,-0.1000,34.3000,0.3750,68.1500,-1.066666666666666666666666667,B,B,1,False,False
1313,10:53:18.000,10:53:13.000,10:53:18.000,5,23375.3000,23375.5000,23375.3000,23375.5000,650,0.2000,34.4375,0.1375,68.30625,0.15625,Other,,0,False,False
1314,10:53:23.000,10:53:18.000,10:53:23.000,5,23375.5000,23376.7000,23375.5000,23375.6000,845,0.1000,35.1375,0.7000,66.9500,-1.35625,Other,,0,False,False
1315,10:53:31.000,10:53:23.000,10:53:31.000,8,23375.6000,23383.0000,23375.6000,23378.1000,845,2.5000,35.566666666666666666666666667,0.429166666666666666666666667,66.5000,-0.4500,Other,,0,False,False
1316,10:53:38.000,10:53:31.000,10:53:38.000,7,23378.1000,23383.0000,23376.0000,23383.0000,780,4.9000,35.295454545454545454545454545,-0.271212121212121212121212122,67.818181818181818181818181818,1.318181818181818181818181818,A,A,1,False,False
1317,10:53:41.000,10:53:38.000,10:53:41.000,3,23383.0000,23383.0000,23377.2000,23377.2000,650,-5.8000,35.6000,0.304545454545454545454545455,67.1400,-0.678181818181818181818181818,B,B,1,False,False
1318,10:53:46.000,10:53:41.000,10:53:46.000,5,23377.2000,23384.9000,23377.2000,23384.9000,780,7.7000,35.7625,0.1625,66.7875,-0.3525,Other,,0,False,False
1319,10:53:56.000,10:53:46.000,10:53:56.000,10,23384.9000,23384.9000,23377.0000,23383.0000,650,-1.9000,35.646666666666666666666666667,-0.115833333333333333333333333,66.986666666666666666666666667,0.199166666666666666666666667,Other,,0,False,False
1320,10:54:06.000,10:53:56.000,10:54:06.000,10,23383.0000,23383.9000,23378.1000,23378.1000,650,-4.9000,35.661290322580645161290322581,0.014623655913978494623655914,66.472727272727272727272727273,-0.513939393939393939393939394,B,B,1,False,False
1321,10:54:16.000,10:54:06.000,10:54:16.000,10,23378.1000,23383.9000,23378.0000,23378.0000,780,-0.1000,35.436666666666666666666666667,-0.224623655913978494623655914,66.978125,0.505397727272727272727272727,Other,,0,False,False
1322,10:54:18.000,10:54:16.000,10:54:18.000,2,23378.0000,23378.6000,23378.0000,23378.6000,650,0.6000,35.633333333333333333333333333,0.196666666666666666666666666,66.7000,-0.278125,Other,,0,False,False
1323,10:54:25.000,10:54:18.000,10:54:25.000,7,23378.6000,23383.8000,23378.6000,23381.1000,650,2.5000,36.481818181818181818181818182,0.848484848484848484848484849,64.586363636363636363636363636,-2.113636363636363636363636364,Other,,0,False,False
1324,10:54:41.000,10:54:25.000,10:54:41.000,16,23381.1000,23385.0000,23378.6000,23381.5000,780,0.4000,36.211320754716981132075471698,-0.270497427101200686106346484,65.383962264150943396226415094,0.797598627787307032590051458,A,A,1,False,False
1325,10:54:48.000,10:54:41.000,10:54:48.000,7,23381.5000,23387.0000,23381.1000,23387.0000,845,5.5000,36.9050,0.693679245283018867924528302,63.9500,-1.433962264150943396226415094,Other,,0,False,False
1326,10:54:51.000,10:54:48.000,10:54:51.000,3,23387.0000,23387.0000,23387.0000,23387.0000,1300,0.0000,37.4200,0.5150,63.1500,-0.8000,Other,,0,False,False
1327,10:54:51.000,10:54:51.000,10:54:51.000,0,23387.0000,23387.0000,23387.0000,23387.0000,650,0.0000,,,,,Other,,0,False,False
1328,10:54:55.000,10:54:52.000,10:54:55.000,3,23389.0000,23389.0000,23389.0000,23389.0000,650,2.0000,37.7700,,62.233333333333333333333333333,,Other,,0,False,False
1329,10:55:01.000,10:54:55.000,10:55:01.000,6,23389.0000,23394.0000,23382.9000,23382.9000,780,-6.1000,37.845238095238095238095238095,0.075238095238095238095238095,62.068421052631578947368421053,-0.164912280701754385964912280,B,B,1,False,False
1330,10:55:16.000,10:55:01.000,10:55:16.000,15,23382.9000,23393.4000,23382.9000,23386.0000,715,3.1000,37.963636363636363636363636364,0.118398268398268398268398269,61.884782608695652173913043478,-0.183638443935926773455377575,Other,,0,False,False
1331,10:55:31.000,10:55:16.000,10:55:31.000,15,23386.0000,23393.9000,23386.0000,23388.5000,715,2.5000,37.5100,-0.453636363636363636363636364,62.908888888888888888888888889,1.024106280193236714975845411,A,A,1,False,False
1332,10:55:38.000,10:55:31.000,10:55:38.000,7,23388.5000,23390.0000,23388.5000,23390.0000,845,1.5000,37.5200,0.0100,63.586363636363636363636363636,0.677474747474747474747474747,Other,,0,False,False
1333,10:55:43.000,10:55:38.000,10:55:43.000,5,23390.0000,23393.4000,23386.0000,23393.4000,715,3.4000,37.35625,-0.16375,64.33125,0.744886363636363636363636364,A,A,1,False,False
1334,10:55:51.000,10:55:43.000,10:55:51.000,8,23393.4000,23394.6000,23389.2000,23393.4000,2535,0.0000,37.480769230769230769230769231,0.124519230769230769230769231,63.719230769230769230769230769,-0.612019230769230769230769231,Other,,0,False,False
1335,10:55:51.000,10:55:51.000,10:55:51.000,0,23393.4000,23393.4000,23393.4000,23393.4000,1885,0.0000,,,,,Other,,0,False,False
1336,10:55:52.000,10:55:52.000,10:55:52.000,0,23394.9000,23394.9000,23394.9000,23394.9000,1235,1.5000,37.6000,,63.3750,,Other,,0,False,False
1337,10:55:53.000,10:55:52.000,10:55:53.000,1,23394.9000,23394.9000,23394.9000,23394.9000,975,0.0000,37.8000,0.2000,63.1000,-0.2750,Other,,0,False,False
1338,10:55:56.000,10:55:53.000,10:55:56.000,3,23394.9000,23394.9000,23385.7000,23390.4000,2015,-4.5000,38.1600,0.3600,62.2250,-0.8750,B,B,1,False,False
1339,10:55:56.000,10:55:56.000,10:55:56.000,0,23390.4000,23390.4000,23390.4000,23390.4000,1365,0.0000,,,,,Other,,0,False,False
1340,10:55:57.000,10:55:57.000,10:55:57.000,0,23391.0000,23391.0000,23391.0000,23391.0000,715,0.6000,38.7500,,60.6250,,Other,,0,False,False
1341,10:56:02.000,10:55:57.000,10:56:02.000,5,23391.0000,23395.0000,23390.6000,23395.0000,845,4.0000,39.082352941176470588235294118,0.332352941176470588235294118,59.761764705882352941176470588,-0.863235294117647058823529412,Other,,0,False,False
1342,10:56:04.000,10:56:02.000,10:56:04.000,2,23395.0000,23395.0000,23386.1000,23386.1000,1560,-8.9000,39.116666666666666666666666667,0.034313725490196078431372549,59.8500,0.088235294117647058823529412,Other,,0,False,False
1343,10:56:04.000,10:56:04.000,10:56:04.000,0,23386.1000,23386.1000,23386.1000,23386.1000,910,0.0000,,,,,Other,,0,False,False
1344,10:56:09.000,10:56:05.000,10:56:09.000,4,23393.2000,23395.0000,23393.2000,23395.0000,1690,8.9000,39.3250,,59.3000,,Other,,0,False,False
1345,10:56:09.000,10:56:09.000,10:56:09.000,0,23395.0000,23395.0000,23395.0000,23395.0000,1040,0.0000,,,,,Other,,0,False,False
1346,10:56:12.000,10:56:10.000,10:56:12.000,2,23394.5000,23394.5000,23394.0000,23394.5000,780,-0.5000,39.183333333333333333333333333,,59.7100,,Other,,0,False,False
1347,10:56:25.000,10:56:12.000,10:56:25.000,13,23394.5000,23396.0000,23390.6000,23395.5000,910,1.0000,38.826190476190476190476190476,-0.357142857142857142857142857,60.342857142857142857142857143,0.632857142857142857142857143,A,A,1,False,False
1348,10:56:29.000,10:56:25.000,10:56:29.000,4,23395.5000,23395.5000,23393.6000,23393.6000,975,-1.9000,38.591666666666666666666666667,-0.234523809523809523809523809,61.133333333333333333333333333,0.790476190476190476190476190,Other,,0,False,False
1349,10:56:34.000,10:56:29.000,10:56:34.000,5,23393.6000,23397.0000,23392.0000,23397.0000,715,3.4000,38.520588235294117647058823529,-0.071078431372549019607843138,60.967647058823529411764705882,-0.165686274509803921568627451,Other,,0,False,False
1350,10:56:42.000,10:56:34.000,10:56:42.000,8,23397.0000,23399.2000,23391.1000,23397.2000,2015,0.2000,38.1625,-0.358088235294117647058823529,61.373076923076923076923076923,0.405429864253393665158371041,A,A,1,False,False
1351,10:56:42.000,10:56:42.000,10:56:42.000,0,23397.2000,23397.2000,23397.2000,23397.2000,1365,0.0000,,,,,Other,,0,False,False
1352,10:56:43.000,10:56:43.000,10:56:43.000,0,23391.7000,23391.7000,23391.7000,23391.7000,715,-5.5000,37.2500,,63.0500,,Other,,0,False,False
1353,10:56:43.000,10:56:43.000,10:56:43.000,0,23391.7000,23391.7000,23391.7000,23391.7000,780,0.0000,,,,,Other,,0,False,False
1354,10:56:50.000,10:56:43.000,10:56:50.000,7,23391.7000,23396.4000,23390.0000,23391.0000,715,-0.7000,37.491666666666666666666666667,,62.745833333333333333333333333,,Other,,0,False,False
1355,10:56:58.000,10:56:50.000,10:56:58.000,8,23391.0000,23396.6000,23390.0000,23396.6000,2210,5.6000,38.183333333333333333333333333,0.691666666666666666666666666,61.4125,-1.333333333333333333333333333,Other,,0,False,False
1356,10:56:58.000,10:56:58.000,10:56:58.000,0,23396.6000,23396.6000,23396.6000,23396.6000,1560,0.0000,,,,,Other,,0,False,False
1357,10:56:58.000,10:56:58.000,10:56:58.000,0,23390.0000,23390.0000,23390.0000,23390.0000,910,-6.6000,,,,,Other,,0,False,False
1358,10:57:00.000,10:56:58.000,10:57:00.000,2,23390.0000,23390.0000,23390.0000,23390.0000,780,0.0000,37.883333333333333333333333333,,61.572222222222222222222222222,,Other,,0,False,False
1359,10:57:06.000,10:57:00.000,10:57:06.000,6,23390.0000,23396.3000,23387.0000,23396.3000,715,6.3000,37.885714285714285714285714286,0.002380952380952380952380953,61.4500,-0.122222222222222222222222222,Other,,0,False,False
1360,10:57:14.000,10:57:06.000,10:57:14.000,8,23396.3000,23396.3000,23390.0000,23390.0000,845,-6.3000,38.4375,0.551785714285714285714285714,60.276923076923076923076923077,-1.173076923076923076923076923,B,B,1,False,False
1361,10:57:16.000,10:57:14.000,10:57:16.000,2,23390.0000,23396.0000,23390.0000,23396.0000,975,6.0000,38.866666666666666666666666667,0.429166666666666666666666667,59.633333333333333333333333333,-0.643589743589743589743589744,Other,,0,False,False
1362,10:57:21.000,10:57:16.000,10:57:21.000,5,23396.0000,23398.0000,23388.6000,23390.9000,650,-5.1000,39.73125,0.864583333333333333333333333,57.7000,-1.933333333333333333333333333,B,B,1,False,False
1363,10:57:45.000,10:57:21.000,10:57:45.000,24,23390.9000,23399.0000,23390.9000,23393.0000,650,2.1000,39.798101265822784810126582278,0.066851265822784810126582278,57.282911392405063291139240506,-0.417088607594936708860759494,Other,,0,False,False
1364,10:57:47.000,10:57:45.000,10:57:47.000,2,23393.0000,23400.0000,23393.0000,23400.0000,715,7.0000,40.466666666666666666666666667,0.668565400843881856540084389,55.933333333333333333333333333,-1.349578059071729957805907173,Other,,0,False,False
1365,10:57:55.000,10:57:47.000,10:57:55.000,8,23400.0000,23401.0000,23398.5000,23399.1000,780,-0.9000,40.391666666666666666666666667,-0.075000000000000000000000000,56.265384615384615384615384615,0.332051282051282051282051282,Other,,0,False,False
1366,10:58:02.000,10:57:55.000,10:58:02.000,7,23399.1000,23400.0000,23392.4000,23400.0000,1170,0.9000,40.147826086956521739130434783,-0.243840579710144927536231884,56.686956521739130434782608696,0.421571906354515050167224081,A,A,1,False,False
1367,10:58:03.000,10:58:02.000,10:58:03.000,1,23400.0000,23402.0000,23400.0000,23402.0000,650,2.0000,39.8500,-0.297826086956521739130434783,57.0500,0.363043478260869565217391304,A,A,2,True,False
1368,10:58:17.000,10:58:03.000,10:58:17.000,14,23402.0000,23404.9000,23397.9000,23397.9000,1170,-4.1000,40.106521739130434782608695652,0.256521739130434782608695652,56.506521739130434782608695652,-0.543478260869565217391304348,B,B,1,False,False
1369,10:58:18.000,10:58:17.000,10:58:18.000,1,23397.9000,23402.0000,23397.9000,23402.0000,1430,4.1000,38.9000,-1.206521739130434782608695652,58.6500,2.143478260869565217391304348,A,A,1,False,False
1370,10:58:18.000,10:58:18.000,10:58:18.000,0,23402.0000,23402.0000,23402.0000,23402.0000,780,0.0000,,,,,Other,,0,False,False
1371,10:58:22.000,10:58:20.000,10:58:22.000,2,23402.0000,23402.0000,23396.9000,23396.9000,1235,-5.1000,39.3000,,58.3900,,Other,,0,False,False
1372,10:58:23.000,10:58:22.000,10:58:23.000,1,23396.9000,23396.9000,23393.0000,23396.9000,845,0.0000,39.5500,0.2500,58.1500,-0.2400,Other,,0,False,False
1373,10:58:33.000,10:58:23.000,10:58:33.000,10,23396.9000,23404.0000,23396.9000,23403.7000,650,6.8000,39.774137931034482758620689655,0.224137931034482758620689655,57.509375,-0.640625,Other,,0,False,False
1374,10:58:43.000,10:58:33.000,10:58:43.000,10,23403.7000,23403.7000,23393.0000,23396.1000,1625,-7.6000,39.444117647058823529411764706,-0.330020283975659229208924949,58.040625,0.531250,Other,,0,False,False
1375,10:58:43.000,10:58:43.000,10:58:43.000,0,23396.1000,23396.1000,23396.1000,23396.1000,975,0.0000,,,,,Other,,0,False,False
1376,10:58:50.000,10:58:43.000,10:58:50.000,7,23396.6000,23403.5000,23393.0000,23393.0000,715,-3.1000,39.245454545454545454545454545,,57.8400,,Other,,0,False,False
1377,10:59:03.000,10:58:50.000,10:59:03.000,13,23393.0000,23402.9000,23393.0000,23396.0000,1235,3.0000,39.59512195121951219512195122,0.349667405764966740576496675,57.619767441860465116279069767,-0.220232558139534883720930233,Other,,0,False,False
1378,10:59:09.000,10:59:03.000,10:59:09.000,6,23396.0000,23396.0000,23395.5000,23395.5000,780,-0.5000,39.472222222222222222222222222,-0.122899728997289972899728998,57.944444444444444444444444444,0.324677002583979328165374677,Other,,0,False,False
1379,10:59:14.000,10:59:09.000,10:59:14.000,5,23395.5000,23402.1000,23395.5000,23398.0000,910,2.5000,39.96875,0.496527777777777777777777778,56.99375,-0.950694444444444444444444444,Other,,0,False,False
1380,10:59:20.000,10:59:14.000,10:59:20.000,6,23398.0000,23401.7000,23396.0000,23401.7000,650,3.7000,40.1700,0.20125,56.4900,-0.50375,Other,,0,False,False
1381,10:59:30.000,10:59:20.000,10:59:30.000,10,23401.7000,23401.7000,23396.0000,23398.6000,975,-3.1000,40.485483870967741935483870968,0.315483870967741935483870968,55.91935483870967741935483871,-0.57064516129032258064516129,B,B,1,False,False
1382,10:59:33.000,10:59:30.000,10:59:33.000,3,23398.6000,23399.7000,23398.0000,23399.0000,845,0.4000,40.5500,0.064516129032258064516129032,55.7100,-0.20935483870967741935483871,Other,,0,False,False
1383,10:59:38.000,10:59:33.000,10:59:38.000,5,23399.0000,23400.0000,23398.0000,23399.4000,845,0.4000,40.56875,0.01875,55.7750,0.0650,Other,,0,False,False
1384,10:59:41.000,10:59:38.000,10:59:41.000,3,23399.4000,23400.0000,23399.0000,23400.0000,1105,0.6000,40.4750,-0.09375,55.7250,-0.0500,Other,,0,False,False
1385,10:59:46.000,10:59:41.000,10:59:46.000,5,23400.0000,23403.5000,23398.0000,23403.5000,1040,3.5000,40.6000,0.1250,55.21875,-0.50625,Other,,0,False,False
1386,10:59:52.000,10:59:46.000,10:59:52.000,6,23403.5000,23403.5000,23396.9000,23396.9000,1300,-6.6000,40.605555555555555555555555556,0.005555555555555555555555556,54.8350,-0.38375,B,B,1,False,False
1387,10:59:52.000,10:59:52.000,10:59:52.000,0,23396.9000,23396.9000,23396.9000,23396.9000,650,0.0000,,,,,Other,,0,False,False
1388,11:00:01.000,10:59:53.000,11:00:01.000,8,23406.1000,23406.1000,23396.8000,23400.2000,715,3.3000,40.439655172413793103448275862,,54.877777777777777777777777778,,Other,,0,False,False
1389,11:00:11.000,11:00:01.000,11:00:11.000,10,23400.2000,23405.0000,23396.8000,23401.0000,910,0.8000,40.015625,-0.424030172413793103448275862,55.440625,0.562847222222222222222222222,A,A,1,False,False
1390,11:00:12.000,11:00:11.000,11:00:12.000,1,23401.0000,23401.0000,23396.3000,23396.3000,1105,-4.7000,39.0250,-0.990625,57.6250,2.184375,Other,,0,False,False
1391,11:00:14.000,11:00:12.000,11:00:14.000,2,23396.3000,23401.1000,23396.3000,23398.2000,1105,1.9000,38.883333333333333333333333333,-0.141666666666666666666666667,57.716666666666666666666666667,0.091666666666666666666666667,A,A,1,False,False
1392,11:00:16.000,11:00:14.000,11:00:16.000,2,23398.2000,23398.2000,23395.7000,23395.7000,910,-2.5000,38.166666666666666666666666667,-0.716666666666666666666666666,58.966666666666666666666666667,1.250000000000000000000000000,Other,,0,False,False
1393,11:00:17.000,11:00:16.000,11:00:17.000,1,23395.7000,23397.0000,23395.2000,23395.2000,715,-0.5000,38.5500,0.383333333333333333333333333,58.6500,-0.316666666666666666666666667,B,B,1,False,False
1394,11:00:22.000,11:00:17.000,11:00:22.000,5,23395.2000,23398.0000,23395.0000,23395.3000,1820,0.1000,38.36875,-0.18125,59.06875,0.41875,A,A,1,False,False
1395,11:00:22.000,11:00:22.000,11:00:22.000,0,23395.3000,23395.3000,23395.3000,23395.3000,1170,0.0000,,,,,Other,,0,False,False
1396,11:00:26.000,11:00:23.000,11:00:26.000,3,23390.2000,23390.2000,23390.1000,23390.1000,650,-5.2000,38.183333333333333333333333333,,59.358333333333333333333333333,,Other,,0,False,False
1397,11:00:29.000,11:00:26.000,11:00:29.000,3,23390.1000,23400.0000,23390.1000,23400.0000,1430,9.9000,38.3900,0.206666666666666666666666667,59.1700,-0.188333333333333333333333333,Other,,0,False,False
1398,11:00:29.000,11:00:29.000,11:00:29.000,0,23400.0000,23400.0000,23400.0000,23400.0000,780,0.0000,,,,,Other,,0,False,False
1399,11:00:32.000,11:00:30.000,11:00:32.000,2,23400.0000,23400.0000,23390.0000,23390.0000,780,-10.0000,38.509090909090909090909090909,,59.1000,,Other,,0,False,False
1400,11:00:42.000,11:00:32.000,11:00:42.000,10,23390.0000,23397.5000,23390.0000,23397.5000,780,7.5000,38.6125,0.103409090909090909090909091,58.5500,-0.5500,Other,,0,False,False
1401,11:00:44.000,11:00:42.000,11:00:44.000,2,23397.5000,23397.5000,23396.3000,23396.3000,650,-1.2000,38.533333333333333333333333333,-0.079166666666666666666666667,58.583333333333333333333333333,0.033333333333333333333333333,Other,,0,False,False
1402,11:00:46.000,11:00:44.000,11:00:46.000,2,23396.3000,23397.5000,23395.3000,23395.3000,845,-1.0000,38.0000,-0.533333333333333333333333333,59.416666666666666666666666667,0.833333333333333333333333334,Other,,0,False,False
1403,11:00:54.000,11:00:46.000,11:00:54.000,8,23395.3000,23399.1000,23392.0000,23392.0000,650,-3.3000,38.0250,0.0250,58.926923076923076923076923077,-0.489743589743589743589743590,B,B,1,False,False
1404,11:00:57.000,11:00:54.000,11:00:57.000,3,23392.0000,23395.3000,23390.0000,23395.3000,715,3.3000,38.0000,-0.0250,58.7900,-0.136923076923076923076923077,Other,,0,False,False
1405,11:01:08.000,11:00:57.000,11:01:08.000,11,23395.3000,23395.3000,23390.0000,23390.0000,2275,-5.3000,37.994285714285714285714285714,-0.005714285714285714285714286,58.795714285714285714285714286,0.005714285714285714285714286,Other,,0,False,False
1406,11:01:08.000,11:01:08.000,11:01:08.000,0,23390.0000,23390.0000,23390.0000,23390.0000,1625,0.0000,,,,,Other,,0,False,False
1407,11:01:08.000,11:01:08.000,11:01:08.000,0,23395.1000,23395.1000,23395.1000,23395.1000,975,5.1000,,,,,Other,,0,False,False
1408,11:01:12.000,11:01:08.000,11:01:12.000,4,23395.1000,23395.1000,23388.5000,23388.5000,715,-6.6000,36.8500,,60.642857142857142857142857143,,Other,,0,False,False
1409,11:01:17.000,11:01:12.000,11:01:17.000,5,23388.5000,23392.7000,23388.5000,23392.7000,650,4.2000,36.7500,-0.1000,60.84375,0.200892857142857142857142857,A,A,1,False,False
1410,11:01:29.000,11:01:17.000,11:01:29.000,12,23392.7000,23394.8000,23390.5000,23393.4000,1495,0.7000,37.826315789473684210526315789,1.076315789473684210526315789,59.028947368421052631578947368,-1.814802631578947368421052632,Other,,0,False,False
1411,11:01:29.000,11:01:29.000,11:01:29.000,0,23393.4000,23393.4000,23393.4000,23393.4000,845,0.0000,,,,,Other,,0,False,False
1412,11:01:31.000,11:01:30.000,11:01:31.000,1,23388.5000,23388.5000,23388.5000,23388.5000,780,-4.9000,36.7000,,61.1000,,Other,,0,False,False
1413,11:01:38.000,11:01:31.000,11:01:38.000,7,23388.5000,23391.3000,23388.5000,23389.5000,715,1.0000,35.9875,-0.7125,62.0375,0.9375,A,A,1,False,False
1414,11:01:54.000,11:01:38.000,11:01:54.000,16,23389.5000,23394.4000,23384.6000,23385.0000,650,-4.5000,35.8750,-0.1125,62.0040,-0.0335,Other,,0,False,False
1415,11:01:56.000,11:01:54.000,11:01:56.000,2,23385.0000,23390.0000,23384.6000,23384.6000,780,-0.4000,36.833333333333333333333333333,0.958333333333333333333333333,60.6750,-1.3290,B,B,1,False,False
1416,11:02:06.000,11:01:56.000,11:02:06.000,10,23384.6000,23394.4000,23384.6000,23394.4000,650,9.8000,36.734848484848484848484848485,-0.098484848484848484848484848,60.91935483870967741935483871,0.24435483870967741935483871,A,A,1,False,False
1417,11:02:20.000,11:02:06.000,11:02:20.000,14,23394.4000,23394.5000,23384.6000,23385.5000,650,-8.9000,36.3500,-0.384848484848484848484848485,61.497727272727272727272727273,0.578372434017595307917888563,Other,,0,False,False
1418,11:02:38.000,11:02:20.000,11:02:38.000,18,23385.5000,23392.0000,23385.5000,23392.0000,845,6.5000,36.610655737704918032786885246,0.260655737704918032786885246,60.819672131147540983606557377,-0.678055141579731743666169896,Other,,0,False,False
1419,11:03:02.000,11:02:38.000,11:03:02.000,24,23392.0000,23392.0000,23386.0000,23392.0000,650,0.0000,35.840140845070422535211267606,-0.770514892634495497575617640,61.708219178082191780821917808,0.888547046934650797215360431,Other,,0,False,False
1420,11:03:14.000,11:03:02.000,11:03:14.000,12,23392.0000,23395.1000,23385.1000,23385.1000,650,-6.9000,35.0225,-0.817640845070422535211267606,62.9575,1.249280821917808219178082192,Other,,0,False,False
1421,11:03:32.000,11:03:14.000,11:03:32.000,18,23385.1000,23392.0000,23385.0000,23385.0000,650,-0.1000,34.229090909090909090909090909,-0.793409090909090909090909091,63.7200,0.7625,Other,,0,False,False
1422,11:03:47.000,11:03:32.000,11:03:47.000,15,23385.0000,23392.1000,23385.0000,23392.0000,780,7.0000,35.260416666666666666666666667,1.031325757575757575757575758,62.158333333333333333333333333,-1.561666666666666666666666667,Other,,0,False,False
1423,11:04:05.000,11:03:47.000,11:04:05.000,18,23392.0000,23395.0000,23384.7000,23384.7000,780,-7.3000,35.76754385964912280701754386,0.507127192982456140350877193,61.114912280701754385964912281,-1.043421052631578947368421052,B,B,1,False,False
1424,11:04:31.000,11:04:05.000,11:04:31.000,26,23384.7000,23393.0000,23383.9000,23386.0000,650,1.3000,36.152352941176470588235294118,0.384809081527347781217750258,60.485057471264367816091954023,-0.629854809437386569872958258,Other,,0,False,False
1425,11:04:36.000,11:04:31.000,11:04:36.000,5,23386.0000,23395.0000,23386.0000,23389.6000,650,3.6000,35.8625,-0.289852941176470588235294118,60.76875,0.283692528735632183908045977,A,A,1,False,False
1426,11:05:01.000,11:04:36.000,11:05:01.000,25,23389.6000,23395.2000,23385.5000,23385.5000,650,-4.1000,35.201333333333333333333333333,-0.661166666666666666666666667,61.979113924050632911392405063,1.210363924050632911392405063,Other,,0,False,False
1427,11:05:14.000,11:05:01.000,11:05:14.000,13,23385.5000,23392.5000,23385.5000,23390.2000,650,4.7000,35.692857142857142857142857143,0.491523809523809523809523810,61.511904761904761904761904762,-0.467209162145871006630500301,Other,,0,False,False
1428,11:05:35.000,11:05:14.000,11:05:35.000,21,23390.2000,23393.0000,23385.5000,23385.5000,650,-4.7000,35.060447761194029850746268657,-0.632409381663113006396588486,62.756716417910447761194029851,1.244811656005685856432125089,Other,,0,False,False
1429,11:05:50.000,11:05:35.000,11:05:50.000,15,23385.5000,23390.0000,23385.0000,23385.0000,650,-0.5000,34.545454545454545454545454545,-0.514993215739484396200814112,63.51875,0.762033582089552238805970149,Other,,0,False,False
1430,11:06:14.000,11:05:50.000,11:06:14.000,24,23385.0000,23389.0000,23385.0000,23389.0000,1300,4.0000,34.807534246575342465753424658,0.262079701120797011207970113,63.150666666666666666666666667,-0.368083333333333333333333333,Other,,0,False,False
1431,11:06:14.000,11:06:14.000,11:06:14.000,0,23389.0000,23389.0000,23389.0000,23389.0000,650,0.0000,,,,,Other,,0,False,False
1432,11:06:22.000,11:06:15.000,11:06:22.000,7,23384.5000,23388.7000,23383.3000,23388.7000,650,-0.3000,35.142307692307692307692307692,,62.258333333333333333333333333,,Other,,0,False,False
1433,11:06:31.000,11:06:22.000,11:06:31.000,9,23388.7000,23388.7000,23381.7000,23388.5000,845,-0.2000,35.320689655172413793103448276,0.178381962864721485411140584,61.92962962962962962962962963,-0.328703703703703703703703703,B,B,1,False,False
1434,11:06:43.000,11:06:31.000,11:06:43.000,12,23388.5000,23394.8000,23381.7000,23388.5000,2275,0.0000,35.473684210526315789473684211,0.152994555353901996370235935,61.783333333333333333333333333,-0.146296296296296296296296297,Other,,0,False,False
1435,11:06:43.000,11:06:43.000,11:06:43.000,0,23388.5000,23388.5000,23388.5000,23388.5000,1625,0.0000,,,,,Other,,0,False,False
1436,11:06:44.000,11:06:44.000,11:06:44.000,0,23381.0000,23381.0000,23381.0000,23381.0000,975,-7.5000,35.2250,,61.9250,,Other,,0,False,False
1437,11:06:44.000,11:06:44.000,11:06:44.000,0,23381.0000,23381.0000,23381.0000,23381.0000,975,0.0000,,,,,Other,,0,False,False
1438,11:06:49.000,11:06:44.000,11:06:49.000,5,23381.0000,23388.5000,23381.0000,23388.5000,650,7.5000,35.6000,,61.5500,,Other,,0,False,False
1439,11:06:59.000,11:06:49.000,11:06:59.000,10,23388.5000,23395.0000,23382.2000,23395.0000,650,6.5000,36.223333333333333333333333333,0.623333333333333333333333333,60.4250,-1.1250,Other,,0,False,False
1440,11:07:11.000,11:06:59.000,11:07:11.000,12,23395.0000,23396.0000,23383.0000,23396.0000,715,1.0000,36.024324324324324324324324324,-0.199009009009009009009009009,60.667948717948717948717948718,0.242948717948717948717948718,A,A,1,False,False
1441,11:07:18.000,11:07:11.000,11:07:18.000,7,23396.0000,23397.3000,23385.5000,23385.5000,715,-10.5000,36.0750,0.050675675675675675675675676,60.5250,-0.142948717948717948717948718,B,B,1,False,False
1442,11:07:29.000,11:07:18.000,11:07:29.000,11,23385.5000,23395.0000,23385.0000,23395.0000,650,9.5000,35.1875,-0.8875,62.167647058823529411764705882,1.642647058823529411764705882,A,A,1,False,False
1443,11:07:36.000,11:07:29.000,11:07:36.000,7,23395.0000,23395.0000,23385.0000,23394.5000,650,-0.5000,35.795454545454545454545454545,0.607954545454545454545454545,61.4940,-0.673647058823529411764705882,B,B,1,False,False
1444,11:07:49.000,11:07:36.000,11:07:49.000,13,23394.5000,23394.5000,23384.4000,23385.0000,715,-9.5000,35.677777777777777777777777778,-0.117676767676767676767676767,61.789473684210526315789473684,0.295473684210526315789473684,Other,,0,False,False
1445,11:07:56.000,11:07:49.000,11:07:56.000,7,23385.0000,23395.0000,23384.6000,23386.2000,650,1.2000,36.195454545454545454545454545,0.517676767676767676767676767,60.683333333333333333333333333,-1.106140350877192982456140351,Other,,0,False,False
1446,11:08:01.000,11:07:56.000,11:08:01.000,5,23386.2000,23398.8000,23386.2000,23396.0000,715,9.8000,36.288235294117647058823529412,0.092780748663101604278074867,60.605882352941176470588235294,-0.077450980392156862745098039,Other,,0,False,False
1447,11:08:08.000,11:08:01.000,11:08:08.000,7,23396.0000,23396.0000,23384.6000,23384.6000,715,-11.4000,35.7400,-0.548235294117647058823529412,61.3400,0.734117647058823529411764706,Other,,0,False,False
1448,11:08:30.000,11:08:08.000,11:08:30.000,22,23384.6000,23397.2000,23384.6000,23396.9000,650,12.3000,35.944520547945205479452054795,0.204520547945205479452054795,60.820547945205479452054794521,-0.519452054794520547945205479,Other,,0,False,False
1449,11:08:47.000,11:08:30.000,11:08:47.000,17,23396.9000,23396.9000,23385.3000,23385.4000,650,-11.5000,35.8080,-0.136520547945205479452054795,61.12962962962962962962962963,0.309081684424150177574835109,Other,,0,False,False
1450,11:09:16.000,11:08:47.000,11:09:16.000,29,23385.4000,23395.0000,23384.6000,23389.0000,650,3.6000,35.99047619047619047619047619,0.18247619047619047619047619,60.521348314606741573033707865,-0.608281315022888056595921765,Other,,0,False,False
1451,11:09:31.000,11:09:16.000,11:09:31.000,15,23389.0000,23394.9000,23384.8000,23388.1000,650,-0.9000,36.893617021276595744680851064,0.903140830800405268490374874,58.487234042553191489361702128,-2.034114272053550083672005737,B,B,1,False,False
1452,11:09:43.000,11:09:31.000,11:09:43.000,12,23388.1000,23395.0000,23388.1000,23390.0000,650,1.9000,36.842105263157894736842105263,-0.051511758118701007838745801,58.9000,0.412765957446808510638297872,A,A,1,False,False
1453,11:09:48.000,11:09:43.000,11:09:48.000,5,23390.0000,23395.1000,23390.0000,23395.1000,1105,5.1000,36.3000,-0.542105263157894736842105263,59.978571428571428571428571429,1.078571428571428571428571429,A,A,2,True,False
1454,11:09:51.000,11:09:48.000,11:09:51.000,3,23395.1000,23396.4000,23393.3000,23396.4000,780,1.3000,36.2000,-0.1000,60.1250,0.146428571428571428571428571,A,A,3,False,False
1455,11:10:01.000,11:09:51.000,11:10:01.000,10,23396.4000,23396.4000,23390.5000,23390.5000,1235,-5.9000,36.560606060606060606060606061,0.360606060606060606060606061,59.545454545454545454545454545,-0.579545454545454545454545455,B,B,1,False,False
1456,11:10:02.000,11:10:01.000,11:10:02.000,1,23390.5000,23399.8000,23390.5000,23399.8000,650,9.3000,,,58.9500,-0.595454545454545454545454545,Other,,0,False,False
1457,11:10:24.000,11:10:02.000,11:10:24.000,22,23399.8000,23400.0000,23391.0000,23395.0000,650,-4.8000,37.709722222222222222222222222,,57.325714285714285714285714286,-1.624285714285714285714285714,Other,,0,False,False
1458,11:10:40.000,11:10:24.000,11:10:40.000,16,23395.0000,23400.0000,23392.5000,23395.0000,650,0.0000,37.712745098039215686274509804,0.003022875816993464052287582,56.990196078431372549019607843,-0.335518207282913165266106443,Other,,0,False,False
1459,11:10:55.000,11:10:40.000,11:10:55.000,15,23395.0000,23400.0000,23390.1000,23390.1000,975,-4.9000,37.64130434782608695652173913,-0.071440750213128729752770674,57.14375,0.153553921568627450980392157,Other,,0,False,False
1460,11:11:31.000,11:10:55.000,11:11:31.000,36,23390.1000,23398.0000,23390.1000,23398.0000,780,7.9000,38.413793103448275862068965517,0.772488755622188905547226387,55.428389830508474576271186441,-1.715360169491525423728813559,Other,,0,False,False
1461,11:11:42.000,11:11:31.000,11:11:42.000,11,23398.0000,23400.0000,23398.0000,23398.0000,780,0.0000,38.255555555555555555555555556,-0.158237547892720306513409961,55.720588235294117647058823529,0.292198404785643070787637088,Other,,0,False,False
1462,11:11:47.000,11:11:42.000,11:11:47.000,5,23398.0000,23400.0000,23398.0000,23400.0000,650,2.0000,37.8250,-0.430555555555555555555555556,56.88125,1.160661764705882352941176471,A,A,1,False,False
1463,11:12:15.000,11:11:47.000,11:12:15.000,28,23400.0000,23402.0000,23400.0000,23402.0000,650,2.0000,38.053846153846153846153846154,0.228846153846153846153846154,56.538505747126436781609195402,-0.342744252873563218390804598,Other,,0,False,False
1464,11:12:40.000,11:12:15.000,11:12:40.000,25,23402.0000,23402.0000,23395.5000,23395.5000,650,-6.5000,38.382716049382716049382716049,0.328869895536562203228869895,55.904545454545454545454545455,-0.633960292580982236154649947,B,B,1,False,False
1465,11:12:52.000,11:12:40.000,11:12:52.000,12,23395.5000,23405.8000,23395.5000,23405.8000,2145,10.3000,38.188888888888888888888888889,-0.193827160493827160493827160,56.335294117647058823529411765,0.430748663101604278074866310,A,A,1,False,False
1466,11:12:52.000,11:12:52.000,11:12:52.000,0,23405.8000,23405.8000,23405.8000,23405.8000,1495,0.0000,,,,,Other,,0,False,False
1467,11:12:52.000,11:12:52.000,11:12:52.000,0,23401.0000,23401.0000,23401.0000,23401.0000,845,-4.8000,,,,,Other,,0,False,False
1468,11:13:04.000,11:12:52.000,11:13:04.000,12,23401.0000,23402.0000,23395.6000,23395.6000,1040,-5.4000,38.785714285714285714285714286,,55.23125,,Other,,0,False,False
1469,11:13:08.000,11:13:04.000,11:13:08.000,4,23395.6000,23408.0000,23395.6000,23396.6000,845,1.0000,39.9000,1.114285714285714285714285714,53.208333333333333333333333333,-2.022916666666666666666666667,Other,,0,False,False
1470,11:13:24.000,11:13:08.000,11:13:24.000,16,23396.6000,23409.0000,23396.6000,23409.0000,650,12.4000,40.2500,0.3500,52.658333333333333333333333333,-0.550000000000000000000000000,Other,,0,False,False
1471,11:13:30.000,11:13:24.000,11:13:30.000,6,23409.0000,23409.0000,23401.5000,23401.5000,715,-7.5000,39.895238095238095238095238095,-0.354761904761904761904761905,53.026190476190476190476190476,0.367857142857142857142857143,Other,,0,False,False
1472,11:13:44.000,11:13:30.000,11:13:44.000,14,23401.5000,23408.8000,23400.3000,23400.3000,650,-1.2000,39.777272727272727272727272727,-0.117965367965367965367965368,53.466666666666666666666666667,0.440476190476190476190476191,Other,,0,False,False
1473,11:13:57.000,11:13:44.000,11:13:57.000,13,23400.3000,23408.5000,23396.2000,23400.0000,650,-0.3000,39.716666666666666666666666667,-0.060606060606060606060606060,53.4475,-0.019166666666666666666666667,Other,,0,False,False
1474,11:14:22.000,11:13:57.000,11:14:22.000,25,23400.0000,23410.0000,23400.0000,23410.0000,1235,10.0000,41.088961038961038961038961039,1.372294372294372294372294372,51.535915492957746478873239437,-1.911584507042253521126760563,Other,,0,False,False
1475,11:14:23.000,11:14:22.000,11:14:23.000,1,23410.0000,23410.0000,23410.0000,23410.0000,715,0.0000,42.4000,1.311038961038961038961038961,49.416666666666666666666666667,-2.119248826291079812206572770,Other,,0,False,False
1476,11:14:56.000,11:14:23.000,11:14:56.000,33,23410.0000,23410.0000,23409.0000,23410.0000,1235,0.0000,42.233333333333333333333333333,-0.166666666666666666666666667,49.730373831775700934579439252,0.313707165109034267912772585,Other,,0,False,False
1477,11:14:58.000,11:14:56.000,11:14:58.000,2,23410.0000,23410.0000,23410.0000,23410.0000,715,0.0000,42.1500,-0.083333333333333333333333333,49.9500,0.219626168224299065420560748,Other,,0,False,False
1478,11:15:28.000,11:14:58.000,11:15:28.000,30,23410.0000,23411.0000,23401.5000,23401.5000,715,-8.5000,41.4200,-0.7300,51.276842105263157894736842105,1.326842105263157894736842105,Other,,0,False,False
1479,11:15:49.000,11:15:28.000,11:15:49.000,21,23401.5000,23407.9000,23401.5000,23405.0000,715,3.5000,41.278260869565217391304347826,-0.141739130434782608695652174,51.571641791044776119402985075,0.294799685781618224666142970,A,A,1,False,False
1480,11:15:59.000,11:15:49.000,11:15:59.000,10,23405.0000,23407.0000,23400.5000,23400.5000,650,-4.5000,41.321428571428571428571428571,0.043167701863354037267080745,51.6500,0.078358208955223880597014925,Other,,0,False,False
1481,11:16:09.000,11:15:59.000,11:16:09.000,10,23400.5000,23401.3000,23400.0000,23400.0000,910,-0.5000,40.801515151515151515151515152,-0.519913419913419913419913419,51.864516129032258064516129032,0.214516129032258064516129032,Other,,0,False,False
1482,11:16:31.000,11:16:09.000,11:16:31.000,22,23400.0000,23407.0000,23400.0000,23400.6000,650,0.6000,40.624657534246575342465753425,-0.176857617268576172685761727,51.899295774647887323943661972,0.034779645615629259427532940,A,A,1,False,False
1483,11:16:55.000,11:16:31.000,11:16:55.000,24,23400.6000,23408.0000,23400.6000,23407.9000,1105,7.3000,42.915384615384615384615384615,2.290727081138040042149631190,48.981578947368421052631578947,-2.917716827279466271312083025,Other,,0,False,False
1484,11:17:02.000,11:16:55.000,11:17:02.000,7,23407.9000,23408.0000,23407.9000,23408.0000,715,0.1000,42.717391304347826086956521739,-0.197993311036789297658862876,49.080952380952380952380952381,0.099373433583959899749373434,A,A,1,False,False
1485,11:17:05.000,11:17:02.000,11:17:05.000,3,23408.0000,23408.0000,23408.0000,23408.0000,780,0.0000,42.5400,-0.177391304347826086956521739,49.2500,0.169047619047619047619047619,Other,,0,False,False
1486,11:17:22.000,11:17:05.000,11:17:22.000,17,23408.0000,23409.9000,23407.3000,23409.9000,650,1.9000,42.503703703703703703703703704,-0.036296296296296296296296296,49.7000,0.4500,A,A,1,False,False
1487,11:17:43.000,11:17:22.000,11:17:43.000,21,23409.9000,23410.0000,23406.5000,23410.0000,1950,0.1000,43.030434782608695652173913043,0.526731078904991948470209339,49.010144927536231884057971014,-0.689855072463768115942028986,Other,,0,False,False
1488,11:17:43.000,11:17:43.000,11:17:43.000,0,23410.0000,23410.0000,23410.0000,23410.0000,1300,0.0000,,,,,Other,,0,False,False
1489,11:17:43.000,11:17:43.000,11:17:43.000,0,23409.0000,23409.0000,23409.0000,23409.0000,650,-1.0000,,,,,Other,,0,False,False
1490,11:17:45.000,11:17:43.000,11:17:45.000,2,23409.0000,23410.0000,23409.0000,23410.0000,1235,1.0000,42.983333333333333333333333333,,48.983333333333333333333333333,,Other,,0,False,False
1491,11:17:46.000,11:17:45.000,11:17:46.000,1,23410.0000,23410.0000,23410.0000,23410.0000,650,0.0000,42.6500,-0.333333333333333333333333333,49.5500,0.566666666666666666666666667,Other,,0,False,False
1492,11:17:48.000,11:17:46.000,11:17:48.000,2,23410.0000,23410.0000,23408.0000,23408.0000,715,-2.0000,42.6500,0.0000,49.5625,0.0125,Other,,0,False,False
1493,11:17:51.000,11:17:48.000,11:17:51.000,3,23408.0000,23408.0000,23405.0000,23405.0000,780,-3.0000,43.2300,0.5800,48.9100,-0.6525,B,B,1,False,False
1494,11:18:11.000,11:17:51.000,11:18:11.000,20,23405.0000,23408.1000,23402.0000,23402.0000,1105,-3.0000,42.256349206349206349206349206,-0.973650793650793650793650794,50.026190476190476190476190476,1.116190476190476190476190476,Other,,0,False,False
1495,11:18:13.000,11:18:11.000,11:18:13.000,2,23402.0000,23402.0000,23400.0000,23400.0000,1170,-2.0000,40.683333333333333333333333333,-1.573015873015873015873015873,52.0000,1.973809523809523809523809524,Other,,0,False,False
1496,11:18:16.000,11:18:13.000,11:18:16.000,3,23400.0000,23400.8000,23400.0000,23400.0000,975,0.0000,40.7700,0.086666666666666666666666667,52.0400,0.0400,Other,,0,False,False
1497,11:18:23.000,11:18:16.000,11:18:23.000,7,23400.0000,23409.7000,23400.0000,23404.5000,1495,4.5000,41.509090909090909090909090909,0.739090909090909090909090909,51.295454545454545454545454545,-0.744545454545454545454545455,Other,,0,False,False
1498,11:18:23.000,11:18:23.000,11:18:23.000,0,23404.5000,23404.5000,23404.5000,23404.5000,845,0.0000,,,,,Other,,0,False,False
1499,11:18:28.000,11:18:24.000,11:18:28.000,4,23404.5000,23413.2000,23404.5000,23413.2000,975,8.7000,41.9800,,50.542857142857142857142857143,,Other,,0,False,False
1500,11:18:31.000,11:18:28.000,11:18:31.000,3,23413.2000,23413.2000,23404.5000,23404.5000,780,-8.7000,41.6500,-0.3300,51.109090909090909090909090909,0.566233766233766233766233766,Other,,0,False,False
1501,11:18:41.000,11:18:31.000,11:18:41.000,10,23404.5000,23412.0000,23404.5000,23404.5000,1495,0.0000,41.365625,-0.284375,51.434375,0.325284090909090909090909091,Other,,0,False,False
1502,11:18:41.000,11:18:41.000,11:18:41.000,0,23404.5000,23404.5000,23404.5000,23404.5000,845,0.0000,,,,,Other,,0,False,False
1503,11:19:02.000,11:18:43.000,11:19:02.000,19,23404.5000,23406.0000,23401.2000,23401.5000,715,-3.0000,40.991538461538461538461538462,,51.464925373134328358208955224,,Other,,0,False,False
1504,11:19:12.000,11:19:02.000,11:19:12.000,10,23401.5000,23402.0000,23400.5000,23400.5000,715,-1.0000,39.5250,-1.466538461538461538461538462,53.26875,1.803824626865671641791044776,Other,,0,False,False
1505,11:19:23.000,11:19:12.000,11:19:23.000,11,23400.5000,23405.5000,23400.0000,23400.0000,715,-0.5000,39.355882352941176470588235294,-0.169117647058823529411764706,53.547058823529411764705882353,0.278308823529411764705882353,Other,,0,False,False
1506,11:19:27.000,11:19:23.000,11:19:27.000,4,23400.0000,23400.0000,23397.7000,23397.7000,2405,-2.3000,38.607142857142857142857142857,-0.748739495798319327731092437,54.314285714285714285714285714,0.767226890756302521008403361,Other,,0,False,False
1507,11:19:27.000,11:19:27.000,11:19:27.000,0,23397.7000,23397.7000,23397.7000,23397.7000,1755,0.0000,,,,,Other,,0,False,False
1508,11:19:28.000,11:19:28.000,11:19:28.000,0,23397.7000,23397.7000,23397.7000,23397.7000,1105,0.0000,38.1500,,54.9500,,Other,,0,False,False
1509,11:19:32.000,11:19:28.000,11:19:32.000,4,23397.7000,23397.7000,23396.0000,23396.0000,650,-1.7000,38.0400,-0.1100,54.956666666666666666666666667,0.006666666666666666666666667,Other,,0,False,False
1510,11:20:01.000,11:19:32.000,11:20:01.000,29,23396.0000,23400.0000,23396.0000,23400.0000,780,4.0000,38.619277108433734939759036145,0.579277108433734939759036145,54.252197802197802197802197802,-0.704468864468864468864468865,Other,,0,False,False
1511,11:20:16.000,11:20:01.000,11:20:16.000,15,23400.0000,23405.2000,23396.0000,23405.2000,650,5.2000,38.623809523809523809523809524,0.004532415375788869764773379,54.413043478260869565217391304,0.160845676063067367415193502,Other,,0,False,False
1512,11:20:48.000,11:20:16.000,11:20:48.000,32,23405.2000,23405.3000,23395.5000,23405.3000,780,0.1000,38.903398058252427184466019417,0.279588534442903374942209893,54.255940594059405940594059406,-0.157102884201463624623331898,Other,,0,False,False
1513,11:21:02.000,11:20:48.000,11:21:02.000,14,23405.3000,23406.0000,23396.6000,23396.6000,1235,-8.7000,39.987209302325581395348837209,1.083811244073154210882817792,52.582926829268292682926829268,-1.673013764791113257667230138,B,B,1,False,False
1514,11:21:17.000,11:21:02.000,11:21:17.000,15,23396.6000,23396.6000,23396.6000,23396.6000,650,0.0000,40.395652173913043478260869565,0.408442871587462082912032356,51.80625,-0.776676829268292682926829268,Other,,0,False,False
1515,11:21:50.000,11:21:17.000,11:21:50.000,33,23396.6000,23409.2000,23396.6000,23398.6000,650,2.0000,41.219158878504672897196261682,0.823506704591629418935392117,50.726213592233009708737864078,-1.080036407766990291262135922,Other,,0,False,False
1516,11:22:21.000,11:21:50.000,11:22:21.000,31,23398.6000,23407.3000,23398.3000,23404.0000,650,5.4000,42.097938144329896907216494845,0.878779265825224010020233163,49.216842105263157894736842105,-1.509371486969851814001021973,Other,,0,False,False
1517,11:22:32.000,11:22:21.000,11:22:32.000,11,23404.0000,23408.0000,23404.0000,23408.0000,910,4.0000,42.252857142857142857142857143,0.154918998527245949926362298,48.947297297297297297297297297,-0.269544807965860597439544808,Other,,0,False,False
1518,11:22:54.000,11:22:32.000,11:22:54.000,22,23408.0000,23409.0000,23401.3000,23406.8000,650,-1.2000,42.683870967741935483870967742,0.431013824884792626728110599,48.662857142857142857142857143,-0.284440154440154440154440154,B,B,1,False,False
1519,11:23:02.000,11:22:54.000,11:23:02.000,8,23406.8000,23406.9000,23406.0000,23406.9000,1040,0.1000,42.7900,0.106129032258064516129032258,48.6320,-0.030857142857142857142857143,Other,,0,False,False
1520,11:23:12.000,11:23:02.000,11:23:12.000,10,23406.9000,23413.0000,23401.9000,23413.0000,780,6.1000,43.271875,0.481875,47.546428571428571428571428571,-1.085571428571428571428571429,Other,,0,False,False
1521,11:23:20.000,11:23:12.000,11:23:20.000,8,23413.0000,23415.0000,23401.5000,23402.0000,910,-11.0000,43.357692307692307692307692308,0.085817307692307692307692308,47.2500,-0.296428571428571428571428571,B,B,1,False,False
1522,11:23:22.000,11:23:20.000,11:23:22.000,2,23402.0000,23402.0000,23401.5000,23401.6000,910,-0.4000,43.333333333333333333333333333,-0.024358974358974358974358975,47.0500,-0.2000,Other,,0,False,False
1523,11:23:46.000,11:23:22.000,11:23:46.000,24,23401.6000,23414.2000,23401.6000,23414.2000,650,12.6000,42.563380281690140845070422535,-0.769953051643192488262910798,48.376666666666666666666666667,1.326666666666666666666666667,A,A,1,False,False
1524,11:24:02.000,11:23:46.000,11:24:02.000,16,23414.2000,23414.2000,23405.2000,23405.5000,650,-8.7000,42.308823529411764705882352941,-0.254556752278376139188069594,48.805102040816326530612244898,0.428435374149659863945578231,Other,,0,False,False
1525,11:24:31.000,11:24:02.000,11:24:31.000,29,23405.5000,23412.0000,23405.5000,23412.0000,1170,6.5000,43.072527472527472527472527473,0.763703943115707821590174532,47.90989010989010989010989011,-0.895211930926216640502354788,Other,,0,False,False
1526,11:24:33.000,11:24:31.000,11:24:33.000,2,23412.0000,23412.0000,23409.6000,23409.6000,1105,-2.4000,43.083333333333333333333333333,0.010805860805860805860805860,47.783333333333333333333333333,-0.126556776556776556776556777,B,B,1,False,False
1527,11:24:46.000,11:24:33.000,11:24:46.000,13,23409.6000,23414.0000,23409.6000,23410.0000,650,0.4000,43.747619047619047619047619048,0.664285714285714285714285715,46.3850,-1.398333333333333333333333333,Other,,0,False,False
1528,11:25:17.000,11:24:46.000,11:25:17.000,31,23410.0000,23415.0000,23410.0000,23415.0000,650,5.0000,43.286842105263157894736842105,-0.460776942355889724310776943,46.703030303030303030303030303,0.318030303030303030303030303,A,A,1,False,False
1529,11:25:19.000,11:25:17.000,11:25:19.000,2,23415.0000,23415.0000,23415.0000,23415.0000,1040,0.0000,44.6500,1.363157894736842105263157895,45.033333333333333333333333333,-1.669696969696969696969696970,Other,,0,False,False
1530,11:25:27.000,11:25:19.000,11:25:27.000,8,23415.0000,23417.0000,23415.0000,23415.0000,650,0.0000,44.692307692307692307692307692,0.042307692307692307692307692,44.784615384615384615384615385,-0.248717948717948717948717948,Other,,0,False,False
1531,11:25:40.000,11:25:27.000,11:25:40.000,13,23415.0000,23417.0000,23413.0000,23413.0000,780,-2.0000,44.28974358974358974358974359,-0.402564102564102564102564102,45.366279069767441860465116279,0.581663685152057245080500894,Other,,0,False,False
1532,11:25:59.000,11:25:40.000,11:25:59.000,19,23413.0000,23413.0000,23412.6000,23412.6000,975,-0.4000,43.6000,-0.68974358974358974358974359,46.4500,1.083720930232558139534883721,Other,,0,False,False
1533,11:26:07.000,11:25:59.000,11:26:07.000,8,23412.6000,23412.6000,23410.0000,23410.0000,650,-2.6000,42.8720,-0.7280,47.2320,0.7820,Other,,0,False,False
1534,11:26:34.000,11:26:07.000,11:26:34.000,27,23410.0000,23416.0000,23409.6000,23410.7000,650,0.7000,42.470114942528735632183908046,-0.401885057471264367816091954,47.627710843373493975903614458,0.395710843373493975903614458,A,A,1,False,False
1535,11:26:38.000,11:26:34.000,11:26:38.000,4,23410.7000,23410.7000,23405.0000,23405.0000,650,-5.7000,42.8500,0.379885057471264367816091954,47.1250,-0.502710843373493975903614458,B,B,1,False,False
1536,11:26:47.000,11:26:38.000,11:26:47.000,9,23405.0000,23413.0000,23404.9000,23411.6000,650,6.6000,43.030769230769230769230769231,0.180769230769230769230769231,46.928571428571428571428571429,-0.196428571428571428571428571,Other,,0,False,False
1537,11:27:04.000,11:26:47.000,11:27:04.000,17,23411.6000,23414.1000,23406.5000,23406.5000,845,-5.1000,41.434545454545454545454545455,-1.596223776223776223776223776,48.613636363636363636363636364,1.685064935064935064935064935,Other,,0,False,False
1538,11:27:48.000,11:27:04.000,11:27:48.000,44,23406.5000,23409.0000,23406.0000,23409.0000,715,2.5000,41.471317829457364341085271318,0.036772374911909795630725863,48.708015267175572519083969466,0.094378903539208882720333102,Other,,0,False,False
1539,11:27:50.000,11:27:48.000,11:27:50.000,2,23409.0000,23409.2000,23409.0000,23409.2000,3575,0.2000,41.366666666666666666666666667,-0.104651162790697674418604651,49.1250,0.416984732824427480916030534,A,A,1,False,False
1540,11:27:50.000,11:27:50.000,11:27:50.000,0,23409.2000,23409.2000,23409.2000,23409.2000,2925,0.0000,,,,,Other,,0,False,False
1541,11:27:51.000,11:27:51.000,11:27:51.000,0,23407.7000,23407.7000,23407.7000,23407.7000,2275,-1.5000,41.0750,,49.3250,,Other,,0,False,False
1542,11:27:51.000,11:27:51.000,11:27:51.000,0,23407.7000,23407.7000,23407.7000,23407.7000,1625,0.0000,,,,,Other,,0,False,False
1543,11:27:52.000,11:27:52.000,11:27:52.000,0,23407.7000,23407.7000,23407.7000,23407.7000,1885,0.0000,41.0000,,49.4500,,Other,,0,False,False
1544,11:27:52.000,11:27:52.000,11:27:52.000,0,23407.7000,23407.7000,23407.7000,23407.7000,1235,0.0000,,,,,Other,,0,False,False
1545,11:27:55.000,11:27:53.000,11:27:55.000,2,23407.7000,23407.7000,23407.7000,23407.7000,780,0.0000,40.9500,,49.5100,,Other,,0,False,False
1546,11:28:08.000,11:27:55.000,11:28:08.000,13,23407.7000,23407.7000,23405.0000,23407.0000,650,-0.7000,40.801282051282051282051282051,-0.148717948717948717948717949,49.580232558139534883720930233,0.070232558139534883720930233,Other,,0,False,False
1547,11:28:28.000,11:28:08.000,11:28:28.000,20,23407.0000,23413.2000,23407.0000,23410.0000,845,3.0000,41.4078125,0.606530448717948717948717949,48.8890625,-0.691170058139534883720930233,Other,,0,False,False
1548,11:29:11.000,11:28:28.000,11:29:11.000,43,23410.0000,23410.0000,23404.3000,23404.7000,1365,-5.3000,41.71875,0.3109375,48.851470588235294117647058824,-0.037591911764705882352941176,B,B,1,False,False
1549,11:29:11.000,11:29:11.000,11:29:11.000,0,23404.7000,23404.7000,23404.7000,23404.7000,715,0.0000,,,,,Other,,0,False,False
1550,11:29:13.000,11:29:12.000,11:29:13.000,1,23404.3000,23404.5000,23404.3000,23404.5000,1365,-0.2000,41.016666666666666666666666667,,49.683333333333333333333333333,,Other,,0,False,False
1551,11:29:13.000,11:29:13.000,11:29:13.000,0,23404.5000,23404.5000,23404.5000,23404.5000,715,0.0000,,,,,Other,,0,False,False
1552,11:29:29.000,11:29:14.000,11:29:29.000,15,23405.3000,23409.5000,23404.5000,23409.5000,1235,5.0000,41.6220,,48.721153846153846153846153846,,Other,,0,False,False
1553,11:29:31.000,11:29:29.000,11:29:31.000,2,23409.5000,23409.5000,23403.0000,23403.0000,650,-6.5000,41.635714285714285714285714286,0.013714285714285714285714286,48.642857142857142857142857143,-0.078296703296703296703296703,B,B,1,False,False
1554,11:30:02.000,11:29:31.000,11:30:02.000,31,23403.0000,23410.0000,23400.0000,23400.0000,1105,-3.0000,40.554945054945054945054945055,-1.080769230769230769230769231,49.724747474747474747474747475,1.081890331890331890331890332,Other,,0,False,False
1555,11:30:05.000,11:30:02.000,11:30:05.000,3,23400.0000,23404.7000,23400.0000,23404.7000,1040,4.7000,39.9500,-0.604945054945054945054945055,49.9500,0.225252525252525252525252525,A,A,1,False,False
1556,11:30:10.000,11:30:05.000,11:30:10.000,5,23404.7000,23404.7000,23401.0000,23403.5000,1040,-1.2000,39.33125,-0.61875,50.9500,1.0000,Other,,0,False,False
1557,11:30:18.000,11:30:10.000,11:30:18.000,8,23403.5000,23403.5000,23400.0000,23400.0000,650,-3.5000,38.538461538461538461538461538,-0.792788461538461538461538462,52.126923076923076923076923077,1.176923076923076923076923077,Other,,0,False,False
1558,11:30:20.000,11:30:18.000,11:30:20.000,2,23400.0000,23400.5000,23400.0000,23400.0000,780,0.0000,38.316666666666666666666666667,-0.221794871794871794871794871,52.4000,0.273076923076923076923076923,Other,,0,False,False
1559,11:30:23.000,11:30:20.000,11:30:23.000,3,23400.0000,23400.0000,23399.8000,23399.9000,715,-0.1000,38.2900,-0.026666666666666666666666667,52.6100,0.2100,Other,,0,False,False
1560,11:30:28.000,11:30:23.000,11:30:28.000,5,23399.9000,23399.9000,23396.6000,23398.5000,780,-1.4000,37.68125,-0.60875,53.44375,0.83375,Other,,0,False,False
1561,11:30:43.000,11:30:28.000,11:30:43.000,15,23398.5000,23398.6000,23391.0000,23395.0000,650,-3.5000,37.040697674418604651162790698,-0.640552325581395348837209302,54.206122448979591836734693878,0.762372448979591836734693878,Other,,0,False,False
1562,11:31:07.000,11:30:43.000,11:31:07.000,24,23395.0000,23397.6000,23390.5000,23395.1000,845,0.1000,36.6660,-0.374697674418604651162790698,54.8000,0.593877551020408163265306122,A,A,1,False,False
1563,11:31:14.000,11:31:07.000,11:31:14.000,7,23395.1000,23402.6000,23395.0000,23402.6000,1430,7.5000,36.581818181818181818181818182,-0.084181818181818181818181818,54.7850,-0.0150,Other,,0,False,False
1564,11:31:14.000,11:31:14.000,11:31:14.000,0,23402.6000,23402.6000,23402.6000,23402.6000,780,0.0000,,,,,Other,,0,False,False
1565,11:31:22.000,11:31:15.000,11:31:22.000,7,23402.6000,23402.6000,23390.0000,23390.0000,650,-12.6000,36.820833333333333333333333333,,54.633333333333333333333333333,,Other,,0,False,False
1566,11:32:09.000,11:31:22.000,11:32:09.000,47,23390.0000,23401.3000,23389.7000,23389.7000,1040,-0.3000,35.753896103896103896103896104,-1.066937229437229437229437229,55.967857142857142857142857143,1.334523809523809523809523810,Other,,0,False,False
1567,11:32:17.000,11:32:09.000,11:32:17.000,8,23389.7000,23390.4000,23388.0000,23390.4000,715,0.7000,34.320833333333333333333333333,-1.433062770562770562770562771,57.8000,1.832142857142857142857142857,A,A,1,False,False
1568,11:32:32.000,11:32:17.000,11:32:32.000,15,23390.4000,23390.4000,23390.0000,23390.0000,650,-0.4000,34.622340425531914893617021277,0.301507092198581560283687944,57.212765957446808510638297872,-0.587234042553191489361702128,B,B,1,False,False
1569,11:33:02.000,11:32:32.000,11:33:02.000,30,23390.0000,23390.1000,23386.0000,23386.5000,910,-3.5000,34.761578947368421052631578947,0.139238521836506159014557670,57.067204301075268817204301075,-0.145561656371539693433996797,B,B,2,False,True
1570,11:33:09.000,11:33:02.000,11:33:09.000,7,23386.5000,23399.3000,23386.5000,23399.3000,650,12.8000,35.6450,0.883421052631578947368421053,55.418181818181818181818181818,-1.649022482893450635386119257,Other,,0,False,False
1571,11:33:48.000,11:33:09.000,11:33:48.000,39,23399.3000,23399.3000,23387.0000,23387.2000,780,-12.1000,34.43188976377952755905511811,-1.21311023622047244094488189,57.445275590551181102362204724,2.027093772369362920544022906,Other,,0,False,False
1572,11:34:23.000,11:33:48.000,11:34:23.000,35,23387.2000,23390.5000,23385.2000,23390.5000,715,3.3000,34.844392523364485981308411215,0.412502759584958422253293105,56.790186915887850467289719626,-0.655088674663330635072485098,Other,,0,False,False
1573,11:34:29.000,11:34:23.000,11:34:29.000,6,23390.5000,23392.5000,23385.4000,23385.4000,715,-5.1000,34.9875,0.143107476635514018691588785,56.707142857142857142857142857,-0.083044058744993324432576769,B,B,1,False,False
1574,11:34:58.000,11:34:29.000,11:34:58.000,29,23385.4000,23397.0000,23385.4000,23390.0000,650,4.6000,34.83734939759036144578313253,-0.15015060240963855421686747,56.810344827586206896551724138,0.103201970443349753694581281,A,A,1,False,False
1575,11:35:06.000,11:34:58.000,11:35:06.000,8,23390.0000,23390.0000,23385.0000,23385.0000,780,-5.0000,32.716666666666666666666666667,-2.120682730923694779116465863,60.148148148148148148148148148,3.337803320561941251596424010,Other,,0,False,False
1576,11:35:08.000,11:35:06.000,11:35:08.000,2,23385.0000,23385.0000,23382.0000,23382.0000,650,-3.0000,30.816666666666666666666666667,-1.900000000000000000000000000,62.666666666666666666666666667,2.518518518518518518518518519,Other,,0,False,False
1577,11:35:18.000,11:35:08.000,11:35:18.000,10,23382.0000,23389.1000,23380.0000,23380.0000,1040,-2.0000,31.1125,0.295833333333333333333333333,62.146875,-0.519791666666666666666666667,B,B,1,False,False
1578,11:35:51.000,11:35:18.000,11:35:51.000,33,23380.0000,23388.0000,23380.0000,23388.0000,715,8.0000,32.34077669902912621359223301,1.22827669902912621359223301,60.054545454545454545454545455,-2.092329545454545454545454545,Other,,0,False,False
1579,11:36:05.000,11:35:51.000,11:36:05.000,14,23388.0000,23388.9000,23380.5000,23385.0000,650,-3.0000,32.858888888888888888888888889,0.518112189859762675296655879,58.856666666666666666666666667,-1.197878787878787878787878788,B,B,1,False,False
1580,11:36:13.000,11:36:05.000,11:36:13.000,8,23385.0000,23394.1000,23385.0000,23394.1000,1365,9.1000,33.007692307692307692307692308,0.148803418803418803418803419,58.3125,-0.544166666666666666666666667,Other,,0,False,False
1581,11:36:13.000,11:36:13.000,11:36:13.000,0,23394.1000,23394.1000,23394.1000,23394.1000,715,0.0000,,,,,Other,,0,False,False
1582,11:36:25.000,11:36:15.000,11:36:25.000,10,23394.1000,23394.1000,23385.0000,23388.2000,1950,-5.9000,32.776470588235294117647058824,,58.663888888888888888888888889,,Other,,0,False,False
1583,11:36:25.000,11:36:25.000,11:36:25.000,0,23388.2000,23388.2000,23388.2000,23388.2000,1300,0.0000,,,,,Other,,0,False,False
1584,11:36:26.000,11:36:26.000,11:36:26.000,0,23388.2000,23388.2000,23388.2000,23388.2000,650,0.0000,32.8000,,58.6000,,Other,,0,False,False
1585,11:36:41.000,11:36:26.000,11:36:41.000,15,23388.2000,23390.0000,23388.2000,23390.0000,650,1.8000,32.754081632653061224489795918,-0.045918367346938775510204082,58.695744680851063829787234043,0.095744680851063829787234043,A,A,1,False,False
1586,11:37:38.000,11:36:41.000,11:37:38.000,57,23390.0000,23393.0000,23385.0000,23392.9000,650,2.9000,32.841111111111111111111111111,0.087029478458049886621315193,58.395652173913043478260869565,-0.300092506938020351526364478,Other,,0,False,False
1587,11:38:00.000,11:37:38.000,11:38:00.000,22,23392.9000,23392.9000,23385.0000,23385.0000,2015,-7.9000,33.246376811594202898550724638,0.405265700483091787439613527,58.00869565217391304347826087,-0.386956521739130434782608695,B,B,1,False,False
1588,11:38:00.000,11:38:00.000,11:38:00.000,0,23385.0000,23385.0000,23385.0000,23385.0000,1365,0.0000,,,,,Other,,0,False,False
1589,11:38:00.000,11:38:00.000,11:38:00.000,0,23385.0000,23385.0000,23385.0000,23385.0000,715,0.0000,,,,,Other,,0,False,False
1590,11:38:55.000,11:38:01.000,11:38:55.000,54,23385.0000,23390.6000,23383.0000,23383.0000,650,-2.0000,33.376035502958579881656804734,,57.965497076023391812865497076,,Other,,0,False,False
1591,11:39:27.000,11:38:55.000,11:39:27.000,32,23383.0000,23390.4000,23383.0000,23390.0000,650,7.0000,32.374752475247524752475247525,-1.001283027711055129181557209,59.483495145631067961165048544,1.517998069607676148299551468,A,A,1,False,False
1592,11:39:30.000,11:39:27.000,11:39:30.000,3,23390.0000,23390.0000,23383.0000,23383.0000,650,-7.0000,31.055555555555555555555555556,-1.319196919691969196919691969,61.588888888888888888888888889,2.105393743257820927723840345,Other,,0,False,False
1593,11:39:42.000,11:39:30.000,11:39:42.000,12,23383.0000,23385.0000,23382.0000,23382.0000,1300,-1.0000,30.802631578947368421052631579,-0.252923976608187134502923977,62.078947368421052631578947368,0.490058479532163742690058479,Other,,0,False,False
1594,11:39:42.000,11:39:42.000,11:39:42.000,0,23382.0000,23382.0000,23382.0000,23382.0000,650,0.0000,,,,,Other,,0,False,False
1595,11:39:45.000,11:39:43.000,11:39:45.000,2,23380.8000,23380.8000,23380.0000,23380.0000,715,-2.0000,29.1875,,64.2625,,Other,,0,False,False
1596,11:39:46.000,11:39:45.000,11:39:46.000,1,23380.0000,23380.0000,23380.0000,23380.0000,780,0.0000,29.1000,-0.0875,64.4000,0.1375,Other,,0,False,False
1597,11:39:48.000,11:39:46.000,11:39:48.000,2,23380.0000,23380.0000,23378.6000,23378.6000,1430,-1.4000,29.333333333333333333333333333,0.233333333333333333333333333,64.016666666666666666666666667,-0.383333333333333333333333333,B,B,1,False,False
1598,11:39:48.000,11:39:48.000,11:39:48.000,0,23378.6000,23378.6000,23378.6000,23378.6000,780,0.0000,,,,,Other,,0,False,False
1599,11:39:50.000,11:39:49.000,11:39:50.000,1,23376.4000,23376.4000,23376.4000,23376.4000,845,-2.2000,29.733333333333333333333333333,,63.116666666666666666666666667,,Other,,0,False,False
1600,11:40:17.000,11:39:50.000,11:40:17.000,27,23376.4000,23387.9000,23376.4000,23379.9000,715,3.5000,30.19885057471264367816091954,0.465517241379310344827586207,62.188764044943820224719101124,-0.927902621722846441947565543,Other,,0,False,False
1601,11:40:43.000,11:40:17.000,11:40:43.000,26,23379.9000,23386.6000,23376.1000,23376.1000,650,-3.8000,29.344578313253012048192771084,-0.854272261459631629968148456,64.119277108433734939759036145,1.930513063489914715039935021,Other,,0,False,False
1602,11:41:48.000,11:40:43.000,11:41:48.000,65,23376.1000,23386.6000,23376.1000,23385.0000,650,8.9000,30.909183673469387755102040816,1.564605360216375706909269732,60.9750,-3.144277108433734939759036145,Other,,0,False,False
1603,11:42:23.000,11:41:48.000,11:42:23.000,35,23385.0000,23385.0000,23376.0000,23376.0000,1300,-9.0000,30.466055045871559633027522936,-0.443128627597828122074517880,62.174324324324324324324324324,1.199324324324324324324324324,Other,,0,False,False
1604,11:42:23.000,11:42:23.000,11:42:23.000,0,23376.0000,23376.0000,23376.0000,23376.0000,650,0.0000,,,,,Other,,0,False,False
1605,11:42:45.000,11:42:24.000,11:42:45.000,21,23376.0000,23384.9000,23376.0000,23384.9000,845,8.9000,29.771014492753623188405797101,,63.378985507246376811594202899,,Other,,0,False,False
1606,11:43:01.000,11:42:45.000,11:43:01.000,16,23384.9000,23384.9000,23376.8000,23384.0000,650,-0.9000,29.031632653061224489795918367,-0.739381839692398698609878734,64.527358490566037735849056604,1.148372983319660924254853705,Other,,0,False,False
1607,11:43:36.000,11:43:01.000,11:43:36.000,35,23384.0000,23384.0000,23376.1000,23379.2000,650,-4.8000,29.4900,0.458367346938775510204081633,63.965044247787610619469026549,-0.562314242778427116380030055,B,B,1,False,False
1608,11:43:47.000,11:43:36.000,11:43:47.000,11,23379.2000,23383.0000,23376.1000,23381.6000,650,2.4000,29.291666666666666666666666667,-0.198333333333333333333333333,64.322222222222222222222222222,0.357177974434611602753195673,A,A,1,False,False
1609,11:44:39.000,11:43:47.000,11:44:39.000,52,23381.6000,23384.0000,23376.1000,23384.0000,845,2.4000,29.810975609756097560975609756,0.519308943089430894308943089,63.0750,-1.247222222222222222222222222,Other,,0,False,False
1610,11:44:55.000,11:44:39.000,11:44:55.000,16,23384.0000,23384.0000,23383.0000,23384.0000,650,0.0000,30.5160,0.705024390243902439024390244,61.6375,-1.4375,Other,,0,False,False
1611,11:44:58.000,11:44:55.000,11:44:58.000,3,23384.0000,23384.0000,23384.0000,23384.0000,650,0.0000,30.9400,0.4240,60.6500,-0.9875,Other,,0,False,False
1612,11:45:13.000,11:44:58.000,11:45:13.000,15,23384.0000,23384.0000,23377.2000,23380.0000,650,-4.0000,30.210638297872340425531914894,-0.729361702127659574468085106,62.415306122448979591836734694,1.765306122448979591836734694,Other,,0,False,False
1613,11:45:35.000,11:45:13.000,11:45:35.000,22,23380.0000,23384.0000,23377.4000,23377.4000,715,-2.6000,30.169565217391304347826086957,-0.041073080481036077705827937,62.922535211267605633802816901,0.507229088818626041966082207,Other,,0,False,False
1614,11:45:52.000,11:45:35.000,11:45:52.000,17,23377.4000,23379.9000,23377.3000,23378.7000,715,1.3000,30.2820,0.112434782608695652173913043,62.6820,-0.240535211267605633802816901,Other,,0,False,False
1615,11:46:10.000,11:45:52.000,11:46:10.000,18,23378.7000,23380.0000,23378.2000,23380.0000,1300,1.3000,30.004237288135593220338983051,-0.277762711864406779661016949,62.922033898305084745762711864,0.240033898305084745762711864,A,A,1,False,False
1616,11:46:10.000,11:46:10.000,11:46:10.000,0,23380.0000,23380.0000,23380.0000,23380.0000,650,0.0000,,,,,Other,,0,False,False
1617,11:46:13.000,11:46:12.000,11:46:13.000,1,23380.0000,23380.0000,23375.0000,23375.0000,2730,-5.0000,52.966666666666666666666666667,,37.866666666666666666666666667,,Other,,0,False,False
1618,11:46:13.000,11:46:13.000,11:46:13.000,0,23375.0000,23375.0000,23375.0000,23375.0000,2080,0.0000,,,,,Other,,0,False,False
1619,11:46:15.000,11:46:15.000,11:46:15.000,0,23375.0000,23375.0000,23375.0000,23375.0000,1430,0.0000,52.6000,,38.2250,,Other,,0,False,False
1620,11:46:15.000,11:46:15.000,11:46:15.000,0,23375.0000,23375.0000,23375.0000,23375.0000,780,0.0000,,,,,Other,,0,False,False
1621,11:46:28.000,11:46:16.000,11:46:28.000,12,23375.0000,23380.0000,23374.9000,23374.9000,1820,-0.1000,52.221052631578947368421052632,,38.4000,,Other,,0,False,False
1622,11:46:28.000,11:46:28.000,11:46:28.000,0,23374.9000,23374.9000,23374.9000,23374.9000,1170,0.0000,,,,,Other,,0,False,False
1623,11:46:31.000,11:46:29.000,11:46:31.000,2,23374.3000,23377.2000,23374.3000,23377.2000,910,2.3000,28.404545454545454545454545455,,66.195454545454545454545454545,,Other,,0,False,False
1624,11:46:36.000,11:46:31.000,11:46:36.000,5,23377.2000,23377.3000,23367.9000,23377.3000,17095,0.1000,28.15625,-0.248295454545454545454545455,66.8125,0.617045454545454545454545455,A,A,1,False,False
1625,11:46:36.000,11:46:36.000,11:46:36.000,0,23377.3000,23377.3000,23377.3000,23377.3000,16445,0.0000,,,,,Other,,0,False,False
1626,11:46:37.000,11:46:37.000,11:46:37.000,0,23370.3000,23370.3000,23370.3000,23370.3000,15795,-7.0000,51.0250,,39.1000,,Other,,0,False,False
1627,11:46:37.000,11:46:37.000,11:46:37.000,0,23370.3000,23370.3000,23370.3000,23370.3000,15145,0.0000,,,,,Other,,0,False,False
1628,11:46:38.000,11:46:38.000,11:46:38.000,0,23369.4000,23369.4000,23369.4000,23369.4000,14690,-0.9000,50.8000,,39.7000,,Other,,0,False,False
1629,11:46:38.000,11:46:38.000,11:46:38.000,0,23369.4000,23369.4000,23369.4000,23369.4000,14040,0.0000,,,,,Other,,0,False,False
1630,11:46:38.000,11:46:38.000,11:46:38.000,0,23367.3000,23367.3000,23367.3000,23367.3000,13390,-2.1000,,,,,Other,,0,False,False
1631,11:46:38.000,11:46:38.000,11:46:38.000,0,23367.3000,23367.3000,23367.3000,23367.3000,12740,0.0000,,,,,Other,,0,False,False
1632,11:46:39.000,11:46:39.000,11:46:39.000,0,23366.4000,23366.4000,23366.4000,23366.4000,12090,-0.9000,50.7500,,39.7000,,Other,,0,False,False
1633,11:46:39.000,11:46:39.000,11:46:39.000,0,23366.4000,23366.4000,23366.4000,23366.4000,11440,0.0000,,,,,Other,,0,False,False
1634,11:46:39.000,11:46:39.000,11:46:39.000,0,23366.4000,23366.4000,23366.4000,23366.4000,12675,0.0000,,,,,Other,,0,False,False
1635,11:46:39.000,11:46:39.000,11:46:39.000,0,23366.4000,23366.4000,23366.4000,23366.4000,12025,0.0000,,,,,Other,,0,False,False
1636,11:46:40.000,11:46:40.000,11:46:40.000,0,23367.2000,23367.2000,23367.2000,23367.2000,11375,0.8000,49.6500,,40.7250,,Other,,0,False,False
1637,11:46:40.000,11:46:40.000,11:46:40.000,0,23367.2000,23367.2000,23367.2000,23367.2000,10725,0.0000,,,,,Other,,0,False,False
1638,11:46:41.000,11:46:41.000,11:46:41.000,0,23367.1000,23367.1000,23367.1000,23367.1000,10595,-0.1000,49.4500,,40.8000,,Other,,0,False,False
1639,11:46:41.000,11:46:41.000,11:46:41.000,0,23367.1000,23367.1000,23367.1000,23367.1000,9945,0.0000,,,,,Other,,0,False,False
1640,11:46:42.000,11:46:42.000,11:46:42.000,0,23364.3000,23364.3000,23364.3000,23364.3000,9295,-2.8000,48.9750,,40.9500,,Other,,0,False,False
1641,11:46:42.000,11:46:42.000,11:46:42.000,0,23364.3000,23364.3000,23364.3000,23364.3000,8645,0.0000,,,,,Other,,0,False,False
1642,11:46:43.000,11:46:43.000,11:46:43.000,0,23364.0000,23364.0000,23364.0000,23364.0000,8580,-0.3000,49.0000,,41.1000,,Other,,0,False,False
1643,11:46:43.000,11:46:43.000,11:46:43.000,0,23364.0000,23364.0000,23364.0000,23364.0000,7930,0.0000,,,,,Other,,0,False,False
1644,11:46:43.000,11:46:43.000,11:46:43.000,0,23364.3000,23364.3000,23364.3000,23364.3000,7280,0.3000,,,,,Other,,0,False,False
1645,11:46:43.000,11:46:43.000,11:46:43.000,0,23364.3000,23364.3000,23364.3000,23364.3000,6630,0.0000,,,,,Other,,0,False,False
1646,11:46:44.000,11:46:44.000,11:46:44.000,0,23362.0000,23362.0000,23362.0000,23362.0000,5980,-2.3000,48.7500,,41.5000,,Other,,0,False,False
1647,11:46:44.000,11:46:44.000,11:46:44.000,0,23362.0000,23362.0000,23362.0000,23362.0000,5330,0.0000,,,,,Other,,0,False,False
1648,11:46:44.000,11:46:44.000,11:46:44.000,0,23369.9000,23369.9000,23369.9000,23369.9000,6240,7.9000,,,,,Other,,0,False,False
1649,11:46:44.000,11:46:44.000,11:46:44.000,0,23369.9000,23369.9000,23369.9000,23369.9000,5590,0.0000,,,,,Other,,0,False,False
1650,11:46:45.000,11:46:45.000,11:46:45.000,0,23361.0000,23361.0000,23361.0000,23361.0000,4940,-8.9000,48.5250,,41.8750,,Other,,0,False,False
1651,11:46:45.000,11:46:45.000,11:46:45.000,0,23361.0000,23361.0000,23361.0000,23361.0000,4290,0.0000,,,,,Other,,0,False,False
1652,11:46:46.000,11:46:46.000,11:46:46.000,0,23360.5000,23360.5000,23360.5000,23360.5000,6565,-0.5000,48.1500,,42.5000,,Other,,0,False,False
1653,11:46:46.000,11:46:46.000,11:46:46.000,0,23360.5000,23360.5000,23360.5000,23360.5000,5915,0.0000,,,,,Other,,0,False,False
1654,11:46:47.000,11:46:47.000,11:46:47.000,0,23360.4000,23360.4000,23360.4000,23360.4000,5265,-0.1000,48.5000,,42.1750,,Other,,0,False,False
1655,11:46:47.000,11:46:47.000,11:46:47.000,0,23360.4000,23360.4000,23360.4000,23360.4000,4615,0.0000,,,,,Other,,0,False,False
1656,11:46:48.000,11:46:48.000,11:46:48.000,0,23360.4000,23360.4000,23360.4000,23360.4000,4355,0.0000,48.9500,,41.5500,,Other,,0,False,False
1657,11:46:48.000,11:46:48.000,11:46:48.000,0,23360.4000,23360.4000,23360.4000,23360.4000,3705,0.0000,,,,,Other,,0,False,False
1658,11:46:49.000,11:46:49.000,11:46:49.000,0,23369.9000,23369.9000,23369.9000,23369.9000,4875,9.5000,48.7500,,41.8500,,Other,,0,False,False
1659,11:46:49.000,11:46:49.000,11:46:49.000,0,23369.9000,23369.9000,23369.9000,23369.9000,4225,0.0000,,,,,Other,,0,False,False
1660,11:46:50.000,11:46:50.000,11:46:50.000,0,23361.3000,23361.3000,23361.3000,23361.3000,3575,-8.6000,49.2500,,41.3750,,Other,,0,False,False
1661,11:46:50.000,11:46:50.000,11:46:50.000,0,23361.3000,23361.3000,23361.3000,23361.3000,2925,0.0000,,,,,Other,,0,False,False
1662,11:46:51.000,11:46:51.000,11:46:51.000,0,23369.9000,23369.9000,23369.9000,23369.9000,2405,8.6000,48.9000,,41.8500,,Other,,0,False,False
1663,11:46:51.000,11:46:51.000,11:46:51.000,0,23369.9000,23369.9000,23369.9000,23369.9000,1755,0.0000,,,,,Other,,0,False,False
1664,11:46:53.000,11:46:53.000,11:46:53.000,0,23369.9000,23369.9000,23369.9000,23369.9000,1105,0.0000,49.3500,,41.3000,,Other,,0,False,False
1665,11:46:58.000,11:46:53.000,11:46:58.000,5,23369.9000,23369.9000,23362.5000,23366.1000,715,-3.8000,49.53125,0.18125,40.90625,-0.39375,B,B,1,False,False
1666,11:47:03.000,11:46:58.000,11:47:03.000,5,23366.1000,23366.1000,23361.0000,23361.0000,1560,-5.1000,48.160526315789473684210526316,-1.370723684210526315789473684,42.555263157894736842105263158,1.649013157894736842105263158,Other,,0,False,False
1667,11:47:03.000,11:47:03.000,11:47:03.000,0,23361.0000,23361.0000,23361.0000,23361.0000,910,0.0000,,,,,Other,,0,False,False
1668,11:47:04.000,11:47:03.000,11:47:04.000,1,23360.6000,23360.6000,23360.0000,23360.0000,845,-1.0000,46.3000,,44.6500,,Other,,0,False,False
1669,11:47:08.000,11:47:04.000,11:47:08.000,4,23360.0000,23360.8000,23360.0000,23360.8000,1690,0.8000,48.257142857142857142857142857,1.957142857142857142857142857,42.407142857142857142857142857,-2.242857142857142857142857143,Other,,0,False,False
1670,11:47:08.000,11:47:08.000,11:47:08.000,0,23360.8000,23360.8000,23360.8000,23360.8000,1040,0.0000,,,,,Other,,0,False,False
1671,11:47:09.000,11:47:08.000,11:47:09.000,1,23361.1000,23368.8000,23361.1000,23361.6000,7020,0.8000,48.8500,,41.4500,,Other,,0,False,False
1672,11:47:09.000,11:47:09.000,11:47:09.000,0,23361.6000,23361.6000,23361.6000,23361.6000,6370,0.0000,,,,,Other,,0,False,False
1673,11:47:10.000,11:47:10.000,11:47:10.000,0,23360.9000,23360.9000,23360.9000,23360.9000,5720,-0.7000,48.7500,,41.6750,,Other,,0,False,False
1674,11:47:10.000,11:47:10.000,11:47:10.000,0,23360.9000,23360.9000,23360.9000,23360.9000,5070,0.0000,,,,,Other,,0,False,False
1675,11:47:11.000,11:47:11.000,11:47:11.000,0,23360.9000,23360.9000,23360.9000,23360.9000,4485,0.0000,48.7000,,41.8500,,Other,,0,False,False
1676,11:47:11.000,11:47:11.000,11:47:11.000,0,23360.9000,23360.9000,23360.9000,23360.9000,3835,0.0000,,,,,Other,,0,False,False
1677,11:47:12.000,11:47:12.000,11:47:12.000,0,23360.9000,23360.9000,23360.9000,23360.9000,3185,0.0000,48.9000,,41.5250,,Other,,0,False,False
1678,11:47:12.000,11:47:12.000,11:47:12.000,0,23360.9000,23360.9000,23360.9000,23360.9000,2535,0.0000,,,,,Other,,0,False,False
1679,11:47:13.000,11:47:13.000,11:47:13.000,0,23361.9000,23361.9000,23361.9000,23361.9000,1885,1.0000,48.9000,,41.6250,,Other,,0,False,False
1680,11:47:13.000,11:47:13.000,11:47:13.000,0,23361.9000,23361.9000,23361.9000,23361.9000,1235,0.0000,,,,,Other,,0,False,False
1681,11:47:14.000,11:47:14.000,11:47:14.000,0,23361.9000,23361.9000,23361.9000,23361.9000,650,0.0000,48.4500,,42.0000,,Other,,0,False,False
1682,11:47:19.000,11:47:14.000,11:47:19.000,5,23361.9000,23368.1000,23361.9000,23365.0000,650,3.1000,48.6875,0.2375,41.55625,-0.44375,Other,,0,False,False
1683,11:47:21.000,11:47:19.000,11:47:21.000,2,23365.0000,23365.0000,23365.0000,23365.0000,975,0.0000,48.716666666666666666666666667,0.029166666666666666666666667,41.316666666666666666666666667,-0.239583333333333333333333333,Other,,0,False,False
1684,11:47:24.000,11:47:21.000,11:47:24.000,3,23365.0000,23368.0000,23362.1000,23362.3000,1560,-2.7000,48.6600,-0.056666666666666666666666667,41.4000,0.083333333333333333333333333,Other,,0,False,False
1685,11:47:24.000,11:47:24.000,11:47:24.000,0,23362.3000,23362.3000,23362.3000,23362.3000,910,0.0000,,,,,Other,,0,False,False
1686,11:47:27.000,11:47:25.000,11:47:27.000,2,23368.0000,23368.0000,23362.3000,23365.0000,650,2.7000,49.1400,,40.7375,,Other,,0,False,False
1687,11:47:32.000,11:47:27.000,11:47:32.000,5,23365.0000,23368.1000,23362.5000,23362.9000,715,-2.1000,48.958823529411764705882352941,-0.181176470588235294117647059,41.003333333333333333333333333,0.265833333333333333333333333,Other,,0,False,False
1688,11:47:47.000,11:47:32.000,11:47:47.000,15,23362.9000,23374.7000,23362.9000,23373.9000,715,11.0000,48.072916666666666666666666667,-0.885906862745098039215686274,42.10625,1.102916666666666666666666667,A,A,1,False,False
1689,11:48:08.000,11:47:47.000,11:48:08.000,21,23373.9000,23373.9000,23362.5000,23372.0000,650,-1.9000,47.957462686567164179104477612,-0.115453980099502487562189055,41.818115942028985507246376812,-0.288134057971014492753623188,Other,,0,False,False
1690,11:48:23.000,11:48:08.000,11:48:23.000,15,23372.0000,23372.4000,23371.7000,23372.4000,650,0.4000,50.208333333333333333333333333,2.250870646766169154228855721,39.019565217391304347826086957,-2.798550724637681159420289855,Other,,0,False,False
1691,11:48:39.000,11:48:23.000,11:48:39.000,16,23372.4000,23375.0000,23368.0000,23375.0000,650,2.6000,49.776595744680851063829787234,-0.431737588652482269503546099,39.542156862745098039215686275,0.522591645353793691389599318,A,A,1,False,False
1692,11:48:42.000,11:48:39.000,11:48:42.000,3,23375.0000,23375.0000,23365.1000,23365.1000,650,-9.9000,49.3600,-0.416595744680851063829787234,39.9600,0.417843137254901960784313725,Other,,0,False,False
1693,11:48:46.000,11:48:42.000,11:48:46.000,4,23365.1000,23375.0000,23365.1000,23375.0000,1235,9.9000,49.8500,0.4900,39.4250,-0.5350,Other,,0,False,False
1694,11:48:54.000,11:48:46.000,11:48:54.000,8,23375.0000,23375.0000,23374.9000,23374.9000,650,-0.1000,49.781818181818181818181818182,-0.068181818181818181818181818,39.604545454545454545454545455,0.179545454545454545454545455,Other,,0,False,False
1695,11:49:03.000,11:48:54.000,11:49:03.000,9,23374.9000,23374.9000,23374.7000,23374.7000,650,-0.2000,49.479310344827586206896551724,-0.302507836990595611285266458,39.933870967741935483870967742,0.329325513196480938416422287,Other,,0,False,False
1696,11:49:35.000,11:49:03.000,11:49:35.000,32,23374.7000,23374.7000,23370.0000,23374.7000,650,0.0000,48.43203883495145631067961165,-1.047271509876129896216940074,40.816666666666666666666666667,0.882795698924731182795698925,Other,,0,False,False
1697,11:49:46.000,11:49:35.000,11:49:46.000,11,23374.7000,23378.0000,23374.7000,23378.0000,715,3.3000,26.876470588235294117647058824,,67.9500,,Other,,0,False,False
1698,11:49:55.000,11:49:46.000,11:49:55.000,9,23378.0000,23379.0000,23373.0000,23373.0000,715,-5.0000,48.833333333333333333333333333,,40.346153846153846153846153846,,Other,,0,False,False
1699,11:50:10.000,11:49:55.000,11:50:10.000,15,23373.0000,23373.0000,23370.0000,23370.0000,650,-3.0000,48.032653061224489795918367347,-0.800680272108843537414965986,41.239361702127659574468085106,0.893207855973813420621931260,Other,,0,False,False
1700,11:50:17.000,11:50:10.000,11:50:17.000,7,23370.0000,23374.3000,23370.0000,23374.3000,715,4.3000,47.945454545454545454545454545,-0.087198515769944341372912802,41.163636363636363636363636364,-0.075725338491295938104448742,Other,,0,False,False
1701,11:50:44.000,11:50:17.000,11:50:44.000,27,23374.3000,23374.9000,23370.0000,23371.0000,650,-3.3000,47.701204819277108433734939759,-0.244249726177437020810514786,41.687058823529411764705882353,0.523422459893048128342245989,Other,,0,False,False
1702,11:51:04.000,11:50:44.000,11:51:04.000,20,23371.0000,23371.5000,23370.5000,23371.5000,2470,0.5000,47.68245614035087719298245614,-0.018748678926231240752483619,41.505737704918032786885245902,-0.181321118611378977820636451,Other,,0,False,False
1703,11:51:04.000,11:51:04.000,11:51:04.000,0,23371.5000,23371.5000,23371.5000,23371.5000,1820,0.0000,,,,,Other,,0,False,False
1704,11:51:05.000,11:51:05.000,11:51:05.000,0,23371.5000,23371.5000,23371.5000,23371.5000,1820,0.0000,46.5000,,42.6000,,Other,,0,False,False
1705,11:51:05.000,11:51:05.000,11:51:05.000,0,23371.5000,23371.5000,23371.5000,23371.5000,1170,0.0000,,,,,Other,,0,False,False
1706,11:51:07.000,11:51:07.000,11:51:07.000,0,23371.5000,23371.5000,23371.5000,23371.5000,1755,0.0000,47.0250,,41.783333333333333333333333333,,Other,,0,False,False
1707,11:51:07.000,11:51:07.000,11:51:07.000,0,23371.5000,23371.5000,23371.5000,23371.5000,1105,0.0000,,,,,Other,,0,False,False
1708,11:51:09.000,11:51:08.000,11:51:09.000,1,23370.0000,23370.0000,23370.0000,23370.0000,910,-1.5000,47.266666666666666666666666667,,41.883333333333333333333333333,,Other,,0,False,False
1709,11:51:17.000,11:51:09.000,11:51:17.000,8,23370.0000,23373.0000,23365.0000,23365.0000,910,-5.0000,46.665384615384615384615384615,-0.601282051282051282051282052,42.580769230769230769230769231,0.697435897435897435897435898,Other,,0,False,False
1710,11:51:22.000,11:51:17.000,11:51:22.000,5,23365.0000,23370.7000,23365.0000,23365.2000,715,0.2000,45.3500,-1.315384615384615384615384615,43.9250,1.344230769230769230769230769,A,A,1,False,False
1711,11:51:30.000,11:51:22.000,11:51:30.000,8,23365.2000,23368.9000,23365.0000,23365.0000,2015,-0.2000,45.371739130434782608695652174,0.021739130434782608695652174,43.587037037037037037037037037,-0.337962962962962962962962963,B,B,1,False,False
1712,11:51:30.000,11:51:30.000,11:51:30.000,0,23365.0000,23365.0000,23365.0000,23365.0000,1365,0.0000,,,,,Other,,0,False,False
1713,11:51:32.000,11:51:32.000,11:51:32.000,0,23361.0000,23361.0000,23361.0000,23361.0000,715,-4.0000,45.4750,,43.1000,,Other,,0,False,False
1714,11:51:32.000,11:51:32.000,11:51:32.000,0,23361.0000,23361.0000,23361.0000,23361.0000,4550,0.0000,,,,,Other,,0,False,False
1715,11:51:32.000,11:51:32.000,11:51:32.000,0,23361.0000,23361.0000,23361.0000,23361.0000,3900,0.0000,,,,,Other,,0,False,False
1716,11:51:33.000,11:51:33.000,11:51:33.000,0,23361.0000,23361.0000,23361.0000,23361.0000,3250,0.0000,45.7000,,42.6500,,Other,,0,False,False
1717,11:51:33.000,11:51:33.000,11:51:33.000,0,23361.0000,23361.0000,23361.0000,23361.0000,2600,0.0000,,,,,Other,,0,False,False
1718,11:51:35.000,11:51:35.000,11:51:35.000,0,23361.0000,23361.0000,23361.0000,23361.0000,1950,0.0000,45.5000,,43.0500,,Other,,0,False,False
1719,11:51:35.000,11:51:35.000,11:51:35.000,0,23361.0000,23361.0000,23361.0000,23361.0000,1300,0.0000,,,,,Other,,0,False,False
1720,11:51:37.000,11:51:37.000,11:51:37.000,0,23361.0000,23361.0000,23361.0000,23361.0000,650,0.0000,45.4750,,42.9750,,Other,,0,False,False
1721,11:52:00.000,11:51:37.000,11:52:00.000,23,23361.0000,23364.7000,23360.5000,23362.0000,715,1.0000,45.014666666666666666666666667,-0.460333333333333333333333333,43.438028169014084507042253521,0.463028169014084507042253521,A,A,1,False,False
1722,11:52:05.000,11:52:00.000,11:52:05.000,5,23362.0000,23362.0000,23361.0000,23361.0000,650,-1.0000,44.021428571428571428571428571,-0.993238095238095238095238096,44.322222222222222222222222222,0.884194053208137715179968701,Other,,0,False,False
1723,11:52:13.000,11:52:05.000,11:52:13.000,8,23361.0000,23365.0000,23361.0000,23365.0000,3965,4.0000,45.932142857142857142857142857,1.910714285714285714285714286,42.3875,-1.934722222222222222222222222,Other,,0,False,False
1724,11:52:13.000,11:52:13.000,11:52:13.000,0,23365.0000,23365.0000,23365.0000,23365.0000,3315,0.0000,,,,,Other,,0,False,False
1725,11:52:14.000,11:52:14.000,11:52:14.000,0,23364.0000,23364.0000,23364.0000,23364.0000,2665,-1.0000,47.6000,,40.6500,,Other,,0,False,False
1726,11:52:14.000,11:52:14.000,11:52:14.000,0,23364.0000,23364.0000,23364.0000,23364.0000,2015,0.0000,,,,,Other,,0,False,False
1727,11:52:15.000,11:52:15.000,11:52:15.000,0,23364.0000,23364.0000,23364.0000,23364.0000,1690,0.0000,47.516666666666666666666666667,,40.8000,,Other,,0,False,False
1728,11:52:15.000,11:52:15.000,11:52:15.000,0,23364.0000,23364.0000,23364.0000,23364.0000,1040,0.0000,,,,,Other,,0,False,False
1729,11:52:20.000,11:52:16.000,11:52:20.000,4,23364.0000,23364.0000,23362.0000,23362.0000,5135,-2.0000,47.033333333333333333333333333,,41.242857142857142857142857143,,Other,,0,False,False
1730,11:52:20.000,11:52:20.000,11:52:20.000,0,23362.0000,23362.0000,23362.0000,23362.0000,4485,0.0000,,,,,Other,,0,False,False
1731,11:52:21.000,11:52:21.000,11:52:21.000,0,23362.0000,23362.0000,23362.0000,23362.0000,3965,0.0000,46.8250,,41.5000,,Other,,0,False,False
1732,11:52:21.000,11:52:21.000,11:52:21.000,0,23362.0000,23362.0000,23362.0000,23362.0000,3315,0.0000,,,,,Other,,0,False,False
1733,11:52:23.000,11:52:23.000,11:52:23.000,0,23363.0000,23363.0000,23363.0000,23363.0000,2665,1.0000,46.2500,,42.0500,,Other,,0,False,False
1734,11:52:23.000,11:52:23.000,11:52:23.000,0,23363.0000,23363.0000,23363.0000,23363.0000,2015,0.0000,,,,,Other,,0,False,False
1735,11:52:23.000,11:52:23.000,11:52:23.000,0,23363.0000,23363.0000,23363.0000,23363.0000,1430,0.0000,,,,,Other,,0,False,False
1736,11:52:23.000,11:52:23.000,11:52:23.000,0,23363.0000,23363.0000,23363.0000,23363.0000,780,0.0000,,,,,Other,,0,False,False
1737,11:52:26.000,11:52:23.000,11:52:26.000,3,23369.8000,23373.3000,23369.8000,23373.3000,650,10.3000,46.4100,,42.0300,,Other,,0,False,False
1738,11:52:41.000,11:52:26.000,11:52:41.000,15,23373.3000,23373.5000,23368.0000,23373.5000,650,0.2000,47.458163265306122448979591837,1.048163265306122448979591837,40.744897959183673469387755102,-1.285102040816326530612244898,Other,,0,False,False
1739,11:53:02.000,11:52:41.000,11:53:02.000,21,23373.5000,23374.0000,23370.7000,23374.0000,650,0.5000,48.363768115942028985507246377,0.905604850635906536527654540,39.830434782608695652173913043,-0.914463176574977817213842059,Other,,0,False,False
1740,11:53:03.000,11:53:02.000,11:53:03.000,1,23374.0000,23374.0000,23366.0000,23366.0000,1690,-8.0000,47.7000,-0.663768115942028985507246377,40.7500,0.919565217391304347826086957,Other,,0,False,False
1741,11:53:03.000,11:53:03.000,11:53:03.000,0,23366.0000,23366.0000,23366.0000,23366.0000,1040,0.0000,,,,,Other,,0,False,False
1742,11:53:08.000,11:53:04.000,11:53:08.000,4,23372.1000,23374.6000,23372.1000,23374.6000,780,8.6000,47.185714285714285714285714286,,41.335714285714285714285714286,,Other,,0,False,False
1743,11:53:17.000,11:53:08.000,11:53:17.000,9,23374.6000,23374.6000,23362.1000,23362.1000,975,-12.5000,47.4500,0.264285714285714285714285714,41.185714285714285714285714286,-0.150000000000000000000000000,B,B,1,False,False
1744,11:53:18.000,11:53:17.000,11:53:18.000,1,23362.1000,23362.1000,23362.1000,23362.1000,975,0.0000,46.8000,-0.6500,41.8000,0.614285714285714285714285714,Other,,0,False,False
1745,11:53:20.000,11:53:18.000,11:53:20.000,2,23362.1000,23362.1000,23362.1000,23362.1000,975,0.0000,46.9750,0.1750,41.9000,0.1000,Other,,0,False,False
1746,11:53:23.000,11:53:20.000,11:53:23.000,3,23362.1000,23372.3000,23362.1000,23372.3000,715,10.2000,47.1000,0.1250,41.5300,-0.3700,Other,,0,False,False
1747,11:53:30.000,11:53:23.000,11:53:30.000,7,23372.3000,23373.1000,23365.0000,23369.0000,650,-3.3000,46.828947368421052631578947368,-0.271052631578947368421052632,41.815217391304347826086956522,0.285217391304347826086956522,Other,,0,False,False
1748,11:53:52.000,11:53:30.000,11:53:52.000,22,23369.0000,23370.1000,23365.0000,23365.0000,845,-4.0000,46.966176470588235294117647059,0.137229102167182662538699691,41.5400,-0.275217391304347826086956522,B,B,1,False,False
1749,11:53:56.000,11:53:52.000,11:53:56.000,4,23365.0000,23365.0000,23362.0000,23362.0000,1040,-3.0000,46.791666666666666666666666667,-0.174509803921568627450980392,41.8000,0.2600,Other,,0,False,False
1750,11:54:09.000,11:53:56.000,11:54:09.000,13,23362.0000,23368.8000,23362.0000,23362.2000,650,0.2000,46.380487804878048780487804878,-0.411178861788617886178861789,42.232926829268292682926829268,0.432926829268292682926829268,A,A,1,False,False
1751,11:54:33.000,11:54:09.000,11:54:33.000,24,23362.2000,23368.7000,23362.2000,23367.9000,650,5.7000,46.052112676056338028169014085,-0.328375128821710752318790793,42.623376623376623376623376623,0.390449794108330693696547355,A,A,2,True,False
1752,11:54:59.000,11:54:33.000,11:54:59.000,26,23367.9000,23368.7000,23363.1000,23364.1000,780,-3.8000,44.605405405405405405405405405,-1.446707270650932622763608680,43.6675,1.044123376623376623376623377,Other,,0,False,False
1753,11:55:04.000,11:54:59.000,11:55:04.000,5,23364.1000,23364.9000,23362.0000,23362.0000,845,-2.1000,43.358823529411764705882352941,-1.246581875993640699523052464,44.591176470588235294117647059,0.923676470588235294117647059,Other,,0,False,False
1754,11:55:10.000,11:55:04.000,11:55:10.000,6,23362.0000,23363.6000,23362.0000,23362.0000,910,0.0000,43.0050,-0.353823529411764705882352941,44.6050,0.013823529411764705882352941,Other,,0,False,False
1755,11:55:15.000,11:55:10.000,11:55:15.000,5,23362.0000,23362.0000,23360.0000,23360.1000,1040,-1.9000,42.7000,-0.3050,45.03125,0.42625,Other,,0,False,False
1756,11:55:20.000,11:55:15.000,11:55:20.000,5,23360.1000,23362.8000,23360.1000,23362.3000,910,2.2000,42.542857142857142857142857143,-0.157142857142857142857142857,45.1625,0.13125,A,A,1,False,False
1757,11:55:29.000,11:55:20.000,11:55:29.000,9,23362.3000,23366.9000,23360.1000,23360.1000,650,-2.2000,42.523076923076923076923076923,-0.019780219780219780219780220,44.769230769230769230769230769,-0.393269230769230769230769231,Other,,0,False,False
1758,11:55:36.000,11:55:29.000,11:55:36.000,7,23360.1000,23360.1000,23359.0000,23359.0000,4095,-1.1000,42.2760,-0.247076923076923076923076923,44.917391304347826086956521739,0.148160535117056856187290970,Other,,0,False,False
1759,11:55:36.000,11:55:36.000,11:55:36.000,0,23359.0000,23359.0000,23359.0000,23359.0000,3445,0.0000,,,,,Other,,0,False,False
1760,11:55:36.000,11:55:36.000,11:55:36.000,0,23367.1000,23367.1000,23367.1000,23367.1000,2795,8.1000,,,,,Other,,0,False,False
1761,11:55:36.000,11:55:36.000,11:55:36.000,0,23367.1000,23367.1000,23367.1000,23367.1000,2145,0.0000,,,,,Other,,0,False,False
1762,11:55:36.000,11:55:36.000,11:55:36.000,0,23359.6000,23359.6000,23359.6000,23359.6000,1495,-7.5000,,,,,Other,,0,False,False
1763,11:55:36.000,11:55:36.000,11:55:36.000,0,23359.6000,23359.6000,23359.6000,23359.6000,845,0.0000,,,,,Other,,0,False,False
1764,11:55:37.000,11:55:37.000,11:55:37.000,0,23359.6000,23359.6000,23359.6000,23359.6000,715,0.0000,42.5500,,44.7000,,Other,,0,False,False
1765,11:55:46.000,11:55:37.000,11:55:46.000,9,23359.6000,23360.5000,23355.8000,23360.5000,650,0.9000,42.653333333333333333333333333,0.103333333333333333333333333,44.336666666666666666666666667,-0.363333333333333333333333333,Other,,0,False,False
1766,11:56:04.000,11:55:46.000,11:56:04.000,18,23360.5000,23364.8000,23356.1000,23364.8000,845,4.3000,42.804545454545454545454545455,0.151212121212121212121212122,44.242372881355932203389830508,-0.094293785310734463276836159,Other,,0,False,False
1767,11:56:19.000,11:56:04.000,11:56:19.000,15,23364.8000,23364.8000,23356.1000,23356.1000,1235,-8.7000,41.19047619047619047619047619,-1.614069264069264069264069265,46.439583333333333333333333333,2.197210451977401129943502825,Other,,0,False,False
1768,11:56:20.000,11:56:19.000,11:56:20.000,1,23356.1000,23356.1000,23355.0000,23355.0000,1105,-1.1000,40.5500,-0.64047619047619047619047619,47.6500,1.210416666666666666666666667,Other,,0,False,False
1769,11:56:22.000,11:56:20.000,11:56:22.000,2,23355.0000,23355.0000,23355.0000,23355.0000,780,0.0000,40.2250,-0.3250,47.9250,0.2750,Other,,0,False,False
1770,11:56:27.000,11:56:22.000,11:56:27.000,5,23355.0000,23356.1000,23355.0000,23355.0000,715,0.0000,39.7500,-0.4750,49.014285714285714285714285714,1.089285714285714285714285714,Other,,0,False,False
1771,11:56:32.000,11:56:27.000,11:56:32.000,5,23355.0000,23356.1000,23355.0000,23356.1000,1625,1.1000,39.444117647058823529411764706,-0.305882352941176470588235294,49.270588235294117647058823529,0.256302521008403361344537815,A,A,1,False,False
1772,11:56:32.000,11:56:32.000,11:56:32.000,0,23356.1000,23356.1000,23356.1000,23356.1000,975,0.0000,,,,,Other,,0,False,False
1773,11:56:34.000,11:56:32.000,11:56:34.000,2,23355.0000,23355.0000,23355.0000,23355.0000,1690,-1.1000,38.9250,,49.9875,,Other,,0,False,False
1774,11:56:34.000,11:56:34.000,11:56:34.000,0,23355.0000,23355.0000,23355.0000,23355.0000,1040,0.0000,,,,,Other,,0,False,False
1775,11:56:35.000,11:56:34.000,11:56:35.000,1,23352.0000,23352.0000,23351.5000,23351.5000,1170,-3.5000,39.1500,,49.8000,,Other,,0,False,False
1776,11:56:37.000,11:56:35.000,11:56:37.000,2,23351.5000,23356.1000,23351.5000,23356.1000,780,4.6000,39.0250,-0.1250,50.016666666666666666666666667,0.216666666666666666666666667,A,A,1,False,False
1777,11:56:44.000,11:56:37.000,11:56:44.000,7,23356.1000,23356.1000,23351.5000,23356.1000,845,0.0000,40.0750,1.0500,48.0500,-1.966666666666666666666666667,Other,,0,False,False
1778,11:56:49.000,11:56:44.000,11:56:49.000,5,23356.1000,23356.1000,23351.5000,23356.1000,1820,0.0000,41.5125,1.4375,46.06875,-1.98125,Other,,0,False,False
1779,11:56:49.000,11:56:49.000,11:56:49.000,0,23356.1000,23356.1000,23356.1000,23356.1000,1170,0.0000,,,,,Other,,0,False,False
1780,11:56:50.000,11:56:49.000,11:56:50.000,1,23356.9000,23362.0000,23356.9000,23362.0000,780,5.9000,42.4000,,44.8500,,Other,,0,False,False
1781,11:56:57.000,11:56:50.000,11:56:57.000,7,23362.0000,23365.0000,23354.9000,23365.0000,975,3.0000,42.718181818181818181818181818,0.318181818181818181818181818,44.604545454545454545454545455,-0.245454545454545454545454545,Other,,0,False,False
1782,11:57:05.000,11:56:57.000,11:57:05.000,8,23365.0000,23365.0000,23356.1000,23365.0000,780,0.0000,42.8000,0.081818181818181818181818182,44.375925925925925925925925926,-0.228619528619528619528619529,Other,,0,False,False
1783,11:57:15.000,11:57:05.000,11:57:15.000,10,23365.0000,23368.7000,23365.0000,23365.0000,650,0.0000,43.146875,0.346875,43.943333333333333333333333333,-0.432592592592592592592592593,Other,,0,False,False
1784,11:57:44.000,11:57:15.000,11:57:44.000,29,23365.0000,23367.3000,23356.1000,23360.8000,780,-4.2000,42.463483146067415730337078652,-0.683391853932584269662921348,45.351685393258426966292134831,1.408352059925093632958801498,Other,,0,False,False
1785,11:58:00.000,11:57:44.000,11:58:00.000,16,23360.8000,23367.7000,23360.8000,23364.5000,780,3.7000,42.782352941176470588235294118,0.318869795109054857898215466,44.97448979591836734693877551,-0.377195597340059619353359321,Other,,0,False,False
1786,11:58:22.000,11:58:00.000,11:58:22.000,22,23364.5000,23364.8000,23363.5000,23364.0000,650,-0.5000,42.811111111111111111111111111,0.028758169934640522875816993,44.968055555555555555555555556,-0.006434240362811791383219954,B,B,1,False,False
1787,11:58:51.000,11:58:22.000,11:58:51.000,29,23364.0000,23366.9000,23364.0000,23366.9000,650,2.9000,43.198351648351648351648351648,0.387240537240537240537240537,44.265591397849462365591397849,-0.702464157706093189964157707,Other,,0,False,False
1788,11:59:06.000,11:58:51.000,11:59:06.000,15,23366.9000,23366.9000,23362.0000,23366.0000,650,-0.9000,44.712244897959183673469387755,1.513893249607535321821036107,42.211224489795918367346938776,-2.054366908053543998244459073,B,B,1,False,False
1789,11:59:14.000,11:59:06.000,11:59:14.000,8,23366.0000,23366.0000,23361.6000,23366.0000,780,0.0000,45.179166666666666666666666667,0.466921768707482993197278912,41.815384615384615384615384615,-0.395839874411302982731554161,Other,,0,False,False
1790,11:59:28.000,11:59:14.000,11:59:28.000,14,23366.0000,23366.0000,23364.9000,23365.0000,845,-1.0000,45.084090909090909090909090909,-0.095075757575757575757575758,41.957142857142857142857142857,0.141758241758241758241758242,Other,,0,False,False
1791,11:59:38.000,11:59:28.000,11:59:38.000,10,23365.0000,23365.0000,23362.0000,23362.0000,910,-3.0000,45.693939393939393939393939394,0.609848484848484848484848485,41.075806451612903225806451613,-0.881336405529953917050691244,B,B,1,False,False
1792,11:59:45.000,11:59:38.000,11:59:45.000,7,23362.0000,23365.0000,23362.0000,23365.0000,1560,3.0000,45.777777777777777777777777778,0.083838383838383838383838384,40.795454545454545454545454545,-0.280351906158357771260997068,Other,,0,False,False
1793,11:59:45.000,11:59:45.000,11:59:45.000,0,23365.0000,23365.0000,23365.0000,23365.0000,910,0.0000,,,,,Other,,0,False,False
1794,11:59:46.000,11:59:46.000,11:59:46.000,0,23365.0000,23365.0000,23365.0000,23365.0000,1170,0.0000,45.9000,,40.6750,,Other,,0,False,False
1795,11:59:49.000,11:59:46.000,11:59:49.000,3,23365.0000,23365.0000,23365.0000,23365.0000,975,0.0000,45.7875,-0.1125,40.9250,0.2500,Other,,0,False,False
1796,11:59:56.000,11:59:49.000,11:59:56.000,7,23365.0000,23366.0000,23364.6000,23366.0000,1820,1.0000,46.0950,0.3075,40.440909090909090909090909091,-0.484090909090909090909090909,Other,,0,False,False
1797,11:59:56.000,11:59:56.000,11:59:56.000,0,23366.0000,23366.0000,23366.0000,23366.0000,1170,0.0000,,,,,Other,,0,False,False
1798,12:00:04.000,11:59:57.000,12:00:04.000,7,23366.0000,23367.0000,23364.0000,23367.0000,650,1.0000,45.272222222222222222222222222,,41.07037037037037037037037037,,Other,,0,False,False
1799,12:00:27.000,12:00:04.000,12:00:27.000,23,23367.0000,23367.0000,23364.0000,23366.5000,975,-0.5000,45.5671875,0.294965277777777777777777778,40.822058823529411764705882353,-0.248311546840958605664488017,B,B,1,False,False
1800,12:00:41.000,12:00:27.000,12:00:41.000,14,23366.5000,23366.9000,23366.5000,23366.9000,650,0.4000,45.172340425531914893617021277,-0.394847074468085106382978723,41.169148936170212765957446809,0.347090112640801001251564456,A,A,1,False,False
1801,12:00:56.000,12:00:41.000,12:00:56.000,15,23366.9000,23368.0000,23366.9000,23367.1000,1040,0.2000,44.1125,-1.059840425531914893617021277,42.4500,1.280851063829787234042553191,A,A,2,True,False
1802,12:01:00.000,12:00:56.000,12:01:00.000,4,23367.1000,23367.1000,23366.9000,23366.9000,1040,-0.2000,43.611538461538461538461538462,-0.500961538461538461538461538,43.246153846153846153846153846,0.796153846153846153846153846,Other,,0,False,False
1803,12:01:05.000,12:01:00.000,12:01:05.000,5,23366.9000,23366.9000,23366.0000,23366.0000,650,-0.9000,43.388888888888888888888888889,-0.222649572649572649572649573,43.327777777777777777777777778,0.081623931623931623931623932,Other,,0,False,False
1804,12:01:16.000,12:01:05.000,12:01:16.000,11,23366.0000,23367.2000,23366.0000,23367.0000,845,1.0000,42.93125,-0.457638888888888888888888889,43.497058823529411764705882353,0.169281045751633986928104575,A,A,1,False,False
1805,12:01:26.000,12:01:16.000,12:01:26.000,10,23367.0000,23367.0000,23366.6000,23367.0000,975,0.0000,43.476470588235294117647058824,0.545220588235294117647058824,42.909375,-0.587683823529411764705882353,Other,,0,False,False
1806,12:01:37.000,12:01:26.000,12:01:37.000,11,23367.0000,23369.0000,23365.0000,23366.6000,845,-0.4000,43.431034482758620689655172414,-0.045436105476673427991886410,43.115151515151515151515151515,0.205776515151515151515151515,Other,,0,False,False
1807,12:01:42.000,12:01:37.000,12:01:42.000,5,23366.6000,23367.0000,23366.1000,23366.1000,715,-0.5000,43.6500,0.218965517241379310344827586,43.094444444444444444444444444,-0.020707070707070707070707071,B,B,1,False,False
1808,12:01:43.000,12:01:42.000,12:01:43.000,1,23366.1000,23369.0000,23366.1000,23369.0000,1105,2.9000,43.7000,0.0500,43.2500,0.155555555555555555555555556,Other,,0,False,False
1809,12:01:45.000,12:01:43.000,12:01:45.000,2,23369.0000,23369.0000,23366.6000,23366.6000,1040,-2.4000,43.6000,-0.1000,43.2500,0.0000,Other,,0,False,False
1810,12:01:54.000,12:01:45.000,12:01:54.000,9,23366.6000,23366.6000,23362.0000,23366.6000,2600,0.0000,43.8600,0.2600,42.867857142857142857142857143,-0.382142857142857142857142857,Other,,0,False,False
1811,12:01:54.000,12:01:54.000,12:01:54.000,0,23366.6000,23366.6000,23366.6000,23366.6000,1950,0.0000,,,,,Other,,0,False,False
1812,12:01:56.000,12:01:56.000,12:01:56.000,0,23366.6000,23366.6000,23366.6000,23366.6000,1300,0.0000,,,42.9000,,Other,,0,False,False
1813,12:01:56.000,12:01:56.000,12:01:56.000,0,23366.6000,23366.6000,23366.6000,23366.6000,650,0.0000,,,,,Other,,0,False,False
1814,12:02:11.000,12:01:58.000,12:02:11.000,13,23366.6000,23369.0000,23366.6000,23369.0000,715,2.4000,44.665853658536585365853658537,,41.822222222222222222222222222,,Other,,0,False,False
1815,12:02:30.000,12:02:11.000,12:02:30.000,19,23369.0000,23369.0000,23362.1000,23362.1000,650,-6.9000,44.926271186440677966101694915,0.260417527904092600248036378,41.552380952380952380952380952,-0.269841269841269841269841270,B,B,1,False,False
1816,12:03:11.000,12:02:30.000,12:03:11.000,41,23362.1000,23368.0000,23362.1000,23363.0000,650,0.9000,44.385039370078740157480314961,-0.541231816361937808621379954,42.278861788617886178861788618,0.726480836236933797909407666,A,A,1,False,False
1817,12:03:24.000,12:03:11.000,12:03:24.000,13,23363.0000,23371.0000,23363.0000,23371.0000,845,8.0000,45.676190476190476190476190476,1.291151106111736032995875515,41.0250,-1.253861788617886178861788618,Other,,0,False,False
1818,12:03:32.000,12:03:24.000,12:03:32.000,8,23371.0000,23371.0000,23368.0000,23368.0000,715,-3.0000,45.535185185185185185185185185,-0.141005291005291005291005291,41.218518518518518518518518519,0.193518518518518518518518519,Other,,0,False,False
1819,12:03:50.000,12:03:32.000,12:03:50.000,18,23368.0000,23371.0000,23362.5000,23371.0000,2080,3.0000,45.82037037037037037037037037,0.285185185185185185185185185,40.823214285714285714285714286,-0.395304232804232804232804233,Other,,0,False,False
1820,12:03:50.000,12:03:50.000,12:03:50.000,0,23371.0000,23371.0000,23371.0000,23371.0000,1430,0.0000,,,,,Other,,0,False,False
1821,12:03:52.000,12:03:52.000,12:03:52.000,0,23371.0000,23371.0000,23371.0000,23371.0000,780,0.0000,46.9500,,39.1750,,Other,,0,False,False
1822,12:03:55.000,12:03:52.000,12:03:55.000,3,23371.0000,23371.0000,23371.0000,23371.0000,650,0.0000,46.8500,-0.1000,39.0500,-0.1250,Other,,0,False,False
1823,12:04:11.000,12:03:55.000,12:04:11.000,16,23371.0000,23376.6000,23371.0000,23376.6000,715,5.6000,25.124509803921568627450980392,,68.322340425531914893617021277,,Other,,0,False,False
1824,12:04:15.000,12:04:11.000,12:04:15.000,4,23376.6000,23376.6000,23370.0000,23371.4000,910,-5.2000,45.5500,,40.558333333333333333333333333,,Other,,0,False,False
1825,12:04:29.000,12:04:15.000,12:04:29.000,14,23371.4000,23375.5000,23363.0000,23363.1000,650,-8.3000,45.377272727272727272727272727,-0.172727272727272727272727273,40.795238095238095238095238095,0.236904761904761904761904762,Other,,0,False,False
1826,12:04:45.000,12:04:29.000,12:04:45.000,16,23363.1000,23377.7000,23363.1000,23371.0000,650,7.9000,46.116326530612244897959183673,0.739053803339517625231910946,39.885714285714285714285714286,-0.909523809523809523809523809,Other,,0,False,False
1827,12:05:14.000,12:04:45.000,12:05:14.000,29,23371.0000,23377.7000,23364.7000,23374.9000,780,3.9000,46.027956989247311827956989247,-0.088369541364933070002194426,39.7500,-0.135714285714285714285714286,Other,,0,False,False
1828,12:05:47.000,12:05:14.000,12:05:47.000,33,23374.9000,23375.2000,23365.0000,23374.2000,1040,-0.7000,46.523584905660377358490566038,0.495627916413065530533576791,39.123786407766990291262135922,-0.626213592233009708737864078,B,B,1,False,False
1829,12:06:05.000,12:05:47.000,12:06:05.000,18,23374.2000,23375.5000,23368.4000,23368.4000,780,-5.8000,47.644915254237288135593220339,1.121330348576910777102654301,37.720338983050847457627118644,-1.403447424716142833635017278,B,B,2,False,True
1830,12:06:16.000,12:06:05.000,12:06:16.000,11,23368.4000,23375.5000,23368.4000,23375.0000,780,6.6000,47.459375,-0.185540254237288135593220339,37.741176470588235294117647059,0.020837487537387836490528415,A,A,1,False,False
1831,12:06:28.000,12:06:16.000,12:06:28.000,12,23375.0000,23375.0000,23369.5000,23375.0000,845,0.0000,47.065789473684210526315789474,-0.393585526315789473684210526,38.161111111111111111111111111,0.419934640522875816993464052,Other,,0,False,False
1832,12:06:39.000,12:06:28.000,12:06:39.000,11,23375.0000,23376.0000,23374.4000,23375.0000,650,0.0000,45.928378378378378378378378378,-1.137411095305832147937411096,39.182432432432432432432432432,1.021321321321321321321321321,Other,,0,False,False
1833,12:07:00.000,12:06:39.000,12:07:00.000,21,23375.0000,23375.0000,23370.4000,23370.4000,650,-4.6000,46.426865671641791044776119403,0.498487293263412666397741025,38.809420289855072463768115942,-0.373012142577359968664316490,B,B,1,False,False
1834,12:07:20.000,12:07:00.000,12:07:20.000,20,23370.4000,23374.5000,23365.0000,23374.5000,650,4.1000,44.6734375,-1.753428171641791044776119403,40.4000,1.590579710144927536231884058,A,A,1,False,False
1835,12:08:32.000,12:07:20.000,12:08:32.000,72,23374.5000,23374.5000,23364.8000,23373.7000,715,-0.8000,45.094588744588744588744588745,0.421151244588744588744588745,40.221333333333333333333333333,-0.178666666666666666666666667,B,B,1,False,False
1836,12:08:47.000,12:08:32.000,12:08:47.000,15,23373.7000,23375.0000,23372.2000,23372.2000,780,-1.5000,47.504166666666666666666666667,2.409577922077922077922077922,37.795833333333333333333333333,-2.425500000000000000000000000,B,B,2,False,True
1837,12:08:52.000,12:08:47.000,12:08:52.000,5,23372.2000,23375.0000,23372.2000,23375.0000,1170,2.8000,48.55625,1.052083333333333333333333333,36.40625,-1.389583333333333333333333333,Other,,0,False,False
1838,12:08:55.000,12:08:52.000,12:08:55.000,3,23375.0000,23376.0000,23375.0000,23376.0000,975,1.0000,26.4600,,63.9600,,Other,,0,False,False
1839,12:09:05.000,12:08:55.000,12:09:05.000,10,23376.0000,23378.0000,23376.0000,23378.0000,650,2.0000,26.245161290322580645161290323,-0.214838709677419354838709677,64.316129032258064516129032258,0.356129032258064516129032258,A,A,1,False,False
1840,12:09:23.000,12:09:05.000,12:09:23.000,18,23378.0000,23380.0000,23376.0000,23380.0000,1300,2.0000,26.231034482758620689655172414,-0.014126807563959955506117909,64.355357142857142857142857143,0.039228110599078341013824885,A,A,2,True,False
1841,12:09:23.000,12:09:23.000,12:09:23.000,0,23380.0000,23380.0000,23380.0000,23380.0000,650,0.0000,,,,,Other,,0,False,False
1842,12:09:54.000,12:09:24.000,12:09:54.000,30,23380.0000,23380.0000,23375.0000,23379.9000,715,-0.1000,26.159793814432989690721649485,,64.522680412371134020618556701,,Other,,0,False,False
1843,12:10:47.000,12:09:54.000,12:10:47.000,53,23379.9000,23380.0000,23375.0000,23375.0000,845,-4.9000,48.527743902439024390243902439,,36.451775147928994082840236686,,Other,,0,False,False
1844,12:11:02.000,12:10:47.000,12:11:02.000,15,23375.0000,23380.0000,23375.0000,23375.0000,650,0.0000,47.347872340425531914893617021,-1.179871562013492475350285418,37.275531914893617021276595745,0.823756766964622938436359059,Other,,0,False,False
1845,12:11:20.000,12:11:02.000,12:11:20.000,18,23375.0000,23375.0000,23374.0000,23374.0000,650,-1.0000,46.082692307692307692307692308,-1.265180032733224222585924713,38.596551724137931034482758621,1.321019809244314013206162876,Other,,0,False,False
1846,12:12:05.000,12:11:20.000,12:12:05.000,45,23374.0000,23377.3000,23370.4000,23372.0000,650,-2.0000,45.662758620689655172413793103,-0.419933687002652519893899205,38.971959459459459459459459459,0.375407735321528424976700838,Other,,0,False,False
1847,12:12:18.000,12:12:05.000,12:12:18.000,13,23372.0000,23376.7000,23370.1000,23370.1000,650,-1.9000,44.936111111111111111111111111,-0.726647509578544061302681992,39.683333333333333333333333333,0.711373873873873873873873874,Other,,0,False,False
1848,12:12:33.000,12:12:18.000,12:12:33.000,15,23370.1000,23378.0000,23370.0000,23378.0000,650,7.9000,24.280612244897959183673469388,,67.747959183673469387755102041,,Other,,0,False,False
1849,12:12:48.000,12:12:33.000,12:12:48.000,15,23378.0000,23378.0000,23370.0000,23377.5000,845,-0.5000,24.2000,-0.080612244897959183673469388,68.29375,0.545790816326530612244897959,Other,,0,False,False
1850,12:12:49.000,12:12:48.000,12:12:49.000,1,23377.5000,23377.6000,23377.5000,23377.6000,845,0.1000,24.4500,0.2500,67.9750,-0.31875,Other,,0,False,False
1851,12:12:56.000,12:12:49.000,12:12:56.000,7,23377.6000,23377.6000,23365.1000,23365.1000,780,-12.5000,45.363636363636363636363636364,,39.477272727272727272727272727,,Other,,0,False,False
1852,12:13:01.000,12:12:56.000,12:13:01.000,5,23365.1000,23377.4000,23365.1000,23377.4000,780,12.3000,24.3200,,68.216666666666666666666666667,,Other,,0,False,False
1853,12:13:06.000,12:13:01.000,12:13:06.000,5,23377.4000,23377.4000,23366.0000,23377.4000,845,0.0000,24.15625,-0.16375,68.40625,0.189583333333333333333333333,Other,,0,False,False
1854,12:13:07.000,12:13:06.000,12:13:07.000,1,23377.4000,23377.4000,23370.0000,23370.0000,780,-7.4000,44.8250,,39.9250,,Other,,0,False,False
1855,12:13:11.000,12:13:07.000,12:13:11.000,4,23370.0000,23370.0000,23363.0000,23363.0000,715,-7.0000,44.816666666666666666666666667,-0.008333333333333333333333333,40.033333333333333333333333333,0.108333333333333333333333333,Other,,0,False,False
1856,12:13:16.000,12:13:11.000,12:13:16.000,5,23363.0000,23370.0000,23362.7000,23362.7000,650,-0.3000,44.84375,0.027083333333333333333333333,39.96875,-0.064583333333333333333333333,B,B,1,False,False
1857,12:13:24.000,12:13:16.000,12:13:24.000,8,23362.7000,23370.0000,23362.7000,23370.0000,650,7.3000,44.588461538461538461538461538,-0.255288461538461538461538462,40.078571428571428571428571429,0.109821428571428571428571429,A,A,1,False,False
1858,12:13:31.000,12:13:24.000,12:13:31.000,7,23370.0000,23370.0000,23362.2000,23362.2000,1170,-7.8000,44.60952380952380952380952381,0.021062271062271062271062272,40.071739130434782608695652174,-0.006832298136645962732919255,B,B,1,False,False
1859,12:13:34.000,12:13:31.000,12:13:34.000,3,23362.2000,23370.0000,23362.2000,23370.0000,715,7.8000,44.7100,0.10047619047619047619047619,40.1100,0.038260869565217391304347826,Other,,0,False,False
1860,12:13:39.000,12:13:34.000,12:13:39.000,5,23370.0000,23370.0000,23362.2000,23362.2000,1105,-7.8000,43.8250,-0.8850,40.9000,0.7900,Other,,0,False,False
1861,12:13:44.000,12:13:39.000,12:13:44.000,5,23362.2000,23370.0000,23362.2000,23362.2000,1040,0.0000,43.471428571428571428571428571,-0.353571428571428571428571429,41.092857142857142857142857143,0.192857142857142857142857143,Other,,0,False,False
1862,12:13:49.000,12:13:44.000,12:13:49.000,5,23362.2000,23362.2000,23362.2000,23362.2000,910,0.0000,43.7625,0.291071428571428571428571429,40.96875,-0.124107142857142857142857143,Other,,0,False,False
1863,12:13:54.000,12:13:49.000,12:13:54.000,5,23362.2000,23362.2000,23362.0000,23362.0000,780,-0.2000,44.057142857142857142857142857,0.294642857142857142857142857,40.7500,-0.21875,B,B,1,False,False
1864,12:13:59.000,12:13:54.000,12:13:59.000,5,23362.0000,23362.0000,23360.2000,23360.2000,1430,-1.8000,43.71875,-0.338392857142857142857142857,41.035714285714285714285714286,0.285714285714285714285714286,Other,,0,False,False
1865,12:13:59.000,12:13:59.000,12:13:59.000,0,23360.2000,23360.2000,23360.2000,23360.2000,780,0.0000,,,,,Other,,0,False,False
1866,12:14:06.000,12:14:00.000,12:14:06.000,6,23360.2000,23369.8000,23360.1000,23360.1000,780,-0.1000,43.667391304347826086956521739,,41.1780,,Other,,0,False,False
1867,12:14:11.000,12:14:06.000,12:14:11.000,5,23360.1000,23360.1000,23360.1000,23360.1000,650,0.0000,43.7000,0.032608695652173913043478261,41.2500,0.0720,Other,,0,False,False
1868,12:14:19.000,12:14:11.000,12:14:19.000,8,23360.1000,23370.4000,23360.1000,23370.4000,1105,10.3000,44.373076923076923076923076923,0.673076923076923076923076923,40.507692307692307692307692308,-0.742307692307692307692307692,Other,,0,False,False
1869,12:14:20.000,12:14:19.000,12:14:20.000,1,23370.4000,23370.4000,23365.2000,23365.2000,975,-5.2000,46.2250,1.851923076923076923076923077,38.3250,-2.182692307692307692307692308,B,B,1,False,False
1870,12:14:25.000,12:14:20.000,12:14:25.000,5,23365.2000,23365.2000,23362.9000,23362.9000,975,-2.3000,45.514285714285714285714285714,-0.710714285714285714285714286,39.0750,0.7500,Other,,0,False,False
1871,12:14:30.000,12:14:25.000,12:14:30.000,5,23362.9000,23376.5000,23362.1000,23362.1000,1040,-0.8000,44.9400,-0.574285714285714285714285714,39.738235294117647058823529412,0.663235294117647058823529412,Other,,0,False,False
1872,12:14:35.000,12:14:30.000,12:14:35.000,5,23362.1000,23376.2000,23362.0000,23362.0000,975,-0.1000,44.85625,-0.08375,39.8000,0.061764705882352941176470588,Other,,0,False,False
1873,12:14:40.000,12:14:35.000,12:14:40.000,5,23362.0000,23363.8000,23362.0000,23362.0000,910,0.0000,44.75625,-0.10000,39.978571428571428571428571429,0.178571428571428571428571429,Other,,0,False,False
1874,12:14:45.000,12:14:40.000,12:14:45.000,5,23362.0000,23362.0000,23361.8000,23361.8000,780,-0.2000,44.44375,-0.31250,40.322222222222222222222222222,0.343650793650793650793650793,Other,,0,False,False
1875,12:14:50.000,12:14:45.000,12:14:50.000,5,23361.8000,23375.4000,23361.2000,23361.2000,715,-0.6000,44.18125,-0.26250,40.56875,0.246527777777777777777777778,Other,,0,False,False
1876,12:14:55.000,12:14:50.000,12:14:55.000,5,23361.2000,23374.7000,23361.2000,23374.7000,715,13.5000,44.1875,0.00625,40.5875,0.01875,Other,,0,False,False
1877,12:15:02.000,12:14:55.000,12:15:02.000,7,23374.7000,23374.7000,23360.2000,23360.9000,650,-13.8000,43.756521739130434782608695652,-0.430978260869565217391304348,41.069565217391304347826086957,0.482065217391304347826086957,Other,,0,False,False
1878,12:15:05.000,12:15:02.000,12:15:05.000,3,23360.9000,23372.4000,23360.0000,23372.3000,2665,11.4000,42.3400,-1.416521739130434782608695652,42.3300,1.260434782608695652173913043,A,A,1,False,False
1879,12:15:05.000,12:15:05.000,12:15:05.000,0,23372.3000,23372.3000,23372.3000,23372.3000,2015,0.0000,,,,,Other,,0,False,False
1880,12:15:06.000,12:15:06.000,12:15:06.000,0,23360.9000,23360.9000,23360.9000,23360.9000,1365,-11.4000,42.0250,,42.6750,,Other,,0,False,False
1881,12:15:06.000,12:15:06.000,12:15:06.000,0,23360.9000,23360.9000,23360.9000,23360.9000,715,0.0000,,,,,Other,,0,False,False
1882,12:15:10.000,12:15:07.000,12:15:10.000,3,23360.9000,23360.9000,23360.0000,23360.0000,1495,-0.9000,42.633333333333333333333333333,,42.2250,,Other,,0,False,False
1883,12:15:10.000,12:15:10.000,12:15:10.000,0,23360.0000,23360.0000,23360.0000,23360.0000,845,0.0000,,,,,Other,,0,False,False
1884,12:15:15.000,12:15:12.000,12:15:15.000,3,23360.0000,23371.5000,23358.1000,23358.1000,910,-1.9000,42.133333333333333333333333333,,42.866666666666666666666666667,,Other,,0,False,False
1885,12:15:20.000,12:15:15.000,12:15:20.000,5,23358.1000,23358.1000,23358.1000,23358.1000,780,0.0000,42.0375,-0.095833333333333333333333333,42.8500,-0.016666666666666666666666667,Other,,0,False,False
1886,12:15:25.000,12:15:20.000,12:15:25.000,5,23358.1000,23358.1000,23357.0000,23357.0000,650,-1.1000,41.728571428571428571428571429,-0.308928571428571428571428571,43.035714285714285714285714286,0.185714285714285714285714286,Other,,0,False,False
1887,12:15:27.000,12:15:25.000,12:15:27.000,2,23357.0000,23357.0000,23355.2000,23355.2000,1755,-1.8000,41.4500,-0.278571428571428571428571429,43.4500,0.414285714285714285714285714,Other,,0,False,False
1888,12:15:27.000,12:15:27.000,12:15:27.000,0,23355.2000,23355.2000,23355.2000,23355.2000,1105,0.0000,,,,,Other,,0,False,False
1889,12:15:28.000,12:15:27.000,12:15:28.000,1,23354.9000,23369.2000,23354.9000,23358.0000,5330,2.8000,41.3000,,43.5000,,Other,,0,False,False
1890,12:15:28.000,12:15:28.000,12:15:28.000,0,23358.0000,23358.0000,23358.0000,23358.0000,4680,0.0000,,,,,Other,,0,False,False
1891,12:15:30.000,12:15:30.000,12:15:30.000,0,23358.0000,23358.0000,23358.0000,23358.0000,4030,0.0000,41.116666666666666666666666667,,43.866666666666666666666666667,,Other,,0,False,False
1892,12:15:30.000,12:15:30.000,12:15:30.000,0,23354.6000,23354.6000,23354.6000,23354.6000,3380,-3.4000,,,,,Other,,0,False,False
1893,12:15:30.000,12:15:30.000,12:15:30.000,0,23354.6000,23354.6000,23354.6000,23354.6000,2730,0.0000,,,,,Other,,0,False,False
1894,12:15:30.000,12:15:30.000,12:15:30.000,0,23354.6000,23354.6000,23354.6000,23354.6000,2600,0.0000,,,,,Other,,0,False,False
1895,12:15:30.000,12:15:30.000,12:15:30.000,0,23354.6000,23354.6000,23354.6000,23354.6000,1950,0.0000,,,,,Other,,0,False,False
1896,12:15:32.000,12:15:32.000,12:15:32.000,0,23354.6000,23354.6000,23354.6000,23354.6000,1300,0.0000,41.2500,,43.7000,,Other,,0,False,False
1897,12:15:32.000,12:15:32.000,12:15:32.000,0,23354.6000,23354.6000,23354.6000,23354.6000,650,0.0000,,,,,Other,,0,False,False
1898,12:15:40.000,12:15:33.000,12:15:40.000,7,23354.6000,23366.9000,23354.4000,23354.4000,1105,-0.2000,41.508333333333333333333333333,,43.4250,,Other,,0,False,False
1899,12:15:45.000,12:15:40.000,12:15:45.000,5,23354.4000,23366.2000,23354.4000,23354.9000,1040,0.5000,41.3875,-0.120833333333333333333333333,43.328571428571428571428571429,-0.096428571428571428571428571,Other,,0,False,False
1900,12:15:49.000,12:15:45.000,12:15:49.000,4,23354.9000,23366.2000,23354.9000,23366.2000,650,11.3000,41.871428571428571428571428571,0.483928571428571428571428571,42.692857142857142857142857143,-0.635714285714285714285714286,Other,,0,False,False
1901,12:15:52.000,12:15:49.000,12:15:52.000,3,23366.2000,23367.5000,23355.8000,23367.5000,650,1.3000,41.9900,0.118571428571428571428571429,42.6700,-0.022857142857142857142857143,Other,,0,False,False
1902,12:15:57.000,12:15:52.000,12:15:57.000,5,23367.5000,23367.5000,23355.4000,23356.0000,650,-11.5000,41.9875,-0.0025,42.5000,-0.1700,Other,,0,False,False
1903,12:16:22.000,12:15:57.000,12:16:22.000,25,23356.0000,23368.9000,23356.0000,23360.9000,780,4.9000,42.05617283950617283950617284,0.06867283950617283950617284,42.092405063291139240506329114,-0.407594936708860759493670886,Other,,0,False,False
1904,12:16:25.000,12:16:22.000,12:16:25.000,3,23360.9000,23367.7000,23360.9000,23367.7000,3445,6.8000,44.3100,2.25382716049382716049382716,39.9200,-2.172405063291139240506329114,Other,,0,False,False
1905,12:16:25.000,12:16:25.000,12:16:25.000,0,23367.7000,23367.7000,23367.7000,23367.7000,2795,0.0000,,,,,Other,,0,False,False
1906,12:16:26.000,12:16:26.000,12:16:26.000,0,23365.0000,23365.0000,23365.0000,23365.0000,2145,-2.7000,43.8000,,40.6000,,Other,,0,False,False
1907,12:16:26.000,12:16:26.000,12:16:26.000,0,23365.0000,23365.0000,23365.0000,23365.0000,1495,0.0000,,,,,Other,,0,False,False
1908,12:16:27.000,12:16:27.000,12:16:27.000,0,23365.0000,23365.0000,23365.0000,23365.0000,1105,0.0000,43.9000,,40.4000,,Other,,0,False,False
1909,12:16:30.000,12:16:27.000,12:16:30.000,3,23365.0000,23365.0000,23361.2000,23365.0000,715,0.0000,43.9000,0.0000,40.381818181818181818181818182,-0.018181818181818181818181818,Other,,0,False,False
1910,12:16:40.000,12:16:30.000,12:16:40.000,10,23365.0000,23368.0000,23361.3000,23361.3000,650,-3.7000,43.8375,-0.0625,40.2625,-0.119318181818181818181818182,Other,,0,False,False
1911,12:16:55.000,12:16:40.000,12:16:55.000,15,23361.3000,23375.1000,23361.3000,23375.1000,1235,13.8000,23.372727272727272727272727273,,69.795454545454545454545454545,,Other,,0,False,False
1912,12:16:58.000,12:16:55.000,12:16:58.000,3,23375.1000,23375.1000,23361.4000,23361.4000,715,-13.7000,43.4875,,40.3900,,Other,,0,False,False
1913,12:17:36.000,12:16:58.000,12:17:36.000,38,23361.4000,23373.9000,23361.4000,23363.7000,780,2.3000,44.506779661016949152542372881,1.019279661016949152542372881,39.198360655737704918032786885,-1.191639344262295081967213115,Other,,0,False,False
1914,12:17:48.000,12:17:36.000,12:17:48.000,12,23363.7000,23373.9000,23363.6000,23363.6000,845,-0.1000,44.508823529411764705882352941,0.002043868394815553339980060,39.473529411764705882352941176,0.275168756027000964320154291,Other,,0,False,False
1915,12:18:20.000,12:17:48.000,12:18:20.000,32,23363.6000,23373.0000,23363.6000,23371.8000,845,8.2000,45.505940594059405940594059406,0.997117064647641234711706465,38.317171717171717171717171717,-1.156357694592988710635769459,Other,,0,False,False
1916,12:18:30.000,12:18:20.000,12:18:30.000,10,23371.8000,23373.4000,23370.0000,23370.0000,845,-1.8000,46.266129032258064516129032258,0.760188438198658575534972852,37.854285714285714285714285714,-0.462886002886002886002886003,B,B,1,False,False
1917,12:18:31.000,12:18:30.000,12:18:31.000,1,23370.0000,23374.9000,23370.0000,23374.9000,1300,4.9000,46.4000,0.133870967741935483870967742,37.9000,0.045714285714285714285714286,Other,,0,False,False
1918,12:18:31.000,12:18:31.000,12:18:31.000,0,23374.9000,23374.9000,23374.9000,23374.9000,650,0.0000,,,,,Other,,0,False,False
1919,12:18:43.000,12:18:32.000,12:18:43.000,11,23371.9000,23377.9000,23370.0000,23370.0000,650,-4.9000,45.5600,,38.818421052631578947368421053,,Other,,0,False,False
1920,12:19:03.000,12:18:43.000,12:19:03.000,20,23370.0000,23378.8000,23370.0000,23378.8000,650,8.8000,24.713492063492063492063492063,,67.227966101694915254237288136,,Other,,0,False,False
1921,12:19:04.000,12:19:03.000,12:19:04.000,1,23378.8000,23378.8000,23370.0000,23370.0000,4225,-8.8000,46.3500,,38.0000,,Other,,0,False,False
1922,12:19:04.000,12:19:04.000,12:19:04.000,0,23370.0000,23370.0000,23370.0000,23370.0000,3575,0.0000,,,,,Other,,0,False,False
1923,12:19:06.000,12:19:06.000,12:19:06.000,0,23370.0000,23370.0000,23370.0000,23370.0000,2925,0.0000,46.4500,,37.9000,,Other,,0,False,False
1924,12:19:06.000,12:19:06.000,12:19:06.000,0,23370.0000,23370.0000,23370.0000,23370.0000,2275,0.0000,,,,,Other,,0,False,False
1925,12:19:07.000,12:19:07.000,12:19:07.000,0,23380.6000,23380.6000,23380.6000,23380.6000,1625,10.6000,25.1000,,66.2500,,Other,,0,False,False
1926,12:19:07.000,12:19:07.000,12:19:07.000,0,23380.6000,23380.6000,23380.6000,23380.6000,975,0.0000,,,,,Other,,0,False,False
1927,12:19:19.000,12:19:08.000,12:19:19.000,11,23380.6000,23380.6000,23370.0000,23370.0000,650,-10.6000,46.9300,,37.5500,,Other,,0,False,False
1928,12:19:41.000,12:19:19.000,12:19:41.000,22,23370.0000,23385.7000,23370.0000,23385.7000,10725,15.7000,25.838732394366197183098591549,,64.749315068493150684931506849,,Other,,0,False,False
1929,12:19:41.000,12:19:41.000,12:19:41.000,0,23385.7000,23385.7000,23385.7000,23385.7000,10075,0.0000,,,,,Other,,0,False,False
1930,12:19:43.000,12:19:43.000,12:19:43.000,0,23385.7000,23385.7000,23385.7000,23385.7000,9425,0.0000,26.4250,,62.7750,,Other,,0,False,False
1931,12:19:43.000,12:19:43.000,12:19:43.000,0,23385.7000,23385.7000,23385.7000,23385.7000,8775,0.0000,,,,,Other,,0,False,False
1932,12:19:44.000,12:19:44.000,12:19:44.000,0,23385.7000,23385.7000,23385.7000,23385.7000,8125,0.0000,26.6000,,63.0500,,Other,,0,False,False
1933,12:19:44.000,12:19:44.000,12:19:44.000,0,23385.7000,23385.7000,23385.7000,23385.7000,7475,0.0000,,,,,Other,,0,False,False
1934,12:19:46.000,12:19:46.000,12:19:46.000,0,23385.7000,23385.7000,23385.7000,23385.7000,6825,0.0000,26.4000,,63.0000,,Other,,0,False,False
1935,12:19:46.000,12:19:46.000,12:19:46.000,0,23385.7000,23385.7000,23385.7000,23385.7000,6175,0.0000,,,,,Other,,0,False,False
1936,12:19:48.000,12:19:48.000,12:19:48.000,0,23385.7000,23385.7000,23385.7000,23385.7000,5525,0.0000,26.4000,,62.9750,,Other,,0,False,False
1937,12:19:48.000,12:19:48.000,12:19:48.000,0,23385.7000,23385.7000,23385.7000,23385.7000,4875,0.0000,,,,,Other,,0,False,False
1938,12:19:48.000,12:19:48.000,12:19:48.000,0,23375.1000,23375.1000,23375.1000,23375.1000,4225,-10.6000,,,,,Other,,0,False,False
1939,12:19:48.000,12:19:48.000,12:19:48.000,0,23375.1000,23375.1000,23375.1000,23375.1000,3575,0.0000,,,,,Other,,0,False,False
1940,12:19:49.000,12:19:49.000,12:19:49.000,0,23375.1000,23375.1000,23375.1000,23375.1000,3055,0.0000,26.4500,,62.7750,,Other,,0,False,False
1941,12:19:49.000,12:19:49.000,12:19:49.000,0,23375.1000,23375.1000,23375.1000,23375.1000,2405,0.0000,,,,,Other,,0,False,False
1942,12:19:51.000,12:19:51.000,12:19:51.000,0,23375.1000,23375.1000,23375.1000,23375.1000,1755,0.0000,26.5000,,62.5500,,Other,,0,False,False
1943,12:19:51.000,12:19:51.000,12:19:51.000,0,23375.1000,23375.1000,23375.1000,23375.1000,1105,0.0000,,,,,Other,,0,False,False
1944,12:20:08.000,12:19:53.000,12:20:08.000,15,23375.1000,23385.5000,23375.1000,23376.6000,780,1.5000,26.63113207547169811320754717,,62.572641509433962264150943396,,Other,,0,False,False
1945,12:20:16.000,12:20:08.000,12:20:16.000,8,23376.6000,23384.7000,23375.1000,23375.1000,780,-1.5000,26.470833333333333333333333333,-0.160298742138364779874213837,63.261538461538461538461538462,0.688896952104499274310595066,Other,,0,False,False
1946,12:20:35.000,12:20:16.000,12:20:35.000,19,23375.1000,23379.3000,23372.6000,23379.3000,1300,4.2000,26.866393442622950819672131148,0.395560109289617486338797815,62.28114754098360655737704918,-0.980390920554854981084489282,Other,,0,False,False
1947,12:20:35.000,12:20:35.000,12:20:35.000,0,23379.3000,23379.3000,23379.3000,23379.3000,650,0.0000,,,,,Other,,0,False,False
1948,12:20:49.000,12:20:37.000,12:20:49.000,12,23379.3000,23384.7000,23373.0000,23377.1000,780,-2.2000,25.8625,,64.523809523809523809523809524,,Other,,0,False,False
1949,12:21:06.000,12:20:49.000,12:21:06.000,17,23377.1000,23385.0000,23377.1000,23384.4000,3770,7.3000,25.666363636363636363636363636,-0.196136363636363636363636364,64.530392156862745098039215686,0.006582633053221288515406162,A,A,1,False,False
1950,12:21:06.000,12:21:06.000,12:21:06.000,0,23384.4000,23384.4000,23384.4000,23384.4000,3120,0.0000,,,,,Other,,0,False,False
1951,12:21:08.000,12:21:08.000,12:21:08.000,0,23384.4000,23384.4000,23384.4000,23384.4000,2470,0.0000,25.8500,,63.9500,,Other,,0,False,False
1952,12:21:08.000,12:21:08.000,12:21:08.000,0,23384.4000,23384.4000,23384.4000,23384.4000,1820,0.0000,,,,,Other,,0,False,False
1953,12:21:09.000,12:21:09.000,12:21:09.000,0,23373.1000,23373.1000,23373.1000,23373.1000,1170,-11.3000,47.8500,,36.3000,,Other,,0,False,False
1954,12:21:10.000,12:21:09.000,12:21:10.000,1,23373.1000,23373.1000,23373.1000,23373.1000,780,0.0000,47.9250,0.0750,36.3250,0.0250,Other,,0,False,False
1955,12:21:38.000,12:21:10.000,12:21:38.000,28,23373.1000,23384.6000,23373.1000,23373.7000,715,0.6000,48.377011494252873563218390805,0.452011494252873563218390805,36.111235955056179775280898876,-0.213764044943820224719101124,Other,,0,False,False
1956,12:22:07.000,12:21:38.000,12:22:07.000,29,23373.7000,23386.5000,23373.7000,23386.5000,650,12.8000,27.006593406593406593406593407,,62.090322580645161290322580645,,Other,,0,False,False
1957,12:22:48.000,12:22:07.000,12:22:48.000,41,23386.5000,23386.5000,23375.5000,23384.4000,715,-2.1000,26.221317829457364341085271318,-0.785275577136042252321322089,63.238148148148148148148148148,1.147825567502986857825567503,Other,,0,False,False
1958,12:23:11.000,12:22:48.000,12:23:11.000,23,23384.4000,23384.6000,23375.0000,23375.0000,780,-9.4000,46.991095890410958904109589041,,36.462666666666666666666666667,,Other,,0,False,False
1959,12:24:03.000,12:23:11.000,12:24:03.000,52,23375.0000,23383.8000,23375.0000,23375.0000,650,0.0000,47.288109756097560975609756098,0.297013865686602071500167057,36.201234567901234567901234568,-0.261432098765432098765432099,Other,,0,False,False
1960,12:24:42.000,12:24:03.000,12:24:42.000,39,23375.0000,23381.0000,23374.0000,23380.0000,650,5.0000,24.264705882352941176470588235,,66.371544715447154471544715447,,Other,,0,False,False
1961,12:25:41.000,12:24:42.000,12:25:41.000,59,23380.0000,23380.0000,23371.9000,23371.9000,1430,-8.1000,45.79623655913978494623655914,,37.41953125,,Other,,0,False,False
1962,12:25:41.000,12:25:41.000,12:25:41.000,0,23371.9000,23371.9000,23371.9000,23371.9000,780,0.0000,,,,,Other,,0,False,False
1963,12:25:49.000,12:25:41.000,12:25:49.000,8,23373.9000,23380.0000,23370.2000,23370.2000,975,-1.7000,46.3625,,36.896153846153846153846153846,,Other,,0,False,False
1964,12:25:54.000,12:25:49.000,12:25:54.000,5,23370.2000,23371.3000,23370.2000,23371.3000,1170,1.1000,46.23125,-0.13125,37.183333333333333333333333333,0.287179487179487179487179487,A,A,1,False,False
1965,12:25:56.000,12:25:54.000,12:25:56.000,2,23371.3000,23380.0000,23371.1000,23371.1000,1430,-0.2000,46.2000,-0.03125,37.2125,0.029166666666666666666666667,Other,,0,False,False
1966,12:25:56.000,12:25:56.000,12:25:56.000,0,23371.1000,23371.1000,23371.1000,23371.1000,780,0.0000,,,,,Other,,0,False,False
1967,12:26:01.000,12:25:57.000,12:26:01.000,4,23371.1000,23383.1000,23371.1000,23383.1000,1040,12.0000,24.685294117647058823529411765,,65.714705882352941176470588235,,Other,,0,False,False
1968,12:26:40.000,12:26:01.000,12:26:40.000,39,23383.1000,23383.1000,23372.1000,23380.0000,780,-3.1000,25.432773109243697478991596639,0.747478991596638655462184874,63.960504201680672268907563025,-1.754201680672268907563025210,B,B,1,False,False
1969,12:27:24.000,12:26:40.000,12:27:24.000,44,23380.0000,23383.6000,23377.7000,23378.4000,650,-1.6000,25.926277372262773722627737226,0.493504263019076243636140587,63.50503597122302158273381295,-0.455468230457650686173750075,B,B,2,False,True
1970,12:28:15.000,12:27:24.000,12:28:15.000,51,23378.4000,23379.6000,23370.2000,23370.2000,845,-8.2000,46.521835443037974683544303797,,36.934876543209876543209876543,,Other,,0,False,False
1971,12:28:22.000,12:28:15.000,12:28:22.000,7,23370.2000,23382.9000,23370.2000,23382.6000,715,12.4000,24.763636363636363636363636364,,65.254545454545454545454545455,,Other,,0,False,False
1972,12:29:11.000,12:28:22.000,12:29:11.000,49,23382.6000,23382.6000,23370.6000,23382.0000,650,-0.6000,25.105985915492957746478873239,0.342349551856594110115236875,64.585855263157894736842105263,-0.668690191387559808612440192,B,B,1,False,False
1973,12:30:08.000,12:29:11.000,12:30:08.000,57,23382.0000,23382.0000,23371.0000,23371.0000,650,-11.0000,45.317663043478260869565217391,,37.684090909090909090909090909,,Other,,0,False,False
1974,12:30:18.000,12:30:08.000,12:30:18.000,10,23371.0000,23377.7000,23370.5000,23371.0000,650,0.0000,43.70625,-1.611413043478260869565217391,39.36875,1.684659090909090909090909091,Other,,0,False,False
1975,12:30:26.000,12:30:18.000,12:30:26.000,8,23371.0000,23378.5000,23371.0000,23378.5000,975,7.5000,23.177272727272727272727272727,,68.304545454545454545454545455,,Other,,0,False,False
1976,12:30:35.000,12:30:26.000,12:30:35.000,9,23378.5000,23378.5000,23370.0000,23370.0000,1430,-8.5000,43.267241379310344827586206897,,39.8500,,Other,,0,False,False
1977,12:30:35.000,12:30:35.000,12:30:35.000,0,23370.0000,23370.0000,23370.0000,23370.0000,780,0.0000,,,,,Other,,0,False,False
1978,12:30:37.000,12:30:36.000,12:30:37.000,1,23369.0000,23370.3000,23369.0000,23370.3000,1040,0.3000,42.133333333333333333333333333,,40.8500,,Other,,0,False,False
1979,12:30:56.000,12:30:37.000,12:30:56.000,19,23370.3000,23374.7000,23366.6000,23366.6000,780,-3.7000,42.801666666666666666666666667,0.668333333333333333333333334,40.263333333333333333333333333,-0.586666666666666666666666667,B,B,1,False,False
1980,12:31:14.000,12:30:56.000,12:31:14.000,18,23366.6000,23367.1000,23366.6000,23367.1000,845,0.5000,42.353508771929824561403508772,-0.448157894736842105263157895,40.722033898305084745762711864,0.458700564971751412429378531,A,A,1,False,False
1981,12:31:32.000,12:31:14.000,12:31:32.000,18,23367.1000,23370.6000,23366.2000,23366.2000,715,-0.9000,42.342105263157894736842105263,-0.011403508771929824561403509,40.638596491228070175438596491,-0.083437407077014570324115373,Other,,0,False,False
1982,12:32:35.000,12:31:32.000,12:32:35.000,63,23366.2000,23374.2000,23366.0000,23374.1000,650,7.9000,43.849747474747474747474747475,1.507642211589580010632642212,39.026010101010101010101010101,-1.612586390217969165337586390,Other,,0,False,False
1983,12:33:25.000,12:32:35.000,12:33:25.000,50,23374.1000,23375.0000,23374.1000,23375.0000,650,0.9000,44.978709677419354838709677419,1.128962202671880091234929944,37.428616352201257861635220126,-1.597393748808843148465789975,Other,,0,False,False
1984,12:33:53.000,12:33:25.000,12:33:53.000,28,23375.0000,23375.0000,23367.7000,23375.0000,715,0.0000,44.894252873563218390804597701,-0.084456803856136447905079718,37.915934065934065934065934066,0.487317713732808072430713940,Other,,0,False,False
1985,12:34:06.000,12:33:53.000,12:34:06.000,13,23375.0000,23378.7000,23374.8000,23378.7000,1430,3.7000,23.407317073170731707317073171,,68.065116279069767441860465116,,Other,,0,False,False
1986,12:34:06.000,12:34:06.000,12:34:06.000,0,23378.7000,23378.7000,23378.7000,23378.7000,780,0.0000,,,,,Other,,0,False,False
1987,12:34:14.000,12:34:07.000,12:34:14.000,7,23378.7000,23378.7000,23378.3000,23378.7000,780,0.0000,23.373076923076923076923076923,,68.084615384615384615384615385,,Other,,0,False,False
1988,12:34:25.000,12:34:14.000,12:34:25.000,11,23378.7000,23378.8000,23370.1000,23378.8000,650,0.1000,23.4000,0.026923076923076923076923077,68.058823529411764705882352941,-0.025791855203619909502262444,Other,,0,False,False
1989,12:35:48.000,12:34:25.000,12:35:48.000,83,23378.8000,23378.8000,23370.0000,23370.2000,650,-8.6000,45.444747081712062256809338521,,37.792687747035573122529644269,,Other,,0,False,False
1990,12:36:15.000,12:35:48.000,12:36:15.000,27,23370.2000,23381.9000,23365.6000,23365.6000,845,-4.6000,45.523033707865168539325842697,0.078286626153106282516504176,37.766292134831460674157303371,-0.026395612204112448372340898,B,B,1,False,False
1991,12:36:43.000,12:36:15.000,12:36:43.000,28,23365.6000,23378.5000,23365.6000,23368.8000,780,3.2000,44.580459770114942528735632184,-0.942573937750226010590210513,38.691011235955056179775280899,0.924719101123595505617977528,A,A,1,False,False
1992,12:37:04.000,12:36:43.000,12:37:04.000,21,23368.8000,23368.8000,23368.8000,23368.8000,650,0.0000,45.072222222222222222222222222,0.491762452107279693486590038,38.142753623188405797101449275,-0.548257612766650382673831624,Other,,0,False,False
1993,12:38:34.000,12:37:04.000,12:38:34.000,90,23368.8000,23377.9000,23368.3000,23368.3000,650,-0.5000,44.936380597014925373134328358,-0.135841625207296849087893864,38.08458781362007168458781362,-0.058165809568334112513635655,Other,,0,False,False
1994,12:39:14.000,12:38:34.000,12:39:14.000,40,23368.3000,23377.0000,23368.3000,23371.5000,910,3.2000,44.894117647058823529411764706,-0.042262949956101843722563652,37.9732,-0.11138781362007168458781362,Other,,0,False,False
1995,12:40:03.000,12:39:14.000,12:40:03.000,49,23371.5000,23376.0000,23370.0000,23370.0000,650,-1.5000,44.318831168831168831168831169,-0.575286478227654698242933537,38.568910256410256410256410256,0.595710256410256410256410256,Other,,0,False,False
1996,12:40:34.000,12:40:03.000,12:40:34.000,31,23370.0000,23375.0000,23368.2000,23375.0000,715,5.0000,44.104040404040404040404040404,-0.214790764790764790764790765,38.773711340206185567010309278,0.204801083795929156753899022,A,A,1,False,False
1997,12:40:45.000,12:40:34.000,12:40:45.000,11,23375.0000,23375.0000,23374.9000,23375.0000,1235,0.0000,45.7250,1.620959595959595959595959596,37.103125,-1.670586340206185567010309278,Other,,0,False,False
1998,12:40:59.000,12:40:45.000,12:40:59.000,14,23375.0000,23375.0000,23375.0000,23375.0000,910,0.0000,45.99130434782608695652173913,0.26630434782608695652173913,36.872727272727272727272727273,-0.230397727272727272727272727,Other,,0,False,False
1999,12:41:43.000,12:40:59.000,12:41:43.000,44,23375.0000,23377.0000,23368.8000,23368.8000,715,-6.2000,45.381153846153846153846153846,-0.610150501672240802675585284,37.21780303030303030303030303,0.345075757575757575757575757,Other,,0,False,False
2000,12:42:09.000,12:41:43.000,12:42:09.000,26,23368.8000,23377.0000,23368.1000,23368.1000,780,-0.7000,44.92987012987012987012987013,-0.451283716283716283716283716,37.48972602739726027397260274,0.27192299709422997094229971,Other,,0,False,False
2001,12:42:28.000,12:42:09.000,12:42:28.000,19,23368.1000,23377.0000,23368.1000,23369.6000,650,1.5000,45.708333333333333333333333333,0.778463203463203463203463203,36.741379310344827586206896552,-0.748346717052432687765706188,Other,,0,False,False
2002,12:42:49.000,12:42:28.000,12:42:49.000,21,23369.6000,23377.0000,23368.6000,23377.0000,715,7.4000,24.146610169491525423728813559,,65.462698412698412698412698413,,Other,,0,False,False
2003,12:42:57.000,12:42:49.000,12:42:57.000,8,23377.0000,23377.0000,23368.3000,23377.0000,650,0.0000,23.6500,-0.496610169491525423728813559,66.461538461538461538461538462,0.998840048840048840048840049,Other,,0,False,False
2004,12:43:55.000,12:42:57.000,12:43:55.000,58,23377.0000,23377.0000,23366.2000,23366.2000,650,-10.8000,43.49547872340425531914893617,,38.608791208791208791208791209,,Other,,0,False,False
2005,12:44:06.000,12:43:55.000,12:44:06.000,11,23366.2000,23376.7000,23366.2000,23376.7000,845,10.5000,21.982432432432432432432432432,,69.454285714285714285714285714,,Other,,0,False,False
2006,12:44:09.000,12:44:06.000,12:44:09.000,3,23376.7000,23376.7000,23366.0000,23366.0000,1040,-10.7000,41.7000,,40.2700,,Other,,0,False,False
2007,12:44:29.000,12:44:09.000,12:44:29.000,20,23366.0000,23374.8000,23365.4000,23365.4000,650,-0.6000,40.939655172413793103448275862,-0.760344827586206896551724138,41.077419354838709677419354839,0.807419354838709677419354839,Other,,0,False,False
2008,12:45:00.000,12:44:29.000,12:45:00.000,31,23365.4000,23372.4000,23360.0000,23360.0000,3120,-5.4000,38.8255,-2.114155172413793103448275862,42.5360,1.458580645161290322580645161,Other,,0,False,False
2009,12:45:00.000,12:45:00.000,12:45:00.000,0,23360.0000,23360.0000,23360.0000,23360.0000,2470,0.0000,,,,,Other,,0,False,False
2010,12:45:02.000,12:45:02.000,12:45:02.000,0,23360.0000,23360.0000,23360.0000,23360.0000,2145,0.0000,37.3750,,43.4000,,Other,,0,False,False
2011,12:45:02.000,12:45:02.000,12:45:02.000,0,23360.0000,23360.0000,23360.0000,23360.0000,1495,0.0000,,,,,Other,,0,False,False
2012,12:45:02.000,12:45:02.000,12:45:02.000,0,23359.4000,23359.4000,23359.4000,23359.4000,845,-0.6000,,,,,Other,,0,False,False
2013,12:45:10.000,12:45:02.000,12:45:10.000,8,23359.4000,23370.3000,23359.0000,23360.0000,650,0.6000,37.583333333333333333333333333,,43.038461538461538461538461538,,Other,,0,False,False
2014,12:45:12.000,12:45:10.000,12:45:12.000,2,23360.0000,23369.4000,23360.0000,23369.4000,2535,9.4000,36.6500,-0.933333333333333333333333333,43.6500,0.611538461538461538461538462,A,A,1,False,False
2015,12:45:12.000,12:45:12.000,12:45:12.000,0,23369.4000,23369.4000,23369.4000,23369.4000,1885,0.0000,,,,,Other,,0,False,False
2016,12:45:13.000,12:45:13.000,12:45:13.000,0,23369.4000,23369.4000,23369.4000,23369.4000,1235,0.0000,36.4000,,44.1500,,Other,,0,False,False
2017,12:45:15.000,12:45:13.000,12:45:15.000,2,23369.4000,23369.4000,23355.3000,23355.3000,1430,-14.1000,35.7875,-0.6125,45.0000,0.8500,Other,,0,False,False
2018,12:45:15.000,12:45:15.000,12:45:15.000,0,23355.3000,23355.3000,23355.3000,23355.3000,780,0.0000,,,,,Other,,0,False,False
2019,12:45:17.000,12:45:16.000,12:45:17.000,1,23355.0000,23355.0000,23355.0000,23355.0000,845,-0.3000,35.166666666666666666666666667,,46.1000,,Other,,0,False,False
2020,12:45:18.000,12:45:17.000,12:45:18.000,1,23355.0000,23355.0000,23353.9000,23353.9000,2860,-1.1000,34.9000,-0.266666666666666666666666667,46.4000,0.3000,Other,,0,False,False
2021,12:45:18.000,12:45:18.000,12:45:18.000,0,23353.9000,23353.9000,23353.9000,23353.9000,2210,0.0000,,,,,Other,,0,False,False
2022,12:45:19.000,12:45:19.000,12:45:19.000,0,23354.3000,23354.3000,23354.3000,23354.3000,1560,0.4000,35.5500,,45.6250,,Other,,0,False,False
2023,12:45:19.000,12:45:19.000,12:45:19.000,0,23354.3000,23354.3000,23354.3000,23354.3000,910,0.0000,,,,,Other,,0,False,False
2024,12:45:22.000,12:45:20.000,12:45:22.000,2,23354.3000,23354.3000,23352.7000,23352.7000,1365,-1.6000,35.9700,,45.1600,,Other,,0,False,False
2025,12:45:22.000,12:45:22.000,12:45:22.000,0,23352.7000,23352.7000,23352.7000,23352.7000,715,0.0000,,,,,Other,,0,False,False
2026,12:45:23.000,12:45:22.000,12:45:23.000,1,23352.5000,23354.7000,23352.5000,23354.7000,780,2.0000,37.2500,,43.9500,,Other,,0,False,False
2027,12:45:45.000,12:45:23.000,12:45:45.000,22,23354.7000,23363.5000,23354.5000,23360.0000,975,5.3000,36.985211267605633802816901408,-0.264788732394366197183098592,44.286986301369863013698630137,0.336986301369863013698630137,A,A,1,False,False
2028,12:45:58.000,12:45:45.000,12:45:58.000,13,23360.0000,23363.5000,23355.1000,23355.1000,715,-4.9000,37.413157894736842105263157895,0.427946627131208302446256487,43.652631578947368421052631579,-0.634354722422494592645998558,B,B,1,False,False
2029,12:46:12.000,12:45:58.000,12:46:12.000,14,23355.1000,23360.0000,23355.1000,23356.2000,650,1.1000,37.178888888888888888888888889,-0.234269005847953216374269006,43.86595744680851063829787234,0.213325867861142217245240761,A,A,1,False,False
2030,12:46:22.000,12:46:12.000,12:46:22.000,10,23356.2000,23360.0000,23355.0000,23355.5000,715,-0.7000,36.8200,-0.358888888888888888888888889,44.396666666666666666666666667,0.530709219858156028368794327,Other,,0,False,False
2031,12:46:38.000,12:46:22.000,12:46:38.000,16,23355.5000,23363.0000,23355.5000,23363.0000,780,7.5000,37.688235294117647058823529412,0.868235294117647058823529412,43.100980392156862745098039216,-1.295686274509803921568627451,Other,,0,False,False
2032,12:46:45.000,12:46:38.000,12:46:45.000,7,23363.0000,23363.6000,23356.4000,23363.6000,1885,0.6000,37.4125,-0.275735294117647058823529412,43.270833333333333333333333333,0.169852941176470588235294117,A,A,1,False,False
2033,12:46:45.000,12:46:45.000,12:46:45.000,0,23363.6000,23363.6000,23363.6000,23363.6000,1235,0.0000,,,,,Other,,0,False,False
2034,12:46:53.000,12:46:46.000,12:46:53.000,7,23363.6000,23364.5000,23363.6000,23364.5000,650,0.9000,37.316666666666666666666666667,,43.2000,,Other,,0,False,False
2035,12:47:13.000,12:46:53.000,12:47:13.000,20,23364.5000,23365.0000,23355.7000,23355.7000,1235,-8.8000,36.915873015873015873015873016,-0.400793650793650793650793651,43.527777777777777777777777778,0.327777777777777777777777778,Other,,0,False,False
2036,12:47:15.000,12:47:13.000,12:47:15.000,2,23355.7000,23355.9000,23355.7000,23355.9000,650,0.2000,36.433333333333333333333333333,-0.482539682539682539682539683,44.0500,0.522222222222222222222222222,A,A,1,False,False
2037,12:47:23.000,12:47:15.000,12:47:23.000,8,23355.9000,23363.5000,23355.8000,23360.0000,650,4.1000,37.1500,0.716666666666666666666666667,43.134615384615384615384615385,-0.915384615384615384615384615,Other,,0,False,False
2038,12:47:39.000,12:47:23.000,12:47:39.000,16,23360.0000,23363.6000,23357.0000,23360.0000,910,0.0000,38.028431372549019607843137255,0.878431372549019607843137255,42.084313725490196078431372549,-1.050301659125188536953242836,Other,,0,False,False
2039,12:47:55.000,12:47:39.000,12:47:55.000,16,23360.0000,23363.0000,23358.4000,23363.0000,715,3.0000,37.715384615384615384615384615,-0.313046757164404223227752640,42.413461538461538461538461538,0.329147812971342383107088989,A,A,1,False,False
2040,12:48:05.000,12:47:55.000,12:48:05.000,10,23363.0000,23365.0000,23363.0000,23365.0000,2275,2.0000,37.748484848484848484848484848,0.033100233100233100233100233,42.408620689655172413793103448,-0.004840848806366047745358090,Other,,0,False,False
2041,12:48:05.000,12:48:05.000,12:48:05.000,0,23365.0000,23365.0000,23365.0000,23365.0000,1625,0.0000,,,,,Other,,0,False,False
2042,12:48:07.000,12:48:07.000,12:48:07.000,0,23365.0000,23365.0000,23365.0000,23365.0000,1105,0.0000,37.5500,,42.8000,,Other,,0,False,False
2043,12:48:20.000,12:48:07.000,12:48:20.000,13,23365.0000,23365.0000,23361.1000,23361.1000,715,-3.9000,37.328947368421052631578947368,-0.221052631578947368421052632,43.1200,0.3200,Other,,0,False,False
2044,12:48:33.000,12:48:20.000,12:48:33.000,13,23361.1000,23367.0000,23360.9000,23361.1000,650,0.0000,37.378205128205128205128205128,0.049257759784075573549257760,42.783333333333333333333333333,-0.336666666666666666666666667,Other,,0,False,False
2045,12:48:57.000,12:48:33.000,12:48:57.000,24,23361.1000,23365.0000,23360.0000,23365.0000,650,3.9000,38.079166666666666666666666667,0.700961538461538461538461539,41.843055555555555555555555556,-0.940277777777777777777777777,Other,,0,False,False
2046,12:49:22.000,12:48:57.000,12:49:22.000,25,23365.0000,23365.0000,23362.7000,23362.7000,2340,-2.3000,39.078313253012048192771084337,0.999146586345381526104417670,40.830864197530864197530864198,-1.012191358024691358024691358,B,B,1,False,False
2047,12:49:22.000,12:49:22.000,12:49:22.000,0,23362.7000,23362.7000,23362.7000,23362.7000,1690,0.0000,,,,,Other,,0,False,False
2048,12:49:24.000,12:49:24.000,12:49:24.000,0,23362.7000,23362.7000,23362.7000,23362.7000,1040,0.0000,38.7750,,41.6500,,Other,,0,False,False
2049,12:49:28.000,12:49:24.000,12:49:28.000,4,23362.7000,23369.9000,23360.3000,23360.3000,780,-2.4000,38.1500,-0.6250,42.3250,0.6750,Other,,0,False,False
2050,12:49:37.000,12:49:28.000,12:49:37.000,9,23360.3000,23360.3000,23357.0000,23357.0000,1300,-3.3000,36.948387096774193548387096774,-1.201612903225806451612903226,43.777419354838709677419354839,1.452419354838709677419354839,Other,,0,False,False
2051,12:49:37.000,12:49:37.000,12:49:37.000,0,23357.0000,23357.0000,23357.0000,23357.0000,650,0.0000,,,,,Other,,0,False,False
2052,12:49:45.000,12:49:38.000,12:49:45.000,7,23357.0000,23360.0000,23354.6000,23354.6000,650,-2.4000,35.481818181818181818181818182,,45.6500,,Other,,0,False,False
2053,12:49:50.000,12:49:45.000,12:49:50.000,5,23354.6000,23356.2000,23353.8000,23355.8000,1560,1.2000,35.3125,-0.169318181818181818181818182,45.84375,0.19375,A,A,1,False,False
2054,12:49:50.000,12:49:50.000,12:49:50.000,0,23355.8000,23355.8000,23355.8000,23355.8000,910,0.0000,,,,,Other,,0,False,False
2055,12:50:01.000,12:49:52.000,12:50:01.000,9,23355.8000,23365.3000,23353.6000,23353.6000,1040,-2.2000,35.506060606060606060606060606,,45.310606060606060606060606061,,Other,,0,False,False
2056,12:50:03.000,12:50:01.000,12:50:03.000,2,23353.6000,23354.7000,23353.4000,23353.4000,845,-0.2000,34.7000,-0.806060606060606060606060606,46.716666666666666666666666667,1.406060606060606060606060606,Other,,0,False,False
2057,12:50:08.000,12:50:03.000,12:50:08.000,5,23353.4000,23353.6000,23350.0000,23351.1000,11375,-2.3000,34.30625,-0.39375,47.242857142857142857142857143,0.526190476190476190476190476,Other,,0,False,False
2058,12:50:08.000,12:50:08.000,12:50:08.000,0,23351.1000,23351.1000,23351.1000,23351.1000,10725,0.0000,,,,,Other,,0,False,False
2059,12:50:09.000,12:50:09.000,12:50:09.000,0,23349.1000,23349.1000,23349.1000,23349.1000,10075,-2.0000,34.0500,,47.6250,,Other,,0,False,False
2060,12:50:09.000,12:50:09.000,12:50:09.000,0,23349.1000,23349.1000,23349.1000,23349.1000,9425,0.0000,,,,,Other,,0,False,False
2061,12:50:10.000,12:50:10.000,12:50:10.000,0,23349.1000,23349.1000,23349.1000,23349.1000,13845,0.0000,34.3000,,46.8500,,Other,,0,False,False
2062,12:50:10.000,12:50:10.000,12:50:10.000,0,23349.1000,23349.1000,23349.1000,23349.1000,13195,0.0000,,,,,Other,,0,False,False
2063,12:50:11.000,12:50:11.000,12:50:11.000,0,23349.1000,23349.1000,23349.1000,23349.1000,12545,0.0000,34.3500,,46.9250,,Other,,0,False,False
2064,12:50:11.000,12:50:11.000,12:50:11.000,0,23349.1000,23349.1000,23349.1000,23349.1000,11895,0.0000,,,,,Other,,0,False,False
2065,12:50:12.000,12:50:12.000,12:50:12.000,0,23363.2000,23363.2000,23363.2000,23363.2000,11245,14.1000,34.0750,,47.2750,,Other,,0,False,False
2066,12:50:12.000,12:50:12.000,12:50:12.000,0,23363.2000,23363.2000,23363.2000,23363.2000,10595,0.0000,,,,,Other,,0,False,False
2067,12:50:13.000,12:50:13.000,12:50:13.000,0,23351.1000,23351.1000,23351.1000,23351.1000,9945,-12.1000,34.5000,,46.5500,,Other,,0,False,False
2068,12:50:13.000,12:50:13.000,12:50:13.000,0,23351.1000,23351.1000,23351.1000,23351.1000,9295,0.0000,,,,,Other,,0,False,False
2069,12:50:13.000,12:50:13.000,12:50:13.000,0,23351.1000,23351.1000,23351.1000,23351.1000,8840,0.0000,,,,,Other,,0,False,False
2070,12:50:13.000,12:50:13.000,12:50:13.000,0,23351.1000,23351.1000,23351.1000,23351.1000,8190,0.0000,,,,,Other,,0,False,False
2071,12:50:14.000,12:50:14.000,12:50:14.000,0,23355.0000,23355.0000,23355.0000,23355.0000,7540,3.9000,34.3750,,46.9750,,Other,,0,False,False
2072,12:50:14.000,12:50:14.000,12:50:14.000,0,23355.0000,23355.0000,23355.0000,23355.0000,6890,0.0000,,,,,Other,,0,False,False
2073,12:50:14.000,12:50:14.000,12:50:14.000,0,23355.0000,23355.0000,23355.0000,23355.0000,6305,0.0000,,,,,Other,,0,False,False
2074,12:50:14.000,12:50:14.000,12:50:14.000,0,23355.0000,23355.0000,23355.0000,23355.0000,5655,0.0000,,,,,Other,,0,False,False
2075,12:50:16.000,12:50:16.000,12:50:16.000,0,23355.0000,23355.0000,23355.0000,23355.0000,5005,0.0000,34.6250,,46.6250,,Other,,0,False,False
2076,12:50:16.000,12:50:16.000,12:50:16.000,0,23355.0000,23355.0000,23355.0000,23355.0000,4355,0.0000,,,,,Other,,0,False,False
2077,12:50:16.000,12:50:16.000,12:50:16.000,0,23350.8000,23350.8000,23350.8000,23350.8000,3705,-4.2000,,,,,Other,,0,False,False
2078,12:50:16.000,12:50:16.000,12:50:16.000,0,23350.8000,23350.8000,23350.8000,23350.8000,3055,0.0000,,,,,Other,,0,False,False
2079,12:50:18.000,12:50:18.000,12:50:18.000,0,23350.6000,23350.6000,23350.6000,23350.6000,2600,-0.2000,34.4000,,46.9000,,Other,,0,False,False
2080,12:50:18.000,12:50:18.000,12:50:18.000,0,23350.6000,23350.6000,23350.6000,23350.6000,1950,0.0000,,,,,Other,,0,False,False
2081,12:50:19.000,12:50:19.000,12:50:19.000,0,23350.6000,23350.6000,23350.6000,23350.6000,1300,0.0000,34.4500,,46.6500,,Other,,0,False,False
2082,12:50:19.000,12:50:19.000,12:50:19.000,0,23350.6000,23350.6000,23350.6000,23350.6000,650,0.0000,,,,,Other,,0,False,False
2083,12:50:27.000,12:50:21.000,12:50:27.000,6,23360.0000,23360.0000,23350.6000,23352.0000,1365,1.4000,34.054166666666666666666666667,,47.1625,,Other,,0,False,False
2084,12:50:27.000,12:50:27.000,12:50:27.000,0,23352.0000,23352.0000,23352.0000,23352.0000,715,0.0000,,,,,Other,,0,False,False
2085,12:50:44.000,12:50:28.000,12:50:44.000,16,23359.8000,23359.9000,23351.3000,23351.7000,650,-0.3000,33.840196078431372549019607843,,47.079411764705882352941176471,,Other,,0,False,False
2086,12:50:50.000,12:50:44.000,12:50:50.000,6,23351.7000,23355.0000,23349.0000,23349.0000,7605,-2.7000,33.1900,-0.650196078431372549019607843,47.4000,0.320588235294117647058823529,Other,,0,False,False
2087,12:50:50.000,12:50:50.000,12:50:50.000,0,23349.0000,23349.0000,23349.0000,23349.0000,6955,0.0000,,,,,Other,,0,False,False
2088,12:50:51.000,12:50:51.000,12:50:51.000,0,23349.3000,23349.3000,23349.3000,23349.3000,6305,0.3000,32.2000,,48.8000,,Other,,0,False,False
2089,12:50:51.000,12:50:51.000,12:50:51.000,0,23349.3000,23349.3000,23349.3000,23349.3000,5655,0.0000,,,,,Other,,0,False,False
2090,12:50:52.000,12:50:52.000,12:50:52.000,0,23349.3000,23349.3000,23349.3000,23349.3000,8190,0.0000,32.2500,,48.8750,,Other,,0,False,False
2091,12:50:52.000,12:50:52.000,12:50:52.000,0,23349.3000,23349.3000,23349.3000,23349.3000,7540,0.0000,,,,,Other,,0,False,False
2092,12:50:53.000,12:50:53.000,12:50:53.000,0,23352.5000,23352.5000,23352.5000,23352.5000,6890,3.2000,32.4500,,48.1500,,Other,,0,False,False
2093,12:50:53.000,12:50:53.000,12:50:53.000,0,23352.5000,23352.5000,23352.5000,23352.5000,6240,0.0000,,,,,Other,,0,False,False
2094,12:50:53.000,12:50:53.000,12:50:53.000,0,23352.5000,23352.5000,23352.5000,23352.5000,5720,0.0000,,,,,Other,,0,False,False
2095,12:50:53.000,12:50:53.000,12:50:53.000,0,23352.5000,23352.5000,23352.5000,23352.5000,5070,0.0000,,,,,Other,,0,False,False
2096,12:50:55.000,12:50:55.000,12:50:55.000,0,23352.5000,23352.5000,23352.5000,23352.5000,4420,0.0000,32.2000,,48.6000,,Other,,0,False,False
2097,12:50:55.000,12:50:55.000,12:50:55.000,0,23352.5000,23352.5000,23352.5000,23352.5000,3770,0.0000,,,,,Other,,0,False,False
2098,12:50:57.000,12:50:57.000,12:50:57.000,0,23352.5000,23352.5000,23352.5000,23352.5000,3120,0.0000,32.4250,,48.4750,,Other,,0,False,False
2099,12:50:57.000,12:50:57.000,12:50:57.000,0,23352.5000,23352.5000,23352.5000,23352.5000,2470,0.0000,,,,,Other,,0,False,False
2100,12:50:57.000,12:50:57.000,12:50:57.000,0,23349.5000,23349.5000,23349.5000,23349.5000,1820,-3.0000,,,,,Other,,0,False,False
2101,12:50:57.000,12:50:57.000,12:50:57.000,0,23349.5000,23349.5000,23349.5000,23349.5000,1170,0.0000,,,,,Other,,0,False,False
2102,12:51:04.000,12:50:58.000,12:51:04.000,6,23349.5000,23349.5000,23349.5000,23349.5000,650,0.0000,32.742857142857142857142857143,,47.947826086956521739130434783,,Other,,0,False,False
2103,12:51:17.000,12:51:04.000,12:51:17.000,13,23349.5000,23354.8000,23349.5000,23352.0000,1170,2.5000,33.1500,0.407142857142857142857142857,46.7625,-1.185326086956521739130434783,Other,,0,False,False
2104,12:51:27.000,12:51:17.000,12:51:27.000,10,23352.0000,23354.5000,23350.4000,23350.4000,650,-1.6000,33.116666666666666666666666667,-0.033333333333333333333333333,46.971875,0.209375,Other,,0,False,False
2105,12:51:35.000,12:51:27.000,12:51:35.000,8,23350.4000,23354.3000,23349.0000,23349.0000,1950,-1.4000,32.1480,-0.968666666666666666666666667,48.592592592592592592592592593,1.620717592592592592592592593,Other,,0,False,False
2106,12:51:35.000,12:51:35.000,12:51:35.000,0,23349.0000,23349.0000,23349.0000,23349.0000,1300,0.0000,,,,,Other,,0,False,False
2107,12:51:36.000,12:51:36.000,12:51:36.000,0,23349.0000,23349.0000,23349.0000,23349.0000,780,0.0000,31.2500,,,,Other,,0,False,False
2108,12:51:38.000,12:51:36.000,12:51:38.000,2,23349.0000,23349.0000,23345.0000,23346.6000,1950,-2.4000,31.3125,0.0625,49.6200,,Other,,0,False,False
2109,12:51:38.000,12:51:38.000,12:51:38.000,0,23346.6000,23346.6000,23346.6000,23346.6000,1300,0.0000,,,,,Other,,0,False,False
2110,12:51:39.000,12:51:39.000,12:51:39.000,0,23346.3000,23346.3000,23346.3000,23346.3000,650,-0.3000,,,,,Other,,0,False,False
2111,12:51:40.000,12:51:39.000,12:51:40.000,1,23346.3000,23346.3000,23346.3000,23346.3000,715,0.0000,31.033333333333333333333333333,,49.6500,,Other,,0,False,False
2112,12:51:56.000,12:51:40.000,12:51:56.000,16,23346.3000,23353.9000,23345.0000,23347.1000,650,0.8000,31.691666666666666666666666667,0.658333333333333333333333334,48.393478260869565217391304348,-1.256521739130434782608695652,Other,,0,False,False
2113,12:51:58.000,12:51:56.000,12:51:58.000,2,23347.1000,23347.1000,23346.6000,23346.6000,650,-0.5000,32.416666666666666666666666667,0.725000000000000000000000000,47.1125,-1.280978260869565217391304348,B,B,1,False,False
2114,12:52:11.000,12:51:58.000,12:52:11.000,13,23346.6000,23355.0000,23346.6000,23355.0000,650,8.4000,32.243243243243243243243243243,-0.173423423423423423423423424,47.544871794871794871794871795,0.432371794871794871794871795,A,A,1,False,False
2115,12:52:33.000,12:52:11.000,12:52:33.000,22,23355.0000,23355.0000,23349.6000,23355.0000,845,0.0000,33.035820895522388059701492537,0.792577652279144816458249294,46.280281690140845070422535211,-1.264590104730949801372336584,Other,,0,False,False
2116,12:52:41.000,12:52:33.000,12:52:41.000,8,23355.0000,23355.0000,23350.9000,23355.0000,845,0.0000,33.809090909090909090909090909,0.773270013568521031207598372,45.041666666666666666666666667,-1.238615023474178403755868544,Other,,0,False,False
2117,12:52:44.000,12:52:41.000,12:52:44.000,3,23355.0000,23355.0000,23355.0000,23355.0000,650,0.0000,33.9900,0.180909090909090909090909091,44.6300,-0.411666666666666666666666667,Other,,0,False,False
2118,12:52:57.000,12:52:44.000,12:52:57.000,13,23355.0000,23359.7000,23351.5000,23351.5000,650,-3.5000,33.484210526315789473684210526,-0.505789473684210526315789474,45.233333333333333333333333333,0.603333333333333333333333333,Other,,0,False,False
2119,12:53:10.000,12:52:57.000,12:53:10.000,13,23351.5000,23361.2000,23351.5000,23361.2000,715,9.7000,33.560465116279069767441860465,0.076254589963280293757649939,45.104651162790697674418604651,-0.128682170542635658914728682,Other,,0,False,False
2120,12:53:24.000,12:53:10.000,12:53:24.000,14,23361.2000,23363.7000,23351.6000,23351.6000,975,-9.6000,33.715909090909090909090909091,0.155443974630021141649048626,45.021428571428571428571428571,-0.083222591362126245847176080,B,B,1,False,False
2121,12:53:31.000,12:53:24.000,12:53:31.000,7,23351.6000,23351.7000,23351.5000,23351.5000,715,-0.1000,32.8000,-0.915909090909090909090909091,46.5060,1.484571428571428571428571429,Other,,0,False,False
2122,12:53:40.000,12:53:31.000,12:53:40.000,9,23351.5000,23360.0000,23350.7000,23350.7000,845,-0.8000,32.871428571428571428571428571,0.071428571428571428571428571,46.357142857142857142857142857,-0.148857142857142857142857143,B,B,1,False,False
2123,12:53:48.000,12:53:40.000,12:53:48.000,8,23350.7000,23361.1000,23350.7000,23353.5000,780,2.8000,32.930769230769230769230769231,0.059340659340659340659340660,46.396153846153846153846153846,0.039010989010989010989010989,Other,,0,False,False
2124,12:53:56.000,12:53:48.000,12:53:56.000,8,23353.5000,23353.5000,23351.7000,23351.7000,650,-1.8000,32.884615384615384615384615385,-0.046153846153846153846153846,46.183333333333333333333333333,-0.212820512820512820512820513,Other,,0,False,False
2125,12:54:06.000,12:53:56.000,12:54:06.000,10,23351.7000,23352.5000,23351.6000,23351.6000,1170,-0.1000,32.495454545454545454545454545,-0.389160839160839160839160840,46.654838709677419354838709677,0.471505376344086021505376344,Other,,0,False,False
2126,12:54:08.000,12:54:06.000,12:54:08.000,2,23351.6000,23353.0000,23351.6000,23353.0000,650,1.4000,32.2500,-0.245454545454545454545454545,46.916666666666666666666666667,0.261827956989247311827956990,A,A,1,False,False
2127,12:54:11.000,12:54:08.000,12:54:11.000,3,23353.0000,23361.4000,23349.5000,23349.5000,1170,-3.5000,31.5800,-0.6700,47.6800,0.763333333333333333333333333,Other,,0,False,False
2128,12:54:13.000,12:54:11.000,12:54:13.000,2,23349.5000,23349.5000,23349.3000,23349.3000,780,-0.2000,31.4500,-0.1300,48.1500,0.4700,Other,,0,False,False
2129,12:54:19.000,12:54:13.000,12:54:19.000,6,23349.3000,23353.0000,23348.0000,23348.0000,1430,-1.3000,31.5050,0.0550,47.9050,-0.2450,B,B,1,False,False
2130,12:54:19.000,12:54:19.000,12:54:19.000,0,23348.0000,23348.0000,23348.0000,23348.0000,780,0.0000,,,,,Other,,0,False,False
2131,12:54:31.000,12:54:20.000,12:54:31.000,11,23349.5000,23350.0000,23348.0000,23348.0000,780,0.0000,31.627027027027027027027027027,,47.704054054054054054054054054,,Other,,0,False,False
2132,12:54:32.000,12:54:31.000,12:54:32.000,1,23348.0000,23348.1000,23347.2000,23347.2000,845,-0.8000,32.3500,0.722972972972972972972972973,46.9250,-0.779054054054054054054054054,B,B,1,False,False
2133,12:54:47.000,12:54:32.000,12:54:47.000,15,23347.2000,23358.6000,23347.2000,23354.9000,780,7.7000,32.45625,0.10625,46.958333333333333333333333333,0.033333333333333333333333333,Other,,0,False,False
2134,12:55:01.000,12:54:47.000,12:55:01.000,14,23354.9000,23357.9000,23347.0000,23357.9000,1105,3.0000,31.624444444444444444444444444,-0.831805555555555555555555556,47.776744186046511627906976744,0.818410852713178294573643411,A,A,1,False,False
2135,12:55:03.000,12:55:01.000,12:55:03.000,2,23357.9000,23357.9000,23346.1000,23346.1000,845,-11.8000,29.9750,-1.649444444444444444444444444,49.533333333333333333333333333,1.756589147286821705426356589,Other,,0,False,False
2136,12:55:04.000,12:55:03.000,12:55:04.000,1,23346.1000,23356.2000,23346.1000,23356.2000,1235,10.1000,29.5000,-0.4750,50.9500,1.416666666666666666666666667,A,A,1,False,False
2137,12:55:06.000,12:55:04.000,12:55:06.000,2,23356.2000,23356.2000,23341.6000,23346.1000,2275,-10.1000,29.7500,0.2500,50.5000,-0.4500,B,B,1,False,False
2138,12:55:06.000,12:55:06.000,12:55:06.000,0,23346.1000,23346.1000,23346.1000,23346.1000,1625,0.0000,,,,,Other,,0,False,False
2139,12:55:07.000,12:55:07.000,12:55:07.000,0,23344.2000,23344.2000,23344.2000,23344.2000,975,-1.9000,30.2500,,49.5000,,Other,,0,False,False
2140,12:55:08.000,12:55:07.000,12:55:08.000,1,23344.2000,23344.2000,23344.2000,23344.2000,650,0.0000,30.5500,0.3000,49.0000,-0.5000,Other,,0,False,False
2141,12:55:11.000,12:55:08.000,12:55:11.000,3,23344.2000,23344.5000,23343.3000,23343.3000,845,-0.9000,30.1800,-0.3700,49.4500,0.4500,Other,,0,False,False
2142,12:55:16.000,12:55:11.000,12:55:16.000,5,23343.3000,23358.6000,23343.3000,23345.6000,1430,2.3000,30.48125,0.30125,48.8375,-0.6125,Other,,0,False,False
2143,12:55:16.000,12:55:16.000,12:55:16.000,0,23345.6000,23345.6000,23345.6000,23345.6000,780,0.0000,,,,,Other,,0,False,False
2144,12:55:29.000,12:55:17.000,12:55:29.000,12,23346.6000,23346.6000,23344.7000,23345.2000,650,-0.4000,30.5900,,48.573684210526315789473684211,,Other,,0,False,False
2145,12:55:37.000,12:55:29.000,12:55:37.000,8,23345.2000,23345.2000,23342.4000,23342.5000,715,-2.7000,29.683333333333333333333333333,-0.906666666666666666666666667,49.877777777777777777777777778,1.304093567251461988304093567,Other,,0,False,False
2146,12:55:48.000,12:55:37.000,12:55:48.000,11,23342.5000,23350.0000,23342.3000,23350.0000,2990,7.5000,29.69375,0.010416666666666666666666667,49.6500,-0.227777777777777777777777778,Other,,0,False,False
2147,12:55:48.000,12:55:48.000,12:55:48.000,0,23350.0000,23350.0000,23350.0000,23350.0000,2340,0.0000,,,,,Other,,0,False,False
2148,12:55:49.000,12:55:49.000,12:55:49.000,0,23344.7000,23344.7000,23344.7000,23344.7000,1690,-5.3000,30.1750,,48.9250,,Other,,0,False,False
2149,12:55:49.000,12:55:49.000,12:55:49.000,0,23344.7000,23344.7000,23344.7000,23344.7000,1040,0.0000,,,,,Other,,0,False,False
2150,12:55:52.000,12:55:50.000,12:55:52.000,2,23344.7000,23353.8000,23344.7000,23353.8000,650,9.1000,29.9375,,49.4250,,Other,,0,False,False
2151,12:56:00.000,12:55:52.000,12:56:00.000,8,23353.8000,23353.8000,23341.0000,23342.5000,3120,-11.3000,29.1080,-0.8295,50.6820,1.2570,Other,,0,False,False
2152,12:56:00.000,12:56:00.000,12:56:00.000,0,23342.5000,23342.5000,23342.5000,23342.5000,2470,0.0000,,,,,Other,,0,False,False
2153,12:56:02.000,12:56:02.000,12:56:02.000,0,23342.5000,23342.5000,23342.5000,23342.5000,1820,0.0000,28.7750,,51.3750,,Other,,0,False,False
2154,12:56:02.000,12:56:02.000,12:56:02.000,0,23342.5000,23342.5000,23342.5000,23342.5000,1170,0.0000,,,,,Other,,0,False,False
2155,12:56:03.000,12:56:02.000,12:56:03.000,1,23344.0000,23344.0000,23344.0000,23344.0000,910,1.5000,28.8500,,51.1000,,Other,,0,False,False
2156,12:56:20.000,12:56:03.000,12:56:20.000,17,23344.0000,23344.6000,23341.8000,23344.6000,845,0.6000,28.712962962962962962962962963,-0.137037037037037037037037037,51.085185185185185185185185185,-0.014814814814814814814814815,Other,,0,False,False
2157,12:56:38.000,12:56:20.000,12:56:38.000,18,23344.6000,23353.5000,23342.0000,23342.0000,975,-2.6000,29.333333333333333333333333333,0.620370370370370370370370370,49.770338983050847457627118644,-1.314846202134337727558066541,B,B,1,False,False
2158,12:56:56.000,12:56:38.000,12:56:56.000,18,23342.0000,23354.0000,23342.0000,23350.0000,1950,8.0000,30.089655172413793103448275862,0.756321839080459770114942529,48.329310344827586206896551724,-1.441028638223261250730566920,Other,,0,False,False
2159,12:56:56.000,12:56:56.000,12:56:56.000,0,23350.0000,23350.0000,23350.0000,23350.0000,1300,0.0000,,,,,Other,,0,False,False
2160,12:56:58.000,12:56:58.000,12:56:58.000,0,23350.0000,23350.0000,23350.0000,23350.0000,650,0.0000,30.5500,,47.2500,,Other,,0,False,False
2161,12:57:06.000,12:56:58.000,12:57:06.000,8,23350.0000,23355.0000,23348.0000,23348.0000,1690,-2.0000,30.555555555555555555555555556,0.005555555555555555555555556,47.177777777777777777777777778,-0.072222222222222222222222222,B,B,1,False,False
2162,12:57:06.000,12:57:06.000,12:57:06.000,0,23348.0000,23348.0000,23348.0000,23348.0000,1040,0.0000,,,,,Other,,0,False,False
2163,12:57:07.000,12:57:07.000,12:57:07.000,0,23348.0000,23348.0000,23348.0000,23348.0000,1040,0.0000,30.1750,,48.2250,,Other,,0,False,False
2164,12:57:09.000,12:57:07.000,12:57:09.000,2,23348.0000,23348.0000,23347.1000,23347.1000,1040,-0.9000,30.383333333333333333333333333,0.208333333333333333333333333,47.833333333333333333333333333,-0.391666666666666666666666667,B,B,1,False,False
2165,12:57:12.000,12:57:09.000,12:57:12.000,3,23347.1000,23355.0000,23347.1000,23347.2000,650,0.1000,30.4300,0.046666666666666666666666667,47.9900,0.156666666666666666666666667,Other,,0,False,False
2166,12:57:30.000,12:57:12.000,12:57:30.000,18,23347.2000,23357.7000,23347.1000,23347.8000,650,0.6000,30.530508474576271186440677966,0.100508474576271186440677966,48.075423728813559322033898305,0.085423728813559322033898305,Other,,0,False,False
2167,12:57:41.000,12:57:30.000,12:57:41.000,11,23347.8000,23357.7000,23347.3000,23349.0000,1755,1.2000,30.788235294117647058823529412,0.257726819541375872382851446,47.746666666666666666666666667,-0.328757062146892655367231638,Other,,0,False,False
2168,12:57:41.000,12:57:41.000,12:57:41.000,0,23349.0000,23349.0000,23349.0000,23349.0000,1105,0.0000,,,,,Other,,0,False,False
2169,12:57:46.000,12:57:42.000,12:57:46.000,4,23348.1000,23349.0000,23348.0000,23348.0000,780,-1.0000,30.7125,,47.642857142857142857142857143,,Other,,0,False,False
2170,12:57:58.000,12:57:46.000,12:57:58.000,12,23348.0000,23348.0000,23345.9000,23345.9000,1820,-2.1000,30.3000,-0.4125,48.2700,0.627142857142857142857142857,Other,,0,False,False
2171,12:57:58.000,12:57:58.000,12:57:58.000,0,23345.9000,23345.9000,23345.9000,23345.9000,1170,0.0000,,,,,Other,,0,False,False
2172,12:58:01.000,12:57:59.000,12:58:01.000,2,23345.9000,23355.0000,23345.9000,23346.5000,1235,0.6000,29.7125,,48.955555555555555555555555556,,Other,,0,False,False
2173,12:58:02.000,12:58:01.000,12:58:02.000,1,23346.5000,23346.5000,23345.2000,23345.2000,780,-1.3000,29.6500,-0.0625,49.1500,0.194444444444444444444444444,Other,,0,False,False
2174,12:58:07.000,12:58:02.000,12:58:07.000,5,23345.2000,23346.3000,23345.2000,23346.3000,1885,1.1000,30.0250,0.3750,48.51875,-0.63125,Other,,0,False,False
2175,12:58:07.000,12:58:07.000,12:58:07.000,0,23346.3000,23346.3000,23346.3000,23346.3000,1235,0.0000,,,,,Other,,0,False,False
2176,12:58:09.000,12:58:08.000,12:58:09.000,1,23346.5000,23346.5000,23346.5000,23346.5000,1040,0.2000,30.266666666666666666666666667,,48.083333333333333333333333333,,Other,,0,False,False
2177,12:58:12.000,12:58:09.000,12:58:12.000,3,23346.5000,23346.5000,23346.3000,23346.3000,650,-0.2000,30.4000,0.133333333333333333333333333,48.0000,-0.083333333333333333333333333,B,B,1,False,False
2178,12:58:28.000,12:58:12.000,12:58:28.000,16,23346.3000,23350.0000,23346.3000,23349.0000,1430,2.7000,30.189583333333333333333333333,-0.210416666666666666666666667,48.228260869565217391304347826,0.228260869565217391304347826,A,A,1,False,False
2179,12:58:28.000,12:58:28.000,12:58:28.000,0,23349.0000,23349.0000,23349.0000,23349.0000,780,0.0000,,,,,Other,,0,False,False
2180,12:58:51.000,12:58:30.000,12:58:51.000,21,23349.0000,23357.0000,23347.3000,23357.0000,650,8.0000,30.800769230769230769230769231,,47.587692307692307692307692308,,Other,,0,False,False
2181,12:59:05.000,12:58:51.000,12:59:05.000,14,23357.0000,23357.0000,23347.0000,23347.0000,2730,-10.0000,30.558888888888888888888888889,-0.241880341880341880341880342,47.566666666666666666666666667,-0.021025641025641025641025641,Other,,0,False,False
2182,12:59:05.000,12:59:05.000,12:59:05.000,0,23347.0000,23347.0000,23347.0000,23347.0000,2080,0.0000,,,,,Other,,0,False,False
2183,12:59:06.000,12:59:06.000,12:59:06.000,0,23359.8000,23359.8000,23359.8000,23359.8000,1430,12.8000,30.4000,,47.8000,,Other,,0,False,False
2184,12:59:06.000,12:59:06.000,12:59:06.000,0,23359.8000,23359.8000,23359.8000,23359.8000,780,0.0000,,,,,Other,,0,False,False
2185,12:59:20.000,12:59:07.000,12:59:20.000,13,23359.8000,23359.8000,23347.3000,23349.0000,1235,-10.8000,30.0500,,48.034090909090909090909090909,,Other,,0,False,False
2186,12:59:21.000,12:59:20.000,12:59:21.000,1,23349.0000,23349.0000,23347.3000,23347.3000,650,-1.7000,30.0750,0.0250,48.0500,0.015909090909090909090909091,Other,,0,False,False
2187,12:59:30.000,12:59:21.000,12:59:30.000,9,23347.3000,23359.0000,23347.3000,23349.0000,780,1.7000,30.289655172413793103448275862,0.214655172413793103448275862,47.768965517241379310344827586,-0.281034482758620689655172414,Other,,0,False,False
2188,12:59:39.000,12:59:30.000,12:59:39.000,9,23349.0000,23359.0000,23348.0000,23348.0000,780,-1.0000,30.116666666666666666666666667,-0.172988505747126436781609195,47.967857142857142857142857143,0.198891625615763546798029557,Other,,0,False,False
2189,12:59:44.000,12:59:39.000,12:59:44.000,5,23348.0000,23359.5000,23347.0000,23347.0000,650,-1.0000,29.7250,-0.391666666666666666666666667,48.364285714285714285714285714,0.396428571428571428571428571,Other,,0,False,False
2190,12:59:49.000,12:59:44.000,12:59:49.000,5,23347.0000,23347.0000,23347.0000,23347.0000,780,0.0000,29.76875,0.04375,48.521428571428571428571428571,0.157142857142857142857142857,Other,,0,False,False
2191,12:59:55.000,12:59:49.000,12:59:55.000,6,23347.0000,23348.0000,23346.3000,23346.3000,650,-0.7000,29.527777777777777777777777778,-0.240972222222222222222222222,48.827777777777777777777777778,0.306349206349206349206349207,Other,,0,False,False
2192,13:00:01.000,12:59:55.000,13:00:01.000,6,23346.3000,23357.9000,23346.3000,23346.3000,1040,0.0000,29.428571428571428571428571429,-0.099206349206349206349206349,48.864285714285714285714285714,0.036507936507936507936507936,Other,,0,False,False
2193,13:00:03.000,13:00:01.000,13:00:03.000,2,23346.3000,23346.3000,23345.0000,23345.0000,910,-1.3000,29.133333333333333333333333333,-0.295238095238095238095238096,49.183333333333333333333333333,0.319047619047619047619047619,Other,,0,False,False
2194,13:00:05.000,13:00:03.000,13:00:05.000,2,23345.0000,23349.0000,23345.0000,23345.0000,1170,0.0000,28.716666666666666666666666667,-0.416666666666666666666666666,49.8500,0.666666666666666666666666667,Other,,0,False,False
2195,13:00:06.000,13:00:05.000,13:00:06.000,1,23345.0000,23345.1000,23345.0000,23345.1000,715,0.1000,28.9500,0.233333333333333333333333333,49.4000,-0.4500,Other,,0,False,False
2196,13:00:08.000,13:00:06.000,13:00:08.000,2,23345.1000,23345.1000,23344.2000,23344.2000,3315,-0.9000,28.5000,-0.4500,50.316666666666666666666666667,0.916666666666666666666666667,Other,,0,False,False
2197,13:00:08.000,13:00:08.000,13:00:08.000,0,23344.2000,23344.2000,23344.2000,23344.2000,2665,0.0000,,,,,Other,,0,False,False
2198,13:00:10.000,13:00:10.000,13:00:10.000,0,23356.3000,23356.3000,23356.3000,23356.3000,2015,12.1000,28.4500,,50.4250,,Other,,0,False,False
2199,13:00:10.000,13:00:10.000,13:00:10.000,0,23356.3000,23356.3000,23356.3000,23356.3000,1365,0.0000,,,,,Other,,0,False,False
2200,13:00:10.000,13:00:10.000,13:00:10.000,0,23344.5000,23344.5000,23344.5000,23344.5000,975,-11.8000,,,,,Other,,0,False,False
2201,13:00:11.000,13:00:10.000,13:00:11.000,1,23344.5000,23344.5000,23344.3000,23344.3000,780,-0.2000,28.8000,,49.7000,,Other,,0,False,False
2202,13:00:16.000,13:00:11.000,13:00:16.000,5,23344.3000,23357.1000,23344.0000,23357.1000,2210,12.8000,28.56875,-0.23125,50.0375,0.3375,A,A,1,False,False
2203,13:00:16.000,13:00:16.000,13:00:16.000,0,23357.1000,23357.1000,23357.1000,23357.1000,1560,0.0000,,,,,Other,,0,False,False
2204,13:00:18.000,13:00:18.000,13:00:18.000,0,23357.1000,23357.1000,23357.1000,23357.1000,910,0.0000,28.7500,,49.7000,,Other,,0,False,False
2205,13:00:25.000,13:00:18.000,13:00:25.000,7,23357.1000,23357.2000,23341.9000,23341.9000,2145,-15.2000,28.3250,-0.4250,50.281818181818181818181818182,0.581818181818181818181818182,Other,,0,False,False
2206,13:00:25.000,13:00:25.000,13:00:25.000,0,23341.9000,23341.9000,23341.9000,23341.9000,1495,0.0000,,,,,Other,,0,False,False
2207,13:00:26.000,13:00:26.000,13:00:26.000,0,23341.6000,23341.6000,23341.6000,23341.6000,845,-0.3000,27.3750,,51.1750,,Other,,0,False,False
2208,13:00:28.000,13:00:26.000,13:00:28.000,2,23341.6000,23345.0000,23341.0000,23341.0000,2210,-0.6000,27.233333333333333333333333333,-0.141666666666666666666666667,51.6000,0.4250,Other,,0,False,False
2209,13:00:28.000,13:00:28.000,13:00:28.000,0,23341.0000,23341.0000,23341.0000,23341.0000,1560,0.0000,,,,,Other,,0,False,False
2210,13:00:29.000,13:00:29.000,13:00:29.000,0,23340.2000,23340.2000,23340.2000,23340.2000,910,-0.8000,26.2500,,53.1500,,Other,,0,False,False
2211,13:00:30.000,13:00:29.000,13:00:30.000,1,23340.2000,23340.2000,23339.3000,23339.3000,4030,-0.9000,26.2000,-0.0500,53.3000,0.1500,Other,,0,False,False
2212,13:00:30.000,13:00:30.000,13:00:30.000,0,23339.3000,23339.3000,23339.3000,23339.3000,3380,0.0000,,,,,Other,,0,False,False
2213,13:00:30.000,13:00:30.000,13:00:30.000,0,23339.3000,23339.3000,23339.3000,23339.3000,2730,0.0000,,,,,Other,,0,False,False
2214,13:00:31.000,13:00:31.000,13:00:31.000,0,23350.8000,23350.8000,23350.8000,23350.8000,2080,11.5000,26.6750,,52.8250,,Other,,0,False,False
2215,13:00:31.000,13:00:31.000,13:00:31.000,0,23350.8000,23350.8000,23350.8000,23350.8000,1430,0.0000,,,,,Other,,0,False,False
2216,13:00:32.000,13:00:32.000,13:00:32.000,0,23339.6000,23339.6000,23339.6000,23339.6000,2860,-11.2000,26.3500,,53.2000,,Other,,0,False,False
2217,13:00:32.000,13:00:32.000,13:00:32.000,0,23339.6000,23339.6000,23339.6000,23339.6000,2210,0.0000,,,,,Other,,0,False,False
2218,13:00:33.000,13:00:33.000,13:00:33.000,0,23338.9000,23338.9000,23338.9000,23338.9000,1560,-0.7000,26.2500,,53.0000,,Other,,0,False,False
2219,13:00:33.000,13:00:33.000,13:00:33.000,0,23338.9000,23338.9000,23338.9000,23338.9000,910,0.0000,,,,,Other,,0,False,False
2220,13:00:36.000,13:00:33.000,13:00:36.000,3,23338.9000,23339.6000,23337.6000,23337.6000,1040,-1.3000,26.0000,,53.4500,,Other,,0,False,False
2221,13:00:38.000,13:00:36.000,13:00:38.000,2,23337.6000,23337.6000,23335.9000,23335.9000,1365,-1.7000,25.666666666666666666666666667,-0.333333333333333333333333333,54.1500,0.7000,Other,,0,False,False
2222,13:00:38.000,13:00:38.000,13:00:38.000,0,23335.9000,23335.9000,23335.9000,23335.9000,715,0.0000,,,,,Other,,0,False,False
2223,13:00:40.000,13:00:39.000,13:00:40.000,1,23349.2000,23349.2000,23336.8000,23336.8000,1040,0.9000,25.816666666666666666666666667,,54.0500,,Other,,0,False,False
2224,13:00:41.000,13:00:40.000,13:00:41.000,1,23336.8000,23336.8000,23336.0000,23336.0000,2145,-0.8000,25.6500,-0.166666666666666666666666667,54.5500,0.5000,Other,,0,False,False
2225,13:00:41.000,13:00:41.000,13:00:41.000,0,23336.0000,23336.0000,23336.0000,23336.0000,1495,0.0000,,,,,Other,,0,False,False
2226,13:00:42.000,13:00:42.000,13:00:42.000,0,23336.2000,23336.2000,23336.2000,23336.2000,845,0.2000,25.7250,,54.0250,,Other,,0,False,False
2227,13:00:48.000,13:00:42.000,13:00:48.000,6,23336.2000,23349.9000,23335.9000,23349.9000,1105,13.7000,25.672222222222222222222222222,-0.052777777777777777777777778,54.072222222222222222222222222,0.047222222222222222222222222,A,A,1,False,False
2228,13:00:51.000,13:00:48.000,13:00:51.000,3,23349.9000,23349.9000,23336.7000,23336.8000,845,-13.1000,25.4300,-0.242222222222222222222222222,54.4600,0.387777777777777777777777778,Other,,0,False,False
2229,13:00:54.000,13:00:51.000,13:00:54.000,3,23336.8000,23337.1000,23336.8000,23337.1000,715,0.3000,25.8000,0.3700,53.7250,-0.7350,Other,,0,False,False
2230,13:01:03.000,13:00:54.000,13:01:03.000,9,23337.1000,23347.8000,23337.1000,23338.1000,910,1.0000,26.210344827586206896551724138,0.410344827586206896551724138,52.681034482758620689655172414,-1.043965517241379310344827586,Other,,0,False,False
2231,13:01:08.000,13:01:03.000,13:01:08.000,5,23338.1000,23346.7000,23338.1000,23346.7000,3705,8.6000,25.828571428571428571428571429,-0.381773399014778325123152709,53.46875,0.787715517241379310344827586,A,A,1,False,False
2232,13:01:08.000,13:01:08.000,13:01:08.000,0,23346.7000,23346.7000,23346.7000,23346.7000,3055,0.0000,,,,,Other,,0,False,False
2233,13:01:09.000,13:01:09.000,13:01:09.000,0,23346.7000,23346.7000,23346.7000,23346.7000,2405,0.0000,26.1750,,53.1250,,Other,,0,False,False
2234,13:01:09.000,13:01:09.000,13:01:09.000,0,23346.7000,23346.7000,23346.7000,23346.7000,1755,0.0000,,,,,Other,,0,False,False
2235,13:01:11.000,13:01:11.000,13:01:11.000,0,23346.7000,23346.7000,23346.7000,23346.7000,1105,0.0000,25.9500,,53.1500,,Other,,0,False,False
2236,13:01:13.000,13:01:11.000,13:01:13.000,2,23346.7000,23347.0000,23338.2000,23338.2000,2210,-8.5000,25.9500,0.0000,53.233333333333333333333333333,0.083333333333333333333333333,Other,,0,False,False
2237,13:01:13.000,13:01:13.000,13:01:13.000,0,23338.2000,23338.2000,23338.2000,23338.2000,1560,0.0000,,,,,Other,,0,False,False
2238,13:01:14.000,13:01:14.000,13:01:14.000,0,23348.6000,23348.6000,23348.6000,23348.6000,910,10.4000,25.9250,,53.5250,,Other,,0,False,False
2239,13:01:19.000,13:01:14.000,13:01:19.000,5,23348.6000,23349.7000,23338.4000,23339.9000,910,-8.7000,26.528571428571428571428571429,0.603571428571428571428571429,52.6500,-0.8750,B,B,1,False,False
2240,13:01:24.000,13:01:19.000,13:01:24.000,5,23339.9000,23341.0000,23339.9000,23341.0000,910,1.1000,26.65625,0.127678571428571428571428571,52.192857142857142857142857143,-0.457142857142857142857142857,Other,,0,False,False
2241,13:01:31.000,13:01:24.000,13:01:31.000,7,23341.0000,23349.5000,23340.6000,23340.6000,780,-0.4000,26.884782608695652173913043478,0.228532608695652173913043478,51.730434782608695652173913043,-0.462422360248447204968944100,B,B,1,False,False
2242,13:01:32.000,13:01:31.000,13:01:32.000,1,23340.6000,23340.6000,23339.9000,23339.9000,845,-0.7000,26.5000,-0.384782608695652173913043478,52.4500,0.719565217391304347826086957,Other,,0,False,False
2243,13:01:37.000,13:01:32.000,13:01:37.000,5,23339.9000,23347.8000,23339.6000,23347.8000,910,7.9000,26.44375,-0.05625,52.328571428571428571428571429,-0.121428571428571428571428571,Other,,0,False,False
2244,13:01:39.000,13:01:37.000,13:01:39.000,2,23347.8000,23347.8000,23340.1000,23340.1000,715,-7.7000,26.616666666666666666666666667,0.172916666666666666666666667,52.283333333333333333333333333,-0.045238095238095238095238096,B,B,1,False,False
2245,13:01:40.000,13:01:39.000,13:01:40.000,1,23340.1000,23340.1000,23338.8000,23338.8000,1950,-1.3000,26.1000,-0.516666666666666666666666667,53.4250,1.141666666666666666666666667,Other,,0,False,False
2246,13:01:40.000,13:01:40.000,13:01:40.000,0,23338.8000,23338.8000,23338.8000,23338.8000,1300,0.0000,,,,,Other,,0,False,False
2247,13:01:41.000,13:01:41.000,13:01:41.000,0,23338.6000,23338.6000,23338.6000,23338.6000,650,-0.2000,25.8500,,53.8500,,Other,,0,False,False
2248,13:01:42.000,13:01:41.000,13:01:42.000,1,23338.6000,23338.9000,23338.2000,23338.9000,2535,0.3000,26.2500,0.4000,52.8000,-1.0500,Other,,0,False,False
2249,13:01:42.000,13:01:42.000,13:01:42.000,0,23338.9000,23338.9000,23338.9000,23338.9000,1885,0.0000,,,,,Other,,0,False,False
2250,13:01:44.000,13:01:44.000,13:01:44.000,0,23338.3000,23338.3000,23338.3000,23338.3000,1235,-0.6000,25.9750,,53.7500,,Other,,0,False,False
2251,13:01:44.000,13:01:44.000,13:01:44.000,0,23338.3000,23338.3000,23338.2000,23338.2000,2665,-0.1000,,,,,Other,,0,False,False
2252,13:01:44.000,13:01:44.000,13:01:44.000,0,23338.2000,23338.2000,23338.2000,23338.2000,2015,0.0000,,,,,Other,,0,False,False
2253,13:01:45.000,13:01:45.000,13:01:45.000,0,23338.3000,23338.3000,23338.3000,23338.3000,2405,0.1000,25.8500,,53.8250,,Other,,0,False,False
2254,13:01:45.000,13:01:45.000,13:01:45.000,0,23338.3000,23338.3000,23338.3000,23338.3000,1755,0.0000,,,,,Other,,0,False,False
2255,13:01:46.000,13:01:46.000,13:01:46.000,0,23338.2000,23338.2000,23338.2000,23338.2000,1105,-0.1000,26.0000,,53.5000,,Other,,0,False,False
2256,13:01:50.000,13:01:46.000,13:01:50.000,4,23338.2000,23349.5000,23338.2000,23349.5000,780,11.3000,26.707142857142857142857142857,0.707142857142857142857142857,52.214285714285714285714285714,-1.285714285714285714285714286,Other,,0,False,False
2257,13:01:55.000,13:01:50.000,13:01:55.000,5,23349.5000,23350.0000,23343.7000,23343.7000,2275,-5.8000,27.592857142857142857142857143,0.885714285714285714285714286,50.391666666666666666666666667,-1.822619047619047619047619047,B,B,1,False,False
2258,13:01:55.000,13:01:55.000,13:01:55.000,0,23343.7000,23343.7000,23343.7000,23343.7000,1625,0.0000,,,,,Other,,0,False,False
2259,13:01:56.000,13:01:56.000,13:01:56.000,0,23343.8000,23343.8000,23343.8000,23343.8000,975,0.1000,28.1500,,49.3500,,Other,,0,False,False
2260,13:01:57.000,13:01:56.000,13:01:57.000,1,23343.8000,23344.4000,23343.8000,23344.4000,910,0.6000,28.2000,0.0500,49.2500,-0.1000,Other,,0,False,False
2261,13:01:58.000,13:01:57.000,13:01:58.000,1,23344.4000,23352.0000,23344.4000,23352.0000,1495,7.6000,28.3750,0.1750,48.8000,-0.4500,Other,,0,False,False
2262,13:01:58.000,13:01:58.000,13:01:58.000,0,23352.0000,23352.0000,23352.0000,23352.0000,845,0.0000,,,,,Other,,0,False,False
2263,13:02:00.000,13:01:59.000,13:02:00.000,1,23345.6000,23345.6000,23344.9000,23344.9000,650,-7.1000,28.192857142857142857142857143,,49.2000,,Other,,0,False,False
2264,13:02:08.000,13:02:00.000,13:02:08.000,8,23344.9000,23357.0000,23344.0000,23344.0000,975,-0.9000,28.219230769230769230769230769,0.026373626373626373626373626,49.465384615384615384615384615,0.265384615384615384615384615,Other,,0,False,False
2265,13:02:16.000,13:02:08.000,13:02:16.000,8,23344.0000,23345.1000,23344.0000,23344.9000,910,0.9000,28.766666666666666666666666667,0.547435897435897435897435898,49.011538461538461538461538462,-0.453846153846153846153846153,Other,,0,False,False
2266,13:02:18.000,13:02:16.000,13:02:18.000,2,23344.9000,23344.9000,23343.3000,23343.3000,1300,-1.6000,27.9625,-0.804166666666666666666666667,50.5000,1.488461538461538461538461538,Other,,0,False,False
2267,13:02:18.000,13:02:18.000,13:02:18.000,0,23343.3000,23343.3000,23343.3000,23343.3000,650,0.0000,,,,,Other,,0,False,False
2268,13:02:21.000,13:02:19.000,13:02:21.000,2,23342.5000,23343.1000,23342.5000,23342.6000,1300,-0.7000,27.5750,,50.8300,,Other,,0,False,False
2269,13:02:21.000,13:02:21.000,13:02:21.000,0,23342.6000,23342.6000,23342.6000,23342.6000,650,0.0000,,,,,Other,,0,False,False
2270,13:02:38.000,13:02:23.000,13:02:38.000,15,23342.6000,23354.5000,23342.3000,23342.8000,845,0.2000,27.779245283018867924528301887,,50.645098039215686274509803922,,Other,,0,False,False
2271,13:02:43.000,13:02:38.000,13:02:43.000,5,23342.8000,23353.8000,23341.7000,23342.3000,650,-0.5000,27.5625,-0.216745283018867924528301887,51.10625,0.461151960784313725490196078,Other,,0,False,False
2272,13:02:46.000,13:02:43.000,13:02:46.000,3,23342.3000,23353.4000,23341.5000,23341.5000,1300,-0.8000,27.3375,-0.2250,51.3900,0.28375,Other,,0,False,False
2273,13:02:46.000,13:02:46.000,13:02:46.000,0,23341.5000,23341.5000,23341.5000,23341.5000,650,0.0000,,,,,Other,,0,False,False
2274,13:02:51.000,13:02:47.000,13:02:51.000,4,23341.7000,23352.9000,23340.2000,23352.9000,1105,11.4000,27.20625,,51.70625,,Other,,0,False,False
2275,13:02:54.000,13:02:51.000,13:02:54.000,3,23352.9000,23352.9000,23340.7000,23340.7000,650,-12.2000,26.8500,-0.35625,52.4125,0.70625,Other,,0,False,False
2276,13:02:57.000,13:02:54.000,13:02:57.000,3,23340.7000,23352.9000,23340.0000,23340.0000,1560,-0.7000,26.6900,-0.1600,52.7200,0.3075,Other,,0,False,False
2277,13:02:57.000,13:02:57.000,13:02:57.000,0,23340.0000,23340.0000,23340.0000,23340.0000,910,0.0000,,,,,Other,,0,False,False
2278,13:02:59.000,13:02:59.000,13:02:59.000,0,23340.1000,23340.1000,23340.0000,23340.0000,845,0.0000,26.7000,,52.8000,,Other,,0,False,False
2279,13:03:01.000,13:02:59.000,13:03:01.000,2,23340.0000,23340.0000,23339.0000,23339.0000,910,-1.0000,26.588888888888888888888888889,-0.111111111111111111111111111,53.133333333333333333333333333,0.333333333333333333333333333,Other,,0,False,False
2280,13:03:05.000,13:03:01.000,13:03:05.000,4,23339.0000,23340.0000,23339.0000,23339.3000,1690,0.3000,26.7750,0.186111111111111111111111111,52.833333333333333333333333333,-0.300000000000000000000000000,Other,,0,False,False
2281,13:03:05.000,13:03:05.000,13:03:05.000,0,23339.3000,23339.3000,23339.3000,23339.3000,1040,0.0000,,,,,Other,,0,False,False
2282,13:03:07.000,13:03:06.000,13:03:07.000,1,23340.0000,23341.5000,23340.0000,23340.5000,845,1.2000,26.5500,,52.916666666666666666666666667,,Other,,0,False,False
2283,13:03:09.000,13:03:07.000,13:03:09.000,2,23340.5000,23340.5000,23338.7000,23339.7000,1300,-0.8000,26.3875,-0.1625,53.0625,0.145833333333333333333333333,Other,,0,False,False
2284,13:03:09.000,13:03:09.000,13:03:09.000,0,23339.7000,23339.7000,23339.7000,23339.7000,650,0.0000,,,,,Other,,0,False,False
2285,13:03:15.000,13:03:10.000,13:03:15.000,5,23349.7000,23349.7000,23338.0000,23338.0000,1430,-1.7000,26.322222222222222222222222222,,53.2750,,Other,,0,False,False
2286,13:03:15.000,13:03:15.000,13:03:15.000,0,23338.0000,23338.0000,23338.0000,23338.0000,780,0.0000,,,,,Other,,0,False,False
2287,13:03:20.000,13:03:16.000,13:03:20.000,4,23337.7000,23340.0000,23337.5000,23338.4000,780,0.4000,25.6500,,53.9875,,Other,,0,False,False
2288,13:03:31.000,13:03:20.000,13:03:31.000,11,23338.4000,23348.9000,23337.8000,23337.9000,845,-0.5000,25.898648648648648648648648649,0.248648648648648648648648649,53.467567567567567567567567568,-0.519932432432432432432432432,B,B,1,False,False
2289,13:03:33.000,13:03:31.000,13:03:33.000,2,23337.9000,23349.6000,23337.5000,23349.6000,1040,11.7000,25.8500,-0.048648648648648648648648649,53.583333333333333333333333333,0.115765765765765765765765765,A,A,1,False,False
2290,13:03:35.000,13:03:33.000,13:03:35.000,2,23349.6000,23349.6000,23337.1000,23337.1000,1885,-12.5000,25.4625,-0.3875,54.1250,0.541666666666666666666666667,Other,,0,False,False
2291,13:03:35.000,13:03:35.000,13:03:35.000,0,23337.1000,23337.1000,23337.1000,23337.1000,1235,0.0000,,,,,Other,,0,False,False
2292,13:03:36.000,13:03:36.000,13:03:36.000,0,23337.6000,23337.6000,23337.6000,23337.6000,1040,0.5000,25.7000,,53.8500,,Other,,0,False,False
2293,13:03:40.000,13:03:36.000,13:03:40.000,4,23337.6000,23337.7000,23337.3000,23337.3000,1495,-0.3000,25.614285714285714285714285714,-0.085714285714285714285714286,53.971428571428571428571428571,0.121428571428571428571428571,Other,,0,False,False
2294,13:03:40.000,13:03:40.000,13:03:40.000,0,23337.3000,23337.3000,23337.3000,23337.3000,845,0.0000,,,,,Other,,0,False,False
2295,13:03:41.000,13:03:41.000,13:03:41.000,0,23337.1000,23337.1000,23337.1000,23337.1000,650,-0.2000,25.5000,,54.5000,,Other,,0,False,False
2296,13:03:45.000,13:03:41.000,13:03:45.000,4,23337.1000,23337.6000,23337.1000,23337.6000,845,0.5000,25.457142857142857142857142857,-0.042857142857142857142857143,53.914285714285714285714285714,-0.585714285714285714285714286,Other,,0,False,False
2297,13:03:46.000,13:03:45.000,13:03:46.000,1,23337.6000,23337.6000,23337.2000,23337.6000,650,0.0000,25.1500,-0.307142857142857142857142857,53.9500,0.035714285714285714285714286,Other,,0,False,False
2298,13:03:48.000,13:03:46.000,13:03:48.000,2,23337.6000,23338.0000,23337.5000,23338.0000,1040,0.4000,25.5125,0.3625,53.7750,-0.1750,Other,,0,False,False
2299,13:03:51.000,13:03:48.000,13:03:51.000,3,23338.0000,23338.0000,23337.7000,23337.7000,1170,-0.3000,25.3875,-0.1250,53.6875,-0.0875,Other,,0,False,False
2300,13:03:53.000,13:03:51.000,13:03:53.000,2,23337.7000,23338.1000,23337.7000,23337.8000,845,0.1000,25.3500,-0.0375,53.6500,-0.0375,Other,,0,False,False
2301,13:03:56.000,13:03:53.000,13:03:56.000,3,23337.8000,23338.5000,23337.8000,23337.9000,1040,0.1000,25.4875,0.1375,53.3600,-0.2900,Other,,0,False,False
2302,13:03:59.000,13:03:56.000,13:03:59.000,3,23337.9000,23339.1000,23337.9000,23339.1000,650,1.2000,25.6625,0.1750,53.1875,-0.1725,Other,,0,False,False
2303,13:04:01.000,13:03:59.000,13:04:01.000,2,23339.1000,23339.1000,23337.6000,23337.6000,2080,-1.5000,25.483333333333333333333333333,-0.179166666666666666666666667,53.261111111111111111111111111,0.073611111111111111111111111,Other,,0,False,False
2304,13:04:01.000,13:04:01.000,13:04:01.000,0,23337.6000,23337.6000,23337.6000,23337.6000,1430,0.0000,,,,,Other,,0,False,False
2305,13:04:02.000,13:04:02.000,13:04:02.000,0,23347.5000,23347.5000,23347.5000,23347.5000,780,9.9000,25.5000,,53.0000,,Other,,0,False,False
2306,13:04:06.000,13:04:02.000,13:04:06.000,4,23347.5000,23347.5000,23338.8000,23339.1000,650,-8.4000,25.835714285714285714285714286,0.335714285714285714285714286,52.721428571428571428571428571,-0.278571428571428571428571429,B,B,1,False,False
2307,13:04:08.000,13:04:06.000,13:04:08.000,2,23339.1000,23339.1000,23338.4000,23338.4000,715,-0.7000,25.616666666666666666666666667,-0.219047619047619047619047619,53.316666666666666666666666667,0.595238095238095238095238096,Other,,0,False,False
2308,13:04:26.000,13:04:08.000,13:04:26.000,18,23338.4000,23349.0000,23338.3000,23341.0000,650,2.6000,26.506896551724137931034482759,0.890229885057471264367816092,51.832758620689655172413793103,-1.483908045977011494252873564,Other,,0,False,False
2309,13:04:27.000,13:04:26.000,13:04:27.000,1,23341.0000,23341.0000,23339.5000,23339.5000,1625,-1.5000,26.3500,-0.156896551724137931034482759,52.4500,0.617241379310344827586206897,Other,,0,False,False
2310,13:04:27.000,13:04:27.000,13:04:27.000,0,23339.5000,23339.5000,23339.5000,23339.5000,975,0.0000,,,,,Other,,0,False,False
2311,13:04:34.000,13:04:29.000,13:04:34.000,5,23339.5000,23343.0000,23339.5000,23340.0000,1430,0.5000,26.242105263157894736842105263,,52.252631578947368421052631579,,Other,,0,False,False
2312,13:04:34.000,13:04:34.000,13:04:34.000,0,23340.0000,23340.0000,23340.0000,23340.0000,780,0.0000,,,,,Other,,0,False,False
2313,13:04:39.000,13:04:35.000,13:04:39.000,4,23340.0000,23340.0000,23339.5000,23339.5000,1560,-0.5000,26.25625,,52.371428571428571428571428571,,Other,,0,False,False
2314,13:04:39.000,13:04:39.000,13:04:39.000,0,23339.5000,23339.5000,23339.5000,23339.5000,910,0.0000,,,,,Other,,0,False,False
2315,13:04:45.000,13:04:40.000,13:04:45.000,5,23339.5000,23350.0000,23339.5000,23343.9000,780,4.4000,26.6000,,51.9500,,Other,,0,False,False
2316,13:04:52.000,13:04:45.000,13:04:52.000,7,23343.9000,23351.9000,23343.9000,23351.9000,715,8.0000,26.645454545454545454545454545,0.045454545454545454545454545,51.886363636363636363636363636,-0.063636363636363636363636364,Other,,0,False,False
2317,13:05:07.000,13:04:52.000,13:05:07.000,15,23351.9000,23352.0000,23340.3000,23341.5000,715,-10.4000,26.725531914893617021276595745,0.080077369439071566731141200,51.946666666666666666666666667,0.060303030303030303030303031,Other,,0,False,False
2318,13:05:15.000,13:05:07.000,13:05:15.000,8,23341.5000,23341.5000,23340.5000,23341.0000,1170,-0.5000,26.9000,0.174468085106382978723404255,52.092307692307692307692307692,0.145641025641025641025641025,Other,,0,False,False
2319,13:05:16.000,13:05:15.000,13:05:16.000,1,23341.0000,23341.0000,23341.0000,23341.0000,650,0.0000,26.9000,0.0000,52.0500,-0.042307692307692307692307692,Other,,0,False,False
2320,13:05:18.000,13:05:16.000,13:05:18.000,2,23341.0000,23341.0000,23340.4000,23340.4000,1820,-0.6000,26.766666666666666666666666667,-0.133333333333333333333333333,52.4000,0.3500,Other,,0,False,False
2321,13:05:18.000,13:05:18.000,13:05:18.000,0,23340.4000,23340.4000,23340.4000,23340.4000,1170,0.0000,,,,,Other,,0,False,False
2322,13:05:20.000,13:05:19.000,13:05:20.000,1,23351.9000,23351.9000,23342.3000,23342.3000,780,1.9000,27.3500,,51.616666666666666666666666667,,Other,,0,False,False
2323,13:05:21.000,13:05:20.000,13:05:21.000,1,23342.3000,23342.3000,23341.6000,23341.7000,1105,-0.6000,27.2500,-0.1000,51.4500,-0.166666666666666666666666667,Other,,0,False,False
2324,13:05:24.000,13:05:21.000,13:05:24.000,3,23341.7000,23351.7000,23341.7000,23342.0000,845,0.3000,27.2900,0.0400,51.5100,0.0600,Other,,0,False,False
2325,13:05:26.000,13:05:24.000,13:05:26.000,2,23342.0000,23342.0000,23341.3000,23341.3000,1495,-0.7000,27.133333333333333333333333333,-0.156666666666666666666666667,51.9000,0.3900,Other,,0,False,False
2326,13:05:26.000,13:05:26.000,13:05:26.000,0,23341.3000,23341.3000,23341.3000,23341.3000,845,0.0000,,,,,Other,,0,False,False
2327,13:05:29.000,13:05:27.000,13:05:29.000,2,23353.0000,23353.0000,23341.0000,23341.0000,1495,-0.3000,27.0600,,52.0300,,Other,,0,False,False
2328,13:05:29.000,13:05:29.000,13:05:29.000,0,23341.0000,23341.0000,23341.0000,23341.0000,845,0.0000,,,,,Other,,0,False,False
2329,13:05:31.000,13:05:30.000,13:05:31.000,1,23340.8000,23340.8000,23340.8000,23340.8000,780,-0.2000,27.0000,,52.1500,,Other,,0,False,False
2330,13:05:44.000,13:05:31.000,13:05:44.000,13,23340.8000,23342.3000,23340.8000,23342.3000,650,1.5000,27.330952380952380952380952381,0.330952380952380952380952381,51.3225,-0.8275,Other,,0,False,False
2331,13:06:07.000,13:05:44.000,13:06:07.000,23,23342.3000,23354.9000,23342.1000,23342.5000,650,0.2000,27.556849315068493150684931507,0.225896934116112198303979126,50.891333333333333333333333333,-0.431166666666666666666666667,Other,,0,False,False
2332,13:06:21.000,13:06:07.000,13:06:21.000,14,23342.5000,23355.0000,23342.5000,23344.5000,650,2.0000,27.8475,0.290650684931506849315068493,50.457142857142857142857142857,-0.434190476190476190476190476,Other,,0,False,False
2333,13:06:26.000,13:06:21.000,13:06:26.000,5,23344.5000,23344.9000,23343.9000,23344.9000,845,0.4000,28.4250,0.5775,49.7250,-0.732142857142857142857142857,Other,,0,False,False
2334,13:06:28.000,13:06:26.000,13:06:28.000,2,23344.9000,23344.9000,23344.5000,23344.5000,1690,-0.4000,28.2500,-0.1750,49.8375,0.1125,Other,,0,False,False
2335,13:06:28.000,13:06:28.000,13:06:28.000,0,23344.5000,23344.5000,23344.5000,23344.5000,1040,0.0000,,,,,Other,,0,False,False
2336,13:06:30.000,13:06:29.000,13:06:30.000,1,23344.4000,23344.5000,23344.4000,23344.5000,1495,0.0000,28.1500,,50.035714285714285714285714286,,Other,,0,False,False
2337,13:06:30.000,13:06:30.000,13:06:30.000,0,23344.5000,23344.5000,23344.5000,23344.5000,845,0.0000,,,,,Other,,0,False,False
2338,13:06:33.000,13:06:30.000,13:06:33.000,3,23344.5000,23344.8000,23344.4000,23344.6000,1170,0.1000,28.4400,,49.5600,,Other,,0,False,False
2339,13:06:34.000,13:06:33.000,13:06:34.000,1,23344.6000,23356.9000,23344.6000,23356.9000,650,12.3000,28.5500,0.1100,49.4500,-0.1100,Other,,0,False,False
2340,13:06:38.000,13:06:34.000,13:06:38.000,4,23356.9000,23356.9000,23345.2000,23345.5000,715,-11.4000,28.592857142857142857142857143,0.042857142857142857142857143,49.216666666666666666666666667,-0.233333333333333333333333333,B,B,1,False,False
2341,13:06:44.000,13:06:38.000,13:06:44.000,6,23345.5000,23346.0000,23345.3000,23346.0000,715,0.5000,28.7625,0.169642857142857142857142857,48.888888888888888888888888889,-0.327777777777777777777777778,Other,,0,False,False
2342,13:07:00.000,13:06:44.000,13:07:00.000,16,23346.0000,23346.7000,23345.1000,23346.7000,715,0.7000,28.859803921568627450980392157,0.097303921568627450980392157,48.492452830188679245283018868,-0.396436058700209643605870021,Other,,0,False,False
2343,13:07:05.000,13:07:00.000,13:07:05.000,5,23346.7000,23347.0000,23346.7000,23346.8000,715,0.1000,28.966666666666666666666666667,0.106862745098039215686274510,48.10625,-0.386202830188679245283018868,Other,,0,False,False
2344,13:07:08.000,13:07:05.000,13:07:08.000,3,23346.8000,23346.8000,23346.5000,23346.5000,1170,-0.3000,28.7600,-0.206666666666666666666666667,48.3000,0.19375,Other,,0,False,False
2345,13:07:10.000,13:07:08.000,13:07:10.000,2,23346.5000,23357.0000,23346.5000,23357.0000,715,10.5000,29.7000,0.9400,46.566666666666666666666666667,-1.733333333333333333333333333,Other,,0,False,False
2346,13:07:20.000,13:07:10.000,13:07:20.000,10,23357.0000,23357.0000,23349.4000,23349.4000,1040,-7.6000,30.328125,0.628125,45.8125,-0.754166666666666666666666667,B,B,1,False,False
2347,13:07:29.000,13:07:20.000,13:07:29.000,9,23349.4000,23359.0000,23349.2000,23358.9000,975,9.5000,30.063333333333333333333333333,-0.264791666666666666666666667,46.5900,0.7775,A,A,1,False,False
2348,13:07:33.000,13:07:29.000,13:07:33.000,4,23358.9000,23358.9000,23349.5000,23349.5000,845,-9.4000,30.2500,0.186666666666666666666666667,46.311538461538461538461538462,-0.278461538461538461538461538,B,B,1,False,False
2349,13:07:41.000,13:07:33.000,13:07:41.000,8,23349.5000,23359.0000,23349.4000,23349.5000,650,0.0000,30.173076923076923076923076923,-0.076923076923076923076923077,46.457692307692307692307692308,0.146153846153846153846153846,Other,,0,False,False
2350,13:07:52.000,13:07:41.000,13:07:52.000,11,23349.5000,23358.7000,23349.5000,23351.7000,650,2.2000,31.291666666666666666666666667,1.118589743589743589743589744,44.852777777777777777777777778,-1.604914529914529914529914530,Other,,0,False,False
2351,13:08:02.000,13:07:52.000,13:08:02.000,10,23351.7000,23362.4000,23351.7000,23362.4000,910,10.7000,31.271212121212121212121212121,-0.020454545454545454545454546,45.287096774193548387096774194,0.434318996415770609318996416,A,A,1,False,False
2352,13:08:03.000,13:08:02.000,13:08:03.000,1,23362.4000,23362.4000,23350.0000,23350.0000,1235,-12.4000,30.6000,-0.671212121212121212121212121,46.4000,1.112903225806451612903225806,Other,,0,False,False
2353,13:08:07.000,13:08:03.000,13:08:07.000,4,23350.0000,23350.4000,23350.0000,23350.4000,1235,0.4000,30.621428571428571428571428571,0.021428571428571428571428571,46.216666666666666666666666667,-0.183333333333333333333333333,Other,,0,False,False
2354,13:08:10.000,13:08:07.000,13:08:10.000,3,23350.4000,23350.4000,23349.5000,23349.5000,2405,-0.9000,30.5375,-0.083928571428571428571428571,46.3100,0.093333333333333333333333333,Other,,0,False,False
2355,13:08:10.000,13:08:10.000,13:08:10.000,0,23349.5000,23349.5000,23349.5000,23349.5000,1755,0.0000,,,,,Other,,0,False,False
2356,13:08:11.000,13:08:11.000,13:08:11.000,0,23349.5000,23349.5000,23349.5000,23349.5000,1105,0.0000,30.5500,,46.3500,,Other,,0,False,False
2357,13:08:16.000,13:08:11.000,13:08:16.000,5,23349.5000,23351.1000,23349.5000,23351.1000,650,1.6000,30.68125,0.13125,46.04375,-0.30625,Other,,0,False,False
2358,13:08:19.000,13:08:16.000,13:08:19.000,3,23351.1000,23351.1000,23349.2000,23349.2000,715,-1.9000,30.6000,-0.08125,46.3000,0.25625,Other,,0,False,False
2359,13:08:31.000,13:08:19.000,13:08:31.000,12,23349.2000,23362.9000,23347.6000,23347.6000,1625,-1.6000,30.443589743589743589743589744,-0.156410256410256410256410256,46.543243243243243243243243243,0.243243243243243243243243243,Other,,0,False,False
2360,13:08:31.000,13:08:31.000,13:08:31.000,0,23347.6000,23347.6000,23347.6000,23347.6000,975,0.0000,,,,,Other,,0,False,False
2361,13:08:39.000,13:08:32.000,13:08:39.000,7,23361.0000,23361.0000,23348.6000,23348.6000,845,1.0000,30.290909090909090909090909091,,47.130769230769230769230769231,,Other,,0,False,False
2362,13:08:47.000,13:08:39.000,13:08:47.000,8,23348.6000,23352.1000,23348.6000,23350.0000,715,1.4000,30.772727272727272727272727273,0.481818181818181818181818182,46.426923076923076923076923077,-0.703846153846153846153846154,Other,,0,False,False
2363,13:09:08.000,13:08:47.000,13:09:08.000,21,23350.0000,23358.9000,23350.0000,23351.0000,780,1.0000,31.3421875,0.569460227272727272727272727,45.604347826086956521739130435,-0.822575250836120401337792642,Other,,0,False,False
2364,13:09:36.000,13:09:08.000,13:09:36.000,28,23351.0000,23351.2000,23351.0000,23351.0000,650,0.0000,31.516853932584269662921348315,0.174666432584269662921348315,45.479120879120879120879120879,-0.125226946966077400860009556,Other,,0,False,False
2365,13:10:00.000,13:09:36.000,13:10:00.000,24,23351.0000,23360.0000,23350.9000,23354.0000,715,3.0000,31.941333333333333333333333333,0.424479400749063670411985018,44.99025974025974025974025974,-0.488861138861138861138861139,Other,,0,False,False
2366,13:10:04.000,13:10:00.000,13:10:04.000,4,23354.0000,23354.0000,23353.0000,23353.0000,3510,-1.0000,32.2250,0.283666666666666666666666667,44.6250,-0.36525974025974025974025974,B,B,1,False,False
2367,13:10:04.000,13:10:04.000,13:10:04.000,0,23353.0000,23353.0000,23353.0000,23353.0000,2860,0.0000,,,,,Other,,0,False,False
2368,13:10:06.000,13:10:06.000,13:10:06.000,0,23353.0000,23353.0000,23353.0000,23353.0000,2210,0.0000,32.5000,,44.2500,,Other,,0,False,False
2369,13:10:06.000,13:10:06.000,13:10:06.000,0,23353.0000,23353.0000,23353.0000,23353.0000,1560,0.0000,,,,,Other,,0,False,False
2370,13:10:07.000,13:10:07.000,13:10:07.000,0,23360.0000,23360.0000,23360.0000,23360.0000,910,7.0000,32.7000,,44.0250,,Other,,0,False,False
2371,13:10:09.000,13:10:07.000,13:10:09.000,2,23360.0000,23360.0000,23352.6000,23352.6000,2080,-7.4000,32.4000,-0.3000,44.316666666666666666666666667,0.291666666666666666666666667,Other,,0,False,False
2372,13:10:09.000,13:10:09.000,13:10:09.000,0,23352.6000,23352.6000,23352.6000,23352.6000,1430,0.0000,,,,,Other,,0,False,False
2373,13:10:11.000,13:10:11.000,13:10:11.000,0,23352.6000,23352.6000,23352.6000,23352.6000,780,0.0000,32.6750,,44.0000,,Other,,0,False,False
2374,13:10:25.000,13:10:11.000,13:10:25.000,14,23352.6000,23365.0000,23352.6000,23353.4000,780,0.8000,32.752272727272727272727272727,0.077272727272727272727272727,43.668181818181818181818181818,-0.331818181818181818181818182,Other,,0,False,False
2375,13:10:34.000,13:10:25.000,13:10:34.000,9,23353.4000,23363.3000,23353.0000,23353.0000,2210,-0.4000,32.674137931034482758620689655,-0.078134796238244514106583072,43.772413793103448275862068966,0.104231974921630094043887148,Other,,0,False,False
2376,13:10:34.000,13:10:34.000,13:10:34.000,0,23353.0000,23353.0000,23353.0000,23353.0000,1560,0.0000,,,,,Other,,0,False,False
2377,13:10:35.000,13:10:35.000,13:10:35.000,0,23353.0000,23353.0000,23353.0000,23353.0000,910,0.0000,32.6750,,43.8750,,Other,,0,False,False
2378,13:10:40.000,13:10:35.000,13:10:40.000,5,23353.0000,23354.8000,23353.0000,23354.8000,650,1.8000,32.6125,-0.0625,44.0250,0.1500,A,A,1,False,False
2379,13:10:43.000,13:10:40.000,13:10:43.000,3,23354.8000,23364.5000,23351.2000,23364.5000,1495,9.7000,32.1500,-0.4625,44.6400,0.6150,A,A,2,True,False
2380,13:10:43.000,13:10:43.000,13:10:43.000,0,23364.5000,23364.5000,23364.5000,23364.5000,845,0.0000,,,,,Other,,0,False,False
2381,13:10:51.000,13:10:45.000,13:10:51.000,6,23364.5000,23364.5000,23351.5000,23352.9000,780,-11.6000,32.004545454545454545454545455,,44.868181818181818181818181818,,Other,,0,False,False
2382,13:11:02.000,13:10:51.000,13:11:02.000,11,23352.9000,23354.8000,23352.0000,23354.8000,1170,1.9000,32.057142857142857142857142857,0.052597402597402597402597402,44.956060606060606060606060606,0.087878787878787878787878788,Other,,0,False,False
2383,13:11:07.000,13:11:02.000,13:11:07.000,5,23354.8000,23354.8000,23350.3000,23350.3000,650,-4.5000,30.978571428571428571428571429,-1.078571428571428571428571428,46.307142857142857142857142857,1.351082251082251082251082251,Other,,0,False,False
2384,13:11:31.000,13:11:07.000,13:11:31.000,24,23350.3000,23362.5000,23350.3000,23362.5000,1365,12.2000,31.574657534246575342465753425,0.596086105675146771037181996,45.889873417721518987341772152,-0.417269439421338155515370705,Other,,0,False,False
2385,13:11:31.000,13:11:31.000,13:11:31.000,0,23362.5000,23362.5000,23362.5000,23362.5000,715,0.0000,,,,,Other,,0,False,False
2386,13:11:41.000,13:11:33.000,13:11:41.000,8,23362.5000,23362.5000,23362.5000,23362.5000,1040,0.0000,31.488461538461538461538461538,,46.083333333333333333333333333,,Other,,0,False,False
2387,13:11:44.000,13:11:41.000,13:11:44.000,3,23362.5000,23362.5000,23350.1000,23350.1000,715,-12.4000,31.1400,-0.348461538461538461538461538,46.4200,0.336666666666666666666666667,Other,,0,False,False
2388,13:11:47.000,13:11:44.000,13:11:47.000,3,23350.1000,23350.1000,23350.0000,23350.0000,1430,-0.1000,30.833333333333333333333333333,-0.306666666666666666666666667,46.7000,0.2800,Other,,0,False,False
2389,13:11:47.000,13:11:47.000,13:11:47.000,0,23350.0000,23350.0000,23350.0000,23350.0000,780,0.0000,,,,,Other,,0,False,False
2390,13:11:49.000,13:11:49.000,13:11:49.000,0,23350.0000,23350.0000,23350.0000,23350.0000,1105,0.0000,31.2750,,46.1750,,Other,,0,False,False
2391,13:11:59.000,13:11:49.000,13:11:59.000,10,23350.0000,23362.5000,23349.1000,23349.1000,2405,-0.9000,30.903333333333333333333333333,-0.371666666666666666666666667,46.578571428571428571428571429,0.403571428571428571428571429,Other,,0,False,False
2392,13:11:59.000,13:11:59.000,13:11:59.000,0,23349.1000,23349.1000,23349.1000,23349.1000,1755,0.0000,,,,,Other,,0,False,False
2393,13:12:00.000,13:12:00.000,13:12:00.000,0,23349.1000,23349.1000,23349.1000,23349.1000,1105,0.0000,30.666666666666666666666666667,,46.8500,,Other,,0,False,False
2394,13:12:13.000,13:12:01.000,13:12:13.000,12,23349.1000,23349.1000,23348.7000,23348.7000,780,-0.4000,30.4425,-0.224166666666666666666666667,47.0150,0.1650,Other,,0,False,False
2395,13:12:50.000,13:12:13.000,13:12:50.000,37,23348.7000,23362.5000,23348.7000,23361.0000,845,12.3000,31.152479338842975206611570248,0.709979338842975206611570248,46.432231404958677685950413223,-0.582768595041322314049586777,Other,,0,False,False
2396,13:13:09.000,13:12:50.000,13:13:09.000,19,23361.0000,23361.0000,23349.6000,23349.6000,1560,-11.4000,31.580952380952380952380952381,0.428473042109405745769382133,46.304098360655737704918032787,-0.128133044302939981032380436,B,B,1,False,False
2397,13:13:09.000,13:13:09.000,13:13:09.000,0,23349.6000,23349.6000,23349.6000,23349.6000,910,0.0000,,,,,Other,,0,False,False
2398,13:13:16.000,13:13:11.000,13:13:16.000,5,23349.6000,23355.0000,23348.7000,23355.0000,650,5.4000,30.7200,,47.561111111111111111111111111,,Other,,0,False,False
2399,13:13:32.000,13:13:16.000,13:13:32.000,16,23355.0000,23359.0000,23348.8000,23348.9000,910,-6.1000,30.95686274509803921568627451,0.23686274509803921568627451,47.288679245283018867924528302,-0.272431865828092243186582809,B,B,1,False,False
2400,13:13:36.000,13:13:32.000,13:13:36.000,4,23348.9000,23348.9000,23348.5000,23348.5000,780,-0.4000,30.8000,-0.15686274509803921568627451,47.408333333333333333333333333,0.119654088050314465408805031,Other,,0,False,False
2401,13:13:42.000,13:13:36.000,13:13:42.000,6,23348.5000,23348.5000,23348.0000,23348.0000,650,-0.5000,30.2900,-0.5100,47.8700,0.461666666666666666666666667,Other,,0,False,False
2402,13:13:48.000,13:13:42.000,13:13:48.000,6,23348.0000,23348.9000,23347.0000,23348.9000,715,0.9000,30.2750,-0.0150,47.7400,-0.1300,Other,,0,False,False
2403,13:14:00.000,13:13:48.000,13:14:00.000,12,23348.9000,23359.9000,23348.9000,23359.9000,1105,11.0000,30.675641025641025641025641026,0.400641025641025641025641026,47.407692307692307692307692308,-0.332307692307692307692307692,Other,,0,False,False
2404,13:14:22.000,13:14:00.000,13:14:22.000,22,23359.9000,23359.9000,23359.9000,23359.9000,650,0.0000,31.336764705882352941176470588,0.661123680241327300150829562,46.665714285714285714285714286,-0.741978021978021978021978022,Other,,0,False,False
2405,13:14:27.000,13:14:22.000,13:14:27.000,5,23359.9000,23359.9000,23359.9000,23359.9000,975,0.0000,32.59375,1.256985294117647058823529412,45.1125,-1.553214285714285714285714286,Other,,0,False,False
2406,13:14:37.000,13:14:27.000,13:14:37.000,10,23359.9000,23359.9000,23351.2000,23351.2000,650,-8.7000,32.461428571428571428571428571,-0.132321428571428571428571429,45.5400,0.4275,Other,,0,False,False
2407,13:14:52.000,13:14:37.000,13:14:52.000,15,23351.2000,23359.9000,23351.2000,23351.3000,1170,0.1000,32.680434782608695652173913043,0.219006211180124223602484472,45.0875,-0.4525,Other,,0,False,False
2408,13:15:01.000,13:14:52.000,13:15:01.000,9,23351.3000,23351.4000,23350.2000,23350.2000,1170,-1.1000,32.118518518518518518518518519,-0.561916264090177133655394524,45.675862068965517241379310345,0.588362068965517241379310345,Other,,0,False,False
2409,13:15:13.000,13:15:01.000,13:15:13.000,12,23350.2000,23350.4000,23350.2000,23350.4000,650,0.2000,31.836842105263157894736842105,-0.281676413255360623781676414,46.0975,0.421637931034482758620689655,A,A,1,False,False
2410,13:15:19.000,13:15:13.000,13:15:19.000,6,23350.4000,23359.8000,23350.4000,23351.2000,650,0.8000,32.427777777777777777777777778,0.590935672514619883040935673,45.194444444444444444444444444,-0.903055555555555555555555556,Other,,0,False,False
2411,13:15:29.000,13:15:19.000,13:15:29.000,10,23351.2000,23352.1000,23351.2000,23352.1000,650,0.9000,33.090625,0.662847222222222222222222222,44.3100,-0.884444444444444444444444444,Other,,0,False,False
2412,13:15:33.000,13:15:29.000,13:15:33.000,4,23352.1000,23363.0000,23352.1000,23363.0000,845,10.9000,33.8500,0.759375,43.415384615384615384615384615,-0.894615384615384615384615385,Other,,0,False,False
2413,13:15:44.000,13:15:33.000,13:15:44.000,11,23363.0000,23365.0000,23355.7000,23365.0000,780,2.0000,34.144117647058823529411764706,0.294117647058823529411764706,42.991666666666666666666666667,-0.423717948717948717948717948,Other,,0,False,False
2414,13:15:51.000,13:15:44.000,13:15:51.000,7,23365.0000,23367.9000,23353.7000,23353.7000,650,-11.3000,33.618181818181818181818181818,-0.525935828877005347593582888,43.6450,0.653333333333333333333333333,Other,,0,False,False
2415,13:16:10.000,13:15:51.000,13:16:10.000,19,23353.7000,23357.1000,23351.0000,23351.0000,650,-2.7000,32.370175438596491228070175439,-1.248006379585326953748006379,45.311864406779661016949152542,1.666864406779661016949152542,Other,,0,False,False
2416,13:16:17.000,13:16:10.000,13:16:17.000,7,23351.0000,23351.0000,23350.0000,23350.0000,845,-1.0000,31.141666666666666666666666667,-1.228508771929824561403508772,46.591666666666666666666666667,1.279802259887005649717514125,Other,,0,False,False
2417,13:16:25.000,13:16:17.000,13:16:25.000,8,23350.0000,23351.5000,23348.9000,23348.9000,1625,-1.1000,30.966666666666666666666666667,-0.175000000000000000000000000,46.8500,0.258333333333333333333333333,Other,,0,False,False
2418,13:16:25.000,13:16:25.000,13:16:25.000,0,23348.9000,23348.9000,23348.9000,23348.9000,975,0.0000,,,,,Other,,0,False,False
2419,13:16:26.000,13:16:26.000,13:16:26.000,0,23348.9000,23348.9000,23348.9000,23348.9000,1300,0.0000,30.6750,,47.0750,,Other,,0,False,False
2420,13:16:26.000,13:16:26.000,13:16:26.000,0,23348.9000,23348.9000,23348.9000,23348.9000,650,0.0000,,,,,Other,,0,False,False
2421,13:16:28.000,13:16:27.000,13:16:28.000,1,23361.9000,23361.9000,23361.9000,23361.9000,1300,13.0000,30.516666666666666666666666667,,47.233333333333333333333333333,,Other,,0,False,False
2422,13:16:28.000,13:16:28.000,13:16:28.000,0,23361.9000,23361.9000,23361.9000,23361.9000,650,0.0000,,,,,Other,,0,False,False
2423,13:16:42.000,13:16:29.000,13:16:42.000,13,23361.7000,23362.0000,23361.5000,23362.0000,650,0.1000,30.946808510638297872340425532,,46.798936170212765957446808511,,Other,,0,False,False
2424,13:17:06.000,13:16:42.000,13:17:06.000,24,23362.0000,23363.7000,23348.2000,23348.2000,715,-13.8000,31.276623376623376623376623377,0.329814865985078751036197845,46.621428571428571428571428571,-0.177507598784194528875379940,B,B,1,False,False
2425,13:17:09.000,13:17:06.000,13:17:09.000,3,23348.2000,23348.9000,23348.2000,23348.9000,910,0.7000,29.8875,-1.389123376623376623376623377,48.0800,1.458571428571428571428571429,A,A,1,False,False
2426,13:17:10.000,13:17:09.000,13:17:10.000,1,23348.9000,23348.9000,23346.6000,23346.6000,975,-2.3000,29.4000,-0.4875,48.4750,0.3950,Other,,0,False,False
2427,13:17:18.000,13:17:10.000,13:17:18.000,8,23346.6000,23359.0000,23345.4000,23345.4000,650,-1.2000,29.116666666666666666666666667,-0.283333333333333333333333333,49.019230769230769230769230769,0.544230769230769230769230769,Other,,0,False,False
2428,13:17:28.000,13:17:18.000,13:17:28.000,10,23345.4000,23347.7000,23345.4000,23345.7000,845,0.3000,29.59375,0.477083333333333333333333333,48.5250,-0.494230769230769230769230769,Other,,0,False,False
2429,13:17:52.000,13:17:28.000,13:17:52.000,24,23345.7000,23359.0000,23345.0000,23345.0000,1235,-0.7000,29.636986301369863013698630137,0.043236301369863013698630137,48.521518987341772151898734177,-0.003481012658227848101265823,B,B,1,False,False
2430,13:17:54.000,13:17:52.000,13:17:54.000,2,23345.0000,23345.2000,23344.0000,23345.2000,1365,0.2000,27.966666666666666666666666667,-1.670319634703196347031963470,50.433333333333333333333333333,1.911814345991561181434599156,A,A,1,False,False
2431,13:17:54.000,13:17:54.000,13:17:54.000,0,23345.2000,23345.2000,23345.2000,23345.2000,715,0.0000,,,,,Other,,0,False,False
2432,13:18:13.000,13:17:54.000,13:18:13.000,19,23343.2000,23356.1000,23343.1000,23353.9000,1625,8.7000,28.138135593220338983050847458,,49.90327868852459016393442623,,Other,,0,False,False
2433,13:18:13.000,13:18:13.000,13:18:13.000,0,23353.9000,23353.9000,23353.9000,23353.9000,975,0.0000,,,,,Other,,0,False,False
2434,13:18:17.000,13:18:15.000,13:18:17.000,2,23353.9000,23355.0000,23343.0000,23355.0000,780,1.1000,27.4800,,50.6700,,Other,,0,False,False
2435,13:18:37.000,13:18:17.000,13:18:37.000,20,23355.0000,23355.0000,23341.0000,23341.0000,975,-14.0000,27.332307692307692307692307692,-0.147692307692307692307692308,51.01885245901639344262295082,0.34885245901639344262295082,Other,,0,False,False
2436,13:18:44.000,13:18:37.000,13:18:44.000,7,23341.0000,23353.0000,23340.1000,23340.2000,1105,-0.8000,26.9100,-0.422307692307692307692307692,51.4250,0.40614754098360655737704918,Other,,0,False,False
2437,13:18:45.000,13:18:44.000,13:18:45.000,1,23340.2000,23352.9000,23340.2000,23342.1000,650,1.9000,26.9500,0.0400,51.1500,-0.2750,Other,,0,False,False
2438,13:19:25.000,13:18:45.000,13:19:25.000,40,23342.1000,23355.8000,23342.1000,23346.6000,975,4.5000,28.9508,2.0008,48.903543307086614173228346457,-2.246456692913385826771653543,Other,,0,False,False
2439,13:19:37.000,13:19:25.000,13:19:37.000,12,23346.6000,23355.8000,23346.6000,23355.8000,650,9.2000,29.702702702702702702702702703,0.751902702702702702702702703,48.243589743589743589743589744,-0.659953563496870583484756713,Other,,0,False,False
2440,13:20:01.000,13:19:37.000,13:20:01.000,24,23355.8000,23358.9000,23345.6000,23347.2000,975,-8.6000,29.725974025974025974025974026,0.023271323271323271323271323,48.177536231884057971014492754,-0.066053511705685618729096990,B,B,1,False,False
2441,13:20:10.000,13:20:01.000,13:20:10.000,9,23347.2000,23358.0000,23342.7000,23342.7000,715,-4.5000,28.860714285714285714285714286,-0.865259740259740259740259740,49.3500,1.172463768115942028985507246,Other,,0,False,False
2442,13:20:23.000,13:20:10.000,13:20:23.000,13,23342.7000,23354.9000,23342.3000,23354.6000,780,11.9000,28.0500,-0.810714285714285714285714286,50.5975,1.2475,A,A,1,False,False
2443,13:20:30.000,13:20:23.000,13:20:30.000,7,23354.6000,23354.6000,23341.0000,23352.8000,975,-1.8000,27.397368421052631578947368421,-0.652631578947368421052631579,51.589130434782608695652173913,0.991630434782608695652173913,Other,,0,False,False
2444,13:20:38.000,13:20:30.000,13:20:38.000,8,23352.8000,23352.8000,23341.0000,23350.0000,910,-2.8000,27.603846153846153846153846154,0.206477732793522267206477733,51.3000,-0.289130434782608695652173913,B,B,1,False,False
2445,13:20:55.000,13:20:38.000,13:20:55.000,17,23350.0000,23350.0000,23341.0000,23348.0000,650,-2.0000,28.001923076923076923076923077,0.398076923076923076923076923,50.760416666666666666666666667,-0.539583333333333333333333333,B,B,2,False,True
2446,13:21:05.000,13:20:55.000,13:21:05.000,10,23348.0000,23350.0000,23340.1000,23340.1000,1625,-7.9000,27.704545454545454545454545455,-0.297377622377622377622377622,51.091935483870967741935483871,0.331518817204301075268817204,Other,,0,False,False
2447,13:21:05.000,13:21:05.000,13:21:05.000,0,23340.1000,23340.1000,23340.1000,23340.1000,975,0.0000,,,,,Other,,0,False,False
2448,13:21:17.000,13:21:07.000,13:21:17.000,10,23340.1000,23352.0000,23340.0000,23341.0000,650,0.9000,27.380555555555555555555555556,,51.736111111111111111111111111,,Other,,0,False,False
2449,13:21:45.000,13:21:17.000,13:21:45.000,28,23341.0000,23349.0000,23340.0000,23349.0000,1495,8.0000,27.249438202247191011235955056,-0.131117353308364544319600500,51.713529411764705882352941176,-0.022581699346405228758169935,Other,,0,False,False
2450,13:21:45.000,13:21:45.000,13:21:45.000,0,23349.0000,23349.0000,23349.0000,23349.0000,845,0.0000,,,,,Other,,0,False,False
2451,13:22:09.000,13:21:47.000,13:22:09.000,22,23349.0000,23349.0000,23340.0000,23340.0000,715,-9.0000,26.992424242424242424242424242,,51.835211267605633802816901408,,Other,,0,False,False
2452,13:22:21.000,13:22:09.000,13:22:21.000,12,23340.0000,23347.0000,23340.0000,23340.0000,780,0.0000,27.021052631578947368421052632,0.028628389154704944178628390,51.811111111111111111111111111,-0.024100156494522691705790297,Other,,0,False,False
2453,13:22:56.000,13:22:21.000,13:22:56.000,35,23340.0000,23348.0000,23340.0000,23342.1000,1170,2.1000,26.88203883495145631067961165,-0.139013796627491057741440982,51.708849557522123893805309735,-0.102261553588987217305801376,Other,,0,False,False
2454,13:22:58.000,13:22:56.000,13:22:58.000,2,23342.1000,23348.0000,23342.1000,23348.0000,1625,5.9000,26.566666666666666666666666667,-0.315372168284789644012944983,51.733333333333333333333333333,0.024483775811209439528023598,A,A,1,False,False
2455,13:22:58.000,13:22:58.000,13:22:58.000,0,23348.0000,23348.0000,23348.0000,23348.0000,975,0.0000,,,,,Other,,0,False,False
2456,13:23:01.000,13:23:00.000,13:23:01.000,1,23348.0000,23348.0000,23340.0000,23340.0000,975,-8.0000,26.585714285714285714285714286,,51.7800,,Other,,0,False,False
2457,13:23:06.000,13:23:01.000,13:23:06.000,5,23340.0000,23348.0000,23340.0000,23348.0000,650,8.0000,27.3625,0.776785714285714285714285714,50.4875,-1.2925,Other,,0,False,False
2458,13:23:27.000,13:23:06.000,13:23:27.000,21,23348.0000,23350.0000,23340.1000,23340.1000,715,-7.9000,27.060606060606060606060606061,-0.301893939393939393939393939,51.0500,0.5625,Other,,0,False,False
2459,13:23:59.000,13:23:27.000,13:23:59.000,32,23340.1000,23352.9000,23340.0000,23340.5000,1170,0.4000,27.336868686868686868686868687,0.276262626262626262626262626,50.556310679611650485436893204,-0.493689320388349514563106796,Other,,0,False,False
2460,13:24:07.000,13:23:59.000,13:24:07.000,8,23340.5000,23342.7000,23340.5000,23342.0000,650,1.5000,27.164814814814814814814814815,-0.172053872053872053872053872,50.653703703703703703703703704,0.097393024092053218266810500,A,A,1,False,False
2461,13:24:11.000,13:24:07.000,13:24:11.000,4,23342.0000,23348.9000,23341.0000,23341.0000,715,-1.0000,26.8800,-0.284814814814814814814814815,51.291666666666666666666666667,0.637962962962962962962962963,Other,,0,False,False
2462,13:24:32.000,13:24:11.000,13:24:32.000,21,23341.0000,23349.0000,23340.2000,23340.2000,650,-0.8000,27.137692307692307692307692308,0.257692307692307692307692308,51.08731343283582089552238806,-0.204353233830845771144278607,B,B,1,False,False
2463,13:24:46.000,13:24:32.000,13:24:46.000,14,23340.2000,23349.0000,23340.2000,23349.0000,845,8.8000,27.713636363636363636363636364,0.575944055944055944055944056,50.302173913043478260869565217,-0.785139519792342634652822843,Other,,0,False,False
2464,13:24:56.000,13:24:46.000,13:24:56.000,10,23349.0000,23350.0000,23349.0000,23350.0000,910,1.0000,28.9000,1.186363636363636363636363636,48.336666666666666666666666667,-1.965507246376811594202898550,Other,,0,False,False
2465,13:25:04.000,13:24:56.000,13:25:04.000,8,23350.0000,23350.1000,23350.0000,23350.1000,715,0.1000,29.118518518518518518518518519,0.218518518518518518518518519,48.2680,-0.068666666666666666666666667,Other,,0,False,False
2466,13:25:17.000,13:25:04.000,13:25:17.000,13,23350.1000,23350.1000,23345.0000,23350.0000,715,-0.1000,28.9400,-0.178518518518518518518518519,48.721428571428571428571428571,0.453428571428571428571428571,Other,,0,False,False
2467,13:25:32.000,13:25:17.000,13:25:32.000,15,23350.0000,23350.0000,23343.5000,23350.0000,650,0.0000,28.488888888888888888888888889,-0.451111111111111111111111111,49.653061224489795918367346939,0.931632653061224489795918368,Other,,0,False,False
2468,13:25:46.000,13:25:32.000,13:25:46.000,14,23350.0000,23353.2000,23350.0000,23350.0000,715,0.0000,28.393181818181818181818181818,-0.095707070707070707070707071,49.766666666666666666666666667,0.113605442176870748299319728,Other,,0,False,False
2469,13:25:47.000,13:25:46.000,13:25:47.000,1,23350.0000,23350.0000,23343.0000,23343.0000,715,-7.0000,27.7000,-0.693181818181818181818181818,50.9500,1.183333333333333333333333333,Other,,0,False,False
2470,13:26:23.000,13:25:47.000,13:26:23.000,36,23343.0000,23350.0000,23343.0000,23344.4000,975,1.4000,28.670720720720720720720720721,0.970720720720720720720720721,49.180869565217391304347826087,-1.769130434782608695652173913,Other,,0,False,False
2471,13:26:38.000,13:26:23.000,13:26:38.000,15,23344.4000,23350.0000,23344.1000,23349.0000,1170,4.6000,28.3200,-0.350720720720720720720720721,49.773404255319148936170212766,0.592534690101757631822386679,A,A,1,False,False
2472,13:26:44.000,13:26:38.000,13:26:44.000,6,23349.0000,23349.0000,23342.9000,23342.9000,650,-6.1000,28.044444444444444444444444444,-0.275555555555555555555555556,50.005555555555555555555555556,0.232151300236406619385342790,Other,,0,False,False
2473,13:26:52.000,13:26:44.000,13:26:52.000,8,23342.9000,23342.9000,23342.0000,23342.0000,910,-0.9000,27.753846153846153846153846154,-0.290598290598290598290598290,50.188461538461538461538461538,0.182905982905982905982905982,Other,,0,False,False
2474,13:27:00.000,13:26:52.000,13:27:00.000,8,23342.0000,23349.8000,23342.0000,23349.8000,2080,7.8000,27.4500,-0.303846153846153846153846154,50.603703703703703703703703704,0.415242165242165242165242166,A,A,1,False,False
2475,13:27:00.000,13:27:00.000,13:27:00.000,0,23349.8000,23349.8000,23349.8000,23349.8000,1430,0.0000,,,,,Other,,0,False,False
2476,13:27:02.000,13:27:02.000,13:27:02.000,0,23349.8000,23349.8000,23349.8000,23349.8000,780,0.0000,27.5500,,50.4250,,Other,,0,False,False
2477,13:27:57.000,13:27:02.000,13:27:57.000,55,23349.8000,23349.8000,23344.0000,23345.6000,1300,-4.2000,28.674571428571428571428571429,1.124571428571428571428571429,49.03843930635838150289017341,-1.38656069364161849710982659,B,B,1,False,False
2478,13:27:57.000,13:27:57.000,13:27:57.000,0,23345.6000,23345.6000,23345.6000,23345.6000,650,0.0000,,,,,Other,,0,False,False
2479,13:28:20.000,13:27:59.000,13:28:20.000,21,23345.6000,23349.9000,23345.6000,23349.9000,650,4.3000,30.418115942028985507246376812,,46.615671641791044776119402985,,Other,,0,False,False
2480,13:28:35.000,13:28:20.000,13:28:35.000,15,23349.9000,23349.9000,23347.0000,23347.0000,845,-2.9000,29.888775510204081632653061224,-0.529340431824903874593315588,47.206122448979591836734693878,0.590450807188547060615290893,Other,,0,False,False
2481,13:29:06.000,13:28:35.000,13:29:06.000,31,23347.0000,23349.9000,23347.0000,23349.9000,715,2.9000,29.644329896907216494845360825,-0.244445613296865137807700399,48.151030927835051546391752577,0.944908478855459709657058699,A,A,1,False,False
2482,13:29:09.000,13:29:06.000,13:29:09.000,3,23349.9000,23349.9000,23346.0000,23346.0000,975,-3.9000,29.5875,-0.056829896907216494845360825,48.6400,0.488969072164948453608247423,Other,,0,False,False
2483,13:29:18.000,13:29:09.000,13:29:18.000,9,23346.0000,23349.9000,23346.0000,23349.9000,975,3.9000,29.639285714285714285714285714,0.051785714285714285714285714,48.596428571428571428571428571,-0.043571428571428571428571429,Other,,0,False,False
2484,13:29:34.000,13:29:18.000,13:29:34.000,16,23349.9000,23349.9000,23347.5000,23349.9000,650,0.0000,30.571698113207547169811320755,0.932412398921832884097035041,47.65686274509803921568627451,-0.939565826330532212885154061,Other,,0,False,False
2485,13:29:57.000,13:29:34.000,13:29:57.000,23,23349.9000,23349.9000,23347.9000,23348.1000,1105,-1.8000,30.835135135135135135135135135,0.263437021927587965323814380,47.508333333333333333333333333,-0.148529411764705882352941177,B,B,1,False,False
2486,13:30:11.000,13:29:57.000,13:30:11.000,14,23348.1000,23349.0000,23347.9000,23349.0000,715,0.9000,31.103488372093023255813953488,0.268353236957888120678818353,47.572222222222222222222222222,0.063888888888888888888888889,Other,,0,False,False
2487,13:30:13.000,13:30:11.000,13:30:13.000,2,23349.0000,23349.0000,23348.0000,23348.0000,1105,-1.0000,30.8750,-0.228488372093023255813953488,47.8125,0.240277777777777777777777778,Other,,0,False,False
2488,13:30:45.000,13:30:13.000,13:30:45.000,32,23348.0000,23353.9000,23348.0000,23353.8000,650,5.8000,31.21796116504854368932038835,0.34296116504854368932038835,47.597029702970297029702970297,-0.215470297029702970297029703,Other,,0,False,False
2489,13:31:11.000,13:30:45.000,13:31:11.000,26,23353.8000,23355.0000,23349.3000,23351.9000,650,-1.9000,32.225903614457831325301204819,1.007942449409287635980816469,46.268518518518518518518518519,-1.328511184451778511184451778,B,B,1,False,False
2490,13:31:24.000,13:31:11.000,13:31:24.000,13,23351.9000,23355.0000,23351.9000,23351.9000,650,0.0000,32.733333333333333333333333333,0.507429718875502008032128514,45.604761904761904761904761905,-0.663756613756613756613756614,Other,,0,False,False
2491,13:31:32.000,13:31:24.000,13:31:32.000,8,23351.9000,23352.0000,23350.0000,23350.0000,715,-1.9000,32.6760,-0.057333333333333333333333333,45.575925925925925925925925926,-0.028835978835978835978835979,Other,,0,False,False
2492,13:31:50.000,13:31:32.000,13:31:50.000,18,23350.0000,23358.0000,23350.0000,23358.0000,650,8.0000,32.316666666666666666666666667,-0.359333333333333333333333333,45.875862068965517241379310345,0.299936143039591315453384419,A,A,1,False,False
2493,13:32:01.000,13:31:50.000,13:32:01.000,11,23358.0000,23359.9000,23350.7000,23359.9000,715,1.9000,32.101515151515151515151515152,-0.215151515151515151515151515,45.961428571428571428571428571,0.085566502463054187192118226,A,A,2,True,False
2494,13:32:32.000,13:32:01.000,13:32:32.000,31,23359.9000,23360.0000,23350.3000,23353.8000,715,-6.1000,33.333333333333333333333333333,1.231818181818181818181818181,44.658080808080808080808080808,-1.303347763347763347763347763,B,B,1,False,False
2495,13:32:38.000,13:32:32.000,13:32:38.000,6,23353.8000,23353.8000,23353.0000,23353.0000,650,-0.8000,33.2100,-0.123333333333333333333333333,44.8750,0.216919191919191919191919192,Other,,0,False,False
2496,13:33:02.000,13:32:38.000,13:33:02.000,24,23353.0000,23359.9000,23351.0000,23351.0000,1170,-2.0000,33.018831168831168831168831169,-0.191168831168831168831168831,45.258904109589041095890410959,0.383904109589041095890410959,Other,,0,False,False
2497,13:33:04.000,13:33:02.000,13:33:04.000,2,23351.0000,23363.4000,23351.0000,23363.4000,845,12.4000,32.433333333333333333333333333,-0.585497835497835497835497836,45.9500,0.691095890410958904109589041,A,A,1,False,False
2498,13:33:07.000,13:33:04.000,13:33:07.000,3,23363.4000,23363.7000,23363.4000,23363.7000,1040,0.3000,32.5500,0.116666666666666666666666667,45.8800,-0.0700,Other,,0,False,False
2499,13:33:36.000,13:33:07.000,13:33:36.000,29,23363.7000,23363.7000,23351.0000,23362.9000,650,-0.8000,33.229473684210526315789473684,0.679473684210526315789473684,45.358947368421052631578947368,-0.521052631578947368421052632,B,B,1,False,False
2500,13:34:01.000,13:33:36.000,13:34:01.000,25,23362.9000,23362.9000,23352.1000,23352.4000,715,-10.5000,33.177215189873417721518987342,-0.052258494337108594270486342,45.456790123456790123456790123,0.097842755035737491877842755,Other,,0,False,False
2501,13:34:30.000,13:34:01.000,13:34:30.000,29,23352.4000,23360.0000,23352.4000,23352.7000,715,0.3000,33.941573033707865168539325843,0.764357843834447447020338501,44.455376344086021505376344086,-1.001413779370768618080446037,Other,,0,False,False
2502,13:34:32.000,13:34:30.000,13:34:32.000,2,23352.7000,23352.7000,23352.1000,23352.1000,715,-0.6000,32.8500,-1.091573033707865168539325843,45.683333333333333333333333333,1.227956989247311827956989247,Other,,0,False,False
2503,13:35:03.000,13:34:32.000,13:35:03.000,31,23352.1000,23361.9000,23351.2000,23351.2000,2340,-0.9000,33.523267326732673267326732673,0.673267326732673267326732673,45.190909090909090909090909091,-0.492424242424242424242424242,B,B,1,False,False
2504,13:35:03.000,13:35:03.000,13:35:03.000,0,23351.2000,23351.2000,23351.2000,23351.2000,1690,0.0000,,,,,Other,,0,False,False
2505,13:35:04.000,13:35:04.000,13:35:04.000,0,23351.1000,23351.1000,23351.1000,23351.1000,1040,-0.1000,31.9500,,46.7500,,Other,,0,False,False
2506,13:35:08.000,13:35:04.000,13:35:08.000,4,23351.1000,23351.1000,23351.0000,23351.0000,650,-0.1000,31.942857142857142857142857143,-0.007142857142857142857142857,46.778571428571428571428571429,0.028571428571428571428571429,Other,,0,False,False
2507,13:35:51.000,13:35:08.000,13:35:51.000,43,23351.0000,23359.8000,23351.0000,23352.3000,715,1.3000,33.06021897810218978102189781,1.117361835245046923879040667,45.737777777777777777777777778,-1.040793650793650793650793651,Other,,0,False,False
2508,13:36:28.000,13:35:51.000,13:36:28.000,37,23352.3000,23362.0000,23352.3000,23359.5000,650,7.2000,34.202100840336134453781512605,1.141881862233944672759614795,44.335294117647058823529411765,-1.402483660130718954248366013,Other,,0,False,False
2509,13:37:24.000,13:36:28.000,13:37:24.000,56,23359.5000,23360.0000,23351.6000,23351.6000,715,-7.9000,33.192307692307692307692307692,-1.009793148028442146089204913,45.779261363636363636363636364,1.443967245989304812834224599,Other,,0,False,False
2510,13:38:08.000,13:37:24.000,13:38:08.000,44,23351.6000,23362.9000,23351.6000,23353.0000,910,1.4000,34.221126760563380281690140845,1.028819068255687973997833153,44.974626865671641791044776119,-0.804634497964721845318860245,Other,,0,False,False
2511,13:38:27.000,13:38:08.000,13:38:27.000,19,23353.0000,23362.9000,23353.0000,23362.9000,910,9.9000,33.854838709677419354838709677,-0.366288050885960926851431168,44.814516129032258064516129032,-0.160110736639383726528647087,Other,,0,False,False
2512,13:38:29.000,13:38:27.000,13:38:29.000,2,23362.9000,23362.9000,23362.9000,23362.9000,975,0.0000,33.2000,-0.654838709677419354838709677,45.433333333333333333333333333,0.618817204301075268817204301,Other,,0,False,False
2513,13:38:36.000,13:38:29.000,13:38:36.000,7,23362.9000,23363.0000,23353.0000,23363.0000,650,0.1000,32.9480,-0.2520,45.5080,0.074666666666666666666666667,A,A,1,False,False
2514,13:38:45.000,13:38:36.000,13:38:45.000,9,23363.0000,23363.0000,23351.4000,23360.7000,1105,-2.3000,32.565384615384615384615384615,-0.382615384615384615384615385,45.776923076923076923076923077,0.268923076923076923076923077,Other,,0,False,False
2515,13:38:52.000,13:38:45.000,13:38:52.000,7,23360.7000,23362.9000,23351.3000,23362.9000,715,2.2000,32.341666666666666666666666667,-0.223717948717948717948717948,46.027272727272727272727272727,0.250349650349650349650349650,A,A,1,False,False
2516,13:39:35.000,13:38:52.000,13:39:35.000,43,23362.9000,23362.9000,23351.2000,23353.0000,650,-9.9000,32.995454545454545454545454545,0.653787878787878787878787878,45.432307692307692307692307692,-0.594965034965034965034965035,B,B,1,False,False
2517,13:40:04.000,13:39:35.000,13:40:04.000,29,23353.0000,23355.0000,23351.0000,23355.0000,780,2.0000,33.454838709677419354838709677,0.459384164222873900293255132,45.173626373626373626373626374,-0.258681318681318681318681318,Other,,0,False,False
2518,13:40:18.000,13:40:04.000,13:40:18.000,14,23355.0000,23359.9000,23355.0000,23359.9000,650,4.9000,34.086956521739130434782608696,0.632117812061711079943899019,44.7500,-0.423626373626373626373626374,Other,,0,False,False
2519,13:40:43.000,13:40:18.000,13:40:43.000,25,23359.9000,23359.9000,23353.0000,23353.1000,1300,-6.8000,33.999367088607594936708860759,-0.087589433131535498073747937,45.024096385542168674698795181,0.274096385542168674698795181,Other,,0,False,False
2520,13:40:43.000,13:40:43.000,13:40:43.000,0,23353.1000,23353.1000,23353.1000,23353.1000,650,0.0000,,,,,Other,,0,False,False
2521,13:40:51.000,13:40:44.000,13:40:51.000,7,23353.1000,23354.0000,23352.3000,23352.3000,715,-0.8000,33.7500,,45.270833333333333333333333333,,Other,,0,False,False
2522,13:41:14.000,13:40:51.000,13:41:14.000,23,23352.3000,23359.9000,23352.3000,23352.9000,780,0.6000,34.3460,0.5960,44.644927536231884057971014493,-0.625905797101449275362318840,Other,,0,False,False
2523,13:41:42.000,13:41:14.000,13:41:42.000,28,23352.9000,23361.0000,23352.6000,23352.6000,650,-0.3000,34.174712643678160919540229885,-0.171287356321839080459770115,44.885057471264367816091954023,0.240129935032483758120939530,Other,,0,False,False
2524,13:42:15.000,13:41:42.000,13:42:15.000,33,23352.6000,23359.9000,23352.6000,23359.3000,715,6.7000,34.323333333333333333333333333,0.148620689655172413793103448,44.770388349514563106796116505,-0.114669121749804709295837518,Other,,0,False,False
2525,13:42:22.000,13:42:15.000,13:42:22.000,7,23359.3000,23362.8000,23355.1000,23355.1000,1495,-4.2000,36.713636363636363636363636364,2.390303030303030303030303031,42.4250,-2.345388349514563106796116505,B,B,1,False,False
2526,13:42:22.000,13:42:22.000,13:42:22.000,0,23355.1000,23355.1000,23355.1000,23355.1000,845,0.0000,,,,,Other,,0,False,False
2527,13:42:24.000,13:42:23.000,13:42:24.000,1,23362.8000,23365.0000,23362.8000,23365.0000,1105,9.9000,37.5000,,41.8750,,Other,,0,False,False
2528,13:42:32.000,13:42:24.000,13:42:32.000,8,23365.0000,23365.0000,23359.9000,23359.9000,2795,-5.1000,37.7740,0.2740,41.651851851851851851851851852,-0.223148148148148148148148148,B,B,1,False,False
2529,13:42:32.000,13:42:32.000,13:42:32.000,0,23359.9000,23359.9000,23359.9000,23359.9000,2145,0.0000,,,,,Other,,0,False,False
2530,13:42:33.000,13:42:33.000,13:42:33.000,0,23359.9000,23359.9000,23359.9000,23359.9000,1495,0.0000,38.1000,,41.3500,,Other,,0,False,False
2531,13:42:33.000,13:42:33.000,13:42:33.000,0,23359.9000,23359.9000,23359.9000,23359.9000,845,0.0000,,,,,Other,,0,False,False
2532,13:42:54.000,13:42:35.000,13:42:54.000,19,23360.0000,23365.0000,23360.0000,23365.0000,650,5.1000,38.296774193548387096774193548,,40.959677419354838709677419355,,Other,,0,False,False
2533,13:43:01.000,13:42:54.000,13:43:01.000,7,23365.0000,23368.1000,23360.0000,23368.1000,2600,3.1000,37.269565217391304347826086957,-1.027208976157082748948106591,41.789130434782608695652173913,0.829453015427769985974754558,A,A,1,False,False
2534,13:43:01.000,13:43:01.000,13:43:01.000,0,23368.1000,23368.1000,23368.1000,23368.1000,1950,0.0000,,,,,Other,,0,False,False
2535,13:43:03.000,13:43:03.000,13:43:03.000,0,23368.1000,23368.1000,23368.1000,23368.1000,1300,0.0000,35.9500,,43.2000,,Other,,0,False,False
2536,13:43:03.000,13:43:03.000,13:43:03.000,0,23368.1000,23368.1000,23368.1000,23368.1000,650,0.0000,,,,,Other,,0,False,False
2537,13:43:23.000,13:43:04.000,13:43:23.000,19,23368.1000,23368.3000,23358.0000,23367.0000,650,-1.1000,36.261290322580645161290322581,,43.043333333333333333333333333,,Other,,0,False,False
2538,13:43:35.000,13:43:23.000,13:43:35.000,12,23367.0000,23367.6000,23357.1000,23367.6000,650,0.6000,35.546153846153846153846153846,-0.715136476426799007444168735,43.792307692307692307692307692,0.748974358974358974358974359,A,A,1,False,False
2539,13:43:48.000,13:43:35.000,13:43:48.000,13,23367.6000,23367.6000,23355.1000,23355.1000,1300,-12.5000,35.619047619047619047619047619,0.072893772893772893772893773,43.978947368421052631578947368,0.186639676113360323886639676,Other,,0,False,False
2540,13:43:48.000,13:43:48.000,13:43:48.000,0,23355.1000,23355.1000,23355.1000,23355.1000,650,0.0000,,,,,Other,,0,False,False
2541,13:44:04.000,13:43:50.000,13:44:04.000,14,23355.1000,23364.0000,23355.0000,23364.0000,845,8.9000,34.791489361702127659574468085,,44.655102040816326530612244898,,Other,,0,False,False
2542,13:44:25.000,13:44:04.000,13:44:25.000,21,23364.0000,23364.2000,23352.6000,23352.6000,780,-11.4000,33.910606060606060606060606061,-0.880883301096067053513862024,45.815151515151515151515151515,1.160049474335188620902906617,Other,,0,False,False
2543,13:44:41.000,13:44:25.000,13:44:41.000,16,23352.6000,23362.9000,23351.0000,23351.0000,780,-1.6000,34.146938775510204081632653061,0.236332714904143475572047000,45.993877551020408163265306122,0.178726035868893011750154607,Other,,0,False,False
2544,13:44:46.000,13:44:41.000,13:44:46.000,5,23351.0000,23351.0000,23350.0000,23350.0000,715,-1.0000,32.6125,-1.534438775510204081632653061,47.73125,1.737372448979591836734693878,Other,,0,False,False
2545,13:44:58.000,13:44:46.000,13:44:58.000,12,23350.0000,23358.4000,23346.0000,23346.0000,1300,-4.0000,31.544736842105263157894736842,-1.067763157894736842105263158,48.7500,1.01875,Other,,0,False,False
2546,13:44:58.000,13:44:58.000,13:44:58.000,0,23346.0000,23346.0000,23346.0000,23346.0000,650,0.0000,,,,,Other,,0,False,False
2547,13:45:04.000,13:45:00.000,13:45:04.000,4,23346.0000,23355.0000,23344.5000,23344.5000,715,-1.5000,30.617647058823529411764705882,,49.658823529411764705882352941,,Other,,0,False,False
2548,13:45:09.000,13:45:04.000,13:45:09.000,5,23344.5000,23345.0000,23344.5000,23344.5000,715,0.0000,29.2875,-1.330147058823529411764705882,50.81875,1.159926470588235294117647059,Other,,0,False,False
2549,13:45:26.000,13:45:09.000,13:45:26.000,17,23344.5000,23344.5000,23342.0000,23342.0000,715,-2.5000,29.227777777777777777777777778,-0.059722222222222222222222222,50.969642857142857142857142857,0.150892857142857142857142857,Other,,0,False,False
2550,13:45:42.000,13:45:26.000,13:45:42.000,16,23342.0000,23349.8000,23340.2000,23341.0000,650,-1.0000,28.238235294117647058823529412,-0.989542483660130718954248366,52.120408163265306122448979592,1.150765306122448979591836735,Other,,0,False,False
2551,13:45:55.000,13:45:42.000,13:45:55.000,13,23341.0000,23352.0000,23341.0000,23351.9000,1300,10.9000,28.845238095238095238095238095,0.607002801120448179271708683,51.583333333333333333333333333,-0.537074829931972789115646259,Other,,0,False,False
2552,13:45:55.000,13:45:55.000,13:45:55.000,0,23351.9000,23351.9000,23351.9000,23351.9000,650,0.0000,,,,,Other,,0,False,False
2553,13:46:13.000,13:45:57.000,13:46:13.000,16,23351.9000,23351.9000,23340.0000,23340.1000,845,-11.8000,28.664285714285714285714285714,,51.965454545454545454545454545,,Other,,0,False,False
2554,13:46:15.000,13:46:13.000,13:46:15.000,2,23340.1000,23340.1000,23340.0000,23340.0000,650,-0.1000,28.516666666666666666666666667,-0.147619047619047619047619047,52.383333333333333333333333333,0.417878787878787878787878788,Other,,0,False,False
2555,13:46:33.000,13:46:15.000,13:46:33.000,18,23340.0000,23354.4000,23340.0000,23354.4000,650,14.4000,28.783333333333333333333333333,0.266666666666666666666666666,51.803508771929824561403508772,-0.579824561403508771929824561,Other,,0,False,False
2556,13:46:53.000,13:46:33.000,13:46:53.000,20,23354.4000,23354.4000,23339.9000,23350.0000,845,-4.4000,28.232258064516129032258064516,-0.551075268817204301075268817,52.770967741935483870967741935,0.967458970005659309564233163,Other,,0,False,False
2557,13:47:18.000,13:46:53.000,13:47:18.000,25,23350.0000,23350.0000,23339.0000,23339.0000,1040,-11.0000,28.525308641975308641975308642,0.293050577459179609717244126,52.561728395061728395061728395,-0.209239346873755475906013540,B,B,1,False,False
2558,13:47:41.000,13:47:18.000,13:47:41.000,23,23339.0000,23348.0000,23339.0000,23348.0000,975,9.0000,29.781333333333333333333333333,1.256024691358024691358024691,50.773943661971830985915492958,-1.787784733089897409146235437,Other,,0,False,False
2559,13:47:52.000,13:47:41.000,13:47:52.000,11,23348.0000,23348.0000,23340.6000,23348.0000,975,0.0000,29.333333333333333333333333333,-0.448000000000000000000000000,51.638235294117647058823529412,0.864291632145816072908036454,Other,,0,False,False
2560,13:47:59.000,13:47:52.000,13:47:59.000,7,23348.0000,23348.0000,23340.3000,23340.3000,1040,-7.7000,29.3875,0.054166666666666666666666667,51.5125,-0.125735294117647058823529412,B,B,1,False,False
2561,13:48:18.000,13:47:59.000,13:48:18.000,19,23340.3000,23340.3000,23338.8000,23338.8000,1495,-1.5000,28.655932203389830508474576271,-0.731567796610169491525423729,52.086885245901639344262295082,0.574385245901639344262295082,Other,,0,False,False
2562,13:48:18.000,13:48:18.000,13:48:18.000,0,23338.8000,23338.8000,23338.8000,23338.8000,845,0.0000,,,,,Other,,0,False,False
2563,13:48:25.000,13:48:20.000,13:48:25.000,5,23338.8000,23348.7000,23337.4000,23337.4000,780,-1.4000,26.8800,,54.3250,,Other,,0,False,False
2564,13:48:38.000,13:48:25.000,13:48:38.000,13,23337.4000,23348.8000,23337.4000,23348.8000,650,11.4000,26.5500,-0.3300,54.463414634146341463414634146,0.138414634146341463414634146,A,A,1,False,False
2565,13:48:55.000,13:48:38.000,13:48:55.000,17,23348.8000,23348.8000,23337.5000,23348.4000,845,-0.4000,26.877777777777777777777777778,0.327777777777777777777777778,54.1875,-0.275914634146341463414634146,B,B,1,False,False
2566,13:49:00.000,13:48:55.000,13:49:00.000,5,23348.4000,23348.4000,23332.9000,23332.9000,6240,-15.5000,25.947058823529411764705882353,-0.930718954248366013071895425,56.229411764705882352941176471,2.041911764705882352941176471,Other,,0,False,False
2567,13:49:00.000,13:49:00.000,13:49:00.000,0,23332.9000,23332.9000,23332.9000,23332.9000,5590,0.0000,,,,,Other,,0,False,False
2568,13:49:01.000,13:49:01.000,13:49:01.000,0,23331.1000,23331.1000,23331.1000,23331.1000,4940,-1.8000,24.0500,,,,Other,,0,False,False
2569,13:49:01.000,13:49:01.000,13:49:01.000,0,23331.1000,23331.1000,23331.1000,23331.1000,4290,0.0000,,,,,Other,,0,False,False
2570,13:49:02.000,13:49:02.000,13:49:02.000,0,23330.0000,23330.0000,23330.0000,23330.0000,7085,-1.1000,23.7500,,59.9000,,Other,,0,False,False
2571,13:49:02.000,13:49:02.000,13:49:02.000,0,23330.0000,23330.0000,23330.0000,23330.0000,6435,0.0000,,,,,Other,,0,False,False
2572,13:49:04.000,13:49:04.000,13:49:04.000,0,23330.0000,23330.0000,23330.0000,23330.0000,5980,0.0000,,,60.2000,,Other,,0,False,False
2573,13:49:04.000,13:49:04.000,13:49:04.000,0,23330.0000,23330.0000,23330.0000,23330.0000,5330,0.0000,,,,,Other,,0,False,False
2574,13:49:04.000,13:49:04.000,13:49:04.000,0,23329.1000,23329.1000,23329.1000,23329.1000,4680,-0.9000,,,,,Other,,0,False,False
2575,13:49:04.000,13:49:04.000,13:49:04.000,0,23329.1000,23329.1000,23329.1000,23329.1000,4030,0.0000,,,,,Other,,0,False,False
2576,13:49:05.000,13:49:05.000,13:49:05.000,0,23328.0000,23328.0000,23328.0000,23328.0000,3380,-1.1000,24.1500,,59.5000,,Other,,0,False,False
2577,13:49:05.000,13:49:05.000,13:49:05.000,0,23328.0000,23328.0000,23328.0000,23328.0000,2730,0.0000,,,,,Other,,0,False,False
2578,13:49:05.000,13:49:05.000,13:49:05.000,0,23328.0000,23328.0000,23328.0000,23328.0000,4745,0.0000,,,,,Other,,0,False,False
2579,13:49:05.000,13:49:05.000,13:49:05.000,0,23328.0000,23328.0000,23328.0000,23328.0000,4095,0.0000,,,,,Other,,0,False,False
2580,13:49:06.000,13:49:06.000,13:49:06.000,0,23331.2000,23331.2000,23331.2000,23331.2000,3445,3.2000,24.0500,,59.6750,,Other,,0,False,False
2581,13:49:06.000,13:49:06.000,13:49:06.000,0,23331.2000,23331.2000,23331.2000,23331.2000,2795,0.0000,,,,,Other,,0,False,False
2582,13:49:07.000,13:49:07.000,13:49:07.000,0,23331.2000,23331.2000,23331.2000,23331.2000,2340,0.0000,24.4250,,59.0500,,Other,,0,False,False
2583,13:49:07.000,13:49:07.000,13:49:07.000,0,23331.2000,23331.2000,23331.2000,23331.2000,1690,0.0000,,,,,Other,,0,False,False
2584,13:49:09.000,13:49:09.000,13:49:09.000,0,23331.2000,23331.2000,23331.2000,23331.2000,1040,0.0000,25.1000,,56.9500,,Other,,0,False,False
2585,13:49:14.000,13:49:09.000,13:49:14.000,5,23331.2000,23340.0000,23328.6000,23328.6000,845,-2.6000,25.10625,0.00625,57.46875,0.51875,Other,,0,False,False
2586,13:49:20.000,13:49:14.000,13:49:20.000,6,23328.6000,23339.9000,23328.6000,23339.9000,715,11.3000,25.488888888888888888888888889,0.382638888888888888888888889,57.233333333333333333333333333,-0.235416666666666666666666667,Other,,0,False,False
2587,13:49:56.000,13:49:20.000,13:49:56.000,36,23339.9000,23345.2000,23332.2000,23332.2000,650,-7.7000,26.15130434782608695652173913,0.662415458937198067632850241,56.925225225225225225225225225,-0.308108108108108108108108108,B,B,1,False,False
2588,13:50:17.000,13:49:56.000,13:50:17.000,21,23332.2000,23342.5000,23332.2000,23342.5000,1625,10.3000,26.346153846153846153846153846,0.194849498327759197324414716,56.533333333333333333333333333,-0.391891891891891891891891892,Other,,0,False,False
2589,13:50:17.000,13:50:17.000,13:50:17.000,0,23342.5000,23342.5000,23342.5000,23342.5000,975,0.0000,,,,,Other,,0,False,False
2590,13:50:20.000,13:50:18.000,13:50:20.000,2,23333.0000,23342.2000,23330.0000,23342.2000,1950,-0.3000,24.9400,,59.2700,,Other,,0,False,False
2591,13:50:20.000,13:50:20.000,13:50:20.000,0,23342.2000,23342.2000,23342.2000,23342.2000,1300,0.0000,,,,,Other,,0,False,False
2592,13:50:22.000,13:50:22.000,13:50:22.000,0,23342.2000,23342.2000,23342.2000,23342.2000,715,0.0000,,,,,Other,,0,False,False
2593,13:50:25.000,13:50:22.000,13:50:25.000,3,23342.2000,23342.2000,23335.0000,23335.0000,1365,-7.2000,25.4700,,58.1875,,Other,,0,False,False
2594,13:50:25.000,13:50:25.000,13:50:25.000,0,23335.0000,23335.0000,23335.0000,23335.0000,715,0.0000,,,,,Other,,0,False,False
2595,13:50:43.000,13:50:27.000,13:50:43.000,16,23335.0000,23340.0000,23330.0000,23330.0000,650,-5.0000,25.611818181818181818181818182,,58.319811320754716981132075472,,Other,,0,False,False
2596,13:51:02.000,13:50:43.000,13:51:02.000,19,23330.0000,23330.1000,23329.1000,23329.1000,780,-0.9000,25.618032786885245901639344262,0.006214605067064083457526080,58.581355932203389830508474576,0.261544611448672849376399104,Other,,0,False,False
2597,13:51:07.000,13:51:02.000,13:51:07.000,5,23329.1000,23339.0000,23327.7000,23327.7000,1105,-1.4000,25.10625,-0.511782786885245901639344262,60.2125,1.631144067796610169491525424,Other,,0,False,False
2598,13:51:09.000,13:51:07.000,13:51:09.000,2,23327.7000,23330.0000,23327.7000,23330.0000,1560,2.3000,25.2000,0.09375,60.1625,-0.0500,Other,,0,False,False
2599,13:51:09.000,13:51:09.000,13:51:09.000,0,23330.0000,23330.0000,23330.0000,23330.0000,910,0.0000,,,,,Other,,0,False,False
2600,13:51:18.000,13:51:10.000,13:51:18.000,8,23330.0000,23330.0000,23327.9000,23327.9000,780,-2.1000,25.266666666666666666666666667,,60.107142857142857142857142857,,Other,,0,False,False
2601,13:51:41.000,13:51:18.000,13:51:41.000,23,23327.9000,23339.0000,23327.9000,23328.2000,1690,0.3000,25.54710144927536231884057971,0.280434782608695652173913043,59.9680,-0.139142857142857142857142857,Other,,0,False,False
2602,13:51:41.000,13:51:41.000,13:51:41.000,0,23328.2000,23328.2000,23328.2000,23328.2000,1040,0.0000,,,,,Other,,0,False,False
2603,13:51:43.000,13:51:41.000,13:51:43.000,2,23325.0000,23325.0000,23322.1000,23322.1000,4680,-6.1000,46.7500,,35.516666666666666666666666667,,Other,,0,False,False
2604,13:51:43.000,13:51:43.000,13:51:43.000,0,23322.1000,23322.1000,23322.1000,23322.1000,4030,0.0000,,,,,Other,,0,False,False
2605,13:51:43.000,13:51:43.000,13:51:43.000,0,23322.2000,23322.2000,23322.2000,23322.2000,3380,0.1000,,,,,Other,,0,False,False
2606,13:51:43.000,13:51:43.000,13:51:43.000,0,23322.2000,23322.2000,23322.2000,23322.2000,2730,0.0000,,,,,Other,,0,False,False
2607,13:51:44.000,13:51:44.000,13:51:44.000,0,23322.4000,23322.4000,23322.4000,23322.4000,2405,0.2000,47.8000,,34.6000,,Other,,0,False,False
2608,13:51:44.000,13:51:44.000,13:51:44.000,0,23322.4000,23322.4000,23322.4000,23322.4000,1755,0.0000,,,,,Other,,0,False,False
2609,13:51:46.000,13:51:46.000,13:51:46.000,0,23322.4000,23322.4000,23322.4000,23322.4000,1105,0.0000,47.5750,,34.8750,,Other,,0,False,False
2610,13:51:48.000,13:51:46.000,13:51:48.000,2,23322.4000,23332.4000,23322.2000,23332.4000,650,10.0000,24.7500,,62.0000,,Other,,0,False,False
2611,13:52:02.000,13:51:48.000,13:52:02.000,14,23332.4000,23332.4000,23320.4000,23331.2000,2015,-1.2000,24.614444444444444444444444444,-0.135555555555555555555555556,62.331914893617021276595744681,0.331914893617021276595744681,Other,,0,False,False
2612,13:52:02.000,13:52:02.000,13:52:02.000,0,23331.2000,23331.2000,23331.2000,23331.2000,1365,0.0000,,,,,Other,,0,False,False
2613,13:52:04.000,13:52:04.000,13:52:04.000,0,23331.2000,23331.2000,23331.2000,23331.2000,715,0.0000,25.0000,,61.5000,,Other,,0,False,False
2614,13:52:27.000,13:52:04.000,13:52:27.000,23,23331.2000,23331.2000,23323.1000,23331.0000,650,-0.2000,25.318571428571428571428571429,0.318571428571428571428571429,61.015277777777777777777777778,-0.484722222222222222222222222,B,B,1,False,False
2615,13:52:35.000,13:52:27.000,13:52:35.000,8,23331.0000,23331.0000,23331.0000,23331.0000,780,0.0000,25.789130434782608695652173913,0.470559006211180124223602484,59.993478260869565217391304348,-1.021799516908212560386473430,Other,,0,False,False
2616,13:52:40.000,13:52:35.000,13:52:40.000,5,23331.0000,23331.0000,23322.6000,23322.6000,6240,-8.4000,48.74375,,34.2250,,Other,,0,False,False
2617,13:52:40.000,13:52:40.000,13:52:40.000,0,23322.6000,23322.6000,23322.6000,23322.6000,5590,0.0000,,,,,Other,,0,False,False
2618,13:52:41.000,13:52:41.000,13:52:41.000,0,23322.6000,23322.6000,23322.6000,23322.6000,4940,0.0000,48.6750,,34.6750,,Other,,0,False,False
2619,13:52:41.000,13:52:41.000,13:52:41.000,0,23322.6000,23322.6000,23322.6000,23322.6000,4290,0.0000,,,,,Other,,0,False,False
2620,13:52:43.000,13:52:43.000,13:52:43.000,0,23322.6000,23322.6000,23322.6000,23322.6000,3640,0.0000,49.0000,,34.5500,,Other,,0,False,False
2621,13:52:43.000,13:52:43.000,13:52:43.000,0,23322.6000,23322.6000,23322.6000,23322.6000,2990,0.0000,,,,,Other,,0,False,False
2622,13:52:45.000,13:52:45.000,13:52:45.000,0,23322.6000,23322.6000,23322.6000,23322.6000,2340,0.0000,,,34.5500,,Other,,0,False,False
2623,13:52:45.000,13:52:45.000,13:52:45.000,0,23322.6000,23322.6000,23322.6000,23322.6000,1690,0.0000,,,,,Other,,0,False,False
2624,13:52:45.000,13:52:45.000,13:52:45.000,0,23336.6000,23336.6000,23336.6000,23336.6000,1040,14.0000,,,,,Other,,0,False,False
2625,13:53:07.000,13:52:45.000,13:53:07.000,22,23336.6000,23336.7000,23326.1000,23336.7000,650,0.1000,25.932307692307692307692307692,,60.347761194029850746268656716,,Other,,0,False,False
2626,13:53:20.000,13:53:07.000,13:53:20.000,13,23336.7000,23338.2000,23328.0000,23338.2000,715,1.5000,25.397368421052631578947368421,-0.534939271255060728744939271,61.576190476190476190476190476,1.228429282160625444207533760,A,A,1,False,False
2627,13:53:38.000,13:53:20.000,13:53:38.000,18,23338.2000,23338.6000,23329.2000,23329.2000,780,-9.0000,25.647272727272727272727272727,0.249904306220095693779904306,60.997368421052631578947368421,-0.578822055137844611528822055,B,B,1,False,False
2628,13:53:47.000,13:53:38.000,13:53:47.000,9,23329.2000,23329.2000,23324.0000,23324.0000,1040,-5.2000,47.428571428571428571428571429,,36.142857142857142857142857143,,Other,,0,False,False
2629,13:53:50.000,13:53:47.000,13:53:50.000,3,23324.0000,23324.0000,23317.1000,23317.1000,9165,-6.9000,44.8000,-2.628571428571428571428571429,39.083333333333333333333333333,2.940476190476190476190476190,Other,,0,False,False
2630,13:53:50.000,13:53:50.000,13:53:50.000,0,23317.1000,23317.1000,23317.1000,23317.1000,8515,0.0000,,,,,Other,,0,False,False
2631,13:53:51.000,13:53:51.000,13:53:51.000,0,23317.2000,23317.2000,23317.2000,23317.2000,7865,0.1000,41.9750,,41.8750,,Other,,0,False,False
2632,13:53:51.000,13:53:51.000,13:53:51.000,0,23317.2000,23317.2000,23317.2000,23317.2000,7215,0.0000,,,,,Other,,0,False,False
2633,13:53:52.000,13:53:52.000,13:53:52.000,0,23314.2000,23314.2000,23314.2000,23314.2000,6565,-3.0000,42.5500,,41.7000,,Other,,0,False,False
2634,13:53:52.000,13:53:52.000,13:53:52.000,0,23314.2000,23314.2000,23314.2000,23314.2000,5915,0.0000,,,,,Other,,0,False,False
2635,13:53:52.000,13:53:52.000,13:53:52.000,0,23314.2000,23314.2000,23314.2000,23314.2000,7215,0.0000,,,,,Other,,0,False,False
2636,13:53:52.000,13:53:52.000,13:53:52.000,0,23314.2000,23314.2000,23314.2000,23314.2000,6565,0.0000,,,,,Other,,0,False,False
2637,13:53:53.000,13:53:53.000,13:53:53.000,0,23311.7000,23311.7000,23311.7000,23311.7000,5915,-2.5000,41.9500,,42.1500,,Other,,0,False,False
2638,13:53:53.000,13:53:53.000,13:53:53.000,0,23311.7000,23311.7000,23311.7000,23311.7000,5265,0.0000,,,,,Other,,0,False,False
2639,13:53:53.000,13:53:53.000,13:53:53.000,0,23311.7000,23311.7000,23311.7000,23311.7000,4810,0.0000,,,,,Other,,0,False,False
2640,13:53:53.000,13:53:53.000,13:53:53.000,0,23311.7000,23311.7000,23311.7000,23311.7000,4160,0.0000,,,,,Other,,0,False,False
2641,13:53:55.000,13:53:55.000,13:53:55.000,0,23313.0000,23313.0000,23313.0000,23313.0000,3510,1.3000,41.6750,,42.2000,,Other,,0,False,False
2642,13:53:55.000,13:53:55.000,13:53:55.000,0,23313.0000,23313.0000,23313.0000,23313.0000,2860,0.0000,,,,,Other,,0,False,False
2643,13:53:55.000,13:53:55.000,13:53:55.000,0,23313.0000,23313.0000,23313.0000,23313.0000,2600,0.0000,,,,,Other,,0,False,False
2644,13:53:55.000,13:53:55.000,13:53:55.000,0,23313.0000,23313.0000,23313.0000,23313.0000,1950,0.0000,,,,,Other,,0,False,False
2645,13:53:57.000,13:53:57.000,13:53:57.000,0,23313.0000,23313.0000,23313.0000,23313.0000,1300,0.0000,42.3500,,40.9000,,Other,,0,False,False
2646,13:53:57.000,13:53:57.000,13:53:57.000,0,23313.0000,23313.0000,23313.0000,23313.0000,650,0.0000,,,,,Other,,0,False,False
2647,13:54:02.000,13:53:57.000,13:54:02.000,5,23324.0000,23324.0000,23311.9000,23315.0000,910,2.0000,42.591176470588235294117647059,,40.664705882352941176470588235,,Other,,0,False,False
2648,13:54:03.000,13:54:02.000,13:54:03.000,1,23315.0000,23322.7000,23315.0000,23320.8000,910,5.8000,42.1250,-0.466176470588235294117647059,41.4750,0.810294117647058823529411765,A,A,1,False,False
2649,13:54:11.000,13:54:03.000,13:54:11.000,8,23320.8000,23320.8000,23309.5000,23309.5000,3640,-11.3000,40.765384615384615384615384615,-1.359615384615384615384615385,43.284615384615384615384615385,1.809615384615384615384615385,Other,,0,False,False
2650,13:54:11.000,13:54:11.000,13:54:11.000,0,23309.5000,23309.5000,23309.5000,23309.5000,2990,0.0000,,,,,Other,,0,False,False
2651,13:54:13.000,13:54:13.000,13:54:13.000,0,23305.6000,23305.6000,23305.6000,23305.6000,2340,-3.9000,38.8750,,45.7500,,Other,,0,False,False
2652,13:54:13.000,13:54:13.000,13:54:13.000,0,23305.6000,23305.6000,23305.6000,23305.6000,1690,0.0000,,,,,Other,,0,False,False
2653,13:54:13.000,13:54:13.000,13:54:13.000,0,23305.6000,23305.6000,23305.6000,23305.6000,1755,0.0000,,,,,Other,,0,False,False
2654,13:54:13.000,13:54:13.000,13:54:13.000,0,23305.6000,23305.6000,23305.6000,23305.6000,1105,0.0000,,,,,Other,,0,False,False
2655,13:54:15.000,13:54:14.000,13:54:15.000,1,23305.0000,23305.0000,23305.0000,23305.0000,1105,-0.6000,38.883333333333333333333333333,,45.283333333333333333333333333,,Other,,0,False,False
2656,13:54:18.000,13:54:15.000,13:54:18.000,3,23305.0000,23309.5000,23305.0000,23309.1000,715,4.1000,39.5700,0.686666666666666666666666667,44.7875,-0.495833333333333333333333333,Other,,0,False,False
2657,13:54:25.000,13:54:18.000,13:54:25.000,7,23309.1000,23309.4000,23305.0000,23306.0000,715,-3.1000,39.895454545454545454545454545,0.325454545454545454545454545,44.3900,-0.3975,B,B,1,False,False
2658,13:54:30.000,13:54:25.000,13:54:30.000,5,23306.0000,23317.1000,23305.0000,23317.1000,780,11.1000,40.494117647058823529411764706,0.598663101604278074866310161,43.847058823529411764705882353,-0.542941176470588235294117647,Other,,0,False,False
2659,13:54:35.000,13:54:30.000,13:54:35.000,5,23317.1000,23319.9000,23305.0000,23319.8000,650,2.7000,42.49375,1.999632352941176470588235294,40.65625,-3.190808823529411764705882353,Other,,0,False,False
2660,13:54:47.000,13:54:35.000,13:54:47.000,12,23319.8000,23319.8000,23306.6000,23310.0000,5070,-9.8000,42.133333333333333333333333333,-0.360416666666666666666666667,41.589473684210526315789473684,0.933223684210526315789473684,Other,,0,False,False
2661,13:54:47.000,13:54:47.000,13:54:47.000,0,23310.0000,23310.0000,23310.0000,23310.0000,4420,0.0000,,,,,Other,,0,False,False
2662,13:54:48.000,13:54:48.000,13:54:48.000,0,23307.5000,23307.5000,23307.5000,23307.5000,3770,-2.5000,41.8000,,41.6750,,Other,,0,False,False
2663,13:54:48.000,13:54:48.000,13:54:48.000,0,23307.5000,23307.5000,23307.5000,23307.5000,3120,0.0000,,,,,Other,,0,False,False
2664,13:54:48.000,13:54:48.000,13:54:48.000,0,23307.5000,23307.5000,23307.5000,23307.5000,5720,0.0000,,,,,Other,,0,False,False
2665,13:54:48.000,13:54:48.000,13:54:48.000,0,23307.5000,23307.5000,23307.5000,23307.5000,5070,0.0000,,,,,Other,,0,False,False
2666,13:54:50.000,13:54:50.000,13:54:50.000,0,23307.5000,23307.5000,23307.5000,23307.5000,4420,0.0000,41.6500,,41.6000,,Other,,0,False,False
2667,13:54:50.000,13:54:50.000,13:54:50.000,0,23307.5000,23307.5000,23307.5000,23307.5000,3770,0.0000,,,,,Other,,0,False,False
2668,13:54:50.000,13:54:50.000,13:54:50.000,0,23310.0000,23310.0000,23310.0000,23310.0000,3120,2.5000,,,,,Other,,0,False,False
2669,13:54:50.000,13:54:50.000,13:54:50.000,0,23310.0000,23310.0000,23310.0000,23310.0000,2470,0.0000,,,,,Other,,0,False,False
2670,13:54:51.000,13:54:51.000,13:54:51.000,0,23319.7000,23319.7000,23319.7000,23319.7000,1820,9.7000,41.1000,,42.4000,,Other,,0,False,False
2671,13:54:51.000,13:54:51.000,13:54:51.000,0,23319.7000,23319.7000,23319.7000,23319.7000,1170,0.0000,,,,,Other,,0,False,False
2672,13:54:52.000,13:54:52.000,13:54:52.000,0,23319.7000,23319.7000,23319.7000,23319.7000,780,0.0000,41.2500,,42.2000,,Other,,0,False,False
2673,13:55:02.000,13:54:52.000,13:55:02.000,10,23319.7000,23319.7000,23308.0000,23310.0000,650,-9.7000,41.078787878787878787878787879,-0.171212121212121212121212121,42.035483870967741935483870968,-0.164516129032258064516129032,Other,,0,False,False
2674,13:55:15.000,13:55:02.000,13:55:15.000,13,23310.0000,23319.6000,23310.0000,23315.0000,650,5.0000,41.783333333333333333333333333,0.704545454545454545454545454,41.097619047619047619047619048,-0.937864823348694316436251920,Other,,0,False,False
2675,13:55:25.000,13:55:15.000,13:55:25.000,10,23315.0000,23320.0000,23315.0000,23320.0000,1170,5.0000,43.376666666666666666666666667,1.593333333333333333333333334,39.286666666666666666666666667,-1.810952380952380952380952381,Other,,0,False,False
2676,13:55:27.000,13:55:25.000,13:55:27.000,2,23320.0000,23325.0000,23320.0000,23320.4000,1300,0.4000,45.2625,1.885833333333333333333333333,36.7500,-2.536666666666666666666666667,Other,,0,False,False
2677,13:55:27.000,13:55:27.000,13:55:27.000,0,23320.4000,23320.4000,23320.4000,23320.4000,650,0.0000,,,,,Other,,0,False,False
2678,13:55:45.000,13:55:28.000,13:55:45.000,17,23329.0000,23329.0000,23315.0000,23324.0000,715,3.6000,43.712280701754385964912280702,,38.765254237288135593220338983,,Other,,0,False,False
2679,13:55:53.000,13:55:45.000,13:55:53.000,8,23324.0000,23324.0000,23315.0000,23324.0000,650,0.0000,42.681818181818181818181818182,-1.030462519936204146730462520,40.2000,1.434745762711864406779661017,Other,,0,False,False
2680,13:56:06.000,13:55:53.000,13:56:06.000,13,23324.0000,23324.0000,23315.0000,23315.0000,780,-9.0000,41.80487804878048780487804878,-0.876940133037694013303769402,41.422093023255813953488372093,1.222093023255813953488372093,Other,,0,False,False
2681,13:56:08.000,13:56:06.000,13:56:08.000,2,23315.0000,23321.7000,23315.0000,23321.7000,2275,6.7000,41.0500,-0.75487804878048780487804878,42.5750,1.152906976744186046511627907,A,A,1,False,False
2682,13:56:08.000,13:56:08.000,13:56:08.000,0,23321.7000,23321.7000,23321.7000,23321.7000,1625,0.0000,,,,,Other,,0,False,False
2683,13:56:10.000,13:56:10.000,13:56:10.000,0,23321.7000,23321.7000,23321.7000,23321.7000,975,0.0000,41.1500,,42.5750,,Other,,0,False,False
2684,13:56:20.000,13:56:10.000,13:56:20.000,10,23321.7000,23321.7000,23310.0000,23310.0000,715,-11.7000,40.68125,-0.46875,42.6125,0.0375,Other,,0,False,False
2685,13:56:25.000,13:56:20.000,13:56:25.000,5,23310.0000,23319.6000,23310.0000,23319.6000,780,9.6000,39.99375,-0.68750,43.30625,0.69375,A,A,1,False,False
2686,13:56:30.000,13:56:25.000,13:56:30.000,5,23319.6000,23319.6000,23310.0000,23310.0000,650,-9.6000,40.329411764705882352941176471,0.335661764705882352941176471,42.973529411764705882352941176,-0.332720588235294117647058824,B,B,1,False,False
2687,13:56:48.000,13:56:30.000,13:56:48.000,18,23310.0000,23320.0000,23308.4000,23320.0000,650,10.0000,40.956896551724137931034482759,0.627484787018255578093306288,42.366071428571428571428571429,-0.607457983193277310924369747,Other,,0,False,False
2688,13:56:52.000,13:56:48.000,13:56:52.000,4,23320.0000,23320.0000,23311.1000,23313.0000,780,-7.0000,40.683333333333333333333333333,-0.273563218390804597701149426,43.1250,0.758928571428571428571428571,Other,,0,False,False
2689,13:56:53.000,13:56:52.000,13:56:53.000,1,23313.0000,23319.7000,23311.2000,23311.2000,715,-1.8000,40.4000,-0.283333333333333333333333333,43.4000,0.2750,Other,,0,False,False
2690,13:57:05.000,13:56:53.000,13:57:05.000,12,23311.2000,23317.8000,23310.0000,23317.5000,715,6.3000,40.165384615384615384615384615,-0.234615384615384615384615385,43.934615384615384615384615385,0.534615384615384615384615385,A,A,1,False,False
2691,13:57:11.000,13:57:05.000,13:57:11.000,6,23317.5000,23317.5000,23308.0000,23317.4000,975,-0.1000,40.2200,0.054615384615384615384615385,43.5950,-0.339615384615384615384615385,B,B,1,False,False
2692,13:57:15.000,13:57:11.000,13:57:15.000,4,23317.4000,23317.4000,23310.3000,23313.9000,845,-3.5000,40.266666666666666666666666667,0.046666666666666666666666667,43.2800,-0.3150,B,B,2,False,True
2693,13:57:21.000,13:57:15.000,13:57:21.000,6,23313.9000,23317.3000,23305.1000,23305.1000,1365,-8.8000,39.5300,-0.736666666666666666666666667,44.3000,1.0200,Other,,0,False,False
2694,13:57:21.000,13:57:21.000,13:57:21.000,0,23305.1000,23305.1000,23305.1000,23305.1000,715,0.0000,,,,,Other,,0,False,False
2695,13:57:52.000,13:57:23.000,13:57:52.000,29,23305.1000,23312.0000,23305.1000,23312.0000,1040,6.9000,40.720430107526881720430107527,,42.716315789473684210526315789,,Other,,0,False,False
2696,13:58:04.000,13:57:52.000,13:58:04.000,12,23312.0000,23312.2000,23307.0000,23312.2000,780,0.2000,40.142307692307692307692307692,-0.578122415219189412737799835,43.797297297297297297297297297,1.080981507823613086770981508,A,A,1,False,False
2697,13:58:06.000,13:58:04.000,13:58:06.000,2,23312.2000,23312.2000,23307.0000,23307.0000,1040,-5.2000,39.7500,-0.392307692307692307692307692,44.366666666666666666666666667,0.569369369369369369369369370,Other,,0,False,False
2698,13:58:19.000,13:58:06.000,13:58:19.000,13,23307.0000,23317.3000,23306.2000,23306.2000,975,-0.8000,40.3600,0.6100,43.6500,-0.716666666666666666666666667,B,B,1,False,False
2699,13:58:27.000,13:58:19.000,13:58:27.000,8,23306.2000,23311.7000,23305.7000,23311.5000,975,5.3000,40.611538461538461538461538462,0.251538461538461538461538462,42.992307692307692307692307692,-0.657692307692307692307692308,Other,,0,False,False
2700,13:58:29.000,13:58:27.000,13:58:29.000,2,23311.5000,23311.5000,23307.0000,23307.0000,845,-4.5000,41.066666666666666666666666667,0.455128205128205128205128205,42.7000,-0.292307692307692307692307692,B,B,1,False,False
2701,13:58:44.000,13:58:29.000,13:58:44.000,15,23307.0000,23312.0000,23306.2000,23310.0000,715,3.0000,40.865306122448979591836734694,-0.201360544217687074829931973,43.003191489361702127659574468,0.303191489361702127659574468,A,A,1,False,False
2702,13:59:08.000,13:58:44.000,13:59:08.000,24,23310.0000,23312.0000,23310.0000,23311.0000,650,1.0000,40.816666666666666666666666667,-0.048639455782312925170068027,43.627215189873417721518987342,0.624023700511715593859412874,A,A,2,True,False
2703,13:59:20.000,13:59:08.000,13:59:20.000,12,23311.0000,23311.0000,23305.0000,23305.0000,910,-6.0000,40.558823529411764705882352941,-0.257843137254901960784313726,43.816666666666666666666666667,0.189451476793248945147679325,Other,,0,False,False
2704,13:59:33.000,13:59:20.000,13:59:33.000,13,23305.0000,23310.8000,23305.0000,23309.0000,715,4.0000,40.324390243902439024390243902,-0.234433285509325681492109039,43.933720930232558139534883721,0.117054263565891472868217054,A,A,1,False,False
2705,13:59:45.000,13:59:33.000,13:59:45.000,12,23309.0000,23310.8000,23305.0000,23309.0000,650,0.0000,40.197222222222222222222222222,-0.127168021680216802168021680,44.071052631578947368421052632,0.137331701346389228886168911,Other,,0,False,False
2706,13:59:50.000,13:59:45.000,13:59:50.000,5,23309.0000,23315.6000,23306.0000,23315.6000,845,6.6000,40.2500,0.052777777777777777777777778,44.0000,-0.071052631578947368421052632,Other,,0,False,False
2707,14:00:00.000,13:59:50.000,14:00:00.000,10,23315.6000,23315.9000,23305.0000,23315.9000,2015,0.3000,40.341935483870967741935483871,0.091935483870967741935483871,43.874242424242424242424242424,-0.125757575757575757575757576,Other,,0,False,False
2708,14:00:00.000,14:00:00.000,14:00:00.000,0,23315.9000,23315.9000,23315.9000,23315.9000,1365,0.0000,,,,,Other,,0,False,False
2709,14:00:00.000,14:00:00.000,14:00:00.000,0,23306.0000,23306.0000,23306.0000,23306.0000,715,-9.9000,,,,,Other,,0,False,False
2710,14:00:08.000,14:00:00.000,14:00:08.000,8,23306.0000,23308.0000,23303.4000,23303.4000,1560,-2.6000,38.996428571428571428571428571,,46.661538461538461538461538462,,Other,,0,False,False
2711,14:00:08.000,14:00:08.000,14:00:08.000,0,23303.4000,23303.4000,23303.4000,23303.4000,910,0.0000,,,,,Other,,0,False,False
2712,14:00:11.000,14:00:09.000,14:00:11.000,2,23303.0000,23303.0000,23301.0000,23301.0000,2145,-2.4000,37.1900,,49.9800,,Other,,0,False,False
2713,14:00:11.000,14:00:11.000,14:00:11.000,0,23301.0000,23301.0000,23301.0000,23301.0000,1495,0.0000,,,,,Other,,0,False,False
2714,14:00:12.000,14:00:12.000,14:00:12.000,0,23303.6000,23303.6000,23303.6000,23303.6000,845,2.6000,,,,,Other,,0,False,False
2715,14:00:13.000,14:00:12.000,14:00:13.000,1,23303.6000,23303.6000,23301.0000,23301.0000,975,-2.6000,36.683333333333333333333333333,,50.078571428571428571428571429,,Other,,0,False,False
2716,14:00:15.000,14:00:13.000,14:00:15.000,2,23301.0000,23301.0000,23300.1000,23300.1000,2080,-0.9000,36.5000,-0.183333333333333333333333333,50.2000,0.121428571428571428571428571,Other,,0,False,False
2717,14:00:15.000,14:00:15.000,14:00:15.000,0,23300.1000,23300.1000,23300.1000,23300.1000,1430,0.0000,,,,,Other,,0,False,False
2718,14:00:16.000,14:00:16.000,14:00:16.000,0,23307.1000,23307.1000,23307.1000,23307.1000,780,7.0000,36.716666666666666666666666667,,49.816666666666666666666666667,,Other,,0,False,False
2719,14:00:18.000,14:00:16.000,14:00:18.000,2,23307.1000,23307.1000,23300.0000,23303.3000,3705,-3.8000,35.9500,-0.766666666666666666666666667,51.4500,1.633333333333333333333333333,Other,,0,False,False
2720,14:00:18.000,14:00:18.000,14:00:18.000,0,23303.3000,23303.3000,23303.3000,23303.3000,3055,0.0000,,,,,Other,,0,False,False
2721,14:00:19.000,14:00:19.000,14:00:19.000,0,23300.0000,23300.0000,23300.0000,23300.0000,2405,-3.3000,36.616666666666666666666666667,,50.0000,,Other,,0,False,False
2722,14:00:19.000,14:00:19.000,14:00:19.000,0,23300.0000,23300.0000,23300.0000,23300.0000,1755,0.0000,,,,,Other,,0,False,False
2723,14:00:20.000,14:00:20.000,14:00:20.000,0,23300.0000,23300.0000,23300.0000,23300.0000,1625,0.0000,,,49.9500,,Other,,0,False,False
2724,14:00:20.000,14:00:20.000,14:00:20.000,0,23300.0000,23300.0000,23300.0000,23300.0000,975,0.0000,,,,,Other,,0,False,False
2725,14:00:21.000,14:00:21.000,14:00:21.000,0,23300.2000,23300.4000,23300.2000,23300.4000,1105,0.4000,36.783333333333333333333333333,,50.0500,,Other,,0,False,False
2726,14:00:23.000,14:00:21.000,14:00:23.000,2,23300.4000,23305.4000,23300.4000,23300.5000,1105,0.1000,36.6000,-0.183333333333333333333333333,50.1375,0.0875,A,A,1,False,False
2727,14:00:25.000,14:00:23.000,14:00:25.000,2,23300.5000,23300.5000,23300.0000,23300.0000,1040,-0.5000,36.2000,-0.4000,51.0750,0.9375,Other,,0,False,False
2728,14:00:26.000,14:00:25.000,14:00:26.000,1,23300.0000,23300.0000,23297.0000,23297.0000,5265,-3.0000,35.8250,-0.3750,51.9750,0.9000,Other,,0,False,False
2729,14:00:26.000,14:00:26.000,14:00:26.000,0,23297.0000,23297.0000,23297.0000,23297.0000,4615,0.0000,,,,,Other,,0,False,False
2730,14:00:27.000,14:00:27.000,14:00:27.000,0,23300.0000,23300.0000,23300.0000,23300.0000,3965,3.0000,36.0250,,51.3250,,Other,,0,False,False
2731,14:00:27.000,14:00:27.000,14:00:27.000,0,23300.0000,23300.0000,23300.0000,23300.0000,3315,0.0000,,,,,Other,,0,False,False
2732,14:00:28.000,14:00:28.000,14:00:28.000,0,23297.5000,23297.5000,23297.5000,23297.5000,2665,-2.5000,36.0750,,51.0750,,Other,,0,False,False
2733,14:00:28.000,14:00:28.000,14:00:28.000,0,23297.5000,23297.5000,23297.5000,23297.5000,2015,0.0000,,,,,Other,,0,False,False
2734,14:00:28.000,14:00:28.000,14:00:28.000,0,23297.5000,23297.5000,23297.5000,23297.5000,1560,0.0000,,,,,Other,,0,False,False
2735,14:00:28.000,14:00:28.000,14:00:28.000,0,23297.5000,23297.5000,23297.5000,23297.5000,910,0.0000,,,,,Other,,0,False,False
2736,14:00:33.000,14:00:29.000,14:00:33.000,4,23297.6000,23299.1000,23297.5000,23297.5000,1690,0.0000,35.886666666666666666666666667,,51.479411764705882352941176471,,Other,,0,False,False
2737,14:00:33.000,14:00:33.000,14:00:33.000,0,23297.5000,23297.5000,23297.5000,23297.5000,1040,0.0000,,,,,Other,,0,False,False
2738,14:00:35.000,14:00:34.000,14:00:35.000,1,23297.0000,23297.0000,23294.9000,23294.9000,2925,-2.6000,34.8375,,53.183333333333333333333333333,,Other,,0,False,False
2739,14:00:35.000,14:00:35.000,14:00:35.000,0,23294.9000,23294.9000,23294.9000,23294.9000,2275,0.0000,,,,,Other,,0,False,False
2740,14:00:35.000,14:00:35.000,14:00:35.000,0,23296.0000,23296.0000,23296.0000,23296.0000,1625,1.1000,,,,,Other,,0,False,False
2741,14:00:35.000,14:00:35.000,14:00:35.000,0,23296.0000,23296.0000,23296.0000,23296.0000,975,0.0000,,,,,Other,,0,False,False
2742,14:00:36.000,14:00:36.000,14:00:36.000,0,23297.0000,23297.0000,23297.0000,23297.0000,845,1.0000,34.5500,,53.0500,,Other,,0,False,False
2743,14:00:38.000,14:00:36.000,14:00:38.000,2,23297.0000,23297.0000,23287.0000,23287.0000,1495,-10.0000,34.0375,-0.5125,54.0750,1.0250,Other,,0,False,False
2744,14:00:38.000,14:00:38.000,14:00:38.000,0,23287.0000,23287.0000,23287.0000,23287.0000,845,0.0000,,,,,Other,,0,False,False
2745,14:00:41.000,14:00:39.000,14:00:41.000,2,23287.0000,23299.4000,23287.0000,23299.4000,650,12.4000,34.3250,,53.366666666666666666666666667,,Other,,0,False,False
2746,14:00:51.000,14:00:41.000,14:00:51.000,10,23299.4000,23299.4000,23286.8000,23296.2000,715,-3.2000,34.28125,-0.04375,53.229411764705882352941176471,-0.137254901960784313725490196,Other,,0,False,False
2747,14:01:01.000,14:00:51.000,14:01:01.000,10,23296.2000,23298.0000,23286.0000,23296.0000,780,-0.2000,34.187878787878787878787878788,-0.093371212121212121212121212,53.351515151515151515151515152,0.122103386809269162210338681,Other,,0,False,False
2748,14:01:09.000,14:01:01.000,14:01:09.000,8,23296.0000,23296.1000,23286.0000,23288.0000,1430,-8.0000,35.157692307692307692307692308,0.969813519813519813519813520,52.296153846153846153846153846,-1.055361305361305361305361306,B,B,1,False,False
2749,14:01:09.000,14:01:09.000,14:01:09.000,0,23288.0000,23288.0000,23288.0000,23288.0000,780,0.0000,,,,,Other,,0,False,False
2750,14:01:16.000,14:01:10.000,14:01:16.000,6,23289.2000,23297.3000,23288.5000,23292.5000,2210,4.5000,36.063636363636363636363636364,,49.572727272727272727272727273,,Other,,0,False,False
2751,14:01:16.000,14:01:16.000,14:01:16.000,0,23292.5000,23292.5000,23292.5000,23292.5000,1560,0.0000,,,,,Other,,0,False,False
2752,14:01:17.000,14:01:17.000,14:01:17.000,0,23305.0000,23305.0000,23305.0000,23305.0000,910,12.5000,35.9500,,50.0500,,Other,,0,False,False
2753,14:01:23.000,14:01:17.000,14:01:23.000,6,23305.0000,23305.0000,23290.7000,23298.1000,715,-6.9000,36.0050,0.0550,49.8050,-0.2450,B,B,1,False,False
2754,14:01:28.000,14:01:23.000,14:01:28.000,5,23298.1000,23298.1000,23289.7000,23289.7000,650,-8.4000,35.5375,-0.4675,50.94375,1.13875,Other,,0,False,False
2755,14:01:46.000,14:01:28.000,14:01:46.000,18,23289.7000,23299.0000,23289.7000,23299.0000,910,9.3000,35.612711864406779661016949153,0.075211864406779661016949153,50.94830508474576271186440678,0.00455508474576271186440678,Other,,0,False,False
2756,14:01:59.000,14:01:46.000,14:01:59.000,13,23299.0000,23308.9000,23299.0000,23303.5000,650,4.5000,37.023809523809523809523809524,1.411097659402744148506860371,48.39047619047619047619047619,-2.55782889426957223567393059,Other,,0,False,False
2757,14:02:14.000,14:01:59.000,14:02:14.000,15,23303.5000,23303.5000,23297.6000,23297.6000,975,-5.9000,36.630612244897959183673469388,-0.393197278911564625850340136,48.654081632653061224489795918,0.263605442176870748299319728,Other,,0,False,False
2758,14:02:21.000,14:02:14.000,14:02:21.000,7,23297.6000,23305.3000,23295.1000,23305.3000,845,7.7000,35.918181818181818181818181818,-0.712430426716141001855287570,50.309090909090909090909090909,1.655009276437847866419294991,A,A,1,False,False
2759,14:02:31.000,14:02:21.000,14:02:31.000,10,23305.3000,23308.9000,23295.4000,23305.0000,715,-0.3000,36.795161290322580645161290323,0.876979472140762463343108505,49.743939393939393939393939394,-0.565151515151515151515151515,B,B,1,False,False
2760,14:02:51.000,14:02:31.000,14:02:51.000,20,23305.0000,23307.4000,23297.1000,23297.1000,715,-7.9000,37.338333333333333333333333333,0.543172043010752688172043010,49.027419354838709677419354839,-0.716520039100684261974584555,B,B,2,False,True
2761,14:02:56.000,14:02:51.000,14:02:56.000,5,23297.1000,23306.0000,23297.1000,23302.6000,650,5.5000,36.7500,-0.588333333333333333333333333,50.11875,1.091330645161290322580645161,A,A,1,False,False
2762,14:03:18.000,14:02:56.000,14:03:18.000,22,23302.6000,23309.0000,23300.0000,23309.0000,650,6.4000,37.015217391304347826086956522,0.265217391304347826086956522,49.518571428571428571428571429,-0.600178571428571428571428571,Other,,0,False,False
2763,14:03:27.000,14:03:18.000,14:03:27.000,9,23309.0000,23309.0000,23300.0000,23300.0000,715,-9.0000,37.439285714285714285714285714,0.424068322981366459627329192,48.814285714285714285714285714,-0.704285714285714285714285715,B,B,1,False,False
2764,14:03:31.000,14:03:27.000,14:03:31.000,4,23300.0000,23308.8000,23300.0000,23308.6000,975,8.6000,37.5200,0.080714285714285714285714286,48.933333333333333333333333333,0.119047619047619047619047619,Other,,0,False,False
2765,14:03:43.000,14:03:31.000,14:03:43.000,12,23308.6000,23310.0000,23300.0000,23310.0000,1105,1.4000,36.955555555555555555555555556,-0.564444444444444444444444444,49.867647058823529411764705882,0.934313725490196078431372549,A,A,1,False,False
2766,14:03:54.000,14:03:43.000,14:03:54.000,11,23310.0000,23310.0000,23300.0000,23300.0000,650,-10.0000,36.947222222222222222222222222,-0.008333333333333333333333334,49.919444444444444444444444444,0.051797385620915032679738562,Other,,0,False,False
2767,14:04:17.000,14:03:54.000,14:04:17.000,23,23300.0000,23310.0000,23300.0000,23310.0000,1040,10.0000,37.5300,0.582777777777777777777777778,49.186301369863013698630136986,-0.733143074581430745814307458,Other,,0,False,False
2768,14:04:25.000,14:04:17.000,14:04:25.000,8,23310.0000,23312.0000,23301.0000,23312.0000,780,2.0000,38.3250,0.7950,47.829166666666666666666666667,-1.357134703196347031963470319,Other,,0,False,False
2769,14:04:35.000,14:04:25.000,14:04:35.000,10,23312.0000,23315.0000,23312.0000,23312.0000,780,0.0000,39.407575757575757575757575758,1.082575757575757575757575758,46.031818181818181818181818182,-1.797348484848484848484848485,Other,,0,False,False
2770,14:05:01.000,14:04:35.000,14:05:01.000,26,23312.0000,23314.9000,23306.9000,23312.0000,780,0.0000,40.025903614457831325301204819,0.618327856882073749543629061,44.9200,-1.111818181818181818181818182,Other,,0,False,False
2771,14:05:06.000,14:05:01.000,14:05:06.000,5,23312.0000,23315.0000,23312.0000,23315.0000,1430,3.0000,40.6125,0.586596385542168674698795181,44.50625,-0.41375,Other,,0,False,False
2772,14:05:06.000,14:05:06.000,14:05:06.000,0,23315.0000,23315.0000,23315.0000,23315.0000,780,0.0000,,,,,Other,,0,False,False
2773,14:05:11.000,14:05:06.000,14:05:11.000,5,23315.0000,23319.9000,23315.0000,23319.9000,1105,4.9000,41.36875,,43.34375,,Other,,0,False,False
2774,14:05:21.000,14:05:11.000,14:05:21.000,10,23319.9000,23319.9000,23308.0000,23308.0000,715,-11.9000,41.3700,0.00125,43.353333333333333333333333333,0.009583333333333333333333333,Other,,0,False,False
2775,14:05:34.000,14:05:21.000,14:05:34.000,13,23308.0000,23318.0000,23304.6000,23304.6000,1365,-3.4000,39.613953488372093023255813953,-1.756046511627906976744186047,45.743023255813953488372093023,2.389689922480620155038759690,Other,,0,False,False
2776,14:05:34.000,14:05:34.000,14:05:34.000,0,23304.6000,23304.6000,23304.6000,23304.6000,715,0.0000,,,,,Other,,0,False,False
2777,14:05:42.000,14:05:36.000,14:05:42.000,6,23303.0000,23314.6000,23302.1000,23307.2000,780,2.6000,38.409090909090909090909090909,,47.2500,,Other,,0,False,False
2778,14:05:44.000,14:05:42.000,14:05:44.000,2,23307.2000,23307.2000,23300.2000,23300.2000,975,-7.0000,38.3375,-0.071590909090909090909090909,47.5000,0.2500,Other,,0,False,False
2779,14:06:10.000,14:05:44.000,14:06:10.000,26,23300.2000,23305.0000,23300.2000,23305.0000,650,4.8000,38.458433734939759036144578313,0.120933734939759036144578313,47.871686746987951807228915663,0.371686746987951807228915663,Other,,0,False,False
2780,14:06:38.000,14:06:10.000,14:06:38.000,28,23305.0000,23310.0000,23304.0000,23310.0000,975,5.0000,38.906321839080459770114942529,0.447888104140700733970364216,47.441011235955056179775280899,-0.430675511032895627453634764,Other,,0,False,False
2781,14:06:56.000,14:06:38.000,14:06:56.000,18,23310.0000,23317.4000,23303.5000,23310.0000,715,0.0000,41.308928571428571428571428571,2.402606732348111658456486042,45.458620689655172413793103448,-1.982390546299883765982177451,Other,,0,False,False
2782,14:07:16.000,14:06:56.000,14:07:16.000,20,23310.0000,23316.3000,23308.3000,23308.3000,715,-1.7000,40.529230769230769230769230769,-0.779697802197802197802197802,46.269402985074626865671641791,0.810782295419454451878538343,Other,,0,False,False
2783,14:07:24.000,14:07:16.000,14:07:24.000,8,23308.3000,23314.8000,23305.0000,23314.8000,975,6.5000,39.373076923076923076923076923,-1.156153846153846153846153846,47.554545454545454545454545455,1.285142469470827679782903664,A,A,1,False,False
2784,14:07:31.000,14:07:24.000,14:07:31.000,7,23314.8000,23314.8000,23305.0000,23305.0000,845,-9.8000,39.771739130434782608695652174,0.398662207357859531772575251,47.4340,-0.120545454545454545454545455,B,B,1,False,False
2785,14:07:37.000,14:07:31.000,14:07:37.000,6,23305.0000,23311.0000,23304.1000,23304.1000,845,-0.9000,39.878571428571428571428571429,0.106832298136645962732919255,47.511111111111111111111111111,0.077111111111111111111111111,Other,,0,False,False
2786,14:07:55.000,14:07:37.000,14:07:55.000,18,23304.1000,23314.6000,23304.1000,23305.0000,650,0.9000,40.056896551724137931034482759,0.178325123152709359605911330,47.253703703703703703703703704,-0.257407407407407407407407407,Other,,0,False,False
2787,14:08:05.000,14:07:55.000,14:08:05.000,10,23305.0000,23305.1000,23300.0000,23300.0000,3185,-5.0000,39.787878787878787878787878788,-0.269017763845350052246603971,47.413636363636363636363636364,0.159932659932659932659932660,Other,,0,False,False
2788,14:08:05.000,14:08:05.000,14:08:05.000,0,23300.0000,23300.0000,23300.0000,23300.0000,2535,0.0000,,,,,Other,,0,False,False
2789,14:08:06.000,14:08:06.000,14:08:06.000,0,23303.9000,23303.9000,23303.9000,23303.9000,1885,3.9000,38.7250,,48.2750,,Other,,0,False,False
2790,14:08:06.000,14:08:06.000,14:08:06.000,0,23303.9000,23303.9000,23303.9000,23303.9000,1235,0.0000,,,,,Other,,0,False,False
2791,14:08:07.000,14:08:07.000,14:08:07.000,0,23303.9000,23303.9000,23303.9000,23303.9000,780,0.0000,38.8500,,48.1500,,Other,,0,False,False
2792,14:08:21.000,14:08:07.000,14:08:21.000,14,23303.9000,23313.4000,23303.9000,23304.1000,780,0.2000,39.2025,0.3525,48.047619047619047619047619048,-0.102380952380952380952380952,Other,,0,False,False
2793,14:08:25.000,14:08:21.000,14:08:25.000,4,23304.1000,23304.1000,23301.9000,23301.9000,650,-2.2000,39.5000,0.2975,48.042857142857142857142857143,-0.004761904761904761904761905,B,B,1,False,False
2794,14:08:46.000,14:08:25.000,14:08:46.000,21,23301.9000,23315.0000,23301.9000,23315.0000,1625,13.1000,40.026923076923076923076923077,0.526923076923076923076923077,47.232835820895522388059701493,-0.810021321961620469083155650,Other,,0,False,False
2795,14:08:46.000,14:08:46.000,14:08:46.000,0,23315.0000,23315.0000,23315.0000,23315.0000,975,0.0000,,,,,Other,,0,False,False
2796,14:08:47.000,14:08:46.000,14:08:47.000,1,23304.2000,23306.9000,23304.2000,23306.9000,845,-8.1000,40.2500,,46.9750,,Other,,0,False,False
2797,14:09:00.000,14:08:47.000,14:09:00.000,13,23306.9000,23314.0000,23304.2000,23304.2000,715,-2.7000,39.996341463414634146341463415,-0.253658536585365853658536585,46.675581395348837209302325581,-0.299418604651162790697674419,Other,,0,False,False
2798,14:09:18.000,14:09:00.000,14:09:18.000,18,23304.2000,23314.5000,23303.0000,23303.5000,1300,-0.7000,41.031481481481481481481481481,1.035140018066847335140018066,44.914285714285714285714285714,-1.761295681063122923588039867,B,B,1,False,False
2799,14:09:18.000,14:09:18.000,14:09:18.000,0,23303.5000,23303.5000,23303.5000,23303.5000,650,0.0000,,,,,Other,,0,False,False
2800,14:09:31.000,14:09:18.000,14:09:31.000,13,23304.0000,23316.9000,23303.3000,23303.8000,1430,0.3000,41.162790697674418604651162791,,45.191463414634146341463414634,,Other,,0,False,False
2801,14:09:31.000,14:09:31.000,14:09:31.000,0,23303.8000,23303.8000,23303.8000,23303.8000,780,0.0000,,,,,Other,,0,False,False
2802,14:09:41.000,14:09:32.000,14:09:41.000,9,23304.4000,23317.0000,23304.2000,23304.8000,1105,1.0000,41.071875,,45.28125,,Other,,0,False,False
2803,14:09:47.000,14:09:41.000,14:09:47.000,6,23304.8000,23315.0000,23304.8000,23315.0000,650,10.2000,42.5750,1.503125,43.5050,-1.77625,Other,,0,False,False
2804,14:09:54.000,14:09:47.000,14:09:54.000,7,23315.0000,23317.0000,23309.2000,23316.4000,650,1.4000,44.418181818181818181818181818,1.843181818181818181818181818,40.795454545454545454545454545,-2.709545454545454545454545455,Other,,0,False,False
2805,14:09:59.000,14:09:54.000,14:09:59.000,5,23316.4000,23316.4000,23311.4000,23313.3000,650,-3.1000,45.292857142857142857142857143,0.874675324675324675324675325,39.785714285714285714285714286,-1.009740259740259740259740259,B,B,1,False,False
2806,14:10:06.000,14:09:59.000,14:10:06.000,7,23313.3000,23320.0000,23312.0000,23312.1000,1885,-1.2000,45.221739130434782608695652174,-0.071118012422360248447204969,40.365217391304347826086956522,0.579503105590062111801242236,Other,,0,False,False
2807,14:10:06.000,14:10:06.000,14:10:06.000,0,23312.1000,23312.1000,23312.1000,23312.1000,1235,0.0000,,,,,Other,,0,False,False
2808,14:10:07.000,14:10:07.000,14:10:07.000,0,23312.4000,23312.4000,23312.4000,23312.4000,780,0.3000,45.1250,,40.4750,,Other,,0,False,False
2809,14:10:27.000,14:10:07.000,14:10:27.000,20,23312.4000,23320.0000,23312.4000,23315.3000,715,2.9000,45.0890625,-0.0359375,40.10625,-0.36875,Other,,0,False,False
2810,14:10:34.000,14:10:27.000,14:10:34.000,7,23315.3000,23323.2000,23315.3000,23319.4000,650,4.1000,46.176086956521739130434782609,1.087024456521739130434782609,38.65869565217391304347826087,-1.44755434782608695652173913,Other,,0,False,False
2811,14:10:37.000,14:10:34.000,14:10:37.000,3,23319.4000,23326.0000,23319.4000,23320.2000,650,0.8000,47.8000,1.623913043478260869565217391,37.0900,-1.56869565217391304347826087,Other,,0,False,False
2812,14:10:45.000,14:10:37.000,14:10:45.000,8,23320.2000,23328.0000,23320.2000,23321.2000,780,1.0000,47.892307692307692307692307692,0.092307692307692307692307692,37.157692307692307692307692308,0.067692307692307692307692308,Other,,0,False,False
2813,14:10:50.000,14:10:45.000,14:10:50.000,5,23321.2000,23329.0000,23321.2000,23329.0000,650,7.8000,25.45625,,65.66875,,Other,,0,False,False
2814,14:10:59.000,14:10:50.000,14:10:59.000,9,23329.0000,23330.0000,23320.0000,23320.0000,975,-9.0000,47.2000,,38.242307692307692307692307692,,Other,,0,False,False
2815,14:11:00.000,14:10:59.000,14:11:00.000,1,23320.0000,23321.0000,23320.0000,23321.0000,715,1.0000,45.3400,-1.8600,39.6700,1.427692307692307692307692308,A,A,1,False,False
2816,14:11:08.000,14:11:00.000,14:11:08.000,8,23321.0000,23321.0000,23317.1000,23320.0000,780,-1.0000,44.7000,-0.6400,40.557692307692307692307692308,0.887692307692307692307692308,Other,,0,False,False
2817,14:11:18.000,14:11:08.000,14:11:18.000,10,23320.0000,23326.2000,23318.1000,23318.1000,650,-1.9000,44.783333333333333333333333333,0.083333333333333333333333333,40.60625,0.048557692307692307692307692,Other,,0,False,False
2818,14:11:20.000,14:11:18.000,14:11:20.000,2,23318.1000,23318.1000,23318.0000,23318.1000,780,0.0000,44.366666666666666666666666667,-0.416666666666666666666666666,41.1500,0.54375,Other,,0,False,False
2819,14:11:27.000,14:11:20.000,14:11:27.000,7,23318.1000,23328.0000,23317.1000,23321.0000,650,2.9000,45.981818181818181818181818182,1.615151515151515151515151515,39.790909090909090909090909091,-1.359090909090909090909090909,Other,,0,False,False
2820,14:11:34.000,14:11:27.000,14:11:34.000,7,23321.0000,23330.3000,23320.5000,23320.5000,1560,-0.5000,47.836956521739130434782608696,1.855138339920948616600790514,38.193478260869565217391304348,-1.597430830039525691699604743,B,B,1,False,False
2821,14:11:34.000,14:11:34.000,14:11:34.000,0,23320.5000,23320.5000,23320.5000,23320.5000,910,0.0000,,,,,Other,,0,False,False
2822,14:11:38.000,14:11:35.000,14:11:38.000,3,23320.5000,23335.0000,23320.5000,23335.0000,910,14.5000,25.816666666666666666666666667,,65.707142857142857142857142857,,Other,,0,False,False
2823,14:11:52.000,14:11:38.000,14:11:52.000,14,23335.0000,23335.5000,23327.6000,23327.6000,910,-7.4000,27.219047619047619047619047619,1.402380952380952380952380952,62.347727272727272727272727273,-3.359415584415584415584415584,B,B,1,False,False
2824,14:12:00.000,14:11:52.000,14:12:00.000,8,23327.6000,23336.0000,23326.8000,23327.1000,1170,-0.5000,27.1140,-0.105047619047619047619047619,62.031481481481481481481481481,-0.316245791245791245791245792,Other,,0,False,False
2825,14:12:10.000,14:12:00.000,14:12:10.000,10,23327.1000,23337.5000,23327.1000,23337.5000,650,10.4000,27.4700,0.3560,61.38125,-0.650231481481481481481481481,Other,,0,False,False
2826,14:12:18.000,14:12:10.000,14:12:18.000,8,23337.5000,23337.9000,23323.1000,23323.1000,975,-14.4000,48.3000,,36.495454545454545454545454545,,Other,,0,False,False
2827,14:12:23.000,14:12:18.000,14:12:23.000,5,23323.1000,23335.0000,23323.1000,23327.0000,650,3.9000,26.7000,,64.0250,,Other,,0,False,False
2828,14:12:28.000,14:12:23.000,14:12:28.000,5,23327.0000,23327.0000,23327.0000,23327.0000,650,0.0000,26.292857142857142857142857143,-0.407142857142857142857142857,64.94375,0.91875,Other,,0,False,False
2829,14:12:44.000,14:12:28.000,14:12:44.000,16,23327.0000,23335.0000,23327.0000,23335.0000,715,8.0000,27.245918367346938775510204082,0.953061224489795918367346939,63.808163265306122448979591837,-1.135586734693877551020408163,Other,,0,False,False
2830,14:12:46.000,14:12:44.000,14:12:46.000,2,23335.0000,23335.0000,23328.1000,23328.1000,715,-6.9000,28.3000,1.054081632653061224489795918,61.8500,-1.958163265306122448979591837,B,B,1,False,False
2831,14:12:53.000,14:12:46.000,14:12:53.000,7,23328.1000,23337.2000,23328.1000,23329.4000,910,1.3000,28.820833333333333333333333333,0.520833333333333333333333333,60.883333333333333333333333333,-0.966666666666666666666666667,Other,,0,False,False
2832,14:12:56.000,14:12:53.000,14:12:56.000,3,23329.4000,23348.2000,23329.4000,23348.2000,3575,18.8000,29.933333333333333333333333333,1.112500000000000000000000000,59.5500,-1.333333333333333333333333333,Other,,0,False,False
2833,14:12:56.000,14:12:56.000,14:12:56.000,0,23348.2000,23348.2000,23348.2000,23348.2000,2925,0.0000,,,,,Other,,0,False,False
2834,14:12:56.000,14:12:56.000,14:12:56.000,0,23343.0000,23343.0000,23343.0000,23343.0000,2275,-5.2000,,,,,Other,,0,False,False
2835,14:12:56.000,14:12:56.000,14:12:56.000,0,23343.0000,23343.0000,23343.0000,23343.0000,1625,0.0000,,,,,Other,,0,False,False
2836,14:12:57.000,14:12:57.000,14:12:57.000,0,23349.8000,23349.8000,23349.8000,23349.8000,975,6.8000,33.616666666666666666666666667,,52.9000,,Other,,0,False,False
2837,14:12:58.000,14:12:57.000,14:12:58.000,1,23349.8000,23349.8000,23349.8000,23349.8000,1040,0.0000,33.1250,-0.491666666666666666666666667,53.8000,0.9000,Other,,0,False,False
2838,14:12:59.000,14:12:58.000,14:12:59.000,1,23349.8000,23350.0000,23340.4000,23350.0000,715,0.2000,33.2500,0.1250,53.8000,0.0000,Other,,0,False,False
2839,14:13:08.000,14:12:59.000,14:13:08.000,9,23350.0000,23350.0000,23344.5000,23345.0000,650,-5.0000,33.487931034482758620689655172,0.237931034482758620689655172,53.588888888888888888888888889,-0.211111111111111111111111111,B,B,1,False,False
2840,14:13:09.000,14:13:08.000,14:13:09.000,1,23345.0000,23350.0000,23345.0000,23350.0000,780,5.0000,33.4250,-0.062931034482758620689655172,53.9500,0.361111111111111111111111111,A,A,1,False,False
2841,14:13:16.000,14:13:09.000,14:13:16.000,7,23350.0000,23350.0000,23337.1000,23338.0000,650,-12.0000,32.2000,-1.2250,55.536363636363636363636363636,1.586363636363636363636363636,Other,,0,False,False
2842,14:13:30.000,14:13:16.000,14:13:30.000,14,23338.0000,23349.0000,23338.0000,23339.0000,845,1.0000,34.270212765957446808510638298,2.070212765957446808510638298,54.493617021276595744680851064,-1.042746615087040618955512572,Other,,0,False,False
2843,14:13:40.000,14:13:30.000,14:13:40.000,10,23339.0000,23349.0000,23338.1000,23349.0000,650,10.0000,33.586666666666666666666666667,-0.683546099290780141843971631,56.03125,1.537632978723404255319148936,A,A,1,False,False
2844,14:13:56.000,14:13:40.000,14:13:56.000,16,23349.0000,23350.0000,23338.2000,23350.0000,1560,1.0000,35.0400,1.453333333333333333333333333,54.7620,-1.26925,Other,,0,False,False
2845,14:13:56.000,14:13:56.000,14:13:56.000,0,23350.0000,23350.0000,23350.0000,23350.0000,910,0.0000,,,,,Other,,0,False,False
2846,14:13:59.000,14:13:57.000,14:13:59.000,2,23349.0000,23349.0000,23349.0000,23349.0000,1235,-1.0000,36.0500,,52.5400,,Other,,0,False,False
2847,14:14:01.000,14:13:59.000,14:14:01.000,2,23349.0000,23349.0000,23339.1000,23339.1000,12350,-9.9000,34.985714285714285714285714286,-1.064285714285714285714285714,53.7900,1.2500,Other,,0,False,False
2848,14:14:01.000,14:14:01.000,14:14:01.000,0,23339.1000,23339.1000,23339.1000,23339.1000,11700,0.0000,,,,,Other,,0,False,False
2849,14:14:02.000,14:14:02.000,14:14:02.000,0,23339.0000,23339.0000,23339.0000,23339.0000,11050,-0.1000,34.8500,,54.3750,,Other,,0,False,False
2850,14:14:02.000,14:14:02.000,14:14:02.000,0,23339.0000,23339.0000,23339.0000,23339.0000,10400,0.0000,,,,,Other,,0,False,False
2851,14:14:03.000,14:14:03.000,14:14:03.000,0,23350.0000,23350.0000,23350.0000,23350.0000,10075,11.0000,34.2500,,55.0500,,Other,,0,False,False
2852,14:14:03.000,14:14:03.000,14:14:03.000,0,23350.0000,23350.0000,23350.0000,23350.0000,9425,0.0000,,,,,Other,,0,False,False
2853,14:14:04.000,14:14:04.000,14:14:04.000,0,23340.0000,23340.0000,23340.0000,23340.0000,8775,-10.0000,34.1250,,55.1750,,Other,,0,False,False
2854,14:14:04.000,14:14:04.000,14:14:04.000,0,23340.0000,23340.0000,23340.0000,23340.0000,8125,0.0000,,,,,Other,,0,False,False
2855,14:14:04.000,14:14:04.000,14:14:04.000,0,23340.0000,23340.0000,23340.0000,23340.0000,7865,0.0000,,,,,Other,,0,False,False
2856,14:14:04.000,14:14:04.000,14:14:04.000,0,23340.0000,23340.0000,23340.0000,23340.0000,7215,0.0000,,,,,Other,,0,False,False
2857,14:14:06.000,14:14:06.000,14:14:06.000,0,23340.0000,23340.0000,23340.0000,23340.0000,6825,0.0000,34.3000,,55.2500,,Other,,0,False,False
2858,14:14:06.000,14:14:06.000,14:14:06.000,0,23340.0000,23340.0000,23340.0000,23340.0000,6175,0.0000,,,,,Other,,0,False,False
2859,14:14:06.000,14:14:06.000,14:14:06.000,0,23351.9000,23351.9000,23351.9000,23351.9000,5525,11.9000,,,,,Other,,0,False,False
2860,14:14:06.000,14:14:06.000,14:14:06.000,0,23351.9000,23351.9000,23351.9000,23351.9000,4875,0.0000,,,,,Other,,0,False,False
2861,14:14:08.000,14:14:08.000,14:14:08.000,0,23351.9000,23351.9000,23351.9000,23351.9000,4355,0.0000,34.8000,,54.5500,,Other,,0,False,False
2862,14:14:08.000,14:14:08.000,14:14:08.000,0,23351.9000,23351.9000,23351.9000,23351.9000,3705,0.0000,,,,,Other,,0,False,False
2863,14:14:09.000,14:14:09.000,14:14:09.000,0,23351.9000,23351.9000,23351.9000,23351.9000,3055,0.0000,34.8500,,54.8000,,Other,,0,False,False
2864,14:14:09.000,14:14:09.000,14:14:09.000,0,23351.9000,23351.9000,23351.9000,23351.9000,2405,0.0000,,,,,Other,,0,False,False
2865,14:14:11.000,14:14:11.000,14:14:11.000,0,23351.9000,23351.9000,23351.9000,23351.9000,1755,0.0000,34.7500,,54.8500,,Other,,0,False,False
2866,14:14:11.000,14:14:11.000,14:14:11.000,0,23351.9000,23351.9000,23351.9000,23351.9000,1105,0.0000,,,,,Other,,0,False,False
2867,14:14:18.000,14:14:13.000,14:14:18.000,5,23351.9000,23351.9000,23340.4000,23340.4000,780,-11.5000,35.483333333333333333333333333,,53.755555555555555555555555556,,Other,,0,False,False
2868,14:14:28.000,14:14:18.000,14:14:28.000,10,23340.4000,23352.0000,23340.4000,23345.0000,650,4.6000,36.696875,1.213541666666666666666666667,52.834375,-0.921180555555555555555555556,Other,,0,False,False
2869,14:14:29.000,14:14:28.000,14:14:29.000,1,23345.0000,23355.0000,23345.0000,23355.0000,715,10.0000,40.1500,3.453125,47.8500,-4.984375,Other,,0,False,False
2870,14:14:34.000,14:14:29.000,14:14:34.000,5,23355.0000,23360.0000,23355.0000,23360.0000,1430,5.0000,40.058823529411764705882352941,-0.091176470588235294117647059,48.079411764705882352941176471,0.229411764705882352941176471,A,A,1,False,False
2871,14:14:34.000,14:14:34.000,14:14:34.000,0,23360.0000,23360.0000,23360.0000,23360.0000,780,0.0000,,,,,Other,,0,False,False
2872,14:14:38.000,14:14:36.000,14:14:38.000,2,23360.0000,23360.1000,23360.0000,23360.0000,1495,0.0000,43.4250,,46.2750,,Other,,0,False,False
2873,14:14:38.000,14:14:38.000,14:14:38.000,0,23360.0000,23360.0000,23360.0000,23360.0000,845,0.0000,,,,,Other,,0,False,False
2874,14:14:43.000,14:14:39.000,14:14:43.000,4,23360.0000,23362.9000,23360.0000,23362.9000,1430,2.9000,44.4000,,46.8000,,Other,,0,False,False
2875,14:14:43.000,14:14:43.000,14:14:43.000,0,23362.9000,23362.9000,23362.9000,23362.9000,780,0.0000,,,,,Other,,0,False,False
2876,14:14:44.000,14:14:44.000,14:14:44.000,0,23363.0000,23363.0000,23363.0000,23363.0000,845,0.1000,45.616666666666666666666666667,,45.1000,,Other,,0,False,False
2877,14:14:46.000,14:14:44.000,14:14:46.000,2,23363.0000,23365.0000,23363.0000,23365.0000,780,2.0000,45.916666666666666666666666667,0.300000000000000000000000000,44.5000,-0.6000,Other,,0,False,False
2878,14:14:48.000,14:14:46.000,14:14:48.000,2,23365.0000,23368.0000,23365.0000,23368.0000,1235,3.0000,47.4000,1.483333333333333333333333333,42.633333333333333333333333333,-1.866666666666666666666666667,Other,,0,False,False
2879,14:14:49.000,14:14:48.000,14:14:49.000,1,23368.0000,23368.0000,23365.1000,23365.1000,1105,-2.9000,47.7600,0.3600,42.6000,-0.033333333333333333333333333,B,B,1,False,False
2880,14:14:51.000,14:14:49.000,14:14:51.000,2,23365.1000,23377.2000,23365.1000,23377.2000,3380,12.1000,27.616666666666666666666666667,,69.8500,,Other,,0,False,False
2881,14:14:51.000,14:14:51.000,14:14:51.000,0,23377.2000,23377.2000,23377.2000,23377.2000,2730,0.0000,,,,,Other,,0,False,False
2882,14:14:52.000,14:14:52.000,14:14:52.000,0,23378.0000,23378.0000,23378.0000,23378.0000,2080,0.8000,29.9500,,60.0750,,Other,,0,False,False
2883,14:14:52.000,14:14:52.000,14:14:52.000,0,23378.0000,23378.0000,23378.0000,23378.0000,1430,0.0000,,,,,Other,,0,False,False
2884,14:14:53.000,14:14:53.000,14:14:53.000,0,23383.7000,23383.7000,23383.7000,23383.7000,2795,5.7000,31.3000,,59.083333333333333333333333333,,Other,,0,False,False
2885,14:14:53.000,14:14:53.000,14:14:53.000,0,23383.7000,23383.7000,23383.7000,23383.7000,2145,0.0000,,,,,Other,,0,False,False
2886,14:14:54.000,14:14:54.000,14:14:54.000,0,23390.0000,23390.0000,23390.0000,23390.0000,1495,6.3000,32.7000,,57.8750,,Other,,0,False,False
2887,14:14:54.000,14:14:54.000,14:14:54.000,0,23390.0000,23390.0000,23390.0000,23390.0000,845,0.0000,,,,,Other,,0,False,False
2888,14:14:54.000,14:14:54.000,14:14:54.000,0,23383.4000,23383.4000,23383.4000,23383.4000,9620,-6.6000,,,,,Other,,0,False,False
2889,14:14:54.000,14:14:54.000,14:14:54.000,0,23383.4000,23383.4000,23383.4000,23383.4000,8970,0.0000,,,,,Other,,0,False,False
2890,14:14:55.000,14:14:55.000,14:14:55.000,0,23398.0000,23398.0000,23398.0000,23398.0000,8320,14.6000,33.7000,,56.0000,,Other,,0,False,False
2891,14:14:55.000,14:14:55.000,14:14:55.000,0,23398.0000,23398.0000,23398.0000,23398.0000,7670,0.0000,,,,,Other,,0,False,False
2892,14:14:56.000,14:14:56.000,14:14:56.000,0,23387.6000,23387.6000,23387.6000,23387.6000,7865,-10.4000,35.2250,,55.0750,,Other,,0,False,False
2893,14:14:56.000,14:14:56.000,14:14:56.000,0,23387.6000,23387.6000,23387.6000,23387.6000,7215,0.0000,,,,,Other,,0,False,False
2894,14:14:57.000,14:14:57.000,14:14:57.000,0,23399.3000,23399.3000,23399.3000,23399.3000,6565,11.7000,34.4000,,56.2000,,Other,,0,False,False
2895,14:14:57.000,14:14:57.000,14:14:57.000,0,23399.3000,23399.3000,23399.3000,23399.3000,5915,0.0000,,,,,Other,,0,False,False
2896,14:14:58.000,14:14:58.000,14:14:58.000,0,23399.1000,23399.1000,23399.1000,23399.1000,7020,-0.2000,33.9000,,56.4500,,Other,,0,False,False
2897,14:14:58.000,14:14:58.000,14:14:58.000,0,23399.1000,23399.1000,23399.1000,23399.1000,6370,0.0000,,,,,Other,,0,False,False
2898,14:14:59.000,14:14:59.000,14:14:59.000,0,23399.0000,23399.0000,23399.0000,23399.0000,5720,-0.1000,33.4750,,57.2250,,Other,,0,False,False
2899,14:14:59.000,14:14:59.000,14:14:59.000,0,23399.0000,23399.0000,23399.0000,23399.0000,5070,0.0000,,,,,Other,,0,False,False
2900,14:14:59.000,14:14:59.000,14:14:59.000,0,23399.0000,23399.0000,23399.0000,23399.0000,4810,0.0000,,,,,Other,,0,False,False
2901,14:14:59.000,14:14:59.000,14:14:59.000,0,23399.0000,23399.0000,23399.0000,23399.0000,4160,0.0000,,,,,Other,,0,False,False
2902,14:15:00.000,14:15:00.000,14:15:00.000,0,23399.0000,23399.0000,23399.0000,23399.0000,3510,0.0000,34.0500,,55.0500,,Other,,0,False,False
2903,14:15:00.000,14:15:00.000,14:15:00.000,0,23399.9000,23399.9000,23399.9000,23399.9000,2860,0.9000,,,,,Other,,0,False,False
2904,14:15:00.000,14:15:00.000,14:15:00.000,0,23399.9000,23399.9000,23399.9000,23399.9000,2210,0.0000,,,,,Other,,0,False,False
2905,14:15:01.000,14:15:01.000,14:15:01.000,0,23400.1000,23400.1000,23400.1000,23400.1000,5785,0.2000,35.8250,,50.6000,,Other,,0,False,False
2906,14:15:01.000,14:15:01.000,14:15:01.000,0,23400.1000,23400.1000,23400.1000,23400.1000,5135,0.0000,,,,,Other,,0,False,False
2907,14:15:01.000,14:15:01.000,14:15:01.000,0,23402.0000,23402.0000,23402.0000,23402.0000,4485,1.9000,,,,,Other,,0,False,False
2908,14:15:01.000,14:15:01.000,14:15:01.000,0,23402.0000,23402.0000,23402.0000,23402.0000,3835,0.0000,,,,,Other,,0,False,False
2909,14:15:02.000,14:15:02.000,14:15:02.000,0,23402.0000,23402.0000,23402.0000,23402.0000,3185,0.0000,38.0000,,49.1000,,Other,,0,False,False
2910,14:15:02.000,14:15:02.000,14:15:02.000,0,23402.0000,23402.0000,23402.0000,23402.0000,2535,0.0000,,,,,Other,,0,False,False
2911,14:15:03.000,14:15:03.000,14:15:03.000,0,23398.1000,23398.1000,23398.1000,23398.1000,4745,-3.9000,39.6000,,47.9000,,Other,,0,False,False
2912,14:15:03.000,14:15:03.000,14:15:03.000,0,23398.1000,23398.1000,23398.1000,23398.1000,4095,0.0000,,,,,Other,,0,False,False
2913,14:15:03.000,14:15:03.000,14:15:03.000,0,23412.1000,23412.1000,23412.1000,23412.1000,3445,14.0000,,,,,Other,,0,False,False
2914,14:15:03.000,14:15:03.000,14:15:03.000,0,23412.1000,23412.1000,23412.1000,23412.1000,2795,0.0000,,,,,Other,,0,False,False
2915,14:15:04.000,14:15:04.000,14:15:04.000,0,23404.0000,23404.0000,23404.0000,23404.0000,2145,-8.1000,39.2800,,47.3250,,Other,,0,False,False
2916,14:15:04.000,14:15:04.000,14:15:04.000,0,23404.0000,23404.0000,23404.0000,23404.0000,1495,0.0000,,,,,Other,,0,False,False
2917,14:15:04.000,14:15:04.000,14:15:04.000,0,23404.0000,23404.0000,23404.0000,23404.0000,4095,0.0000,,,,,Other,,0,False,False
2918,14:15:04.000,14:15:04.000,14:15:04.000,0,23404.0000,23404.0000,23404.0000,23404.0000,3445,0.0000,,,,,Other,,0,False,False
2919,14:15:05.000,14:15:05.000,14:15:05.000,0,23401.3000,23401.3000,23401.3000,23401.3000,2795,-2.7000,39.8500,,45.1500,,Other,,0,False,False
2920,14:15:05.000,14:15:05.000,14:15:05.000,0,23401.3000,23401.3000,23401.3000,23401.3000,2145,0.0000,,,,,Other,,0,False,False
2921,14:15:06.000,14:15:06.000,14:15:06.000,0,23412.1000,23412.1000,23412.1000,23412.1000,3250,10.8000,39.9750,,46.7500,,Other,,0,False,False
2922,14:15:06.000,14:15:06.000,14:15:06.000,0,23412.1000,23412.1000,23412.1000,23412.1000,2600,0.0000,,,,,Other,,0,False,False
2923,14:15:07.000,14:15:07.000,14:15:07.000,0,23406.3000,23406.3000,23406.3000,23406.3000,1950,-5.8000,43.4000,,43.2500,,Other,,0,False,False
2924,14:15:07.000,14:15:07.000,14:15:07.000,0,23406.3000,23406.3000,23406.3000,23406.3000,1300,0.0000,,,,,Other,,0,False,False
2925,14:15:08.000,14:15:08.000,14:15:08.000,0,23413.3000,23413.3000,23413.3000,23413.3000,1820,7.0000,45.1500,,42.3000,,Other,,0,False,False
2926,14:15:08.000,14:15:08.000,14:15:08.000,0,23413.3000,23413.3000,23413.3000,23413.3000,1170,0.0000,,,,,Other,,0,False,False
2927,14:15:09.000,14:15:08.000,14:15:09.000,1,23407.4000,23414.8000,23407.4000,23414.8000,1950,1.5000,44.9500,,42.0750,,Other,,0,False,False
2928,14:15:09.000,14:15:09.000,14:15:09.000,0,23414.8000,23414.8000,23414.8000,23414.8000,1300,0.0000,,,,,Other,,0,False,False
2929,14:15:10.000,14:15:10.000,14:15:10.000,0,23406.3000,23406.3000,23406.3000,23406.3000,650,-8.5000,42.2000,,42.9500,,Other,,0,False,False
2930,14:15:13.000,14:15:10.000,14:15:13.000,3,23406.3000,23419.0000,23406.3000,23419.0000,2210,12.7000,42.6800,0.4800,43.2700,0.3200,Other,,0,False,False
2931,14:15:13.000,14:15:13.000,14:15:13.000,0,23419.0000,23419.0000,23419.0000,23419.0000,1560,0.0000,,,,,Other,,0,False,False
2932,14:15:14.000,14:15:14.000,14:15:14.000,0,23414.7000,23414.7000,23414.7000,23414.7000,910,-4.3000,43.7000,,43.4000,,Other,,0,False,False
2933,14:15:16.000,14:15:14.000,14:15:16.000,2,23414.7000,23419.0000,23410.0000,23410.0000,910,-4.7000,46.283333333333333333333333333,2.583333333333333333333333333,42.033333333333333333333333333,-1.366666666666666666666666667,B,B,1,False,False
2934,14:15:18.000,14:15:16.000,14:15:18.000,2,23410.0000,23418.0000,23410.0000,23411.6000,2210,1.6000,47.833333333333333333333333333,1.550000000000000000000000000,40.116666666666666666666666667,-1.916666666666666666666666666,Other,,0,False,False
2935,14:15:18.000,14:15:18.000,14:15:18.000,0,23411.6000,23411.6000,23411.6000,23411.6000,1560,0.0000,,,,,Other,,0,False,False
2936,14:15:18.000,14:15:18.000,14:15:18.000,0,23419.0000,23419.0000,23419.0000,23419.0000,910,7.4000,,,,,Other,,0,False,False
2937,14:15:19.000,14:15:18.000,14:15:19.000,1,23419.0000,23419.0000,23410.0000,23410.0000,2795,-9.0000,43.7000,,42.8000,,Other,,0,False,False
2938,14:15:19.000,14:15:19.000,14:15:19.000,0,23410.0000,23410.0000,23410.0000,23410.0000,2145,0.0000,,,,,Other,,0,False,False
2939,14:15:20.000,14:15:20.000,14:15:20.000,0,23411.1000,23411.1000,23411.1000,23411.1000,1495,1.1000,44.0000,,42.0500,,Other,,0,False,False
2940,14:15:20.000,14:15:20.000,14:15:20.000,0,23411.1000,23411.1000,23411.1000,23411.1000,845,0.0000,,,,,Other,,0,False,False
2941,14:15:23.000,14:15:21.000,14:15:23.000,2,23410.0000,23417.0000,23409.1000,23409.1000,1040,-2.0000,44.690909090909090909090909091,,42.5900,,Other,,0,False,False
2942,14:15:24.000,14:15:23.000,14:15:24.000,1,23409.1000,23415.6000,23409.1000,23415.6000,2730,6.5000,46.2750,1.584090909090909090909090909,41.2750,-1.3150,Other,,0,False,False
2943,14:15:24.000,14:15:24.000,14:15:24.000,0,23415.6000,23415.6000,23415.6000,23415.6000,2080,0.0000,,,,,Other,,0,False,False
2944,14:15:25.000,14:15:25.000,14:15:25.000,0,23419.0000,23419.0000,23419.0000,23419.0000,1430,3.4000,46.0500,,42.6000,,Other,,0,False,False
2945,14:15:25.000,14:15:25.000,14:15:25.000,0,23419.0000,23419.0000,23419.0000,23419.0000,780,0.0000,,,,,Other,,0,False,False
2946,14:15:26.000,14:15:26.000,14:15:26.000,0,23418.0000,23418.0000,23418.0000,23418.0000,2860,-1.0000,45.6500,,42.8750,,Other,,0,False,False
2947,14:15:26.000,14:15:26.000,14:15:26.000,0,23418.0000,23418.0000,23418.0000,23418.0000,2210,0.0000,,,,,Other,,0,False,False
2948,14:15:27.000,14:15:27.000,14:15:27.000,0,23413.6000,23413.6000,23413.6000,23413.6000,1560,-4.4000,45.3500,,42.0500,,Other,,0,False,False
2949,14:15:27.000,14:15:27.000,14:15:27.000,0,23413.6000,23413.6000,23413.6000,23413.6000,910,0.0000,,,,,Other,,0,False,False
2950,14:15:29.000,14:15:28.000,14:15:29.000,1,23412.1000,23416.8000,23412.1000,23413.7000,715,0.1000,45.2000,,41.8000,,Other,,0,False,False
2951,14:15:31.000,14:15:29.000,14:15:31.000,2,23413.7000,23418.0000,23410.0000,23418.0000,1885,4.3000,44.328571428571428571428571429,-0.871428571428571428571428571,42.1500,0.3500,A,A,1,False,False
2952,14:15:31.000,14:15:31.000,14:15:31.000,0,23418.0000,23418.0000,23418.0000,23418.0000,1235,0.0000,,,,,Other,,0,False,False
2953,14:15:33.000,14:15:31.000,14:15:33.000,2,23413.6000,23417.5000,23408.7000,23417.5000,1365,-0.5000,39.9500,,44.7500,,Other,,0,False,False
2954,14:15:33.000,14:15:33.000,14:15:33.000,0,23417.5000,23417.5000,23417.5000,23417.5000,715,0.0000,,,,,Other,,0,False,False
2955,14:15:34.000,14:15:33.000,14:15:34.000,1,23412.9000,23412.9000,23412.9000,23412.9000,1040,-4.6000,35.5500,,46.6750,,Other,,0,False,False
2956,14:15:36.000,14:15:34.000,14:15:36.000,2,23412.9000,23412.9000,23399.1000,23399.1000,2080,-13.8000,35.466666666666666666666666667,-0.083333333333333333333333333,47.533333333333333333333333333,0.858333333333333333333333333,Other,,0,False,False
2957,14:15:36.000,14:15:36.000,14:15:36.000,0,23399.1000,23399.1000,23399.1000,23399.1000,1430,0.0000,,,,,Other,,0,False,False
2958,14:15:36.000,14:15:36.000,14:15:36.000,0,23397.1000,23397.1000,23397.1000,23397.1000,780,-2.0000,,,,,Other,,0,False,False
2959,14:15:39.000,14:15:36.000,14:15:39.000,3,23397.1000,23408.7000,23396.9000,23396.9000,715,-0.2000,35.1800,,48.9500,,Other,,0,False,False
2960,14:15:44.000,14:15:39.000,14:15:44.000,5,23396.9000,23407.0000,23389.8000,23389.8000,975,-7.1000,34.4375,-0.7425,50.317647058823529411764705882,1.367647058823529411764705882,Other,,0,False,False
2961,14:15:46.000,14:15:44.000,14:15:46.000,2,23389.8000,23389.8000,23386.6000,23386.6000,1300,-3.2000,31.571428571428571428571428571,-2.866071428571428571428571429,53.216666666666666666666666667,2.899019607843137254901960785,Other,,0,False,False
2962,14:15:46.000,14:15:46.000,14:15:46.000,0,23386.6000,23386.6000,23386.6000,23386.6000,650,0.0000,,,,,Other,,0,False,False
2963,14:15:48.000,14:15:46.000,14:15:48.000,2,23386.0000,23399.2000,23384.7000,23399.2000,845,12.6000,30.166666666666666666666666667,,54.783333333333333333333333333,,Other,,0,False,False
2964,14:15:51.000,14:15:48.000,14:15:51.000,3,23399.2000,23399.2000,23385.5000,23385.5000,1170,-13.7000,29.3100,-0.856666666666666666666666667,53.6400,-1.143333333333333333333333333,Other,,0,False,False
2965,14:15:53.000,14:15:51.000,14:15:53.000,2,23385.5000,23386.8000,23385.3000,23385.3000,780,-0.2000,29.6250,0.3150,54.1000,0.4600,Other,,0,False,False
2966,14:15:59.000,14:15:53.000,14:15:59.000,6,23385.3000,23388.7000,23380.0000,23380.0000,910,-5.3000,29.2950,-0.3300,55.583333333333333333333333333,1.483333333333333333333333333,Other,,0,False,False
2967,14:16:01.000,14:15:59.000,14:16:01.000,2,23380.0000,23383.0000,23380.0000,23380.0000,2340,0.0000,28.035714285714285714285714286,-1.259285714285714285714285714,57.628571428571428571428571429,2.045238095238095238095238096,Other,,0,False,False
2968,14:16:01.000,14:16:01.000,14:16:01.000,0,23380.0000,23380.0000,23380.0000,23380.0000,1690,0.0000,,,,,Other,,0,False,False
2969,14:16:01.000,14:16:01.000,14:16:01.000,0,23378.4000,23378.4000,23378.4000,23378.4000,1040,-1.6000,,,,,Other,,0,False,False
2970,14:16:03.000,14:16:01.000,14:16:03.000,2,23378.4000,23378.8000,23378.4000,23378.8000,1950,0.4000,29.033333333333333333333333333,,57.383333333333333333333333333,,Other,,0,False,False
2971,14:16:03.000,14:16:03.000,14:16:03.000,0,23378.8000,23378.8000,23378.8000,23378.8000,1300,0.0000,,,,,Other,,0,False,False
2972,14:16:03.000,14:16:03.000,14:16:03.000,0,23379.5000,23379.5000,23379.5000,23379.5000,650,0.7000,,,,,Other,,0,False,False
2973,14:16:09.000,14:16:03.000,14:16:09.000,6,23379.5000,23390.0000,23379.3000,23379.3000,1625,-0.2000,29.1450,,59.485714285714285714285714286,,Other,,0,False,False
2974,14:16:09.000,14:16:09.000,14:16:09.000,0,23379.3000,23379.3000,23379.3000,23379.3000,975,0.0000,,,,,Other,,0,False,False
2975,14:16:21.000,14:16:11.000,14:16:21.000,10,23379.3000,23389.6000,23379.3000,23388.9000,780,9.6000,27.158333333333333333333333333,,62.129411764705882352941176471,,Other,,0,False,False
2976,14:16:26.000,14:16:21.000,14:16:26.000,5,23388.9000,23388.9000,23373.5000,23374.6000,1105,-14.3000,51.5375,,34.492857142857142857142857143,,Other,,0,False,False
2977,14:16:28.000,14:16:26.000,14:16:28.000,2,23374.6000,23387.5000,23374.6000,23375.2000,780,0.6000,28.883333333333333333333333333,,60.8000,,Other,,0,False,False
2978,14:16:39.000,14:16:28.000,14:16:39.000,11,23375.2000,23381.8000,23375.2000,23379.5000,715,4.3000,29.137837837837837837837837838,0.254504504504504504504504505,61.442857142857142857142857143,0.642857142857142857142857143,Other,,0,False,False
2979,14:16:46.000,14:16:39.000,14:16:46.000,7,23379.5000,23385.0000,23378.4000,23385.0000,715,5.5000,30.5500,1.412162162162162162162162162,59.345454545454545454545454545,-2.097402597402597402597402598,Other,,0,False,False
2980,14:16:53.000,14:16:46.000,14:16:53.000,7,23385.0000,23388.9000,23380.0000,23388.9000,780,3.9000,29.727272727272727272727272727,-0.822727272727272727272727273,59.4750,0.129545454545454545454545455,A,A,1,False,False
2981,14:16:59.000,14:16:53.000,14:16:59.000,6,23388.9000,23388.9000,23385.0000,23388.0000,715,-0.9000,30.8850,1.157727272727272727272727273,57.2700,-2.2050,B,B,1,False,False
2982,14:17:02.000,14:16:59.000,14:17:02.000,3,23388.0000,23389.0000,23383.1000,23389.0000,650,1.0000,30.836363636363636363636363636,-0.048636363636363636363636364,57.8500,0.5800,A,A,1,False,False
2983,14:17:07.000,14:17:02.000,14:17:07.000,5,23389.0000,23389.0000,23388.0000,23389.0000,1495,0.0000,31.7000,0.863636363636363636363636364,56.7250,-1.1250,Other,,0,False,False
2984,14:17:07.000,14:17:07.000,14:17:07.000,0,23389.0000,23389.0000,23389.0000,23389.0000,845,0.0000,,,,,Other,,0,False,False
2985,14:17:14.000,14:17:09.000,14:17:14.000,5,23389.0000,23395.0000,23389.0000,23389.0000,715,0.0000,33.2100,,54.344444444444444444444444444,,Other,,0,False,False
2986,14:17:15.000,14:17:14.000,14:17:15.000,1,23389.0000,23390.5000,23388.0000,23390.5000,845,1.5000,34.2000,0.9900,52.6500,-1.694444444444444444444444444,Other,,0,False,False
2987,14:17:19.000,14:17:15.000,14:17:19.000,4,23390.5000,23395.3000,23389.7000,23392.7000,3705,2.2000,35.014285714285714285714285714,0.814285714285714285714285714,51.533333333333333333333333333,-1.116666666666666666666666667,Other,,0,False,False
2988,14:17:19.000,14:17:19.000,14:17:19.000,0,23392.7000,23392.7000,23392.7000,23392.7000,3055,0.0000,,,,,Other,,0,False,False
2989,14:17:20.000,14:17:20.000,14:17:20.000,0,23391.3000,23391.3000,23391.3000,23391.3000,2405,-1.4000,36.0000,,51.5000,,Other,,0,False,False
2990,14:17:20.000,14:17:20.000,14:17:20.000,0,23391.3000,23391.3000,23391.3000,23391.3000,1755,0.0000,,,,,Other,,0,False,False
2991,14:17:20.000,14:17:20.000,14:17:20.000,0,23391.3000,23391.3000,23391.3000,23391.3000,1300,0.0000,,,,,Other,,0,False,False
2992,14:17:20.000,14:17:20.000,14:17:20.000,0,23391.3000,23391.3000,23391.3000,23391.3000,650,0.0000,,,,,Other,,0,False,False
2993,14:17:27.000,14:17:22.000,14:17:27.000,5,23391.3000,23398.9000,23391.3000,23398.0000,2405,6.7000,34.6550,,52.9250,,Other,,0,False,False
2994,14:17:27.000,14:17:27.000,14:17:27.000,0,23398.0000,23398.0000,23398.0000,23398.0000,1755,0.0000,,,,,Other,,0,False,False
2995,14:17:29.000,14:17:29.000,14:17:29.000,0,23398.0000,23398.0000,23398.0000,23398.0000,1105,0.0000,35.1000,,52.8000,,Other,,0,False,False
2996,14:17:34.000,14:17:29.000,14:17:34.000,5,23398.0000,23398.0000,23390.3000,23390.3000,715,-7.7000,35.011764705882352941176470588,-0.088235294117647058823529412,52.726666666666666666666666667,-0.073333333333333333333333333,Other,,0,False,False
2997,14:17:37.000,14:17:34.000,14:17:37.000,3,23390.3000,23397.0000,23388.7000,23397.0000,1105,6.7000,33.6400,-1.371764705882352941176470588,54.4800,1.753333333333333333333333333,A,A,1,False,False
2998,14:17:40.000,14:17:37.000,14:17:40.000,3,23397.0000,23398.0000,23397.0000,23398.0000,975,1.0000,34.7750,1.1350,53.1625,-1.3175,Other,,0,False,False
2999,14:17:42.000,14:17:40.000,14:17:42.000,2,23398.0000,23398.0000,23389.7000,23398.0000,650,0.0000,34.9125,0.1375,52.9250,-0.2375,Other,,0,False,False
3000,14:17:52.000,14:17:42.000,14:17:52.000,10,23398.0000,23398.9000,23393.0000,23398.9000,3510,0.9000,36.83125,1.91875,51.16875,-1.75625,Other,,0,False,False
3001,14:17:52.000,14:17:52.000,14:17:52.000,0,23398.9000,23398.9000,23398.9000,23398.9000,2860,0.0000,,,,,Other,,0,False,False
3002,14:17:54.000,14:17:54.000,14:17:54.000,0,23398.9000,23398.9000,23398.9000,23398.9000,5005,0.0000,39.0750,,48.8250,,Other,,0,False,False
3003,14:17:54.000,14:17:54.000,14:17:54.000,0,23398.9000,23398.9000,23398.9000,23398.9000,4355,0.0000,,,,,Other,,0,False,False
3004,14:17:55.000,14:17:55.000,14:17:55.000,0,23398.9000,23398.9000,23398.9000,23398.9000,5590,0.0000,38.7500,,49.1000,,Other,,0,False,False
3005,14:17:55.000,14:17:55.000,14:17:55.000,0,23398.9000,23398.9000,23398.9000,23398.9000,4940,0.0000,,,,,Other,,0,False,False
3006,14:17:56.000,14:17:56.000,14:17:56.000,0,23400.0000,23400.0000,23400.0000,23400.0000,4290,1.1000,38.2500,,49.5500,,Other,,0,False,False
3007,14:17:56.000,14:17:56.000,14:17:56.000,0,23400.0000,23400.0000,23400.0000,23400.0000,3640,0.0000,,,,,Other,,0,False,False
3008,14:17:57.000,14:17:57.000,14:17:57.000,0,23399.7000,23399.7000,23399.7000,23399.7000,5330,-0.3000,38.7250,,48.4000,,Other,,0,False,False
3009,14:17:57.000,14:17:57.000,14:17:57.000,0,23399.7000,23399.7000,23399.7000,23399.7000,4680,0.0000,,,,,Other,,0,False,False
3010,14:17:57.000,14:17:57.000,14:17:57.000,0,23400.0000,23400.0000,23400.0000,23400.0000,4030,0.3000,,,,,Other,,0,False,False
3011,14:17:57.000,14:17:57.000,14:17:57.000,0,23400.0000,23400.0000,23400.0000,23400.0000,3380,0.0000,,,,,Other,,0,False,False
3012,14:17:59.000,14:17:59.000,14:17:59.000,0,23400.0000,23400.0000,23400.0000,23400.0000,3900,0.0000,38.6250,,48.4250,,Other,,0,False,False
3013,14:17:59.000,14:17:59.000,14:17:59.000,0,23400.0000,23400.0000,23400.0000,23400.0000,3250,0.0000,,,,,Other,,0,False,False
3014,14:17:59.000,14:17:59.000,14:17:59.000,0,23400.0000,23400.0000,23400.0000,23400.0000,2600,0.0000,,,,,Other,,0,False,False
3015,14:17:59.000,14:17:59.000,14:17:59.000,0,23400.0000,23400.0000,23400.0000,23400.0000,1950,0.0000,,,,,Other,,0,False,False
3016,14:18:00.000,14:18:00.000,14:18:00.000,0,23400.0000,23400.0000,23400.0000,23400.0000,1300,0.0000,39.1600,,47.8800,,Other,,0,False,False
3017,14:18:00.000,14:18:00.000,14:18:00.000,0,23404.0000,23404.0000,23404.0000,23404.0000,1300,4.0000,,,,,Other,,0,False,False
3018,14:18:00.000,14:18:00.000,14:18:00.000,0,23404.0000,23404.0000,23404.0000,23404.0000,650,0.0000,,,,,Other,,0,False,False
3019,14:18:04.000,14:18:01.000,14:18:04.000,3,23399.7000,23403.3000,23399.7000,23403.3000,1560,-0.7000,39.1000,,48.791666666666666666666666667,,Other,,0,False,False
3020,14:18:04.000,14:18:04.000,14:18:04.000,0,23403.3000,23403.3000,23403.3000,23403.3000,910,0.0000,,,,,Other,,0,False,False
3021,14:18:07.000,14:18:05.000,14:18:07.000,2,23403.3000,23403.3000,23399.5000,23399.5000,650,-3.8000,38.0600,,49.9200,,Other,,0,False,False
3022,14:18:12.000,14:18:07.000,14:18:12.000,5,23399.5000,23404.0000,23399.0000,23399.0000,845,-0.5000,36.68125,-1.37875,51.435714285714285714285714286,1.515714285714285714285714286,Other,,0,False,False
3023,14:18:20.000,14:18:12.000,14:18:20.000,8,23399.0000,23407.0000,23398.7000,23398.7000,845,-0.3000,38.030769230769230769230769231,1.349519230769230769230769231,49.854166666666666666666666667,-1.581547619047619047619047619,B,B,1,False,False
3024,14:18:30.000,14:18:20.000,14:18:30.000,10,23398.7000,23405.4000,23398.7000,23405.4000,780,6.7000,36.504545454545454545454545455,-1.526223776223776223776223776,51.978787878787878787878787879,2.124621212121212121212121212,A,A,1,False,False
3025,14:18:37.000,14:18:30.000,14:18:37.000,7,23405.4000,23405.4000,23394.0000,23405.1000,780,-0.3000,34.263636363636363636363636364,-2.240909090909090909090909091,53.940909090909090909090909091,1.962121212121212121212121212,Other,,0,False,False
3026,14:18:59.000,14:18:37.000,14:18:59.000,22,23405.1000,23405.1000,23391.0000,23401.3000,845,-3.8000,35.295714285714285714285714286,1.032077922077922077922077922,53.661764705882352941176470588,-0.279144385026737967914438503,B,B,1,False,False
3027,14:19:00.000,14:18:59.000,14:19:00.000,1,23401.3000,23405.0000,23401.3000,23405.0000,2470,3.7000,37.7900,2.494285714285714285714285714,51.3400,-2.321764705882352941176470588,Other,,0,False,False
3028,14:19:00.000,14:19:00.000,14:19:00.000,0,23405.0000,23405.0000,23405.0000,23405.0000,1820,0.0000,,,,,Other,,0,False,False
3029,14:19:01.000,14:19:01.000,14:19:01.000,0,23393.2000,23393.2000,23393.2000,23393.2000,1170,-11.8000,38.4000,,50.4000,,Other,,0,False,False
3030,14:19:02.000,14:19:01.000,14:19:02.000,1,23393.2000,23393.8000,23393.2000,23393.8000,1300,0.6000,37.2500,-1.1500,51.7500,1.3500,A,A,1,False,False
3031,14:19:02.000,14:19:02.000,14:19:02.000,0,23393.8000,23393.8000,23393.8000,23393.8000,650,0.0000,,,,,Other,,0,False,False
3032,14:19:18.000,14:19:03.000,14:19:18.000,15,23400.0000,23401.3000,23395.1000,23400.0000,780,6.2000,37.659615384615384615384615385,,51.371153846153846153846153846,,Other,,0,False,False
3033,14:19:26.000,14:19:18.000,14:19:26.000,8,23400.0000,23405.0000,23395.0000,23405.0000,780,5.0000,37.466666666666666666666666667,-0.192948717948717948717948718,51.4125,0.041346153846153846153846154,A,A,1,False,False
3034,14:19:36.000,14:19:26.000,14:19:36.000,10,23405.0000,23405.0000,23395.0000,23398.7000,780,-6.3000,37.357575757575757575757575758,-0.109090909090909090909090909,51.945454545454545454545454545,0.532954545454545454545454545,Other,,0,False,False
3035,14:19:55.000,14:19:36.000,14:19:55.000,19,23398.7000,23403.5000,23397.2000,23397.2000,975,-1.5000,37.562903225806451612903225806,0.205327468230694037145650048,51.535483870967741935483870968,-0.409970674486803519061583577,B,B,1,False,False
3036,14:19:58.000,14:19:55.000,14:19:58.000,3,23397.2000,23400.0000,23397.0000,23397.0000,5980,-0.2000,37.4800,-0.082903225806451612903225806,51.8400,0.304516129032258064516129032,Other,,0,False,False
3037,14:19:58.000,14:19:58.000,14:19:58.000,0,23397.0000,23397.0000,23397.0000,23397.0000,5330,0.0000,,,,,Other,,0,False,False
3038,14:20:00.000,14:20:00.000,14:20:00.000,0,23405.0000,23405.0000,23405.0000,23405.0000,4680,8.0000,37.5500,,51.6100,,Other,,0,False,False
3039,14:20:00.000,14:20:00.000,14:20:00.000,0,23405.0000,23405.0000,23405.0000,23405.0000,4030,0.0000,,,,,Other,,0,False,False
3040,14:20:00.000,14:20:00.000,14:20:00.000,0,23405.0000,23405.0000,23405.0000,23405.0000,3445,0.0000,,,,,Other,,0,False,False
3041,14:20:00.000,14:20:00.000,14:20:00.000,0,23405.0000,23405.0000,23405.0000,23405.0000,2795,0.0000,,,,,Other,,0,False,False
3042,14:20:00.000,14:20:00.000,14:20:00.000,0,23405.0000,23405.0000,23405.0000,23405.0000,2145,0.0000,,,,,Other,,0,False,False
3043,14:20:01.000,14:20:01.000,14:20:01.000,0,23405.0000,23405.0000,23405.0000,23405.0000,1560,0.0000,38.3500,,50.8500,,Other,,0,False,False
3044,14:20:01.000,14:20:01.000,14:20:01.000,0,23405.0000,23405.0000,23405.0000,23405.0000,910,0.0000,,,,,Other,,0,False,False
3045,14:20:13.000,14:20:03.000,14:20:13.000,10,23405.0000,23405.0000,23398.0000,23398.1000,650,-6.9000,38.255882352941176470588235294,,50.5000,,Other,,0,False,False
3046,14:20:21.000,14:20:13.000,14:20:21.000,8,23398.1000,23405.9000,23398.1000,23405.9000,1495,7.8000,40.145833333333333333333333333,1.889950980392156862745098039,47.966666666666666666666666667,-2.533333333333333333333333333,Other,,0,False,False
3047,14:20:21.000,14:20:21.000,14:20:21.000,0,23405.9000,23405.9000,23405.9000,23405.9000,845,0.0000,,,,,Other,,0,False,False
3048,14:20:26.000,14:20:22.000,14:20:26.000,4,23408.0000,23408.0000,23405.8000,23408.0000,845,2.1000,41.99375,,46.43125,,Other,,0,False,False
3049,14:20:28.000,14:20:26.000,14:20:28.000,2,23408.0000,23408.0000,23402.6000,23402.6000,975,-5.4000,41.9000,-0.09375,47.0125,0.58125,Other,,0,False,False
3050,14:20:29.000,14:20:28.000,14:20:29.000,1,23402.6000,23410.0000,23402.6000,23410.0000,1040,7.4000,42.8000,0.9000,46.0000,-1.0125,Other,,0,False,False
3051,14:20:31.000,14:20:29.000,14:20:31.000,2,23410.0000,23410.0000,23410.0000,23410.0000,780,0.0000,43.085714285714285714285714286,0.285714285714285714285714286,45.942857142857142857142857143,-0.057142857142857142857142857,Other,,0,False,False
3052,14:20:36.000,14:20:31.000,14:20:36.000,5,23410.0000,23410.0000,23406.8000,23410.0000,780,0.0000,43.05625,-0.029464285714285714285714286,45.9000,-0.042857142857142857142857143,Other,,0,False,False
3053,14:20:43.000,14:20:36.000,14:20:43.000,7,23410.0000,23413.7000,23409.3000,23410.0000,650,0.0000,43.0625,0.00625,45.116666666666666666666666667,-0.783333333333333333333333333,Other,,0,False,False
3054,14:20:48.000,14:20:43.000,14:20:48.000,5,23410.0000,23415.0000,23410.0000,23415.0000,715,5.0000,42.1500,-0.9125,45.4625,0.345833333333333333333333333,A,A,1,False,False
3055,14:20:51.000,14:20:48.000,14:20:51.000,3,23415.0000,23417.9000,23409.3000,23409.3000,2015,-5.7000,42.3875,0.2375,45.1750,-0.2875,B,B,1,False,False
3056,14:20:51.000,14:20:51.000,14:20:51.000,0,23409.3000,23409.3000,23409.3000,23409.3000,1365,0.0000,,,,,Other,,0,False,False
3057,14:20:53.000,14:20:53.000,14:20:53.000,0,23409.3000,23409.3000,23409.3000,23409.3000,715,0.0000,41.7750,,45.9500,,Other,,0,False,False
3058,14:20:58.000,14:20:53.000,14:20:58.000,5,23409.3000,23418.0000,23409.3000,23409.3000,780,0.0000,41.5625,-0.2125,46.3000,0.3500,Other,,0,False,False
3059,14:21:01.000,14:20:58.000,14:21:01.000,3,23409.3000,23418.6000,23408.1000,23408.1000,715,-1.2000,42.627777777777777777777777778,1.065277777777777777777777778,45.405555555555555555555555556,-0.894444444444444444444444444,B,B,1,False,False
3060,14:21:04.000,14:21:01.000,14:21:04.000,3,23408.1000,23419.9000,23408.1000,23419.9000,2860,11.8000,43.0200,0.392222222222222222222222222,45.2600,-0.145555555555555555555555556,Other,,0,False,False
3061,14:21:04.000,14:21:04.000,14:21:04.000,0,23419.9000,23419.9000,23419.9000,23419.9000,2210,0.0000,,,,,Other,,0,False,False
3062,14:21:06.000,14:21:06.000,14:21:06.000,0,23419.9000,23419.9000,23419.9000,23419.9000,1560,0.0000,42.7500,,45.8000,,Other,,0,False,False
3063,14:21:06.000,14:21:06.000,14:21:06.000,0,23419.9000,23419.9000,23419.9000,23419.9000,910,0.0000,,,,,Other,,0,False,False
3064,14:21:17.000,14:21:07.000,14:21:17.000,10,23419.9000,23420.0000,23412.0000,23412.0000,2925,-7.9000,43.920588235294117647058823529,,45.097222222222222222222222222,,Other,,0,False,False
3065,14:21:17.000,14:21:17.000,14:21:17.000,0,23412.0000,23412.0000,23412.0000,23412.0000,2275,0.0000,,,,,Other,,0,False,False
3066,14:21:19.000,14:21:19.000,14:21:19.000,0,23420.0000,23420.0000,23420.0000,23420.0000,2535,8.0000,48.4000,,40.0000,,Other,,0,False,False
3067,14:21:19.000,14:21:19.000,14:21:19.000,0,23420.0000,23420.0000,23420.0000,23420.0000,1885,0.0000,,,,,Other,,0,False,False
3068,14:21:21.000,14:21:21.000,14:21:21.000,0,23420.0000,23420.0000,23420.0000,23420.0000,1495,0.0000,47.3750,,41.4250,,Other,,0,False,False
3069,14:21:21.000,14:21:21.000,14:21:21.000,0,23420.0000,23420.0000,23420.0000,23420.0000,845,0.0000,,,,,Other,,0,False,False
3070,14:21:24.000,14:21:22.000,14:21:24.000,2,23420.0000,23420.0000,23414.7000,23420.0000,845,0.0000,47.7250,,41.0750,,Other,,0,False,False
3071,14:21:29.000,14:21:24.000,14:21:29.000,5,23420.0000,23421.0000,23413.0000,23413.0000,2080,-7.0000,46.50625,-1.21875,41.7750,0.7000,Other,,0,False,False
3072,14:21:29.000,14:21:29.000,14:21:29.000,0,23413.0000,23413.0000,23413.0000,23413.0000,1430,0.0000,,,,,Other,,0,False,False
3073,14:21:30.000,14:21:30.000,14:21:30.000,0,23413.0000,23413.0000,23413.0000,23413.0000,780,0.0000,44.8400,,43.0600,,Other,,0,False,False
3074,14:21:34.000,14:21:31.000,14:21:34.000,3,23413.0000,23421.0000,23412.0000,23412.0000,975,-1.0000,43.033333333333333333333333333,-1.806666666666666666666666667,44.9250,1.8650,Other,,0,False,False
3075,14:21:35.000,14:21:34.000,14:21:35.000,1,23412.0000,23422.0000,23406.4000,23406.4000,2015,-5.6000,41.5000,-1.533333333333333333333333333,46.1000,1.1750,Other,,0,False,False
3076,14:21:35.000,14:21:35.000,14:21:35.000,0,23406.4000,23406.4000,23406.4000,23406.4000,1365,0.0000,,,,,Other,,0,False,False
3077,14:21:37.000,14:21:37.000,14:21:37.000,0,23419.8000,23419.8000,23419.8000,23419.8000,715,13.4000,41.2500,,46.6000,,Other,,0,False,False
3078,14:21:39.000,14:21:37.000,14:21:39.000,2,23419.8000,23419.8000,23405.4000,23419.6000,1495,-0.2000,41.8500,0.6000,46.233333333333333333333333333,-0.366666666666666666666666667,B,B,1,False,False
3079,14:21:39.000,14:21:39.000,14:21:39.000,0,23419.6000,23419.6000,23419.6000,23419.6000,845,0.0000,,,,,Other,,0,False,False
3080,14:21:49.000,14:21:40.000,14:21:49.000,9,23420.0000,23421.9000,23410.0000,23421.9000,3640,2.3000,42.878125,,45.573333333333333333333333333,,Other,,0,False,False
3081,14:21:49.000,14:21:49.000,14:21:49.000,0,23421.9000,23421.9000,23421.9000,23421.9000,2990,0.0000,,,,,Other,,0,False,False
3082,14:21:49.000,14:21:49.000,14:21:49.000,0,23410.1000,23410.1000,23410.1000,23410.1000,2340,-11.8000,,,,,Other,,0,False,False
3083,14:21:49.000,14:21:49.000,14:21:49.000,0,23410.1000,23410.1000,23410.1000,23410.1000,1690,0.0000,,,,,Other,,0,False,False
3084,14:21:50.000,14:21:50.000,14:21:50.000,0,23420.0000,23420.0000,23420.0000,23420.0000,1755,9.9000,43.1750,,45.6750,,Other,,0,False,False
3085,14:21:50.000,14:21:50.000,14:21:50.000,0,23420.0000,23420.0000,23420.0000,23420.0000,1105,0.0000,,,,,Other,,0,False,False
3086,14:21:52.000,14:21:50.000,14:21:52.000,2,23413.0000,23420.0000,23413.0000,23420.0000,715,0.0000,42.8000,,46.033333333333333333333333333,,Other,,0,False,False
3087,14:21:59.000,14:21:52.000,14:21:59.000,7,23420.0000,23420.0000,23407.4000,23407.4000,1820,-12.6000,42.772727272727272727272727273,-0.027272727272727272727272727,45.945454545454545454545454545,-0.087878787878787878787878788,Other,,0,False,False
3088,14:21:59.000,14:21:59.000,14:21:59.000,0,23407.4000,23407.4000,23407.4000,23407.4000,1170,0.0000,,,,,Other,,0,False,False
3089,14:22:02.000,14:22:00.000,14:22:02.000,2,23407.4000,23419.0000,23407.0000,23419.0000,1105,11.6000,41.259090909090909090909090909,,47.386363636363636363636363636,,Other,,0,False,False
3090,14:22:04.000,14:22:02.000,14:22:04.000,2,23419.0000,23419.0000,23405.6000,23405.6000,650,-13.4000,41.283333333333333333333333333,0.024242424242424242424242424,47.283333333333333333333333333,-0.103030303030303030303030303,B,B,1,False,False
3091,14:22:12.000,14:22:04.000,14:22:12.000,8,23405.6000,23418.9000,23405.6000,23405.7000,780,0.1000,42.184615384615384615384615385,0.901282051282051282051282052,46.480769230769230769230769231,-0.802564102564102564102564102,Other,,0,False,False
3092,14:22:17.000,14:22:12.000,14:22:17.000,5,23405.7000,23409.6000,23405.7000,23409.6000,715,3.9000,42.7000,0.515384615384615384615384615,46.4125,-0.068269230769230769230769231,Other,,0,False,False
3093,14:22:30.000,14:22:17.000,14:22:30.000,13,23409.6000,23418.9000,23405.7000,23412.0000,650,2.4000,43.672093023255813953488372093,0.972093023255813953488372093,45.626744186046511627906976744,-0.785755813953488372093023256,Other,,0,False,False
3094,14:22:32.000,14:22:30.000,14:22:32.000,2,23412.0000,23420.0000,23408.4000,23408.4000,780,-3.6000,44.316666666666666666666666667,0.644573643410852713178294574,45.183333333333333333333333333,-0.443410852713178294573643411,B,B,1,False,False
3095,14:22:45.000,14:22:32.000,14:22:45.000,13,23408.4000,23420.0000,23408.4000,23410.0000,715,1.6000,44.142857142857142857142857143,-0.173809523809523809523809524,44.947619047619047619047619048,-0.235714285714285714285714285,Other,,0,False,False
3096,14:22:57.000,14:22:45.000,14:22:57.000,12,23410.0000,23420.0000,23410.0000,23410.0000,1105,0.0000,43.289473684210526315789473684,-0.853383458646616541353383459,45.455555555555555555555555556,0.507936507936507936507936508,Other,,0,False,False
3097,14:23:05.000,14:22:57.000,14:23:05.000,8,23410.0000,23420.0000,23410.0000,23410.0000,650,0.0000,41.851851851851851851851851852,-1.437621832358674463937621832,45.851851851851851851851851852,0.396296296296296296296296296,Other,,0,False,False
3098,14:23:15.000,14:23:05.000,14:23:15.000,10,23410.0000,23418.0000,23410.0000,23410.1000,715,0.1000,43.4200,1.568148148148148148148148148,44.943333333333333333333333333,-0.908518518518518518518518519,Other,,0,False,False
3099,14:23:25.000,14:23:15.000,14:23:25.000,10,23410.1000,23419.0000,23410.0000,23410.0000,975,-0.1000,43.7250,0.3050,45.11875,0.175416666666666666666666667,Other,,0,False,False
3100,14:23:34.000,14:23:25.000,14:23:34.000,9,23410.0000,23419.0000,23410.0000,23419.0000,715,9.0000,43.525806451612903225806451613,-0.199193548387096774193548387,45.411290322580645161290322581,0.292540322580645161290322581,A,A,1,False,False
3101,14:23:35.000,14:23:34.000,14:23:35.000,1,23419.0000,23419.0000,23410.0000,23410.0000,715,-9.0000,43.7000,0.174193548387096774193548387,45.5500,0.138709677419354838709677419,Other,,0,False,False
3102,14:23:37.000,14:23:35.000,14:23:37.000,2,23410.0000,23420.0000,23410.0000,23420.0000,6175,10.0000,44.066666666666666666666666667,0.366666666666666666666666667,45.066666666666666666666666667,-0.483333333333333333333333333,Other,,0,False,False
3103,14:23:37.000,14:23:37.000,14:23:37.000,0,23420.0000,23420.0000,23420.0000,23420.0000,5525,0.0000,,,,,Other,,0,False,False
3104,14:23:37.000,14:23:37.000,14:23:37.000,0,23409.9000,23409.9000,23409.9000,23409.9000,4875,-10.1000,,,,,Other,,0,False,False
3105,14:23:37.000,14:23:37.000,14:23:37.000,0,23409.9000,23409.9000,23409.9000,23409.9000,4225,0.0000,,,,,Other,,0,False,False
3106,14:23:39.000,14:23:39.000,14:23:39.000,0,23409.9000,23409.9000,23409.9000,23409.9000,4420,0.0000,44.0750,,44.8250,,Other,,0,False,False
3107,14:23:39.000,14:23:39.000,14:23:39.000,0,23409.9000,23409.9000,23409.9000,23409.9000,3770,0.0000,,,,,Other,,0,False,False
3108,14:23:39.000,14:23:39.000,14:23:39.000,0,23423.5000,23423.5000,23423.5000,23423.5000,3120,13.6000,,,,,Other,,0,False,False
3109,14:23:39.000,14:23:39.000,14:23:39.000,0,23423.5000,23423.5000,23423.5000,23423.5000,2470,0.0000,,,,,Other,,0,False,False
3110,14:23:40.000,14:23:40.000,14:23:40.000,0,23423.5000,23423.5000,23423.5000,23423.5000,2470,0.0000,44.6000,,44.4500,,Other,,0,False,False
3111,14:23:40.000,14:23:40.000,14:23:40.000,0,23423.5000,23423.5000,23423.5000,23423.5000,1820,0.0000,,,,,Other,,0,False,False
3112,14:23:42.000,14:23:42.000,14:23:42.000,0,23423.5000,23423.5000,23423.5000,23423.5000,1170,0.0000,43.8000,,45.5000,,Other,,0,False,False
3113,14:23:49.000,14:23:42.000,14:23:49.000,7,23423.5000,23423.5000,23410.0000,23410.0000,650,-13.5000,42.883333333333333333333333333,-0.916666666666666666666666667,46.254166666666666666666666667,0.754166666666666666666666667,Other,,0,False,False
3114,14:23:54.000,14:23:49.000,14:23:54.000,5,23410.0000,23422.7000,23410.0000,23422.7000,1170,12.7000,43.15625,0.272916666666666666666666667,45.96875,-0.285416666666666666666666667,Other,,0,False,False
3115,14:23:55.000,14:23:54.000,14:23:55.000,1,23422.7000,23422.7000,23410.1000,23410.1000,650,-12.6000,42.8500,-0.30625,46.4500,0.48125,Other,,0,False,False
3116,14:23:58.000,14:23:55.000,14:23:58.000,3,23410.1000,23410.1000,23406.0000,23410.0000,1495,-0.1000,40.1600,-2.6900,47.8400,1.3900,Other,,0,False,False
3117,14:23:58.000,14:23:58.000,14:23:58.000,0,23410.0000,23410.0000,23410.0000,23410.0000,845,0.0000,,,,,Other,,0,False,False
3118,14:24:00.000,14:23:59.000,14:24:00.000,1,23404.0000,23405.0000,23404.0000,23405.0000,975,-5.0000,38.107142857142857142857142857,,48.671428571428571428571428571,,Other,,0,False,False
3119,14:24:02.000,14:24:00.000,14:24:02.000,2,23405.0000,23409.1000,23404.0000,23404.0000,910,-1.0000,37.7000,-0.407142857142857142857142857,48.916666666666666666666666667,0.245238095238095238095238096,Other,,0,False,False
3120,14:24:03.000,14:24:02.000,14:24:03.000,1,23404.0000,23404.1000,23404.0000,23404.1000,2730,0.1000,37.5500,-0.1500,48.7750,-0.141666666666666666666666667,Other,,0,False,False
3121,14:24:03.000,14:24:03.000,14:24:03.000,0,23404.1000,23404.1000,23404.1000,23404.1000,2080,0.0000,,,,,Other,,0,False,False
3122,14:24:05.000,14:24:05.000,14:24:05.000,0,23408.6000,23408.6000,23408.6000,23408.6000,1430,4.5000,37.9000,,49.1500,,Other,,0,False,False
3123,14:24:05.000,14:24:05.000,14:24:05.000,0,23408.6000,23408.6000,23408.6000,23408.6000,780,0.0000,,,,,Other,,0,False,False
3124,14:24:07.000,14:24:05.000,14:24:07.000,2,23405.0000,23416.7000,23405.0000,23416.7000,780,8.1000,38.0000,,49.283333333333333333333333333,,Other,,0,False,False
3125,14:24:10.000,14:24:07.000,14:24:10.000,3,23416.7000,23416.7000,23400.9000,23400.9000,4810,-15.8000,36.7000,-1.3000,49.9500,0.666666666666666666666666667,Other,,0,False,False
3126,14:24:10.000,14:24:10.000,14:24:10.000,0,23400.9000,23400.9000,23400.9000,23400.9000,4160,0.0000,,,,,Other,,0,False,False
3127,14:24:11.000,14:24:11.000,14:24:11.000,0,23400.2000,23400.2000,23400.2000,23400.2000,3510,-0.7000,34.3750,,51.3750,,Other,,0,False,False
3128,14:24:11.000,14:24:11.000,14:24:11.000,0,23400.2000,23400.2000,23400.2000,23400.2000,2860,0.0000,,,,,Other,,0,False,False
3129,14:24:12.000,14:24:12.000,14:24:12.000,0,23400.0000,23400.0000,23400.0000,23400.0000,2210,-0.2000,35.6250,,50.8000,,Other,,0,False,False
3130,14:24:12.000,14:24:12.000,14:24:12.000,0,23400.0000,23400.0000,23400.0000,23400.0000,1560,0.0000,,,,,Other,,0,False,False
3131,14:24:12.000,14:24:12.000,14:24:12.000,0,23400.0000,23400.0000,23400.0000,23400.0000,6305,0.0000,,,,,Other,,0,False,False
3132,14:24:12.000,14:24:12.000,14:24:12.000,0,23400.0000,23400.0000,23400.0000,23400.0000,5655,0.0000,,,,,Other,,0,False,False
3133,14:24:13.000,14:24:13.000,14:24:13.000,0,23413.6000,23413.6000,23413.6000,23413.6000,5005,13.6000,36.4000,,49.9250,,Other,,0,False,False
3134,14:24:13.000,14:24:13.000,14:24:13.000,0,23413.6000,23413.6000,23413.6000,23413.6000,4355,0.0000,,,,,Other,,0,False,False
3135,14:24:14.000,14:24:14.000,14:24:14.000,0,23413.6000,23413.6000,23413.6000,23413.6000,3770,0.0000,36.2500,,50.0250,,Other,,0,False,False
3136,14:24:14.000,14:24:14.000,14:24:14.000,0,23413.6000,23413.6000,23413.6000,23413.6000,3120,0.0000,,,,,Other,,0,False,False
3137,14:24:14.000,14:24:14.000,14:24:14.000,0,23401.1000,23401.1000,23401.1000,23401.1000,2470,-12.5000,,,,,Other,,0,False,False
3138,14:24:14.000,14:24:14.000,14:24:14.000,0,23401.1000,23401.1000,23401.1000,23401.1000,1820,0.0000,,,,,Other,,0,False,False
3139,14:24:15.000,14:24:15.000,14:24:15.000,0,23401.1000,23401.1000,23401.1000,23401.1000,1300,0.0000,36.3500,,49.9000,,Other,,0,False,False
3140,14:24:15.000,14:24:15.000,14:24:15.000,0,23401.1000,23401.1000,23401.1000,23401.1000,650,0.0000,,,,,Other,,0,False,False
3141,14:24:42.000,14:24:17.000,14:24:42.000,25,23401.2000,23416.2000,23401.2000,23402.0000,715,0.9000,37.312962962962962962962962963,,48.603614457831325301204819277,,Other,,0,False,False
3142,14:24:45.000,14:24:42.000,14:24:45.000,3,23402.0000,23402.0000,23394.2000,23394.2000,1950,-7.8000,34.2900,-3.022962962962962962962962963,51.0000,2.396385542168674698795180723,Other,,0,False,False
3143,14:24:45.000,14:24:45.000,14:24:45.000,0,23394.2000,23394.2000,23394.2000,23394.2000,1300,0.0000,,,,,Other,,0,False,False
3144,14:24:46.000,14:24:46.000,14:24:46.000,0,23397.0000,23397.0000,23397.0000,23397.0000,650,2.8000,34.1750,,51.5750,,Other,,0,False,False
3145,14:24:50.000,14:24:46.000,14:24:50.000,4,23397.0000,23398.0000,23394.1000,23394.2000,910,-2.8000,33.416666666666666666666666667,-0.758333333333333333333333333,52.466666666666666666666666667,0.891666666666666666666666667,Other,,0,False,False
3146,14:24:54.000,14:24:50.000,14:24:54.000,4,23394.2000,23394.9000,23394.1000,23394.8000,1625,0.6000,32.871428571428571428571428571,-0.545238095238095238095238096,53.1000,0.633333333333333333333333333,A,A,1,False,False
3147,14:24:54.000,14:24:54.000,14:24:54.000,0,23394.8000,23394.8000,23394.8000,23394.8000,975,0.0000,,,,,Other,,0,False,False
3148,14:24:55.000,14:24:55.000,14:24:55.000,0,23394.1000,23394.1000,23394.1000,23394.1000,3575,-0.7000,32.0000,,54.4500,,Other,,0,False,False
3149,14:24:55.000,14:24:55.000,14:24:55.000,0,23394.1000,23394.1000,23394.1000,23394.1000,2925,0.0000,,,,,Other,,0,False,False
3150,14:24:57.000,14:24:57.000,14:24:57.000,0,23395.1000,23395.1000,23395.1000,23395.1000,2275,1.0000,32.1000,,54.6500,,Other,,0,False,False
3151,14:24:57.000,14:24:57.000,14:24:57.000,0,23395.1000,23395.1000,23395.1000,23395.1000,1625,0.0000,,,,,Other,,0,False,False
3152,14:24:57.000,14:24:57.000,14:24:57.000,0,23395.1000,23395.1000,23395.1000,23395.1000,2405,0.0000,,,,,Other,,0,False,False
3153,14:24:57.000,14:24:57.000,14:24:57.000,0,23395.1000,23395.1000,23395.1000,23395.1000,1755,0.0000,,,,,Other,,0,False,False
3154,14:24:57.000,14:24:57.000,14:24:57.000,0,23390.1000,23390.1000,23390.1000,23390.1000,1105,-5.0000,,,,,Other,,0,False,False
3155,14:24:59.000,14:24:57.000,14:24:59.000,2,23390.1000,23394.1000,23390.1000,23394.1000,1625,4.0000,32.6750,,54.0875,,Other,,0,False,False
3156,14:24:59.000,14:24:59.000,14:24:59.000,0,23394.1000,23394.1000,23394.1000,23394.1000,975,0.0000,,,,,Other,,0,False,False
3157,14:25:04.000,14:25:00.000,14:25:04.000,4,23394.1000,23394.1000,23390.3000,23391.7000,845,-2.4000,33.429411764705882352941176471,,53.794117647058823529411764706,,Other,,0,False,False
3158,14:25:17.000,14:25:04.000,14:25:17.000,13,23391.7000,23404.7000,23391.7000,23394.2000,845,2.5000,34.6950,1.265588235294117647058823529,52.9375,-0.856617647058823529411764706,Other,,0,False,False
3159,14:25:29.000,14:25:17.000,14:25:29.000,12,23394.2000,23403.0000,23394.2000,23402.0000,650,7.8000,36.5850,1.8900,50.7825,-2.1550,Other,,0,False,False
3160,14:25:37.000,14:25:29.000,14:25:37.000,8,23402.0000,23404.0000,23399.0000,23399.0000,715,-3.0000,37.4320,0.8470,49.910869565217391304347826087,-0.871630434782608695652173913,B,B,1,False,False
3161,14:25:44.000,14:25:37.000,14:25:44.000,7,23399.0000,23404.7000,23399.0000,23399.6000,650,0.6000,37.620833333333333333333333333,0.188833333333333333333333333,50.422727272727272727272727273,0.511857707509881422924901186,Other,,0,False,False
3162,14:25:45.000,14:25:44.000,14:25:45.000,1,23399.6000,23405.0000,23399.6000,23405.0000,1105,5.4000,39.7000,2.079166666666666666666666667,47.8000,-2.622727272727272727272727273,Other,,0,False,False
3163,14:25:47.000,14:25:45.000,14:25:47.000,2,23405.0000,23405.0000,23404.7000,23404.7000,780,-0.3000,39.433333333333333333333333333,-0.266666666666666666666666667,47.783333333333333333333333333,-0.016666666666666666666666667,Other,,0,False,False
3164,14:25:54.000,14:25:47.000,14:25:54.000,7,23404.7000,23405.0000,23404.7000,23405.0000,715,0.3000,39.616666666666666666666666667,0.183333333333333333333333334,47.583333333333333333333333333,-0.200000000000000000000000000,Other,,0,False,False
3165,14:26:12.000,14:25:54.000,14:26:12.000,18,23405.0000,23410.0000,23405.0000,23405.0000,975,0.0000,39.625438596491228070175438596,0.008771929824561403508771929,48.05084745762711864406779661,0.467514124293785310734463277,Other,,0,False,False
3166,14:26:28.000,14:26:12.000,14:26:28.000,16,23405.0000,23410.0000,23404.7000,23410.0000,715,5.0000,38.758333333333333333333333333,-0.867105263157894736842105263,48.791666666666666666666666667,0.740819209039548022598870057,A,A,1,False,False
3167,14:26:42.000,14:26:28.000,14:26:42.000,14,23410.0000,23412.0000,23409.0000,23412.0000,1820,2.0000,40.054255319148936170212765957,1.295921985815602836879432624,47.264444444444444444444444444,-1.527222222222222222222222223,Other,,0,False,False
3168,14:26:42.000,14:26:42.000,14:26:42.000,0,23412.0000,23412.0000,23412.0000,23412.0000,1170,0.0000,,,,,Other,,0,False,False
3169,14:26:45.000,14:26:43.000,14:26:45.000,2,23412.0000,23414.9000,23412.0000,23414.9000,650,2.9000,40.5900,,46.2500,,Other,,0,False,False
3170,14:26:56.000,14:26:45.000,14:26:56.000,11,23414.9000,23416.0000,23407.9000,23411.6000,650,-3.3000,41.197058823529411764705882353,0.607058823529411764705882353,45.602777777777777777777777778,-0.647222222222222222222222222,B,B,1,False,False
3171,14:27:05.000,14:26:56.000,14:27:05.000,9,23411.6000,23415.0000,23410.0000,23410.0000,975,-1.6000,41.296774193548387096774193548,0.099715370018975332068311195,45.914516129032258064516129032,0.311738351254480286738351254,Other,,0,False,False
3172,14:27:08.000,14:27:05.000,14:27:08.000,3,23410.0000,23415.1000,23409.9000,23415.1000,2925,5.1000,39.4875,-1.809274193548387096774193548,47.7500,1.835483870967741935483870968,A,A,1,False,False
3173,14:27:08.000,14:27:08.000,14:27:08.000,0,23415.1000,23415.1000,23415.1000,23415.1000,2275,0.0000,,,,,Other,,0,False,False
3174,14:27:09.000,14:27:09.000,14:27:09.000,0,23415.1000,23415.1000,23415.1000,23415.1000,1625,0.0000,38.5500,,48.7000,,Other,,0,False,False
3175,14:27:09.000,14:27:09.000,14:27:09.000,0,23415.1000,23415.1000,23415.1000,23415.1000,975,0.0000,,,,,Other,,0,False,False
3176,14:27:19.000,14:27:10.000,14:27:19.000,9,23416.0000,23416.0000,23403.1000,23403.1000,1625,-12.0000,38.415625,,48.983333333333333333333333333,,Other,,0,False,False
3177,14:27:19.000,14:27:19.000,14:27:19.000,0,23403.1000,23403.1000,23403.1000,23403.1000,975,0.0000,,,,,Other,,0,False,False
3178,14:27:29.000,14:27:21.000,14:27:29.000,8,23403.1000,23415.1000,23402.0000,23403.9000,1040,0.8000,37.867857142857142857142857143,,49.2750,,Other,,0,False,False
3179,14:27:48.000,14:27:29.000,14:27:48.000,19,23403.9000,23409.0000,23403.9000,23409.0000,780,5.1000,39.953968253968253968253968254,2.086111111111111111111111111,47.783606557377049180327868852,-1.491393442622950819672131148,Other,,0,False,False
3180,14:27:54.000,14:27:48.000,14:27:54.000,6,23409.0000,23415.0000,23406.7000,23406.7000,650,-2.3000,40.344444444444444444444444444,0.390476190476190476190476190,47.694444444444444444444444444,-0.089162112932604735883424408,B,B,1,False,False
3181,14:28:01.000,14:27:54.000,14:28:01.000,7,23406.7000,23406.7000,23404.1000,23404.1000,715,-2.6000,39.565217391304347826086956522,-0.779227053140096618357487922,48.206521739130434782608695652,0.512077294685990338164251208,Other,,0,False,False
3182,14:28:07.000,14:28:01.000,14:28:07.000,6,23404.1000,23405.9000,23404.0000,23404.0000,780,-0.1000,38.3000,-1.265217391304347826086956522,49.483333333333333333333333333,1.276811594202898550724637681,Other,,0,False,False
3183,14:28:09.000,14:28:07.000,14:28:09.000,2,23404.0000,23413.0000,23399.0000,23413.0000,715,9.0000,37.416666666666666666666666667,-0.883333333333333333333333333,50.2625,0.779166666666666666666666667,A,A,1,False,False
3184,14:28:17.000,14:28:09.000,14:28:17.000,8,23413.0000,23413.0000,23399.0000,23400.0000,1560,-13.0000,36.695833333333333333333333333,-0.720833333333333333333333334,51.379166666666666666666666667,1.116666666666666666666666667,Other,,0,False,False
3185,14:28:17.000,14:28:17.000,14:28:17.000,0,23400.0000,23400.0000,23400.0000,23400.0000,910,0.0000,,,,,Other,,0,False,False
3186,14:28:44.000,14:28:19.000,14:28:44.000,25,23400.0000,23412.0000,23399.1000,23412.0000,650,12.0000,37.255555555555555555555555556,,50.952941176470588235294117647,,Other,,0,False,False
3187,14:28:51.000,14:28:44.000,14:28:51.000,7,23412.0000,23412.0000,23401.8000,23401.8000,845,-10.2000,38.240909090909090909090909091,0.985353535353535353535353535,50.0000,-0.952941176470588235294117647,B,B,1,False,False
3188,14:29:01.000,14:28:51.000,14:29:01.000,10,23401.8000,23403.3000,23401.8000,23403.1000,845,1.3000,39.034285714285714285714285714,0.793376623376623376623376623,49.016666666666666666666666667,-0.983333333333333333333333333,Other,,0,False,False
3189,14:29:07.000,14:29:01.000,14:29:07.000,6,23403.1000,23415.0000,23403.1000,23415.0000,975,11.9000,39.6750,0.640714285714285714285714286,48.288888888888888888888888889,-0.727777777777777777777777778,Other,,0,False,False
3190,14:29:19.000,14:29:07.000,14:29:19.000,12,23415.0000,23415.0000,23407.0000,23415.0000,1105,0.0000,39.326315789473684210526315789,-0.348684210526315789473684211,48.278947368421052631578947368,-0.009941520467836257309941521,Other,,0,False,False
3191,14:29:22.000,14:29:19.000,14:29:22.000,3,23415.0000,23415.0000,23404.1000,23415.0000,780,0.0000,38.6600,-0.666315789473684210526315789,48.5800,0.301052631578947368421052632,Other,,0,False,False
3192,14:29:30.000,14:29:22.000,14:29:30.000,8,23415.0000,23415.0000,23405.0000,23405.0000,780,-10.0000,38.6500,-0.0100,48.72962962962962962962962963,0.14962962962962962962962963,Other,,0,False,False
3193,14:29:32.000,14:29:30.000,14:29:32.000,2,23405.0000,23405.0000,23404.0000,23404.0000,1105,-1.0000,38.0000,-0.6500,49.4500,0.72037037037037037037037037,Other,,0,False,False
3194,14:29:33.000,14:29:32.000,14:29:33.000,1,23404.0000,23415.0000,23404.0000,23415.0000,1430,11.0000,38.4000,0.4000,48.9750,-0.4750,Other,,0,False,False
3195,14:29:33.000,14:29:33.000,14:29:33.000,0,23415.0000,23415.0000,23415.0000,23415.0000,780,0.0000,,,,,Other,,0,False,False
3196,14:29:37.000,14:29:35.000,14:29:37.000,2,23408.0000,23408.0000,23403.6000,23403.6000,2210,-11.4000,38.7300,,48.7400,,Other,,0,False,False
3197,14:29:37.000,14:29:37.000,14:29:37.000,0,23403.6000,23403.6000,23403.6000,23403.6000,1560,0.0000,,,,,Other,,0,False,False
3198,14:29:38.000,14:29:38.000,14:29:38.000,0,23403.6000,23403.6000,23403.6000,23403.6000,910,0.0000,38.5000,,48.9500,,Other,,0,False,False
3199,14:29:52.000,14:29:38.000,14:29:52.000,14,23403.6000,23410.0000,23403.1000,23405.0000,1040,1.4000,38.302380952380952380952380952,-0.197619047619047619047619048,49.077272727272727272727272727,0.127272727272727272727272727,A,A,1,False,False
3200,14:29:53.000,14:29:52.000,14:29:53.000,1,23405.0000,23405.0000,23403.1000,23403.1000,1690,-1.9000,37.3000,-1.002380952380952380952380952,50.1000,1.022727272727272727272727273,Other,,0,False,False
3201,14:29:53.000,14:29:53.000,14:29:53.000,0,23403.1000,23403.1000,23403.1000,23403.1000,1040,0.0000,,,,,Other,,0,False,False
3202,14:29:58.000,14:29:55.000,14:29:58.000,3,23403.1000,23414.9000,23401.0000,23401.0000,650,-2.1000,36.9000,,50.328571428571428571428571429,,Other,,0,False,False
3203,14:30:03.000,14:29:58.000,14:30:03.000,5,23401.0000,23415.0000,23400.5000,23415.0000,2210,14.0000,37.511764705882352941176470588,0.611764705882352941176470588,49.194117647058823529411764706,-1.134453781512605042016806723,Other,,0,False,False
3204,14:30:03.000,14:30:03.000,14:30:03.000,0,23415.0000,23415.0000,23415.0000,23415.0000,1560,0.0000,,,,,Other,,0,False,False
3205,14:30:04.000,14:30:04.000,14:30:04.000,0,23403.2000,23403.2000,23403.2000,23403.2000,910,-11.8000,37.8000,,48.9000,,Other,,0,False,False
3206,14:30:11.000,14:30:04.000,14:30:11.000,7,23403.2000,23415.0000,23403.2000,23404.3000,1170,1.1000,38.9400,1.1400,47.745454545454545454545454545,-1.154545454545454545454545455,Other,,0,False,False
3207,14:30:15.000,14:30:11.000,14:30:15.000,4,23404.3000,23414.0000,23404.3000,23414.0000,780,9.7000,38.935714285714285714285714286,-0.004285714285714285714285714,47.8000,0.054545454545454545454545455,A,A,1,False,False
3208,14:30:21.000,14:30:15.000,14:30:21.000,6,23414.0000,23415.0000,23402.3000,23415.0000,650,1.0000,38.094444444444444444444444444,-0.841269841269841269841269842,48.761111111111111111111111111,0.961111111111111111111111111,A,A,2,True,False
3209,14:30:40.000,14:30:21.000,14:30:40.000,19,23415.0000,23415.0000,23402.1000,23402.3000,780,-12.7000,38.028571428571428571428571429,-0.065873015873015873015873015,48.566666666666666666666666667,-0.194444444444444444444444444,Other,,0,False,False
3210,14:30:50.000,14:30:40.000,14:30:50.000,10,23402.3000,23413.3000,23402.3000,23413.3000,3120,11.0000,37.876470588235294117647058824,-0.152100840336134453781512605,48.435294117647058823529411765,-0.131372549019607843137254902,Other,,0,False,False
3211,14:30:50.000,14:30:50.000,14:30:50.000,0,23413.3000,23413.3000,23413.3000,23413.3000,2470,0.0000,,,,,Other,,0,False,False
3212,14:30:51.000,14:30:51.000,14:30:51.000,0,23400.0000,23400.0000,23400.0000,23400.0000,1820,-13.3000,35.4500,,51.0500,,Other,,0,False,False
3213,14:30:51.000,14:30:51.000,14:30:51.000,0,23400.0000,23400.0000,23400.0000,23400.0000,1170,0.0000,,,,,Other,,0,False,False
3214,14:30:52.000,14:30:52.000,14:30:52.000,0,23400.0000,23400.0000,23400.0000,23400.0000,910,0.0000,35.3500,,51.1250,,Other,,0,False,False
3215,14:30:53.000,14:30:52.000,14:30:53.000,1,23400.0000,23400.0000,23398.0000,23398.0000,780,-2.0000,35.8000,0.4500,50.9500,-0.1750,B,B,1,False,False
3216,14:31:08.000,14:30:53.000,14:31:08.000,15,23398.0000,23411.6000,23398.0000,23404.0000,650,6.0000,37.030392156862745098039215686,1.230392156862745098039215686,49.252941176470588235294117647,-1.697058823529411764705882353,Other,,0,False,False
3217,14:31:13.000,14:31:08.000,14:31:13.000,5,23404.0000,23404.0000,23400.1000,23400.1000,1105,-3.9000,37.6875,0.657107843137254901960784314,48.90625,-0.346691176470588235294117647,B,B,1,False,False
3218,14:31:28.000,14:31:13.000,14:31:28.000,15,23400.1000,23410.0000,23400.1000,23401.4000,910,1.3000,37.70625,0.01875,49.010416666666666666666666667,0.104166666666666666666666667,Other,,0,False,False
3219,14:31:35.000,14:31:28.000,14:31:35.000,7,23401.4000,23411.4000,23401.4000,23411.4000,1430,10.0000,36.402173913043478260869565217,-1.304076086956521739130434783,50.282608695652173913043478261,1.272192028985507246376811594,A,A,1,False,False
3220,14:31:35.000,14:31:35.000,14:31:35.000,0,23411.4000,23411.4000,23411.4000,23411.4000,780,0.0000,,,,,Other,,0,False,False
3221,14:31:53.000,14:31:36.000,14:31:53.000,17,23411.4000,23411.4000,23400.1000,23405.0000,1105,-6.4000,37.631481481481481481481481481,,48.981034482758620689655172414,,Other,,0,False,False
3222,14:31:54.000,14:31:53.000,14:31:54.000,1,23405.0000,23414.1000,23405.0000,23414.1000,715,9.1000,37.8750,0.243518518518518518518518519,48.8500,-0.131034482758620689655172414,Other,,0,False,False
3223,14:32:04.000,14:31:54.000,14:32:04.000,10,23414.1000,23414.1000,23403.1000,23403.1000,650,-11.0000,38.034848484848484848484848485,0.159848484848484848484848485,48.593548387096774193548387097,-0.256451612903225806451612903,B,B,1,False,False
3224,14:32:16.000,14:32:04.000,14:32:16.000,12,23403.1000,23413.9000,23403.1000,23413.9000,1365,10.8000,37.7500,-0.284848484848484848484848485,49.005263157894736842105263158,0.411714770797962648556876061,A,A,1,False,False
3225,14:32:16.000,14:32:16.000,14:32:16.000,0,23413.9000,23413.9000,23413.9000,23413.9000,715,0.0000,,,,,Other,,0,False,False
3226,14:32:39.000,14:32:17.000,14:32:39.000,22,23413.1000,23414.0000,23400.0000,23414.0000,1625,0.1000,38.870666666666666666666666667,,47.223333333333333333333333333,,Other,,0,False,False
3227,14:32:39.000,14:32:39.000,14:32:39.000,0,23414.0000,23414.0000,23414.0000,23414.0000,975,0.0000,,,,,Other,,0,False,False
3228,14:32:47.000,14:32:40.000,14:32:47.000,7,23414.0000,23415.1000,23414.0000,23415.1000,2080,1.1000,40.803571428571428571428571429,,45.292307692307692307692307692,,Other,,0,False,False
3229,14:32:47.000,14:32:47.000,14:32:47.000,0,23415.1000,23415.1000,23415.1000,23415.1000,1430,0.0000,,,,,Other,,0,False,False
3230,14:32:49.000,14:32:49.000,14:32:49.000,0,23415.1000,23415.1000,23415.1000,23415.1000,780,0.0000,40.7500,,45.8000,,Other,,0,False,False
3231,14:33:04.000,14:32:49.000,14:33:04.000,15,23415.1000,23416.9000,23405.8000,23410.0000,715,-5.1000,39.895098039215686274509803922,-0.854901960784313725490196078,47.084693877551020408163265306,1.284693877551020408163265306,Other,,0,False,False
3232,14:33:12.000,14:33:04.000,14:33:12.000,8,23410.0000,23415.0000,23403.0000,23403.0000,910,-7.0000,37.991666666666666666666666667,-1.903431372549019607843137255,48.983333333333333333333333333,1.898639455782312925170068027,Other,,0,False,False
3233,14:33:18.000,14:33:12.000,14:33:18.000,6,23403.0000,23413.9000,23403.0000,23403.2000,1300,0.2000,38.2300,0.238333333333333333333333333,48.8700,-0.113333333333333333333333333,Other,,0,False,False
3234,14:33:18.000,14:33:18.000,14:33:18.000,0,23403.2000,23403.2000,23403.2000,23403.2000,650,0.0000,,,,,Other,,0,False,False
3235,14:33:28.000,14:33:19.000,14:33:28.000,9,23403.3000,23405.0000,23403.3000,23405.0000,975,1.8000,39.01875,,48.328125,,Other,,0,False,False
3236,14:33:32.000,14:33:28.000,14:33:32.000,4,23405.0000,23407.0000,23405.0000,23405.0000,715,0.0000,39.396666666666666666666666667,0.377916666666666666666666667,47.426923076923076923076923077,-0.901201923076923076923076923,Other,,0,False,False
3237,14:33:50.000,14:33:32.000,14:33:50.000,18,23405.0000,23405.0000,23403.0000,23403.0000,2015,-2.0000,38.279310344827586206896551724,-1.117356321839080459770114943,48.262068965517241379310344828,0.835145888594164456233421751,Other,,0,False,False
3238,14:33:50.000,14:33:50.000,14:33:50.000,0,23403.0000,23403.0000,23403.0000,23403.0000,1365,0.0000,,,,,Other,,0,False,False
3239,14:33:51.000,14:33:51.000,14:33:51.000,0,23410.0000,23410.0000,23410.0000,23410.0000,715,7.0000,36.7000,,49.5000,,Other,,0,False,False
3240,14:33:55.000,14:33:51.000,14:33:55.000,4,23410.0000,23410.0000,23397.0000,23397.0000,5005,-13.0000,35.2250,-1.4750,50.816666666666666666666666667,1.316666666666666666666666667,Other,,0,False,False
3241,14:33:55.000,14:33:55.000,14:33:55.000,0,23397.0000,23397.0000,23397.0000,23397.0000,4355,0.0000,,,,,Other,,0,False,False
3242,14:33:57.000,14:33:57.000,14:33:57.000,0,23397.0000,23397.0000,23397.0000,23397.0000,4810,0.0000,33.9000,,51.4500,,Other,,0,False,False
3243,14:33:57.000,14:33:57.000,14:33:57.000,0,23397.0000,23397.0000,23397.0000,23397.0000,4160,0.0000,,,,,Other,,0,False,False
3244,14:33:58.000,14:33:58.000,14:33:58.000,0,23406.1000,23406.1000,23406.1000,23406.1000,3575,9.1000,33.8500,,51.9000,,Other,,0,False,False
3245,14:33:58.000,14:33:58.000,14:33:58.000,0,23406.1000,23406.1000,23406.1000,23406.1000,2925,0.0000,,,,,Other,,0,False,False
3246,14:34:00.000,14:34:00.000,14:34:00.000,0,23406.1000,23406.1000,23406.1000,23406.1000,2275,0.0000,33.2900,,52.2500,,Other,,0,False,False
3247,14:34:00.000,14:34:00.000,14:34:00.000,0,23406.1000,23406.1000,23406.1000,23406.1000,1625,0.0000,,,,,Other,,0,False,False
3248,14:34:00.000,14:34:00.000,14:34:00.000,0,23406.1000,23406.1000,23406.1000,23406.1000,975,0.0000,,,,,Other,,0,False,False
3249,14:34:05.000,14:34:00.000,14:34:05.000,5,23393.8000,23404.9000,23392.7000,23404.9000,845,-1.2000,33.14375,,53.0000,,Other,,0,False,False
3250,14:34:21.000,14:34:05.000,14:34:21.000,16,23404.9000,23404.9000,23404.9000,23404.9000,650,0.0000,33.8880,0.74425,52.6460,-0.3540,Other,,0,False,False
3251,14:34:22.000,14:34:21.000,14:34:22.000,1,23404.9000,23404.9000,23393.5000,23393.5000,1040,-11.4000,31.8500,-2.0380,54.7750,2.1290,Other,,0,False,False
3252,14:34:24.000,14:34:22.000,14:34:24.000,2,23393.5000,23393.5000,23393.0000,23393.0000,5135,-0.5000,32.1000,0.2500,54.5000,-0.2750,B,B,1,False,False
3253,14:34:24.000,14:34:24.000,14:34:24.000,0,23393.0000,23393.0000,23393.0000,23393.0000,4485,0.0000,,,,,Other,,0,False,False
3254,14:34:25.000,14:34:25.000,14:34:25.000,0,23404.4000,23404.4000,23404.4000,23404.4000,3835,11.4000,31.8250,,54.0750,,Other,,0,False,False
3255,14:34:25.000,14:34:25.000,14:34:25.000,0,23404.4000,23404.4000,23404.4000,23404.4000,3185,0.0000,,,,,Other,,0,False,False
3256,14:34:26.000,14:34:26.000,14:34:26.000,0,23393.0000,23393.0000,23393.0000,23393.0000,3640,-11.4000,32.1500,,53.6000,,Other,,0,False,False
3257,14:34:26.000,14:34:26.000,14:34:26.000,0,23393.0000,23393.0000,23393.0000,23393.0000,2990,0.0000,,,,,Other,,0,False,False
3258,14:34:27.000,14:34:27.000,14:34:27.000,0,23393.0000,23393.0000,23393.0000,23393.0000,2340,0.0000,31.9250,,53.7000,,Other,,0,False,False
3259,14:34:27.000,14:34:27.000,14:34:27.000,0,23393.0000,23393.0000,23393.0000,23393.0000,1690,0.0000,,,,,Other,,0,False,False
3260,14:34:28.000,14:34:28.000,14:34:28.000,0,23404.1000,23404.1000,23404.1000,23404.1000,1040,11.1000,32.0000,,53.6750,,Other,,0,False,False
3261,14:34:31.000,14:34:28.000,14:34:31.000,3,23404.1000,23404.1000,23393.0000,23400.2000,4615,-3.9000,29.844444444444444444444444444,-2.155555555555555555555555556,55.192857142857142857142857143,1.517857142857142857142857143,Other,,0,False,False
3262,14:34:31.000,14:34:31.000,14:34:31.000,0,23400.2000,23400.2000,23400.2000,23400.2000,3965,0.0000,,,,,Other,,0,False,False
3263,14:34:32.000,14:34:32.000,14:34:32.000,0,23389.2000,23389.2000,23389.2000,23389.2000,3315,-11.0000,28.7500,,56.1500,,Other,,0,False,False
3264,14:34:32.000,14:34:32.000,14:34:32.000,0,23389.2000,23389.2000,23389.2000,23389.2000,2665,0.0000,,,,,Other,,0,False,False
3265,14:34:32.000,14:34:32.000,14:34:32.000,0,23389.2000,23389.2000,23389.2000,23389.2000,3510,0.0000,,,,,Other,,0,False,False
3266,14:34:32.000,14:34:32.000,14:34:32.000,0,23389.2000,23389.2000,23389.2000,23389.2000,2860,0.0000,,,,,Other,,0,False,False
3267,14:34:34.000,14:34:34.000,14:34:34.000,0,23389.2000,23389.2000,23389.2000,23389.2000,2210,0.0000,29.5500,,55.3500,,Other,,0,False,False
3268,14:34:34.000,14:34:34.000,14:34:34.000,0,23389.2000,23389.2000,23389.2000,23389.2000,1560,0.0000,,,,,Other,,0,False,False
3269,14:34:35.000,14:34:35.000,14:34:35.000,0,23400.2000,23400.2000,23400.2000,23400.2000,975,11.0000,30.0250,,54.7500,,Other,,0,False,False
3270,14:34:42.000,14:34:35.000,14:34:42.000,7,23400.2000,23400.2000,23388.0000,23388.0000,1040,-12.2000,29.8400,-0.1850,55.2100,0.4600,Other,,0,False,False
3271,14:34:45.000,14:34:42.000,14:34:45.000,3,23388.0000,23396.6000,23386.0000,23386.0000,1820,-2.0000,28.6500,-1.1900,56.9800,1.7700,Other,,0,False,False
3272,14:34:45.000,14:34:45.000,14:34:45.000,0,23386.0000,23386.0000,23386.0000,23386.0000,1170,0.0000,,,,,Other,,0,False,False
3273,14:34:47.000,14:34:47.000,14:34:47.000,0,23385.6000,23385.6000,23385.6000,23385.6000,715,-0.4000,27.8000,,57.8500,,Other,,0,False,False
3274,14:35:01.000,14:34:47.000,14:35:01.000,14,23385.6000,23392.7000,23383.9000,23386.0000,2535,0.4000,29.356976744186046511627906977,1.556976744186046511627906977,55.965555555555555555555555556,-1.884444444444444444444444444,Other,,0,False,False
3275,14:35:01.000,14:35:01.000,14:35:01.000,0,23386.0000,23386.0000,23386.0000,23386.0000,1885,0.0000,,,,,Other,,0,False,False
3276,14:35:02.000,14:35:02.000,14:35:02.000,0,23387.9000,23387.9000,23387.9000,23387.9000,1235,1.9000,30.7500,,54.7000,,Other,,0,False,False
3277,14:35:02.000,14:35:02.000,14:35:02.000,0,23387.9000,23387.9000,23387.9000,23387.9000,910,0.0000,,,,,Other,,0,False,False
3278,14:35:04.000,14:35:02.000,14:35:04.000,2,23387.9000,23398.8000,23387.9000,23388.4000,975,0.5000,31.083333333333333333333333333,,54.7500,,Other,,0,False,False
3279,14:35:06.000,14:35:04.000,14:35:06.000,2,23388.4000,23399.0000,23388.4000,23399.0000,650,10.6000,31.4000,0.316666666666666666666666667,54.433333333333333333333333333,-0.316666666666666666666666667,Other,,0,False,False
3280,14:35:27.000,14:35:06.000,14:35:27.000,21,23399.0000,23399.0000,23393.0000,23393.4000,650,-5.6000,32.8765625,1.4765625,52.158823529411764705882352941,-2.274509803921568627450980392,B,B,1,False,False
3281,14:35:39.000,14:35:27.000,14:35:39.000,12,23393.4000,23398.8000,23392.8000,23392.8000,2600,-0.6000,31.883333333333333333333333333,-0.993229166666666666666666667,53.720512820512820512820512821,1.561689291101055806938159880,Other,,0,False,False
3282,14:35:39.000,14:35:39.000,14:35:39.000,0,23392.8000,23392.8000,23392.8000,23392.8000,1950,0.0000,,,,,Other,,0,False,False
3283,14:35:40.000,14:35:40.000,14:35:40.000,0,23390.0000,23390.0000,23390.0000,23390.0000,1300,-2.8000,31.5250,,53.8250,,Other,,0,False,False
3284,14:35:40.000,14:35:40.000,14:35:40.000,0,23390.0000,23390.0000,23390.0000,23390.0000,650,0.0000,,,,,Other,,0,False,False
3285,14:35:42.000,14:35:40.000,14:35:42.000,2,23390.0000,23395.8000,23390.0000,23395.8000,845,5.8000,32.8750,,51.9500,,Other,,0,False,False
3286,14:35:44.000,14:35:42.000,14:35:44.000,2,23395.8000,23397.1000,23395.8000,23397.1000,715,1.3000,34.916666666666666666666666667,2.041666666666666666666666667,49.066666666666666666666666667,-2.883333333333333333333333333,Other,,0,False,False
3287,14:35:47.000,14:35:44.000,14:35:47.000,3,23397.1000,23398.8000,23397.1000,23397.8000,715,0.7000,34.7300,-0.186666666666666666666666667,48.8800,-0.186666666666666666666666667,Other,,0,False,False
3288,14:35:52.000,14:35:47.000,14:35:52.000,5,23397.8000,23398.9000,23397.8000,23398.9000,650,1.1000,34.66875,-0.06125,48.91875,0.03875,A,A,1,False,False
3289,14:35:54.000,14:35:52.000,14:35:54.000,2,23398.9000,23409.9000,23398.9000,23409.9000,910,11.0000,34.5500,-0.11875,49.3375,0.41875,A,A,2,True,False
3290,14:35:57.000,14:35:54.000,14:35:57.000,3,23409.9000,23409.9000,23398.9000,23398.9000,715,-11.0000,34.4100,-0.1400,49.5125,0.1750,Other,,0,False,False
3291,14:36:10.000,14:35:57.000,14:36:10.000,13,23398.9000,23411.8000,23398.9000,23404.4000,1560,5.5000,35.338372093023255813953488372,0.928372093023255813953488372,48.719767441860465116279069767,-0.792732558139534883720930233,Other,,0,False,False
3292,14:36:10.000,14:36:10.000,14:36:10.000,0,23404.4000,23404.4000,23404.4000,23404.4000,910,0.0000,,,,,Other,,0,False,False
3293,14:36:17.000,14:36:12.000,14:36:17.000,5,23404.4000,23409.9000,23398.9000,23398.9000,780,-5.5000,35.1750,,49.0050,,Other,,0,False,False
3294,14:36:22.000,14:36:17.000,14:36:22.000,5,23398.9000,23404.6000,23398.1000,23398.1000,1170,-0.8000,34.7250,-0.4500,49.26875,0.26375,Other,,0,False,False
3295,14:36:24.000,14:36:22.000,14:36:24.000,2,23398.1000,23407.4000,23398.1000,23401.0000,845,2.9000,33.4000,-1.3250,50.633333333333333333333333333,1.364583333333333333333333333,A,A,1,False,False
3296,14:36:25.000,14:36:24.000,14:36:25.000,1,23401.0000,23406.9000,23401.0000,23406.9000,845,5.9000,33.3250,-0.0750,50.6750,0.041666666666666666666666667,A,A,2,True,False
3297,14:36:28.000,14:36:25.000,14:36:28.000,3,23406.9000,23406.9000,23398.0000,23398.1000,1040,-8.8000,34.4900,1.1650,49.3000,-1.3750,B,B,1,False,False
3298,14:36:32.000,14:36:28.000,14:36:32.000,4,23398.1000,23398.1000,23398.0000,23398.1000,650,0.0000,35.311538461538461538461538462,0.821538461538461538461538462,48.188461538461538461538461538,-1.111538461538461538461538462,Other,,0,False,False
3299,14:36:50.000,14:36:32.000,14:36:50.000,18,23398.1000,23409.0000,23398.1000,23409.0000,780,10.9000,36.644827586206896551724137931,1.333289124668435013262599469,45.978571428571428571428571429,-2.209890109890109890109890109,Other,,0,False,False
3300,14:37:07.000,14:36:50.000,14:37:07.000,17,23409.0000,23409.5000,23398.7000,23398.7000,2665,-10.3000,36.1000,-0.544827586206896551724137931,46.684210526315789473684210526,0.705639097744360902255639097,Other,,0,False,False
3301,14:37:07.000,14:37:07.000,14:37:07.000,0,23398.7000,23398.7000,23398.7000,23398.7000,2015,0.0000,,,,,Other,,0,False,False
3302,14:37:08.000,14:37:08.000,14:37:08.000,0,23398.1000,23398.1000,23398.1000,23398.1000,1365,-0.6000,32.5000,,50.5250,,Other,,0,False,False
3303,14:37:08.000,14:37:08.000,14:37:08.000,0,23398.1000,23398.1000,23398.1000,23398.1000,715,0.0000,,,,,Other,,0,False,False
3304,14:37:08.000,14:37:08.000,14:37:08.000,0,23398.1000,23398.1000,23398.1000,23398.1000,715,0.0000,,,,,Other,,0,False,False
3305,14:37:12.000,14:37:08.000,14:37:12.000,4,23398.1000,23406.9000,23396.3000,23396.3000,910,-1.8000,32.841666666666666666666666667,,50.166666666666666666666666667,,Other,,0,False,False
3306,14:37:17.000,14:37:12.000,14:37:17.000,5,23396.3000,23398.7000,23396.3000,23398.7000,780,2.4000,32.54375,-0.297916666666666666666666667,50.6500,0.483333333333333333333333333,A,A,1,False,False
3307,14:37:27.000,14:37:17.000,14:37:27.000,10,23398.7000,23407.4000,23396.0000,23397.0000,715,-1.7000,32.9125,0.36875,50.3250,-0.3250,B,B,1,False,False
3308,14:37:28.000,14:37:27.000,14:37:28.000,1,23397.0000,23397.0000,23397.0000,23397.0000,1105,0.0000,32.4250,-0.4875,51.0000,0.6750,Other,,0,False,False
3309,14:37:30.000,14:37:28.000,14:37:30.000,2,23397.0000,23397.0000,23397.0000,23397.0000,1235,0.0000,31.892857142857142857142857143,-0.532142857142857142857142857,51.407142857142857142857142857,0.407142857142857142857142857,Other,,0,False,False
3310,14:37:35.000,14:37:30.000,14:37:35.000,5,23397.0000,23400.0000,23397.0000,23400.0000,650,3.0000,32.53125,0.638392857142857142857142857,50.68125,-0.725892857142857142857142857,Other,,0,False,False
3311,14:37:48.000,14:37:35.000,14:37:48.000,13,23400.0000,23400.0000,23393.8000,23395.6000,1495,-4.4000,31.7975,-0.73375,51.0875,0.40625,Other,,0,False,False
3312,14:37:48.000,14:37:48.000,14:37:48.000,0,23395.6000,23395.6000,23395.6000,23395.6000,845,0.0000,,,,,Other,,0,False,False
3313,14:37:57.000,14:37:48.000,14:37:57.000,9,23399.0000,23401.7000,23393.4000,23401.7000,1300,6.1000,31.878571428571428571428571429,,50.639285714285714285714285714,,Other,,0,False,False
3314,14:37:57.000,14:37:57.000,14:37:57.000,0,23401.7000,23401.7000,23401.7000,23401.7000,650,0.0000,,,,,Other,,0,False,False
3315,14:38:04.000,14:37:59.000,14:38:04.000,5,23401.7000,23401.7000,23396.6000,23396.6000,1430,-5.1000,33.897619047619047619047619048,,48.566666666666666666666666667,,Other,,0,False,False
3316,14:38:04.000,14:38:04.000,14:38:04.000,0,23396.6000,23396.6000,23396.6000,23396.6000,780,0.0000,,,,,Other,,0,False,False
3317,14:38:17.000,14:38:05.000,14:38:17.000,12,23399.8000,23399.8000,23396.6000,23397.1000,1625,0.5000,32.376190476190476190476190476,,50.5050,,Other,,0,False,False
3318,14:38:17.000,14:38:17.000,14:38:17.000,0,23397.1000,23397.1000,23397.1000,23397.1000,975,0.0000,,,,,Other,,0,False,False
3319,14:38:22.000,14:38:18.000,14:38:22.000,4,23397.5000,23397.5000,23395.0000,23395.0000,650,-2.1000,32.8875,,49.792857142857142857142857143,,Other,,0,False,False
3320,14:38:25.000,14:38:22.000,14:38:25.000,3,23395.0000,23395.0000,23394.0000,23394.4000,715,-0.6000,32.5000,-0.3875,50.1125,0.319642857142857142857142857,Other,,0,False,False
3321,14:38:30.000,14:38:25.000,14:38:30.000,5,23394.4000,23394.9000,23392.3000,23394.9000,1235,0.5000,32.123529411764705882352941176,-0.376470588235294117647058824,50.256666666666666666666666667,0.144166666666666666666666667,A,A,1,False,False
3322,14:38:32.000,14:38:30.000,14:38:32.000,2,23394.9000,23394.9000,23394.3000,23394.3000,715,-0.6000,33.2125,1.088970588235294117647058824,48.9000,-1.356666666666666666666666667,B,B,1,False,False
3323,14:38:50.000,14:38:32.000,14:38:50.000,18,23394.3000,23400.0000,23390.0000,23390.0000,1040,-4.3000,31.588888888888888888888888889,-1.623611111111111111111111111,50.605357142857142857142857143,1.705357142857142857142857143,Other,,0,False,False
3324,14:38:54.000,14:38:50.000,14:38:54.000,4,23390.0000,23390.0000,23386.1000,23386.1000,2080,-3.9000,28.492857142857142857142857143,-3.096031746031746031746031746,53.642857142857142857142857143,3.037500000000000000000000000,Other,,0,False,False
3325,14:38:54.000,14:38:54.000,14:38:54.000,0,23386.1000,23386.1000,23386.1000,23386.1000,1430,0.0000,,,,,Other,,0,False,False
3326,14:38:55.000,14:38:55.000,14:38:55.000,0,23398.7000,23398.7000,23398.7000,23398.7000,780,12.6000,28.8000,,53.1500,,Other,,0,False,False
3327,14:39:02.000,14:38:55.000,14:39:02.000,7,23398.7000,23398.7000,23386.9000,23392.4000,650,-6.3000,29.0600,0.2600,52.9960,-0.1540,B,B,1,False,False
3328,14:39:04.000,14:39:02.000,14:39:04.000,2,23392.4000,23392.4000,23390.0000,23390.0000,650,-2.4000,29.2000,0.1400,53.233333333333333333333333333,0.237333333333333333333333333,Other,,0,False,False
3329,14:39:14.000,14:39:04.000,14:39:14.000,10,23390.0000,23399.9000,23386.7000,23386.7000,650,-3.3000,29.48125,0.28125,53.18125,-0.052083333333333333333333333,B,B,1,False,False
3330,14:39:26.000,14:39:14.000,14:39:26.000,12,23386.7000,23400.0000,23386.7000,23388.9000,1040,2.2000,30.492105263157894736842105263,1.010855263157894736842105263,52.028947368421052631578947368,-1.152302631578947368421052632,Other,,0,False,False
3331,14:39:42.000,14:39:26.000,14:39:42.000,16,23388.9000,23393.0000,23388.3000,23393.0000,650,4.1000,30.666037735849056603773584906,0.173932472691161866931479643,52.065094339622641509433962264,0.036146971201588877855014896,Other,,0,False,False
3332,14:39:44.000,14:39:42.000,14:39:44.000,2,23393.0000,23393.0000,23388.6000,23388.6000,650,-4.4000,30.5500,-0.116037735849056603773584906,52.233333333333333333333333333,0.168238993710691823899371069,Other,,0,False,False
3333,14:40:08.000,14:39:44.000,14:40:08.000,24,23388.6000,23399.0000,23388.6000,23390.3000,650,1.7000,30.636708860759493670886075949,0.086708860759493670886075949,51.883544303797468354430379747,-0.349789029535864978902953586,Other,,0,False,False
3334,14:40:12.000,14:40:08.000,14:40:12.000,4,23390.3000,23400.0000,23390.0000,23390.0000,650,-0.3000,31.166666666666666666666666667,0.529957805907172995780590718,51.583333333333333333333333333,-0.300210970464135021097046414,B,B,1,False,False
3335,14:40:22.000,14:40:12.000,14:40:22.000,10,23390.0000,23399.9000,23390.0000,23399.9000,1820,9.9000,30.4500,-0.716666666666666666666666667,52.8750,1.291666666666666666666666667,A,A,1,False,False
3336,14:40:22.000,14:40:22.000,14:40:22.000,0,23399.9000,23399.9000,23399.9000,23399.9000,1170,0.0000,,,,,Other,,0,False,False
3337,14:40:23.000,14:40:22.000,14:40:23.000,1,23390.1000,23390.1000,23390.1000,23390.1000,910,-9.8000,30.6750,,52.5000,,Other,,0,False,False
3338,14:40:27.000,14:40:23.000,14:40:27.000,4,23390.1000,23400.0000,23390.0000,23390.0000,715,-0.1000,30.6750,0.0000,52.4500,-0.0500,Other,,0,False,False
3339,14:40:42.000,14:40:27.000,14:40:42.000,15,23390.0000,23390.0000,23388.0000,23388.0000,1040,-2.0000,30.469387755102040816326530612,-0.205612244897959183673469388,52.541176470588235294117647059,0.091176470588235294117647059,Other,,0,False,False
3340,14:40:45.000,14:40:42.000,14:40:45.000,3,23388.0000,23388.0000,23387.9000,23387.9000,780,-0.1000,28.4250,-2.044387755102040816326530612,54.6875,2.146323529411764705882352941,Other,,0,False,False
3341,14:41:00.000,14:40:45.000,14:41:00.000,15,23387.9000,23393.0000,23386.1000,23386.1000,650,-1.8000,29.046938775510204081632653061,0.621938775510204081632653061,53.749019607843137254901960784,-0.938480392156862745098039216,B,B,1,False,False
3342,14:41:10.000,14:41:00.000,14:41:10.000,10,23386.1000,23392.9000,23386.1000,23390.0000,715,3.9000,27.509375,-1.537563775510204081632653061,55.896875,2.147855392156862745098039216,A,A,1,False,False
3343,14:41:13.000,14:41:10.000,14:41:13.000,3,23390.0000,23392.6000,23385.0000,23385.0000,910,-5.0000,26.5250,-0.984375,56.7500,0.853125,Other,,0,False,False
3344,14:41:25.000,14:41:13.000,14:41:25.000,12,23385.0000,23387.0000,23383.0000,23387.0000,715,2.0000,25.9375,-0.5875,57.2000,0.4500,A,A,1,False,False
3345,14:41:33.000,14:41:25.000,14:41:33.000,8,23387.0000,23387.0000,23382.0000,23382.0000,1040,-5.0000,25.965217391304347826086956522,0.027717391304347826086956522,57.1200,-0.0800,B,B,1,False,False
3346,14:41:35.000,14:41:33.000,14:41:35.000,2,23382.0000,23382.0000,23380.0000,23380.0000,1105,-2.0000,26.366666666666666666666666667,0.401449275362318840579710145,56.8250,-0.2950,B,B,2,False,True
3347,14:41:37.000,14:41:35.000,14:41:37.000,2,23380.0000,23385.0000,23379.7000,23385.0000,780,5.0000,26.716666666666666666666666667,0.350000000000000000000000000,56.316666666666666666666666667,-0.508333333333333333333333333,Other,,0,False,False
3348,14:41:48.000,14:41:37.000,14:41:48.000,11,23385.0000,23387.0000,23382.3000,23384.6000,845,-0.4000,26.7000,-0.016666666666666666666666667,56.391176470588235294117647059,0.074509803921568627450980392,Other,,0,False,False
3349,14:41:52.000,14:41:48.000,14:41:52.000,4,23384.6000,23384.6000,23380.4000,23380.4000,975,-4.2000,27.033333333333333333333333333,0.333333333333333333333333333,55.316666666666666666666666667,-1.074509803921568627450980392,B,B,1,False,False
3350,14:41:53.000,14:41:52.000,14:41:53.000,1,23380.4000,23387.0000,23380.4000,23387.0000,650,6.6000,29.0000,1.966666666666666666666666667,51.7750,-3.541666666666666666666666667,Other,,0,False,False
3351,14:41:57.000,14:41:53.000,14:41:57.000,4,23387.0000,23387.0000,23385.2000,23385.2000,780,-1.8000,28.9750,-0.0250,52.2250,0.4500,Other,,0,False,False
3352,14:42:02.000,14:41:57.000,14:42:02.000,5,23385.2000,23387.0000,23385.2000,23386.3000,650,1.1000,28.782352941176470588235294118,-0.192647058823529411764705882,52.388235294117647058823529412,0.163235294117647058823529412,A,A,1,False,False
3353,14:42:08.000,14:42:02.000,14:42:08.000,6,23386.3000,23387.0000,23385.0000,23387.0000,650,0.7000,26.9550,-1.827352941176470588235294118,55.0800,2.691764705882352941176470588,A,A,2,True,False
3354,14:42:13.000,14:42:08.000,14:42:13.000,5,23387.0000,23387.0000,23380.0000,23380.0000,650,-7.0000,25.5500,-1.4050,57.035714285714285714285714286,1.955714285714285714285714286,Other,,0,False,False
3355,14:42:15.000,14:42:13.000,14:42:15.000,2,23380.0000,23385.4000,23380.0000,23385.4000,2015,5.4000,23.383333333333333333333333333,-2.166666666666666666666666667,60.133333333333333333333333333,3.097619047619047619047619047,A,A,1,False,False
3356,14:42:15.000,14:42:15.000,14:42:15.000,0,23385.4000,23385.4000,23385.4000,23385.4000,1365,0.0000,,,,,Other,,0,False,False
3357,14:42:16.000,14:42:16.000,14:42:16.000,0,23375.6000,23375.6000,23375.6000,23375.6000,715,-9.8000,22.8250,,61.5500,,Other,,0,False,False
3358,14:42:17.000,14:42:16.000,14:42:17.000,1,23375.6000,23375.6000,23375.6000,23375.6000,1105,0.0000,22.8750,0.0500,61.7000,0.1500,Other,,0,False,False
3359,14:42:18.000,14:42:17.000,14:42:18.000,1,23375.6000,23379.1000,23375.3000,23379.1000,650,3.5000,23.0000,0.1250,60.8250,-0.8750,Other,,0,False,False
3360,14:42:22.000,14:42:18.000,14:42:22.000,4,23379.1000,23379.1000,23372.0000,23372.0000,1300,-7.1000,43.664285714285714285714285714,,34.214285714285714285714285714,,Other,,0,False,False
3361,14:42:22.000,14:42:22.000,14:42:22.000,0,23372.0000,23372.0000,23372.0000,23372.0000,650,0.0000,,,,,Other,,0,False,False
3362,14:42:23.000,14:42:22.000,14:42:23.000,1,23367.0000,23380.4000,23367.0000,23380.4000,2340,8.4000,21.4500,,62.4000,,Other,,0,False,False
3363,14:42:23.000,14:42:23.000,14:42:23.000,0,23380.4000,23380.4000,23380.4000,23380.4000,1690,0.0000,,,,,Other,,0,False,False
3364,14:42:24.000,14:42:24.000,14:42:24.000,0,23374.3000,23374.3000,23374.3000,23374.3000,1040,-6.1000,43.1500,,33.9750,,Other,,0,False,False
3365,14:42:25.000,14:42:24.000,14:42:25.000,1,23374.3000,23378.9000,23374.3000,23378.9000,845,4.6000,21.4500,,62.1500,,Other,,0,False,False
3366,14:42:28.000,14:42:25.000,14:42:28.000,3,23378.9000,23378.9000,23367.3000,23367.3000,975,-11.6000,42.366666666666666666666666667,,34.583333333333333333333333333,,Other,,0,False,False
3367,14:42:38.000,14:42:28.000,14:42:38.000,10,23367.3000,23378.0000,23367.3000,23370.0000,1950,2.7000,42.684848484848484848484848485,0.318181818181818181818181818,34.76969696969696969696969697,0.186363636363636363636363637,Other,,0,False,False
3368,14:42:38.000,14:42:38.000,14:42:38.000,0,23370.0000,23370.0000,23370.0000,23370.0000,1300,0.0000,,,,,Other,,0,False,False
3369,14:42:40.000,14:42:40.000,14:42:40.000,0,23370.0000,23370.0000,23370.0000,23370.0000,650,0.0000,45.2750,,32.7750,,Other,,0,False,False
3370,14:42:43.000,14:42:40.000,14:42:43.000,3,23370.0000,23378.0000,23370.0000,23375.7000,1040,5.7000,23.5000,,59.0000,,Other,,0,False,False
3371,14:42:45.000,14:42:43.000,14:42:45.000,2,23375.7000,23376.7000,23375.0000,23375.0000,650,-0.7000,45.2750,,32.7500,,Other,,0,False,False
3372,14:42:53.000,14:42:45.000,14:42:53.000,8,23375.0000,23380.0000,23373.4000,23377.6000,650,2.6000,23.396153846153846153846153846,,59.588461538461538461538461538,,Other,,0,False,False
3373,14:43:16.000,14:42:53.000,14:43:16.000,23,23377.6000,23380.0000,23372.8000,23373.4000,1105,-4.2000,46.569333333333333333333333333,,32.149333333333333333333333333,,Other,,0,False,False
3374,14:43:20.000,14:43:16.000,14:43:20.000,4,23373.4000,23376.2000,23373.4000,23376.2000,1235,2.8000,24.091666666666666666666666667,,58.083333333333333333333333333,,Other,,0,False,False
3375,14:43:21.000,14:43:20.000,14:43:21.000,1,23376.2000,23376.2000,23372.0000,23375.5000,910,-0.7000,23.7750,-0.316666666666666666666666667,58.7250,0.641666666666666666666666667,Other,,0,False,False
3376,14:43:23.000,14:43:21.000,14:43:23.000,2,23375.5000,23375.5000,23372.9000,23373.0000,650,-2.5000,46.533333333333333333333333333,,31.9625,,Other,,0,False,False
3377,14:43:28.000,14:43:23.000,14:43:28.000,5,23373.0000,23375.0000,23373.0000,23373.0000,715,0.0000,46.2000,-0.333333333333333333333333333,32.3750,0.4125,Other,,0,False,False
3378,14:43:34.000,14:43:28.000,14:43:34.000,6,23373.0000,23375.0000,23373.0000,23373.5000,715,0.5000,45.939473684210526315789473684,-0.260526315789473684210526316,32.807894736842105263157894737,0.432894736842105263157894737,A,A,1,False,False
3379,14:43:38.000,14:43:34.000,14:43:38.000,4,23373.5000,23373.5000,23373.5000,23373.5000,1365,0.0000,46.542857142857142857142857143,0.603383458646616541353383459,32.5500,-0.257894736842105263157894737,Other,,0,False,False
3380,14:43:38.000,14:43:38.000,14:43:38.000,0,23373.5000,23373.5000,23373.5000,23373.5000,715,0.0000,,,,,Other,,0,False,False
3381,14:43:41.000,14:43:38.000,14:43:41.000,3,23375.0000,23375.0000,23375.0000,23375.0000,1820,1.5000,47.1750,,32.1750,,Other,,0,False,False
3382,14:43:41.000,14:43:41.000,14:43:41.000,0,23375.0000,23375.0000,23375.0000,23375.0000,1170,0.0000,,,,,Other,,0,False,False
3383,14:43:43.000,14:43:42.000,14:43:43.000,1,23375.0000,23376.0000,23375.0000,23376.0000,2470,1.0000,24.466666666666666666666666667,,58.566666666666666666666666667,,Other,,0,False,False
3384,14:43:43.000,14:43:43.000,14:43:43.000,0,23376.0000,23376.0000,23376.0000,23376.0000,1820,0.0000,,,,,Other,,0,False,False
3385,14:43:45.000,14:43:45.000,14:43:45.000,0,23376.0000,23376.0000,23376.0000,23376.0000,1170,0.0000,24.6000,,58.1500,,Other,,0,False,False
3386,14:43:46.000,14:43:45.000,14:43:46.000,1,23376.0000,23376.0000,23375.3000,23375.3000,910,-0.7000,24.5000,-0.1000,58.1500,0.0000,Other,,0,False,False
3387,14:43:55.000,14:43:46.000,14:43:55.000,9,23375.3000,23380.0000,23375.3000,23380.0000,715,4.7000,24.273076923076923076923076923,-0.226923076923076923076923077,59.017857142857142857142857143,0.867857142857142857142857143,A,A,1,False,False
3388,14:44:08.000,14:43:55.000,14:44:08.000,13,23380.0000,23380.0000,23377.0000,23378.0000,650,-2.0000,24.470512820512820512820512821,0.197435897435897435897435898,58.722093023255813953488372093,-0.295764119601328903654485050,B,B,1,False,False
3389,14:44:27.000,14:44:08.000,14:44:27.000,19,23378.0000,23383.9000,23378.0000,23382.0000,650,4.0000,25.563333333333333333333333333,1.092820512820512820512820512,56.0500,-2.672093023255813953488372093,Other,,0,False,False
3390,14:44:54.000,14:44:27.000,14:44:54.000,27,23382.0000,23383.9000,23377.0000,23377.0000,715,-5.0000,25.142592592592592592592592593,-0.420740740740740740740740740,57.445882352941176470588235294,1.395882352941176470588235294,Other,,0,False,False
3391,14:45:05.000,14:44:54.000,14:45:05.000,11,23377.0000,23383.9000,23376.0000,23376.0000,1235,-1.0000,24.613513513513513513513513514,-0.529079079079079079079079079,57.87027027027027027027027027,0.424387917329093799682034976,Other,,0,False,False
3392,14:45:09.000,14:45:05.000,14:45:09.000,4,23376.0000,23376.0000,23376.0000,23376.0000,715,0.0000,23.866666666666666666666666667,-0.746846846846846846846846847,59.283333333333333333333333333,1.413063063063063063063063063,Other,,0,False,False
3393,14:45:22.000,14:45:09.000,14:45:22.000,13,23376.0000,23383.9000,23375.0000,23383.9000,650,7.9000,23.8550,-0.011666666666666666666666667,58.566666666666666666666666667,-0.716666666666666666666666666,Other,,0,False,False
3394,14:45:40.000,14:45:22.000,14:45:40.000,18,23383.9000,23387.0000,23379.6000,23387.0000,5590,3.1000,26.916037735849056603773584906,3.061037735849056603773584906,53.118181818181818181818181818,-5.448484848484848484848484849,Other,,0,False,False
3395,14:45:40.000,14:45:40.000,14:45:40.000,0,23387.0000,23387.0000,23387.0000,23387.0000,4940,0.0000,,,,,Other,,0,False,False
3396,14:45:41.000,14:45:41.000,14:45:41.000,0,23388.1000,23388.1000,23388.1000,23388.1000,4290,1.1000,27.8000,,51.4000,,Other,,0,False,False
3397,14:45:41.000,14:45:41.000,14:45:41.000,0,23388.1000,23388.1000,23388.1000,23388.1000,3640,0.0000,,,,,Other,,0,False,False
3398,14:45:42.000,14:45:42.000,14:45:42.000,0,23388.1000,23388.1000,23388.1000,23388.1000,3055,0.0000,27.7000,,51.9000,,Other,,0,False,False
3399,14:45:42.000,14:45:42.000,14:45:42.000,0,23388.1000,23388.1000,23388.1000,23388.1000,2405,0.0000,,,,,Other,,0,False,False
3400,14:45:44.000,14:45:44.000,14:45:44.000,0,23388.1000,23388.1000,23388.1000,23388.1000,1755,0.0000,27.4500,,52.1250,,Other,,0,False,False
3401,14:45:44.000,14:45:44.000,14:45:44.000,0,23388.1000,23388.1000,23388.1000,23388.1000,1105,0.0000,,,,,Other,,0,False,False
3402,14:45:45.000,14:45:45.000,14:45:45.000,0,23388.1000,23388.1000,23388.1000,23388.1000,715,0.0000,27.3500,,52.2250,,Other,,0,False,False
3403,14:45:47.000,14:45:45.000,14:45:47.000,2,23388.1000,23388.1000,23388.0000,23388.0000,845,-0.1000,26.883333333333333333333333333,-0.466666666666666666666666667,52.933333333333333333333333333,0.708333333333333333333333333,Other,,0,False,False
3404,14:45:57.000,14:45:47.000,14:45:57.000,10,23388.0000,23389.8000,23383.3000,23389.8000,715,1.8000,26.346875,-0.536458333333333333333333333,53.51875,0.585416666666666666666666667,A,A,1,False,False
3405,14:46:00.000,14:45:57.000,14:46:00.000,3,23389.8000,23395.9000,23383.0000,23383.0000,975,-6.8000,26.931818181818181818181818182,0.584943181818181818181818182,52.518181818181818181818181818,-1.000568181818181818181818182,B,B,1,False,False
3406,14:46:05.000,14:46:00.000,14:46:05.000,5,23383.0000,23386.0000,23383.0000,23385.2000,650,2.2000,27.035714285714285714285714286,0.103896103896103896103896104,52.4500,-0.068181818181818181818181818,Other,,0,False,False
3407,14:46:09.000,14:46:05.000,14:46:09.000,4,23385.2000,23396.0000,23385.2000,23396.0000,715,10.8000,27.0500,0.014285714285714285714285714,52.9000,0.4500,Other,,0,False,False
3408,14:46:15.000,14:46:09.000,14:46:15.000,6,23396.0000,23396.0000,23382.2000,23394.1000,650,-1.9000,26.1900,-0.8600,54.0100,1.1100,Other,,0,False,False
3409,14:46:20.000,14:46:15.000,14:46:20.000,5,23394.1000,23395.1000,23394.1000,23395.0000,1430,0.9000,26.7375,0.5475,53.51875,-0.49125,Other,,0,False,False
3410,14:46:20.000,14:46:20.000,14:46:20.000,0,23395.0000,23395.0000,23395.0000,23395.0000,780,0.0000,,,,,Other,,0,False,False
3411,14:46:23.000,14:46:21.000,14:46:23.000,2,23387.9000,23394.0000,23381.1000,23394.0000,1495,-1.0000,26.5250,,54.0750,,Other,,0,False,False
3412,14:46:23.000,14:46:23.000,14:46:23.000,0,23394.0000,23394.0000,23394.0000,23394.0000,845,0.0000,,,,,Other,,0,False,False
3413,14:46:25.000,14:46:24.000,14:46:25.000,1,23381.1000,23381.1000,23381.1000,23381.1000,1105,-12.9000,26.2875,,54.4375,,Other,,0,False,False
3414,14:46:30.000,14:46:25.000,14:46:30.000,5,23381.1000,23387.0000,23381.0000,23381.0000,1690,-0.1000,25.8500,-0.4375,54.438235294117647058823529412,0.000735294117647058823529412,Other,,0,False,False
3415,14:46:30.000,14:46:30.000,14:46:30.000,0,23381.0000,23381.0000,23381.0000,23381.0000,1040,0.0000,,,,,Other,,0,False,False
3416,14:46:38.000,14:46:30.000,14:46:38.000,8,23381.0000,23389.6000,23381.0000,23389.6000,1235,8.6000,26.145833333333333333333333333,,53.4000,,Other,,0,False,False
3417,14:46:43.000,14:46:38.000,14:46:43.000,5,23389.6000,23395.2000,23389.6000,23395.2000,910,5.6000,26.2375,0.091666666666666666666666667,52.99375,-0.40625,Other,,0,False,False
3418,14:47:16.000,14:46:43.000,14:47:16.000,33,23395.2000,23396.9000,23382.1000,23394.0000,650,-1.2000,26.748543689320388349514563107,0.511043689320388349514563107,51.3300,-1.66375,B,B,1,False,False
3419,14:47:56.000,14:47:16.000,14:47:56.000,40,23394.0000,23394.0000,23381.1000,23390.0000,650,-4.0000,25.512790697674418604651162791,-1.235752991645969744863400316,52.900387596899224806201550388,1.570387596899224806201550388,Other,,0,False,False
3420,14:48:34.000,14:47:56.000,14:48:34.000,38,23390.0000,23390.0000,23381.1000,23385.4000,650,-4.6000,24.98625,-0.526540697674418604651162791,52.2150,-0.685387596899224806201550388,Other,,0,False,False
3421,14:48:37.000,14:48:34.000,14:48:37.000,3,23385.4000,23385.4000,23380.0000,23380.0000,1105,-5.4000,23.2200,-1.76625,54.1400,1.9250,Other,,0,False,False
3422,14:48:45.000,14:48:37.000,14:48:45.000,8,23380.0000,23383.7000,23380.0000,23382.3000,715,2.3000,23.4750,0.2550,53.434615384615384615384615385,-0.705384615384615384615384615,Other,,0,False,False
3423,14:49:31.000,14:48:45.000,14:49:31.000,46,23382.3000,23386.4000,23381.6000,23382.3000,1040,0.0000,23.749264705882352941176470588,0.274264705882352941176470588,52.839041095890410958904109589,-0.595574288724973656480505796,Other,,0,False,False
3424,14:49:38.000,14:49:31.000,14:49:38.000,7,23382.3000,23391.5000,23382.3000,23391.5000,2340,9.2000,22.977272727272727272727272727,-0.771991978609625668449197861,53.381818181818181818181818182,0.542777085927770859277708593,A,A,1,False,False
3425,14:49:38.000,14:49:38.000,14:49:38.000,0,23391.5000,23391.5000,23391.5000,23391.5000,1690,0.0000,,,,,Other,,0,False,False
3426,14:49:39.000,14:49:39.000,14:49:39.000,0,23383.1000,23383.1000,23383.1000,23383.1000,1040,-8.4000,23.2750,,52.8500,,Other,,0,False,False
3427,14:49:41.000,14:49:39.000,14:49:41.000,2,23383.1000,23383.8000,23383.1000,23383.8000,845,0.7000,22.833333333333333333333333333,-0.441666666666666666666666667,53.316666666666666666666666667,0.466666666666666666666666667,A,A,1,False,False
3428,14:49:44.000,14:49:41.000,14:49:44.000,3,23383.8000,23383.8000,23383.1000,23383.1000,715,-0.7000,22.9000,0.066666666666666666666666667,53.0200,-0.296666666666666666666666667,B,B,1,False,False
3429,14:49:54.000,14:49:44.000,14:49:54.000,10,23383.1000,23383.1000,23380.0000,23380.0000,780,-3.1000,22.6875,-0.2125,53.023333333333333333333333333,0.003333333333333333333333333,Other,,0,False,False
3430,14:49:59.000,14:49:54.000,14:49:59.000,5,23380.0000,23389.0000,23380.0000,23383.2000,910,3.2000,21.4750,-1.2125,53.6000,0.576666666666666666666666667,A,A,1,False,False
3431,14:50:01.000,14:49:59.000,14:50:01.000,2,23383.2000,23383.2000,23381.9000,23381.9000,780,-1.3000,20.735714285714285714285714286,-0.739285714285714285714285714,55.342857142857142857142857143,1.742857142857142857142857143,Other,,0,False,False
3432,14:50:02.000,14:50:01.000,14:50:02.000,1,23381.9000,23381.9000,23377.0000,23377.0000,715,-4.9000,20.2750,-0.460714285714285714285714286,56.4500,1.107142857142857142857142857,Other,,0,False,False
3433,14:50:09.000,14:50:02.000,14:50:09.000,7,23377.0000,23381.4000,23377.0000,23381.4000,1755,4.4000,20.8500,0.5750,55.122727272727272727272727273,-1.327272727272727272727272727,Other,,0,False,False
3434,14:50:09.000,14:50:09.000,14:50:09.000,0,23381.4000,23381.4000,23381.4000,23381.4000,1105,0.0000,,,,,Other,,0,False,False
3435,14:50:17.000,14:50:11.000,14:50:17.000,6,23381.4000,23381.4000,23379.3000,23379.3000,845,-2.1000,21.245454545454545454545454545,,54.8100,,Other,,0,False,False
3436,14:50:21.000,14:50:17.000,14:50:21.000,4,23379.3000,23379.3000,23376.6000,23376.6000,780,-2.7000,20.8500,-0.395454545454545454545454545,55.816666666666666666666666667,1.006666666666666666666666667,Other,,0,False,False
3437,14:50:39.000,14:50:21.000,14:50:39.000,18,23376.6000,23382.0000,23376.6000,23382.0000,780,5.4000,22.673728813559322033898305085,1.823728813559322033898305085,52.665254237288135593220338983,-3.151412429378531073446327684,Other,,0,False,False
3438,14:50:54.000,14:50:39.000,14:50:54.000,15,23382.0000,23387.2000,23381.6000,23387.2000,650,5.2000,24.216666666666666666666666667,1.542937853107344632768361582,49.163043478260869565217391304,-3.502210759027266028002947679,Other,,0,False,False
3439,14:50:57.000,14:50:54.000,14:50:57.000,3,23387.2000,23389.0000,23387.2000,23389.0000,650,1.8000,25.0200,0.803333333333333333333333333,48.1400,-1.023043478260869565217391304,Other,,0,False,False
3440,14:51:20.000,14:50:57.000,14:51:20.000,23,23389.0000,23392.0000,23385.0000,23392.0000,975,3.0000,25.184666666666666666666666667,0.164666666666666666666666667,48.880434782608695652173913043,0.740434782608695652173913043,Other,,0,False,False
3441,14:51:22.000,14:51:20.000,14:51:22.000,2,23392.0000,23392.0000,23383.0000,23383.1000,1430,-8.9000,24.566666666666666666666666667,-0.618000000000000000000000000,50.216666666666666666666666667,1.336231884057971014492753624,Other,,0,False,False
3442,14:51:22.000,14:51:22.000,14:51:22.000,0,23383.1000,23383.1000,23383.1000,23383.1000,780,0.0000,,,,,Other,,0,False,False
3443,14:51:36.000,14:51:23.000,14:51:36.000,13,23383.1000,23392.3000,23379.4000,23380.5000,845,-2.6000,23.755555555555555555555555556,,51.065555555555555555555555556,,Other,,0,False,False
3444,14:51:46.000,14:51:36.000,14:51:46.000,10,23380.5000,23393.0000,23380.5000,23381.1000,650,0.6000,24.35625,0.600694444444444444444444444,50.384375,-0.681180555555555555555555556,Other,,0,False,False
3445,14:52:01.000,14:51:46.000,14:52:01.000,15,23381.1000,23390.8000,23379.2000,23379.2000,845,-1.9000,22.75102040816326530612244898,-1.60522959183673469387755102,52.0700,1.685625,Other,,0,False,False
3446,14:52:04.000,14:52:01.000,14:52:04.000,3,23379.2000,23379.2000,23378.1000,23378.2000,780,-1.0000,21.2875,-1.46352040816326530612244898,53.7200,1.6500,Other,,0,False,False
3447,14:52:07.000,14:52:04.000,14:52:07.000,3,23378.2000,23378.2000,23376.9000,23376.9000,1235,-1.3000,21.1300,-0.1575,54.0400,0.3200,Other,,0,False,False
3448,14:52:10.000,14:52:07.000,14:52:10.000,3,23376.9000,23387.7000,23376.0000,23376.0000,910,-0.9000,20.2900,-0.8400,54.9100,0.8700,Other,,0,False,False
3449,14:52:12.000,14:52:10.000,14:52:12.000,2,23376.0000,23376.0000,23374.1000,23374.1000,910,-1.9000,41.533333333333333333333333333,,27.883333333333333333333333333,,Other,,0,False,False
3450,14:52:20.000,14:52:12.000,14:52:20.000,8,23374.1000,23378.5000,23374.1000,23377.1000,845,3.0000,20.926923076923076923076923077,,53.242307692307692307692307692,,Other,,0,False,False
3451,14:52:27.000,14:52:20.000,14:52:27.000,7,23377.1000,23385.0000,23376.6000,23380.0000,1430,2.9000,21.259090909090909090909090909,0.332167832167832167832167832,53.311111111111111111111111111,0.068803418803418803418803419,Other,,0,False,False
3452,14:52:27.000,14:52:27.000,14:52:27.000,0,23380.0000,23380.0000,23380.0000,23380.0000,780,0.0000,,,,,Other,,0,False,False
3453,14:52:35.000,14:52:29.000,14:52:35.000,6,23380.0000,23385.0000,23380.0000,23380.0000,650,0.0000,21.9980,,52.0580,,Other,,0,False,False
3454,14:52:47.000,14:52:35.000,14:52:47.000,12,23380.0000,23385.0000,23379.9000,23385.0000,780,5.0000,22.476315789473684210526315789,0.478315789473684210526315789,50.908823529411764705882352941,-1.149176470588235294117647059,Other,,0,False,False
3455,14:52:50.000,14:52:47.000,14:52:50.000,3,23385.0000,23385.0000,23380.5000,23385.0000,1105,0.0000,23.1700,0.693684210526315789473684211,49.5800,-1.328823529411764705882352941,Other,,0,False,False
3456,14:52:53.000,14:52:50.000,14:52:53.000,3,23385.0000,23387.0000,23381.3000,23387.0000,845,2.0000,23.1375,-0.0325,49.6125,0.0325,A,A,1,False,False
3457,14:52:58.000,14:52:53.000,14:52:58.000,5,23387.0000,23394.0000,23380.9000,23381.6000,650,-5.4000,22.76875,-0.36875,49.80625,0.19375,Other,,0,False,False
3458,14:53:06.000,14:52:58.000,14:53:06.000,8,23381.6000,23385.0000,23381.2000,23383.0000,1170,1.4000,22.905555555555555555555555556,0.136805555555555555555555556,49.559259259259259259259259259,-0.246990740740740740740740741,Other,,0,False,False
3459,14:53:08.000,14:53:06.000,14:53:08.000,2,23383.0000,23383.0000,23380.2000,23380.2000,910,-2.8000,22.1375,-0.768055555555555555555555556,50.7500,1.190740740740740740740740741,Other,,0,False,False
3460,14:53:09.000,14:53:08.000,14:53:09.000,1,23380.2000,23391.7000,23379.8000,23379.8000,1300,-0.4000,21.9500,-0.1875,51.1000,0.3500,Other,,0,False,False
3461,14:53:09.000,14:53:09.000,14:53:09.000,0,23379.8000,23379.8000,23379.8000,23379.8000,650,0.0000,,,,,Other,,0,False,False
3462,14:53:13.000,14:53:11.000,14:53:13.000,2,23381.9000,23381.9000,23380.7000,23380.7000,650,0.9000,22.3600,,50.2700,,Other,,0,False,False
3463,14:53:29.000,14:53:13.000,14:53:29.000,16,23380.7000,23383.1000,23380.7000,23381.0000,910,0.3000,22.9900,0.6300,49.6875,-0.5825,Other,,0,False,False
3464,14:53:31.000,14:53:29.000,14:53:31.000,2,23381.0000,23385.4000,23379.2000,23379.2000,1430,-1.8000,21.577777777777777777777777778,-1.412222222222222222222222222,51.977777777777777777777777778,2.290277777777777777777777778,Other,,0,False,False
3465,14:53:31.000,14:53:31.000,14:53:31.000,0,23379.2000,23379.2000,23379.2000,23379.2000,780,0.0000,,,,,Other,,0,False,False
3466,14:53:35.000,14:53:31.000,14:53:35.000,4,23377.4000,23377.5000,23376.5000,23376.5000,2210,-2.7000,20.7500,,53.191666666666666666666666667,,Other,,0,False,False
3467,14:53:35.000,14:53:35.000,14:53:35.000,0,23376.5000,23376.5000,23376.5000,23376.5000,1560,0.0000,,,,,Other,,0,False,False
3468,14:53:36.000,14:53:36.000,14:53:36.000,0,23377.4000,23377.4000,23377.4000,23377.4000,910,0.9000,20.9000,,53.1500,,Other,,0,False,False
3469,14:53:37.000,14:53:36.000,14:53:37.000,1,23377.4000,23377.7000,23377.4000,23377.7000,715,0.3000,20.9000,0.0000,53.3500,0.2000,Other,,0,False,False
3470,14:53:39.000,14:53:37.000,14:53:39.000,2,23377.7000,23379.6000,23376.6000,23379.6000,715,1.9000,21.3500,0.4500,52.433333333333333333333333333,-0.916666666666666666666666667,Other,,0,False,False
3471,14:53:40.000,14:53:39.000,14:53:40.000,1,23379.6000,23379.6000,23379.1000,23379.1000,650,-0.5000,21.5500,0.2000,52.1250,-0.308333333333333333333333333,B,B,1,False,False
3472,14:53:53.000,14:53:40.000,14:53:53.000,13,23379.1000,23389.5000,23377.3000,23377.3000,845,-1.8000,21.3225,-0.2275,52.464285714285714285714285714,0.339285714285714285714285714,Other,,0,False,False
3473,14:53:55.000,14:53:53.000,14:53:55.000,2,23377.3000,23377.3000,23376.8000,23376.8000,845,-0.5000,20.9500,-0.3725,53.0500,0.585714285714285714285714286,Other,,0,False,False
3474,14:54:00.000,14:53:55.000,14:54:00.000,5,23376.8000,23378.0000,23376.8000,23377.1000,1560,0.3000,20.976470588235294117647058824,0.026470588235294117647058824,52.941176470588235294117647059,-0.108823529411764705882352941,Other,,0,False,False
3475,14:54:00.000,14:54:00.000,14:54:00.000,0,23377.1000,23377.1000,23377.1000,23377.1000,910,0.0000,,,,,Other,,0,False,False
3476,14:54:02.000,14:54:01.000,14:54:02.000,1,23376.7000,23376.7000,23376.7000,23376.7000,1235,-0.4000,20.7000,,53.633333333333333333333333333,,Other,,0,False,False
3477,14:54:05.000,14:54:02.000,14:54:05.000,3,23376.7000,23378.0000,23376.7000,23378.0000,715,1.3000,21.2400,0.5400,52.7900,-0.843333333333333333333333333,Other,,0,False,False
3478,14:54:27.000,14:54:05.000,14:54:27.000,22,23378.0000,23383.0000,23378.0000,23383.0000,975,5.0000,22.165277777777777777777777778,0.925277777777777777777777778,51.633333333333333333333333333,-1.156666666666666666666666667,Other,,0,False,False
3479,14:54:34.000,14:54:27.000,14:54:34.000,7,23383.0000,23383.0000,23379.4000,23379.9000,715,-3.1000,22.178260869565217391304347826,0.012983091787439613526570048,52.2600,0.626666666666666666666666667,Other,,0,False,False
3480,14:54:37.000,14:54:34.000,14:54:37.000,3,23379.9000,23380.0000,23377.8000,23377.8000,1885,-2.1000,22.4625,0.284239130434782608695652174,51.8375,-0.4225,B,B,1,False,False
3481,14:54:37.000,14:54:37.000,14:54:37.000,0,23377.8000,23377.8000,23377.8000,23377.8000,1235,0.0000,,,,,Other,,0,False,False
3482,14:54:42.000,14:54:39.000,14:54:42.000,3,23377.8000,23383.1000,23377.8000,23379.8000,780,2.0000,23.1250,,50.641666666666666666666666667,,Other,,0,False,False
3483,14:54:57.000,14:54:42.000,14:54:57.000,15,23379.8000,23383.6000,23379.8000,23380.2000,975,0.4000,23.40625,0.28125,50.34375,-0.297916666666666666666666667,Other,,0,False,False
3484,14:55:06.000,14:54:57.000,14:55:06.000,9,23380.2000,23382.7000,23380.2000,23382.7000,2145,2.5000,22.982258064516129032258064516,-0.423991935483870967741935484,51.281034482758620689655172414,0.937284482758620689655172414,A,A,1,False,False
3485,14:55:06.000,14:55:06.000,14:55:06.000,0,23382.7000,23382.7000,23382.7000,23382.7000,1495,0.0000,,,,,Other,,0,False,False
3486,14:55:08.000,14:55:08.000,14:55:08.000,0,23382.7000,23382.7000,23382.7000,23382.7000,845,0.0000,23.2000,,51.2500,,Other,,0,False,False
3487,14:55:10.000,14:55:08.000,14:55:10.000,2,23382.7000,23382.7000,23379.6000,23381.6000,975,-1.1000,22.9500,-0.2500,51.866666666666666666666666667,0.616666666666666666666666667,Other,,0,False,False
3488,14:55:13.000,14:55:10.000,14:55:13.000,3,23381.6000,23381.6000,23378.1000,23378.1000,845,-3.5000,22.3100,-0.6400,52.5300,0.663333333333333333333333333,Other,,0,False,False
3489,14:55:18.000,14:55:13.000,14:55:18.000,5,23378.1000,23379.1000,23378.1000,23378.3000,650,0.2000,21.9250,-0.3850,52.5875,0.0575,A,A,1,False,False
3490,14:55:25.000,14:55:18.000,14:55:25.000,7,23378.3000,23379.2000,23378.3000,23378.7000,1235,0.4000,21.886363636363636363636363636,-0.038636363636363636363636364,52.605555555555555555555555556,0.018055555555555555555555556,A,A,2,True,False
3491,14:55:26.000,14:55:25.000,14:55:26.000,1,23378.7000,23378.9000,23376.3000,23376.3000,1950,-2.4000,21.0750,-0.811363636363636363636363636,53.4500,0.844444444444444444444444444,Other,,0,False,False
3492,14:55:26.000,14:55:26.000,14:55:26.000,0,23376.3000,23376.3000,23376.3000,23376.3000,1300,0.0000,,,,,Other,,0,False,False
3493,14:55:26.000,14:55:26.000,14:55:26.000,0,23376.8000,23376.8000,23376.8000,23376.8000,650,0.5000,,,,,Other,,0,False,False
3494,14:55:36.000,14:55:26.000,14:55:36.000,10,23376.8000,23378.7000,23376.8000,23378.7000,2080,1.9000,21.774193548387096774193548387,,52.582758620689655172413793103,,Other,,0,False,False
3495,14:55:36.000,14:55:36.000,14:55:36.000,0,23378.7000,23378.7000,23378.7000,23378.7000,1430,0.0000,,,,,Other,,0,False,False
3496,14:55:38.000,14:55:38.000,14:55:38.000,0,23378.7000,23378.7000,23378.7000,23378.7000,780,0.0000,22.3500,,52.0000,,Other,,0,False,False
3497,14:55:52.000,14:55:38.000,14:55:52.000,14,23378.7000,23382.9000,23378.7000,23382.9000,2015,4.2000,23.266666666666666666666666667,0.916666666666666666666666667,50.536363636363636363636363636,-1.463636363636363636363636364,Other,,0,False,False
3498,14:55:52.000,14:55:52.000,14:55:52.000,0,23382.9000,23382.9000,23382.9000,23382.9000,1365,0.0000,,,,,Other,,0,False,False
3499,14:55:53.000,14:55:53.000,14:55:53.000,0,23382.8000,23382.8000,23382.8000,23382.8000,715,-0.1000,23.2500,,50.4000,,Other,,0,False,False
3500,14:56:03.000,14:55:53.000,14:56:03.000,10,23382.8000,23382.8000,23378.4000,23378.4000,1495,-4.4000,22.912903225806451612903225806,-0.337096774193548387096774194,50.940322580645161290322580645,0.540322580645161290322580645,Other,,0,False,False
3501,14:56:03.000,14:56:03.000,14:56:03.000,0,23378.4000,23378.4000,23378.4000,23378.4000,845,0.0000,,,,,Other,,0,False,False
3502,14:56:08.000,14:56:05.000,14:56:08.000,3,23378.4000,23379.2000,23378.4000,23378.8000,1755,0.4000,21.614285714285714285714285714,,52.866666666666666666666666667,,Other,,0,False,False
3503,14:56:08.000,14:56:08.000,14:56:08.000,0,23378.8000,23378.8000,23378.8000,23378.8000,1105,0.0000,,,,,Other,,0,False,False
3504,14:56:11.000,14:56:09.000,14:56:11.000,2,23379.2000,23379.7000,23379.2000,23379.7000,650,0.9000,21.6625,,52.3800,,Other,,0,False,False
3505,14:56:15.000,14:56:11.000,14:56:15.000,4,23379.7000,23379.7000,23377.5000,23377.5000,1430,-2.2000,21.242857142857142857142857143,-0.419642857142857142857142857,53.0500,0.6700,Other,,0,False,False
3506,14:56:15.000,14:56:15.000,14:56:15.000,0,23377.5000,23377.5000,23377.5000,23377.5000,780,0.0000,,,,,Other,,0,False,False
3507,14:56:16.000,14:56:15.000,14:56:16.000,1,23377.4000,23377.5000,23377.4000,23377.5000,1495,0.0000,21.0000,,53.3500,,Other,,0,False,False
3508,14:56:16.000,14:56:16.000,14:56:16.000,0,23377.5000,23377.5000,23377.5000,23377.5000,845,0.0000,,,,,Other,,0,False,False
3509,14:56:18.000,14:56:17.000,14:56:18.000,1,23377.4000,23377.4000,23377.4000,23377.4000,910,-0.1000,21.2875,,53.1750,,Other,,0,False,False
3510,14:56:21.000,14:56:18.000,14:56:21.000,3,23377.4000,23378.3000,23377.3000,23377.5000,845,0.1000,21.3625,0.0750,53.0000,-0.1750,Other,,0,False,False
3511,14:56:22.000,14:56:21.000,14:56:22.000,1,23377.5000,23377.6000,23377.2000,23377.2000,715,-0.3000,21.0500,-0.3125,53.4000,0.4000,Other,,0,False,False
3512,14:56:24.000,14:56:22.000,14:56:24.000,2,23377.2000,23379.1000,23377.2000,23377.3000,1495,0.1000,21.183333333333333333333333333,0.133333333333333333333333333,53.1500,-0.2500,Other,,0,False,False
3513,14:56:24.000,14:56:24.000,14:56:24.000,0,23377.3000,23377.3000,23377.3000,23377.3000,845,0.0000,,,,,Other,,0,False,False
3514,14:56:34.000,14:56:24.000,14:56:34.000,10,23377.6000,23387.6000,23377.4000,23377.4000,650,0.1000,21.307575757575757575757575758,,53.03030303030303030303030303,,Other,,0,False,False
3515,14:56:42.000,14:56:34.000,14:56:42.000,8,23377.4000,23377.4000,23375.4000,23375.4000,845,-2.0000,20.666666666666666666666666667,-0.640909090909090909090909091,53.7500,0.71969696969696969696969697,Other,,0,False,False
3516,14:56:47.000,14:56:42.000,14:56:47.000,5,23375.4000,23381.5000,23375.4000,23380.6000,3315,5.2000,21.60625,0.939583333333333333333333333,51.9375,-1.8125,Other,,0,False,False
3517,14:56:47.000,14:56:47.000,14:56:47.000,0,23380.6000,23380.6000,23380.6000,23380.6000,2665,0.0000,,,,,Other,,0,False,False
3518,14:56:49.000,14:56:49.000,14:56:49.000,0,23380.6000,23380.6000,23380.6000,23380.6000,5070,0.0000,21.7500,,51.5000,,Other,,0,False,False
3519,14:56:49.000,14:56:49.000,14:56:49.000,0,23380.6000,23380.6000,23380.6000,23380.6000,4420,0.0000,,,,,Other,,0,False,False
3520,14:56:50.000,14:56:50.000,14:56:50.000,0,23379.0000,23379.0000,23379.0000,23379.0000,3770,-1.6000,21.5500,,51.9750,,Other,,0,False,False
3521,14:56:50.000,14:56:50.000,14:56:50.000,0,23379.0000,23379.0000,23379.0000,23379.0000,3120,0.0000,,,,,Other,,0,False,False
3522,14:56:50.000,14:56:50.000,14:56:50.000,0,23379.0000,23379.0000,23379.0000,23379.0000,3445,0.0000,,,,,Other,,0,False,False
3523,14:56:50.000,14:56:50.000,14:56:50.000,0,23379.0000,23379.0000,23379.0000,23379.0000,2795,0.0000,,,,,Other,,0,False,False
3524,14:56:52.000,14:56:52.000,14:56:52.000,0,23379.0000,23379.0000,23379.0000,23379.0000,2145,0.0000,21.7000,,51.8000,,Other,,0,False,False
3525,14:56:52.000,14:56:52.000,14:56:52.000,0,23379.0000,23379.0000,23379.0000,23379.0000,1495,0.0000,,,,,Other,,0,False,False
3526,14:56:54.000,14:56:54.000,14:56:54.000,0,23379.0000,23379.0000,23379.0000,23379.0000,845,0.0000,21.9500,,51.7000,,Other,,0,False,False
3527,14:57:02.000,14:56:54.000,14:57:02.000,8,23379.0000,23387.5000,23378.3000,23378.3000,650,-0.7000,21.6100,-0.3400,51.925925925925925925925925926,0.225925925925925925925925926,Other,,0,False,False
3528,14:57:05.000,14:57:02.000,14:57:05.000,3,23378.3000,23379.0000,23378.3000,23378.9000,910,0.6000,21.3900,-0.2200,52.2500,0.324074074074074074074074074,A,A,1,False,False
3529,14:57:07.000,14:57:05.000,14:57:07.000,2,23378.9000,23379.0000,23378.4000,23378.4000,1495,-0.5000,21.216666666666666666666666667,-0.173333333333333333333333333,52.516666666666666666666666667,0.266666666666666666666666667,Other,,0,False,False
3530,14:57:07.000,14:57:07.000,14:57:07.000,0,23378.4000,23378.4000,23378.4000,23378.4000,845,0.0000,,,,,Other,,0,False,False
3531,14:57:08.000,14:57:08.000,14:57:08.000,0,23392.9000,23392.9000,23378.4000,23378.4000,2405,0.0000,21.0500,,52.7000,,Other,,0,False,False
3532,14:57:08.000,14:57:08.000,14:57:08.000,0,23378.4000,23378.4000,23378.4000,23378.4000,1755,0.0000,,,,,Other,,0,False,False
3533,14:57:09.000,14:57:09.000,14:57:09.000,0,23378.2000,23378.2000,23378.2000,23378.2000,1105,-0.2000,21.1500,,52.5500,,Other,,0,False,False
3534,14:57:13.000,14:57:09.000,14:57:13.000,4,23378.2000,23378.2000,23377.1000,23377.1000,2795,-1.1000,20.958333333333333333333333333,-0.191666666666666666666666667,52.8800,0.3300,Other,,0,False,False
3535,14:57:13.000,14:57:13.000,14:57:13.000,0,23377.1000,23377.1000,23377.1000,23377.1000,2145,0.0000,,,,,Other,,0,False,False
3536,14:57:14.000,14:57:14.000,14:57:14.000,0,23376.3000,23376.3000,23376.3000,23376.3000,1495,-0.8000,20.6750,,53.3250,,Other,,0,False,False
3537,14:57:14.000,14:57:14.000,14:57:14.000,0,23376.3000,23376.3000,23376.3000,23376.3000,845,0.0000,,,,,Other,,0,False,False
3538,14:57:15.000,14:57:15.000,14:57:15.000,0,23377.2000,23377.3000,23377.2000,23377.3000,1690,1.0000,20.6000,,53.4500,,Other,,0,False,False
3539,14:57:15.000,14:57:15.000,14:57:15.000,0,23377.3000,23377.3000,23377.3000,23377.3000,1040,0.0000,,,,,Other,,0,False,False
3540,14:57:17.000,14:57:16.000,14:57:17.000,1,23376.4000,23376.9000,23376.4000,23376.5000,4290,-0.8000,20.433333333333333333333333333,,53.483333333333333333333333333,,Other,,0,False,False
3541,14:57:17.000,14:57:17.000,14:57:17.000,0,23376.5000,23376.5000,23376.5000,23376.5000,3640,0.0000,,,,,Other,,0,False,False
3542,14:57:18.000,14:57:18.000,14:57:18.000,0,23376.9000,23376.9000,23376.9000,23376.9000,3900,0.4000,20.5500,,53.2500,,Other,,0,False,False
3543,14:57:18.000,14:57:18.000,14:57:18.000,0,23376.9000,23376.9000,23376.9000,23376.9000,3250,0.0000,,,,,Other,,0,False,False
3544,14:57:19.000,14:57:19.000,14:57:19.000,0,23377.3000,23377.3000,23377.3000,23377.3000,2600,0.4000,20.2750,,53.7500,,Other,,0,False,False
3545,14:57:19.000,14:57:19.000,14:57:19.000,0,23377.3000,23377.3000,23377.3000,23377.3000,1950,0.0000,,,,,Other,,0,False,False
3546,14:57:20.000,14:57:20.000,14:57:20.000,0,23376.4000,23376.4000,23376.4000,23376.4000,1300,-0.9000,20.6500,,53.3000,,Other,,0,False,False
3547,14:57:20.000,14:57:20.000,14:57:20.000,0,23376.4000,23376.4000,23376.4000,23376.4000,650,0.0000,,,,,Other,,0,False,False
3548,14:57:20.000,14:57:20.000,14:57:20.000,0,23376.4000,23376.4000,23376.4000,23376.4000,3640,0.0000,,,,,Other,,0,False,False
3549,14:57:20.000,14:57:20.000,14:57:20.000,0,23376.4000,23376.4000,23376.4000,23376.4000,2990,0.0000,,,,,Other,,0,False,False
3550,14:57:21.000,14:57:21.000,14:57:21.000,0,23377.0000,23377.0000,23377.0000,23377.0000,2340,0.6000,20.5000,,53.3500,,Other,,0,False,False
3551,14:57:21.000,14:57:21.000,14:57:21.000,0,23377.0000,23377.0000,23377.0000,23377.0000,1690,0.0000,,,,,Other,,0,False,False
3552,14:57:22.000,14:57:22.000,14:57:22.000,0,23376.7000,23376.7000,23376.7000,23376.7000,1040,-0.3000,20.5000,,53.5000,,Other,,0,False,False
3553,14:57:22.000,14:57:22.000,14:57:22.000,0,23376.7000,23376.7000,23376.7000,23376.7000,1690,0.0000,,,,,Other,,0,False,False
3554,14:57:22.000,14:57:22.000,14:57:22.000,0,23376.7000,23376.7000,23376.7000,23376.7000,1040,0.0000,,,,,Other,,0,False,False
3555,14:57:23.000,14:57:23.000,14:57:23.000,0,23377.0000,23377.0000,23377.0000,23377.0000,650,0.3000,20.7250,,53.2000,,Other,,0,False,False
3556,14:57:33.000,14:57:23.000,14:57:33.000,10,23377.0000,23379.0000,23377.0000,23377.4000,650,0.4000,20.86935483870967741935483871,0.14435483870967741935483871,53.129032258064516129032258065,-0.070967741935483870967741935,Other,,0,False,False
3557,14:57:39.000,14:57:33.000,14:57:39.000,6,23377.4000,23379.2000,23377.4000,23378.9000,650,1.5000,21.0800,0.21064516129032258064516129,52.3600,-0.769032258064516129032258065,Other,,0,False,False
3558,14:57:43.000,14:57:39.000,14:57:43.000,4,23378.9000,23379.0000,23378.0000,23378.0000,1690,-0.9000,21.091666666666666666666666667,0.011666666666666666666666667,52.3000,-0.0600,B,B,1,False,False
3559,14:57:43.000,14:57:43.000,14:57:43.000,0,23378.0000,23378.0000,23378.0000,23378.0000,1040,0.0000,,,,,Other,,0,False,False
3560,14:57:44.000,14:57:44.000,14:57:44.000,0,23377.8000,23389.4000,23377.8000,23389.4000,845,11.4000,20.6000,,53.1500,,Other,,0,False,False
3561,14:57:46.000,14:57:44.000,14:57:46.000,2,23389.4000,23389.4000,23376.8000,23376.8000,1495,-12.6000,20.383333333333333333333333333,-0.216666666666666666666666667,53.4000,0.2500,Other,,0,False,False
3562,14:57:46.000,14:57:46.000,14:57:46.000,0,23376.8000,23376.8000,23376.8000,23376.8000,845,0.0000,,,,,Other,,0,False,False
3563,14:57:47.000,14:57:47.000,14:57:47.000,0,23376.4000,23376.4000,23376.4000,23376.4000,1950,-0.4000,20.2750,,53.7000,,Other,,0,False,False
3564,14:57:47.000,14:57:47.000,14:57:47.000,0,23376.4000,23376.4000,23376.4000,23376.4000,1300,0.0000,,,,,Other,,0,False,False
3565,14:57:49.000,14:57:49.000,14:57:49.000,0,23376.0000,23376.0000,23376.0000,23376.0000,650,-0.4000,20.3500,,53.6500,,Other,,0,False,False
3566,14:57:49.000,14:57:49.000,14:57:49.000,0,23376.0000,23376.0000,23375.9000,23375.9000,2795,-0.1000,,,,,Other,,0,False,False
3567,14:57:49.000,14:57:49.000,14:57:49.000,0,23375.9000,23375.9000,23375.9000,23375.9000,2145,0.0000,,,,,Other,,0,False,False
3568,14:57:50.000,14:57:50.000,14:57:50.000,0,23375.9000,23375.9000,23375.9000,23375.9000,1495,0.0000,20.4000,,53.5000,,Other,,0,False,False
3569,14:57:50.000,14:57:50.000,14:57:50.000,0,23375.9000,23375.9000,23375.9000,23375.9000,845,0.0000,,,,,Other,,0,False,False
3570,14:57:52.000,14:57:51.000,14:57:52.000,1,23376.5000,23376.5000,23376.3000,23376.3000,1105,0.4000,20.3000,,53.5125,,Other,,0,False,False
3571,14:57:54.000,14:57:52.000,14:57:54.000,2,23376.3000,23376.5000,23376.3000,23376.5000,4225,0.2000,20.266666666666666666666666667,-0.033333333333333333333333333,53.7500,0.2375,A,A,1,False,False
3572,14:57:54.000,14:57:54.000,14:57:54.000,0,23376.5000,23376.5000,23376.5000,23376.5000,3575,0.0000,,,,,Other,,0,False,False
3573,14:57:55.000,14:57:55.000,14:57:55.000,0,23376.6000,23376.6000,23376.6000,23376.6000,2925,0.1000,20.3500,,53.4500,,Other,,0,False,False
3574,14:57:55.000,14:57:55.000,14:57:55.000,0,23376.6000,23376.6000,23376.6000,23376.6000,2275,0.0000,,,,,Other,,0,False,False
3575,14:57:56.000,14:57:56.000,14:57:56.000,0,23376.9000,23376.9000,23376.9000,23376.9000,1625,0.3000,20.1500,,53.6250,,Other,,0,False,False
3576,14:57:56.000,14:57:56.000,14:57:56.000,0,23376.9000,23376.9000,23376.9000,23376.9000,975,0.0000,,,,,Other,,0,False,False
3577,14:57:57.000,14:57:56.000,14:57:57.000,1,23376.9000,23387.9000,23376.4000,23376.4000,3965,-0.5000,20.0500,,53.8750,,Other,,0,False,False
3578,14:57:57.000,14:57:57.000,14:57:57.000,0,23376.4000,23376.4000,23376.4000,23376.4000,3315,0.0000,,,,,Other,,0,False,False
3579,14:57:59.000,14:57:59.000,14:57:59.000,0,23376.1000,23376.1000,23376.1000,23376.1000,2665,-0.3000,19.6750,,54.5500,,Other,,0,False,False
3580,14:57:59.000,14:57:59.000,14:57:59.000,0,23376.1000,23376.1000,23376.1000,23376.1000,2015,0.0000,,,,,Other,,0,False,False
3581,14:57:59.000,14:57:59.000,14:57:59.000,0,23375.6000,23375.6000,23375.6000,23375.6000,2795,-0.5000,,,,,Other,,0,False,False
3582,14:57:59.000,14:57:59.000,14:57:59.000,0,23375.6000,23375.6000,23375.6000,23375.6000,2145,0.0000,,,,,Other,,0,False,False
3583,14:58:00.000,14:58:00.000,14:58:00.000,0,23374.9000,23374.9000,23374.9000,23374.9000,1495,-0.7000,43.1000,,26.8000,,Other,,0,False,False
3584,14:58:00.000,14:58:00.000,14:58:00.000,0,23374.9000,23374.9000,23374.9000,23374.9000,845,0.0000,,,,,Other,,0,False,False
3585,14:58:01.000,14:58:00.000,14:58:01.000,1,23374.9000,23386.8000,23374.9000,23386.8000,1560,11.9000,20.0250,,53.833333333333333333333333333,,Other,,0,False,False
3586,14:58:01.000,14:58:01.000,14:58:01.000,0,23386.8000,23386.8000,23386.8000,23386.8000,910,0.0000,,,,,Other,,0,False,False
3587,14:58:02.000,14:58:02.000,14:58:02.000,0,23375.6000,23375.6000,23375.3000,23375.3000,1235,-11.5000,19.7000,,54.3500,,Other,,0,False,False
3588,14:58:06.000,14:58:02.000,14:58:06.000,4,23375.3000,23375.3000,23370.7000,23370.7000,5850,-4.6000,40.9750,,28.0000,,Other,,0,False,False
3589,14:58:06.000,14:58:06.000,14:58:06.000,0,23370.7000,23370.7000,23370.7000,23370.7000,5200,0.0000,,,,,Other,,0,False,False
3590,14:58:06.000,14:58:06.000,14:58:06.000,0,23370.9000,23370.9000,23370.9000,23370.9000,4550,0.2000,,,,,Other,,0,False,False
3591,14:58:06.000,14:58:06.000,14:58:06.000,0,23370.9000,23370.9000,23370.9000,23370.9000,3900,0.0000,,,,,Other,,0,False,False
3592,14:58:07.000,14:58:07.000,14:58:07.000,0,23370.0000,23370.0000,23370.0000,23370.0000,3250,-0.9000,38.5000,,29.4500,,Other,,0,False,False
3593,14:58:07.000,14:58:07.000,14:58:07.000,0,23370.0000,23370.0000,23370.0000,23370.0000,2600,0.0000,,,,,Other,,0,False,False
3594,14:58:07.000,14:58:07.000,14:58:07.000,0,23370.2000,23370.2000,23370.2000,23370.2000,12155,0.2000,,,,,Other,,0,False,False
3595,14:58:07.000,14:58:07.000,14:58:07.000,0,23370.2000,23370.2000,23370.2000,23370.2000,11505,0.0000,,,,,Other,,0,False,False
3596,14:58:08.000,14:58:08.000,14:58:08.000,0,23370.0000,23370.0000,23370.0000,23370.0000,10855,-0.2000,39.1500,,29.2000,,Other,,0,False,False
3597,14:58:08.000,14:58:08.000,14:58:08.000,0,23370.0000,23370.0000,23370.0000,23370.0000,10205,0.0000,,,,,Other,,0,False,False
3598,14:58:09.000,14:58:09.000,14:58:09.000,0,23369.8000,23369.8000,23369.8000,23369.8000,9555,-0.2000,39.3250,,29.1750,,Other,,0,False,False
3599,14:58:09.000,14:58:09.000,14:58:09.000,0,23369.8000,23369.8000,23369.8000,23369.8000,8905,0.0000,,,,,Other,,0,False,False
3600,14:58:09.000,14:58:09.000,14:58:09.000,0,23369.8000,23369.8000,23369.8000,23369.8000,10400,0.0000,,,,,Other,,0,False,False
3601,14:58:09.000,14:58:09.000,14:58:09.000,0,23369.8000,23369.8000,23369.8000,23369.8000,9750,0.0000,,,,,Other,,0,False,False
3602,14:58:10.000,14:58:10.000,14:58:10.000,0,23380.0000,23380.0000,23380.0000,23380.0000,9100,10.2000,18.7000,,56.4500,,Other,,0,False,False
3603,14:58:10.000,14:58:10.000,14:58:10.000,0,23380.0000,23380.0000,23380.0000,23380.0000,8450,0.0000,,,,,Other,,0,False,False
3604,14:58:10.000,14:58:10.000,14:58:10.000,0,23380.0000,23380.0000,23380.0000,23380.0000,7865,0.0000,,,,,Other,,0,False,False
3605,14:58:10.000,14:58:10.000,14:58:10.000,0,23380.0000,23380.0000,23380.0000,23380.0000,7215,0.0000,,,,,Other,,0,False,False
3606,14:58:11.000,14:58:11.000,14:58:11.000,0,23371.7000,23371.7000,23371.7000,23371.7000,6565,-8.3000,40.5250,,28.7750,,Other,,0,False,False
3607,14:58:11.000,14:58:11.000,14:58:11.000,0,23371.7000,23371.7000,23371.7000,23371.7000,5915,0.0000,,,,,Other,,0,False,False
3608,14:58:12.000,14:58:12.000,14:58:12.000,0,23371.7000,23371.7000,23371.7000,23371.7000,5525,0.0000,40.7250,,28.4750,,Other,,0,False,False
3609,14:58:12.000,14:58:12.000,14:58:12.000,0,23371.7000,23371.7000,23371.7000,23371.7000,4875,0.0000,,,,,Other,,0,False,False
3610,14:58:13.000,14:58:13.000,14:58:13.000,0,23372.6000,23372.6000,23372.6000,23372.6000,4225,0.9000,40.9000,,28.2500,,Other,,0,False,False
3611,14:58:13.000,14:58:13.000,14:58:13.000,0,23372.6000,23372.6000,23372.6000,23372.6000,3575,0.0000,,,,,Other,,0,False,False
3612,14:58:14.000,14:58:14.000,14:58:14.000,0,23371.6000,23371.6000,23371.6000,23371.6000,2925,-1.0000,40.5250,,28.7000,,Other,,0,False,False
3613,14:58:14.000,14:58:14.000,14:58:14.000,0,23371.6000,23371.6000,23371.6000,23371.6000,2275,0.0000,,,,,Other,,0,False,False
3614,14:58:14.000,14:58:14.000,14:58:14.000,0,23371.6000,23371.6000,23371.6000,23371.6000,2665,0.0000,,,,,Other,,0,False,False
3615,14:58:14.000,14:58:14.000,14:58:14.000,0,23371.6000,23371.6000,23371.6000,23371.6000,2015,0.0000,,,,,Other,,0,False,False
3616,14:58:15.000,14:58:15.000,14:58:15.000,0,23372.4000,23372.4000,23372.4000,23372.4000,1365,0.8000,40.9500,,28.5500,,Other,,0,False,False
3617,14:58:15.000,14:58:15.000,14:58:15.000,0,23372.4000,23372.4000,23372.4000,23372.4000,715,0.0000,,,,,Other,,0,False,False
3618,14:58:17.000,14:58:15.000,14:58:17.000,2,23372.7000,23372.7000,23371.4000,23371.4000,2535,-1.0000,40.6375,,28.7125,,Other,,0,False,False
3619,14:58:17.000,14:58:17.000,14:58:17.000,0,23371.4000,23371.4000,23371.4000,23371.4000,1885,0.0000,,,,,Other,,0,False,False
3620,14:58:19.000,14:58:19.000,14:58:19.000,0,23371.4000,23371.4000,23371.4000,23371.4000,1235,0.0000,40.9250,,28.6750,,Other,,0,False,False
3621,14:58:20.000,14:58:19.000,14:58:20.000,1,23371.4000,23372.8000,23371.4000,23371.6000,2795,0.2000,40.9500,0.0250,28.3500,-0.3250,Other,,0,False,False
3622,14:58:20.000,14:58:20.000,14:58:20.000,0,23371.6000,23371.6000,23371.6000,23371.6000,2145,0.0000,,,,,Other,,0,False,False
3623,14:58:21.000,14:58:21.000,14:58:21.000,0,23371.1000,23371.1000,23371.1000,23371.1000,1495,-0.5000,40.3000,,28.8500,,Other,,0,False,False
3624,14:58:21.000,14:58:21.000,14:58:21.000,0,23371.1000,23371.1000,23371.1000,23371.1000,845,0.0000,,,,,Other,,0,False,False
3625,14:58:22.000,14:58:22.000,14:58:22.000,0,23370.9000,23370.9000,23369.9000,23369.9000,9165,-1.2000,39.3000,,29.8250,,Other,,0,False,False
3626,14:58:22.000,14:58:22.000,14:58:22.000,0,23369.9000,23369.9000,23369.9000,23369.9000,8515,0.0000,,,,,Other,,0,False,False
3627,14:58:23.000,14:58:23.000,14:58:23.000,0,23369.3000,23369.3000,23369.3000,23369.3000,7865,-0.6000,39.7000,,29.6500,,Other,,0,False,False
3628,14:58:23.000,14:58:23.000,14:58:23.000,0,23369.3000,23369.3000,23369.3000,23369.3000,7215,0.0000,,,,,Other,,0,False,False
3629,14:58:24.000,14:58:24.000,14:58:24.000,0,23370.5000,23370.5000,23370.5000,23370.5000,6565,1.2000,39.9000,,29.6750,,Other,,0,False,False
3630,14:58:24.000,14:58:24.000,14:58:24.000,0,23370.5000,23370.5000,23370.5000,23370.5000,5915,0.0000,,,,,Other,,0,False,False
3631,14:58:24.000,14:58:24.000,14:58:24.000,0,23370.6000,23370.6000,23370.6000,23370.6000,13780,0.1000,,,,,Other,,0,False,False
3632,14:58:24.000,14:58:24.000,14:58:24.000,0,23370.6000,23370.6000,23370.6000,23370.6000,13130,0.0000,,,,,Other,,0,False,False
3633,14:58:25.000,14:58:25.000,14:58:25.000,0,23371.6000,23371.6000,23371.6000,23371.6000,12480,1.0000,40.8500,,29.0500,,Other,,0,False,False
3634,14:58:25.000,14:58:25.000,14:58:25.000,0,23371.6000,23371.6000,23371.6000,23371.6000,11830,0.0000,,,,,Other,,0,False,False
3635,14:58:25.000,14:58:25.000,14:58:25.000,0,23372.2000,23372.2000,23372.2000,23372.2000,14690,0.6000,,,,,Other,,0,False,False
3636,14:58:25.000,14:58:25.000,14:58:25.000,0,23372.2000,23372.2000,23372.2000,23372.2000,14040,0.0000,,,,,Other,,0,False,False
3637,14:58:27.000,14:58:27.000,14:58:27.000,0,23372.9000,23372.9000,23372.9000,23372.9000,13390,0.7000,42.0000,,28.2000,,Other,,0,False,False
3638,14:58:27.000,14:58:27.000,14:58:27.000,0,23372.9000,23372.9000,23372.9000,23372.9000,12740,0.0000,,,,,Other,,0,False,False
3639,14:58:27.000,14:58:27.000,14:58:27.000,0,23373.9000,23373.9000,23373.9000,23373.9000,12740,1.0000,,,,,Other,,0,False,False
3640,14:58:27.000,14:58:27.000,14:58:27.000,0,23373.9000,23373.9000,23373.9000,23373.9000,12090,0.0000,,,,,Other,,0,False,False
3641,14:58:28.000,14:58:28.000,14:58:28.000,0,23373.7000,23373.7000,23373.7000,23373.7000,11440,-0.2000,41.6000,,28.5500,,Other,,0,False,False
3642,14:58:28.000,14:58:28.000,14:58:28.000,0,23373.7000,23373.7000,23373.7000,23373.7000,10790,0.0000,,,,,Other,,0,False,False
3643,14:58:29.000,14:58:29.000,14:58:29.000,0,23373.2000,23373.2000,23373.2000,23373.2000,10140,-0.5000,41.3750,,28.6500,,Other,,0,False,False
3644,14:58:29.000,14:58:29.000,14:58:29.000,0,23373.2000,23373.2000,23373.2000,23373.2000,9490,0.0000,,,,,Other,,0,False,False
3645,14:58:29.000,14:58:29.000,14:58:29.000,0,23372.9000,23372.9000,23372.9000,23372.9000,10400,-0.3000,,,,,Other,,0,False,False
3646,14:58:29.000,14:58:29.000,14:58:29.000,0,23372.9000,23372.9000,23372.9000,23372.9000,9750,0.0000,,,,,Other,,0,False,False
3647,14:58:30.000,14:58:30.000,14:58:30.000,0,23373.4000,23373.4000,23373.4000,23373.4000,9100,0.5000,41.566666666666666666666666667,,28.466666666666666666666666667,,Other,,0,False,False
3648,14:58:30.000,14:58:30.000,14:58:30.000,0,23373.4000,23373.4000,23373.4000,23373.4000,8450,0.0000,,,,,Other,,0,False,False
3649,14:58:30.000,14:58:30.000,14:58:30.000,0,23373.4000,23373.4000,23373.4000,23373.4000,7800,0.0000,,,,,Other,,0,False,False
3650,14:58:30.000,14:58:30.000,14:58:30.000,0,23373.9000,23373.9000,23373.9000,23373.9000,11180,0.5000,,,,,Other,,0,False,False
3651,14:58:30.000,14:58:30.000,14:58:30.000,0,23373.9000,23373.9000,23373.9000,23373.9000,10530,0.0000,,,,,Other,,0,False,False
3652,14:58:31.000,14:58:31.000,14:58:31.000,0,23373.6000,23373.6000,23373.6000,23373.6000,9880,-0.3000,41.9750,,28.3000,,Other,,0,False,False
3653,14:58:31.000,14:58:31.000,14:58:31.000,0,23373.6000,23373.6000,23373.6000,23373.6000,9230,0.0000,,,,,Other,,0,False,False
3654,14:58:32.000,14:58:32.000,14:58:32.000,0,23374.7000,23374.7000,23374.7000,23374.7000,8580,1.1000,42.5750,,27.7500,,Other,,0,False,False
3655,14:58:32.000,14:58:32.000,14:58:32.000,0,23374.7000,23374.7000,23374.7000,23374.7000,7930,0.0000,,,,,Other,,0,False,False
3656,14:58:32.000,14:58:32.000,14:58:32.000,0,23374.7000,23374.7000,23374.7000,23374.7000,8125,0.0000,,,,,Other,,0,False,False
3657,14:58:32.000,14:58:32.000,14:58:32.000,0,23374.7000,23374.7000,23374.7000,23374.7000,7475,0.0000,,,,,Other,,0,False,False
3658,14:58:33.000,14:58:33.000,14:58:33.000,0,23374.0000,23374.0000,23374.0000,23374.0000,6825,-0.7000,42.1000,,27.9500,,Other,,0,False,False
3659,14:58:33.000,14:58:33.000,14:58:33.000,0,23374.0000,23374.0000,23374.0000,23374.0000,6175,0.0000,,,,,Other,,0,False,False
3660,14:58:34.000,14:58:34.000,14:58:34.000,0,23374.7000,23374.7000,23374.7000,23374.7000,5525,0.7000,42.3750,,27.8500,,Other,,0,False,False
3661,14:58:34.000,14:58:34.000,14:58:34.000,0,23374.7000,23374.7000,23374.7000,23374.7000,4875,0.0000,,,,,Other,,0,False,False
3662,14:58:34.000,14:58:34.000,14:58:34.000,0,23374.9000,23374.9000,23374.9000,23374.9000,6175,0.2000,,,,,Other,,0,False,False
3663,14:58:34.000,14:58:34.000,14:58:34.000,0,23374.9000,23374.9000,23374.9000,23374.9000,5525,0.0000,,,,,Other,,0,False,False
3664,14:58:35.000,14:58:35.000,14:58:35.000,0,23374.8000,23374.8000,23374.8000,23374.8000,4875,-0.1000,42.0500,,28.1500,,Other,,0,False,False
3665,14:58:35.000,14:58:35.000,14:58:35.000,0,23374.8000,23374.8000,23374.8000,23374.8000,4225,0.0000,,,,,Other,,0,False,False
3666,14:58:35.000,14:58:35.000,14:58:35.000,0,23373.7000,23373.7000,23373.7000,23373.7000,6500,-1.1000,,,,,Other,,0,False,False
3667,14:58:35.000,14:58:35.000,14:58:35.000,0,23373.7000,23373.7000,23373.7000,23373.7000,5850,0.0000,,,,,Other,,0,False,False
3668,14:58:37.000,14:58:37.000,14:58:37.000,0,23373.0000,23373.0000,23373.0000,23373.0000,5200,-0.7000,40.9750,,29.0750,,Other,,0,False,False
3669,14:58:37.000,14:58:37.000,14:58:37.000,0,23373.0000,23373.0000,23373.0000,23373.0000,4550,0.0000,,,,,Other,,0,False,False
3670,14:58:37.000,14:58:37.000,14:58:37.000,0,23372.7000,23372.7000,23372.7000,23372.7000,7540,-0.3000,,,,,Other,,0,False,False
3671,14:58:37.000,14:58:37.000,14:58:37.000,0,23372.7000,23372.7000,23372.7000,23372.7000,6890,0.0000,,,,,Other,,0,False,False
3672,14:58:38.000,14:58:38.000,14:58:38.000,0,23371.9000,23371.9000,23371.9000,23371.9000,6240,-0.8000,41.0000,,29.0500,,Other,,0,False,False
3673,14:58:38.000,14:58:38.000,14:58:38.000,0,23371.9000,23371.9000,23371.9000,23371.9000,5590,0.0000,,,,,Other,,0,False,False
3674,14:58:38.000,14:58:38.000,14:58:38.000,0,23370.7000,23370.7000,23370.7000,23370.7000,7995,-1.2000,,,,,Other,,0,False,False
3675,14:58:38.000,14:58:38.000,14:58:38.000,0,23370.7000,23370.7000,23370.7000,23370.7000,7345,0.0000,,,,,Other,,0,False,False
3676,14:58:39.000,14:58:39.000,14:58:39.000,0,23370.5000,23370.5000,23370.5000,23370.5000,6695,-0.2000,40.1000,,29.7000,,Other,,0,False,False
3677,14:58:39.000,14:58:39.000,14:58:39.000,0,23370.5000,23370.5000,23370.5000,23370.5000,6045,0.0000,,,,,Other,,0,False,False
3678,14:58:40.000,14:58:40.000,14:58:40.000,0,23370.4000,23370.4000,23370.4000,23370.4000,5395,-0.1000,40.3000,,29.3000,,Other,,0,False,False
3679,14:58:40.000,14:58:40.000,14:58:40.000,0,23370.4000,23370.4000,23370.4000,23370.4000,4745,0.0000,,,,,Other,,0,False,False
3680,14:58:40.000,14:58:40.000,14:58:40.000,0,23371.4000,23371.4000,23371.4000,23371.4000,5785,1.0000,,,,,Other,,0,False,False
3681,14:58:40.000,14:58:40.000,14:58:40.000,0,23371.4000,23371.4000,23371.4000,23371.4000,5135,0.0000,,,,,Other,,0,False,False
3682,14:58:42.000,14:58:42.000,14:58:42.000,0,23370.1000,23370.1000,23370.1000,23370.1000,4485,-1.3000,40.3500,,29.5250,,Other,,0,False,False
3683,14:58:42.000,14:58:42.000,14:58:42.000,0,23370.1000,23370.1000,23370.1000,23370.1000,3835,0.0000,,,,,Other,,0,False,False
3684,14:58:42.000,14:58:42.000,14:58:42.000,0,23384.5000,23384.5000,23384.5000,23384.5000,5200,14.4000,,,,,Other,,0,False,False
3685,14:58:42.000,14:58:42.000,14:58:42.000,0,23384.5000,23384.5000,23384.5000,23384.5000,4550,0.0000,,,,,Other,,0,False,False
3686,14:58:43.000,14:58:43.000,14:58:43.000,0,23370.7000,23370.7000,23370.7000,23370.7000,3900,-13.8000,39.8500,,29.6500,,Other,,0,False,False
3687,14:58:43.000,14:58:43.000,14:58:43.000,0,23370.7000,23370.7000,23370.7000,23370.7000,3250,0.0000,,,,,Other,,0,False,False
3688,14:58:43.000,14:58:43.000,14:58:43.000,0,23371.0000,23371.0000,23371.0000,23371.0000,4355,0.3000,,,,,Other,,0,False,False
3689,14:58:43.000,14:58:43.000,14:58:43.000,0,23371.0000,23371.0000,23371.0000,23371.0000,3705,0.0000,,,,,Other,,0,False,False
3690,14:58:44.000,14:58:44.000,14:58:44.000,0,23370.7000,23370.7000,23370.7000,23370.7000,3055,-0.3000,40.0500,,29.4750,,Other,,0,False,False
3691,14:58:44.000,14:58:44.000,14:58:44.000,0,23370.7000,23370.7000,23370.7000,23370.7000,2405,0.0000,,,,,Other,,0,False,False
3692,14:58:45.000,14:58:45.000,14:58:45.000,0,23370.9000,23370.9000,23370.9000,23370.9000,1755,0.2000,39.7500,,29.5000,,Other,,0,False,False
3693,14:58:45.000,14:58:45.000,14:58:45.000,0,23370.9000,23370.9000,23370.9000,23370.9000,1105,0.0000,,,,,Other,,0,False,False
3694,14:58:45.000,14:58:45.000,14:58:45.000,0,23370.8000,23370.8000,23370.8000,23370.8000,2340,-0.1000,,,,,Other,,0,False,False
3695,14:58:45.000,14:58:45.000,14:58:45.000,0,23370.8000,23370.8000,23370.8000,23370.8000,1690,0.0000,,,,,Other,,0,False,False
3696,14:58:46.000,14:58:46.000,14:58:46.000,0,23370.6000,23370.6000,23370.6000,23370.6000,1040,-0.2000,40.0000,,29.3250,,Other,,0,False,False
3697,14:58:46.000,14:58:46.000,14:58:46.000,0,23370.6000,23370.6000,23370.6000,23370.6000,1365,0.0000,,,,,Other,,0,False,False
3698,14:58:46.000,14:58:46.000,14:58:46.000,0,23370.6000,23370.6000,23370.6000,23370.6000,715,0.0000,,,,,Other,,0,False,False
3699,14:58:48.000,14:58:47.000,14:58:48.000,1,23370.4000,23371.0000,23370.4000,23371.0000,1235,0.4000,40.1000,,29.083333333333333333333333333,,Other,,0,False,False
3700,14:58:50.000,14:58:48.000,14:58:50.000,2,23371.0000,23371.5000,23370.7000,23371.4000,2795,0.4000,39.8625,-0.2375,29.1000,0.016666666666666666666666667,A,A,1,False,False
3701,14:58:50.000,14:58:50.000,14:58:50.000,0,23371.4000,23371.4000,23371.4000,23371.4000,2145,0.0000,,,,,Other,,0,False,False
3702,14:58:51.000,14:58:51.000,14:58:51.000,0,23370.6000,23370.6000,23370.6000,23370.6000,1495,-0.8000,39.7500,,29.3500,,Other,,0,False,False
3703,14:58:51.000,14:58:51.000,14:58:51.000,0,23370.6000,23370.6000,23370.6000,23370.6000,845,0.0000,,,,,Other,,0,False,False
3704,14:58:52.000,14:58:52.000,14:58:52.000,0,23371.6000,23371.6000,23371.6000,23371.6000,1690,1.0000,39.8250,,29.2500,,Other,,0,False,False
3705,14:58:52.000,14:58:52.000,14:58:52.000,0,23371.6000,23371.6000,23371.6000,23371.6000,1040,0.0000,,,,,Other,,0,False,False
3706,14:58:53.000,14:58:52.000,14:58:53.000,1,23371.3000,23371.3000,23370.2000,23370.2000,2080,-1.4000,39.6500,,29.5500,,Other,,0,False,False
3707,14:58:53.000,14:58:53.000,14:58:53.000,0,23370.2000,23370.2000,23370.2000,23370.2000,1430,0.0000,,,,,Other,,0,False,False
3708,14:58:55.000,14:58:55.000,14:58:55.000,0,23370.2000,23370.2000,23370.2000,23370.2000,2080,0.0000,39.8750,,29.3000,,Other,,0,False,False
3709,14:58:55.000,14:58:55.000,14:58:55.000,0,23370.2000,23370.2000,23370.2000,23370.2000,1430,0.0000,,,,,Other,,0,False,False
3710,14:58:55.000,14:58:55.000,14:58:55.000,0,23370.6000,23370.6000,23370.6000,23370.6000,780,0.4000,,,,,Other,,0,False,False
3711,14:58:58.000,14:58:55.000,14:58:58.000,3,23370.6000,23370.8000,23370.3000,23370.8000,715,0.2000,39.8750,,29.4200,,Other,,0,False,False
3712,14:59:00.000,14:58:58.000,14:59:00.000,2,23370.8000,23370.8000,23366.0000,23366.0000,20020,-4.8000,37.561111111111111111111111111,-2.313888888888888888888888889,31.383333333333333333333333333,1.963333333333333333333333333,Other,,0,False,False
3713,14:59:00.000,14:59:00.000,14:59:00.000,0,23366.0000,23366.0000,23366.0000,23366.0000,19370,0.0000,,,,,Other,,0,False,False
3714,14:59:00.000,14:59:00.000,14:59:00.000,0,23365.7000,23365.7000,23365.7000,23365.7000,18720,-0.3000,,,,,Other,,0,False,False
3715,14:59:00.000,14:59:00.000,14:59:00.000,0,23365.7000,23365.7000,23365.7000,23365.7000,18070,0.0000,,,,,Other,,0,False,False
3716,14:59:00.000,14:59:00.000,14:59:00.000,0,23365.7000,23365.7000,23365.7000,23365.7000,17420,0.0000,,,,,Other,,0,False,False
3717,14:59:01.000,14:59:01.000,14:59:01.000,0,23365.8000,23365.8000,23365.8000,23365.8000,16770,0.1000,38.4000,,30.6000,,Other,,0,False,False
3718,14:59:01.000,14:59:01.000,14:59:01.000,0,23365.8000,23365.8000,23365.8000,23365.8000,16120,0.0000,,,,,Other,,0,False,False
3719,14:59:01.000,14:59:01.000,14:59:01.000,0,23365.5000,23365.5000,23365.5000,23365.5000,29445,-0.3000,,,,,Other,,0,False,False
3720,14:59:01.000,14:59:01.000,14:59:01.000,0,23365.5000,23365.5000,23365.5000,23365.5000,28795,0.0000,,,,,Other,,0,False,False
3721,14:59:03.000,14:59:03.000,14:59:03.000,0,23367.9000,23367.9000,23367.9000,23367.9000,28145,2.4000,37.4500,,31.6000,,Other,,0,False,False
3722,14:59:03.000,14:59:03.000,14:59:03.000,0,23367.9000,23367.9000,23367.9000,23367.9000,27495,0.0000,,,,,Other,,0,False,False
3723,14:59:03.000,14:59:03.000,14:59:03.000,0,23364.6000,23364.6000,23364.6000,23364.6000,26975,-3.3000,,,,,Other,,0,False,False
3724,14:59:03.000,14:59:03.000,14:59:03.000,0,23364.6000,23364.6000,23364.6000,23364.6000,26325,0.0000,,,,,Other,,0,False,False
3725,14:59:05.000,14:59:05.000,14:59:05.000,0,23376.6000,23376.6000,23376.6000,23376.6000,25740,12.0000,17.4500,,59.6250,,Other,,0,False,False
3726,14:59:05.000,14:59:05.000,14:59:05.000,0,23376.6000,23376.6000,23376.6000,23376.6000,25090,0.0000,,,,,Other,,0,False,False
3727,14:59:06.000,14:59:06.000,14:59:06.000,0,23376.6000,23376.6000,23376.6000,23376.6000,24440,0.0000,17.4500,,59.6500,,Other,,0,False,False
3728,14:59:06.000,14:59:06.000,14:59:06.000,0,23376.6000,23376.6000,23376.6000,23376.6000,23790,0.0000,,,,,Other,,0,False,False
3729,14:59:08.000,14:59:08.000,14:59:08.000,0,23376.6000,23376.6000,23376.6000,23376.6000,23140,0.0000,16.966666666666666666666666667,,61.0000,,Other,,0,False,False
3730,14:59:08.000,14:59:08.000,14:59:08.000,0,23376.6000,23376.6000,23376.6000,23376.6000,22490,0.0000,,,,,Other,,0,False,False
3731,14:59:09.000,14:59:09.000,14:59:09.000,0,23364.6000,23364.6000,23364.6000,23364.6000,21840,-12.0000,37.4250,,31.9500,,Other,,0,False,False
3732,14:59:09.000,14:59:09.000,14:59:09.000,0,23364.6000,23364.6000,23364.6000,23364.6000,21190,0.0000,,,,,Other,,0,False,False
3733,14:59:10.000,14:59:10.000,14:59:10.000,0,23364.6000,23364.6000,23364.6000,23364.6000,20670,0.0000,37.7500,,31.7750,,Other,,0,False,False
3734,14:59:10.000,14:59:10.000,14:59:10.000,0,23364.6000,23364.6000,23364.6000,23364.6000,20020,0.0000,,,,,Other,,0,False,False
3735,14:59:10.000,14:59:10.000,14:59:10.000,0,23370.0000,23370.0000,23370.0000,23370.0000,19370,5.4000,,,,,Other,,0,False,False
3736,14:59:10.000,14:59:10.000,14:59:10.000,0,23370.0000,23370.0000,23370.0000,23370.0000,18720,0.0000,,,,,Other,,0,False,False
3737,14:59:11.000,14:59:11.000,14:59:11.000,0,23370.0000,23370.0000,23370.0000,23370.0000,18135,0.0000,37.8500,,31.8500,,Other,,0,False,False
3738,14:59:11.000,14:59:11.000,14:59:11.000,0,23370.0000,23370.0000,23370.0000,23370.0000,17485,0.0000,,,,,Other,,0,False,False
3739,14:59:12.000,14:59:12.000,14:59:12.000,0,23365.7000,23365.7000,23365.7000,23365.7000,16835,-4.3000,37.6000,,32.2250,,Other,,0,False,False
3740,14:59:12.000,14:59:12.000,14:59:12.000,0,23365.7000,23365.7000,23365.7000,23365.7000,16185,0.0000,,,,,Other,,0,False,False
3741,14:59:13.000,14:59:13.000,14:59:13.000,0,23366.0000,23366.0000,23366.0000,23366.0000,15535,0.3000,37.4000,,32.4000,,Other,,0,False,False
3742,14:59:13.000,14:59:13.000,14:59:13.000,0,23366.0000,23366.0000,23366.0000,23366.0000,14885,0.0000,,,,,Other,,0,False,False
3743,14:59:13.000,14:59:13.000,14:59:13.000,0,23364.8000,23364.8000,23364.8000,23364.8000,14560,-1.2000,,,,,Other,,0,False,False
3744,14:59:13.000,14:59:13.000,14:59:13.000,0,23364.8000,23364.8000,23364.8000,23364.8000,13910,0.0000,,,,,Other,,0,False,False
3745,14:59:14.000,14:59:14.000,14:59:14.000,0,23364.1000,23364.1000,23364.1000,23364.1000,13260,-0.7000,36.9500,,32.8250,,Other,,0,False,False
3746,14:59:14.000,14:59:14.000,14:59:14.000,0,23364.1000,23364.1000,23364.1000,23364.1000,12610,0.0000,,,,,Other,,0,False,False
3747,14:59:15.000,14:59:15.000,14:59:15.000,0,23364.6000,23364.6000,23364.6000,23364.6000,13650,0.5000,37.0000,,33.0500,,Other,,0,False,False
3748,14:59:15.000,14:59:15.000,14:59:15.000,0,23364.6000,23364.6000,23364.6000,23364.6000,13000,0.0000,,,,,Other,,0,False,False
3749,14:59:16.000,14:59:16.000,14:59:16.000,0,23363.1000,23363.1000,23363.1000,23363.1000,12350,-1.5000,37.2000,,33.2500,,Other,,0,False,False
3750,14:59:16.000,14:59:16.000,14:59:16.000,0,23363.1000,23363.1000,23363.1000,23363.1000,11700,0.0000,,,,,Other,,0,False,False
3751,14:59:16.000,14:59:16.000,14:59:16.000,0,23363.6000,23363.6000,23363.6000,23363.6000,11895,0.5000,,,,,Other,,0,False,False
3752,14:59:16.000,14:59:16.000,14:59:16.000,0,23363.6000,23363.6000,23363.6000,23363.6000,11245,0.0000,,,,,Other,,0,False,False
3753,14:59:18.000,14:59:18.000,14:59:18.000,0,23363.4000,23363.4000,23363.4000,23363.4000,10595,-0.2000,36.8500,,33.1500,,Other,,0,False,False
3754,14:59:18.000,14:59:18.000,14:59:18.000,0,23363.4000,23363.4000,23363.4000,23363.4000,9945,0.0000,,,,,Other,,0,False,False
3755,14:59:18.000,14:59:18.000,14:59:18.000,0,23364.2000,23364.2000,23364.2000,23364.2000,9620,0.8000,,,,,Other,,0,False,False
3756,14:59:18.000,14:59:18.000,14:59:18.000,0,23364.2000,23364.2000,23364.2000,23364.2000,8970,0.0000,,,,,Other,,0,False,False
3757,14:59:19.000,14:59:19.000,14:59:19.000,0,23362.5000,23362.5000,23362.5000,23362.5000,8320,-1.7000,36.3500,,33.6000,,Other,,0,False,False
3758,14:59:19.000,14:59:19.000,14:59:19.000,0,23362.5000,23362.5000,23362.5000,23362.5000,7670,0.0000,,,,,Other,,0,False,False
3759,14:59:20.000,14:59:20.000,14:59:20.000,0,23363.6000,23363.6000,23363.6000,23363.6000,11115,1.1000,35.6750,,34.2500,,Other,,0,False,False
3760,14:59:20.000,14:59:20.000,14:59:20.000,0,23363.6000,23363.6000,23363.6000,23363.6000,10465,0.0000,,,,,Other,,0,False,False
3761,14:59:21.000,14:59:21.000,14:59:21.000,0,23363.2000,23363.2000,23363.2000,23363.2000,10335,-0.4000,36.7000,,33.4500,,Other,,0,False,False
3762,14:59:21.000,14:59:21.000,14:59:21.000,0,23363.2000,23363.2000,23363.2000,23363.2000,9685,0.0000,,,,,Other,,0,False,False
3763,14:59:22.000,14:59:22.000,14:59:22.000,0,23361.8000,23361.8000,23361.8000,23361.8000,9035,-1.4000,36.5750,,33.7750,,Other,,0,False,False
3764,14:59:22.000,14:59:22.000,14:59:22.000,0,23361.8000,23361.8000,23361.8000,23361.8000,8385,0.0000,,,,,Other,,0,False,False
3765,14:59:23.000,14:59:23.000,14:59:23.000,0,23362.5000,23362.5000,23362.5000,23362.5000,7735,0.7000,37.1500,,33.0000,,Other,,0,False,False
3766,14:59:23.000,14:59:23.000,14:59:23.000,0,23362.5000,23362.5000,23362.5000,23362.5000,7085,0.0000,,,,,Other,,0,False,False
3767,14:59:23.000,14:59:23.000,14:59:23.000,0,23363.9000,23363.9000,23363.9000,23363.9000,6955,1.4000,,,,,Other,,0,False,False
3768,14:59:23.000,14:59:23.000,14:59:23.000,0,23363.9000,23363.9000,23363.9000,23363.9000,6305,0.0000,,,,,Other,,0,False,False
3769,14:59:24.000,14:59:24.000,14:59:24.000,0,23362.7000,23362.7000,23362.7000,23362.7000,5655,-1.2000,37.0750,,33.2250,,Other,,0,False,False
3770,14:59:24.000,14:59:24.000,14:59:24.000,0,23362.7000,23362.7000,23362.7000,23362.7000,5005,0.0000,,,,,Other,,0,False,False
3771,14:59:25.000,14:59:25.000,14:59:25.000,0,23363.4000,23363.4000,23363.4000,23363.4000,5070,0.7000,37.1250,,33.3500,,Other,,0,False,False
3772,14:59:25.000,14:59:25.000,14:59:25.000,0,23363.4000,23363.4000,23363.4000,23363.4000,4420,0.0000,,,,,Other,,0,False,False
3773,14:59:26.000,14:59:26.000,14:59:26.000,0,23363.4000,23363.4000,23363.4000,23363.4000,3770,0.0000,37.1000,,33.6500,,Other,,0,False,False
3774,14:59:26.000,14:59:26.000,14:59:26.000,0,23363.4000,23363.4000,23363.4000,23363.4000,3120,0.0000,,,,,Other,,0,False,False
3775,14:59:28.000,14:59:28.000,14:59:28.000,0,23362.8000,23362.8000,23362.8000,23362.8000,2470,-0.6000,37.0500,,33.5500,,Other,,0,False,False
3776,14:59:28.000,14:59:28.000,14:59:28.000,0,23362.8000,23362.8000,23362.8000,23362.8000,1820,0.0000,,,,,Other,,0,False,False
3777,14:59:28.000,14:59:28.000,14:59:28.000,0,23362.8000,23362.8000,23362.8000,23362.8000,1300,0.0000,,,,,Other,,0,False,False
3778,14:59:28.000,14:59:28.000,14:59:28.000,0,23362.8000,23362.8000,23362.8000,23362.8000,650,0.0000,,,,,Other,,0,False,False
3779,14:59:54.000,14:59:29.000,14:59:54.000,25,23363.0000,23374.8000,23363.0000,23366.8000,715,4.0000,37.512345679012345679012345679,,32.778915662650602409638554217,,Other,,0,False,False
3780,15:00:15.000,14:59:54.000,15:00:15.000,21,23366.8000,23374.0000,23366.8000,23368.5000,1820,1.7000,38.933582089552238805970149254,1.421236410539893126957803575,30.665942028985507246376811594,-2.112973633665095163261742623,Other,,0,False,False
3781,15:00:15.000,15:00:15.000,15:00:15.000,0,23368.5000,23368.5000,23368.5000,23368.5000,1170,0.0000,,,,,Other,,0,False,False
3782,15:00:17.000,15:00:16.000,15:00:17.000,1,23367.8000,23367.8000,23367.4000,23367.4000,1690,-1.1000,38.7000,,30.833333333333333333333333333,,Other,,0,False,False
3783,15:00:17.000,15:00:17.000,15:00:17.000,0,23367.4000,23367.4000,23367.4000,23367.4000,1040,0.0000,,,,,Other,,0,False,False
3784,15:00:23.000,15:00:19.000,15:00:23.000,4,23367.4000,23375.0000,23367.4000,23375.0000,650,7.6000,39.53125,,30.1000,,Other,,0,False,False
3785,15:00:36.000,15:00:23.000,15:00:36.000,13,23375.0000,23375.0000,23368.2000,23368.5000,4810,-6.5000,39.196341463414634146341463415,-0.334908536585365853658536585,30.538461538461538461538461538,0.438461538461538461538461538,Other,,0,False,False
3786,15:00:36.000,15:00:36.000,15:00:36.000,0,23368.5000,23368.5000,23368.5000,23368.5000,4160,0.0000,,,,,Other,,0,False,False
3787,15:00:37.000,15:00:37.000,15:00:37.000,0,23367.9000,23367.9000,23367.9000,23367.9000,3510,-0.6000,38.9000,,30.8000,,Other,,0,False,False
3788,15:00:37.000,15:00:37.000,15:00:37.000,0,23367.9000,23367.9000,23367.9000,23367.9000,2860,0.0000,,,,,Other,,0,False,False
3789,15:00:38.000,15:00:38.000,15:00:38.000,0,23367.5000,23367.5000,23367.5000,23367.5000,2210,-0.4000,38.5500,,31.2000,,Other,,0,False,False
3790,15:00:38.000,15:00:38.000,15:00:38.000,0,23367.5000,23367.5000,23367.5000,23367.5000,1560,0.0000,,,,,Other,,0,False,False
3791,15:00:38.000,15:00:38.000,15:00:38.000,0,23367.5000,23367.5000,23367.5000,23367.5000,4290,0.0000,,,,,Other,,0,False,False
3792,15:00:38.000,15:00:38.000,15:00:38.000,0,23367.5000,23367.5000,23367.5000,23367.5000,3640,0.0000,,,,,Other,,0,False,False
3793,15:00:39.000,15:00:39.000,15:00:39.000,0,23367.3000,23367.3000,23367.3000,23367.3000,2990,-0.2000,38.0000,,31.7500,,Other,,0,False,False
3794,15:00:39.000,15:00:39.000,15:00:39.000,0,23367.3000,23367.3000,23367.3000,23367.3000,2340,0.0000,,,,,Other,,0,False,False
3795,15:00:39.000,15:00:39.000,15:00:39.000,0,23365.8000,23365.8000,23365.8000,23365.8000,4875,-1.5000,,,,,Other,,0,False,False
3796,15:00:39.000,15:00:39.000,15:00:39.000,0,23365.8000,23365.8000,23365.8000,23365.8000,4225,0.0000,,,,,Other,,0,False,False
3797,15:00:40.000,15:00:40.000,15:00:40.000,0,23365.6000,23365.6000,23365.6000,23365.6000,3575,-0.2000,37.8500,,31.9250,,Other,,0,False,False
3798,15:00:40.000,15:00:40.000,15:00:40.000,0,23365.6000,23365.6000,23365.6000,23365.6000,2925,0.0000,,,,,Other,,0,False,False
3799,15:00:41.000,15:00:41.000,15:00:41.000,0,23365.8000,23365.8000,23365.8000,23365.8000,2275,0.2000,37.7000,,32.2750,,Other,,0,False,False
3800,15:00:41.000,15:00:41.000,15:00:41.000,0,23365.8000,23365.8000,23365.8000,23365.8000,1625,0.0000,,,,,Other,,0,False,False
3801,15:00:41.000,15:00:41.000,15:00:41.000,0,23365.6000,23365.6000,23365.6000,23365.6000,3185,-0.2000,,,,,Other,,0,False,False
3802,15:00:41.000,15:00:41.000,15:00:41.000,0,23365.6000,23365.6000,23365.6000,23365.6000,2535,0.0000,,,,,Other,,0,False,False
3803,15:00:42.000,15:00:42.000,15:00:42.000,0,23365.3000,23365.3000,23365.3000,23365.3000,1885,-0.3000,37.3750,,32.4500,,Other,,0,False,False
3804,15:00:42.000,15:00:42.000,15:00:42.000,0,23365.3000,23365.3000,23365.3000,23365.3000,1235,0.0000,,,,,Other,,0,False,False
3805,15:00:43.000,15:00:43.000,15:00:43.000,0,23365.0000,23365.0000,23364.9000,23364.9000,1885,-0.4000,37.3500,,32.7000,,Other,,0,False,False
3806,15:00:43.000,15:00:43.000,15:00:43.000,0,23364.9000,23364.9000,23364.9000,23364.9000,1235,0.0000,,,,,Other,,0,False,False
3807,15:00:44.000,15:00:44.000,15:00:44.000,0,23365.2000,23365.2000,23365.0000,23365.0000,1300,0.1000,38.0000,,32.1000,,Other,,0,False,False
3808,15:00:44.000,15:00:44.000,15:00:44.000,0,23365.0000,23365.0000,23365.0000,23365.0000,650,0.0000,,,,,Other,,0,False,False
3809,15:00:51.000,15:00:45.000,15:00:51.000,6,23365.5000,23375.0000,23364.3000,23364.3000,650,-0.7000,37.691666666666666666666666667,,32.4750,,Other,,0,False,False
3810,15:00:57.000,15:00:51.000,15:00:57.000,6,23364.3000,23365.4000,23363.9000,23364.7000,2730,0.4000,37.561111111111111111111111111,-0.130555555555555555555555556,32.638888888888888888888888889,0.163888888888888888888888889,A,A,1,False,False
3811,15:00:57.000,15:00:57.000,15:00:57.000,0,23364.7000,23364.7000,23364.7000,23364.7000,2080,0.0000,,,,,Other,,0,False,False
3812,15:00:59.000,15:00:59.000,15:00:59.000,0,23364.6000,23364.6000,23364.6000,23364.6000,2210,-0.1000,37.3000,,33.0500,,Other,,0,False,False
3813,15:00:59.000,15:00:59.000,15:00:59.000,0,23364.6000,23364.6000,23364.6000,23364.6000,1560,0.0000,,,,,Other,,0,False,False
3814,15:01:00.000,15:01:00.000,15:01:00.000,0,23364.5000,23364.5000,23364.5000,23364.5000,910,-0.1000,36.9200,,33.3600,,Other,,0,False,False
3815,15:01:01.000,15:01:00.000,15:01:01.000,1,23364.5000,23364.5000,23363.1000,23363.1000,1820,-1.4000,37.2000,0.2800,33.1250,-0.2350,B,B,1,False,False
3816,15:01:01.000,15:01:01.000,15:01:01.000,0,23363.1000,23363.1000,23363.1000,23363.1000,1170,0.0000,,,,,Other,,0,False,False
3817,15:01:02.000,15:01:01.000,15:01:02.000,1,23364.1000,23364.1000,23363.5000,23363.5000,975,0.4000,37.3500,,33.0000,,Other,,0,False,False
3818,15:01:05.000,15:01:02.000,15:01:05.000,3,23363.5000,23363.6000,23362.5000,23362.6000,1170,-0.9000,36.8100,-0.5400,33.4600,0.4600,Other,,0,False,False
3819,15:01:07.000,15:01:05.000,15:01:07.000,2,23362.6000,23362.6000,23359.4000,23359.4000,10790,-3.2000,34.6500,-2.1600,35.2000,1.7400,Other,,0,False,False
3820,15:01:07.000,15:01:07.000,15:01:07.000,0,23359.4000,23359.4000,23359.4000,23359.4000,10140,0.0000,,,,,Other,,0,False,False
3821,15:01:08.000,15:01:08.000,15:01:08.000,0,23360.2000,23360.2000,23360.2000,23360.2000,9490,0.8000,35.0750,,34.7000,,Other,,0,False,False
3822,15:01:08.000,15:01:08.000,15:01:08.000,0,23360.2000,23360.2000,23360.2000,23360.2000,8840,0.0000,,,,,Other,,0,False,False
3823,15:01:09.000,15:01:09.000,15:01:09.000,0,23360.7000,23360.7000,23360.7000,23360.7000,18850,0.5000,35.3500,,34.2500,,Other,,0,False,False
3824,15:01:09.000,15:01:09.000,15:01:09.000,0,23360.7000,23360.7000,23360.7000,23360.7000,18200,0.0000,,,,,Other,,0,False,False
3825,15:01:09.000,15:01:09.000,15:01:09.000,0,23361.7000,23361.7000,23361.7000,23361.7000,17550,1.0000,,,,,Other,,0,False,False
3826,15:01:09.000,15:01:09.000,15:01:09.000,0,23361.7000,23361.7000,23361.7000,23361.7000,16900,0.0000,,,,,Other,,0,False,False
3827,15:01:10.000,15:01:10.000,15:01:10.000,0,23362.7000,23362.7000,23362.7000,23362.7000,16250,1.0000,36.2500,,33.7750,,Other,,0,False,False
3828,15:01:10.000,15:01:10.000,15:01:10.000,0,23362.7000,23362.7000,23362.7000,23362.7000,15600,0.0000,,,,,Other,,0,False,False
3829,15:01:10.000,15:01:10.000,15:01:10.000,0,23362.9000,23362.9000,23362.9000,23362.9000,17225,0.2000,,,,,Other,,0,False,False
3830,15:01:10.000,15:01:10.000,15:01:10.000,0,23362.9000,23362.9000,23362.9000,23362.9000,16575,0.0000,,,,,Other,,0,False,False
3831,15:01:11.000,15:01:11.000,15:01:11.000,0,23363.0000,23363.0000,23363.0000,23363.0000,15925,0.1000,37.0000,,33.2750,,Other,,0,False,False
3832,15:01:11.000,15:01:11.000,15:01:11.000,0,23363.0000,23363.0000,23363.0000,23363.0000,15275,0.0000,,,,,Other,,0,False,False
3833,15:01:12.000,15:01:12.000,15:01:12.000,0,23363.5000,23363.5000,23363.5000,23363.5000,14885,0.5000,36.9500,,33.3000,,Other,,0,False,False
3834,15:01:12.000,15:01:12.000,15:01:12.000,0,23363.5000,23363.5000,23363.5000,23363.5000,14235,0.0000,,,,,Other,,0,False,False
3835,15:01:13.000,15:01:13.000,15:01:13.000,0,23362.0000,23362.0000,23362.0000,23362.0000,13585,-1.5000,36.4750,,34.0250,,Other,,0,False,False
3836,15:01:13.000,15:01:13.000,15:01:13.000,0,23362.0000,23362.0000,23362.0000,23362.0000,12935,0.0000,,,,,Other,,0,False,False
3837,15:01:14.000,15:01:14.000,15:01:14.000,0,23362.0000,23362.0000,23362.0000,23362.0000,14560,0.0000,,,33.9500,,Other,,0,False,False
3838,15:01:14.000,15:01:14.000,15:01:14.000,0,23362.0000,23362.0000,23362.0000,23362.0000,13910,0.0000,,,,,Other,,0,False,False
3839,15:01:14.000,15:01:14.000,15:01:14.000,0,23362.8000,23362.8000,23362.8000,23362.8000,13260,0.8000,,,,,Other,,0,False,False
3840,15:01:14.000,15:01:14.000,15:01:14.000,0,23362.8000,23362.8000,23362.8000,23362.8000,12610,0.0000,,,,,Other,,0,False,False
3841,15:01:15.000,15:01:15.000,15:01:15.000,0,23362.8000,23362.8000,23362.8000,23362.8000,12220,0.0000,36.5500,,34.0250,,Other,,0,False,False
3842,15:01:15.000,15:01:15.000,15:01:15.000,0,23362.8000,23362.8000,23362.8000,23362.8000,11570,0.0000,,,,,Other,,0,False,False
3843,15:01:16.000,15:01:16.000,15:01:16.000,0,23362.5000,23362.5000,23362.5000,23362.5000,10920,-0.3000,36.7500,,33.8750,,Other,,0,False,False
3844,15:01:16.000,15:01:16.000,15:01:16.000,0,23362.5000,23362.5000,23362.5000,23362.5000,10270,0.0000,,,,,Other,,0,False,False
3845,15:01:17.000,15:01:17.000,15:01:17.000,0,23363.1000,23363.1000,23363.1000,23363.1000,9620,0.6000,37.2500,,33.4000,,Other,,0,False,False
3846,15:01:17.000,15:01:17.000,15:01:17.000,0,23363.1000,23363.1000,23363.1000,23363.1000,8970,0.0000,,,,,Other,,0,False,False
3847,15:01:17.000,15:01:17.000,15:01:17.000,0,23363.1000,23363.1000,23363.1000,23363.1000,9100,0.0000,,,,,Other,,0,False,False
3848,15:01:17.000,15:01:17.000,15:01:17.000,0,23363.1000,23363.1000,23363.1000,23363.1000,8450,0.0000,,,,,Other,,0,False,False
3849,15:01:18.000,15:01:18.000,15:01:18.000,0,23364.7000,23364.7000,23364.7000,23364.7000,7800,1.6000,37.7000,,33.1500,,Other,,0,False,False
3850,15:01:18.000,15:01:18.000,15:01:18.000,0,23364.7000,23364.7000,23364.7000,23364.7000,7150,0.0000,,,,,Other,,0,False,False
3851,15:01:19.000,15:01:19.000,15:01:19.000,0,23364.7000,23364.7000,23364.7000,23364.7000,7280,0.0000,38.1500,,32.6500,,Other,,0,False,False
3852,15:01:19.000,15:01:19.000,15:01:19.000,0,23364.7000,23364.7000,23364.7000,23364.7000,6630,0.0000,,,,,Other,,0,False,False
3853,15:01:20.000,15:01:20.000,15:01:20.000,0,23364.7000,23364.7000,23364.7000,23364.7000,5980,0.0000,38.6000,,31.9250,,Other,,0,False,False
3854,15:01:20.000,15:01:20.000,15:01:20.000,0,23364.7000,23364.7000,23364.7000,23364.7000,5330,0.0000,,,,,Other,,0,False,False
3855,15:01:22.000,15:01:22.000,15:01:22.000,0,23364.7000,23364.7000,23364.7000,23364.7000,4680,0.0000,40.2000,,30.1000,,Other,,0,False,False
3856,15:01:22.000,15:01:22.000,15:01:22.000,0,23364.7000,23364.7000,23364.7000,23364.7000,4030,0.0000,,,,,Other,,0,False,False
3857,15:01:22.000,15:01:22.000,15:01:22.000,0,23368.6000,23368.6000,23368.6000,23368.6000,3380,3.9000,,,,,Other,,0,False,False
3858,15:01:22.000,15:01:22.000,15:01:22.000,0,23368.6000,23368.6000,23368.6000,23368.6000,2730,0.0000,,,,,Other,,0,False,False
3859,15:01:24.000,15:01:24.000,15:01:24.000,0,23368.6000,23368.6000,23368.6000,23368.6000,2340,0.0000,39.5500,,31.1500,,Other,,0,False,False
3860,15:01:24.000,15:01:24.000,15:01:24.000,0,23368.6000,23368.6000,23368.6000,23368.6000,1690,0.0000,,,,,Other,,0,False,False
3861,15:01:24.000,15:01:24.000,15:01:24.000,0,23368.4000,23368.4000,23368.4000,23368.4000,1040,-0.2000,,,,,Other,,0,False,False
3862,15:01:25.000,15:01:24.000,15:01:25.000,1,23368.4000,23368.4000,23368.2000,23368.2000,715,-0.2000,39.5000,,31.0000,,Other,,0,False,False
3863,15:01:29.000,15:01:25.000,15:01:29.000,4,23368.2000,23368.2000,23367.5000,23367.5000,1495,-0.7000,39.5500,0.0500,30.866666666666666666666666667,-0.133333333333333333333333333,B,B,1,False,False
3864,15:01:29.000,15:01:29.000,15:01:29.000,0,23367.5000,23367.5000,23367.5000,23367.5000,845,0.0000,,,,,Other,,0,False,False
3865,15:01:35.000,15:01:30.000,15:01:35.000,5,23367.5000,23374.3000,23367.5000,23374.0000,650,6.5000,40.871428571428571428571428571,,29.473684210526315789473684211,,Other,,0,False,False
3866,15:01:40.000,15:01:35.000,15:01:40.000,5,23374.0000,23374.0000,23371.8000,23371.9000,715,-2.1000,41.49375,0.622321428571428571428571429,29.0875,-0.386184210526315789473684211,B,B,1,False,False
3867,15:01:43.000,15:01:40.000,15:01:43.000,3,23371.9000,23372.3000,23371.5000,23371.5000,1300,-0.4000,41.1500,-0.34375,29.3100,0.2225,Other,,0,False,False
3868,15:01:43.000,15:01:43.000,15:01:43.000,0,23371.5000,23371.5000,23371.5000,23371.5000,650,0.0000,,,,,Other,,0,False,False
3869,15:01:45.000,15:01:44.000,15:01:45.000,1,23371.6000,23373.1000,23371.4000,23373.1000,1950,1.6000,41.1000,,29.216666666666666666666666667,,Other,,0,False,False
3870,15:01:45.000,15:01:45.000,15:01:45.000,0,23373.1000,23373.1000,23373.1000,23373.1000,1300,0.0000,,,,,Other,,0,False,False
3871,15:01:46.000,15:01:46.000,15:01:46.000,0,23372.1000,23372.1000,23372.1000,23372.1000,650,-1.0000,40.9750,,29.4250,,Other,,0,False,False
3872,15:01:47.000,15:01:46.000,15:01:47.000,1,23372.1000,23372.1000,23371.8000,23371.8000,3510,-0.3000,40.5000,-0.4750,29.7500,0.3250,Other,,0,False,False
3873,15:01:47.000,15:01:47.000,15:01:47.000,0,23371.8000,23371.8000,23371.8000,23371.8000,2860,0.0000,,,,,Other,,0,False,False
3874,15:01:47.000,15:01:47.000,15:01:47.000,0,23371.4000,23371.4000,23371.4000,23371.4000,2210,-0.4000,,,,,Other,,0,False,False
3875,15:01:47.000,15:01:47.000,15:01:47.000,0,23371.4000,23371.4000,23371.4000,23371.4000,1560,0.0000,,,,,Other,,0,False,False
3876,15:01:48.000,15:01:48.000,15:01:48.000,0,23371.1000,23371.1000,23371.1000,23371.1000,910,-0.3000,40.8250,,29.5750,,Other,,0,False,False
3877,15:01:48.000,15:01:48.000,15:01:48.000,0,23371.1000,23371.1000,23371.1000,23371.1000,2925,0.0000,,,,,Other,,0,False,False
3878,15:01:48.000,15:01:48.000,15:01:48.000,0,23371.1000,23371.1000,23371.1000,23371.1000,2275,0.0000,,,,,Other,,0,False,False
3879,15:01:50.000,15:01:50.000,15:01:50.000,0,23369.9000,23369.9000,23369.9000,23369.9000,1625,-1.2000,40.1500,,30.1500,,Other,,0,False,False
3880,15:01:50.000,15:01:50.000,15:01:50.000,0,23369.9000,23369.9000,23369.9000,23369.9000,975,0.0000,,,,,Other,,0,False,False
3881,15:01:50.000,15:01:50.000,15:01:50.000,0,23369.9000,23369.9000,23369.9000,23369.9000,1495,0.0000,,,,,Other,,0,False,False
3882,15:01:50.000,15:01:50.000,15:01:50.000,0,23369.9000,23369.9000,23369.9000,23369.9000,845,0.0000,,,,,Other,,0,False,False
3883,15:01:51.000,15:01:51.000,15:01:51.000,0,23370.1000,23370.1000,23370.1000,23370.1000,2470,0.2000,40.0000,,30.2000,,Other,,0,False,False
3884,15:01:51.000,15:01:51.000,15:01:51.000,0,23370.1000,23370.1000,23370.1000,23370.1000,1820,0.0000,,,,,Other,,0,False,False
3885,15:01:53.000,15:01:53.000,15:01:53.000,0,23369.7000,23369.7000,23369.7000,23369.7000,1170,-0.4000,39.9750,,30.3000,,Other,,0,False,False
3886,15:01:53.000,15:01:53.000,15:01:53.000,0,23369.7000,23369.9000,23369.7000,23369.9000,3770,0.2000,,,,,Other,,0,False,False
3887,15:01:53.000,15:01:53.000,15:01:53.000,0,23369.9000,23369.9000,23369.9000,23369.9000,3120,0.0000,,,,,Other,,0,False,False
3888,15:01:54.000,15:01:54.000,15:01:54.000,0,23369.6000,23369.6000,23369.6000,23369.6000,2470,-0.3000,40.1000,,30.0750,,Other,,0,False,False
3889,15:01:54.000,15:01:54.000,15:01:54.000,0,23369.6000,23369.6000,23369.6000,23369.6000,1820,0.0000,,,,,Other,,0,False,False
3890,15:01:55.000,15:01:55.000,15:01:55.000,0,23370.2000,23370.2000,23370.2000,23370.2000,1170,0.6000,40.2250,,30.2000,,Other,,0,False,False
3891,15:01:55.000,15:01:55.000,15:01:55.000,0,23370.2000,23370.2000,23370.2000,23370.2000,3055,0.0000,,,,,Other,,0,False,False
3892,15:01:55.000,15:01:55.000,15:01:55.000,0,23370.2000,23370.2000,23370.2000,23370.2000,2405,0.0000,,,,,Other,,0,False,False
3893,15:01:56.000,15:01:56.000,15:01:56.000,0,23370.9000,23370.9000,23370.9000,23370.9000,1755,0.7000,40.6250,,29.8000,,Other,,0,False,False
3894,15:01:56.000,15:01:56.000,15:01:56.000,0,23370.9000,23370.9000,23370.9000,23370.9000,1105,0.0000,,,,,Other,,0,False,False
3895,15:01:56.000,15:01:56.000,15:01:56.000,0,23370.9000,23370.9000,23370.9000,23370.9000,845,0.0000,,,,,Other,,0,False,False
3896,15:01:58.000,15:01:56.000,15:01:58.000,2,23370.9000,23370.9000,23370.3000,23370.3000,1105,-0.6000,40.566666666666666666666666667,,29.883333333333333333333333333,,Other,,0,False,False
3897,15:02:03.000,15:01:58.000,15:02:03.000,5,23370.3000,23373.0000,23370.3000,23370.7000,3315,0.4000,40.711764705882352941176470588,0.145098039215686274509803921,29.870588235294117647058823529,-0.012745098039215686274509804,Other,,0,False,False
3898,15:02:03.000,15:02:03.000,15:02:03.000,0,23370.7000,23370.7000,23370.7000,23370.7000,2665,0.0000,,,,,Other,,0,False,False
3899,15:02:04.000,15:02:04.000,15:02:04.000,0,23370.2000,23370.2000,23370.2000,23370.2000,2015,-0.5000,40.3250,,30.3250,,Other,,0,False,False
3900,15:02:04.000,15:02:04.000,15:02:04.000,0,23370.2000,23370.2000,23370.2000,23370.2000,1365,0.0000,,,,,Other,,0,False,False
3901,15:02:04.000,15:02:04.000,15:02:04.000,0,23370.2000,23370.2000,23370.2000,23370.2000,3705,0.0000,,,,,Other,,0,False,False
3902,15:02:04.000,15:02:04.000,15:02:04.000,0,23370.2000,23370.2000,23370.2000,23370.2000,3055,0.0000,,,,,Other,,0,False,False
3903,15:02:05.000,15:02:05.000,15:02:05.000,0,23370.1000,23370.1000,23370.1000,23370.1000,2405,-0.1000,39.9000,,30.5500,,Other,,0,False,False
3904,15:02:05.000,15:02:05.000,15:02:05.000,0,23370.1000,23370.1000,23370.1000,23370.1000,1755,0.0000,,,,,Other,,0,False,False
3905,15:02:06.000,15:02:06.000,15:02:06.000,0,23369.5000,23369.5000,23369.5000,23369.5000,1105,-0.6000,39.6500,,30.7000,,Other,,0,False,False
3906,15:02:06.000,15:02:06.000,15:02:06.000,0,23369.5000,23369.5000,23369.3000,23369.3000,3055,-0.2000,,,,,Other,,0,False,False
3907,15:02:06.000,15:02:06.000,15:02:06.000,0,23369.3000,23369.3000,23369.3000,23369.3000,2405,0.0000,,,,,Other,,0,False,False
3908,15:02:08.000,15:02:08.000,15:02:08.000,0,23369.9000,23369.9000,23369.9000,23369.9000,3250,0.6000,39.7500,,30.5250,,Other,,0,False,False
3909,15:02:08.000,15:02:08.000,15:02:08.000,0,23369.9000,23369.9000,23369.9000,23369.9000,2600,0.0000,,,,,Other,,0,False,False
3910,15:02:09.000,15:02:09.000,15:02:09.000,0,23370.1000,23370.1000,23370.1000,23370.1000,1950,0.2000,39.2250,,30.7000,,Other,,0,False,False
3911,15:02:09.000,15:02:09.000,15:02:09.000,0,23370.1000,23370.1000,23370.1000,23370.1000,1300,0.0000,,,,,Other,,0,False,False
3912,15:02:09.000,15:02:09.000,15:02:09.000,0,23369.1000,23369.1000,23369.1000,23369.1000,7865,-1.0000,,,,,Other,,0,False,False
3913,15:02:09.000,15:02:09.000,15:02:09.000,0,23369.1000,23369.1000,23369.1000,23369.1000,7215,0.0000,,,,,Other,,0,False,False
3914,15:02:11.000,15:02:11.000,15:02:11.000,0,23373.0000,23373.0000,23373.0000,23373.0000,6565,3.9000,39.1500,,30.7750,,Other,,0,False,False
3915,15:02:11.000,15:02:11.000,15:02:11.000,0,23373.0000,23373.0000,23373.0000,23373.0000,5915,0.0000,,,,,Other,,0,False,False
3916,15:02:11.000,15:02:11.000,15:02:11.000,0,23373.0000,23373.0000,23373.0000,23373.0000,5395,0.0000,,,,,Other,,0,False,False
3917,15:02:11.000,15:02:11.000,15:02:11.000,0,23373.0000,23373.0000,23373.0000,23373.0000,4745,0.0000,,,,,Other,,0,False,False
3918,15:02:13.000,15:02:13.000,15:02:13.000,0,23373.0000,23373.0000,23373.0000,23373.0000,4095,0.0000,39.5500,,30.6000,,Other,,0,False,False
3919,15:02:13.000,15:02:13.000,15:02:13.000,0,23373.0000,23373.0000,23373.0000,23373.0000,3445,0.0000,,,,,Other,,0,False,False
3920,15:02:14.000,15:02:14.000,15:02:14.000,0,23373.0000,23373.0000,23373.0000,23373.0000,2795,0.0000,39.4500,,30.7500,,Other,,0,False,False
3921,15:02:14.000,15:02:14.000,15:02:14.000,0,23373.0000,23373.0000,23373.0000,23373.0000,2145,0.0000,,,,,Other,,0,False,False
3922,15:02:16.000,15:02:16.000,15:02:16.000,0,23373.0000,23373.0000,23373.0000,23373.0000,1560,0.0000,38.8000,,31.2000,,Other,,0,False,False
3923,15:02:16.000,15:02:16.000,15:02:16.000,0,23373.0000,23373.0000,23373.0000,23373.0000,910,0.0000,,,,,Other,,0,False,False
3924,15:02:17.000,15:02:17.000,15:02:17.000,0,23370.1000,23370.1000,23369.5000,23369.5000,6565,-3.5000,38.8000,,30.9500,,Other,,0,False,False
3925,15:02:17.000,15:02:17.000,15:02:17.000,0,23369.5000,23369.5000,23369.5000,23369.5000,5915,0.0000,,,,,Other,,0,False,False
3926,15:02:18.000,15:02:18.000,15:02:18.000,0,23369.3000,23369.3000,23369.3000,23369.3000,5265,-0.2000,39.3500,,30.8750,,Other,,0,False,False
3927,15:02:18.000,15:02:18.000,15:02:18.000,0,23369.3000,23369.3000,23369.3000,23369.3000,4615,0.0000,,,,,Other,,0,False,False
3928,15:02:19.000,15:02:19.000,15:02:19.000,0,23368.5000,23368.5000,23368.5000,23368.5000,3965,-0.8000,39.2000,,30.7500,,Other,,0,False,False
3929,15:02:19.000,15:02:19.000,15:02:19.000,0,23368.5000,23368.5000,23368.5000,23368.5000,3315,0.0000,,,,,Other,,0,False,False
3930,15:02:19.000,15:02:19.000,15:02:19.000,0,23369.1000,23369.1000,23369.1000,23369.1000,16640,0.6000,,,,,Other,,0,False,False
3931,15:02:19.000,15:02:19.000,15:02:19.000,0,23369.1000,23369.1000,23369.1000,23369.1000,15990,0.0000,,,,,Other,,0,False,False
3932,15:02:20.000,15:02:20.000,15:02:20.000,0,23369.7000,23369.7000,23369.7000,23369.7000,15340,0.6000,39.6000,,30.3250,,Other,,0,False,False
3933,15:02:20.000,15:02:20.000,15:02:20.000,0,23369.7000,23369.7000,23369.7000,23369.7000,14690,0.0000,,,,,Other,,0,False,False
3934,15:02:21.000,15:02:21.000,15:02:21.000,0,23369.5000,23369.5000,23369.5000,23369.5000,14040,-0.2000,40.0750,,30.0750,,Other,,0,False,False
3935,15:02:21.000,15:02:21.000,15:02:21.000,0,23369.5000,23369.5000,23369.5000,23369.5000,13390,0.0000,,,,,Other,,0,False,False
3936,15:02:21.000,15:02:21.000,15:02:21.000,0,23369.8000,23369.8000,23369.8000,23369.8000,18850,0.3000,,,,,Other,,0,False,False
3937,15:02:21.000,15:02:21.000,15:02:21.000,0,23369.8000,23369.8000,23369.8000,23369.8000,18200,0.0000,,,,,Other,,0,False,False
3938,15:02:22.000,15:02:22.000,15:02:22.000,0,23370.3000,23370.3000,23370.3000,23370.3000,17550,0.5000,40.3000,,29.8500,,Other,,0,False,False
3939,15:02:22.000,15:02:22.000,15:02:22.000,0,23370.3000,23370.3000,23370.3000,23370.3000,16900,0.0000,,,,,Other,,0,False,False
3940,15:02:22.000,15:02:22.000,15:02:22.000,0,23370.7000,23370.7000,23370.7000,23370.7000,19435,0.4000,,,,,Other,,0,False,False
3941,15:02:22.000,15:02:22.000,15:02:22.000,0,23370.7000,23370.7000,23370.7000,23370.7000,18785,0.0000,,,,,Other,,0,False,False
3942,15:02:23.000,15:02:23.000,15:02:23.000,0,23370.6000,23370.6000,23370.6000,23370.6000,18135,-0.1000,40.3000,,29.7750,,Other,,0,False,False
3943,15:02:23.000,15:02:23.000,15:02:23.000,0,23370.6000,23370.6000,23370.6000,23370.6000,17485,0.0000,,,,,Other,,0,False,False
3944,15:02:24.000,15:02:24.000,15:02:24.000,0,23370.6000,23370.6000,23370.6000,23370.6000,16900,0.0000,40.5000,,29.7000,,Other,,0,False,False
3945,15:02:24.000,15:02:24.000,15:02:24.000,0,23370.6000,23370.6000,23370.6000,23370.6000,16250,0.0000,,,,,Other,,0,False,False
3946,15:02:26.000,15:02:26.000,15:02:26.000,0,23370.6000,23370.6000,23370.6000,23370.6000,15600,0.0000,41.1500,,28.9750,,Other,,0,False,False
3947,15:02:26.000,15:02:26.000,15:02:26.000,0,23370.6000,23370.6000,23370.6000,23370.6000,14950,0.0000,,,,,Other,,0,False,False
3948,15:02:26.000,15:02:26.000,15:02:26.000,0,23375.0000,23375.0000,23375.0000,23375.0000,14300,4.4000,,,,,Other,,0,False,False
3949,15:02:26.000,15:02:26.000,15:02:26.000,0,23375.0000,23375.0000,23375.0000,23375.0000,13650,0.0000,,,,,Other,,0,False,False
3950,15:02:27.000,15:02:27.000,15:02:27.000,0,23374.4000,23374.4000,23374.4000,23374.4000,13585,-0.6000,41.4500,,27.8000,,Other,,0,False,False
3951,15:02:27.000,15:02:27.000,15:02:27.000,0,23374.4000,23374.4000,23374.4000,23374.4000,12935,0.0000,,,,,Other,,0,False,False
3952,15:02:28.000,15:02:28.000,15:02:28.000,0,23373.9000,23373.9000,23373.9000,23373.9000,12285,-0.5000,41.0500,,28.1750,,Other,,0,False,False
3953,15:02:28.000,15:02:28.000,15:02:28.000,0,23373.9000,23373.9000,23373.9000,23373.9000,11635,0.0000,,,,,Other,,0,False,False
3954,15:02:29.000,15:02:29.000,15:02:29.000,0,23372.4000,23372.4000,23372.4000,23372.4000,10985,-1.5000,40.9000,,28.0500,,Other,,0,False,False
3955,15:02:29.000,15:02:29.000,15:02:29.000,0,23372.4000,23372.4000,23372.4000,23372.4000,10335,0.0000,,,,,Other,,0,False,False
3956,15:02:29.000,15:02:29.000,15:02:29.000,0,23372.4000,23372.4000,23372.4000,23372.4000,16250,0.0000,,,,,Other,,0,False,False
3957,15:02:29.000,15:02:29.000,15:02:29.000,0,23372.4000,23372.4000,23372.4000,23372.4000,15600,0.0000,,,,,Other,,0,False,False
3958,15:02:30.000,15:02:30.000,15:02:30.000,0,23372.9000,23372.9000,23372.9000,23372.9000,14950,0.5000,40.8000,,28.0000,,Other,,0,False,False
3959,15:02:30.000,15:02:30.000,15:02:30.000,0,23372.9000,23372.9000,23372.9000,23372.9000,14300,0.0000,,,,,Other,,0,False,False
3960,15:02:30.000,15:02:30.000,15:02:30.000,0,23372.9000,23372.9000,23372.9000,23372.9000,13650,0.0000,,,,,Other,,0,False,False
3961,15:02:31.000,15:02:31.000,15:02:31.000,0,23372.6000,23372.6000,23372.6000,23372.6000,13000,-0.3000,40.9250,,28.3500,,Other,,0,False,False
3962,15:02:31.000,15:02:31.000,15:02:31.000,0,23372.6000,23372.6000,23372.6000,23372.6000,12350,0.0000,,,,,Other,,0,False,False
3963,15:02:31.000,15:02:31.000,15:02:31.000,0,23372.6000,23372.6000,23372.6000,23372.6000,13520,0.0000,,,,,Other,,0,False,False
3964,15:02:31.000,15:02:31.000,15:02:31.000,0,23372.6000,23372.6000,23372.6000,23372.6000,12870,0.0000,,,,,Other,,0,False,False
3965,15:02:32.000,15:02:32.000,15:02:32.000,0,23376.0000,23376.0000,23376.0000,23376.0000,12220,3.4000,19.4000,,55.6500,,Other,,0,False,False
3966,15:02:32.000,15:02:32.000,15:02:32.000,0,23376.0000,23376.0000,23376.0000,23376.0000,11570,0.0000,,,,,Other,,0,False,False
3967,15:02:32.000,15:02:32.000,15:02:32.000,0,23376.0000,23376.0000,23376.0000,23376.0000,11050,0.0000,,,,,Other,,0,False,False
3968,15:02:32.000,15:02:32.000,15:02:32.000,0,23376.0000,23376.0000,23376.0000,23376.0000,10400,0.0000,,,,,Other,,0,False,False
3969,15:02:34.000,15:02:34.000,15:02:34.000,0,23374.6000,23374.6000,23374.6000,23374.6000,9750,-1.4000,42.0000,,27.5000,,Other,,0,False,False
3970,15:02:34.000,15:02:34.000,15:02:34.000,0,23374.6000,23374.6000,23374.6000,23374.6000,9100,0.0000,,,,,Other,,0,False,False
3971,15:02:34.000,15:02:34.000,15:02:34.000,0,23374.6000,23374.6000,23374.6000,23374.6000,8710,0.0000,,,,,Other,,0,False,False
3972,15:02:34.000,15:02:34.000,15:02:34.000,0,23374.6000,23374.6000,23374.6000,23374.6000,8060,0.0000,,,,,Other,,0,False,False
3973,15:02:36.000,15:02:36.000,15:02:36.000,0,23374.6000,23374.6000,23374.6000,23374.6000,7410,0.0000,40.9000,,28.8000,,Other,,0,False,False
3974,15:02:36.000,15:02:36.000,15:02:36.000,0,23374.6000,23374.6000,23374.6000,23374.6000,6760,0.0000,,,,,Other,,0,False,False
3975,15:02:37.000,15:02:37.000,15:02:37.000,0,23374.6000,23374.6000,23374.6000,23374.6000,6110,0.0000,40.7000,,29.0000,,Other,,0,False,False
3976,15:02:37.000,15:02:37.000,15:02:37.000,0,23374.6000,23374.6000,23374.6000,23374.6000,5460,0.0000,,,,,Other,,0,False,False
3977,15:02:39.000,15:02:39.000,15:02:39.000,0,23374.6000,23374.6000,23374.6000,23374.6000,4810,0.0000,,,,,Other,,0,False,False
3978,15:02:39.000,15:02:39.000,15:02:39.000,0,23374.6000,23374.6000,23374.6000,23374.6000,4160,0.0000,,,,,Other,,0,False,False
3979,15:02:41.000,15:02:41.000,15:02:41.000,0,23374.6000,23374.6000,23374.6000,23374.6000,3510,0.0000,40.5000,,29.1000,,Other,,0,False,False
3980,15:02:41.000,15:02:41.000,15:02:41.000,0,23374.6000,23374.6000,23374.6000,23374.6000,2860,0.0000,,,,,Other,,0,False,False
3981,15:02:42.000,15:02:42.000,15:02:42.000,0,23374.6000,23374.6000,23374.6000,23374.6000,2210,0.0000,40.1500,,,,Other,,0,False,False
3982,15:02:42.000,15:02:42.000,15:02:42.000,0,23374.6000,23374.6000,23374.6000,23374.6000,1560,0.0000,,,,,Other,,0,False,False
3983,15:02:44.000,15:02:44.000,15:02:44.000,0,23374.6000,23374.6000,23374.6000,23374.6000,910,0.0000,40.6500,,28.8000,,Other,,0,False,False
3984,15:02:57.000,15:02:44.000,15:02:57.000,13,23374.6000,23374.6000,23370.4000,23374.4000,780,-0.2000,39.407142857142857142857142857,-1.242857142857142857142857143,29.9500,1.1500,Other,,0,False,False
3985,15:03:00.000,15:02:57.000,15:03:00.000,3,23374.4000,23374.4000,23364.8000,23364.8000,2470,-9.6000,36.9000,-2.507142857142857142857142857,31.590909090909090909090909091,1.640909090909090909090909091,Other,,0,False,False
3986,15:03:00.000,15:03:00.000,15:03:00.000,0,23364.8000,23364.8000,23364.8000,23364.8000,1820,0.0000,,,,,Other,,0,False,False
3987,15:03:02.000,15:03:02.000,15:03:02.000,0,23364.8000,23364.8000,23364.8000,23364.8000,1170,0.0000,36.2000,,32.2500,,Other,,0,False,False
3988,15:03:04.000,15:03:02.000,15:03:04.000,2,23364.8000,23365.3000,23364.4000,23364.4000,5655,-0.4000,36.216666666666666666666666667,0.016666666666666666666666667,32.3500,0.1000,Other,,0,False,False
3989,15:03:04.000,15:03:04.000,15:03:04.000,0,23364.4000,23364.4000,23364.4000,23364.4000,5005,0.0000,,,,,Other,,0,False,False
3990,15:03:04.000,15:03:04.000,15:03:04.000,0,23364.1000,23364.1000,23364.1000,23364.1000,4355,-0.3000,,,,,Other,,0,False,False
3991,15:03:04.000,15:03:04.000,15:03:04.000,0,23364.1000,23364.1000,23364.1000,23364.1000,3705,0.0000,,,,,Other,,0,False,False
3992,15:03:05.000,15:03:05.000,15:03:05.000,0,23364.1000,23364.1000,23364.1000,23364.1000,4420,0.0000,36.5250,,32.0000,,Other,,0,False,False
3993,15:03:05.000,15:03:05.000,15:03:05.000,0,23364.1000,23364.1000,23364.1000,23364.1000,3770,0.0000,,,,,Other,,0,False,False
3994,15:03:06.000,15:03:06.000,15:03:06.000,0,23373.0000,23373.0000,23373.0000,23373.0000,3120,8.9000,36.6000,,32.1000,,Other,,0,False,False
3995,15:03:06.000,15:03:06.000,15:03:06.000,0,23373.0000,23373.0000,23373.0000,23373.0000,2470,0.0000,,,,,Other,,0,False,False
3996,15:03:07.000,15:03:07.000,15:03:07.000,0,23373.0000,23373.0000,23373.0000,23373.0000,1885,0.0000,36.6500,,31.9500,,Other,,0,False,False
3997,15:03:07.000,15:03:07.000,15:03:07.000,0,23373.0000,23373.0000,23373.0000,23373.0000,1235,0.0000,,,,,Other,,0,False,False
3998,15:03:09.000,15:03:08.000,15:03:09.000,1,23366.1000,23366.1000,23366.1000,23366.1000,650,-6.9000,36.183333333333333333333333333,,32.1500,,Other,,0,False,False
3999,15:03:23.000,15:03:09.000,15:03:23.000,14,23366.1000,23370.0000,23364.2000,23364.4000,1560,-1.7000,34.959090909090909090909090909,-1.224242424242424242424242424,32.984090909090909090909090909,0.834090909090909090909090909,Other,,0,False,False
4000,15:03:23.000,15:03:23.000,15:03:23.000,0,23364.4000,23364.4000,23364.4000,23364.4000,910,0.0000,,,,,Other,,0,False,False
4001,15:03:25.000,15:03:25.000,15:03:25.000,0,23364.5000,23364.5000,23364.5000,23364.5000,1560,0.1000,35.7250,,32.6000,,Other,,0,False,False
4002,15:03:25.000,15:03:25.000,15:03:25.000,0,23364.5000,23364.5000,23364.5000,23364.5000,910,0.0000,,,,,Other,,0,False,False
4003,15:03:49.000,15:03:27.000,15:03:49.000,22,23364.5000,23381.8000,23364.5000,23381.8000,6110,17.3000,16.202666666666666666666666667,,62.3620,,Other,,0,False,False
4004,15:03:49.000,15:03:49.000,15:03:49.000,0,23381.8000,23381.8000,23381.8000,23381.8000,5460,0.0000,,,,,Other,,0,False,False
4005,15:03:50.000,15:03:50.000,15:03:50.000,0,23380.9000,23380.9000,23380.9000,23380.9000,4810,-0.9000,16.5500,,62.1500,,Other,,0,False,False
4006,15:03:50.000,15:03:50.000,15:03:50.000,0,23380.9000,23380.9000,23380.9000,23380.9000,4160,0.0000,,,,,Other,,0,False,False
4007,15:03:51.000,15:03:51.000,15:03:51.000,0,23380.9000,23380.9000,23380.9000,23380.9000,3900,0.0000,16.3000,,62.4000,,Other,,0,False,False
4008,15:03:51.000,15:03:51.000,15:03:51.000,0,23380.9000,23380.9000,23380.9000,23380.9000,3250,0.0000,,,,,Other,,0,False,False
4009,15:03:52.000,15:03:52.000,15:03:52.000,0,23377.6000,23377.6000,23377.6000,23377.6000,2600,-3.3000,16.9500,,60.4250,,Other,,0,False,False
4010,15:03:52.000,15:03:52.000,15:03:52.000,0,23377.6000,23377.6000,23377.6000,23377.6000,1950,0.0000,,,,,Other,,0,False,False
4011,15:03:53.000,15:03:53.000,15:03:53.000,0,23377.6000,23377.6000,23377.6000,23377.6000,1365,0.0000,16.9000,,60.7500,,Other,,0,False,False
4012,15:03:53.000,15:03:53.000,15:03:53.000,0,23377.6000,23377.6000,23377.6000,23377.6000,715,0.0000,,,,,Other,,0,False,False
4013,15:04:25.000,15:03:54.000,15:04:25.000,31,23377.6000,23381.3000,23370.2000,23381.3000,715,3.7000,17.868932038834951456310679612,,58.519047619047619047619047619,,Other,,0,False,False
4014,15:04:50.000,15:04:25.000,15:04:50.000,25,23381.3000,23381.3000,23368.1000,23368.1000,780,-13.2000,38.794303797468354430379746835,,30.497530864197530864197530864,,Other,,0,False,False
4015,15:05:04.000,15:04:50.000,15:05:04.000,14,23368.1000,23380.0000,23368.1000,23368.9000,650,0.8000,37.939361702127659574468085106,-0.854942095340694855911661729,31.685106382978723404255319149,1.187575518781192540057788285,A,A,1,False,False
4016,15:05:44.000,15:05:04.000,15:05:44.000,40,23368.9000,23379.9000,23368.9000,23378.9000,1040,10.0000,18.684645669291338582677165354,,58.946511627906976744186046512,,Other,,0,False,False
4017,15:05:49.000,15:05:44.000,15:05:49.000,5,23378.9000,23379.9000,23378.9000,23379.9000,780,1.0000,18.377777777777777777777777778,-0.306867891513560804899387576,59.18125,0.234738372093023255813953488,A,A,1,False,False
4018,15:05:55.000,15:05:49.000,15:05:55.000,6,23379.9000,23379.9000,23372.2000,23372.2000,1560,-7.7000,38.1000,,31.2150,,Other,,0,False,False
4019,15:05:55.000,15:05:55.000,15:05:55.000,0,23372.2000,23372.2000,23372.2000,23372.2000,910,0.0000,,,,,Other,,0,False,False
4020,15:06:03.000,15:05:57.000,15:06:03.000,6,23379.7000,23379.7000,23368.1000,23368.1000,910,-4.1000,36.1280,,32.5660,,Other,,0,False,False
4021,15:06:25.000,15:06:03.000,15:06:25.000,22,23368.1000,23378.2000,23367.5000,23367.6000,650,-0.5000,37.162121212121212121212121212,1.034121212121212121212121212,32.660294117647058823529411765,0.094294117647058823529411765,Other,,0,False,False
4022,15:07:03.000,15:06:25.000,15:07:03.000,38,23367.6000,23374.9000,23366.7000,23374.9000,975,7.3000,37.278629032258064516129032258,0.116507820136852394916911046,32.221774193548387096774193548,-0.438519924098671726755218217,Other,,0,False,False
4023,15:07:11.000,15:07:03.000,15:07:11.000,8,23374.9000,23376.0000,23370.5000,23376.0000,650,1.1000,17.4500,,60.866666666666666666666666667,,Other,,0,False,False
4024,15:07:20.000,15:07:11.000,15:07:20.000,9,23376.0000,23376.0000,23371.8000,23371.8000,975,-4.2000,37.139285714285714285714285714,,32.4500,,Other,,0,False,False
4025,15:07:22.000,15:07:20.000,15:07:22.000,2,23371.8000,23371.8000,23370.8000,23370.8000,1105,-1.0000,36.183333333333333333333333333,-0.955952380952380952380952381,32.966666666666666666666666667,0.516666666666666666666666667,Other,,0,False,False
4026,15:07:23.000,15:07:22.000,15:07:23.000,1,23370.8000,23370.8000,23370.8000,23370.8000,650,0.0000,36.0750,-0.108333333333333333333333333,33.1750,0.208333333333333333333333333,Other,,0,False,False
4027,15:07:27.000,15:07:23.000,15:07:27.000,4,23370.8000,23370.8000,23366.7000,23368.2000,650,-2.6000,36.758333333333333333333333333,0.683333333333333333333333333,32.366666666666666666666666667,-0.808333333333333333333333333,B,B,1,False,False
4028,15:07:32.000,15:07:27.000,15:07:32.000,5,23368.2000,23378.1000,23366.5000,23378.1000,1300,9.9000,16.370588235294117647058823529,,62.544117647058823529411764706,,Other,,0,False,False
4029,15:07:32.000,15:07:32.000,15:07:32.000,0,23378.1000,23378.1000,23378.1000,23378.1000,650,0.0000,,,,,Other,,0,False,False
4030,15:07:48.000,15:07:32.000,15:07:48.000,16,23379.0000,23379.4000,23366.8000,23379.1000,650,1.0000,16.319230769230769230769230769,,62.4280,,Other,,0,False,False
4031,15:07:57.000,15:07:48.000,15:07:57.000,9,23379.1000,23379.1000,23367.6000,23378.9000,1365,-0.2000,16.4250,0.105769230769230769230769231,62.230769230769230769230769231,-0.197230769230769230769230769,B,B,1,False,False
4032,15:07:57.000,15:07:57.000,15:07:57.000,0,23378.9000,23378.9000,23378.9000,23378.9000,715,0.0000,,,,,Other,,0,False,False
4033,15:08:17.000,15:07:59.000,15:08:17.000,18,23378.9000,23378.9000,23368.0000,23370.8000,975,-8.1000,36.610655737704918032786885246,,32.171428571428571428571428571,,Other,,0,False,False
4034,15:08:22.000,15:08:17.000,15:08:22.000,5,23370.8000,23376.0000,23370.8000,23371.3000,910,0.5000,36.8750,0.264344262295081967213114754,31.76875,-0.402678571428571428571428571,Other,,0,False,False
4035,15:08:28.000,15:08:22.000,15:08:28.000,6,23371.3000,23376.0000,23371.3000,23376.0000,2925,4.7000,16.4150,,61.8350,,Other,,0,False,False
4036,15:08:28.000,15:08:28.000,15:08:28.000,0,23376.0000,23376.0000,23376.0000,23376.0000,2275,0.0000,,,,,Other,,0,False,False
4037,15:08:28.000,15:08:28.000,15:08:28.000,0,23378.8000,23378.8000,23378.8000,23378.8000,1625,2.8000,,,,,Other,,0,False,False
4038,15:08:28.000,15:08:28.000,15:08:28.000,0,23378.8000,23378.8000,23378.8000,23378.8000,975,0.0000,,,,,Other,,0,False,False
4039,15:08:46.000,15:08:30.000,15:08:46.000,16,23378.8000,23378.9000,23371.3000,23371.3000,715,-7.5000,36.067272727272727272727272727,,32.203636363636363636363636364,,Other,,0,False,False
4040,15:08:52.000,15:08:46.000,15:08:52.000,6,23371.3000,23378.5000,23367.0000,23367.0000,1690,-4.3000,34.866666666666666666666666667,-1.200606060606060606060606060,32.672222222222222222222222222,0.468585858585858585858585858,Other,,0,False,False
4041,15:08:52.000,15:08:52.000,15:08:52.000,0,23367.0000,23367.0000,23367.0000,23367.0000,1040,0.0000,,,,,Other,,0,False,False
4042,15:08:57.000,15:08:52.000,15:08:57.000,5,23367.0000,23367.0000,23367.0000,23367.0000,910,0.0000,35.25625,,32.34375,,Other,,0,False,False
4043,15:09:34.000,15:08:57.000,15:09:34.000,37,23367.0000,23377.3000,23366.5000,23367.1000,650,0.1000,35.3950,0.13875,32.044214876033057851239669421,-0.299535123966942148760330579,Other,,0,False,False
4044,15:09:50.000,15:09:34.000,15:09:50.000,16,23367.1000,23376.0000,23367.1000,23369.0000,910,1.9000,37.2900,1.8950,29.8860,-2.158214876033057851239669421,Other,,0,False,False
4045,15:09:58.000,15:09:50.000,15:09:58.000,8,23369.0000,23376.0000,23367.7000,23376.0000,845,7.0000,16.534615384615384615384615385,,60.353846153846153846153846154,,Other,,0,False,False
4046,15:10:03.000,15:09:58.000,15:10:03.000,5,23376.0000,23376.0000,23366.6000,23366.6000,1170,-9.4000,36.730769230769230769230769231,,30.729411764705882352941176471,,Other,,0,False,False
4047,15:10:04.000,15:10:03.000,15:10:04.000,1,23366.6000,23375.4000,23366.3000,23375.4000,1560,8.8000,16.4500,,61.6500,,Other,,0,False,False
4048,15:10:04.000,15:10:04.000,15:10:04.000,0,23375.4000,23375.4000,23375.4000,23375.4000,910,0.0000,,,,,Other,,0,False,False
4049,15:10:11.000,15:10:06.000,15:10:11.000,5,23375.4000,23379.4000,23367.5000,23379.4000,780,4.0000,16.833333333333333333333333333,,60.4600,,Other,,0,False,False
4050,15:10:33.000,15:10:11.000,15:10:33.000,22,23379.4000,23379.7000,23368.5000,23373.4000,1560,-6.0000,37.844776119402985074626865672,,29.486956521739130434782608696,,Other,,0,False,False
4051,15:10:33.000,15:10:33.000,15:10:33.000,0,23373.4000,23373.4000,23373.4000,23373.4000,910,0.0000,,,,,Other,,0,False,False
4052,15:10:46.000,15:10:34.000,15:10:46.000,12,23379.9000,23379.9000,23369.8000,23378.0000,650,4.6000,18.2500,,57.7600,,Other,,0,False,False
4053,15:10:59.000,15:10:46.000,15:10:59.000,13,23378.0000,23378.0000,23372.3000,23372.3000,715,-5.7000,41.24047619047619047619047619,,26.5975,,Other,,0,False,False
4054,15:11:11.000,15:10:59.000,15:11:11.000,12,23372.3000,23379.0000,23372.3000,23373.9000,650,1.6000,42.120512820512820512820512821,0.880036630036630036630036631,26.267948717948717948717948718,-0.329551282051282051282051282,Other,,0,False,False
4055,15:11:19.000,15:11:11.000,15:11:19.000,8,23373.9000,23379.0000,23373.9000,23376.0000,1560,2.1000,20.365384615384615384615384615,,53.465384615384615384615384615,,Other,,0,False,False
4056,15:11:19.000,15:11:19.000,15:11:19.000,0,23376.0000,23376.0000,23376.0000,23376.0000,910,0.0000,,,,,Other,,0,False,False
4057,15:11:26.000,15:11:20.000,15:11:26.000,6,23378.0000,23378.0000,23375.9000,23376.1000,650,0.1000,20.270833333333333333333333333,,53.6875,,Other,,0,False,False
4058,15:11:29.000,15:11:26.000,15:11:29.000,3,23376.1000,23378.7000,23376.1000,23378.7000,2080,2.6000,21.1500,0.879166666666666666666666667,51.8250,-1.8625,Other,,0,False,False
4059,15:11:29.000,15:11:29.000,15:11:29.000,0,23378.7000,23378.7000,23378.7000,23378.7000,1430,0.0000,,,,,Other,,0,False,False
4060,15:11:30.000,15:11:30.000,15:11:30.000,0,23378.2000,23378.2000,23378.2000,23378.2000,780,-0.5000,21.7800,,50.5000,,Other,,0,False,False
4061,15:11:31.000,15:11:30.000,15:11:31.000,1,23378.2000,23378.2000,23377.3000,23377.3000,975,-0.9000,22.4750,0.6950,49.9000,-0.6000,B,B,1,False,False
4062,15:11:32.000,15:11:31.000,15:11:32.000,1,23377.3000,23379.9000,23377.3000,23379.9000,1300,2.6000,22.0500,-0.4250,50.8000,0.9000,A,A,1,False,False
4063,15:11:32.000,15:11:32.000,15:11:32.000,0,23379.9000,23379.9000,23379.9000,23379.9000,650,0.0000,,,,,Other,,0,False,False
4064,15:11:34.000,15:11:33.000,15:11:34.000,1,23378.2000,23378.9000,23378.2000,23378.9000,2080,-1.0000,21.966666666666666666666666667,,50.933333333333333333333333333,,Other,,0,False,False
4065,15:11:34.000,15:11:34.000,15:11:34.000,0,23378.9000,23378.9000,23378.9000,23378.9000,1430,0.0000,,,,,Other,,0,False,False
4066,15:11:35.000,15:11:35.000,15:11:35.000,0,23378.6000,23378.6000,23378.6000,23378.6000,780,-0.3000,21.6750,,51.0750,,Other,,0,False,False
4067,15:11:36.000,15:11:35.000,15:11:36.000,1,23378.6000,23379.9000,23378.6000,23379.9000,5070,1.3000,21.8750,0.2000,50.8250,-0.2500,Other,,0,False,False
4068,15:11:36.000,15:11:36.000,15:11:36.000,0,23379.9000,23379.9000,23379.9000,23379.9000,4420,0.0000,,,,,Other,,0,False,False
4069,15:11:36.000,15:11:36.000,15:11:36.000,0,23380.0000,23380.0000,23380.0000,23380.0000,3770,0.1000,,,,,Other,,0,False,False
4070,15:11:36.000,15:11:36.000,15:11:36.000,0,23380.0000,23380.0000,23380.0000,23380.0000,3120,0.0000,,,,,Other,,0,False,False
4071,15:11:37.000,15:11:37.000,15:11:37.000,0,23380.0000,23380.0000,23380.0000,23380.0000,2470,0.0000,21.8000,,51.0500,,Other,,0,False,False
4072,15:11:37.000,15:11:37.000,15:11:37.000,0,23380.0000,23380.0000,23380.0000,23380.0000,1820,0.0000,,,,,Other,,0,False,False
4073,15:11:37.000,15:11:37.000,15:11:37.000,0,23380.0000,23380.0000,23380.0000,23380.0000,3380,0.0000,,,,,Other,,0,False,False
4074,15:11:37.000,15:11:37.000,15:11:37.000,0,23380.0000,23380.0000,23380.0000,23380.0000,2730,0.0000,,,,,Other,,0,False,False
4075,15:11:38.000,15:11:38.000,15:11:38.000,0,23381.0000,23381.0000,23381.0000,23381.0000,2080,1.0000,22.2500,,50.1750,,Other,,0,False,False
4076,15:11:38.000,15:11:38.000,15:11:38.000,0,23381.0000,23381.0000,23381.0000,23381.0000,1430,0.0000,,,,,Other,,0,False,False
4077,15:11:39.000,15:11:39.000,15:11:39.000,0,23381.0000,23381.0000,23381.0000,23381.0000,910,0.0000,22.8500,,49.2750,,Other,,0,False,False
4078,15:11:42.000,15:11:39.000,15:11:42.000,3,23381.0000,23388.0000,23381.0000,23388.0000,975,7.0000,22.9375,0.0875,49.0875,-0.1875,Other,,0,False,False
4079,15:11:57.000,15:11:42.000,15:11:57.000,15,23388.0000,23388.0000,23387.9000,23388.0000,715,0.0000,22.1780,-0.7595,50.727083333333333333333333333,1.639583333333333333333333333,Other,,0,False,False
4080,15:12:01.000,15:11:57.000,15:12:01.000,4,23388.0000,23388.0000,23378.9000,23379.3000,2210,-8.7000,21.061538461538461538461538462,-1.116461538461538461538461538,52.684615384615384615384615385,1.957532051282051282051282052,Other,,0,False,False
4081,15:12:01.000,15:12:01.000,15:12:01.000,0,23379.3000,23379.3000,23379.3000,23379.3000,1560,0.0000,,,,,Other,,0,False,False
4082,15:12:02.000,15:12:02.000,15:12:02.000,0,23379.3000,23379.3000,23379.3000,23379.3000,910,0.0000,20.7000,,53.1750,,Other,,0,False,False
4083,15:12:20.000,15:12:02.000,15:12:20.000,18,23379.3000,23387.4000,23378.0000,23383.3000,650,4.0000,19.784482758620689655172413793,-0.915517241379310344827586207,53.917241379310344827586206897,0.742241379310344827586206897,A,A,1,False,False
4084,15:12:45.000,15:12:20.000,15:12:45.000,25,23383.3000,23383.3000,23376.9000,23378.0000,650,-5.3000,18.97012987012987012987012987,-0.814352888490819525302283923,53.253797468354430379746835443,-0.663443910955914447839371454,Other,,0,False,False
4085,15:13:04.000,15:12:45.000,15:13:04.000,19,23378.0000,23386.2000,23378.0000,23386.2000,650,8.2000,19.366393442622950819672131148,0.396263572493080689802001278,51.762295081967213114754098361,-1.491502386387217264992737082,Other,,0,False,False
4086,15:13:19.000,15:13:04.000,15:13:19.000,15,23386.2000,23388.8000,23378.1000,23388.8000,715,2.6000,18.797916666666666666666666667,-0.568476775956284153005464481,52.741666666666666666666666667,0.979371584699453551912568306,A,A,1,False,False
4087,15:13:42.000,15:13:19.000,15:13:42.000,23,23388.8000,23388.8000,23377.1000,23380.0000,650,-8.8000,19.329333333333333333333333333,0.531416666666666666666666666,52.395652173913043478260869565,-0.346014492753623188405797102,B,B,1,False,False
4088,15:14:06.000,15:13:42.000,15:14:06.000,24,23380.0000,23388.0000,23378.1000,23385.0000,650,5.0000,16.533333333333333333333333333,-2.796000000000000000000000000,54.40974025974025974025974026,2.014088085827216261998870695,A,A,1,False,False
4089,15:14:35.000,15:14:06.000,15:14:35.000,29,23385.0000,23388.0000,23378.0000,23383.0000,650,-2.0000,16.955376344086021505376344086,0.422043010752688172043010753,53.298314606741573033707865169,-1.111425652998686706551875091,B,B,1,False,False
4090,15:14:53.000,15:14:35.000,15:14:53.000,18,23383.0000,23387.6000,23375.6000,23376.0000,1755,-7.0000,12.684482758620689655172413793,-4.270893585465331850203930293,57.613793103448275862068965517,4.315478496706702828361100348,Other,,0,False,False
4091,15:14:53.000,15:14:53.000,15:14:53.000,0,23376.0000,23376.0000,23376.0000,23376.0000,1105,0.0000,,,,,Other,,0,False,False
4092,15:15:02.000,15:14:54.000,15:15:02.000,8,23377.2000,23377.2000,23377.2000,23377.2000,650,1.2000,12.761290322580645161290322581,,57.167741935483870967741935484,,Other,,0,False,False
4093,15:15:40.000,15:15:02.000,15:15:40.000,38,23377.2000,23386.9000,23371.0000,23371.0000,650,-6.2000,31.489256198347107438016528926,,28.097899159663865546218487395,,Other,,0,False,False
4094,15:16:17.000,15:15:40.000,15:16:17.000,37,23371.0000,23379.0000,23370.0000,23379.0000,650,8.0000,12.26965811965811965811965812,,59.274358974358974358974358974,,Other,,0,False,False
4095,15:16:46.000,15:16:17.000,15:16:46.000,29,23379.0000,23379.0000,23374.2000,23379.0000,650,0.0000,14.389010989010989010989010989,2.119352869352869352869352869,50.951098901098901098901098901,-8.323260073260073260073260073,Other,,0,False,False
4096,15:17:25.000,15:16:46.000,15:17:25.000,39,23379.0000,23380.0000,23376.9000,23376.9000,650,-2.1000,16.652845528455284552845528455,2.263834539444295541856517466,47.4352,-3.515898901098901098901098901,B,B,1,False,False
4097,15:18:02.000,15:17:25.000,15:18:02.000,37,23376.9000,23380.0000,23373.0000,23380.0000,715,3.1000,13.19057377049180327868852459,-3.462271757963481274157003865,50.175409836065573770491803279,2.740209836065573770491803279,A,A,1,False,False
4098,15:18:05.000,15:18:02.000,15:18:05.000,3,23380.0000,23380.0000,23371.3000,23371.3000,650,-8.7000,28.9800,,23.0300,,Other,,0,False,False
4099,15:18:17.000,15:18:05.000,15:18:17.000,12,23371.3000,23380.5000,23371.3000,23380.0000,715,8.7000,10.791666666666666666666666667,,53.2350,,Other,,0,False,False
4100,15:19:02.000,15:18:17.000,15:19:02.000,45,23380.0000,23384.5000,23375.0000,23376.0000,650,-4.0000,11.630357142857142857142857143,0.838690476190476190476190476,51.385069444444444444444444444,-1.849930555555555555555555556,B,B,1,False,False
4101,15:19:21.000,15:19:02.000,15:19:21.000,19,23376.0000,23380.5000,23375.0000,23375.0000,650,-1.0000,23.413114754098360655737704918,,27.5900,,Other,,0,False,False
4102,15:19:30.000,15:19:21.000,15:19:30.000,9,23375.0000,23385.7000,23371.0000,23371.0000,28210,-4.0000,22.744827586206896551724137931,-0.668287167891464104013566987,27.503448275862068965517241379,-0.086551724137931034482758621,Other,,0,False,False
4103,15:19:30.000,15:19:30.000,15:19:30.000,0,23371.0000,23371.0000,23371.0000,23371.0000,27560,0.0000,,,,,Other,,0,False,False
4104,15:19:30.000,15:19:30.000,15:19:30.000,0,23371.0000,23371.0000,23371.0000,23371.0000,26910,0.0000,,,,,Other,,0,False,False
4105,15:19:31.000,15:19:31.000,15:19:31.000,0,23371.0000,23371.0000,23371.0000,23371.0000,26260,0.0000,23.8750,,26.7250,,Other,,0,False,False
4106,15:19:31.000,15:19:31.000,15:19:31.000,0,23371.0000,23371.0000,23371.0000,23371.0000,25610,0.0000,,,,,Other,,0,False,False
4107,15:19:32.000,15:19:32.000,15:19:32.000,0,23387.0000,23387.0000,23387.0000,23387.0000,24960,16.0000,8.1250,,57.1000,,Other,,0,False,False
4108,15:19:32.000,15:19:32.000,15:19:32.000,0,23387.0000,23387.0000,23387.0000,23387.0000,24310,0.0000,,,,,Other,,0,False,False
4109,15:19:33.000,15:19:33.000,15:19:33.000,0,23387.0000,23387.0000,23387.0000,23387.0000,23855,0.0000,7.4500,,57.8000,,Other,,0,False,False
4110,15:19:33.000,15:19:33.000,15:19:33.000,0,23387.0000,23387.0000,23387.0000,23387.0000,23205,0.0000,,,,,Other,,0,False,False
4111,15:19:35.000,15:19:35.000,15:19:35.000,0,23387.0000,23387.0000,23387.0000,23387.0000,22555,0.0000,7.2250,,59.8250,,Other,,0,False,False
4112,15:19:35.000,15:19:35.000,15:19:35.000,0,23387.0000,23387.0000,23387.0000,23387.0000,21905,0.0000,,,,,Other,,0,False,False
4113,15:19:36.000,15:19:36.000,15:19:36.000,0,23387.0000,23387.0000,23387.0000,23387.0000,21255,0.0000,7.1000,,60.7000,,Other,,0,False,False
4114,15:19:36.000,15:19:36.000,15:19:36.000,0,23387.0000,23387.0000,23387.0000,23387.0000,20605,0.0000,,,,,Other,,0,False,False
4115,15:19:38.000,15:19:38.000,15:19:38.000,0,23387.0000,23387.0000,23387.0000,23387.0000,19955,0.0000,7.1750,,60.6750,,Other,,0,False,False
4116,15:19:38.000,15:19:38.000,15:19:38.000,0,23387.0000,23387.0000,23387.0000,23387.0000,19305,0.0000,,,,,Other,,0,False,False
4117,15:19:39.000,15:19:39.000,15:19:39.000,0,23374.8000,23374.8000,23374.8000,23374.8000,18655,-12.2000,23.1250,,26.0500,,Other,,0,False,False
4118,15:19:39.000,15:19:39.000,15:19:39.000,0,23374.8000,23374.8000,23374.8000,23374.8000,18005,0.0000,,,,,Other,,0,False,False
4119,15:19:39.000,15:19:39.000,15:19:39.000,0,23374.8000,23374.8000,23374.8000,23374.8000,17420,0.0000,,,,,Other,,0,False,False
4120,15:19:39.000,15:19:39.000,15:19:39.000,0,23374.8000,23374.8000,23374.8000,23374.8000,16770,0.0000,,,,,Other,,0,False,False
4121,15:19:41.000,15:19:41.000,15:19:41.000,0,23374.8000,23374.8000,23374.8000,23374.8000,16120,0.0000,23.3500,,24.8750,,Other,,0,False,False
4122,15:19:41.000,15:19:41.000,15:19:41.000,0,23374.8000,23374.8000,23374.8000,23374.8000,15470,0.0000,,,,,Other,,0,False,False
4123,15:19:43.000,15:19:43.000,15:19:43.000,0,23374.8000,23374.8000,23374.8000,23374.8000,14820,0.0000,22.5500,,26.1000,,Other,,0,False,False
4124,15:19:43.000,15:19:43.000,15:19:43.000,0,23374.8000,23374.8000,23374.8000,23374.8000,14170,0.0000,,,,,Other,,0,False,False
4125,15:19:44.000,15:19:44.000,15:19:44.000,0,23374.8000,23374.8000,23374.8000,23374.8000,13520,0.0000,22.7000,,25.7750,,Other,,0,False,False
4126,15:19:44.000,15:19:44.000,15:19:44.000,0,23374.8000,23374.8000,23374.8000,23374.8000,12870,0.0000,,,,,Other,,0,False,False
4127,15:19:46.000,15:19:46.000,15:19:46.000,0,23374.8000,23374.8000,23374.8000,23374.8000,12220,0.0000,24.3500,,23.6500,,Other,,0,False,False
4128,15:19:46.000,15:19:46.000,15:19:46.000,0,23374.8000,23374.8000,23374.8000,23374.8000,11570,0.0000,,,,,Other,,0,False,False
4129,15:19:47.000,15:19:47.000,15:19:47.000,0,23374.8000,23374.8000,23374.8000,23374.8000,10920,0.0000,24.4500,,23.1750,,Other,,0,False,False
4130,15:19:47.000,15:19:47.000,15:19:47.000,0,23374.8000,23374.8000,23374.8000,23374.8000,10270,0.0000,,,,,Other,,0,False,False
4131,15:19:49.000,15:19:49.000,15:19:49.000,0,23374.8000,23374.8000,23374.8000,23374.8000,9620,0.0000,26.5500,,19.5500,,Other,,0,False,False
4132,15:19:49.000,15:19:49.000,15:19:49.000,0,23374.8000,23374.8000,23374.8000,23374.8000,8970,0.0000,,,,,Other,,0,False,False
4133,15:19:51.000,15:19:51.000,15:19:51.000,0,23374.8000,23374.8000,23374.8000,23374.8000,8320,0.0000,27.4000,,19.8000,,Other,,0,False,False
4134,15:19:51.000,15:19:51.000,15:19:51.000,0,23374.8000,23374.8000,23374.8000,23374.8000,7670,0.0000,,,,,Other,,0,False,False
4135,15:19:52.000,15:19:52.000,15:19:52.000,0,23374.8000,23374.8000,23374.8000,23374.8000,7020,0.0000,26.8000,,20.5250,,Other,,0,False,False
4136,15:19:52.000,15:19:52.000,15:19:52.000,0,23374.8000,23374.8000,23374.8000,23374.8000,6370,0.0000,,,,,Other,,0,False,False
4137,15:19:54.000,15:19:54.000,15:19:54.000,0,23374.8000,23374.8000,23374.8000,23374.8000,5720,0.0000,27.0500,,20.2750,,Other,,0,False,False
4138,15:19:54.000,15:19:54.000,15:19:54.000,0,23374.8000,23374.8000,23374.8000,23374.8000,5070,0.0000,,,,,Other,,0,False,False
4139,15:19:54.000,15:19:54.000,15:19:54.000,0,23375.1000,23375.1000,23375.1000,23375.1000,4420,0.3000,,,,,Other,,0,False,False
4140,15:19:54.000,15:19:54.000,15:19:54.000,0,23375.1000,23375.1000,23375.1000,23375.1000,3770,0.0000,,,,,Other,,0,False,False
4141,15:19:55.000,15:19:55.000,15:19:55.000,0,23374.9000,23374.9000,23374.9000,23374.9000,3120,-0.2000,25.6250,,22.1750,,Other,,0,False,False
4142,15:19:55.000,15:19:55.000,15:19:55.000,0,23374.9000,23374.9000,23374.9000,23374.9000,2470,0.0000,,,,,Other,,0,False,False
4143,15:19:56.000,15:19:56.000,15:19:56.000,0,23374.9000,23374.9000,23374.9000,23374.9000,2860,0.0000,25.9000,,21.7500,,Other,,0,False,False
4144,15:19:56.000,15:19:56.000,15:19:56.000,0,23374.9000,23374.9000,23374.9000,23374.9000,2210,0.0000,,,,,Other,,0,False,False
4145,15:19:56.000,15:19:56.000,15:19:56.000,0,23374.0000,23374.0000,23374.0000,23374.0000,1560,-0.9000,,,,,Other,,0,False,False
4146,15:19:56.000,15:19:56.000,15:19:56.000,0,23374.0000,23374.0000,23374.0000,23374.0000,910,0.0000,,,,,Other,,0,False,False
4147,15:20:02.000,15:19:57.000,15:20:02.000,5,23374.0000,23385.0000,23374.0000,23385.0000,715,11.0000,10.602631578947368421052631579,,47.818181818181818181818181818,,Other,,0,False,False
4148,15:20:09.000,15:20:02.000,15:20:09.000,7,23385.0000,23385.0000,23374.8000,23374.8000,1170,-10.2000,15.327272727272727272727272727,,39.70625,,Other,,0,False,False
4149,15:20:10.000,15:20:09.000,15:20:10.000,1,23374.8000,23374.8000,23374.8000,23374.8000,910,0.0000,12.3200,-3.007272727272727272727272727,45.0250,5.31875,Other,,0,False,False
4150,15:20:17.000,15:20:10.000,15:20:17.000,7,23374.8000,23381.2000,23374.8000,23375.0000,1495,0.2000,10.5200,-1.8000,46.10869565217391304347826087,1.08369565217391304347826087,A,A,1,False,False
4151,15:20:17.000,15:20:17.000,15:20:17.000,0,23375.0000,23375.0000,23375.0000,23375.0000,845,0.0000,,,,,Other,,0,False,False
4152,15:20:21.000,15:20:19.000,15:20:21.000,2,23376.8000,23376.8000,23369.0000,23369.0000,2080,-6.0000,9.0600,,46.7700,,Other,,0,False,False
4153,15:20:21.000,15:20:21.000,15:20:21.000,0,23369.0000,23369.0000,23369.0000,23369.0000,1430,0.0000,,,,,Other,,0,False,False
4154,15:20:22.000,15:20:22.000,15:20:22.000,0,23369.0000,23369.0000,23369.0000,23369.0000,780,0.0000,9.6750,,44.7750,,Other,,0,False,False
4155,15:20:27.000,15:20:22.000,15:20:27.000,5,23369.0000,23379.9000,23369.0000,23379.9000,715,10.9000,2.4000,,89.20625,,Other,,0,False,False
4156,15:20:46.000,15:20:27.000,15:20:46.000,19,23379.9000,23385.0000,23369.8000,23385.0000,650,5.1000,3.4830508474576271186440677966,1.0830508474576271186440677966,74.377272727272727272727272727,-14.828977272727272727272727273,Other,,0,False,False
4157,15:21:30.000,15:20:46.000,15:21:30.000,44,23385.0000,23385.0000,23370.0000,23378.8000,650,-6.2000,2.5260563380281690140845070423,-0.9569945094294581045595607543,73.942391304347826086956521739,-0.434881422924901185770750988,Other,,0,False,False
4158,15:21:45.000,15:21:30.000,15:21:45.000,15,23378.8000,23379.0000,23369.8000,23369.8000,780,-9.0000,9.4125,,29.7420,,Other,,0,False,False
4159,15:22:07.000,15:21:45.000,15:22:07.000,22,23369.8000,23377.0000,23369.0000,23377.0000,780,7.2000,1.6161538461538461538461538462,,67.858450704225352112676056338,,Other,,0,False,False
4160,15:22:21.000,15:22:07.000,15:22:21.000,14,23377.0000,23378.7000,23369.0000,23378.0000,845,1.0000,1.1386363636363636363636363636,-0.4775174825174825174825174826,68.589130434782608695652173913,0.730679730557256582976117575,A,A,1,False,False
4161,15:22:39.000,15:22:21.000,15:22:39.000,18,23378.0000,23380.0000,23370.6000,23373.2000,780,-4.8000,6.4483050847457627118644067797,,26.897457627118644067796610169,,Other,,0,False,False
4162,15:22:47.000,15:22:39.000,15:22:47.000,8,23373.2000,23384.1000,23373.2000,23375.5000,715,2.3000,0.7000,,66.846153846153846153846153846,,Other,,0,False,False
4163,15:23:04.000,15:22:47.000,15:23:04.000,17,23375.5000,23385.0000,23375.5000,23385.0000,1495,9.5000,0.7377192982456140350877192982,0.0377192982456140350877192982,62.992982456140350877192982456,-3.853171390013495276653171390,Other,,0,False,False
4164,15:23:04.000,15:23:04.000,15:23:04.000,0,23385.0000,23385.0000,23385.0000,23385.0000,845,0.0000,,,,,Other,,0,False,False
4165,15:23:15.000,15:23:05.000,15:23:15.000,10,23385.0000,23387.0000,23384.9000,23387.0000,715,2.0000,0.5294117647058823529411764706,,66.120588235294117647058823529,,Other,,0,False,False
4166,15:23:36.000,15:23:15.000,15:23:36.000,21,23387.0000,23387.0000,23375.4000,23381.3000,1820,-5.7000,0.3992063492063492063492063492,-0.1302054154995331465919701214,68.34130434782608695652173913,2.220716112531969309462915601,Other,,0,False,False
4167,15:23:36.000,15:23:36.000,15:23:36.000,0,23381.3000,23381.3000,23381.3000,23381.3000,1170,0.0000,,,,,Other,,0,False,False
4168,15:23:49.000,15:23:38.000,15:23:49.000,11,23381.3000,23386.9000,23378.0000,23386.9000,715,5.6000,0.3657894736842105263157894737,,68.526315789473684210526315789,,Other,,0,False,False
4169,15:23:55.000,15:23:49.000,15:23:55.000,6,23386.9000,23388.3000,23382.1000,23382.1000,650,-4.8000,0.3714285714285714285714285714,0.0056390977443609022556390977,67.2100,-1.316315789473684210526315789,B,B,1,False,False
4170,15:24:23.000,15:23:55.000,15:24:23.000,28,23382.1000,23387.0000,23376.6000,23387.0000,780,4.9000,0.3421686746987951807228915663,-0.0292598967297762478485370051,68.147752808988764044943820225,0.937752808988764044943820225,A,A,1,False,False
4171,15:24:36.000,15:24:23.000,15:24:36.000,13,23387.0000,23388.0000,23379.8000,23388.0000,650,1.0000,0.3757575757575757575757575758,0.0335889010587805768528660095,60.981395348837209302325581395,-7.166357460151554742618238830,Other,,0,False,False
4172,15:24:38.000,15:24:36.000,15:24:38.000,2,23388.0000,23390.0000,23388.0000,23390.0000,780,2.0000,0.3750,-0.0007575757575757575757575758,56.833333333333333333333333333,-4.148062015503875968992248062,Other,,0,False,False
4173,15:24:41.000,15:24:38.000,15:24:41.000,3,23390.0000,23390.0000,23388.0000,23390.0000,1495,0.0000,0.4000,0.0250,52.3125,-4.520833333333333333333333333,Other,,0,False,False
4174,15:24:41.000,15:24:41.000,15:24:41.000,0,23390.0000,23390.0000,23390.0000,23390.0000,845,0.0000,,,,,Other,,0,False,False
4175,15:24:46.000,15:24:43.000,15:24:46.000,3,23390.0000,23394.0000,23390.0000,23394.0000,1885,4.0000,0.3583333333333333333333333333,,55.583333333333333333333333333,,Other,,0,False,False
4176,15:24:46.000,15:24:46.000,15:24:46.000,0,23394.0000,23394.0000,23394.0000,23394.0000,1235,0.0000,,,,,Other,,0,False,False
4177,15:24:48.000,15:24:47.000,15:24:48.000,1,23390.5000,23390.5000,23390.5000,23390.5000,650,-3.5000,0.3166666666666666666666666667,,57.4000,,Other,,0,False,False
4178,15:24:56.000,15:24:48.000,15:24:56.000,8,23390.5000,23393.5000,23390.0000,23393.0000,1625,2.5000,0.2954545454545454545454545455,-0.0212121212121212121212121212,57.695833333333333333333333333,0.295833333333333333333333333,A,A,1,False,False
4179,15:24:56.000,15:24:56.000,15:24:56.000,0,23393.0000,23393.0000,23393.0000,23393.0000,975,0.0000,,,,,Other,,0,False,False
4180,15:25:04.000,15:24:57.000,15:25:04.000,7,23393.0000,23393.0000,23388.1000,23390.0000,650,-3.0000,0.2333333333333333333333333333,,63.272222222222222222222222222,,Other,,0,False,False
4181,15:25:12.000,15:25:04.000,15:25:12.000,8,23390.0000,23390.0000,23388.0000,23388.0000,1235,-2.0000,0.2666666666666666666666666667,0.0333333333333333333333333334,64.808333333333333333333333333,1.536111111111111111111111111,Other,,0,False,False
4182,15:25:13.000,15:25:12.000,15:25:13.000,1,23388.0000,23388.1000,23388.0000,23388.1000,715,0.1000,0.3000,0.0333333333333333333333333333,62.883333333333333333333333333,-1.925000000000000000000000000,Other,,0,False,False
4183,15:25:27.000,15:25:13.000,15:25:27.000,14,23388.1000,23394.0000,23384.1000,23394.0000,1365,5.9000,0.3533333333333333333333333333,0.0533333333333333333333333333,55.647619047619047619047619048,-7.235714285714285714285714285,Other,,0,False,False
4184,15:25:27.000,15:25:27.000,15:25:27.000,0,23394.0000,23394.0000,23394.0000,23394.0000,715,0.0000,,,,,Other,,0,False,False
4185,15:25:38.000,15:25:28.000,15:25:38.000,10,23394.0000,23395.3000,23385.2000,23395.3000,2080,1.3000,0.3085714285714285714285714286,,59.247435897435897435897435897,,Other,,0,False,False
4186,15:25:38.000,15:25:38.000,15:25:38.000,0,23395.3000,23395.3000,23395.3000,23395.3000,1430,0.0000,,,,,Other,,0,False,False
4187,15:25:39.000,15:25:39.000,15:25:39.000,0,23390.0000,23390.0000,23390.0000,23390.0000,780,-5.3000,0.3000,,60.5000,,Other,,0,False,False
4188,15:25:44.000,15:25:39.000,15:25:44.000,5,23390.0000,23394.9000,23385.3000,23394.9000,650,4.9000,0.2714285714285714285714285714,-0.0285714285714285714285714286,58.78125,-1.71875,Other,,0,False,False
4189,15:25:52.000,15:25:44.000,15:25:52.000,8,23394.9000,23394.9000,23389.6000,23391.9000,2145,-3.0000,0.2727272727272727272727272727,0.0012987012987012987012987013,59.284615384615384615384615385,0.503365384615384615384615385,Other,,0,False,False
4190,15:25:52.000,15:25:52.000,15:25:52.000,0,23391.9000,23391.9000,23391.9000,23391.9000,1495,0.0000,,,,,Other,,0,False,False
4191,15:25:54.000,15:25:54.000,15:25:54.000,0,23391.9000,23391.9000,23391.9000,23391.9000,845,0.0000,0.2750,,58.1500,,Other,,0,False,False
4192,15:26:02.000,15:25:54.000,15:26:02.000,8,23391.9000,23392.8000,23385.2000,23390.5000,975,-1.4000,0.2636363636363636363636363636,-0.0113636363636363636363636364,57.8560,-0.2940,Other,,0,False,False
4193,15:26:03.000,15:26:02.000,15:26:03.000,1,23390.5000,23390.5000,23390.0000,23390.0000,1495,-0.5000,0.2500,-0.0136363636363636363636363636,59.8250,1.9690,Other,,0,False,False
4194,15:26:03.000,15:26:03.000,15:26:03.000,0,23390.0000,23390.0000,23390.0000,23390.0000,845,0.0000,,,,,Other,,0,False,False
4195,15:26:08.000,15:26:05.000,15:26:08.000,3,23389.7000,23390.0000,23386.0000,23389.1000,2015,-0.9000,0.2750,,59.566666666666666666666666667,,Other,,0,False,False
4196,15:26:08.000,15:26:08.000,15:26:08.000,0,23389.1000,23389.1000,23389.1000,23389.1000,1365,0.0000,,,,,Other,,0,False,False
4197,15:26:10.000,15:26:10.000,15:26:10.000,0,23392.9000,23392.9000,23392.9000,23392.9000,715,3.8000,,,60.8000,,Other,,0,False,False
4198,15:26:13.000,15:26:10.000,15:26:13.000,3,23392.9000,23392.9000,23388.0000,23388.0000,1690,-4.9000,0.2700,,58.5200,-2.2800,Other,,0,False,False
4199,15:26:13.000,15:26:13.000,15:26:13.000,0,23388.0000,23388.0000,23388.0000,23388.0000,1040,0.0000,,,,,Other,,0,False,False
4200,15:26:15.000,15:26:14.000,15:26:15.000,1,23392.0000,23393.0000,23392.0000,23393.0000,780,5.0000,0.2750,,58.233333333333333333333333333,,Other,,0,False,False
4201,15:26:16.000,15:26:15.000,15:26:16.000,1,23393.0000,23393.7000,23389.1000,23393.7000,650,0.7000,0.2750,0.0000,56.5250,-1.708333333333333333333333333,Other,,0,False,False
4202,15:26:21.000,15:26:16.000,15:26:21.000,5,23393.7000,23394.6000,23388.0000,23394.6000,1170,0.9000,0.2750,0.0000,58.1875,1.6625,Other,,0,False,False
4203,15:26:23.000,15:26:21.000,15:26:23.000,2,23394.6000,23394.9000,23390.0000,23390.0000,910,-4.6000,0.3000,0.0250,58.516666666666666666666666667,0.329166666666666666666666667,Other,,0,False,False
4204,15:26:36.000,15:26:23.000,15:26:36.000,13,23390.0000,23395.0000,23390.0000,23395.0000,780,5.0000,0.2676470588235294117647058824,-0.0323529411764705882352941176,54.305813953488372093023255814,-4.210852713178294573643410853,Other,,0,False,False
4205,15:26:52.000,15:26:36.000,15:26:52.000,16,23395.0000,23395.0000,23392.0000,23394.9000,780,-0.1000,0.2680,0.0003529411764705882352941176,56.4680,2.162186046511627906976744186,Other,,0,False,False
4206,15:26:54.000,15:26:52.000,15:26:54.000,2,23394.9000,23395.0000,23390.0000,23390.0000,650,-4.9000,0.2333333333333333333333333333,-0.0346666666666666666666666667,62.0500,5.5820,Other,,0,False,False
4207,15:27:02.000,15:26:54.000,15:27:02.000,8,23390.0000,23397.0000,23390.0000,23397.0000,1495,7.0000,0.2185185185185185185185185185,-0.0148148148148148148148148148,61.146296296296296296296296296,-0.903703703703703703703703704,Other,,0,False,False
4208,15:27:02.000,15:27:02.000,15:27:02.000,0,23397.0000,23397.0000,23397.0000,23397.0000,845,0.0000,,,,,Other,,0,False,False
4209,15:27:09.000,15:27:04.000,15:27:09.000,5,23391.0000,23395.0000,23391.0000,23395.0000,1625,-2.0000,0.1850,,62.788095238095238095238095238,,Other,,0,False,False
4210,15:27:09.000,15:27:09.000,15:27:09.000,0,23395.0000,23395.0000,23395.0000,23395.0000,975,0.0000,,,,,Other,,0,False,False
4211,15:27:17.000,15:27:10.000,15:27:17.000,7,23396.8000,23397.2000,23387.7000,23397.2000,845,2.2000,0.1666666666666666666666666667,,64.161538461538461538461538462,,Other,,0,False,False
4212,15:27:24.000,15:27:17.000,15:27:24.000,7,23397.2000,23397.3000,23390.2000,23396.9000,845,-0.3000,0.1833333333333333333333333333,0.0166666666666666666666666666,64.5800,0.418461538461538461538461538,Other,,0,False,False
4213,15:27:30.000,15:27:24.000,15:27:30.000,6,23396.9000,23396.9000,23390.1000,23396.0000,780,-0.9000,0.1764705882352941176470588235,-0.0068627450980392156862745098,68.123913043478260869565217391,3.543913043478260869565217391,Other,,0,False,False
4214,15:27:32.000,15:27:30.000,15:27:32.000,2,23396.0000,23396.0000,23390.2000,23390.2000,1105,-5.8000,0.2000,0.0235294117647058823529411765,70.633333333333333333333333333,2.509420289855072463768115942,Other,,0,False,False
4215,15:27:38.000,15:27:32.000,15:27:38.000,6,23390.2000,23397.9000,23390.2000,23397.9000,1235,7.7000,0.1750,-0.0250,69.838888888888888888888888889,-0.794444444444444444444444444,Other,,0,False,False
4216,15:27:40.000,15:27:38.000,15:27:40.000,2,23397.9000,23397.9000,23397.3000,23397.3000,780,-0.6000,0.2000,0.0250,70.5000,0.661111111111111111111111111,Other,,0,False,False
4217,15:27:53.000,15:27:40.000,15:27:53.000,13,23397.3000,23397.7000,23390.1000,23390.5000,1235,-6.8000,0.2000,0.0000,69.718181818181818181818181818,-0.781818181818181818181818182,Other,,0,False,False
4218,15:27:55.000,15:27:53.000,15:27:55.000,2,23390.5000,23397.0000,23390.5000,23397.0000,780,6.5000,0.2000,0.0000,68.116666666666666666666666667,-1.601515151515151515151515151,Other,,0,False,False
4219,15:28:16.000,15:27:55.000,15:28:16.000,21,23397.0000,23397.6000,23390.5000,23390.5000,1040,-6.5000,0.1612903225806451612903225806,-0.0387096774193548387096774194,69.747826086956521739130434783,1.631159420289855072463768116,Other,,0,False,False
4220,15:28:18.000,15:28:16.000,15:28:18.000,2,23390.5000,23394.6000,23390.5000,23394.1000,780,3.6000,0.0833333333333333333333333333,-0.0779569892473118279569892473,70.866666666666666666666666667,1.118840579710144927536231884,A,A,1,False,False
4221,15:28:20.000,15:28:18.000,15:28:20.000,2,23394.1000,23395.0000,23394.1000,23395.0000,845,0.9000,0.0500,-0.0333333333333333333333333333,70.8750,0.008333333333333333333333333,A,A,2,True,False
4222,15:28:34.000,15:28:20.000,15:28:34.000,14,23395.0000,23396.2000,23390.9000,23392.3000,650,-2.7000,0.0627659574468085106382978723,0.0127659574468085106382978723,70.913953488372093023255813953,0.038953488372093023255813953,Other,,0,False,False
4223,15:28:58.000,15:28:34.000,15:28:58.000,24,23392.3000,23395.0000,23391.0000,23395.0000,780,2.7000,0.0575757575757575757575757576,-0.0051901998710509348807221147,70.8875,-0.026453488372093023255813953,Other,,0,False,False
4224,15:29:02.000,15:28:58.000,15:29:02.000,4,23395.0000,23395.0000,23391.5000,23395.0000,715,0.0000,0.0777777777777777777777777778,0.0202020202020202020202020202,70.903846153846153846153846154,0.016346153846153846153846154,Other,,0,False,False
4225,15:29:09.000,15:29:02.000,15:29:09.000,7,23395.0000,23396.9000,23395.0000,23396.0000,650,1.0000,0.0636363636363636363636363636,-0.0141414141414141414141414142,70.854545454545454545454545455,-0.049300699300699300699300699,Other,,0,False,False
4226,15:29:17.000,15:29:09.000,15:29:17.000,8,23396.0000,23397.0000,23391.0000,23391.0000,975,-5.0000,0.0583333333333333333333333333,-0.0053030303030303030303030303,70.766666666666666666666666667,-0.087878787878787878787878788,Other,,0,False,False
4227,15:29:22.000,15:29:17.000,15:29:22.000,5,23391.0000,23396.9000,23391.0000,23396.9000,650,5.9000,0.0642857142857142857142857143,0.0059523809523809523809523810,70.7875,0.020833333333333333333333333,Other,,0,False,False
4228,15:29:24.000,15:29:22.000,15:29:24.000,2,23396.9000,23397.9000,23395.2000,23395.2000,650,-1.7000,0.0500,-0.0142857142857142857142857143,70.9000,0.1125,Other,,0,False,False
4229,15:29:27.000,15:29:24.000,15:29:27.000,3,23395.2000,23398.0000,23395.2000,23397.9000,910,2.7000,0.0500,0.0000,70.8625,-0.0375,Other,,0,False,False
4230,15:29:29.000,15:29:27.000,15:29:29.000,2,23397.9000,23397.9000,23395.5000,23395.5000,780,-2.4000,0.0500,0.0000,70.8000,-0.0625,Other,,0,False,False
4231,15:29:30.000,15:29:29.000,15:29:30.000,1,23395.5000,23395.5000,23395.2000,23395.2000,650,-0.3000,0.0500,0.0000,70.8700,0.0700,Other,,0,False,False
4232,15:29:32.000,15:29:30.000,15:29:32.000,2,23395.2000,23398.0000,23395.2000,23396.6000,1430,1.4000,0.0500,0.0000,70.766666666666666666666666667,-0.103333333333333333333333333,Other,,0,False,False
4233,15:29:32.000,15:29:32.000,15:29:32.000,0,23396.6000,23396.6000,23396.6000,23396.6000,780,0.0000,,,,,Other,,0,False,False
4234,15:29:34.000,15:29:33.000,15:29:34.000,1,23396.6000,23396.6000,23396.6000,23396.6000,780,0.0000,0.0500,,70.8375,,Other,,0,False,False
4235,15:29:44.000,15:29:34.000,15:29:44.000,10,23396.6000,23396.6000,23395.2000,23395.4000,715,-1.2000,0.0500,0.0000,70.821875,-0.015625,Other,,0,False,False
4236,15:29:45.000,15:29:44.000,15:29:45.000,1,23395.4000,23395.4000,23395.2000,23395.2000,650,-0.2000,0.0500,0.0000,70.7000,-0.121875,Other,,0,False,False
4237,15:29:52.000,15:29:45.000,15:29:52.000,7,23395.2000,23398.9000,23395.2000,23398.9000,1430,3.7000,0.0500,0.0000,70.768181818181818181818181818,0.068181818181818181818181818,Other,,0,False,False
4238,15:29:52.000,15:29:52.000,15:29:52.000,0,23398.9000,23398.9000,23398.9000,23398.9000,780,0.0000,,,,,Other,,0,False,False
4239,15:29:55.000,15:29:53.000,15:29:55.000,2,23398.0000,23399.0000,23395.5000,23399.0000,2275,0.1000,0.0500,,70.7700,,Other,,0,False,False
4240,15:29:55.000,15:29:55.000,15:29:55.000,0,23399.0000,23399.0000,23399.0000,23399.0000,1625,0.0000,,,,,Other,,0,False,False
4241,15:29:56.000,15:29:56.000,15:29:56.000,0,23396.8000,23396.8000,23396.8000,23396.8000,975,-2.2000,0.0500,,70.8000,,Other,,0,False,False
4242,15:29:56.000,15:29:56.000,15:29:56.000,0,23396.8000,23397.8000,23396.8000,23397.8000,910,1.0000,,,,,Other,,0,False,False
4243,15:29:58.000,15:29:56.000,15:29:58.000,2,23397.8000,23399.9000,23397.8000,23399.9000,910,2.1000,0.0500,,70.766666666666666666666666667,,Other,,0,False,False
4244,15:30:00.000,15:29:58.000,15:30:00.000,2,23399.9000,23399.9000,23399.2000,23399.2000,585,-0.7000,0.0500,0.0000,70.8500,0.083333333333333333333333333,Other,,0,False,False
