EventId,Timestamp,StartTimestamp,EndTimestamp,DurationSeconds,FuturesOpen,FuturesHigh,FuturesLow,FuturesClose,FuturesVolume,FuturesReturnPct,CeLtp,CeReturnPct,PeLtp,PeReturnPct,Pattern,CurrentRunPattern,CurrentRunLength,ATrigger,BTrigger
0,09:15:00.000,09:15:00.000,09:15:00.000,0,23391.3000,23391.3000,23391.3000,23391.3000,1755,,122.58333333333333333333333333,,128.3500,,Other,,0,False,False
1,09:15:00.000,09:15:00.000,09:15:00.000,0,23391.3000,23391.3000,23391.3000,23391.3000,1105,0.0000,,,,,Other,,0,False,False
2,09:15:01.000,09:15:00.000,09:15:01.000,1,23394.4000,23395.5000,23394.4000,23395.5000,5525,4.2000,126.1500,,122.5750,,Other,,0,False,False
3,09:15:01.000,09:15:01.000,09:15:01.000,0,23395.5000,23395.5000,23395.5000,23395.5000,4875,0.0000,,,,,Other,,0,False,False
4,09:15:01.000,09:15:01.000,09:15:01.000,0,23411.9000,23411.9000,23411.9000,23411.9000,4225,16.4000,,,,,Other,,0,False,False
5,09:15:01.000,09:15:01.000,09:15:01.000,0,23411.9000,23411.9000,23411.9000,23411.9000,3575,0.0000,,,,,Other,,0,False,False
6,09:15:02.000,09:15:02.000,09:15:02.000,0,23409.7000,23409.7000,23409.7000,23409.7000,2925,-2.2000,126.4000,,121.5000,,Other,,0,False,False
7,09:15:02.000,09:15:02.000,09:15:02.000,0,23409.7000,23409.7000,23409.7000,23409.7000,2275,0.0000,,,,,Other,,0,False,False
8,09:15:03.000,09:15:03.000,09:15:03.000,0,23404.1000,23404.1000,23404.1000,23404.1000,2665,-5.6000,126.7750,,121.5000,,Other,,0,False,False
9,09:15:03.000,09:15:03.000,09:15:03.000,0,23404.1000,23404.1000,23404.1000,23404.1000,2015,0.0000,,,,,Other,,0,False,False
10,09:15:03.000,09:15:03.000,09:15:03.000,0,23411.9000,23411.9000,23411.9000,23411.9000,1365,7.8000,,,,,Other,,0,False,False
11,09:15:03.000,09:15:03.000,09:15:03.000,0,23411.9000,23411.9000,23411.9000,23411.9000,715,0.0000,,,,,Other,,0,False,False
12,09:15:05.000,09:15:04.000,09:15:05.000,1,23410.0000,23410.0000,23410.0000,23410.0000,3380,-1.9000,127.1500,,119.71666666666666666666666667,,Other,,0,False,False
13,09:15:05.000,09:15:05.000,09:15:05.000,0,23410.0000,23410.0000,23410.0000,23410.0000,2730,0.0000,,,,,Other,,0,False,False
14,09:15:06.000,09:15:06.000,09:15:06.000,0,23400.3000,23400.3000,23400.3000,23400.3000,2080,-9.7000,126.8500,,119.6250,,Other,,0,False,False
15,09:15:06.000,09:15:06.000,09:15:06.000,0,23400.3000,23400.3000,23400.3000,23400.3000,1430,0.0000,,,,,Other,,0,False,False
16,09:15:06.000,09:15:06.000,09:15:06.000,0,23399.8000,23399.8000,23399.8000,23399.8000,1430,-0.5000,,,,,Other,,0,False,False
17,09:15:06.000,09:15:06.000,09:15:06.000,0,23399.8000,23399.8000,23399.8000,23399.8000,780,0.0000,,,,,Other,,0,False,False
18,09:15:09.000,09:15:06.000,09:15:09.000,3,23401.4000,23401.6000,23400.1000,23400.1000,650,0.3000,126.6400,,121.0700,,Other,,0,False,False
19,09:15:14.000,09:15:09.000,09:15:14.000,5,23400.1000,23410.0000,23400.1000,23400.1000,650,0.0000,124.9875,-1.6525,121.6125,0.5425,Other,,0,False,False
20,09:15:17.000,09:15:14.000,09:15:17.000,3,23400.1000,23410.0000,23388.1000,23395.1000,1365,-5.0000,120.6300,-4.3575,126.3100,4.6975,Other,,0,False,False
21,09:15:17.000,09:15:17.000,09:15:17.000,0,23395.1000,23395.1000,23395.1000,23395.1000,715,0.0000,,,,,Other,,0,False,False
22,09:15:20.000,09:15:17.000,09:15:20.000,3,23398.0000,23398.0000,23381.0000,23381.0000,650,-14.1000,117.7875,,128.5100,,Other,,0,False,False
23,09:15:24.000,09:15:20.000,09:15:24.000,4,23381.0000,23399.5000,23381.0000,23399.5000,845,18.5000,118.51428571428571428571428571,0.72678571428571428571428571,126.8000,-1.7100,Other,,0,False,False
24,09:15:29.000,09:15:24.000,09:15:29.000,5,23399.5000,23400.0000,23390.5000,23400.0000,650,0.5000,119.2625,0.74821428571428571428571429,123.9250,-2.8750,Other,,0,False,False
25,09:15:33.000,09:15:29.000,09:15:33.000,4,23400.0000,23400.0000,23388.3000,23388.3000,1235,-11.7000,117.86923076923076923076923077,-1.39326923076923076923076923,124.55384615384615384615384615,0.62884615384615384615384615,Other,,0,False,False
26,09:15:35.000,09:15:33.000,09:15:35.000,2,23388.3000,23399.2000,23388.3000,23392.0000,975,3.7000,116.0625,-1.80673076923076923076923077,126.71666666666666666666666667,2.16282051282051282051282052,A,A,1,False,False
27,09:15:37.000,09:15:35.000,09:15:37.000,2,23392.0000,23392.0000,23382.0000,23382.0000,650,-10.0000,113.8500,-2.2125,128.1500,1.43333333333333333333333333,Other,,0,False,False
28,09:15:40.000,09:15:37.000,09:15:40.000,3,23382.0000,23391.9000,23382.0000,23391.9000,715,9.9000,112.8500,-1.0000,128.5700,0.4200,A,A,1,False,False
29,09:15:46.000,09:15:40.000,09:15:46.000,6,23391.9000,23393.9000,23381.7000,23386.0000,780,-5.9000,112.8850,0.0350,128.9200,0.3500,Other,,0,False,False
30,09:15:47.000,09:15:46.000,09:15:47.000,1,23386.0000,23386.0000,23381.6000,23381.6000,715,-4.4000,111.8500,-1.0350,129.9500,1.0300,Other,,0,False,False
31,09:15:52.000,09:15:47.000,09:15:52.000,5,23381.6000,23391.0000,23381.6000,23381.9000,1235,0.3000,111.86666666666666666666666667,0.01666666666666666666666667,129.99444444444444444444444444,0.04444444444444444444444444,Other,,0,False,False
32,09:15:53.000,09:15:52.000,09:15:53.000,1,23381.9000,23388.3000,23381.8000,23388.3000,715,6.4000,111.7500,-0.11666666666666666666666667,131.0500,1.05555555555555555555555556,A,A,1,False,False
33,09:15:55.000,09:15:53.000,09:15:55.000,2,23388.3000,23388.3000,23380.0000,23380.0000,1300,-8.3000,111.2250,-0.5250,130.3500,-0.7000,Other,,0,False,False
34,09:15:55.000,09:15:55.000,09:15:55.000,0,23380.0000,23380.0000,23380.0000,23380.0000,650,0.0000,,,,,Other,,0,False,False
35,09:16:01.000,09:15:56.000,09:16:01.000,5,23378.3000,23385.0000,23374.0000,23375.9000,650,-4.1000,110.07619047619047619047619048,,133.12142857142857142857142857,,Other,,0,False,False
36,09:16:04.000,09:16:01.000,09:16:04.000,3,23375.9000,23384.5000,23375.9000,23384.5000,650,8.6000,114.1000,4.02380952380952380952380952,128.3125,-4.80892857142857142857142857,Other,,0,False,False
37,09:16:09.000,09:16:04.000,09:16:09.000,5,23384.5000,23395.0000,23384.5000,23386.3000,2470,1.8000,114.55625,0.45625,127.08125,-1.23125,Other,,0,False,False
38,09:16:09.000,09:16:09.000,09:16:09.000,0,23386.3000,23386.3000,23386.3000,23386.3000,1820,0.0000,,,,,Other,,0,False,False
39,09:16:10.000,09:16:10.000,09:16:10.000,0,23386.1000,23386.1000,23386.1000,23386.1000,1170,-0.2000,114.7000,,126.9250,,Other,,0,False,False
40,09:16:16.000,09:16:10.000,09:16:16.000,6,23386.1000,23390.0000,23386.1000,23390.0000,910,3.9000,116.3300,1.6300,126.4950,-0.4300,Other,,0,False,False
41,09:16:24.000,09:16:16.000,09:16:24.000,8,23390.0000,23390.0000,23386.4000,23386.4000,1235,-3.6000,115.54166666666666666666666667,-0.78833333333333333333333333,127.11363636363636363636363636,0.61863636363636363636363636,Other,,0,False,False
42,09:16:26.000,09:16:24.000,09:16:26.000,2,23386.4000,23386.4000,23385.0000,23385.0000,3965,-1.4000,112.6250,-2.91666666666666666666666667,130.3000,3.18636363636363636363636364,Other,,0,False,False
43,09:16:26.000,09:16:26.000,09:16:26.000,0,23385.0000,23385.0000,23385.0000,23385.0000,3315,0.0000,,,,,Other,,0,False,False
44,09:16:27.000,09:16:27.000,09:16:27.000,0,23387.5000,23387.5000,23387.5000,23387.5000,2860,2.5000,113.5000,,129.6500,,Other,,0,False,False
45,09:16:27.000,09:16:27.000,09:16:27.000,0,23387.5000,23387.5000,23387.5000,23387.5000,2210,0.0000,,,,,Other,,0,False,False
46,09:16:28.000,09:16:28.000,09:16:28.000,0,23387.7000,23387.7000,23387.7000,23387.7000,1560,0.2000,113.4500,,129.7750,,Other,,0,False,False
47,09:16:28.000,09:16:28.000,09:16:28.000,0,23387.7000,23387.7000,23387.7000,23387.7000,910,0.0000,,,,,Other,,0,False,False
48,09:16:29.000,09:16:29.000,09:16:29.000,0,23387.7000,23387.7000,23387.7000,23387.7000,650,0.0000,113.0500,,129.3000,,Other,,0,False,False
49,09:16:37.000,09:16:29.000,09:16:37.000,8,23387.7000,23387.8000,23380.0000,23387.0000,845,-0.7000,112.4560,-0.5940,129.4400,0.1400,Other,,0,False,False
50,09:16:41.000,09:16:37.000,09:16:41.000,4,23387.0000,23390.8000,23382.0000,23382.0000,650,-5.0000,115.25714285714285714285714286,2.80114285714285714285714286,126.4500,-2.9900,B,B,1,False,False
51,09:16:46.000,09:16:41.000,09:16:46.000,5,23382.0000,23391.0000,23382.0000,23387.0000,2665,5.0000,114.91428571428571428571428571,-0.34285714285714285714285715,126.78125,0.33125,A,A,1,False,False
52,09:16:46.000,09:16:46.000,09:16:46.000,0,23387.0000,23387.0000,23387.0000,23387.0000,2015,0.0000,,,,,Other,,0,False,False
53,09:16:47.000,09:16:47.000,09:16:47.000,0,23387.0000,23387.0000,23387.0000,23387.0000,1365,0.0000,114.4000,,127.2000,,Other,,0,False,False
54,09:16:47.000,09:16:47.000,09:16:47.000,0,23387.0000,23387.0000,23387.0000,23387.0000,715,0.0000,,,,,Other,,0,False,False
55,09:16:52.000,09:16:49.000,09:16:52.000,3,23385.0000,23392.2000,23383.4000,23392.2000,715,5.2000,114.40833333333333333333333333,,127.0250,,Other,,0,False,False
56,09:17:06.000,09:16:52.000,09:17:06.000,14,23392.2000,23398.1000,23387.0000,23398.1000,2990,5.9000,117.05666666666666666666666667,2.64833333333333333333333334,124.21276595744680851063829787,-2.81223404255319148936170213,Other,,0,False,False
57,09:17:06.000,09:17:06.000,09:17:06.000,0,23398.1000,23398.1000,23398.1000,23398.1000,2340,0.0000,,,,,Other,,0,False,False
58,09:17:06.000,09:17:06.000,09:17:06.000,0,23395.0000,23395.0000,23395.0000,23395.0000,1690,-3.1000,,,,,Other,,0,False,False
59,09:17:06.000,09:17:06.000,09:17:06.000,0,23395.0000,23395.0000,23395.0000,23395.0000,1040,0.0000,,,,,Other,,0,False,False
60,09:17:07.000,09:17:07.000,09:17:07.000,0,23399.0000,23399.0000,23399.0000,23399.0000,1950,4.0000,119.4500,,121.6500,,Other,,0,False,False
61,09:17:07.000,09:17:07.000,09:17:07.000,0,23399.0000,23399.0000,23399.0000,23399.0000,1300,0.0000,,,,,Other,,0,False,False
62,09:17:08.000,09:17:08.000,09:17:08.000,0,23398.0000,23398.0000,23398.0000,23398.0000,650,-1.0000,119.4250,,121.3500,,Other,,0,False,False
63,09:17:09.000,09:17:08.000,09:17:09.000,1,23398.0000,23398.0000,23398.0000,23398.0000,1235,0.0000,120.0750,0.6500,120.9000,-0.4500,Other,,0,False,False
64,09:17:11.000,09:17:09.000,09:17:11.000,2,23398.0000,23400.0000,23398.0000,23400.0000,2795,2.0000,118.88333333333333333333333333,-1.19166666666666666666666667,122.18333333333333333333333333,1.28333333333333333333333333,A,A,1,False,False
65,09:17:11.000,09:17:11.000,09:17:11.000,0,23400.0000,23400.0000,23400.0000,23400.0000,2145,0.0000,,,,,Other,,0,False,False
66,09:17:12.000,09:17:12.000,09:17:12.000,0,23403.9000,23403.9000,23403.9000,23403.9000,1495,3.9000,118.6000,,122.7500,,Other,,0,False,False
67,09:17:12.000,09:17:12.000,09:17:12.000,0,23403.9000,23403.9000,23403.9000,23403.9000,845,0.0000,,,,,Other,,0,False,False
68,09:17:21.000,09:17:12.000,09:17:21.000,9,23399.6000,23400.0000,23399.6000,23399.6000,780,-4.3000,120.11333333333333333333333333,,121.2400,,Other,,0,False,False
69,09:17:24.000,09:17:21.000,09:17:24.000,3,23399.6000,23400.0000,23399.6000,23400.0000,2275,0.4000,119.5700,-0.54333333333333333333333333,122.1200,0.8800,A,A,1,False,False
70,09:17:24.000,09:17:24.000,09:17:24.000,0,23400.0000,23400.0000,23400.0000,23400.0000,1625,0.0000,,,,,Other,,0,False,False
71,09:17:26.000,09:17:26.000,09:17:26.000,0,23392.7000,23392.7000,23392.7000,23392.7000,975,-7.3000,119.6750,,121.8000,,Other,,0,False,False
72,09:17:26.000,09:17:26.000,09:17:26.000,0,23392.7000,23392.7000,23392.7000,23392.7000,2145,0.0000,,,,,Other,,0,False,False
73,09:17:26.000,09:17:26.000,09:17:26.000,0,23392.7000,23392.7000,23392.7000,23392.7000,1495,0.0000,,,,,Other,,0,False,False
74,09:17:28.000,09:17:28.000,09:17:28.000,0,23392.7000,23392.7000,23392.7000,23392.7000,845,0.0000,120.6750,,121.2000,,Other,,0,False,False
75,09:17:38.000,09:17:28.000,09:17:38.000,10,23392.7000,23401.4000,23392.7000,23400.0000,715,7.3000,120.50806451612903225806451613,-0.16693548387096774193548387,120.84545454545454545454545455,-0.35454545454545454545454545,Other,,0,False,False
76,09:17:49.000,09:17:38.000,09:17:49.000,11,23400.0000,23401.0000,23393.2000,23399.8000,715,-0.2000,120.04411764705882352941176471,-0.46394686907020872865275142,121.21944444444444444444444444,0.37398989898989898989898989,Other,,0,False,False
77,09:17:52.000,09:17:49.000,09:17:52.000,3,23399.8000,23403.0000,23399.8000,23403.0000,3380,3.2000,122.4625,2.41838235294117647058823529,118.9125,-2.30694444444444444444444444,Other,,0,False,False
78,09:17:52.000,09:17:52.000,09:17:52.000,0,23403.0000,23403.0000,23403.0000,23403.0000,2730,0.0000,,,,,Other,,0,False,False
79,09:17:53.000,09:17:53.000,09:17:53.000,0,23400.5000,23400.5000,23400.5000,23400.5000,2080,-2.5000,123.3750,,117.7500,,Other,,0,False,False
80,09:17:53.000,09:17:53.000,09:17:53.000,0,23400.5000,23400.5000,23400.5000,23400.5000,1430,0.0000,,,,,Other,,0,False,False
81,09:17:54.000,09:17:54.000,09:17:54.000,0,23405.0000,23405.0000,23405.0000,23405.0000,780,4.5000,123.9250,,117.7250,,Other,,0,False,False
82,09:17:59.000,09:17:54.000,09:17:59.000,5,23405.0000,23405.0000,23400.9000,23400.9000,845,-4.1000,123.5250,-0.4000,118.0125,0.2875,Other,,0,False,False
83,09:18:01.000,09:17:59.000,09:18:01.000,2,23400.9000,23409.0000,23400.9000,23409.0000,715,8.1000,125.62142857142857142857142857,2.09642857142857142857142857,115.79285714285714285714285714,-2.21964285714285714285714286,Other,,0,False,False
84,09:18:06.000,09:18:01.000,09:18:06.000,5,23409.0000,23411.0000,23404.1000,23411.0000,5850,2.0000,125.1750,-0.44642857142857142857142857,115.5000,-0.29285714285714285714285714,Other,,0,False,False
85,09:18:06.000,09:18:06.000,09:18:06.000,0,23411.0000,23411.0000,23411.0000,23411.0000,5200,0.0000,,,,,Other,,0,False,False
86,09:18:07.000,09:18:07.000,09:18:07.000,0,23405.4000,23405.4000,23405.4000,23405.4000,4615,-5.6000,125.7000,,114.3000,,Other,,0,False,False
87,09:18:07.000,09:18:07.000,09:18:07.000,0,23405.4000,23405.4000,23405.4000,23405.4000,3965,0.0000,,,,,Other,,0,False,False
88,09:18:09.000,09:18:09.000,09:18:09.000,0,23405.4000,23405.4000,23405.4000,23405.4000,3315,0.0000,125.6250,,114.9750,,Other,,0,False,False
89,09:18:09.000,09:18:09.000,09:18:09.000,0,23405.4000,23405.4000,23405.4000,23405.4000,2665,0.0000,,,,,Other,,0,False,False
90,09:18:11.000,09:18:11.000,09:18:11.000,0,23405.4000,23405.4000,23405.4000,23405.4000,2015,0.0000,125.5250,,114.7750,,Other,,0,False,False
91,09:18:11.000,09:18:11.000,09:18:11.000,0,23405.4000,23405.4000,23405.4000,23405.4000,1365,0.0000,,,,,Other,,0,False,False
92,09:18:12.000,09:18:12.000,09:18:12.000,0,23411.0000,23411.0000,23411.0000,23411.0000,715,5.6000,126.8000,,113.4500,,Other,,0,False,False
93,09:18:14.000,09:18:12.000,09:18:14.000,2,23411.0000,23415.0000,23411.0000,23415.0000,1040,4.0000,128.1500,1.3500,112.8625,-0.5875,Other,,0,False,False
94,09:18:17.000,09:18:14.000,09:18:17.000,3,23415.0000,23419.6000,23415.0000,23419.6000,1300,4.6000,128.8625,0.7125,111.9875,-0.8750,Other,,0,False,False
95,09:18:17.000,09:18:17.000,09:18:17.000,0,23419.6000,23419.6000,23419.6000,23419.6000,650,0.0000,,,,,Other,,0,False,False
96,09:18:24.000,09:18:19.000,09:18:24.000,5,23419.6000,23419.6000,23411.5000,23411.5000,650,-8.1000,128.3250,,113.1000,,Other,,0,False,False
97,09:18:34.000,09:18:24.000,09:18:34.000,10,23411.5000,23419.0000,23411.5000,23419.0000,650,7.5000,128.03484848484848484848484848,-0.29015151515151515151515152,113.28709677419354838709677419,0.18709677419354838709677419,A,A,1,False,False
98,09:18:39.000,09:18:34.000,09:18:39.000,5,23419.0000,23419.0000,23415.1000,23419.0000,975,0.0000,126.8500,-1.18484848484848484848484848,114.60625,1.31915322580645161290322581,Other,,0,False,False
99,09:18:41.000,09:18:39.000,09:18:41.000,2,23419.0000,23419.0000,23403.2000,23410.7000,1690,-8.3000,124.58333333333333333333333333,-2.26666666666666666666666667,117.38333333333333333333333333,2.77708333333333333333333333,Other,,0,False,False
100,09:18:41.000,09:18:41.000,09:18:41.000,0,23410.7000,23410.7000,23410.7000,23410.7000,1040,0.0000,,,,,Other,,0,False,False
101,09:18:44.000,09:18:42.000,09:18:44.000,2,23407.0000,23410.0000,23407.0000,23410.0000,650,-0.7000,125.3800,,116.5000,,Other,,0,False,False
102,09:18:54.000,09:18:44.000,09:18:54.000,10,23410.0000,23416.0000,23407.0000,23411.4000,650,1.4000,125.24375,-0.13625,116.3875,-0.1125,Other,,0,False,False
103,09:19:01.000,09:18:54.000,09:19:01.000,7,23411.4000,23411.4000,23407.0000,23410.9000,650,-0.5000,124.73913043478260869565217391,-0.50461956521739130434782609,116.60217391304347826086956522,0.21467391304347826086956522,Other,,0,False,False
104,09:19:06.000,09:19:01.000,09:19:06.000,5,23410.9000,23412.0000,23407.2000,23412.0000,1170,1.1000,126.61875,1.87961956521739130434782609,115.1125,-1.48967391304347826086956522,Other,,0,False,False
105,09:19:07.000,09:19:06.000,09:19:07.000,1,23412.0000,23412.0000,23408.5000,23412.0000,1300,0.0000,127.2000,0.58125,114.4000,-0.7125,Other,,0,False,False
106,09:19:07.000,09:19:07.000,09:19:07.000,0,23412.0000,23412.0000,23412.0000,23412.0000,650,0.0000,,,,,Other,,0,False,False
107,09:19:16.000,09:19:09.000,09:19:16.000,7,23412.0000,23414.0000,23409.5000,23409.5000,1105,-2.5000,128.4625,,113.65384615384615384615384615,,Other,,0,False,False
108,09:19:17.000,09:19:16.000,09:19:17.000,1,23409.5000,23418.4000,23409.5000,23418.4000,1300,8.9000,129.3000,0.8375,113.6000,-0.05384615384615384615384615,Other,,0,False,False
109,09:19:17.000,09:19:17.000,09:19:17.000,0,23418.4000,23418.4000,23418.4000,23418.4000,650,0.0000,,,,,Other,,0,False,False
110,09:19:32.000,09:19:19.000,09:19:32.000,13,23410.0000,23418.0000,23410.0000,23418.0000,1040,-0.4000,130.1686046511627906976744186,,112.96279069767441860465116279,,Other,,0,False,False
111,09:19:34.000,09:19:32.000,09:19:34.000,2,23418.0000,23418.0000,23418.0000,23418.0000,715,0.0000,131.7500,1.5813953488372093023255814,112.36666666666666666666666667,-0.59612403100775193798449612,Other,,0,False,False
112,09:19:42.000,09:19:34.000,09:19:42.000,8,23418.0000,23418.0000,23415.1000,23416.5000,845,-1.5000,131.8250,0.0750,111.70909090909090909090909091,-0.65757575757575757575757576,B,B,1,False,False
113,09:19:47.000,09:19:42.000,09:19:47.000,5,23416.5000,23420.0000,23416.5000,23420.0000,1105,3.5000,132.93125,1.10625,110.64375,-1.06534090909090909090909091,Other,,0,False,False
114,09:19:49.000,09:19:47.000,09:19:49.000,2,23420.0000,23421.0000,23420.0000,23421.0000,3445,1.0000,134.6125,1.68125,109.9875,-0.65625,Other,,0,False,False
115,09:19:49.000,09:19:49.000,09:19:49.000,0,23421.0000,23421.0000,23421.0000,23421.0000,2795,0.0000,,,,,Other,,0,False,False
116,09:19:51.000,09:19:51.000,09:19:51.000,0,23422.0000,23422.0000,23422.0000,23422.0000,2145,1.0000,135.5000,,109.4250,,Other,,0,False,False
117,09:19:51.000,09:19:51.000,09:19:51.000,0,23422.0000,23422.0000,23422.0000,23422.0000,1495,0.0000,,,,,Other,,0,False,False
118,09:19:51.000,09:19:51.000,09:19:51.000,0,23422.0000,23422.0000,23422.0000,23422.0000,1105,0.0000,,,,,Other,,0,False,False
119,09:19:52.000,09:19:51.000,09:19:52.000,1,23422.0000,23425.0000,23422.0000,23425.0000,3510,3.0000,136.0500,,109.0000,,Other,,0,False,False
120,09:19:52.000,09:19:52.000,09:19:52.000,0,23425.0000,23425.0000,23425.0000,23425.0000,2860,0.0000,,,,,Other,,0,False,False
121,09:19:54.000,09:19:54.000,09:19:54.000,0,23425.0000,23425.0000,23425.0000,23425.0000,2405,0.0000,136.0250,,108.9250,,Other,,0,False,False
122,09:19:54.000,09:19:54.000,09:19:54.000,0,23425.0000,23425.0000,23425.0000,23425.0000,1755,0.0000,,,,,Other,,0,False,False
123,09:19:56.000,09:19:56.000,09:19:56.000,0,23424.0000,23424.0000,23424.0000,23424.0000,1105,-1.0000,134.7750,,109.7250,,Other,,0,False,False
124,09:19:57.000,09:19:56.000,09:19:57.000,1,23424.0000,23425.0000,23424.0000,23425.0000,910,1.0000,135.0000,0.2250,110.0500,0.3250,Other,,0,False,False
125,09:19:59.000,09:19:57.000,09:19:59.000,2,23425.0000,23425.0000,23423.0000,23423.0000,715,-2.0000,135.5000,0.5000,109.4750,-0.5750,B,B,1,False,False
126,09:20:01.000,09:19:59.000,09:20:01.000,2,23423.0000,23425.0000,23423.0000,23425.0000,1170,2.0000,135.49285714285714285714285714,-0.00714285714285714285714286,108.12142857142857142857142857,-1.35357142857142857142857143,Other,,0,False,False
127,09:20:02.000,09:20:01.000,09:20:02.000,1,23425.0000,23425.0000,23424.0000,23424.0000,2405,-1.0000,135.5000,0.00714285714285714285714286,108.5000,0.37857142857142857142857143,Other,,0,False,False
128,09:20:02.000,09:20:02.000,09:20:02.000,0,23424.0000,23424.0000,23424.0000,23424.0000,1755,0.0000,,,,,Other,,0,False,False
129,09:20:03.000,09:20:03.000,09:20:03.000,0,23424.0000,23424.0000,23424.0000,23424.0000,1105,0.0000,134.3500,,109.0000,,Other,,0,False,False
130,09:20:04.000,09:20:03.000,09:20:04.000,1,23424.0000,23428.0000,23424.0000,23428.0000,1365,4.0000,109.0250,,131.7250,,Other,,0,False,False
131,09:20:04.000,09:20:04.000,09:20:04.000,0,23428.0000,23428.0000,23428.0000,23428.0000,715,0.0000,,,,,Other,,0,False,False
132,09:20:06.000,09:20:05.000,09:20:06.000,1,23428.0000,23428.0000,23428.0000,23428.0000,715,0.0000,108.61666666666666666666666667,,131.8750,,Other,,0,False,False
133,09:20:09.000,09:20:06.000,09:20:09.000,3,23428.0000,23429.0000,23422.0000,23429.0000,650,1.0000,107.8700,-0.74666666666666666666666667,132.2800,0.4050,A,A,1,False,False
134,09:20:11.000,09:20:09.000,09:20:11.000,2,23429.0000,23430.0000,23422.0000,23430.0000,780,1.0000,110.0000,2.1300,130.46666666666666666666666667,-1.81333333333333333333333333,Other,,0,False,False
135,09:20:16.000,09:20:11.000,09:20:16.000,5,23430.0000,23430.9000,23424.0000,23424.0000,910,-6.0000,137.30625,,107.9625,,Other,,0,False,False
136,09:20:21.000,09:20:16.000,09:20:21.000,5,23424.0000,23429.0000,23424.0000,23429.0000,910,5.0000,110.3000,,131.0500,,Other,,0,False,False
137,09:20:22.000,09:20:21.000,09:20:22.000,1,23429.0000,23429.0000,23424.2000,23424.2000,975,-4.8000,137.5500,,107.8500,,Other,,0,False,False
138,09:20:27.000,09:20:22.000,09:20:27.000,5,23424.2000,23430.0000,23424.2000,23429.1000,650,4.9000,110.28125,,131.2250,,Other,,0,False,False
139,09:20:32.000,09:20:27.000,09:20:32.000,5,23429.1000,23429.2000,23425.6000,23427.0000,780,-2.1000,108.7000,-1.58125,132.6100,1.3850,Other,,0,False,False
140,09:20:36.000,09:20:32.000,09:20:36.000,4,23427.0000,23429.9000,23427.0000,23428.0000,845,1.0000,109.51666666666666666666666667,0.81666666666666666666666667,132.18333333333333333333333333,-0.42666666666666666666666667,Other,,0,False,False
141,09:20:37.000,09:20:36.000,09:20:37.000,1,23428.0000,23429.1000,23428.0000,23429.1000,975,1.1000,111.7000,2.18333333333333333333333333,130.6750,-1.50833333333333333333333333,Other,,0,False,False
142,09:20:39.000,09:20:37.000,09:20:39.000,2,23429.1000,23430.0000,23428.0000,23428.0000,650,-1.1000,111.33333333333333333333333333,-0.36666666666666666666666667,130.6500,-0.0250,Other,,0,False,False
143,09:20:44.000,09:20:39.000,09:20:44.000,5,23428.0000,23430.0000,23428.0000,23430.0000,650,2.0000,110.8875,-0.44583333333333333333333333,131.76875,1.11875,A,A,1,False,False
144,09:20:52.000,09:20:44.000,09:20:52.000,8,23430.0000,23430.0000,23426.0000,23430.0000,715,0.0000,110.54583333333333333333333333,-0.34166666666666666666666667,131.97307692307692307692307692,0.20432692307692307692307692,Other,,0,False,False
145,09:21:02.000,09:20:52.000,09:21:02.000,10,23430.0000,23430.0000,23426.4000,23430.0000,650,0.0000,110.5469696969696969696969697,0.00113636363636363636363637,132.12272727272727272727272727,0.14965034965034965034965035,Other,,0,False,False
146,09:21:04.000,09:21:02.000,09:21:04.000,2,23430.0000,23430.0000,23430.0000,23430.0000,10335,0.0000,112.71666666666666666666666667,2.16969696969696969696969697,130.88333333333333333333333333,-1.23939393939393939393939394,Other,,0,False,False
147,09:21:04.000,09:21:04.000,09:21:04.000,0,23430.0000,23430.0000,23430.0000,23430.0000,9685,0.0000,,,,,Other,,0,False,False
148,09:21:06.000,09:21:06.000,09:21:06.000,0,23427.1000,23427.1000,23427.1000,23427.1000,9035,-2.9000,112.2500,,131.3000,,Other,,0,False,False
149,09:21:06.000,09:21:06.000,09:21:06.000,0,23427.1000,23427.1000,23427.1000,23427.1000,8385,0.0000,,,,,Other,,0,False,False
150,09:21:06.000,09:21:06.000,09:21:06.000,0,23427.1000,23427.1000,23427.1000,23427.1000,8450,0.0000,,,,,Other,,0,False,False
151,09:21:06.000,09:21:06.000,09:21:06.000,0,23427.1000,23427.1000,23427.1000,23427.1000,7800,0.0000,,,,,Other,,0,False,False
152,09:21:07.000,09:21:07.000,09:21:07.000,0,23430.0000,23430.0000,23430.0000,23430.0000,7150,2.9000,112.2500,,130.8000,,Other,,0,False,False
153,09:21:07.000,09:21:07.000,09:21:07.000,0,23430.0000,23430.0000,23430.0000,23430.0000,6500,0.0000,,,,,Other,,0,False,False
154,09:21:07.000,09:21:07.000,09:21:07.000,0,23430.0000,23430.0000,23430.0000,23430.0000,7150,0.0000,,,,,Other,,0,False,False
155,09:21:07.000,09:21:07.000,09:21:07.000,0,23430.0000,23430.0000,23430.0000,23430.0000,6500,0.0000,,,,,Other,,0,False,False
156,09:21:09.000,09:21:09.000,09:21:09.000,0,23429.0000,23429.0000,23429.0000,23429.0000,5980,-1.0000,111.4500,,131.5500,,Other,,0,False,False
157,09:21:09.000,09:21:09.000,09:21:09.000,0,23429.0000,23429.0000,23429.0000,23429.0000,5330,0.0000,,,,,Other,,0,False,False
158,09:21:10.000,09:21:10.000,09:21:10.000,0,23428.0000,23428.0000,23428.0000,23428.0000,4680,-1.0000,111.2250,,131.8000,,Other,,0,False,False
159,09:21:10.000,09:21:10.000,09:21:10.000,0,23428.0000,23428.0000,23428.0000,23428.0000,4030,0.0000,,,,,Other,,0,False,False
160,09:21:11.000,09:21:11.000,09:21:11.000,0,23427.2000,23427.2000,23427.2000,23427.2000,3380,-0.8000,111.0500,,,,Other,,0,False,False
161,09:21:11.000,09:21:11.000,09:21:11.000,0,23427.2000,23427.2000,23427.2000,23427.2000,2730,0.0000,,,,,Other,,0,False,False
162,09:21:11.000,09:21:11.000,09:21:11.000,0,23427.2000,23427.2000,23427.2000,23427.2000,2275,0.0000,,,,,Other,,0,False,False
163,09:21:11.000,09:21:11.000,09:21:11.000,0,23427.2000,23427.2000,23427.2000,23427.2000,1625,0.0000,,,,,Other,,0,False,False
164,09:21:12.000,09:21:12.000,09:21:12.000,0,23430.0000,23430.0000,23430.0000,23430.0000,975,2.8000,110.9750,,131.7750,,Other,,0,False,False
165,09:21:12.000,09:21:12.000,09:21:12.000,0,23430.0000,23430.0000,23430.0000,23430.0000,1040,0.0000,,,,,Other,,0,False,False
166,09:21:17.000,09:21:12.000,09:21:17.000,5,23430.0000,23430.0000,23427.0000,23430.0000,1430,0.0000,111.15625,,131.97857142857142857142857143,,Other,,0,False,False
167,09:21:17.000,09:21:17.000,09:21:17.000,0,23430.0000,23430.0000,23430.0000,23430.0000,780,0.0000,,,,,Other,,0,False,False
168,09:21:24.000,09:21:19.000,09:21:24.000,5,23429.0000,23430.0000,23426.0000,23426.0000,715,-4.0000,111.1750,,132.00555555555555555555555556,,Other,,0,False,False
169,09:21:31.000,09:21:24.000,09:21:31.000,7,23426.0000,23432.0000,23426.0000,23432.0000,3380,6.0000,112.17391304347826086956521739,0.99891304347826086956521739,131.56904761904761904761904762,-0.43650793650793650793650794,Other,,0,False,False
170,09:21:31.000,09:21:31.000,09:21:31.000,0,23432.0000,23432.0000,23432.0000,23432.0000,2730,0.0000,,,,,Other,,0,False,False
171,09:21:32.000,09:21:32.000,09:21:32.000,0,23430.0000,23430.0000,23430.0000,23430.0000,2080,-2.0000,112.3500,,131.0250,,Other,,0,False,False
172,09:21:32.000,09:21:32.000,09:21:32.000,0,23430.0000,23430.0000,23430.0000,23430.0000,1430,0.0000,,,,,Other,,0,False,False
173,09:21:32.000,09:21:32.000,09:21:32.000,0,23432.0000,23432.0000,23432.0000,23432.0000,1105,2.0000,,,,,Other,,0,False,False
174,09:21:39.000,09:21:32.000,09:21:39.000,7,23432.0000,23433.5000,23427.3000,23433.5000,2470,1.5000,113.12272727272727272727272727,,130.60909090909090909090909091,,Other,,0,False,False
175,09:21:39.000,09:21:39.000,09:21:39.000,0,23433.5000,23433.5000,23433.5000,23433.5000,1820,0.0000,,,,,Other,,0,False,False
176,09:21:40.000,09:21:40.000,09:21:40.000,0,23434.0000,23434.0000,23434.0000,23434.0000,1170,0.5000,115.9000,,128.6500,,Other,,0,False,False
177,09:21:41.000,09:21:40.000,09:21:41.000,1,23434.0000,23434.9000,23434.0000,23434.9000,2340,0.9000,114.9500,-0.9500,128.9750,0.3250,A,A,1,False,False
178,09:21:41.000,09:21:41.000,09:21:41.000,0,23434.9000,23434.9000,23434.9000,23434.9000,1690,0.0000,,,,,Other,,0,False,False
179,09:21:42.000,09:21:42.000,09:21:42.000,0,23433.0000,23433.0000,23433.0000,23433.0000,1040,-1.9000,114.0500,,129.6750,,Other,,0,False,False
180,09:21:44.000,09:21:42.000,09:21:44.000,2,23433.0000,23433.0000,23432.0000,23432.0000,910,-1.0000,113.88333333333333333333333333,-0.16666666666666666666666667,129.9500,0.2750,Other,,0,False,False
181,09:21:51.000,09:21:44.000,09:21:51.000,7,23432.0000,23432.0000,23432.0000,23432.0000,650,0.0000,113.4300,-0.45333333333333333333333333,130.22727272727272727272727273,0.27727272727272727272727273,Other,,0,False,False
182,09:21:52.000,09:21:51.000,09:21:52.000,1,23432.0000,23435.0000,23432.0000,23435.0000,650,3.0000,114.6250,1.1950,129.0750,-1.15227272727272727272727273,Other,,0,False,False
183,09:21:54.000,09:21:52.000,09:21:54.000,2,23435.0000,23439.0000,23435.0000,23438.0000,1430,3.0000,114.3500,-0.2750,129.66666666666666666666666667,0.59166666666666666666666667,A,A,1,False,False
184,09:21:54.000,09:21:54.000,09:21:54.000,0,23438.0000,23438.0000,23438.0000,23438.0000,780,0.0000,,,,,Other,,0,False,False
185,09:21:57.000,09:21:56.000,09:21:57.000,1,23434.0000,23434.1000,23430.0000,23430.0000,1690,-8.0000,112.3875,,131.1250,,Other,,0,False,False
186,09:21:57.000,09:21:57.000,09:21:57.000,0,23430.0000,23430.0000,23430.0000,23430.0000,1040,0.0000,,,,,Other,,0,False,False
187,09:22:04.000,09:21:59.000,09:22:04.000,5,23430.0000,23433.5000,23430.0000,23433.5000,715,3.5000,112.54210526315789473684210526,,131.0000,,Other,,0,False,False
188,09:22:14.000,09:22:04.000,09:22:14.000,10,23433.5000,23437.0000,23432.0000,23437.0000,650,3.5000,112.30625,-0.23585526315789473684210526,130.334375,-0.665625,Other,,0,False,False
189,09:22:17.000,09:22:14.000,09:22:17.000,3,23437.0000,23437.0000,23431.9000,23431.9000,1105,-5.1000,111.5375,-0.76875,130.0600,-0.274375,Other,,0,False,False
190,09:22:21.000,09:22:17.000,09:22:21.000,4,23431.9000,23432.0000,23430.0000,23430.0000,1690,-1.9000,110.74166666666666666666666667,-0.79583333333333333333333333,130.5375,0.4775,Other,,0,False,False
191,09:22:21.000,09:22:21.000,09:22:21.000,0,23430.0000,23430.0000,23430.0000,23430.0000,1040,0.0000,,,,,Other,,0,False,False
192,09:22:26.000,09:22:22.000,09:22:26.000,4,23430.0000,23434.9000,23427.0000,23427.0000,1820,-3.0000,109.17142857142857142857142857,,132.2875,,Other,,0,False,False
193,09:22:26.000,09:22:26.000,09:22:26.000,0,23427.0000,23427.0000,23427.0000,23427.0000,1170,0.0000,,,,,Other,,0,False,False
194,09:22:27.000,09:22:27.000,09:22:27.000,0,23426.0000,23426.7000,23426.0000,23426.7000,650,-0.3000,107.7500,,133.9500,,Other,,0,False,False
195,09:22:29.000,09:22:27.000,09:22:29.000,2,23426.7000,23426.7000,23424.0000,23425.0000,1820,-1.7000,134.43333333333333333333333333,,110.1000,,Other,,0,False,False
196,09:22:29.000,09:22:29.000,09:22:29.000,0,23425.0000,23425.0000,23425.0000,23425.0000,1170,0.0000,,,,,Other,,0,False,False
197,09:22:32.000,09:22:30.000,09:22:32.000,2,23422.0000,23422.0000,23422.0000,23422.0000,715,-3.0000,135.72272727272727272727272727,,109.37272727272727272727272727,,Other,,0,False,False
198,09:22:37.000,09:22:32.000,09:22:37.000,5,23422.0000,23430.0000,23422.0000,23430.0000,715,8.0000,109.8250,,132.24285714285714285714285714,,Other,,0,False,False
199,09:22:42.000,09:22:37.000,09:22:42.000,5,23430.0000,23435.0000,23424.0000,23435.0000,1040,5.0000,110.4125,0.5875,131.5500,-0.69285714285714285714285714,Other,,0,False,False
200,09:22:44.000,09:22:42.000,09:22:44.000,2,23435.0000,23435.0000,23424.5000,23424.5000,975,-10.5000,137.31666666666666666666666667,,108.3250,,Other,,0,False,False
201,09:22:46.000,09:22:44.000,09:22:46.000,2,23424.5000,23431.5000,23424.5000,23424.6000,1365,0.1000,137.26666666666666666666666667,-0.05000000000000000000000000,108.0500,-0.2750,Other,,0,False,False
202,09:22:46.000,09:22:46.000,09:22:46.000,0,23424.6000,23424.6000,23424.6000,23424.6000,715,0.0000,,,,,Other,,0,False,False
203,09:22:51.000,09:22:47.000,09:22:51.000,4,23432.0000,23432.0000,23424.6000,23424.6000,975,0.0000,135.05625,,109.63125,,Other,,0,False,False
204,09:22:52.000,09:22:51.000,09:22:52.000,1,23424.6000,23424.6000,23422.5000,23422.5000,1430,-2.1000,135.0500,-0.00625,109.7250,0.09375,Other,,0,False,False
205,09:22:52.000,09:22:52.000,09:22:52.000,0,23422.5000,23422.5000,23422.5000,23422.5000,780,0.0000,,,,,Other,,0,False,False
206,09:22:54.000,09:22:54.000,09:22:54.000,0,23423.0000,23423.0000,23423.0000,23423.0000,2275,0.5000,135.0500,,109.6500,,Other,,0,False,False
207,09:22:54.000,09:22:54.000,09:22:54.000,0,23423.0000,23423.0000,23423.0000,23423.0000,1625,0.0000,,,,,Other,,0,False,False
208,09:22:55.000,09:22:55.000,09:22:55.000,0,23432.0000,23432.0000,23432.0000,23432.0000,975,9.0000,108.7000,,133.4000,,Other,,0,False,False
209,09:22:56.000,09:22:55.000,09:22:56.000,1,23432.0000,23432.0000,23422.0000,23422.0000,1235,-10.0000,133.9250,,110.7250,,Other,,0,False,False
210,09:22:57.000,09:22:56.000,09:22:57.000,1,23422.0000,23422.0000,23422.0000,23422.0000,975,0.0000,133.4750,-0.4500,110.7750,0.0500,Other,,0,False,False
211,09:23:02.000,09:22:57.000,09:23:02.000,5,23422.0000,23422.0000,23421.0000,23422.0000,650,0.0000,134.52352941176470588235294118,1.04852941176470588235294118,109.87941176470588235294117647,-0.89558823529411764705882353,Other,,0,False,False
212,09:23:04.000,09:23:02.000,09:23:04.000,2,23422.0000,23429.9000,23420.0000,23420.0000,1170,-2.0000,135.06666666666666666666666667,0.54313725490196078431372549,109.6500,-0.22941176470588235294117647,B,B,1,False,False
213,09:23:06.000,09:23:04.000,09:23:06.000,2,23420.0000,23420.8000,23420.0000,23420.8000,780,0.8000,134.98333333333333333333333333,-0.08333333333333333333333334,109.13333333333333333333333333,-0.51666666666666666666666667,Other,,0,False,False
214,09:23:09.000,09:23:06.000,09:23:09.000,3,23420.8000,23420.8000,23420.2000,23420.2000,715,-0.6000,134.2200,-0.76333333333333333333333333,109.6600,0.52666666666666666666666667,Other,,0,False,False
215,09:23:14.000,09:23:09.000,09:23:14.000,5,23420.2000,23430.0000,23420.1000,23430.0000,845,9.8000,108.76875,,131.86666666666666666666666667,,Other,,0,False,False
216,09:23:22.000,09:23:14.000,09:23:22.000,8,23430.0000,23430.0000,23423.1000,23423.1000,1040,-6.9000,134.29615384615384615384615385,,109.36153846153846153846153846,,Other,,0,False,False
217,09:23:24.000,09:23:22.000,09:23:24.000,2,23423.1000,23425.0000,23423.1000,23423.1000,1040,0.0000,132.33333333333333333333333333,-1.96282051282051282051282052,110.7000,1.33846153846153846153846154,Other,,0,False,False
218,09:23:27.000,09:23:24.000,09:23:27.000,3,23423.1000,23424.1000,23420.0000,23420.0000,1690,-3.1000,131.9100,-0.42333333333333333333333333,111.0200,0.3200,Other,,0,False,False
219,09:23:27.000,09:23:27.000,09:23:27.000,0,23420.0000,23420.0000,23420.0000,23420.0000,1040,0.0000,,,,,Other,,0,False,False
220,09:23:29.000,09:23:28.000,09:23:29.000,1,23418.0000,23423.2000,23418.0000,23423.2000,650,3.2000,132.06666666666666666666666667,,110.91666666666666666666666667,,Other,,0,False,False
221,09:23:32.000,09:23:29.000,09:23:32.000,3,23423.2000,23424.9000,23420.1000,23420.2000,715,-3.0000,133.03181818181818181818181818,0.96515151515151515151515151,110.22222222222222222222222222,-0.69444444444444444444444445,B,B,1,False,False
222,09:23:39.000,09:23:32.000,09:23:39.000,7,23420.2000,23425.0000,23420.2000,23425.0000,910,4.8000,133.4500,0.41818181818181818181818182,109.9850,-0.23722222222222222222222222,Other,,0,False,False
223,09:23:41.000,09:23:39.000,09:23:41.000,2,23425.0000,23425.8000,23425.0000,23425.8000,1560,0.8000,107.86666666666666666666666667,,132.9000,,Other,,0,False,False
224,09:23:41.000,09:23:41.000,09:23:41.000,0,23425.8000,23425.8000,23425.8000,23425.8000,910,0.0000,,,,,Other,,0,False,False
225,09:23:44.000,09:23:42.000,09:23:44.000,2,23425.3000,23425.4000,23425.0000,23425.0000,1235,-0.8000,133.6700,,109.7500,,Other,,0,False,False
226,09:23:46.000,09:23:44.000,09:23:46.000,2,23425.0000,23425.0000,23420.2000,23420.2000,650,-4.8000,133.63333333333333333333333333,-0.03666666666666666666666667,110.1500,0.4000,Other,,0,False,False
227,09:23:53.000,09:23:46.000,09:23:53.000,7,23420.2000,23425.3000,23420.2000,23420.2000,845,0.0000,133.80454545454545454545454545,0.17121212121212121212121212,109.77272727272727272727272727,-0.37727272727272727272727273,Other,,0,False,False
228,09:24:02.000,09:23:53.000,09:24:02.000,9,23420.2000,23424.8000,23420.1000,23420.1000,845,-0.1000,132.9564516129032258064516129,-0.84809384164222873900293255,110.88387096774193548387096774,1.11114369501466275659824047,Other,,0,False,False
229,09:24:11.000,09:24:02.000,09:24:11.000,9,23420.1000,23422.0000,23420.1000,23421.0000,715,0.9000,132.07857142857142857142857143,-0.87788018433179723502304147,111.74285714285714285714285714,0.85898617511520737327188940,A,A,1,False,False
230,09:24:16.000,09:24:11.000,09:24:16.000,5,23421.0000,23422.0000,23421.0000,23421.2000,780,0.2000,131.98571428571428571428571429,-0.09285714285714285714285714,111.6000,-0.14285714285714285714285714,Other,,0,False,False
231,09:24:19.000,09:24:16.000,09:24:19.000,3,23421.2000,23421.2000,23420.1000,23420.1000,715,-1.1000,130.4000,-1.58571428571428571428571429,112.4900,0.8900,Other,,0,False,False
232,09:24:21.000,09:24:19.000,09:24:21.000,2,23420.1000,23420.1000,23419.5000,23419.5000,650,-0.6000,130.08333333333333333333333333,-0.31666666666666666666666667,112.91666666666666666666666667,0.42666666666666666666666667,Other,,0,False,False
233,09:24:27.000,09:24:21.000,09:24:27.000,6,23419.5000,23420.2000,23415.1000,23415.1000,1105,-4.4000,131.3650,1.28166666666666666666666667,112.0100,-0.90666666666666666666666667,B,B,1,False,False
234,09:24:36.000,09:24:27.000,09:24:36.000,9,23415.1000,23420.1000,23415.0000,23415.0000,715,-0.1000,131.39827586206896551724137931,0.03327586206896551724137931,112.23448275862068965517241379,0.22448275862068965517241379,Other,,0,False,False
235,09:24:46.000,09:24:36.000,09:24:46.000,10,23415.0000,23420.0000,23414.5000,23419.0000,650,4.0000,131.596875,0.19859913793103448275862069,112.23125,-0.00323275862068965517241379,Other,,0,False,False
236,09:24:51.000,09:24:46.000,09:24:51.000,5,23419.0000,23420.0000,23415.0000,23420.0000,650,1.0000,131.98125,0.384375,111.7375,-0.49375,Other,,0,False,False
237,09:24:57.000,09:24:51.000,09:24:57.000,6,23420.0000,23424.0000,23416.0000,23420.0000,975,0.0000,132.43333333333333333333333333,0.45208333333333333333333333,111.5800,-0.1575,Other,,0,False,False
238,09:25:01.000,09:24:57.000,09:25:01.000,4,23420.0000,23425.0000,23420.0000,23425.0000,910,5.0000,131.14230769230769230769230769,-1.29102564102564102564102564,112.49230769230769230769230769,0.91230769230769230769230769,A,A,1,False,False
239,09:25:02.000,09:25:01.000,09:25:02.000,1,23425.0000,23425.0000,23425.0000,23425.0000,1690,0.0000,131.7000,0.55769230769230769230769231,111.9250,-0.56730769230769230769230769,Other,,0,False,False
240,09:25:02.000,09:25:02.000,09:25:02.000,0,23425.0000,23425.0000,23425.0000,23425.0000,1040,0.0000,,,,,Other,,0,False,False
241,09:25:07.000,09:25:04.000,09:25:07.000,3,23425.0000,23425.0000,23414.2000,23414.2000,910,-10.8000,128.52142857142857142857142857,,114.80714285714285714285714286,,Other,,0,False,False
242,09:25:09.000,09:25:07.000,09:25:09.000,2,23414.2000,23414.2000,23413.6000,23413.6000,780,-0.6000,127.23333333333333333333333333,-1.28809523809523809523809524,116.11666666666666666666666667,1.30952380952380952380952381,Other,,0,False,False
243,09:25:19.000,09:25:09.000,09:25:19.000,10,23413.6000,23413.6000,23402.9000,23403.0000,975,-10.6000,126.56875,-0.66458333333333333333333333,116.75625,0.63958333333333333333333333,Other,,0,False,False
244,09:25:26.000,09:25:19.000,09:25:26.000,7,23403.0000,23403.1000,23403.0000,23403.0000,650,0.0000,124.79545454545454545454545455,-1.77329545454545454545454545,117.99545454545454545454545455,1.23920454545454545454545455,Other,,0,False,False
245,09:25:29.000,09:25:26.000,09:25:29.000,3,23403.0000,23413.7000,23402.5000,23402.5000,715,-0.5000,123.8900,-0.90545454545454545454545455,118.4000,0.40454545454545454545454545,Other,,0,False,False
246,09:25:31.000,09:25:29.000,09:25:31.000,2,23402.5000,23413.8000,23402.5000,23413.8000,715,11.3000,124.06428571428571428571428571,0.17428571428571428571428571,118.3000,-0.1000,Other,,0,False,False
247,09:25:41.000,09:25:31.000,09:25:41.000,10,23413.8000,23413.8000,23402.3000,23402.3000,715,-11.5000,124.32333333333333333333333333,0.25904761904761904761904762,117.9200,-0.3800,B,B,1,False,False
248,09:25:51.000,09:25:41.000,09:25:51.000,10,23402.3000,23413.8000,23401.1000,23412.0000,650,9.7000,124.11333333333333333333333333,-0.21000000000000000000000000,118.1125,0.1925,A,A,1,False,False
249,09:26:04.000,09:25:51.000,09:26:04.000,13,23412.0000,23413.0000,23402.3000,23413.0000,780,1.0000,125.35232558139534883720930233,1.23899224806201550387596900,116.64230769230769230769230769,-1.47019230769230769230769231,Other,,0,False,False
250,09:26:14.000,09:26:04.000,09:26:14.000,10,23413.0000,23413.7000,23404.6000,23413.7000,845,0.7000,125.53125,0.17892441860465116279069767,116.31764705882352941176470588,-0.32466063348416289592760181,Other,,0,False,False
251,09:26:19.000,09:26:14.000,09:26:19.000,5,23413.7000,23414.5000,23401.8000,23413.0000,845,-0.7000,124.96428571428571428571428571,-0.56696428571428571428571429,116.66428571428571428571428571,0.34663865546218487394957983,Other,,0,False,False
252,09:26:24.000,09:26:19.000,09:26:24.000,5,23413.0000,23413.0000,23405.0000,23405.1000,715,-7.9000,122.42777777777777777777777778,-2.53650793650793650793650793,119.16111111111111111111111111,2.49682539682539682539682540,Other,,0,False,False
253,09:26:31.000,09:26:24.000,09:26:31.000,7,23405.1000,23413.0000,23404.4000,23404.6000,845,-0.5000,122.57173913043478260869565217,0.14396135265700483091787439,119.1580,-0.00311111111111111111111111,B,B,1,False,False
254,09:26:32.000,09:26:31.000,09:26:32.000,1,23404.6000,23404.6000,23403.5000,23403.5000,780,-1.1000,121.4500,-1.12173913043478260869565217,120.4500,1.2920,Other,,0,False,False
255,09:26:36.000,09:26:32.000,09:26:36.000,4,23403.5000,23411.0000,23403.5000,23405.0000,650,1.5000,122.2500,0.8000,119.60714285714285714285714286,-0.84285714285714285714285714,Other,,0,False,False
256,09:26:39.000,09:26:36.000,09:26:39.000,3,23405.0000,23405.3000,23402.5000,23402.5000,650,-2.5000,121.3750,-0.8750,120.2125,0.60535714285714285714285714,Other,,0,False,False
257,09:26:44.000,09:26:39.000,09:26:44.000,5,23402.5000,23402.5000,23400.0000,23400.0000,1105,-2.5000,122.1625,0.7875,119.53125,-0.68125,B,B,1,False,False
258,09:26:47.000,09:26:44.000,09:26:47.000,3,23400.0000,23400.0000,23400.0000,23400.0000,780,0.0000,122.0100,-0.1525,119.0100,-0.52125,Other,,0,False,False
259,09:26:59.000,09:26:47.000,09:26:59.000,12,23400.0000,23408.5000,23400.0000,23400.2000,650,0.2000,122.47222222222222222222222222,0.46222222222222222222222222,118.67105263157894736842105263,-0.33894736842105263157894737,Other,,0,False,False
260,09:27:02.000,09:26:59.000,09:27:02.000,3,23400.2000,23400.2000,23397.6000,23398.4000,3510,-1.8000,122.18636363636363636363636364,-0.28585858585858585858585858,119.17222222222222222222222222,0.50116959064327485380116959,Other,,0,False,False
261,09:27:02.000,09:27:02.000,09:27:02.000,0,23398.4000,23398.4000,23398.4000,23398.4000,2860,0.0000,,,,,Other,,0,False,False
262,09:27:03.000,09:27:03.000,09:27:03.000,0,23400.2000,23400.2000,23400.2000,23400.2000,2210,1.8000,122.8000,,118.8500,,Other,,0,False,False
263,09:27:03.000,09:27:03.000,09:27:03.000,0,23400.2000,23400.2000,23400.2000,23400.2000,1560,0.0000,,,,,Other,,0,False,False
264,09:27:04.000,09:27:04.000,09:27:04.000,0,23400.2000,23400.2000,23400.2000,23400.2000,1235,0.0000,122.7500,,119.0250,,Other,,0,False,False
265,09:27:06.000,09:27:04.000,09:27:06.000,2,23400.2000,23400.2000,23399.3000,23399.3000,650,-0.9000,122.7000,-0.0500,118.76666666666666666666666667,-0.25833333333333333333333333,Other,,0,False,False
266,09:27:21.000,09:27:06.000,09:27:21.000,15,23399.3000,23410.0000,23399.3000,23399.8000,1300,0.5000,122.42826086956521739130434783,-0.27173913043478260869565217,119.22608695652173913043478261,0.45942028985507246376811594,A,A,1,False,False
267,09:27:21.000,09:27:21.000,09:27:21.000,0,23399.8000,23399.8000,23399.8000,23399.8000,650,0.0000,,,,,Other,,0,False,False
268,09:27:29.000,09:27:22.000,09:27:29.000,7,23399.8000,23406.9000,23399.8000,23401.7000,1300,1.9000,123.96363636363636363636363636,,117.99166666666666666666666667,,Other,,0,False,False
269,09:27:29.000,09:27:29.000,09:27:29.000,0,23401.7000,23401.7000,23401.7000,23401.7000,650,0.0000,,,,,Other,,0,False,False
270,09:27:34.000,09:27:30.000,09:27:34.000,4,23401.7000,23409.0000,23400.6000,23400.9000,715,-0.8000,124.03235294117647058823529412,,117.90588235294117647058823529,,Other,,0,False,False
271,09:27:49.000,09:27:34.000,09:27:49.000,15,23400.9000,23403.7000,23400.9000,23403.7000,650,2.8000,122.80833333333333333333333333,-1.22401960784313725490196079,119.0125,1.10661764705882352941176471,A,A,1,False,False
272,09:27:52.000,09:27:49.000,09:27:52.000,3,23403.7000,23403.7000,23402.6000,23402.6000,1235,-1.1000,120.6400,-2.16833333333333333333333333,121.3900,2.3775,Other,,0,False,False
273,09:27:54.000,09:27:52.000,09:27:54.000,2,23402.6000,23402.8000,23402.5000,23402.5000,1105,-0.1000,121.1500,0.5100,120.98333333333333333333333333,-0.40666666666666666666666667,B,B,1,False,False
274,09:27:56.000,09:27:54.000,09:27:56.000,2,23402.5000,23402.5000,23402.5000,23402.5000,910,0.0000,120.7000,-0.4500,120.96666666666666666666666667,-0.01666666666666666666666666,Other,,0,False,False
275,09:27:59.000,09:27:56.000,09:27:59.000,3,23402.5000,23409.1000,23401.0000,23401.0000,715,-1.5000,121.3200,0.6200,120.4500,-0.51666666666666666666666667,B,B,1,False,False
276,09:28:11.000,09:27:59.000,09:28:11.000,12,23401.0000,23405.0000,23400.9000,23400.9000,1040,-0.1000,121.56666666666666666666666667,0.24666666666666666666666667,119.77179487179487179487179487,-0.67820512820512820512820513,B,B,2,False,True
277,09:28:16.000,09:28:11.000,09:28:16.000,5,23400.9000,23405.0000,23400.6000,23400.6000,715,-0.3000,122.14375,0.57708333333333333333333333,118.84375,-0.92804487179487179487179487,B,B,3,False,False
278,09:28:21.000,09:28:16.000,09:28:21.000,5,23400.6000,23405.0000,23400.6000,23403.2000,1495,2.6000,121.4125,-0.73125,119.78125,0.93750,A,A,1,False,False
279,09:28:21.000,09:28:21.000,09:28:21.000,0,23403.2000,23403.2000,23403.2000,23403.2000,845,0.0000,,,,,Other,,0,False,False
280,09:28:22.000,09:28:22.000,09:28:22.000,0,23401.0000,23401.0000,23401.0000,23401.0000,845,-2.2000,120.0000,,121.4000,,Other,,0,False,False
281,09:28:24.000,09:28:22.000,09:28:24.000,2,23401.0000,23401.4000,23401.0000,23401.0000,715,0.0000,119.8250,-0.1750,121.4625,0.0625,Other,,0,False,False
282,09:28:26.000,09:28:24.000,09:28:26.000,2,23401.0000,23401.0000,23400.0000,23400.0000,1105,-1.0000,119.58333333333333333333333333,-0.24166666666666666666666667,121.46666666666666666666666667,0.00416666666666666666666667,Other,,0,False,False
283,09:28:27.000,09:28:26.000,09:28:27.000,1,23400.0000,23400.1000,23400.0000,23400.1000,650,0.1000,119.5250,-0.05833333333333333333333333,121.2500,-0.21666666666666666666666667,Other,,0,False,False
284,09:28:31.000,09:28:27.000,09:28:31.000,4,23400.1000,23400.1000,23397.0000,23397.0000,1365,-3.1000,118.35384615384615384615384615,-1.17115384615384615384615385,122.43846153846153846153846154,1.18846153846153846153846154,Other,,0,False,False
285,09:28:31.000,09:28:31.000,09:28:31.000,0,23397.0000,23397.0000,23397.0000,23397.0000,715,0.0000,,,,,Other,,0,False,False
286,09:28:45.000,09:28:32.000,09:28:45.000,13,23395.0000,23402.0000,23395.0000,23402.0000,715,5.0000,118.90909090909090909090909091,,121.85869565217391304347826087,,Other,,0,False,False
287,09:29:05.000,09:28:45.000,09:29:05.000,20,23402.0000,23402.0000,23392.0000,23398.7000,975,-3.3000,118.63307692307692307692307692,-0.27601398601398601398601399,121.74920634920634920634920635,-0.10948930296756383712905452,Other,,0,False,False
288,09:29:07.000,09:29:05.000,09:29:07.000,2,23398.7000,23398.7000,23392.8000,23392.8000,1105,-5.9000,118.66666666666666666666666667,0.03358974358974358974358975,121.5000,-0.24920634920634920634920635,B,B,1,False,False
289,09:29:10.000,09:29:07.000,09:29:10.000,3,23392.8000,23400.9000,23392.8000,23400.9000,2275,8.1000,119.7250,1.05833333333333333333333333,120.4200,-1.0800,Other,,0,False,False
290,09:29:10.000,09:29:10.000,09:29:10.000,0,23400.9000,23400.9000,23400.9000,23400.9000,1625,0.0000,,,,,Other,,0,False,False
291,09:29:11.000,09:29:11.000,09:29:11.000,0,23396.5000,23396.5000,23396.5000,23396.5000,975,-4.4000,120.7750,,119.8500,,Other,,0,False,False
292,09:29:12.000,09:29:11.000,09:29:12.000,1,23396.5000,23400.0000,23396.5000,23400.0000,1300,3.5000,120.6000,-0.1750,119.9500,0.1000,A,A,1,False,False
293,09:29:12.000,09:29:12.000,09:29:12.000,0,23400.0000,23400.0000,23400.0000,23400.0000,650,0.0000,,,,,Other,,0,False,False
294,09:29:25.000,09:29:12.000,09:29:25.000,13,23400.0000,23400.0000,23395.0000,23400.0000,650,0.0000,118.7450,,121.84285714285714285714285714,,Other,,0,False,False
295,09:29:44.000,09:29:25.000,09:29:44.000,19,23400.0000,23400.0000,23395.2000,23395.2000,650,-4.8000,118.52295081967213114754098361,-0.22204918032786885245901639,121.8885245901639344262295082,0.04566744730679156908665106,Other,,0,False,False
296,09:29:49.000,09:29:44.000,09:29:49.000,5,23395.2000,23395.2000,23393.8000,23393.8000,715,-1.4000,116.8000,-1.72295081967213114754098361,123.4125,1.5239754098360655737704918,Other,,0,False,False
297,09:29:52.000,09:29:49.000,09:29:52.000,3,23393.8000,23395.0000,23392.1000,23392.1000,1690,-1.7000,115.7500,-1.0500,124.1500,0.7375,Other,,0,False,False
298,09:29:52.000,09:29:52.000,09:29:52.000,0,23392.1000,23392.1000,23392.1000,23392.1000,1040,0.0000,,,,,Other,,0,False,False
299,09:29:54.000,09:29:54.000,09:29:54.000,0,23392.1000,23392.1000,23392.1000,23392.1000,650,0.0000,115.5250,,124.3250,,Other,,0,False,False
300,09:29:59.000,09:29:54.000,09:29:59.000,5,23392.1000,23394.5000,23391.0000,23391.0000,650,-1.1000,115.78125,0.25625,124.22857142857142857142857143,-0.09642857142857142857142857,B,B,1,False,False
301,09:30:05.000,09:29:59.000,09:30:05.000,6,23391.0000,23399.1000,23391.0000,23394.0000,715,3.0000,117.48333333333333333333333333,1.70208333333333333333333333,122.40952380952380952380952381,-1.81904761904761904761904762,Other,,0,False,False
302,09:30:09.000,09:30:05.000,09:30:09.000,4,23394.0000,23399.1000,23394.0000,23399.0000,975,5.0000,118.85833333333333333333333333,1.37500000000000000000000000,121.49166666666666666666666667,-0.91785714285714285714285714,Other,,0,False,False
303,09:30:10.000,09:30:09.000,09:30:10.000,1,23399.0000,23399.8000,23398.8000,23398.8000,650,-0.2000,119.5250,0.66666666666666666666666667,120.8250,-0.66666666666666666666666667,B,B,1,False,False
304,09:30:20.000,09:30:10.000,09:30:20.000,10,23398.8000,23400.0000,23397.2000,23400.0000,910,1.2000,119.8000,0.2750,120.821875,-0.003125,Other,,0,False,False
305,09:30:27.000,09:30:20.000,09:30:27.000,7,23400.0000,23400.3000,23398.8000,23400.0000,715,0.0000,120.43636363636363636363636364,0.63636363636363636363636364,120.63636363636363636363636364,-0.18551136363636363636363636,Other,,0,False,False
306,09:30:30.000,09:30:27.000,09:30:30.000,3,23400.0000,23400.9000,23395.1000,23400.0000,715,0.0000,120.30909090909090909090909091,-0.12727272727272727272727273,120.79545454545454545454545455,0.15909090909090909090909091,Other,,0,False,False
307,09:30:57.000,09:30:30.000,09:30:57.000,27,23400.0000,23404.0000,23394.9000,23404.0000,1170,4.0000,120.42692307692307692307692308,0.11783216783216783216783217,120.4500,-0.34545454545454545454545455,Other,,0,False,False
308,09:31:00.000,09:30:57.000,09:31:00.000,3,23404.0000,23404.0000,23398.8000,23398.8000,845,-5.2000,120.44090909090909090909090909,0.01398601398601398601398601,120.02727272727272727272727273,-0.42272727272727272727272727,B,B,1,False,False
309,09:31:03.000,09:31:00.000,09:31:03.000,3,23398.8000,23398.8000,23395.1000,23395.1000,845,-3.7000,120.1100,-0.33090909090909090909090909,120.1875,0.16022727272727272727272727,Other,,0,False,False
310,09:31:05.000,09:31:03.000,09:31:05.000,2,23395.1000,23396.4000,23395.1000,23396.4000,845,1.3000,120.2500,0.1400,120.21666666666666666666666667,0.02916666666666666666666667,Other,,0,False,False
311,09:31:23.000,09:31:05.000,09:31:23.000,18,23396.4000,23404.0000,23396.4000,23404.0000,650,7.6000,121.01785714285714285714285714,0.76785714285714285714285714,119.46379310344827586206896552,-0.75287356321839080459770115,Other,,0,False,False
312,09:31:33.000,09:31:23.000,09:31:33.000,10,23404.0000,23404.0000,23398.3000,23398.3000,1690,-5.7000,119.92741935483870967741935484,-1.09043778801843317972350230,120.8500,1.38620689655172413793103448,Other,,0,False,False
313,09:31:33.000,09:31:33.000,09:31:33.000,0,23398.3000,23398.3000,23398.3000,23398.3000,1040,0.0000,,,,,Other,,0,False,False
314,09:31:37.000,09:31:35.000,09:31:37.000,2,23398.2000,23398.5000,23398.2000,23398.5000,845,0.2000,118.4300,,122.6875,,Other,,0,False,False
315,09:31:40.000,09:31:37.000,09:31:40.000,3,23398.5000,23398.5000,23395.5000,23397.0000,2340,-1.5000,117.8750,-0.5550,123.2250,0.5375,Other,,0,False,False
316,09:31:40.000,09:31:40.000,09:31:40.000,0,23397.0000,23397.0000,23397.0000,23397.0000,1690,0.0000,,,,,Other,,0,False,False
317,09:31:42.000,09:31:42.000,09:31:42.000,0,23406.6000,23406.6000,23406.6000,23406.6000,1040,9.6000,119.2000,,121.8000,,Other,,0,False,False
318,09:31:42.000,09:31:42.000,09:31:42.000,0,23406.6000,23406.6000,23406.6000,23406.6000,1690,0.0000,,,,,Other,,0,False,False
319,09:31:42.000,09:31:42.000,09:31:42.000,0,23406.6000,23406.6000,23406.6000,23406.6000,1040,0.0000,,,,,Other,,0,False,False
320,09:31:43.000,09:31:43.000,09:31:43.000,0,23404.7000,23404.7000,23404.7000,23404.7000,780,-1.9000,118.9000,,122.0000,,Other,,0,False,False
321,09:31:45.000,09:31:43.000,09:31:45.000,2,23404.7000,23404.7000,23395.0000,23395.0000,650,-9.7000,118.01666666666666666666666667,-0.88333333333333333333333333,123.31666666666666666666666667,1.31666666666666666666666667,Other,,0,False,False
322,09:31:48.000,09:31:45.000,09:31:48.000,3,23395.0000,23395.0000,23394.0000,23394.0000,845,-1.0000,116.8250,-1.19166666666666666666666667,124.4300,1.11333333333333333333333333,Other,,0,False,False
323,09:31:52.000,09:31:48.000,09:31:52.000,4,23394.0000,23394.0000,23393.3000,23393.6000,2210,-0.4000,116.56428571428571428571428571,-0.26071428571428571428571429,125.04285714285714285714285714,0.61285714285714285714285714,Other,,0,False,False
324,09:31:52.000,09:31:52.000,09:31:52.000,0,23393.6000,23393.6000,23393.6000,23393.6000,1560,0.0000,,,,,Other,,0,False,False
325,09:31:53.000,09:31:53.000,09:31:53.000,0,23393.6000,23393.6000,23393.6000,23393.6000,910,0.0000,116.9500,,124.8000,,Other,,0,False,False
326,09:31:58.000,09:31:53.000,09:31:58.000,5,23393.6000,23393.7000,23392.0000,23392.0000,1300,-1.6000,116.56875,-0.38125,125.0500,0.2500,Other,,0,False,False
327,09:31:58.000,09:31:58.000,09:31:58.000,0,23392.0000,23392.0000,23392.0000,23392.0000,650,0.0000,,,,,Other,,0,False,False
328,09:32:25.000,09:31:59.000,09:32:25.000,26,23393.1000,23402.0000,23392.0000,23400.0000,1040,8.0000,117.93908045977011494252873563,,123.66321839080459770114942529,,Other,,0,False,False
329,09:32:29.000,09:32:25.000,09:32:29.000,4,23400.0000,23405.0000,23400.0000,23400.0000,780,0.0000,118.89285714285714285714285714,0.95377668308702791461412151,122.92857142857142857142857143,-0.73464696223316912972085386,Other,,0,False,False
330,09:32:37.000,09:32:29.000,09:32:37.000,8,23400.0000,23400.0000,23394.6000,23395.3000,845,-4.7000,117.90925925925925925925925926,-0.98359788359788359788359788,123.93703703703703703703703704,1.00846560846560846560846561,Other,,0,False,False
331,09:32:40.000,09:32:37.000,09:32:40.000,3,23395.3000,23395.4000,23395.1000,23395.4000,715,0.1000,118.1400,0.23074074074074074074074074,123.8200,-0.11703703703703703703703704,Other,,0,False,False
332,09:32:45.000,09:32:40.000,09:32:45.000,5,23395.4000,23395.7000,23395.0000,23395.0000,715,-0.4000,117.79285714285714285714285714,-0.34714285714285714285714286,124.1500,0.3300,Other,,0,False,False
333,09:32:57.000,09:32:45.000,09:32:57.000,12,23395.0000,23402.7000,23395.0000,23395.9000,845,0.9000,118.60882352941176470588235294,0.81596638655462184873949580,123.37368421052631578947368421,-0.77631578947368421052631579,Other,,0,False,False
334,09:33:11.000,09:32:57.000,09:33:11.000,14,23395.9000,23404.4000,23395.5000,23395.6000,1170,-0.3000,118.73023255813953488372093023,0.12140902872777017783857729,123.2500,-0.12368421052631578947368421,B,B,1,False,False
335,09:33:13.000,09:33:11.000,09:33:13.000,2,23395.6000,23395.6000,23395.5000,23395.5000,845,-0.1000,117.9000,-0.83023255813953488372093023,124.46666666666666666666666667,1.21666666666666666666666667,Other,,0,False,False
336,09:33:23.000,09:33:13.000,09:33:23.000,10,23395.5000,23403.0000,23395.5000,23400.4000,1040,4.9000,120.0600,2.1600,121.7700,-2.69666666666666666666666667,Other,,0,False,False
337,09:33:30.000,09:33:23.000,09:33:30.000,7,23400.4000,23401.0000,23396.0000,23396.0000,1235,-4.4000,119.11956521739130434782608696,-0.94043478260869565217391304,122.8540,1.0840,Other,,0,False,False
338,09:33:31.000,09:33:30.000,09:33:31.000,1,23396.0000,23398.9000,23396.0000,23396.5000,780,0.5000,118.5000,-0.61956521739130434782608696,123.3500,0.4960,A,A,1,False,False
339,09:33:36.000,09:33:31.000,09:33:36.000,5,23396.5000,23397.7000,23395.5000,23396.9000,1300,0.4000,118.74375,0.24375,123.00625,-0.34375,Other,,0,False,False
340,09:33:36.000,09:33:36.000,09:33:36.000,0,23396.9000,23396.9000,23396.9000,23396.9000,650,0.0000,,,,,Other,,0,False,False
341,09:33:38.000,09:33:37.000,09:33:38.000,1,23398.4000,23398.4000,23396.4000,23396.4000,1430,-0.5000,118.01666666666666666666666667,,123.7250,,Other,,0,False,False
342,09:33:38.000,09:33:38.000,09:33:38.000,0,23396.4000,23396.4000,23396.4000,23396.4000,780,0.0000,,,,,Other,,0,False,False
343,09:33:40.000,09:33:39.000,09:33:40.000,1,23395.5000,23395.5000,23395.5000,23395.5000,715,-0.9000,117.2250,,124.7250,,Other,,0,False,False
344,09:33:41.000,09:33:40.000,09:33:41.000,1,23395.5000,23395.5000,23394.7000,23394.7000,1560,-0.8000,117.1000,-0.1250,124.9500,0.2250,Other,,0,False,False
345,09:33:41.000,09:33:41.000,09:33:41.000,0,23394.7000,23394.7000,23394.7000,23394.7000,910,0.0000,,,,,Other,,0,False,False
346,09:33:45.000,09:33:43.000,09:33:45.000,2,23397.5000,23397.5000,23394.0000,23394.4000,975,-0.3000,117.4700,,124.4700,,Other,,0,False,False
347,09:33:51.000,09:33:45.000,09:33:51.000,6,23394.4000,23400.0000,23394.0000,23397.2000,845,2.8000,118.08888888888888888888888889,0.61888888888888888888888889,123.6000,-0.8700,Other,,0,False,False
348,09:33:53.000,09:33:51.000,09:33:53.000,2,23397.2000,23398.6000,23395.0000,23395.0000,910,-2.2000,117.76666666666666666666666667,-0.32222222222222222222222222,123.58333333333333333333333333,-0.01666666666666666666666667,Other,,0,False,False
349,09:33:58.000,09:33:53.000,09:33:58.000,5,23395.0000,23400.0000,23395.0000,23400.0000,1755,5.0000,118.1750,0.40833333333333333333333333,123.0250,-0.55833333333333333333333333,Other,,0,False,False
350,09:33:58.000,09:33:58.000,09:33:58.000,0,23400.0000,23400.0000,23400.0000,23400.0000,1105,0.0000,,,,,Other,,0,False,False
351,09:34:05.000,09:34:00.000,09:34:05.000,5,23400.0000,23400.9000,23397.6000,23400.9000,650,0.9000,119.14210526315789473684210526,,122.10263157894736842105263158,,Other,,0,False,False
352,09:34:38.000,09:34:05.000,09:34:38.000,33,23400.9000,23401.1000,23397.4000,23401.1000,715,0.2000,119.09639175257731958762886598,-0.04571351058057514921323928,122.14226804123711340206185567,0.03963646228974498100922409,A,A,1,False,False
353,09:34:45.000,09:34:38.000,09:34:45.000,7,23401.1000,23402.4000,23401.1000,23402.4000,910,1.3000,120.53333333333333333333333333,1.43694158075601374570446735,120.7000,-1.44226804123711340206185567,Other,,0,False,False
354,09:34:46.000,09:34:45.000,09:34:46.000,1,23402.4000,23404.1000,23402.4000,23404.1000,1365,1.7000,121.4000,0.86666666666666666666666667,119.9500,-0.7500,Other,,0,False,False
355,09:34:46.000,09:34:46.000,09:34:46.000,0,23404.1000,23404.1000,23404.1000,23404.1000,715,0.0000,,,,,Other,,0,False,False
356,09:34:48.000,09:34:46.000,09:34:48.000,2,23402.8000,23402.8000,23401.2000,23401.2000,715,-2.9000,121.36666666666666666666666667,,119.8500,,Other,,0,False,False
357,09:34:55.000,09:34:48.000,09:34:55.000,7,23401.2000,23406.0000,23401.2000,23405.0000,715,3.8000,121.58636363636363636363636364,0.21969696969696969696969697,119.49090909090909090909090909,-0.35909090909090909090909091,Other,,0,False,False
358,09:34:58.000,09:34:55.000,09:34:58.000,3,23405.0000,23405.0000,23402.1000,23402.1000,975,-2.9000,121.1200,-0.46636363636363636363636364,120.0900,0.59909090909090909090909091,Other,,0,False,False
359,09:35:00.000,09:34:58.000,09:35:00.000,2,23402.1000,23403.3000,23401.9000,23401.9000,1300,-0.2000,122.01428571428571428571428571,0.89428571428571428571428571,119.20714285714285714285714286,-0.88285714285714285714285714,B,B,1,False,False
360,09:35:00.000,09:35:00.000,09:35:00.000,0,23401.9000,23401.9000,23401.9000,23401.9000,650,0.0000,,,,,Other,,0,False,False
361,09:35:01.000,09:35:00.000,09:35:01.000,1,23401.9000,23405.4000,23401.9000,23405.4000,1170,3.5000,122.9750,,117.8250,,Other,,0,False,False
362,09:35:03.000,09:35:01.000,09:35:03.000,2,23405.4000,23408.2000,23405.0000,23405.0000,1105,-0.4000,123.48333333333333333333333333,0.50833333333333333333333333,117.71666666666666666666666667,-0.10833333333333333333333333,B,B,1,False,False
363,09:35:05.000,09:35:03.000,09:35:05.000,2,23405.0000,23405.7000,23404.7000,23404.7000,975,-0.3000,123.2500,-0.23333333333333333333333333,117.78333333333333333333333333,0.06666666666666666666666666,Other,,0,False,False
364,09:35:08.000,09:35:05.000,09:35:08.000,3,23404.7000,23406.3000,23404.7000,23406.3000,780,1.6000,123.3000,0.0500,117.3600,-0.42333333333333333333333333,Other,,0,False,False
365,09:35:10.000,09:35:08.000,09:35:10.000,2,23406.3000,23406.3000,23400.9000,23400.9000,1300,-5.4000,122.81666666666666666666666667,-0.48333333333333333333333333,117.96666666666666666666666667,0.60666666666666666666666667,Other,,0,False,False
366,09:35:10.000,09:35:10.000,09:35:10.000,0,23400.9000,23400.9000,23400.9000,23400.9000,650,0.0000,,,,,Other,,0,False,False
367,09:35:11.000,09:35:10.000,09:35:11.000,1,23409.0000,23410.0000,23409.0000,23410.0000,780,9.1000,122.7250,,118.1000,,Other,,0,False,False
368,09:35:15.000,09:35:11.000,09:35:15.000,4,23410.0000,23410.0000,23410.0000,23410.0000,1495,0.0000,123.6750,0.9500,117.5250,-0.5750,Other,,0,False,False
369,09:35:15.000,09:35:15.000,09:35:15.000,0,23410.0000,23410.0000,23410.0000,23410.0000,845,0.0000,,,,,Other,,0,False,False
370,09:35:16.000,09:35:15.000,09:35:16.000,1,23407.8000,23409.0000,23407.8000,23408.7000,1755,-1.3000,123.9250,,117.0750,,Other,,0,False,False
371,09:35:16.000,09:35:16.000,09:35:16.000,0,23408.7000,23408.7000,23408.7000,23408.7000,1105,0.0000,,,,,Other,,0,False,False
372,09:35:18.000,09:35:17.000,09:35:18.000,1,23408.1000,23409.9000,23408.1000,23409.9000,1170,1.2000,123.93333333333333333333333333,,117.06666666666666666666666667,,Other,,0,False,False
373,09:35:20.000,09:35:18.000,09:35:20.000,2,23409.9000,23409.9000,23405.3000,23405.3000,780,-4.6000,123.76666666666666666666666667,-0.16666666666666666666666666,117.56666666666666666666666667,0.50000000000000000000000000,Other,,0,False,False
374,09:35:26.000,09:35:20.000,09:35:26.000,6,23405.3000,23410.0000,23405.3000,23406.8000,650,1.5000,124.4700,0.70333333333333333333333333,116.7650,-0.80166666666666666666666667,Other,,0,False,False
375,09:35:33.000,09:35:26.000,09:35:33.000,7,23406.8000,23406.9000,23406.4000,23406.4000,975,-0.4000,123.72857142857142857142857143,-0.74142857142857142857142857,117.39130434782608695652173913,0.62630434782608695652173913,Other,,0,False,False
376,09:35:35.000,09:35:33.000,09:35:35.000,2,23406.4000,23409.9000,23403.3000,23409.9000,650,3.5000,121.98333333333333333333333333,-1.74523809523809523809523810,119.7000,2.30869565217391304347826087,A,A,1,False,False
377,09:35:43.000,09:35:35.000,09:35:43.000,8,23409.9000,23410.0000,23399.8000,23399.8000,1560,-10.1000,121.72083333333333333333333333,-0.26250000000000000000000000,120.26666666666666666666666667,0.56666666666666666666666667,Other,,0,False,False
378,09:35:43.000,09:35:43.000,09:35:43.000,0,23399.8000,23399.8000,23399.8000,23399.8000,910,0.0000,,,,,Other,,0,False,False
379,09:35:48.000,09:35:44.000,09:35:48.000,4,23401.9000,23401.9000,23399.0000,23399.6000,1495,-0.2000,120.23125,,122.0500,,Other,,0,False,False
380,09:35:48.000,09:35:48.000,09:35:48.000,0,23399.6000,23399.6000,23399.6000,23399.6000,845,0.0000,,,,,Other,,0,False,False
381,09:35:50.000,09:35:48.000,09:35:50.000,2,23400.1000,23400.1000,23397.4000,23397.4000,1300,-2.2000,120.01666666666666666666666667,,122.1500,,Other,,0,False,False
382,09:35:50.000,09:35:50.000,09:35:50.000,0,23397.4000,23397.4000,23397.4000,23397.4000,650,0.0000,,,,,Other,,0,False,False
383,09:35:55.000,09:35:51.000,09:35:55.000,4,23397.4000,23399.7000,23397.4000,23397.4000,2600,0.0000,119.4750,,122.53125,,Other,,0,False,False
384,09:35:55.000,09:35:55.000,09:35:55.000,0,23397.4000,23397.4000,23397.4000,23397.4000,1950,0.0000,,,,,Other,,0,False,False
385,09:35:56.000,09:35:56.000,09:35:56.000,0,23397.4000,23397.4000,23397.4000,23397.4000,1300,0.0000,119.3500,,122.6750,,Other,,0,False,False
386,09:35:56.000,09:35:56.000,09:35:56.000,0,23397.4000,23397.4000,23397.4000,23397.4000,650,0.0000,,,,,Other,,0,False,False
387,09:36:18.000,09:35:58.000,09:36:18.000,20,23397.4000,23405.0000,23397.4000,23397.4000,715,0.0000,121.57089552238805970149253731,,120.69552238805970149253731343,,Other,,0,False,False
388,09:36:31.000,09:36:18.000,09:36:31.000,13,23397.4000,23405.0000,23397.0000,23397.0000,1105,-0.4000,120.27857142857142857142857143,-1.29232409381663113006396588,122.68048780487804878048780488,1.98496541681834728795049145,Other,,0,False,False
389,09:36:33.000,09:36:31.000,09:36:33.000,2,23397.0000,23397.0000,23393.6000,23395.2000,1885,-1.8000,118.41666666666666666666666667,-1.86190476190476190476190476,124.26666666666666666666666667,1.58617886178861788617886179,Other,,0,False,False
390,09:36:33.000,09:36:33.000,09:36:33.000,0,23395.2000,23395.2000,23395.2000,23395.2000,1235,0.0000,,,,,Other,,0,False,False
391,09:36:34.000,09:36:33.000,09:36:34.000,1,23394.4000,23402.3000,23394.4000,23394.8000,1950,-0.4000,118.2000,,124.9250,,Other,,0,False,False
392,09:36:34.000,09:36:34.000,09:36:34.000,0,23394.8000,23394.8000,23394.8000,23394.8000,1300,0.0000,,,,,Other,,0,False,False
393,09:36:35.000,09:36:35.000,09:36:35.000,0,23394.4000,23394.4000,23394.4000,23394.4000,650,-0.4000,118.3000,,124.6500,,Other,,0,False,False
394,09:36:43.000,09:36:35.000,09:36:43.000,8,23394.4000,23395.5000,23392.0000,23392.0000,650,-2.4000,117.71666666666666666666666667,-0.58333333333333333333333333,125.11153846153846153846153846,0.46153846153846153846153846,Other,,0,False,False
395,09:36:46.000,09:36:43.000,09:36:46.000,3,23392.0000,23394.4000,23390.7000,23390.7000,2015,-1.3000,116.4400,-1.27666666666666666666666667,126.6250,1.51346153846153846153846154,Other,,0,False,False
396,09:36:46.000,09:36:46.000,09:36:46.000,0,23390.7000,23390.7000,23390.7000,23390.7000,1365,0.0000,,,,,Other,,0,False,False
397,09:36:47.000,09:36:47.000,09:36:47.000,0,23391.5000,23391.5000,23391.5000,23391.5000,715,0.8000,116.6000,,126.6000,,Other,,0,False,False
398,09:36:48.000,09:36:47.000,09:36:48.000,1,23391.5000,23392.5000,23391.5000,23392.5000,715,1.0000,117.6500,1.0500,125.8000,-0.8000,Other,,0,False,False
399,09:36:53.000,09:36:48.000,09:36:53.000,5,23392.5000,23392.5000,23390.2000,23390.2000,780,-2.3000,117.21875,-0.43125,125.69375,-0.10625,Other,,0,False,False
400,09:37:30.000,09:36:53.000,09:37:30.000,37,23390.2000,23408.1000,23390.2000,23401.0000,715,10.8000,120.45614754098360655737704918,3.23739754098360655737704918,121.1900,-4.50375,Other,,0,False,False
401,09:37:43.000,09:37:30.000,09:37:43.000,13,23401.0000,23409.0000,23401.0000,23403.7000,1040,2.7000,121.0100,0.55385245901639344262295082,119.2000,-1.9900,Other,,0,False,False
402,09:37:44.000,09:37:43.000,09:37:44.000,1,23403.7000,23405.2000,23403.7000,23403.7000,650,0.0000,121.2500,0.2400,,,Other,,0,False,False
403,09:37:59.000,09:37:44.000,09:37:59.000,15,23403.7000,23408.0000,23400.0000,23401.4000,650,-2.3000,121.73409090909090909090909091,0.48409090909090909090909091,118.38913043478260869565217391,,Other,,0,False,False
404,09:38:21.000,09:37:59.000,09:38:21.000,22,23401.4000,23408.0000,23401.0000,23405.8000,650,4.4000,122.44076923076923076923076923,0.70667832167832167832167832,117.60724637681159420289855072,-0.78188405797101449275362319,Other,,0,False,False
405,09:38:36.000,09:38:21.000,09:38:36.000,15,23405.8000,23407.1000,23404.1000,23406.5000,715,0.7000,121.87142857142857142857142857,-0.56934065934065934065934066,118.39468085106382978723404255,0.78743447425223558433549183,A,A,1,False,False
406,09:38:51.000,09:38:36.000,09:38:51.000,15,23406.5000,23408.0000,23402.2000,23405.3000,650,-1.2000,121.0875,-0.78392857142857142857142857,119.2750,0.88031914893617021276595745,Other,,0,False,False
407,09:39:06.000,09:38:51.000,09:39:06.000,15,23405.3000,23405.3000,23402.0000,23404.3000,715,-1.0000,121.81326530612244897959183673,0.72576530612244897959183673,118.6000,-0.6750,B,B,1,False,False
408,09:39:09.000,09:39:06.000,09:39:09.000,3,23404.3000,23404.3000,23402.5000,23403.9000,650,-0.4000,121.9300,0.11673469387755102040816327,118.4400,-0.1600,B,B,2,False,True
409,09:39:14.000,09:39:09.000,09:39:14.000,5,23403.9000,23405.5000,23403.5000,23403.6000,715,-0.3000,121.84375,-0.08625,118.5875,0.1475,Other,,0,False,False
410,09:39:22.000,09:39:14.000,09:39:22.000,8,23403.6000,23408.0000,23401.0000,23401.7000,715,-1.9000,120.72083333333333333333333333,-1.12291666666666666666666667,119.8250,1.2375,Other,,0,False,False
411,09:39:32.000,09:39:22.000,09:39:32.000,10,23401.7000,23408.2000,23400.2000,23400.2000,845,-1.5000,120.08793103448275862068965517,-0.63290229885057471264367816,120.51969696969696969696969697,0.69469696969696969696969697,Other,,0,False,False
412,09:39:36.000,09:39:32.000,09:39:36.000,4,23400.2000,23401.3000,23400.2000,23401.3000,650,1.1000,120.07857142857142857142857143,-0.00935960591133004926108374,120.7250,0.20530303030303030303030303,A,A,1,False,False
413,09:39:42.000,09:39:36.000,09:39:42.000,6,23401.3000,23406.7000,23400.0000,23400.0000,910,-1.3000,119.7450,-0.33357142857142857142857143,121.2200,0.4950,Other,,0,False,False
414,09:39:59.000,09:39:42.000,09:39:59.000,17,23400.0000,23400.0000,23397.0000,23397.5000,650,-2.5000,118.47222222222222222222222222,-1.27277777777777777777777778,122.51296296296296296296296296,1.29296296296296296296296296,Other,,0,False,False
415,09:40:11.000,09:39:59.000,09:40:11.000,12,23397.5000,23404.0000,23397.0000,23404.0000,715,6.5000,119.68717948717948717948717949,1.21495726495726495726495727,121.21621621621621621621621622,-1.29674674674674674674674674,Other,,0,False,False
416,09:40:17.000,09:40:11.000,09:40:17.000,6,23404.0000,23404.3000,23402.5000,23403.0000,715,-1.0000,121.5150,1.82782051282051282051282051,119.0100,-2.20621621621621621621621622,B,B,1,False,False
417,09:40:22.000,09:40:17.000,09:40:22.000,5,23403.0000,23403.6000,23403.0000,23403.6000,975,0.6000,121.7750,0.2600,118.33125,-0.67875,Other,,0,False,False
418,09:40:27.000,09:40:22.000,09:40:27.000,5,23403.6000,23405.2000,23403.6000,23405.2000,1365,1.6000,122.1375,0.3625,117.84375,-0.48750,Other,,0,False,False
419,09:40:27.000,09:40:27.000,09:40:27.000,0,23405.2000,23405.2000,23405.2000,23405.2000,715,0.0000,,,,,Other,,0,False,False
420,09:40:45.000,09:40:28.000,09:40:45.000,17,23406.0000,23409.0000,23404.2000,23404.2000,1170,-1.0000,122.68245614035087719298245614,,117.20660377358490566037735849,,Other,,0,False,False
421,09:40:47.000,09:40:45.000,09:40:47.000,2,23404.2000,23404.2000,23403.3000,23403.4000,845,-0.8000,121.78333333333333333333333333,-0.89912280701754385964912281,118.1500,0.94339622641509433962264151,Other,,0,False,False
422,09:40:52.000,09:40:47.000,09:40:52.000,5,23403.4000,23403.9000,23403.1000,23403.1000,650,-0.3000,121.59375,-0.18958333333333333333333333,118.47142857142857142857142857,0.32142857142857142857142857,Other,,0,False,False
423,09:41:10.000,09:40:52.000,09:41:10.000,18,23403.1000,23404.5000,23401.0000,23401.0000,780,-2.1000,121.58070175438596491228070175,-0.01304824561403508771929825,118.38947368421052631578947368,-0.08195488721804511278195489,Other,,0,False,False
424,09:41:19.000,09:41:10.000,09:41:19.000,9,23401.0000,23403.2000,23401.0000,23402.5000,650,1.5000,121.07692307692307692307692308,-0.50377867746288798920377867,118.91428571428571428571428571,0.52481203007518796992481203,A,A,1,False,False
425,09:41:25.000,09:41:19.000,09:41:25.000,6,23402.5000,23403.7000,23401.0000,23403.7000,650,1.2000,121.3000,0.22307692307692307692307692,118.76111111111111111111111111,-0.15317460317460317460317460,Other,,0,False,False
426,09:41:32.000,09:41:25.000,09:41:32.000,7,23403.7000,23405.2000,23403.0000,23405.1000,715,1.4000,121.87368421052631578947368421,0.57368421052631578947368421,118.0000,-0.76111111111111111111111111,Other,,0,False,False
427,09:41:40.000,09:41:32.000,09:41:40.000,8,23405.1000,23405.1000,23403.7000,23403.7000,715,-1.4000,121.73333333333333333333333333,-0.14035087719298245614035088,118.28461538461538461538461538,0.28461538461538461538461538,Other,,0,False,False
428,09:41:59.000,09:41:40.000,09:41:59.000,19,23403.7000,23403.9000,23400.2000,23403.9000,845,0.2000,121.43392857142857142857142857,-0.29940476190476190476190476,118.44310344827586206896551724,0.15848806366047745358090186,A,A,1,False,False
429,09:42:12.000,09:41:59.000,09:42:12.000,13,23403.9000,23405.1000,23403.9000,23404.4000,650,0.5000,121.98648648648648648648648649,0.55255791505791505791505792,117.61923076923076923076923077,-0.82387267904509283819628647,Other,,0,False,False
430,09:42:25.000,09:42:12.000,09:42:25.000,13,23404.4000,23409.0000,23404.4000,23409.0000,1170,4.6000,123.5047619047619047619047619,1.51827541827541827541827541,115.76388888888888888888888889,-1.85534188034188034188034188,Other,,0,False,False
431,09:42:27.000,09:42:25.000,09:42:27.000,2,23409.0000,23409.0000,23409.0000,23409.0000,1365,0.0000,124.4000,0.8952380952380952380952381,114.28333333333333333333333333,-1.48055555555555555555555556,Other,,0,False,False
432,09:42:27.000,09:42:27.000,09:42:27.000,0,23409.0000,23409.0000,23409.0000,23409.0000,715,0.0000,,,,,Other,,0,False,False
433,09:42:30.000,09:42:28.000,09:42:30.000,2,23409.0000,23409.0000,23409.0000,23409.0000,1820,0.0000,124.14090909090909090909090909,,114.48181818181818181818181818,,Other,,0,False,False
434,09:42:30.000,09:42:30.000,09:42:30.000,0,23409.0000,23409.0000,23409.0000,23409.0000,1170,0.0000,,,,,Other,,0,False,False
435,09:42:38.000,09:42:32.000,09:42:38.000,6,23405.0000,23409.0000,23404.0000,23404.0000,910,-5.0000,122.98181818181818181818181818,,115.60909090909090909090909091,,Other,,0,False,False
436,09:42:50.000,09:42:38.000,09:42:50.000,12,23404.0000,23410.0000,23404.0000,23409.0000,650,5.0000,122.4500,-0.53181818181818181818181818,116.00833333333333333333333333,0.39924242424242424242424242,A,A,1,False,False
437,09:43:23.000,09:42:50.000,09:43:23.000,33,23409.0000,23410.0000,23404.0000,23404.5000,845,-4.5000,121.81308411214953271028037383,-0.63691588785046728971962617,117.12803738317757009345794393,1.11970404984423676012461060,Other,,0,False,False
438,09:43:28.000,09:43:23.000,09:43:28.000,5,23404.5000,23404.6000,23404.5000,23404.6000,1300,0.1000,121.0125,-0.80058411214953271028037383,118.1750,1.04696261682242990654205607,A,A,1,False,False
439,09:43:28.000,09:43:28.000,09:43:28.000,0,23404.6000,23404.6000,23404.6000,23404.6000,650,0.0000,,,,,Other,,0,False,False
440,09:43:32.000,09:43:29.000,09:43:32.000,3,23404.0000,23404.0000,23403.0000,23403.0000,780,-1.6000,120.66666666666666666666666667,,118.7900,,Other,,0,False,False
441,09:44:00.000,09:43:32.000,09:44:00.000,28,23403.0000,23403.8000,23401.6000,23403.8000,650,0.8000,120.87471910112359550561797753,0.20805243445692883895131086,118.06179775280898876404494382,-0.72820224719101123595505618,Other,,0,False,False
442,09:44:11.000,09:44:00.000,09:44:11.000,11,23403.8000,23409.0000,23403.0000,23404.0000,780,0.2000,120.90555555555555555555555556,0.03083645443196004993757803,117.8875,-0.17429775280898876404494382,Other,,0,False,False
443,09:44:13.000,09:44:11.000,09:44:13.000,2,23404.0000,23404.0000,23404.0000,23404.0000,715,0.0000,120.2000,-0.70555555555555555555555556,118.6500,0.7625,Other,,0,False,False
444,09:44:16.000,09:44:13.000,09:44:16.000,3,23404.0000,23404.0000,23402.6000,23402.6000,1755,-1.4000,120.3900,0.1900,118.6625,0.0125,Other,,0,False,False
445,09:44:16.000,09:44:16.000,09:44:16.000,0,23402.6000,23402.6000,23402.6000,23402.6000,1105,0.0000,,,,,Other,,0,False,False
446,09:44:18.000,09:44:17.000,09:44:18.000,1,23400.0000,23400.0000,23397.3000,23397.3000,650,-5.3000,119.9000,,119.03333333333333333333333333,,Other,,0,False,False
447,09:44:20.000,09:44:18.000,09:44:20.000,2,23397.3000,23397.3000,23397.3000,23397.3000,1430,0.0000,119.68333333333333333333333333,-0.21666666666666666666666667,119.21666666666666666666666667,0.18333333333333333333333334,Other,,0,False,False
448,09:44:20.000,09:44:20.000,09:44:20.000,0,23397.3000,23397.3000,23397.3000,23397.3000,780,0.0000,,,,,Other,,0,False,False
449,09:44:33.000,09:44:21.000,09:44:33.000,12,23397.3000,23404.1000,23397.0000,23404.1000,715,6.8000,119.8593023255813953488372093,,118.90243902439024390243902439,,Other,,0,False,False
450,09:45:03.000,09:44:33.000,09:45:03.000,30,23404.1000,23410.0000,23399.7000,23410.0000,975,5.9000,121.24831460674157303370786517,1.38901228116017768487065587,117.14117647058823529411764706,-1.76126255380200860832137733,Other,,0,False,False
451,09:45:06.000,09:45:03.000,09:45:06.000,3,23410.0000,23410.0000,23402.4000,23402.4000,975,-7.6000,122.5300,1.28168539325842696629213483,115.6000,-1.54117647058823529411764706,B,B,1,False,False
452,09:45:13.000,09:45:06.000,09:45:13.000,7,23402.4000,23410.0000,23402.4000,23410.0000,2145,7.6000,124.14545454545454545454545455,1.61545454545454545454545455,114.05454545454545454545454545,-1.54545454545454545454545455,Other,,0,False,False
453,09:45:13.000,09:45:13.000,09:45:13.000,0,23410.0000,23410.0000,23410.0000,23410.0000,1495,0.0000,,,,,Other,,0,False,False
454,09:45:15.000,09:45:15.000,09:45:15.000,0,23410.0000,23410.0000,23410.0000,23410.0000,910,0.0000,124.9000,,113.4250,,Other,,0,False,False
455,09:45:18.000,09:45:15.000,09:45:18.000,3,23410.0000,23410.9000,23410.0000,23410.9000,780,0.9000,125.3375,0.4375,112.8625,-0.5625,Other,,0,False,False
456,09:45:28.000,09:45:18.000,09:45:28.000,10,23410.9000,23410.9000,23410.0000,23410.0000,2535,-0.9000,125.02352941176470588235294118,-0.31397058823529411764705882,113.15625,0.29375,Other,,0,False,False
457,09:45:28.000,09:45:28.000,09:45:28.000,0,23410.0000,23410.0000,23410.0000,23410.0000,1885,0.0000,,,,,Other,,0,False,False
458,09:45:30.000,09:45:30.000,09:45:30.000,0,23410.0000,23410.0000,23410.0000,23410.0000,1235,0.0000,124.56666666666666666666666667,,114.03333333333333333333333333,,Other,,0,False,False
459,09:45:31.000,09:45:30.000,09:45:31.000,1,23410.0000,23410.9000,23410.0000,23410.9000,780,0.9000,124.9000,0.33333333333333333333333333,113.4000,-0.63333333333333333333333333,Other,,0,False,False
460,09:45:35.000,09:45:31.000,09:45:35.000,4,23410.9000,23410.9000,23410.9000,23410.9000,4485,0.0000,124.60833333333333333333333333,-0.29166666666666666666666667,114.03571428571428571428571429,0.63571428571428571428571429,Other,,0,False,False
461,09:45:35.000,09:45:35.000,09:45:35.000,0,23410.9000,23410.9000,23410.9000,23410.9000,3835,0.0000,,,,,Other,,0,False,False
462,09:45:36.000,09:45:36.000,09:45:36.000,0,23410.9000,23410.9000,23410.9000,23410.9000,3185,0.0000,124.9000,,113.7500,,Other,,0,False,False
463,09:45:36.000,09:45:36.000,09:45:36.000,0,23410.9000,23410.9000,23410.9000,23410.9000,2535,0.0000,,,,,Other,,0,False,False
464,09:45:36.000,09:45:36.000,09:45:36.000,0,23410.9000,23410.9000,23410.9000,23410.9000,2015,0.0000,,,,,Other,,0,False,False
465,09:45:36.000,09:45:36.000,09:45:36.000,0,23410.9000,23410.9000,23410.9000,23410.9000,1365,0.0000,,,,,Other,,0,False,False
466,09:45:38.000,09:45:38.000,09:45:38.000,0,23410.9000,23410.9000,23410.9000,23410.9000,715,0.0000,124.2750,,114.1250,,Other,,0,False,False
467,09:45:55.000,09:45:38.000,09:45:55.000,17,23410.9000,23410.9000,23406.0000,23410.9000,1235,0.0000,122.80384615384615384615384615,-1.47115384615384615384615385,115.9600,1.8350,Other,,0,False,False
468,09:46:06.000,09:45:55.000,09:46:06.000,11,23410.9000,23410.9000,23410.4000,23410.4000,1105,-0.5000,121.77714285714285714285714286,-1.02670329670329670329670329,116.86969696969696969696969697,0.90969696969696969696969697,Other,,0,False,False
469,09:46:13.000,09:46:06.000,09:46:13.000,7,23410.4000,23410.4000,23401.5000,23401.5000,845,-8.9000,121.58181818181818181818181818,-0.19532467532467532467532468,116.8700,0.00030303030303030303030303,Other,,0,False,False
470,09:47:55.000,09:46:13.000,09:47:55.000,102,23401.5000,23411.0000,23401.5000,23411.0000,650,9.5000,122.4078125,0.82599431818181818181818182,116.09652996845425867507886435,-0.77347003154574132492113565,Other,,0,False,False
471,09:48:28.000,09:47:55.000,09:48:28.000,33,23411.0000,23413.0000,23406.0000,23406.0000,845,-5.0000,124.42277227722772277227722772,2.01495977722772277227722772,113.88316831683168316831683168,-2.21336165162257550676203267,B,B,1,False,False
472,09:48:40.000,09:48:28.000,09:48:40.000,12,23406.0000,23406.0000,23401.0000,23401.0000,975,-5.0000,120.90769230769230769230769231,-3.51507996953541507996953541,117.34390243902439024390243902,3.46073412219270707558560734,Other,,0,False,False
473,09:48:48.000,09:48:40.000,09:48:48.000,8,23401.0000,23401.5000,23399.0000,23399.0000,1365,-2.0000,118.9250,-1.98269230769230769230769231,119.6750,2.33109756097560975609756098,Other,,0,False,False
474,09:48:48.000,09:48:48.000,09:48:48.000,0,23399.0000,23399.0000,23399.0000,23399.0000,715,0.0000,,,,,Other,,0,False,False
475,09:48:55.000,09:48:50.000,09:48:55.000,5,23399.0000,23399.0000,23393.5000,23393.5000,1040,-5.5000,118.2700,,120.4250,,Other,,0,False,False
476,09:48:58.000,09:48:55.000,09:48:58.000,3,23393.5000,23394.6000,23393.5000,23394.6000,1105,1.1000,118.4000,0.1300,120.1125,-0.3125,Other,,0,False,False
477,09:49:11.000,09:48:58.000,09:49:11.000,13,23394.6000,23394.7000,23394.5000,23394.5000,650,-0.1000,117.5000,-0.9000,121.30365853658536585365853659,1.19115853658536585365853659,Other,,0,False,False
478,09:49:20.000,09:49:11.000,09:49:20.000,9,23394.5000,23394.5000,23391.0000,23391.0000,1105,-3.5000,116.55769230769230769230769231,-0.94230769230769230769230769,122.48461538461538461538461538,1.18095684803001876172607879,Other,,0,False,False
479,09:49:23.000,09:49:20.000,09:49:23.000,3,23391.0000,23393.0000,23391.0000,23392.0000,650,1.0000,114.5900,-1.96769230769230769230769231,124.2375,1.75288461538461538461538462,A,A,1,False,False
480,09:49:26.000,09:49:23.000,09:49:26.000,3,23392.0000,23398.4000,23390.5000,23390.5000,715,-1.5000,113.8600,-0.7300,124.8300,0.5925,Other,,0,False,False
481,09:49:28.000,09:49:26.000,09:49:28.000,2,23390.5000,23390.5000,23386.7000,23386.7000,1885,-3.8000,112.86666666666666666666666667,-0.99333333333333333333333333,126.1500,1.3200,Other,,0,False,False
482,09:49:28.000,09:49:28.000,09:49:28.000,0,23386.7000,23386.7000,23386.7000,23386.7000,1235,0.0000,,,,,Other,,0,False,False
483,09:49:30.000,09:49:29.000,09:49:30.000,1,23389.4000,23390.0000,23389.4000,23390.0000,780,3.3000,114.17142857142857142857142857,,124.78333333333333333333333333,,Other,,0,False,False
484,09:49:42.000,09:49:30.000,09:49:42.000,12,23390.0000,23390.0000,23386.0000,23386.0000,650,-4.0000,113.62368421052631578947368421,-0.54774436090225563909774436,125.76315789473684210526315789,0.97982456140350877192982456,Other,,0,False,False
485,09:49:47.000,09:49:42.000,09:49:47.000,5,23386.0000,23386.0000,23385.0000,23385.0000,910,-1.0000,111.9750,-1.64868421052631578947368421,127.40625,1.64309210526315789473684211,Other,,0,False,False
486,09:49:55.000,09:49:47.000,09:49:55.000,8,23385.0000,23386.0000,23385.0000,23385.1000,650,0.1000,112.7250,0.7500,126.43076923076923076923076923,-0.97548076923076923076923077,Other,,0,False,False
487,09:50:11.000,09:49:55.000,09:50:11.000,16,23385.1000,23401.7000,23385.1000,23387.1000,715,2.0000,115.0886792452830188679245283,2.3636792452830188679245283,124.31063829787234042553191489,-2.12013093289689034369885434,Other,,0,False,False
488,09:50:13.000,09:50:11.000,09:50:13.000,2,23387.1000,23388.2000,23387.1000,23388.2000,650,1.1000,116.08333333333333333333333333,0.99465408805031446540880503,123.73333333333333333333333333,-0.57730496453900709219858156,Other,,0,False,False
489,09:51:05.000,09:50:13.000,09:51:05.000,52,23388.2000,23390.0000,23385.3000,23390.0000,650,1.8000,114.67835365853658536585365854,-1.40497967479674796747967479,125.84451219512195121951219512,2.11117886178861788617886179,A,A,1,False,False
490,09:51:08.000,09:51:05.000,09:51:08.000,3,23390.0000,23394.2000,23385.0000,23394.2000,1040,4.2000,113.0900,-1.58835365853658536585365854,127.8000,1.95548780487804878048780488,A,A,2,True,False
491,09:51:11.000,09:51:08.000,09:51:11.000,3,23394.2000,23394.2000,23385.0000,23393.1000,1820,-1.1000,112.3625,-0.7275,128.5000,0.7000,Other,,0,False,False
492,09:51:11.000,09:51:11.000,09:51:11.000,0,23393.1000,23393.1000,23393.1000,23393.1000,1170,0.0000,,,,,Other,,0,False,False
493,09:51:18.000,09:51:12.000,09:51:18.000,6,23393.1000,23394.7000,23393.1000,23394.7000,2145,1.6000,113.24583333333333333333333333,,127.81666666666666666666666667,,Other,,0,False,False
494,09:51:18.000,09:51:18.000,09:51:18.000,0,23394.7000,23394.7000,23394.7000,23394.7000,1495,0.0000,,,,,Other,,0,False,False
495,09:51:20.000,09:51:20.000,09:51:20.000,0,23394.7000,23394.7000,23394.7000,23394.7000,845,0.0000,113.8000,,126.8500,,Other,,0,False,False
496,09:51:29.000,09:51:20.000,09:51:29.000,9,23394.7000,23395.0000,23382.7000,23395.0000,1820,0.3000,114.33928571428571428571428571,0.53928571428571428571428571,126.41538461538461538461538462,-0.43461538461538461538461538,Other,,0,False,False
497,09:51:29.000,09:51:29.000,09:51:29.000,0,23395.0000,23395.0000,23395.0000,23395.0000,1170,0.0000,,,,,Other,,0,False,False
498,09:51:33.000,09:51:30.000,09:51:33.000,3,23395.0000,23395.0000,23381.8000,23394.9000,1040,-0.1000,113.50454545454545454545454545,,127.27692307692307692307692308,,Other,,0,False,False
499,09:51:38.000,09:51:33.000,09:51:38.000,5,23394.9000,23394.9000,23383.8000,23392.5000,715,-2.4000,112.71875,-0.78579545454545454545454545,128.43888888888888888888888889,1.16196581196581196581196581,Other,,0,False,False
500,09:51:53.000,09:51:38.000,09:51:53.000,15,23392.5000,23393.5000,23382.8000,23382.8000,780,-9.7000,113.22826086956521739130434783,0.50951086956521739130434783,127.57708333333333333333333333,-0.86180555555555555555555556,B,B,1,False,False
501,09:52:08.000,09:51:53.000,09:52:08.000,15,23382.8000,23390.0000,23382.8000,23390.0000,715,7.2000,113.74787234042553191489361702,0.51961147086031452358926919,126.78775510204081632653061224,-0.78932823129251700680272109,Other,,0,False,False
502,09:52:38.000,09:52:08.000,09:52:38.000,30,23390.0000,23390.1000,23382.0000,23390.1000,780,0.1000,113.08556701030927835051546392,-0.66230533011625356437815310,127.51684210526315789473684211,0.72908700322234156820622987,A,A,1,False,False
503,09:53:24.000,09:52:38.000,09:53:24.000,46,23390.1000,23392.0000,23382.0000,23392.0000,715,1.9000,114.36620689655172413793103448,1.28063988624244578741557056,126.15602836879432624113475177,-1.36081373646883165360209034,Other,,0,False,False
504,09:53:46.000,09:53:24.000,09:53:46.000,22,23392.0000,23392.0000,23386.0000,23387.0000,845,-5.0000,114.20144927536231884057971014,-0.16475762118940529735132434,126.52753623188405797101449275,0.37150786308973172987974098,Other,,0,False,False
505,09:54:01.000,09:53:46.000,09:54:01.000,15,23387.0000,23387.0000,23383.5000,23385.4000,715,-1.6000,112.65531914893617021276595745,-1.54613012642614862781375269,128.79387755102040816326530612,2.26634131913635019225081337,Other,,0,False,False
506,09:54:04.000,09:54:01.000,09:54:04.000,3,23385.4000,23385.4000,23383.5000,23383.5000,910,-1.9000,111.7300,-0.92531914893617021276595745,129.8300,1.03612244897959183673469388,Other,,0,False,False
507,09:54:06.000,09:54:04.000,09:54:06.000,2,23383.5000,23383.5000,23383.5000,23383.5000,1170,0.0000,111.36666666666666666666666667,-0.36333333333333333333333333,130.3500,0.5200,Other,,0,False,False
508,09:54:08.000,09:54:06.000,09:54:08.000,2,23383.5000,23383.5000,23382.2000,23382.2000,3120,-1.3000,110.7750,-0.59166666666666666666666667,131.0625,0.7125,Other,,0,False,False
509,09:54:08.000,09:54:08.000,09:54:08.000,0,23382.2000,23382.2000,23382.2000,23382.2000,2470,0.0000,,,,,Other,,0,False,False
510,09:54:08.000,09:54:08.000,09:54:08.000,0,23381.5000,23381.5000,23381.5000,23381.5000,1820,-0.7000,,,,,Other,,0,False,False
511,09:54:08.000,09:54:08.000,09:54:08.000,0,23381.5000,23381.5000,23381.5000,23381.5000,1170,0.0000,,,,,Other,,0,False,False
512,09:54:09.000,09:54:09.000,09:54:09.000,0,23381.5000,23381.5000,23381.5000,23381.5000,650,0.0000,110.8000,,131.0000,,Other,,0,False,False
513,09:54:13.000,09:54:09.000,09:54:13.000,4,23381.5000,23381.5000,23380.0000,23381.5000,975,0.0000,110.74285714285714285714285714,-0.05714285714285714285714286,130.90833333333333333333333333,-0.09166666666666666666666667,Other,,0,False,False
514,09:54:26.000,09:54:13.000,09:54:26.000,13,23381.5000,23381.5000,23380.0000,23380.0000,845,-1.5000,110.65263157894736842105263158,-0.09022556390977443609022556,131.06315789473684210526315789,0.15482456140350877192982456,Other,,0,False,False
515,09:54:27.000,09:54:26.000,09:54:27.000,1,23380.0000,23380.0000,23376.2000,23376.2000,650,-3.8000,110.3250,-0.32763157894736842105263158,131.4250,0.36184210526315789473684211,Other,,0,False,False
516,09:54:36.000,09:54:27.000,09:54:36.000,9,23376.2000,23379.3000,23376.0000,23376.0000,650,-0.2000,109.69655172413793103448275862,-0.62844827586206896551724138,132.28448275862068965517241379,0.85948275862068965517241379,Other,,0,False,False
517,09:54:42.000,09:54:36.000,09:54:42.000,6,23376.0000,23376.0000,23373.0000,23375.4000,2210,-0.6000,108.6700,-1.02655172413793103448275862,133.5600,1.27551724137931034482758621,Other,,0,False,False
518,09:54:42.000,09:54:42.000,09:54:42.000,0,23375.4000,23375.4000,23375.4000,23375.4000,1560,0.0000,,,,,Other,,0,False,False
519,09:54:43.000,09:54:43.000,09:54:43.000,0,23371.0000,23371.0000,23371.0000,23371.0000,910,-4.4000,134.9500,,110.7000,,Other,,0,False,False
520,09:54:46.000,09:54:43.000,09:54:46.000,3,23371.0000,23371.1000,23371.0000,23371.1000,780,0.1000,135.1700,0.2200,110.3600,-0.3400,Other,,0,False,False
521,09:54:56.000,09:54:46.000,09:54:56.000,10,23371.1000,23374.1000,23371.1000,23374.1000,845,3.0000,135.9125,0.7425,109.1625,-1.1975,Other,,0,False,False
522,09:55:04.000,09:54:56.000,09:55:04.000,8,23374.1000,23385.0000,23374.1000,23375.4000,650,1.3000,110.5300,,130.75185185185185185185185185,,Other,,0,False,False
523,09:55:21.000,09:55:04.000,09:55:21.000,17,23375.4000,23375.9000,23375.4000,23375.8000,650,0.4000,110.6500,0.1200,131.04464285714285714285714286,0.29279100529100529100529101,Other,,0,False,False
524,09:55:24.000,09:55:21.000,09:55:24.000,3,23375.8000,23375.8000,23375.0000,23375.0000,910,-0.8000,137.0300,,108.6400,,Other,,0,False,False
525,09:55:37.000,09:55:24.000,09:55:37.000,13,23375.0000,23385.0000,23375.0000,23375.1000,780,0.1000,109.91341463414634146341463415,,132.15581395348837209302325581,,Other,,0,False,False
526,09:55:49.000,09:55:37.000,09:55:49.000,12,23375.1000,23388.0000,23375.1000,23388.0000,650,12.9000,111.16944444444444444444444444,1.25602981029810298102981029,130.38055555555555555555555556,-1.77525839793281653746770025,Other,,0,False,False
527,09:56:07.000,09:55:49.000,09:56:07.000,18,23388.0000,23390.0000,23380.5000,23383.0000,1495,-5.0000,113.32881355932203389830508475,2.15936911487758945386064031,126.86610169491525423728813559,-3.51445386064030131826741997,B,B,1,False,False
528,09:56:07.000,09:56:07.000,09:56:07.000,0,23383.0000,23383.0000,23383.0000,23383.0000,845,0.0000,,,,,Other,,0,False,False
529,09:56:19.000,09:56:09.000,09:56:19.000,10,23383.0000,23384.2000,23383.0000,23384.2000,650,1.2000,114.19333333333333333333333333,,125.646875,,Other,,0,False,False
530,09:56:34.000,09:56:19.000,09:56:34.000,15,23384.2000,23391.0000,23384.2000,23391.0000,650,6.8000,114.64255319148936170212765957,0.44921985815602836879432624,125.30348837209302325581395349,-0.34338662790697674418604651,Other,,0,False,False
531,09:57:02.000,09:56:34.000,09:57:02.000,28,23391.0000,23394.0000,23386.0000,23391.2000,650,0.2000,115.63390804597701149425287356,0.99135485448764979212521399,123.75172413793103448275862069,-1.55176423416198877305533280,Other,,0,False,False
532,09:57:09.000,09:57:02.000,09:57:09.000,7,23391.2000,23398.9000,23391.2000,23397.0000,1170,5.8000,117.95909090909090909090909091,2.32518286311389759665621735,120.31818181818181818181818182,-3.43354231974921630094043887,Other,,0,False,False
533,09:57:12.000,09:57:09.000,09:57:12.000,3,23397.0000,23398.4000,23394.1000,23394.1000,715,-2.9000,118.3000,0.34090909090909090909090909,119.7800,-0.53818181818181818181818182,B,B,1,False,False
534,09:57:19.000,09:57:12.000,09:57:19.000,7,23394.1000,23395.9000,23393.5000,23395.9000,910,1.8000,116.9600,-1.3400,121.4000,1.6200,A,A,1,False,False
535,09:57:29.000,09:57:19.000,09:57:29.000,10,23395.9000,23399.9000,23395.4000,23399.9000,1430,4.0000,117.6800,0.7200,120.50625,-0.89375,Other,,0,False,False
536,09:57:29.000,09:57:29.000,09:57:29.000,0,23399.9000,23399.9000,23399.9000,23399.9000,780,0.0000,,,,,Other,,0,False,False
537,09:57:39.000,09:57:30.000,09:57:39.000,9,23399.9000,23399.9000,23393.0000,23393.0000,1105,-6.9000,116.81818181818181818181818182,,121.93030303030303030303030303,,Other,,0,False,False
538,09:57:42.000,09:57:39.000,09:57:42.000,3,23393.0000,23394.7000,23393.0000,23393.0000,650,0.0000,116.5400,-0.27818181818181818181818182,122.8900,0.95969696969696969696969697,Other,,0,False,False
539,09:57:45.000,09:57:42.000,09:57:45.000,3,23393.0000,23395.9000,23393.0000,23395.9000,650,2.9000,116.6300,0.0900,122.3900,-0.5000,Other,,0,False,False
540,09:57:54.000,09:57:45.000,09:57:54.000,9,23395.9000,23395.9000,23393.0000,23393.5000,780,-2.4000,116.48928571428571428571428571,-0.14071428571428571428571429,122.67307692307692307692307692,0.28307692307692307692307692,Other,,0,False,False
541,09:57:56.000,09:57:54.000,09:57:56.000,2,23393.5000,23393.5000,23393.1000,23393.1000,650,-0.4000,117.0625,0.57321428571428571428571429,122.3625,-0.31057692307692307692307692,B,B,1,False,False
542,09:58:01.000,09:57:56.000,09:58:01.000,5,23393.1000,23395.0000,23390.0000,23390.0000,1170,-3.1000,115.84333333333333333333333333,-1.21916666666666666666666667,123.87058823529411764705882353,1.50808823529411764705882353,Other,,0,False,False
543,09:58:02.000,09:58:01.000,09:58:02.000,1,23390.0000,23390.0000,23390.0000,23390.0000,845,0.0000,115.3750,-0.46833333333333333333333333,,,Other,,0,False,False
544,09:58:47.000,09:58:02.000,09:58:47.000,45,23390.0000,23399.8000,23390.0000,23397.9000,1170,7.9000,116.31118881118881118881118881,0.93618881118881118881118881,123.17050359712230215827338129,,Other,,0,False,False
545,09:58:49.000,09:58:47.000,09:58:49.000,2,23397.9000,23398.0000,23393.8000,23393.8000,780,-4.1000,117.0000,0.68881118881118881118881119,121.96666666666666666666666667,-1.20383693045563549160671462,B,B,1,False,False
546,09:59:05.000,09:58:49.000,09:59:05.000,16,23393.8000,23398.2000,23393.8000,23394.0000,1040,0.2000,117.28039215686274509803921569,0.28039215686274509803921569,121.67346938775510204081632653,-0.29319727891156462585034014,Other,,0,False,False
547,09:59:14.000,09:59:05.000,09:59:14.000,9,23394.0000,23394.0000,23394.0000,23394.0000,1105,0.0000,118.30357142857142857142857143,1.02317927170868347338935574,120.65714285714285714285714286,-1.01632653061224489795918367,Other,,0,False,False
548,09:59:19.000,09:59:14.000,09:59:19.000,5,23394.0000,23399.0000,23394.0000,23399.0000,650,5.0000,119.09375,0.79017857142857142857142857,119.43125,-1.22589285714285714285714286,Other,,0,False,False
549,09:59:20.000,09:59:19.000,09:59:20.000,1,23399.0000,23399.9000,23399.0000,23399.9000,910,0.9000,119.2000,0.10625,119.2500,-0.18125,Other,,0,False,False
550,09:59:37.000,09:59:20.000,09:59:37.000,17,23399.9000,23399.9000,23399.0000,23399.9000,650,0.0000,118.98272727272727272727272727,-0.21727272727272727272727273,119.12358490566037735849056604,-0.12641509433962264150943396,Other,,0,False,False
551,09:59:44.000,09:59:37.000,09:59:44.000,7,23399.9000,23400.0000,23396.6000,23400.0000,715,0.1000,119.84166666666666666666666667,0.85893939393939393939393940,117.69090909090909090909090909,-1.43267581475128644939965695,Other,,0,False,False
552,10:00:02.000,09:59:44.000,10:00:02.000,18,23400.0000,23403.5000,23400.0000,23403.5000,780,3.5000,120.67631578947368421052631579,0.83464912280701754385964912,116.57830188679245283018867925,-1.11260720411663807890222984,Other,,0,False,False
553,10:00:12.000,10:00:02.000,10:00:12.000,10,23403.5000,23406.5000,23401.8000,23406.5000,650,3.0000,121.2100,0.53368421052631578947368421,116.0700,-0.50830188679245283018867925,Other,,0,False,False
554,10:00:35.000,10:00:12.000,10:00:35.000,23,23406.5000,23410.0000,23402.3000,23410.0000,780,3.5000,122.68802816901408450704225352,1.47802816901408450704225352,114.67391304347826086956521739,-1.39608695652173913043478261,Other,,0,False,False
555,10:00:49.000,10:00:35.000,10:00:49.000,14,23410.0000,23410.0000,23404.3000,23404.3000,1105,-5.7000,123.43181818181818181818181818,0.74379001280409731113956466,114.36590909090909090909090909,-0.30800395256916996047430830,B,B,1,False,False
556,10:00:50.000,10:00:49.000,10:00:50.000,1,23404.3000,23410.0000,23402.2000,23402.2000,1040,-2.1000,120.2750,-3.15681818181818181818181818,117.9750,3.60909090909090909090909091,Other,,0,False,False
557,10:00:59.000,10:00:50.000,10:00:59.000,9,23402.2000,23407.1000,23400.0000,23407.1000,1235,4.9000,120.13571428571428571428571429,-0.13928571428571428571428571,117.98214285714285714285714286,0.00714285714285714285714286,A,A,1,False,False
558,10:01:00.000,10:00:59.000,10:01:00.000,1,23407.1000,23407.1000,23405.6000,23405.6000,1040,-1.5000,121.1400,1.00428571428571428571428571,116.8300,-1.15214285714285714285714286,B,B,1,False,False
559,10:01:07.000,10:01:00.000,10:01:07.000,7,23405.6000,23407.1000,23405.2000,23405.4000,650,-0.2000,121.36818181818181818181818182,0.22818181818181818181818182,115.9500,-0.8800,B,B,2,False,True
560,10:01:39.000,10:01:07.000,10:01:39.000,32,23405.4000,23410.0000,23400.0000,23410.0000,1105,4.6000,121.01262135922330097087378641,-0.35556045895851721094439541,116.60285714285714285714285714,0.65285714285714285714285714,A,A,1,False,False
561,10:01:54.000,10:01:39.000,10:01:54.000,15,23410.0000,23410.0000,23410.0000,23410.0000,715,0.0000,120.96956521739130434782608696,-0.04305614183199662304769945,116.88958333333333333333333333,0.28672619047619047619047619,Other,,0,False,False
562,10:02:09.000,10:01:54.000,10:02:09.000,15,23410.0000,23410.0000,23400.0000,23400.0000,650,-10.0000,120.50714285714285714285714286,-0.46242236024844720496894410,117.62127659574468085106382979,0.73169326241134751773049646,Other,,0,False,False
563,10:02:31.000,10:02:09.000,10:02:31.000,22,23400.0000,23411.0000,23400.0000,23411.0000,1235,11.0000,121.45298507462686567164179104,0.94584221748400852878464818,116.9000,-0.72127659574468085106382979,Other,,0,False,False
564,10:02:32.000,10:02:31.000,10:02:32.000,1,23411.0000,23411.0000,23400.0000,23400.0000,650,-11.0000,119.5000,-1.95298507462686567164179104,118.7500,1.8500,Other,,0,False,False
565,10:02:36.000,10:02:32.000,10:02:36.000,4,23400.0000,23400.6000,23399.2000,23399.2000,1495,-0.8000,119.2000,-0.3000,119.1250,0.3750,Other,,0,False,False
566,10:02:36.000,10:02:36.000,10:02:36.000,0,23399.2000,23399.2000,23399.2000,23399.2000,845,0.0000,,,,,Other,,0,False,False
567,10:03:05.000,10:02:37.000,10:03:05.000,28,23399.2000,23400.0000,23397.6000,23400.0000,715,0.8000,119.27471910112359550561797753,,118.95659340659340659340659341,,Other,,0,False,False
568,10:03:22.000,10:03:05.000,10:03:22.000,17,23400.0000,23405.0000,23399.7000,23399.7000,1105,-0.3000,119.49642857142857142857142857,0.22170947030497592295345104,118.37884615384615384615384615,-0.57774725274725274725274726,B,B,1,False,False
569,10:03:30.000,10:03:22.000,10:03:30.000,8,23399.7000,23405.0000,23399.7000,23405.0000,650,5.3000,122.0240,2.52757142857142857142857143,115.8140,-2.56484615384615384615384615,Other,,0,False,False
570,10:04:02.000,10:03:30.000,10:04:02.000,32,23405.0000,23410.0000,23399.3000,23401.0000,650,-4.0000,121.27741935483870967741935484,-0.74658064516129032258064516,116.4020202020202020202020202,0.5880202020202020202020202,Other,,0,False,False
571,10:04:15.000,10:04:02.000,10:04:15.000,13,23401.0000,23401.3000,23399.6000,23399.6000,650,-1.4000,121.2150,-0.06241935483870967741935484,116.1625,-0.2395202020202020202020202,Other,,0,False,False
572,10:04:34.000,10:04:15.000,10:04:34.000,19,23399.6000,23412.0000,23398.5000,23412.0000,715,12.4000,120.42950819672131147540983607,-0.78549180327868852459016393,116.95555555555555555555555556,0.79305555555555555555555556,A,A,1,False,False
573,10:05:06.000,10:04:34.000,10:05:06.000,32,23412.0000,23412.0000,23401.3000,23412.0000,650,0.0000,122.00050505050505050505050505,1.57099685378373902964066898,115.74263157894736842105263158,-1.21292397660818713450292398,Other,,0,False,False
574,10:05:34.000,10:05:06.000,10:05:34.000,28,23412.0000,23412.0000,23404.2000,23404.8000,650,-7.2000,123.05117647058823529411764706,1.05067142008318478906714201,114.55941176470588235294117647,-1.18321981424148606811145511,B,B,1,False,False
575,10:05:59.000,10:05:34.000,10:05:59.000,25,23404.8000,23404.8000,23403.8000,23403.8000,845,-1.0000,122.54871794871794871794871795,-0.50245852187028657616892911,114.79305555555555555555555556,0.23364379084967320261437909,Other,,0,False,False
576,10:06:01.000,10:05:59.000,10:06:01.000,2,23403.8000,23406.5000,23403.8000,23406.5000,780,2.7000,122.90714285714285714285714286,0.35842490842490842490842491,114.17857142857142857142857143,-0.61448412698412698412698413,Other,,0,False,False
577,10:06:04.000,10:06:01.000,10:06:04.000,3,23406.5000,23406.5000,23406.0000,23406.5000,650,0.0000,123.1000,0.19285714285714285714285714,114.1375,-0.04107142857142857142857143,Other,,0,False,False
578,10:06:22.000,10:06:04.000,10:06:22.000,18,23406.5000,23410.0000,23405.5000,23410.0000,650,3.5000,123.3375,0.2375,114.04642857142857142857142857,-0.09107142857142857142857143,Other,,0,False,False
579,10:06:59.000,10:06:22.000,10:06:59.000,37,23410.0000,23411.0000,23405.0000,23405.0000,715,-5.0000,122.66306306306306306306306306,-0.67443693693693693693693694,114.6045045045045045045045045,0.55807593307593307593307593,Other,,0,False,False
580,10:07:09.000,10:06:59.000,10:07:09.000,10,23405.0000,23405.0000,23401.6000,23401.6000,715,-3.4000,120.02777777777777777777777778,-2.63528528528528528528528528,117.26666666666666666666666667,2.66216216216216216216216217,Other,,0,False,False
581,10:07:22.000,10:07:09.000,10:07:22.000,13,23401.6000,23401.6000,23398.6000,23398.6000,1235,-3.0000,119.27631578947368421052631579,-0.75146198830409356725146199,118.12631578947368421052631579,0.85964912280701754385964912,Other,,0,False,False
582,10:07:24.000,10:07:22.000,10:07:24.000,2,23398.6000,23398.6000,23398.6000,23398.6000,650,0.0000,119.9000,0.62368421052631578947368421,117.43333333333333333333333333,-0.69298245614035087719298246,Other,,0,False,False
583,10:07:44.000,10:07:24.000,10:07:44.000,20,23398.6000,23410.0000,23398.6000,23401.0000,845,2.4000,119.58050847457627118644067797,-0.31949152542372881355932203,117.64761904761904761904761905,0.21428571428571428571428572,A,A,1,False,False
584,10:08:02.000,10:07:44.000,10:08:02.000,18,23401.0000,23401.0000,23395.3000,23395.3000,650,-5.7000,118.39322033898305084745762712,-1.18728813559322033898305085,118.73962264150943396226415094,1.09200359389038634321653189,Other,,0,False,False
585,10:08:19.000,10:08:02.000,10:08:19.000,17,23395.3000,23395.3000,23395.3000,23395.3000,715,0.0000,118.02592592592592592592592593,-0.36729441305712492153170119,118.81111111111111111111111111,0.07148846960167714884696017,Other,,0,False,False
586,10:08:56.000,10:08:19.000,10:08:56.000,37,23395.3000,23407.9000,23395.3000,23399.3000,1365,4.0000,118.72735042735042735042735043,0.70142450142450142450142450,117.83805309734513274336283186,-0.97305801376597836774827925,Other,,0,False,False
587,10:08:56.000,10:08:56.000,10:08:56.000,0,23399.3000,23399.3000,23399.3000,23399.3000,715,0.0000,,,,,Other,,0,False,False
588,10:09:02.000,10:08:57.000,10:09:02.000,5,23397.3000,23406.5000,23395.0000,23395.0000,715,-4.3000,116.68947368421052631578947368,,119.83947368421052631578947368,,Other,,0,False,False
589,10:09:16.000,10:09:02.000,10:09:16.000,14,23395.0000,23395.0000,23393.7000,23393.7000,650,-1.3000,116.01428571428571428571428571,-0.67518796992481203007518797,120.63409090909090909090909091,0.79461722488038277511961723,Other,,0,False,False
590,10:09:21.000,10:09:16.000,10:09:21.000,5,23393.7000,23395.0000,23393.7000,23395.0000,1040,1.3000,116.3000,0.28571428571428571428571429,120.2500,-0.38409090909090909090909091,Other,,0,False,False
591,10:09:42.000,10:09:21.000,10:09:42.000,21,23395.0000,23396.7000,23395.0000,23395.5000,715,0.5000,116.33985507246376811594202899,0.03985507246376811594202899,120.36376811594202898550724638,0.11376811594202898550724638,Other,,0,False,False
592,10:09:49.000,10:09:42.000,10:09:49.000,7,23395.5000,23395.5000,23394.5000,23394.5000,1040,-1.0000,115.97727272727272727272727273,-0.36258234519104084321475626,120.8400,0.47623188405797101449275362,Other,,0,False,False
593,10:09:57.000,10:09:49.000,10:09:57.000,8,23394.5000,23394.5000,23392.6000,23392.6000,780,-1.9000,115.24583333333333333333333333,-0.73143939393939393939393940,121.3875,0.5475,Other,,0,False,False
594,10:10:06.000,10:09:57.000,10:10:06.000,9,23392.6000,23392.6000,23392.0000,23392.0000,650,-0.6000,114.63965517241379310344827586,-0.60617816091954022988505747,122.14074074074074074074074074,0.75324074074074074074074074,Other,,0,False,False
595,10:10:24.000,10:10:06.000,10:10:24.000,18,23392.0000,23392.0000,23388.5000,23391.1000,650,-0.9000,114.25535714285714285714285714,-0.38429802955665024630541872,122.66481481481481481481481481,0.52407407407407407407407407,Other,,0,False,False
596,10:10:44.000,10:10:24.000,10:10:44.000,20,23391.1000,23402.1000,23389.9000,23401.9000,650,10.8000,115.45873015873015873015873016,1.20337301587301587301587302,121.47540983606557377049180328,-1.18940497874924104432301153,Other,,0,False,False
597,10:11:00.000,10:10:44.000,10:11:00.000,16,23401.9000,23401.9000,23387.0000,23398.2000,650,-3.7000,114.57446808510638297872340426,-0.88426207362377575143532590,122.52142857142857142857142857,1.04601873536299765807962529,Other,,0,False,False
598,10:11:09.000,10:11:00.000,10:11:09.000,9,23398.2000,23398.2000,23384.1000,23384.1000,845,-14.1000,113.01153846153846153846153846,-1.56292962356792144026186580,124.55714285714285714285714286,2.03571428571428571428571429,Other,,0,False,False
599,10:11:31.000,10:11:09.000,10:11:31.000,22,23384.1000,23397.3000,23382.5000,23384.0000,780,-0.1000,112.1289855072463768115942029,-0.88255295429208472686733556,125.70072463768115942028985507,1.14358178053830227743271221,Other,,0,False,False
600,10:11:44.000,10:11:31.000,10:11:44.000,13,23384.0000,23384.0000,23382.5000,23382.5000,650,-1.5000,111.6200,-0.5089855072463768115942029,126.51190476190476190476190476,0.81118012422360248447204969,Other,,0,False,False
601,10:11:49.000,10:11:44.000,10:11:49.000,5,23382.5000,23382.5000,23382.5000,23382.5000,650,0.0000,111.8750,0.2550,126.19375,-0.31815476190476190476190476,Other,,0,False,False
602,10:12:09.000,10:11:49.000,10:12:09.000,20,23382.5000,23385.0000,23382.5000,23385.0000,910,2.5000,111.81307692307692307692307692,-0.06192307692307692307692308,126.41269841269841269841269841,0.21894841269841269841269841,A,A,1,False,False
603,10:12:16.000,10:12:09.000,10:12:16.000,7,23385.0000,23385.0000,23385.0000,23385.0000,1170,0.0000,114.04545454545454545454545455,2.23237762237762237762237763,123.96818181818181818181818182,-2.44451659451659451659451659,Other,,0,False,False
604,10:12:17.000,10:12:16.000,10:12:17.000,1,23385.0000,23385.0000,23385.0000,23385.0000,650,0.0000,113.0750,-0.97045454545454545454545455,124.9500,0.98181818181818181818181818,Other,,0,False,False
605,10:12:19.000,10:12:17.000,10:12:19.000,2,23385.0000,23395.0000,23385.0000,23395.0000,2340,10.0000,113.56666666666666666666666667,0.49166666666666666666666667,124.5500,-0.4000,Other,,0,False,False
606,10:12:19.000,10:12:19.000,10:12:19.000,0,23395.0000,23395.0000,23395.0000,23395.0000,1690,0.0000,,,,,Other,,0,False,False
607,10:12:21.000,10:12:21.000,10:12:21.000,0,23386.2000,23386.2000,23386.2000,23386.2000,1040,-8.8000,113.6500,,123.8500,,Other,,0,False,False
608,10:12:27.000,10:12:21.000,10:12:27.000,6,23386.2000,23388.8000,23386.2000,23388.3000,650,2.1000,113.36666666666666666666666667,-0.28333333333333333333333333,124.5550,0.7050,A,A,1,False,False
609,10:12:34.000,10:12:27.000,10:12:34.000,7,23388.3000,23388.3000,23382.5000,23386.1000,715,-2.2000,112.31521739130434782608695652,-1.05144927536231884057971015,125.88333333333333333333333333,1.32833333333333333333333333,Other,,0,False,False
610,10:12:42.000,10:12:34.000,10:12:42.000,8,23386.1000,23386.1000,23382.5000,23382.5000,780,-3.6000,111.21923076923076923076923077,-1.09598662207357859531772575,127.40384615384615384615384615,1.52051282051282051282051282,Other,,0,False,False
611,10:12:59.000,10:12:42.000,10:12:59.000,17,23382.5000,23395.3000,23381.0000,23395.3000,715,12.8000,112.07407407407407407407407407,0.85484330484330484330484330,126.35384615384615384615384615,-1.05000000000000000000000000,Other,,0,False,False
612,10:13:36.000,10:12:59.000,10:13:36.000,37,23395.3000,23395.3000,23387.7000,23395.3000,650,0.0000,114.80438596491228070175438596,2.73031189083820662768031189,122.1100,-4.24384615384615384615384615,Other,,0,False,False
613,10:13:49.000,10:13:36.000,10:13:49.000,13,23395.3000,23395.3000,23392.2000,23392.2000,780,-3.1000,116.19473684210526315789473684,1.39035087719298245614035088,120.2250,-1.8850,B,B,1,False,False
614,10:14:02.000,10:13:49.000,10:14:02.000,13,23392.2000,23396.5000,23390.3000,23394.2000,780,2.0000,115.1000,-1.09473684210526315789473684,121.82926829268292682926829268,1.60426829268292682926829268,A,A,1,False,False
615,10:14:11.000,10:14:02.000,10:14:11.000,9,23394.2000,23394.2000,23392.4000,23392.4000,715,-1.8000,115.4000,0.3000,121.62083333333333333333333333,-0.20843495934959349593495935,B,B,1,False,False
616,10:14:31.000,10:14:11.000,10:14:31.000,20,23392.4000,23395.0000,23392.4000,23393.0000,650,0.6000,115.68880597014925373134328358,0.28880597014925373134328358,121.1200,-0.50083333333333333333333333,Other,,0,False,False
617,10:14:59.000,10:14:31.000,10:14:59.000,28,23393.0000,23395.0000,23390.0000,23390.0000,1170,-3.0000,114.87674418604651162790697674,-0.81206178410274210343630684,122.51627906976744186046511628,1.39627906976744186046511628,Other,,0,False,False
618,10:15:01.000,10:14:59.000,10:15:01.000,2,23390.0000,23390.0000,23390.0000,23390.0000,1950,0.0000,116.12142857142857142857142857,1.24468438538205980066445183,120.73571428571428571428571429,-1.78056478405315614617940199,Other,,0,False,False
619,10:15:01.000,10:15:01.000,10:15:01.000,0,23390.0000,23390.0000,23390.0000,23390.0000,1300,0.0000,,,,,Other,,0,False,False
620,10:15:02.000,10:15:02.000,10:15:02.000,0,23392.9000,23392.9000,23392.9000,23392.9000,650,2.9000,116.5250,,120.5750,,Other,,0,False,False
621,10:15:37.000,10:15:02.000,10:15:37.000,35,23392.9000,23395.0000,23390.8000,23395.0000,715,2.1000,115.86981981981981981981981982,-0.65518018018018018018018018,121.07477477477477477477477477,0.49977477477477477477477477,A,A,1,False,False
622,10:15:59.000,10:15:37.000,10:15:59.000,22,23395.0000,23401.9000,23395.0000,23401.9000,845,6.9000,117.98333333333333333333333333,2.11351351351351351351351351,117.47571428571428571428571429,-3.59906048906048906048906048,Other,,0,False,False
623,10:16:09.000,10:15:59.000,10:16:09.000,10,23401.9000,23405.0000,23401.9000,23405.0000,650,3.1000,119.43333333333333333333333333,1.45000000000000000000000000,115.33333333333333333333333333,-2.14238095238095238095238096,Other,,0,False,False
624,10:16:22.000,10:16:09.000,10:16:22.000,13,23405.0000,23410.0000,23404.9000,23410.0000,975,5.0000,120.35952380952380952380952381,0.92619047619047619047619048,114.6025,-0.73083333333333333333333333,Other,,0,False,False
625,10:16:35.000,10:16:22.000,10:16:35.000,13,23410.0000,23410.0000,23407.4000,23408.0000,650,-2.0000,121.53076923076923076923076923,1.17124542124542124542124542,113.16923076923076923076923077,-1.43326923076923076923076923,B,B,1,False,False
626,10:16:40.000,10:16:35.000,10:16:40.000,5,23408.0000,23408.9000,23404.4000,23404.4000,715,-3.6000,121.26428571428571428571428571,-0.26648351648351648351648352,113.2750,0.10576923076923076923076923,Other,,0,False,False
627,10:16:48.000,10:16:40.000,10:16:48.000,8,23404.4000,23410.9000,23404.4000,23410.9000,715,6.5000,120.34230769230769230769230769,-0.92197802197802197802197802,114.6125,1.3375,A,A,1,False,False
628,10:16:52.000,10:16:48.000,10:16:52.000,4,23410.9000,23411.0000,23400.0000,23400.0000,715,-10.9000,119.13571428571428571428571429,-1.20659340659340659340659340,115.76428571428571428571428571,1.15178571428571428571428571,Other,,0,False,False
629,10:17:28.000,10:16:52.000,10:17:28.000,36,23400.0000,23412.0000,23400.0000,23407.4000,715,7.4000,121.69565217391304347826086957,2.55993788819875776397515528,113.41826086956521739130434783,-2.34602484472049689440993788,Other,,0,False,False
630,10:17:43.000,10:17:28.000,10:17:43.000,15,23407.4000,23414.5000,23407.4000,23414.5000,1950,7.1000,123.81938775510204081632653061,2.12373558118899733806566104,110.84285714285714285714285714,-2.57540372670807453416149069,Other,,0,False,False
631,10:17:43.000,10:17:43.000,10:17:43.000,0,23414.5000,23414.5000,23414.5000,23414.5000,1300,0.0000,,,,,Other,,0,False,False
632,10:17:44.000,10:17:44.000,10:17:44.000,0,23419.0000,23419.0000,23419.0000,23419.0000,650,4.5000,124.7250,,109.3750,,Other,,0,False,False
633,10:17:55.000,10:17:44.000,10:17:55.000,11,23419.0000,23419.0000,23414.3000,23414.3000,715,-4.7000,124.77058823529411764705882353,0.04558823529411764705882353,109.12777777777777777777777778,-0.24722222222222222222222222,B,B,1,False,False
634,10:17:58.000,10:17:55.000,10:17:58.000,3,23414.3000,23414.3000,23414.3000,23414.3000,910,0.0000,124.1300,-0.64058823529411764705882353,110.3000,1.17222222222222222222222222,Other,,0,False,False
635,10:18:00.000,10:17:58.000,10:18:00.000,2,23414.3000,23419.0000,23414.3000,23419.0000,780,4.7000,124.2000,0.0700,110.46111111111111111111111111,0.16111111111111111111111111,Other,,0,False,False
636,10:18:02.000,10:18:00.000,10:18:02.000,2,23419.0000,23419.7000,23419.0000,23419.7000,715,0.7000,124.3875,0.1875,110.21666666666666666666666667,-0.24444444444444444444444444,Other,,0,False,False
637,10:18:22.000,10:18:02.000,10:18:22.000,20,23419.7000,23420.0000,23414.3000,23420.0000,975,0.3000,125.54032258064516129032258065,1.15282258064516129032258065,108.80555555555555555555555556,-1.41111111111111111111111111,Other,,0,False,False
638,10:18:30.000,10:18:22.000,10:18:30.000,8,23420.0000,23420.0000,23420.0000,23420.0000,1235,0.0000,127.4300,1.88967741935483870967741935,106.9180,-1.88755555555555555555555556,Other,,0,False,False
639,10:18:32.000,10:18:30.000,10:18:32.000,2,23420.0000,23420.0000,23420.0000,23420.0000,715,0.0000,127.5000,0.0700,106.5125,-0.4055,Other,,0,False,False
640,10:18:37.000,10:18:32.000,10:18:37.000,5,23420.0000,23421.7000,23420.0000,23421.7000,910,1.7000,127.6000,0.1000,105.8125,-0.7000,Other,,0,False,False
641,10:18:38.000,10:18:37.000,10:18:38.000,1,23421.7000,23425.0000,23420.0000,23420.3000,1300,-1.4000,128.2500,0.6500,104.8000,-1.0125,B,B,1,False,False
642,10:18:38.000,10:18:38.000,10:18:38.000,0,23420.3000,23420.3000,23420.3000,23420.3000,650,0.0000,,,,,Other,,0,False,False
643,10:18:48.000,10:18:39.000,10:18:48.000,9,23425.0000,23425.0000,23419.9000,23425.0000,1105,4.7000,128.490625,,104.859375,,Other,,0,False,False
644,10:18:50.000,10:18:48.000,10:18:50.000,2,23425.0000,23425.0000,23425.0000,23425.0000,845,0.0000,128.73333333333333333333333333,0.24270833333333333333333333,104.7500,-0.109375,Other,,0,False,False
645,10:18:55.000,10:18:50.000,10:18:55.000,5,23425.0000,23428.0000,23421.5000,23428.0000,650,3.0000,102.3000,,128.33333333333333333333333333,,Other,,0,False,False
646,10:18:57.000,10:18:55.000,10:18:57.000,2,23428.0000,23428.0000,23428.0000,23428.0000,715,0.0000,101.68333333333333333333333333,-0.61666666666666666666666667,129.0500,0.71666666666666666666666667,Other,,0,False,False
647,10:19:00.000,10:18:57.000,10:19:00.000,3,23428.0000,23428.0000,23420.0000,23420.0000,1040,-8.0000,126.40714285714285714285714286,,106.96666666666666666666666667,,Other,,0,False,False
648,10:19:05.000,10:19:00.000,10:19:05.000,5,23420.0000,23428.0000,23418.5000,23418.5000,780,-1.5000,127.1875,0.78035714285714285714285714,107.1625,0.19583333333333333333333333,Other,,0,False,False
649,10:19:15.000,10:19:05.000,10:19:15.000,10,23418.5000,23419.2000,23417.4000,23419.2000,650,0.7000,125.796875,-1.390625,108.54333333333333333333333333,1.38083333333333333333333333,A,A,1,False,False
650,10:19:25.000,10:19:15.000,10:19:25.000,10,23419.2000,23419.2000,23418.0000,23418.0000,650,-1.2000,126.09375,0.296875,108.190625,-0.35270833333333333333333333,B,B,1,False,False
651,10:19:36.000,10:19:25.000,10:19:36.000,11,23418.0000,23427.0000,23418.0000,23427.0000,845,9.0000,100.72571428571428571428571429,,131.18142857142857142857142857,,Other,,0,False,False
652,10:19:58.000,10:19:36.000,10:19:58.000,22,23427.0000,23427.0000,23418.6000,23427.0000,650,0.0000,101.68088235294117647058823529,0.95516806722689075630252100,129.89677419354838709677419355,-1.28465437788018433179723502,Other,,0,False,False
653,10:20:06.000,10:19:58.000,10:20:06.000,8,23427.0000,23428.0000,23422.0000,23428.0000,1690,1.0000,103.22037037037037037037037037,1.53948801742919389978213508,127.8840,-2.01277419354838709677419355,Other,,0,False,False
654,10:20:06.000,10:20:06.000,10:20:06.000,0,23428.0000,23428.0000,23428.0000,23428.0000,1040,0.0000,,,,,Other,,0,False,False
655,10:20:08.000,10:20:07.000,10:20:08.000,1,23428.2000,23428.2000,23422.0000,23422.0000,1235,-6.0000,129.4500,,105.28333333333333333333333333,,Other,,0,False,False
656,10:20:10.000,10:20:08.000,10:20:10.000,2,23422.0000,23429.0000,23422.0000,23429.0000,650,7.0000,102.91666666666666666666666667,,128.2500,,Other,,0,False,False
657,10:20:15.000,10:20:10.000,10:20:15.000,5,23429.0000,23429.0000,23423.6000,23423.6000,1235,-5.4000,128.5750,,105.76875,,Other,,0,False,False
658,10:20:16.000,10:20:15.000,10:20:16.000,1,23423.6000,23423.6000,23421.0000,23421.0000,1040,-2.6000,127.2000,-1.3750,107.1500,1.38125,Other,,0,False,False
659,10:20:18.000,10:20:16.000,10:20:18.000,2,23421.0000,23427.8000,23421.0000,23427.8000,1560,6.8000,101.11666666666666666666666667,,130.98333333333333333333333333,,Other,,0,False,False
660,10:20:18.000,10:20:18.000,10:20:18.000,0,23427.8000,23427.8000,23427.8000,23427.8000,910,0.0000,,,,,Other,,0,False,False
661,10:20:21.000,10:20:19.000,10:20:21.000,2,23428.0000,23428.0000,23420.6000,23425.0000,975,-2.8000,128.1875,,106.5600,,Other,,0,False,False
662,10:20:23.000,10:20:21.000,10:20:23.000,2,23425.0000,23425.0000,23422.4000,23422.4000,1235,-2.6000,127.78333333333333333333333333,-0.40416666666666666666666667,106.9500,0.3900,Other,,0,False,False
663,10:20:25.000,10:20:23.000,10:20:25.000,2,23422.4000,23428.4000,23422.4000,23428.4000,1365,6.0000,101.4500,,130.7000,,Other,,0,False,False
664,10:20:25.000,10:20:25.000,10:20:25.000,0,23428.4000,23428.4000,23428.4000,23428.4000,715,0.0000,,,,,Other,,0,False,False
665,10:20:30.000,10:20:26.000,10:20:30.000,4,23428.9000,23429.0000,23421.0000,23428.9000,845,0.5000,101.88235294117647058823529412,,130.08235294117647058823529412,,Other,,0,False,False
666,10:20:35.000,10:20:30.000,10:20:35.000,5,23428.9000,23428.9000,23422.2000,23422.2000,780,-6.7000,128.01875,,106.89375,,Other,,0,False,False
667,10:20:38.000,10:20:35.000,10:20:38.000,3,23422.2000,23427.9000,23421.5000,23422.5000,910,0.3000,127.2500,-0.76875,107.5100,0.61625,A,A,1,False,False
668,10:20:40.000,10:20:38.000,10:20:40.000,2,23422.5000,23422.5000,23419.8000,23419.8000,910,-2.7000,126.41666666666666666666666667,-0.83333333333333333333333333,108.06666666666666666666666667,0.55666666666666666666666667,Other,,0,False,False
669,10:20:41.000,10:20:40.000,10:20:41.000,1,23419.8000,23422.5000,23419.8000,23422.0000,2405,2.2000,126.4500,0.03333333333333333333333333,108.1750,0.10833333333333333333333333,Other,,0,False,False
670,10:20:41.000,10:20:41.000,10:20:41.000,0,23422.0000,23422.0000,23422.0000,23422.0000,1755,0.0000,,,,,Other,,0,False,False
671,10:20:43.000,10:20:43.000,10:20:43.000,0,23427.2000,23427.2000,23427.2000,23427.2000,1105,5.2000,100.5750,,131.5000,,Other,,0,False,False
672,10:20:43.000,10:20:43.000,10:20:43.000,0,23427.2000,23427.2000,23427.2000,23427.2000,845,0.0000,,,,,Other,,0,False,False
673,10:20:51.000,10:20:43.000,10:20:51.000,8,23427.2000,23427.7000,23420.7000,23427.7000,650,0.5000,101.70416666666666666666666667,,130.3125,,Other,,0,False,False
674,10:21:03.000,10:20:51.000,10:21:03.000,12,23427.7000,23428.0000,23427.7000,23428.0000,910,0.3000,103.1000,1.39583333333333333333333333,128.83783783783783783783783784,-1.47466216216216216216216216,Other,,0,False,False
675,10:21:04.000,10:21:03.000,10:21:04.000,1,23428.0000,23428.1000,23425.7000,23426.6000,975,-1.4000,103.8000,0.7000,128.0250,-0.81283783783783783783783784,B,B,1,False,False
676,10:21:09.000,10:21:04.000,10:21:09.000,5,23426.6000,23428.9000,23422.0000,23422.0000,650,-4.6000,130.2875,,104.7125,,Other,,0,False,False
677,10:21:14.000,10:21:09.000,10:21:14.000,5,23422.0000,23430.0000,23422.0000,23430.0000,2080,8.0000,103.48125,,127.9625,,Other,,0,False,False
678,10:21:14.000,10:21:14.000,10:21:14.000,0,23430.0000,23430.0000,23430.0000,23430.0000,1430,0.0000,,,,,Other,,0,False,False
679,10:21:16.000,10:21:16.000,10:21:16.000,0,23430.0000,23430.0000,23430.0000,23430.0000,845,0.0000,103.3500,,127.8000,,Other,,0,False,False
680,10:21:26.000,10:21:16.000,10:21:26.000,10,23430.0000,23430.9000,23430.0000,23430.9000,1040,0.9000,103.10625,-0.24375,128.25625,0.45625,A,A,1,False,False
681,10:21:30.000,10:21:26.000,10:21:30.000,4,23430.9000,23430.9000,23424.6000,23425.2000,845,-5.7000,102.42692307692307692307692308,-0.67932692307692307692307692,129.01333333333333333333333333,0.75708333333333333333333333,Other,,0,False,False
682,10:21:37.000,10:21:30.000,10:21:37.000,7,23425.2000,23430.0000,23425.2000,23430.0000,650,4.8000,102.49090909090909090909090909,0.06398601398601398601398601,129.0200,0.00666666666666666666666667,Other,,0,False,False
683,10:21:49.000,10:21:37.000,10:21:49.000,12,23430.0000,23430.0000,23426.0000,23426.0000,650,-4.0000,103.21944444444444444444444444,0.72853535353535353535353535,128.01315789473684210526315789,-1.00684210526315789473684211,B,B,1,False,False
684,10:21:55.000,10:21:49.000,10:21:55.000,6,23426.0000,23432.0000,23425.0000,23432.0000,845,6.0000,103.5600,0.34055555555555555555555556,127.68333333333333333333333333,-0.32982456140350877192982456,Other,,0,False,False
685,10:22:10.000,10:21:55.000,10:22:10.000,15,23432.0000,23432.0000,23422.8000,23422.8000,780,-9.2000,128.66632653061224489795918367,,105.74693877551020408163265306,,Other,,0,False,False
686,10:22:25.000,10:22:10.000,10:22:25.000,15,23422.8000,23430.0000,23419.5000,23419.5000,650,-3.3000,128.15227272727272727272727273,-0.51405380333951762523191094,106.13913043478260869565217391,0.39219165927240461401952085,Other,,0,False,False
687,10:22:41.000,10:22:25.000,10:22:41.000,16,23419.5000,23428.0000,23419.0000,23419.5000,650,0.0000,127.28490566037735849056603774,-0.86736706689536878216123499,106.95686274509803921568627451,0.81773231031543052003410060,Other,,0,False,False
688,10:23:11.000,10:22:41.000,10:23:11.000,30,23419.5000,23426.6000,23418.0000,23419.5000,650,0.0000,126.55257731958762886597938144,-0.73232834078972962458665630,107.49623655913978494623655914,0.53937381404174573055028463,Other,,0,False,False
689,10:23:15.000,10:23:11.000,10:23:15.000,4,23419.5000,23425.0000,23419.5000,23425.0000,650,5.5000,128.78571428571428571428571429,2.23313696612665684830633285,105.98571428571428571428571429,-1.51052227342549923195084485,Other,,0,False,False
690,10:23:46.000,10:23:15.000,10:23:46.000,31,23425.0000,23428.0000,23421.0000,23421.0000,650,-4.0000,129.24948453608247422680412371,0.46377025036818851251840942,105.68453608247422680412371134,-0.30117820324005891016200295,B,B,1,False,False
691,10:24:14.000,10:23:46.000,10:24:14.000,28,23421.0000,23422.4000,23420.3000,23420.3000,650,-0.7000,128.95294117647058823529411765,-0.29654335961188599151000606,105.49367816091954022988505747,-0.19085792155468657423865387,Other,,0,False,False
692,10:24:26.000,10:24:14.000,10:24:26.000,12,23420.3000,23424.0000,23420.3000,23424.0000,845,3.7000,129.1850,0.23205882352941176470588235,105.26666666666666666666666667,-0.22701149425287356321839080,Other,,0,False,False
693,10:24:41.000,10:24:26.000,10:24:41.000,15,23424.0000,23424.0000,23421.7000,23424.0000,650,0.0000,129.21632653061224489795918367,0.03132653061224489795918367,105.35319148936170212765957447,0.08652482269503546099290780,Other,,0,False,False
694,10:24:44.000,10:24:41.000,10:24:44.000,3,23424.0000,23424.0000,23424.0000,23424.0000,650,0.0000,129.0000,-0.21632653061224489795918367,105.4600,0.10680851063829787234042553,Other,,0,False,False
695,10:24:52.000,10:24:44.000,10:24:52.000,8,23424.0000,23424.0000,23421.0000,23423.6000,650,-0.4000,127.95384615384615384615384615,-1.04615384615384615384615385,106.23461538461538461538461538,0.77461538461538461538461538,Other,,0,False,False
696,10:24:59.000,10:24:52.000,10:24:59.000,7,23423.6000,23423.6000,23422.7000,23422.7000,650,-0.9000,127.3000,-0.65384615384615384615384615,106.9950,0.76038461538461538461538462,Other,,0,False,False
697,10:25:07.000,10:24:59.000,10:25:07.000,8,23422.7000,23422.7000,23421.0000,23421.0000,715,-1.7000,127.22962962962962962962962963,-0.07037037037037037037037037,107.13518518518518518518518519,0.14018518518518518518518519,Other,,0,False,False
698,10:25:11.000,10:25:07.000,10:25:11.000,4,23421.0000,23426.9000,23420.0000,23420.0000,780,-1.0000,125.99166666666666666666666667,-1.23796296296296296296296296,108.05833333333333333333333333,0.92314814814814814814814814,Other,,0,False,False
699,10:25:16.000,10:25:11.000,10:25:16.000,5,23420.0000,23425.0000,23419.0000,23419.0000,780,-1.0000,125.6000,-0.39166666666666666666666667,108.4750,0.41666666666666666666666667,Other,,0,False,False
700,10:25:21.000,10:25:16.000,10:25:21.000,5,23419.0000,23419.0000,23416.0000,23416.0000,910,-3.0000,124.48125,-1.11875,109.2750,0.8000,Other,,0,False,False
701,10:25:24.000,10:25:21.000,10:25:24.000,3,23416.0000,23417.0000,23416.0000,23417.0000,845,1.0000,123.9100,-0.57125,109.6100,0.3350,A,A,1,False,False
702,10:25:25.000,10:25:24.000,10:25:25.000,1,23417.0000,23417.0000,23416.0000,23416.0000,715,-1.0000,123.4500,-0.4600,109.5500,-0.0600,Other,,0,False,False
703,10:25:35.000,10:25:25.000,10:25:35.000,10,23416.0000,23418.7000,23416.0000,23416.0000,910,0.0000,124.25967741935483870967741935,0.80967741935483870967741935,109.43548387096774193548387097,-0.11451612903225806451612903,Other,,0,False,False
704,10:25:39.000,10:25:35.000,10:25:39.000,4,23416.0000,23422.4000,23416.0000,23422.4000,715,6.4000,123.52857142857142857142857143,-0.73110599078341013824884792,109.98571428571428571428571429,0.55023041474654377880184332,A,A,1,False,False
705,10:25:45.000,10:25:39.000,10:25:45.000,6,23422.4000,23422.4000,23422.4000,23422.4000,650,0.0000,124.53888888888888888888888889,1.01031746031746031746031746,109.27222222222222222222222222,-0.71349206349206349206349207,Other,,0,False,False
706,10:25:50.000,10:25:45.000,10:25:50.000,5,23422.4000,23422.4000,23416.0000,23416.0000,650,-6.4000,124.85714285714285714285714286,0.31825396825396825396825397,108.86428571428571428571428571,-0.40793650793650793650793651,B,B,1,False,False
707,10:26:04.000,10:25:50.000,10:26:04.000,14,23416.0000,23422.4000,23416.0000,23422.4000,1950,6.4000,125.44111111111111111111111111,0.58396825396825396825396825,108.78666666666666666666666667,-0.07761904761904761904761904,Other,,0,False,False
708,10:26:04.000,10:26:04.000,10:26:04.000,0,23422.4000,23422.4000,23422.4000,23422.4000,1300,0.0000,,,,,Other,,0,False,False
709,10:26:05.000,10:26:05.000,10:26:05.000,0,23422.4000,23422.4000,23422.4000,23422.4000,650,0.0000,124.8000,,109.7500,,Other,,0,False,False
710,10:26:20.000,10:26:05.000,10:26:20.000,15,23422.4000,23422.4000,23415.0000,23415.0000,910,-7.4000,124.86818181818181818181818182,0.06818181818181818181818182,109.50434782608695652173913043,-0.24565217391304347826086957,B,B,1,False,False
711,10:26:25.000,10:26:20.000,10:26:25.000,5,23415.0000,23415.0000,23412.7000,23412.7000,1495,-2.3000,125.4500,0.58181818181818181818181818,109.14444444444444444444444444,-0.35990338164251207729468599,B,B,2,False,True
712,10:26:25.000,10:26:25.000,10:26:25.000,0,23412.7000,23412.7000,23412.7000,23412.7000,845,0.0000,,,,,Other,,0,False,False
713,10:26:33.000,10:26:27.000,10:26:33.000,6,23412.7000,23419.0000,23412.7000,23419.0000,715,6.3000,126.26956521739130434782608696,,108.61363636363636363636363636,,Other,,0,False,False
714,10:26:40.000,10:26:33.000,10:26:40.000,7,23419.0000,23419.0000,23419.0000,23419.0000,650,0.0000,127.17083333333333333333333333,0.90126811594202898550724637,107.7000,-0.91363636363636363636363636,Other,,0,False,False
715,10:26:46.000,10:26:40.000,10:26:46.000,6,23419.0000,23425.0000,23416.2000,23416.2000,650,-2.8000,127.48888888888888888888888889,0.31805555555555555555555556,107.48333333333333333333333333,-0.21666666666666666666666667,B,B,1,False,False
716,10:26:54.000,10:26:46.000,10:26:54.000,8,23416.2000,23425.0000,23416.2000,23421.2000,1690,5.0000,127.5500,0.06111111111111111111111111,107.49583333333333333333333333,0.01250000000000000000000000,Other,,0,False,False
717,10:26:54.000,10:26:54.000,10:26:54.000,0,23421.2000,23421.2000,23421.2000,23421.2000,1040,0.0000,,,,,Other,,0,False,False
718,10:26:56.000,10:26:55.000,10:26:56.000,1,23421.0000,23421.0000,23421.0000,23421.0000,780,-0.2000,127.41666666666666666666666667,,107.48333333333333333333333333,,Other,,0,False,False
719,10:27:01.000,10:26:56.000,10:27:01.000,5,23421.0000,23421.0000,23416.6000,23416.6000,845,-4.4000,127.34411764705882352941176471,-0.07254901960784313725490196,107.35882352941176470588235294,-0.12450980392156862745098039,Other,,0,False,False
720,10:27:02.000,10:27:01.000,10:27:02.000,1,23416.6000,23416.6000,23416.6000,23416.6000,1300,0.0000,127.7750,0.43088235294117647058823529,107.3250,-0.03382352941176470588235294,Other,,0,False,False
721,10:27:02.000,10:27:02.000,10:27:02.000,0,23416.6000,23416.6000,23416.6000,23416.6000,650,0.0000,,,,,Other,,0,False,False
722,10:27:04.000,10:27:04.000,10:27:04.000,0,23425.0000,23425.0000,23425.0000,23425.0000,780,8.4000,127.2000,,107.5750,,Other,,0,False,False
723,10:27:49.000,10:27:04.000,10:27:49.000,45,23425.0000,23425.0000,23419.8000,23419.8000,910,-5.2000,128.46402877697841726618705036,1.26402877697841726618705036,106.37062937062937062937062937,-1.20437062937062937062937063,B,B,1,False,False
724,10:28:00.000,10:27:49.000,10:28:00.000,11,23419.8000,23423.5000,23419.8000,23423.0000,715,3.2000,129.34571428571428571428571429,0.88168550873586844809866393,105.56969696969696969696969697,-0.80093240093240093240093240,Other,,0,False,False
725,10:28:14.000,10:28:00.000,10:28:14.000,14,23423.0000,23425.0000,23423.0000,23425.0000,650,2.0000,130.26666666666666666666666667,0.92095238095238095238095238,104.74047619047619047619047619,-0.82922077922077922077922078,Other,,0,False,False
726,10:28:22.000,10:28:14.000,10:28:22.000,8,23425.0000,23428.9000,23425.0000,23427.7000,1430,2.7000,104.78846153846153846153846154,,126.66153846153846153846153846,,Other,,0,False,False
727,10:28:22.000,10:28:22.000,10:28:22.000,0,23427.7000,23427.7000,23427.7000,23427.7000,780,0.0000,,,,,Other,,0,False,False
728,10:28:32.000,10:28:22.000,10:28:32.000,10,23428.2000,23428.5000,23424.5000,23428.2000,1365,0.5000,104.9469696969696969696969697,,126.8469696969696969696969697,,Other,,0,False,False
729,10:28:32.000,10:28:32.000,10:28:32.000,0,23428.2000,23428.2000,23428.2000,23428.2000,715,0.0000,,,,,Other,,0,False,False
730,10:28:33.000,10:28:33.000,10:28:33.000,0,23423.1000,23423.1000,23423.1000,23423.1000,910,-5.1000,130.7500,,104.5250,,Other,,0,False,False
731,10:28:45.000,10:28:33.000,10:28:45.000,12,23423.1000,23425.2000,23423.1000,23424.3000,650,1.2000,130.94736842105263157894736842,0.19736842105263157894736842,104.37631578947368421052631579,-0.14868421052631578947368421,Other,,0,False,False
732,10:28:53.000,10:28:45.000,10:28:53.000,8,23424.3000,23425.5000,23423.5000,23425.5000,715,1.2000,103.7500,,127.97916666666666666666666667,,Other,,0,False,False
733,10:29:00.000,10:28:53.000,10:29:00.000,7,23425.5000,23425.5000,23423.3000,23423.5000,780,-2.0000,130.1000,,105.21956521739130434782608696,,Other,,0,False,False
734,10:29:13.000,10:29:00.000,10:29:13.000,13,23423.5000,23429.0000,23423.5000,23429.0000,650,5.5000,103.5450,,128.37368421052631578947368421,,Other,,0,False,False
735,10:29:26.000,10:29:13.000,10:29:26.000,13,23429.0000,23429.0000,23423.1000,23423.1000,910,-5.9000,130.28888888888888888888888889,,105.34761904761904761904761905,,Other,,0,False,False
736,10:29:31.000,10:29:26.000,10:29:31.000,5,23423.1000,23423.5000,23423.1000,23423.5000,1105,0.4000,130.5400,0.25111111111111111111111111,104.69230769230769230769230769,-0.65531135531135531135531136,Other,,0,False,False
737,10:29:43.000,10:29:31.000,10:29:43.000,12,23423.5000,23429.0000,23423.3000,23423.5000,650,0.0000,129.86315789473684210526315789,-0.67684210526315789473684211,105.23684210526315789473684211,0.54453441295546558704453442,Other,,0,False,False
738,10:30:01.000,10:29:43.000,10:30:01.000,18,23423.5000,23429.0000,23422.0000,23429.0000,780,5.5000,102.58983050847457627118644068,,129.30545454545454545454545455,,Other,,0,False,False
739,10:30:13.000,10:30:01.000,10:30:13.000,12,23429.0000,23429.0000,23423.3000,23423.3000,780,-5.7000,130.63055555555555555555555556,,104.63823529411764705882352941,,Other,,0,False,False
740,10:30:23.000,10:30:13.000,10:30:23.000,10,23423.3000,23429.0000,23423.3000,23427.2000,650,3.9000,104.30357142857142857142857143,,127.4125,,Other,,0,False,False
741,10:30:33.000,10:30:23.000,10:30:33.000,10,23427.2000,23430.0000,23423.4000,23427.8000,715,0.6000,104.36060606060606060606060606,0.05703463203463203463203463,127.2435483870967741935483871,-0.1689516129032258064516129,Other,,0,False,False
742,10:30:45.000,10:30:33.000,10:30:45.000,12,23427.8000,23430.0000,23427.8000,23430.0000,715,2.2000,104.96764705882352941176470588,0.60704099821746880570409982,126.62777777777777777777777778,-0.61577060931899641577060932,Other,,0,False,False
743,10:30:53.000,10:30:45.000,10:30:53.000,8,23430.0000,23430.0000,23424.8000,23424.8000,715,-5.2000,131.17916666666666666666666667,,104.37083333333333333333333333,,Other,,0,False,False
744,10:31:13.000,10:30:53.000,10:31:13.000,20,23424.8000,23430.0000,23424.0000,23430.0000,650,5.2000,104.72615384615384615384615385,,127.06846153846153846153846154,,Other,,0,False,False
745,10:31:21.000,10:31:13.000,10:31:21.000,8,23430.0000,23430.0000,23424.6000,23430.0000,1235,0.0000,104.84583333333333333333333333,0.11967948717948717948717948,127.25416666666666666666666667,0.18570512820512820512820513,Other,,0,False,False
746,10:31:26.000,10:31:21.000,10:31:26.000,5,23430.0000,23430.0000,23430.0000,23430.0000,715,0.0000,105.25625,0.41041666666666666666666667,126.5125,-0.74166666666666666666666667,Other,,0,False,False
747,10:31:33.000,10:31:26.000,10:31:33.000,7,23430.0000,23430.0000,23425.0000,23425.0000,1820,-5.0000,132.4060,,103.4960,,Other,,0,False,False
748,10:31:33.000,10:31:33.000,10:31:33.000,0,23425.0000,23425.0000,23425.0000,23425.0000,1170,0.0000,,,,,Other,,0,False,False
749,10:31:39.000,10:31:34.000,10:31:39.000,5,23425.0000,23425.0000,23425.0000,23425.0000,715,0.0000,131.44444444444444444444444444,,104.69285714285714285714285714,,Other,,0,False,False
750,10:31:43.000,10:31:39.000,10:31:43.000,4,23425.0000,23425.4000,23425.0000,23425.4000,650,0.4000,103.94166666666666666666666667,,128.2750,,Other,,0,False,False
751,10:31:51.000,10:31:43.000,10:31:51.000,8,23425.4000,23425.4000,23425.0000,23425.2000,650,-0.2000,103.88076923076923076923076923,-0.06089743589743589743589744,128.39615384615384615384615385,0.12115384615384615384615385,Other,,0,False,False
752,10:31:54.000,10:31:51.000,10:31:54.000,3,23425.2000,23425.2000,23425.2000,23425.2000,1300,0.0000,103.9125,0.03173076923076923076923077,128.3500,-0.04615384615384615384615385,Other,,0,False,False
753,10:31:54.000,10:31:54.000,10:31:54.000,0,23425.2000,23425.2000,23425.2000,23425.2000,650,0.0000,,,,,Other,,0,False,False
754,10:32:11.000,10:31:56.000,10:32:11.000,15,23425.2000,23426.1000,23425.0000,23425.3000,715,0.1000,104.18823529411764705882352941,,128.20666666666666666666666667,,Other,,0,False,False
755,10:32:26.000,10:32:11.000,10:32:26.000,15,23425.3000,23427.7000,23425.0000,23425.0000,975,-0.3000,131.23409090909090909090909091,,104.8369565217391304347826087,,Other,,0,False,False
756,10:32:30.000,10:32:26.000,10:32:30.000,4,23425.0000,23425.0000,23425.0000,23425.0000,650,0.0000,131.65769230769230769230769231,0.42360139860139860139860140,104.26818181818181818181818182,-0.56877470355731225296442688,Other,,0,False,False
757,10:32:40.000,10:32:30.000,10:32:40.000,10,23425.0000,23425.0000,23424.0000,23424.0000,910,-1.0000,131.471875,-0.18581730769230769230769231,104.42142857142857142857142857,0.15324675324675324675324675,Other,,0,False,False
758,10:32:46.000,10:32:40.000,10:32:46.000,6,23424.0000,23430.0000,23424.0000,23430.0000,780,6.0000,104.56666666666666666666666667,,127.56111111111111111111111111,,Other,,0,False,False
759,10:33:24.000,10:32:46.000,10:33:24.000,38,23430.0000,23430.0000,23426.0000,23427.2000,715,-2.8000,104.12457627118644067796610169,-0.44209039548022598870056498,127.69203539823008849557522124,0.13092428711897738446411013,Other,,0,False,False
760,10:33:29.000,10:33:24.000,10:33:29.000,5,23427.2000,23428.9000,23425.2000,23428.9000,650,1.7000,105.26875,1.14417372881355932203389831,126.30625,-1.38578539823008849557522124,Other,,0,False,False
761,10:33:39.000,10:33:29.000,10:33:39.000,10,23428.9000,23430.0000,23426.0000,23430.0000,780,1.1000,105.48939393939393939393939394,0.22064393939393939393939394,126.17096774193548387096774194,-0.13528225806451612903225806,Other,,0,False,False
762,10:33:42.000,10:33:39.000,10:33:42.000,3,23430.0000,23430.0000,23426.0000,23430.0000,1170,0.0000,106.2400,0.75060606060606060606060606,125.4600,-0.71096774193548387096774194,Other,,0,False,False
763,10:33:44.000,10:33:42.000,10:33:44.000,2,23430.0000,23430.0000,23428.4000,23430.0000,1170,0.0000,106.1000,-0.1400,125.4000,-0.0600,Other,,0,False,False
764,10:33:45.000,10:33:44.000,10:33:45.000,1,23430.0000,23430.0000,23430.0000,23430.0000,910,0.0000,106.1500,0.0500,125.2000,-0.2000,Other,,0,False,False
765,10:33:49.000,10:33:45.000,10:33:49.000,4,23430.0000,23430.0000,23428.2000,23430.0000,715,0.0000,105.9000,-0.2500,125.5000,0.3000,Other,,0,False,False
766,10:34:00.000,10:33:49.000,10:34:00.000,11,23430.0000,23430.0000,23428.4000,23430.0000,650,0.0000,105.59714285714285714285714286,-0.30285714285714285714285714,125.87878787878787878787878788,0.37878787878787878787878788,Other,,0,False,False
767,10:34:17.000,10:34:00.000,10:34:17.000,17,23430.0000,23430.0000,23428.4000,23429.3000,1170,-0.7000,105.77222222222222222222222222,0.17507936507936507936507936,125.55192307692307692307692308,-0.32686480186480186480186480,B,B,1,False,False
768,10:34:19.000,10:34:17.000,10:34:19.000,2,23429.3000,23431.0000,23429.3000,23429.4000,1040,0.1000,105.5500,-0.22222222222222222222222222,125.71666666666666666666666667,0.16474358974358974358974359,A,A,1,False,False
769,10:34:25.000,10:34:19.000,10:34:25.000,6,23429.4000,23429.4000,23425.3000,23425.3000,650,-4.1000,104.40555555555555555555555556,-1.14444444444444444444444444,126.91666666666666666666666667,1.20000000000000000000000000,Other,,0,False,False
770,10:34:42.000,10:34:25.000,10:34:42.000,17,23425.3000,23432.0000,23425.2000,23425.2000,650,-0.1000,103.81272727272727272727272727,-0.59282828282828282828282829,127.48085106382978723404255319,0.56418439716312056737588652,Other,,0,False,False
771,10:34:50.000,10:34:42.000,10:34:50.000,8,23425.2000,23425.2000,23423.5000,23423.5000,715,-1.7000,129.54583333333333333333333333,,105.11923076923076923076923077,,Other,,0,False,False
772,10:35:17.000,10:34:50.000,10:35:17.000,27,23423.5000,23426.0000,23422.0000,23422.5000,650,-1.0000,129.47117647058823529411764706,-0.07465686274509803921568627,105.01204819277108433734939759,-0.10718257645968489341983318,Other,,0,False,False
773,10:35:28.000,10:35:17.000,10:35:28.000,11,23422.5000,23426.0000,23422.5000,23424.6000,975,2.1000,129.64705882352941176470588235,0.17588235294117647058823529,104.70625,-0.30579819277108433734939759,Other,,0,False,False
774,10:35:47.000,10:35:28.000,10:35:47.000,19,23424.6000,23426.2000,23420.2000,23421.6000,715,-3.0000,129.35409836065573770491803279,-0.29296046287367405978784956,104.94385964912280701754385965,0.23760964912280701754385965,Other,,0,False,False
775,10:36:00.000,10:35:47.000,10:36:00.000,13,23421.6000,23421.6000,23416.5000,23420.2000,650,-1.4000,127.23780487804878048780487805,-2.11629348260695721711315474,106.38604651162790697674418605,1.44218686250509995920032640,Other,,0,False,False
776,10:36:30.000,10:36:00.000,10:36:30.000,30,23420.2000,23428.8000,23419.6000,23428.8000,780,8.6000,103.63655913978494623655913978,,127.43483146067415730337078652,,Other,,0,False,False
777,10:36:41.000,10:36:30.000,10:36:41.000,11,23428.8000,23430.0000,23424.9000,23429.0000,715,0.2000,105.18611111111111111111111111,1.54955197132616487455197133,125.909375,-1.52545646067415730337078652,Other,,0,False,False
778,10:37:05.000,10:36:41.000,10:37:05.000,24,23429.0000,23429.9000,23422.5000,23429.9000,715,0.9000,105.06549295774647887323943662,-0.12061815336463223787167449,126.32536231884057971014492754,0.41598731884057971014492754,A,A,1,False,False
779,10:37:10.000,10:37:05.000,10:37:10.000,5,23429.9000,23430.0000,23426.3000,23430.0000,715,0.1000,105.00714285714285714285714286,-0.05835010060362173038229376,126.2500,-0.07536231884057971014492754,Other,,0,False,False
780,10:37:18.000,10:37:10.000,10:37:18.000,8,23430.0000,23432.0000,23425.4000,23430.0000,715,0.0000,105.45833333333333333333333333,0.45119047619047619047619047,125.79583333333333333333333333,-0.45416666666666666666666667,Other,,0,False,False
781,10:37:49.000,10:37:18.000,10:37:49.000,31,23430.0000,23434.9000,23428.3000,23434.9000,1365,4.9000,106.29123711340206185567010309,0.83290378006872852233676976,124.62857142857142857142857143,-1.16726190476190476190476190,Other,,0,False,False
782,10:37:49.000,10:37:49.000,10:37:49.000,0,23434.9000,23434.9000,23434.9000,23434.9000,715,0.0000,,,,,Other,,0,False,False
783,10:37:51.000,10:37:51.000,10:37:51.000,0,23435.0000,23435.0000,23434.8000,23434.8000,845,-0.1000,108.8500,,121.8750,,Other,,0,False,False
784,10:37:53.000,10:37:51.000,10:37:53.000,2,23434.8000,23435.0000,23434.8000,23435.0000,2145,0.2000,108.53333333333333333333333333,-0.31666666666666666666666667,122.4500,0.5750,A,A,1,False,False
785,10:37:53.000,10:37:53.000,10:37:53.000,0,23435.0000,23435.0000,23435.0000,23435.0000,1495,0.0000,,,,,Other,,0,False,False
786,10:37:54.000,10:37:54.000,10:37:54.000,0,23435.0000,23435.0000,23435.0000,23435.0000,845,0.0000,108.3250,,122.6000,,Other,,0,False,False
787,10:38:01.000,10:37:54.000,10:38:01.000,7,23435.0000,23438.0000,23435.0000,23438.0000,4095,3.0000,109.0500,0.7250,122.0952380952380952380952381,-0.5047619047619047619047619,Other,,0,False,False
788,10:38:01.000,10:38:01.000,10:38:01.000,0,23438.0000,23438.0000,23438.0000,23438.0000,3445,0.0000,,,,,Other,,0,False,False
789,10:38:03.000,10:38:03.000,10:38:03.000,0,23438.0000,23438.0000,23438.0000,23438.0000,2795,0.0000,109.2500,,122.1750,,Other,,0,False,False
790,10:38:03.000,10:38:03.000,10:38:03.000,0,23438.0000,23438.0000,23438.0000,23438.0000,2145,0.0000,,,,,Other,,0,False,False
791,10:38:03.000,10:38:03.000,10:38:03.000,0,23442.0000,23442.0000,23442.0000,23442.0000,1495,4.0000,,,,,Other,,0,False,False
792,10:38:03.000,10:38:03.000,10:38:03.000,0,23442.0000,23442.0000,23442.0000,23442.0000,845,0.0000,,,,,Other,,0,False,False
793,10:38:04.000,10:38:04.000,10:38:04.000,0,23441.0000,23441.0000,23441.0000,23441.0000,39975,-1.0000,109.4500,,121.8000,,Other,,0,False,False
794,10:38:04.000,10:38:04.000,10:38:04.000,0,23441.0000,23441.0000,23441.0000,23441.0000,39325,0.0000,,,,,Other,,0,False,False
795,10:38:06.000,10:38:06.000,10:38:06.000,0,23441.0000,23441.0000,23441.0000,23441.0000,41210,0.0000,108.9500,,122.3500,,Other,,0,False,False
796,10:38:06.000,10:38:06.000,10:38:06.000,0,23441.0000,23441.0000,23441.0000,23441.0000,40560,0.0000,,,,,Other,,0,False,False
797,10:38:07.000,10:38:07.000,10:38:07.000,0,23440.1000,23440.1000,23440.1000,23440.1000,39910,-0.9000,108.5250,,122.7000,,Other,,0,False,False
798,10:38:07.000,10:38:07.000,10:38:07.000,0,23440.1000,23440.1000,23440.1000,23440.1000,39260,0.0000,,,,,Other,,0,False,False
799,10:38:08.000,10:38:08.000,10:38:08.000,0,23439.0000,23439.0000,23439.0000,23439.0000,40625,-1.1000,108.0000,,122.7750,,Other,,0,False,False
800,10:38:08.000,10:38:08.000,10:38:08.000,0,23439.0000,23439.0000,23439.0000,23439.0000,39975,0.0000,,,,,Other,,0,False,False
801,10:38:09.000,10:38:09.000,10:38:09.000,0,23439.0000,23439.0000,23439.0000,23439.0000,40625,0.0000,108.6000,,122.5250,,Other,,0,False,False
802,10:38:09.000,10:38:09.000,10:38:09.000,0,23439.0000,23439.0000,23439.0000,23439.0000,39975,0.0000,,,,,Other,,0,False,False
803,10:38:10.000,10:38:10.000,10:38:10.000,0,23435.0000,23435.0000,23435.0000,23435.0000,39325,-4.0000,108.6500,,122.5500,,Other,,0,False,False
804,10:38:10.000,10:38:10.000,10:38:10.000,0,23435.0000,23435.0000,23435.0000,23435.0000,38675,0.0000,,,,,Other,,0,False,False
805,10:38:11.000,10:38:11.000,10:38:11.000,0,23435.0000,23435.0000,23435.0000,23435.0000,38740,0.0000,108.5500,,122.6000,,Other,,0,False,False
806,10:38:11.000,10:38:11.000,10:38:11.000,0,23435.0000,23435.0000,23435.0000,23435.0000,38090,0.0000,,,,,Other,,0,False,False
807,10:38:12.000,10:38:12.000,10:38:12.000,0,23435.2000,23435.2000,23435.2000,23435.2000,37440,0.2000,108.1750,,123.0500,,Other,,0,False,False
808,10:38:12.000,10:38:12.000,10:38:12.000,0,23435.2000,23435.2000,23435.2000,23435.2000,36790,0.0000,,,,,Other,,0,False,False
809,10:38:13.000,10:38:13.000,10:38:13.000,0,23435.2000,23435.2000,23435.2000,23435.2000,36270,0.0000,108.1500,,122.7500,,Other,,0,False,False
810,10:38:13.000,10:38:13.000,10:38:13.000,0,23435.2000,23435.2000,23435.2000,23435.2000,35620,0.0000,,,,,Other,,0,False,False
811,10:38:13.000,10:38:13.000,10:38:13.000,0,23438.9000,23438.9000,23438.9000,23438.9000,34970,3.7000,,,,,Other,,0,False,False
812,10:38:13.000,10:38:13.000,10:38:13.000,0,23438.9000,23438.9000,23438.9000,23438.9000,34320,0.0000,,,,,Other,,0,False,False
813,10:38:14.000,10:38:14.000,10:38:14.000,0,23438.9000,23438.9000,23438.9000,23438.9000,33800,0.0000,108.3500,,122.6500,,Other,,0,False,False
814,10:38:14.000,10:38:14.000,10:38:14.000,0,23438.9000,23438.9000,23438.9000,23438.9000,33150,0.0000,,,,,Other,,0,False,False
815,10:38:16.000,10:38:16.000,10:38:16.000,0,23438.9000,23438.9000,23438.9000,23438.9000,32500,0.0000,107.9750,,122.7500,,Other,,0,False,False
816,10:38:16.000,10:38:16.000,10:38:16.000,0,23438.9000,23438.9000,23438.9000,23438.9000,31850,0.0000,,,,,Other,,0,False,False
817,10:38:18.000,10:38:18.000,10:38:18.000,0,23438.9000,23438.9000,23438.9000,23438.9000,31265,0.0000,107.5500,,122.9000,,Other,,0,False,False
818,10:38:18.000,10:38:18.000,10:38:18.000,0,23438.9000,23438.9000,23438.9000,23438.9000,30615,0.0000,,,,,Other,,0,False,False
819,10:38:18.000,10:38:18.000,10:38:18.000,0,23435.5000,23435.5000,23435.5000,23435.5000,29965,-3.4000,,,,,Other,,0,False,False
820,10:38:18.000,10:38:18.000,10:38:18.000,0,23435.5000,23435.5000,23435.5000,23435.5000,29315,0.0000,,,,,Other,,0,False,False
821,10:38:18.000,10:38:18.000,10:38:18.000,0,23435.0000,23435.0000,23435.0000,23435.0000,28665,-0.5000,,,,,Other,,0,False,False
822,10:38:18.000,10:38:18.000,10:38:18.000,0,23435.0000,23435.0000,23435.0000,23435.0000,28015,0.0000,,,,,Other,,0,False,False
823,10:38:19.000,10:38:19.000,10:38:19.000,0,23435.0000,23435.0000,23435.0000,23435.0000,27625,0.0000,107.6750,,123.0750,,Other,,0,False,False
824,10:38:19.000,10:38:19.000,10:38:19.000,0,23435.0000,23435.0000,23435.0000,23435.0000,26975,0.0000,,,,,Other,,0,False,False
825,10:38:20.000,10:38:20.000,10:38:20.000,0,23431.4000,23431.4000,23431.4000,23431.4000,26325,-3.6000,107.6500,,123.0500,,Other,,0,False,False
826,10:38:20.000,10:38:20.000,10:38:20.000,0,23431.4000,23431.4000,23431.4000,23431.4000,25675,0.0000,,,,,Other,,0,False,False
827,10:38:21.000,10:38:21.000,10:38:21.000,0,23431.4000,23431.4000,23431.4000,23431.4000,25155,0.0000,107.7750,,122.9500,,Other,,0,False,False
828,10:38:21.000,10:38:21.000,10:38:21.000,0,23431.4000,23431.4000,23431.4000,23431.4000,24505,0.0000,,,,,Other,,0,False,False
829,10:38:21.000,10:38:21.000,10:38:21.000,0,23431.3000,23431.3000,23431.3000,23431.3000,23855,-0.1000,,,,,Other,,0,False,False
830,10:38:21.000,10:38:21.000,10:38:21.000,0,23431.3000,23431.3000,23431.3000,23431.3000,23205,0.0000,,,,,Other,,0,False,False
831,10:38:23.000,10:38:23.000,10:38:23.000,0,23431.3000,23431.3000,23431.3000,23431.3000,22620,0.0000,,,123.0000,,Other,,0,False,False
832,10:38:23.000,10:38:23.000,10:38:23.000,0,23431.3000,23431.3000,23431.3000,23431.3000,21970,0.0000,,,,,Other,,0,False,False
833,10:38:23.000,10:38:23.000,10:38:23.000,0,23435.2000,23435.2000,23435.2000,23435.2000,21320,3.9000,,,,,Other,,0,False,False
834,10:38:23.000,10:38:23.000,10:38:23.000,0,23435.2000,23435.2000,23435.2000,23435.2000,20670,0.0000,,,,,Other,,0,False,False
835,10:38:24.000,10:38:24.000,10:38:24.000,0,23435.2000,23435.2000,23435.2000,23435.2000,20085,0.0000,108.0250,,122.8000,,Other,,0,False,False
836,10:38:24.000,10:38:24.000,10:38:24.000,0,23435.2000,23435.2000,23435.2000,23435.2000,19435,0.0000,,,,,Other,,0,False,False
837,10:38:26.000,10:38:26.000,10:38:26.000,0,23435.2000,23435.2000,23435.2000,23435.2000,18785,0.0000,108.8750,,122.1000,,Other,,0,False,False
838,10:38:26.000,10:38:26.000,10:38:26.000,0,23435.2000,23435.2000,23435.2000,23435.2000,18135,0.0000,,,,,Other,,0,False,False
839,10:38:28.000,10:38:28.000,10:38:28.000,0,23435.2000,23435.2000,23435.2000,23435.2000,17485,0.0000,108.6000,,121.8000,,Other,,0,False,False
840,10:38:28.000,10:38:28.000,10:38:28.000,0,23435.2000,23435.2000,23435.2000,23435.2000,16835,0.0000,,,,,Other,,0,False,False
841,10:38:29.000,10:38:29.000,10:38:29.000,0,23432.7000,23432.7000,23432.7000,23432.7000,16185,-2.5000,108.9250,,121.7000,,Other,,0,False,False
842,10:38:29.000,10:38:29.000,10:38:29.000,0,23432.7000,23432.7000,23432.7000,23432.7000,15535,0.0000,,,,,Other,,0,False,False
843,10:38:29.000,10:38:29.000,10:38:29.000,0,23432.7000,23432.7000,23432.7000,23432.7000,14950,0.0000,,,,,Other,,0,False,False
844,10:38:29.000,10:38:29.000,10:38:29.000,0,23432.7000,23432.7000,23432.7000,23432.7000,14300,0.0000,,,,,Other,,0,False,False
845,10:38:30.000,10:38:30.000,10:38:30.000,0,23432.7000,23432.7000,23432.7000,23432.7000,13650,0.0000,108.83333333333333333333333333,,121.8000,,Other,,0,False,False
846,10:38:31.000,10:38:31.000,10:38:31.000,0,23432.7000,23432.7000,23432.7000,23432.7000,13000,0.0000,109.1000,0.26666666666666666666666667,121.8250,0.0250,Other,,0,False,False
847,10:38:31.000,10:38:31.000,10:38:31.000,0,23432.7000,23432.7000,23432.7000,23432.7000,12350,0.0000,,,,,Other,,0,False,False
848,10:38:31.000,10:38:31.000,10:38:31.000,0,23433.3000,23433.3000,23433.3000,23433.3000,11700,0.6000,,,,,Other,,0,False,False
849,10:38:31.000,10:38:31.000,10:38:31.000,0,23433.3000,23433.3000,23433.3000,23433.3000,11050,0.0000,,,,,Other,,0,False,False
850,10:38:31.000,10:38:31.000,10:38:31.000,0,23435.2000,23435.2000,23435.2000,23435.2000,10400,1.9000,,,,,Other,,0,False,False
851,10:38:31.000,10:38:31.000,10:38:31.000,0,23435.2000,23435.2000,23435.2000,23435.2000,9750,0.0000,,,,,Other,,0,False,False
852,10:38:32.000,10:38:32.000,10:38:32.000,0,23437.8000,23437.8000,23437.8000,23437.8000,9100,2.6000,108.9500,,121.7000,,Other,,0,False,False
853,10:38:32.000,10:38:32.000,10:38:32.000,0,23437.8000,23437.8000,23437.8000,23437.8000,8450,0.0000,,,,,Other,,0,False,False
854,10:38:33.000,10:38:33.000,10:38:33.000,0,23437.8000,23437.8000,23437.8000,23437.8000,8450,0.0000,109.4000,,121.7000,,Other,,0,False,False
855,10:38:33.000,10:38:33.000,10:38:33.000,0,23437.8000,23437.8000,23437.8000,23437.8000,7800,0.0000,,,,,Other,,0,False,False
856,10:38:34.000,10:38:34.000,10:38:34.000,0,23437.8000,23437.8000,23437.8000,23437.8000,7150,0.0000,109.2500,,121.5750,,Other,,0,False,False
857,10:38:34.000,10:38:34.000,10:38:34.000,0,23437.8000,23437.8000,23437.8000,23437.8000,6500,0.0000,,,,,Other,,0,False,False
858,10:38:36.000,10:38:36.000,10:38:36.000,0,23437.8000,23437.8000,23437.8000,23437.8000,5850,0.0000,108.9250,,121.9000,,Other,,0,False,False
859,10:38:36.000,10:38:36.000,10:38:36.000,0,23437.8000,23437.8000,23437.8000,23437.8000,5200,0.0000,,,,,Other,,0,False,False
860,10:38:37.000,10:38:37.000,10:38:37.000,0,23438.0000,23438.0000,23438.0000,23438.0000,4550,0.2000,107.9500,,122.4500,,Other,,0,False,False
861,10:38:37.000,10:38:37.000,10:38:37.000,0,23438.0000,23438.0000,23438.0000,23438.0000,3900,0.0000,,,,,Other,,0,False,False
862,10:38:38.000,10:38:38.000,10:38:38.000,0,23438.0000,23438.0000,23438.0000,23438.0000,3315,0.0000,108.1000,,122.9500,,Other,,0,False,False
863,10:38:38.000,10:38:38.000,10:38:38.000,0,23438.0000,23438.0000,23438.0000,23438.0000,2665,0.0000,,,,,Other,,0,False,False
864,10:38:39.000,10:38:39.000,10:38:39.000,0,23438.0000,23438.0000,23438.0000,23438.0000,2015,0.0000,108.1250,,122.5000,,Other,,0,False,False
865,10:38:39.000,10:38:39.000,10:38:39.000,0,23438.0000,23438.0000,23438.0000,23438.0000,1365,0.0000,,,,,Other,,0,False,False
866,10:38:40.000,10:38:40.000,10:38:40.000,0,23435.6000,23435.6000,23435.6000,23435.6000,715,-2.4000,,,122.8000,,Other,,0,False,False
867,10:38:49.000,10:38:40.000,10:38:49.000,9,23435.6000,23437.8000,23429.7000,23430.2000,1820,-5.4000,107.81333333333333333333333333,,123.02142857142857142857142857,0.22142857142857142857142857,Other,,0,False,False
868,10:38:49.000,10:38:49.000,10:38:49.000,0,23430.2000,23430.2000,23430.2000,23430.2000,1170,0.0000,,,,,Other,,0,False,False
869,10:38:54.000,10:38:51.000,10:38:54.000,3,23430.2000,23435.0000,23430.2000,23430.8000,910,0.6000,107.82857142857142857142857143,,122.8750,,Other,,0,False,False
870,10:38:59.000,10:38:54.000,10:38:59.000,5,23430.8000,23432.3000,23430.8000,23432.3000,650,1.5000,107.45714285714285714285714286,-0.37142857142857142857142857,123.28571428571428571428571429,0.41071428571428571428571429,A,A,1,False,False
871,10:39:14.000,10:38:59.000,10:39:14.000,15,23432.3000,23437.0000,23430.3000,23437.0000,780,4.7000,107.96555555555555555555555556,0.50841269841269841269841270,123.27555555555555555555555556,-0.01015873015873015873015873,Other,,0,False,False
872,10:39:34.000,10:39:14.000,10:39:34.000,20,23437.0000,23437.8000,23431.7000,23437.8000,715,0.8000,108.3672131147540983606557377,0.40165755919854280510018214,122.82459016393442622950819672,-0.45096539162112932604735884,Other,,0,False,False
873,10:39:56.000,10:39:34.000,10:39:56.000,22,23437.8000,23437.8000,23432.0000,23432.0000,650,-5.8000,107.99393939393939393939393939,-0.37327372081470442126179831,123.24848484848484848484848485,0.42389468455042225534028813,Other,,0,False,False
874,10:40:02.000,10:39:56.000,10:40:02.000,6,23432.0000,23432.0000,23430.5000,23430.5000,1235,-1.5000,106.84047619047619047619047619,-1.15346320346320346320346320,124.18809523809523809523809524,0.93961038961038961038961039,Other,,0,False,False
875,10:40:06.000,10:40:02.000,10:40:06.000,4,23430.5000,23436.9000,23428.9000,23436.9000,845,6.4000,105.6500,-1.19047619047619047619047619,125.49166666666666666666666667,1.30357142857142857142857143,A,A,1,False,False
876,10:40:16.000,10:40:06.000,10:40:16.000,10,23436.9000,23436.9000,23430.0000,23430.2000,650,-6.7000,106.3100,0.6600,124.903125,-0.58854166666666666666666667,B,B,1,False,False
877,10:40:47.000,10:40:16.000,10:40:47.000,31,23430.2000,23436.9000,23430.2000,23433.0000,650,2.8000,107.30430107526881720430107527,0.99430107526881720430107527,123.89010989010989010989010989,-1.01301510989010989010989011,Other,,0,False,False
878,10:41:12.000,10:40:47.000,10:41:12.000,25,23433.0000,23436.9000,23431.4000,23436.9000,650,3.9000,108.11518987341772151898734177,0.81088879814890431468626650,122.84866666666666666666666667,-1.04144322344322344322344322,Other,,0,False,False
879,10:41:25.000,10:41:12.000,10:41:25.000,13,23436.9000,23436.9000,23430.5000,23431.7000,650,-5.2000,107.72857142857142857142857143,-0.38661844484629294755877034,123.1000,0.25133333333333333333333333,Other,,0,False,False
880,10:41:55.000,10:41:25.000,10:41:55.000,30,23431.7000,23436.9000,23430.0000,23430.0000,1040,-1.7000,107.27311827956989247311827957,-0.45545314900153609831029186,123.34325842696629213483146067,0.24325842696629213483146067,Other,,0,False,False
881,10:41:57.000,10:41:55.000,10:41:57.000,2,23430.0000,23430.0000,23430.0000,23430.0000,1495,0.0000,104.8000,-2.47311827956989247311827957,125.48333333333333333333333333,2.14007490636704119850187266,Other,,0,False,False
882,10:41:57.000,10:41:57.000,10:41:57.000,0,23430.0000,23430.0000,23430.0000,23430.0000,845,0.0000,,,,,Other,,0,False,False
883,10:42:11.000,10:41:58.000,10:42:11.000,13,23430.0000,23430.0000,23430.0000,23430.0000,650,0.0000,105.56595744680851063829787234,,125.16111111111111111111111111,,Other,,0,False,False
884,10:42:18.000,10:42:11.000,10:42:18.000,7,23430.0000,23436.9000,23425.6000,23427.7000,780,-2.3000,105.14090909090909090909090909,-0.42504835589941972920696325,125.5700,0.40888888888888888888888889,Other,,0,False,False
885,10:42:26.000,10:42:18.000,10:42:26.000,8,23427.7000,23427.7000,23425.3000,23426.5000,650,-1.2000,105.58333333333333333333333333,0.44242424242424242424242424,124.91818181818181818181818182,-0.65181818181818181818181818,B,B,1,False,False
886,10:42:46.000,10:42:26.000,10:42:46.000,20,23426.5000,23435.1000,23426.5000,23435.1000,650,8.6000,106.4500,0.86666666666666666666666667,123.95087719298245614035087719,-0.96730462519936204146730463,Other,,0,False,False
887,10:43:21.000,10:42:46.000,10:43:21.000,35,23435.1000,23436.5000,23426.3000,23426.3000,715,-8.8000,105.85619047619047619047619048,-0.59380952380952380952380952,124.57680412371134020618556701,0.62592693072888406583468982,Other,,0,False,False
888,10:43:50.000,10:43:21.000,10:43:50.000,29,23426.3000,23430.6000,23426.3000,23430.0000,1755,3.7000,106.23448275862068965517241379,0.37829228243021346469622331,124.23896103896103896103896104,-0.33784308475030124514660597,Other,,0,False,False
889,10:43:50.000,10:43:50.000,10:43:50.000,0,23430.0000,23430.0000,23430.0000,23430.0000,1105,0.0000,,,,,Other,,0,False,False
890,10:44:00.000,10:43:51.000,10:44:00.000,9,23430.0000,23434.8000,23430.0000,23434.8000,715,4.8000,106.82777777777777777777777778,,123.76206896551724137931034483,,Other,,0,False,False
891,10:44:21.000,10:44:00.000,10:44:21.000,21,23434.8000,23435.0000,23430.7000,23435.0000,845,0.2000,107.23870967741935483870967742,0.41093189964157706093189964,123.28833333333333333333333333,-0.47373563218390804597701150,Other,,0,False,False
892,10:44:24.000,10:44:21.000,10:44:24.000,3,23435.0000,23436.3000,23434.8000,23436.3000,650,1.3000,109.2000,1.96129032258064516129032258,121.5625,-1.72583333333333333333333333,Other,,0,False,False
893,10:44:36.000,10:44:24.000,10:44:36.000,12,23436.3000,23436.9000,23436.0000,23436.9000,715,0.6000,108.9025641025641025641025641,-0.2974358974358974358974359,121.96081081081081081081081081,0.39831081081081081081081081,A,A,1,False,False
894,10:44:59.000,10:44:36.000,10:44:59.000,23,23436.9000,23436.9000,23435.0000,23436.9000,650,0.0000,109.01486486486486486486486486,0.11230076230076230076230076,121.74027777777777777777777778,-0.22053303303303303303303303,Other,,0,False,False
895,10:45:03.000,10:44:59.000,10:45:03.000,4,23436.9000,23438.0000,23435.0000,23435.0000,650,-1.9000,108.38076923076923076923076923,-0.63409563409563409563409563,122.20454545454545454545454545,0.46426767676767676767676767,Other,,0,False,False
896,10:45:11.000,10:45:03.000,10:45:11.000,8,23435.0000,23440.0000,23434.2000,23440.0000,1430,5.0000,108.05384615384615384615384615,-0.32692307692307692307692308,122.58076923076923076923076923,0.37622377622377622377622378,A,A,1,False,False
897,10:45:11.000,10:45:11.000,10:45:11.000,0,23440.0000,23440.0000,23440.0000,23440.0000,780,0.0000,,,,,Other,,0,False,False
898,10:45:19.000,10:45:11.000,10:45:19.000,8,23432.1000,23440.0000,23432.1000,23440.0000,1040,0.0000,109.00384615384615384615384615,,121.47916666666666666666666667,,Other,,0,False,False
899,10:45:21.000,10:45:19.000,10:45:21.000,2,23440.0000,23440.0000,23437.9000,23439.3000,1690,-0.7000,109.3500,0.34615384615384615384615385,121.23333333333333333333333333,-0.24583333333333333333333334,B,B,1,False,False
900,10:45:21.000,10:45:21.000,10:45:21.000,0,23439.3000,23439.3000,23439.3000,23439.3000,1040,0.0000,,,,,Other,,0,False,False
901,10:45:24.000,10:45:22.000,10:45:24.000,2,23435.1000,23439.3000,23433.6000,23433.6000,780,-5.7000,109.1000,,121.28333333333333333333333333,,Other,,0,False,False
902,10:45:44.000,10:45:24.000,10:45:44.000,20,23433.6000,23441.0000,23433.6000,23440.0000,650,6.4000,110.17923076923076923076923077,1.07923076923076923076923077,120.26587301587301587301587302,-1.01746031746031746031746031,Other,,0,False,False
903,10:45:54.000,10:45:44.000,10:45:54.000,10,23440.0000,23440.0000,23435.1000,23435.1000,1170,-4.9000,109.5250,-0.65423076923076923076923077,120.86785714285714285714285714,0.60198412698412698412698412,Other,,0,False,False
904,10:45:57.000,10:45:54.000,10:45:57.000,3,23435.1000,23438.4000,23435.1000,23438.4000,650,3.3000,109.0300,-0.4950,121.2000,0.33214285714285714285714286,A,A,1,False,False
905,10:46:02.000,10:45:57.000,10:46:02.000,5,23438.4000,23440.0000,23438.4000,23440.0000,1040,1.6000,110.07058823529411764705882353,1.04058823529411764705882353,120.32058823529411764705882353,-0.87941176470588235294117647,Other,,0,False,False
906,10:46:05.000,10:46:02.000,10:46:05.000,3,23440.0000,23441.0000,23438.1000,23440.0000,845,0.0000,110.3900,0.31941176470588235294117647,120.1625,-0.15808823529411764705882353,Other,,0,False,False
907,10:46:12.000,10:46:05.000,10:46:12.000,7,23440.0000,23441.0000,23440.0000,23440.0000,975,0.0000,110.58636363636363636363636364,0.19636363636363636363636364,119.90909090909090909090909091,-0.25340909090909090909090909,Other,,0,False,False
908,10:46:17.000,10:46:12.000,10:46:17.000,5,23440.0000,23440.0000,23439.2000,23439.2000,650,-0.8000,109.53125,-1.05511363636363636363636364,120.8375,0.92840909090909090909090909,Other,,0,False,False
909,10:46:37.000,10:46:17.000,10:46:37.000,20,23439.2000,23440.7000,23435.7000,23435.7000,845,-3.5000,110.20555555555555555555555556,0.67430555555555555555555556,120.39590163934426229508196721,-0.44159836065573770491803279,B,B,1,False,False
910,10:46:45.000,10:46:37.000,10:46:45.000,8,23435.7000,23440.0000,23435.7000,23440.0000,715,4.3000,110.40416666666666666666666667,0.19861111111111111111111111,120.26666666666666666666666667,-0.12923497267759562841530054,Other,,0,False,False
911,10:46:47.000,10:46:45.000,10:46:47.000,2,23440.0000,23445.0000,23440.0000,23445.0000,780,5.0000,109.8250,-0.57916666666666666666666667,120.9500,0.68333333333333333333333333,A,A,1,False,False
912,10:46:55.000,10:46:47.000,10:46:55.000,8,23445.0000,23445.0000,23437.0000,23437.0000,715,-8.0000,109.04583333333333333333333333,-0.77916666666666666666666667,121.57692307692307692307692308,0.62692307692307692307692308,Other,,0,False,False
913,10:46:57.000,10:46:55.000,10:46:57.000,2,23437.0000,23437.0000,23436.0000,23436.0000,910,-1.0000,108.2000,-0.84583333333333333333333333,122.7000,1.12307692307692307692307692,Other,,0,False,False
914,10:47:08.000,10:46:57.000,10:47:08.000,11,23436.0000,23440.0000,23436.0000,23440.0000,650,4.0000,109.55810810810810810810810811,1.35810810810810810810810811,121.39428571428571428571428571,-1.30571428571428571428571429,Other,,0,False,False
915,10:47:10.000,10:47:08.000,10:47:10.000,2,23440.0000,23440.0000,23436.0000,23436.0000,1040,-4.0000,109.6750,0.11689189189189189189189189,121.21666666666666666666666667,-0.17761904761904761904761904,B,B,1,False,False
916,10:47:15.000,10:47:10.000,10:47:15.000,5,23436.0000,23440.4000,23436.0000,23440.4000,650,4.4000,110.18125,0.50625,120.8500,-0.36666666666666666666666667,Other,,0,False,False
917,10:47:20.000,10:47:15.000,10:47:20.000,5,23440.4000,23441.9000,23436.1000,23440.9000,1105,0.5000,110.94375,0.76250,120.00714285714285714285714286,-0.84285714285714285714285714,Other,,0,False,False
918,10:47:23.000,10:47:20.000,10:47:23.000,3,23440.9000,23441.8000,23440.5000,23440.5000,780,-0.4000,111.0500,0.10625,119.8100,-0.19714285714285714285714286,B,B,1,False,False
919,10:47:30.000,10:47:23.000,10:47:30.000,7,23440.5000,23442.3000,23440.5000,23440.8000,715,0.3000,110.85869565217391304347826087,-0.19130434782608695652173913,119.47826086956521739130434783,-0.33173913043478260869565217,Other,,0,False,False
920,10:47:42.000,10:47:30.000,10:47:42.000,12,23440.8000,23440.9000,23436.5000,23440.0000,1300,-0.8000,109.94375,-0.91494565217391304347826087,120.43333333333333333333333333,0.95507246376811594202898550,Other,,0,False,False
921,10:47:42.000,10:47:42.000,10:47:42.000,0,23440.0000,23440.0000,23440.0000,23440.0000,650,0.0000,,,,,Other,,0,False,False
922,10:47:58.000,10:47:43.000,10:47:58.000,15,23440.0000,23445.0000,23439.9000,23445.0000,1690,5.0000,110.03478260869565217391304348,,120.1500,,Other,,0,False,False
923,10:47:58.000,10:47:58.000,10:47:58.000,0,23445.0000,23445.0000,23445.0000,23445.0000,1040,0.0000,,,,,Other,,0,False,False
924,10:48:14.000,10:48:00.000,10:48:14.000,14,23445.0000,23445.0000,23436.5000,23444.9000,715,-0.1000,110.22553191489361702127659574,,120.04468085106382978723404255,,Other,,0,False,False
925,10:48:32.000,10:48:14.000,10:48:32.000,18,23444.9000,23444.9000,23437.6000,23442.4000,780,-2.5000,111.37203389830508474576271186,1.14650198341146772448611612,118.85762711864406779661016949,-1.18705373241976199062387306,B,B,1,False,False
926,10:48:44.000,10:48:32.000,10:48:44.000,12,23442.4000,23445.0000,23438.0000,23445.0000,1105,2.6000,111.065625,-0.30640889830508474576271186,119.2000,0.34237288135593220338983051,A,A,1,False,False
927,10:48:54.000,10:48:44.000,10:48:54.000,10,23445.0000,23445.0000,23438.0000,23438.0000,715,-7.0000,110.8250,-0.240625,119.24285714285714285714285714,0.04285714285714285714285714,Other,,0,False,False
928,10:49:12.000,10:48:54.000,10:49:12.000,18,23438.0000,23445.0000,23438.0000,23439.0000,715,1.0000,110.43859649122807017543859649,-0.38640350877192982456140351,119.59237288135593220338983051,0.34951573849878934624697337,A,A,1,False,False
929,10:49:27.000,10:49:12.000,10:49:27.000,15,23439.0000,23444.0000,23438.4000,23438.5000,1040,-0.5000,109.02291666666666666666666667,-1.41567982456140350877192982,120.9875,1.39512711864406779661016949,Other,,0,False,False
930,10:49:34.000,10:49:27.000,10:49:34.000,7,23438.5000,23438.5000,23438.0000,23438.3000,650,-0.2000,108.81428571428571428571428571,-0.20863095238095238095238096,121.21666666666666666666666667,0.22916666666666666666666667,Other,,0,False,False
931,10:49:42.000,10:49:34.000,10:49:42.000,8,23438.3000,23440.5000,23438.3000,23439.3000,1105,1.0000,109.16923076923076923076923077,0.35494505494505494505494506,120.86153846153846153846153846,-0.35512820512820512820512821,Other,,0,False,False
932,10:49:47.000,10:49:42.000,10:49:47.000,5,23439.3000,23439.6000,23437.0000,23437.0000,1430,-2.3000,108.89285714285714285714285714,-0.27637362637362637362637363,121.14285714285714285714285714,0.28131868131868131868131868,Other,,0,False,False
933,10:49:47.000,10:49:47.000,10:49:47.000,0,23437.0000,23437.0000,23437.0000,23437.0000,780,0.0000,,,,,Other,,0,False,False
934,10:49:55.000,10:49:49.000,10:49:55.000,6,23437.0000,23439.0000,23437.0000,23437.0000,650,0.0000,108.2250,,121.51666666666666666666666667,,Other,,0,False,False
935,10:50:15.000,10:49:55.000,10:50:15.000,20,23437.0000,23439.0000,23435.7000,23439.0000,845,2.0000,108.16475409836065573770491803,-0.06024590163934426229508197,121.58644067796610169491525424,0.06977401129943502824858757,A,A,1,False,False
936,10:50:19.000,10:50:15.000,10:50:19.000,4,23439.0000,23439.0000,23439.0000,23439.0000,650,0.0000,109.3200,1.15524590163934426229508197,120.84166666666666666666666667,-0.74477401129943502824858757,Other,,0,False,False
937,10:50:24.000,10:50:19.000,10:50:24.000,5,23439.0000,23442.0000,23439.0000,23439.0000,910,0.0000,109.3875,0.0675,120.98125,0.13958333333333333333333333,Other,,0,False,False
938,10:50:37.000,10:50:24.000,10:50:37.000,13,23439.0000,23440.1000,23435.0000,23435.0000,845,-4.0000,109.04756097560975609756097561,-0.33993902439024390243902439,121.06486486486486486486486486,0.08361486486486486486486486,Other,,0,False,False
939,10:50:49.000,10:50:37.000,10:50:49.000,12,23435.0000,23439.7000,23435.0000,23435.0000,780,0.0000,109.12941176470588235294117647,0.08185078909612625538020086,120.95625,-0.10861486486486486486486486,Other,,0,False,False
940,10:51:02.000,10:50:49.000,10:51:02.000,13,23435.0000,23439.1000,23435.0000,23439.1000,650,4.1000,108.76341463414634146341463415,-0.36599713055954088952654232,121.42575757575757575757575758,0.46950757575757575757575758,A,A,1,False,False
941,10:51:30.000,10:51:02.000,10:51:30.000,28,23439.1000,23440.0000,23438.0000,23438.0000,780,-1.1000,109.49117647058823529411764706,0.72776183644189383070301291,120.8720,-0.55375757575757575757575758,B,B,1,False,False
942,10:51:59.000,10:51:30.000,10:51:59.000,29,23438.0000,23438.0000,23434.0000,23434.0000,715,-4.0000,108.27613636363636363636363636,-1.21504010695187165775401070,121.93372093023255813953488372,1.06172093023255813953488372,Other,,0,False,False
943,10:52:28.000,10:51:59.000,10:52:28.000,29,23434.0000,23436.9000,23432.2000,23433.5000,650,-0.5000,107.51631578947368421052631579,-0.75982057416267942583732057,122.80769230769230769230769231,0.87397137745974955277280859,Other,,0,False,False
944,10:53:03.000,10:52:28.000,10:53:03.000,35,23433.5000,23439.0000,23432.0000,23432.0000,650,-1.5000,108.10432692307692307692307692,0.58801113360323886639676113,122.26388888888888888888888889,-0.54380341880341880341880342,B,B,1,False,False
945,10:53:31.000,10:53:03.000,10:53:31.000,28,23432.0000,23438.0000,23432.0000,23438.0000,1690,6.0000,107.16379310344827586206896552,-0.94053381962864721485411140,122.90061728395061728395061728,0.63672839506172839506172839,A,A,1,False,False
946,10:53:31.000,10:53:31.000,10:53:31.000,0,23438.0000,23438.0000,23438.0000,23438.0000,1040,0.0000,,,,,Other,,0,False,False
947,10:53:33.000,10:53:32.000,10:53:33.000,1,23437.0000,23437.4000,23437.0000,23437.4000,975,-0.6000,107.93333333333333333333333333,,122.2000,,Other,,0,False,False
948,10:53:35.000,10:53:33.000,10:53:35.000,2,23437.4000,23438.0000,23437.0000,23438.0000,650,0.6000,107.9750,0.04166666666666666666666667,122.48333333333333333333333333,0.28333333333333333333333333,Other,,0,False,False
949,10:53:38.000,10:53:35.000,10:53:38.000,3,23438.0000,23438.0000,23437.0000,23437.0000,845,-1.0000,107.9300,-0.0450,122.4800,-0.00333333333333333333333333,Other,,0,False,False
950,10:53:50.000,10:53:38.000,10:53:50.000,12,23437.0000,23438.3000,23437.0000,23438.3000,1300,1.3000,109.12777777777777777777777778,1.19777777777777777777777778,121.23235294117647058823529412,-1.24764705882352941176470588,Other,,0,False,False
951,10:53:50.000,10:53:50.000,10:53:50.000,0,23438.3000,23438.3000,23438.3000,23438.3000,650,0.0000,,,,,Other,,0,False,False
952,10:53:57.000,10:53:52.000,10:53:57.000,5,23438.3000,23439.0000,23438.3000,23439.0000,650,0.7000,110.43333333333333333333333333,,120.20555555555555555555555556,,Other,,0,False,False
953,10:54:20.000,10:53:57.000,10:54:20.000,23,23439.0000,23443.0000,23438.0000,23442.0000,650,3.0000,111.08591549295774647887323944,0.65258215962441314553990611,119.60845070422535211267605634,-0.59710485133020344287949922,Other,,0,False,False
954,10:54:31.000,10:54:20.000,10:54:31.000,11,23442.0000,23442.0000,23439.5000,23440.0000,910,-2.0000,110.09857142857142857142857143,-0.98734406438631790744466801,120.38870967741935483870967742,0.78025897319400272603362108,Other,,0,False,False
955,10:54:43.000,10:54:31.000,10:54:43.000,12,23440.0000,23440.7000,23438.0000,23438.0000,1235,-2.0000,110.22142857142857142857142857,0.12285714285714285714285714,120.62857142857142857142857143,0.23986175115207373271889401,Other,,0,False,False
956,10:54:45.000,10:54:43.000,10:54:45.000,2,23438.0000,23438.4000,23438.0000,23438.4000,975,0.4000,109.16666666666666666666666667,-1.05476190476190476190476190,121.46666666666666666666666667,0.83809523809523809523809524,A,A,1,False,False
957,10:54:48.000,10:54:45.000,10:54:48.000,3,23438.4000,23438.4000,23438.0000,23438.0000,1495,-0.4000,108.8625,-0.30416666666666666666666667,121.7500,0.28333333333333333333333333,Other,,0,False,False
958,10:54:48.000,10:54:48.000,10:54:48.000,0,23438.0000,23438.0000,23438.0000,23438.0000,845,0.0000,,,,,Other,,0,False,False
959,10:54:50.000,10:54:50.000,10:54:50.000,0,23438.0000,23438.0000,23438.0000,23438.0000,650,0.0000,108.7250,,121.6500,,Other,,0,False,False
960,10:54:55.000,10:54:50.000,10:54:55.000,5,23438.0000,23438.0000,23432.9000,23432.9000,1755,-5.1000,108.9500,0.2250,121.6500,0.0000,Other,,0,False,False
961,10:54:55.000,10:54:55.000,10:54:55.000,0,23432.9000,23432.9000,23432.9000,23432.9000,1105,0.0000,,,,,Other,,0,False,False
962,10:54:56.000,10:54:55.000,10:54:56.000,1,23438.1000,23438.1000,23436.0000,23436.0000,715,3.1000,108.9000,,121.7500,,Other,,0,False,False
963,10:55:11.000,10:54:56.000,10:55:11.000,15,23436.0000,23442.0000,23434.1000,23434.8000,650,-1.2000,109.22553191489361702127659574,0.32553191489361702127659574,121.62244897959183673469387755,-0.12755102040816326530612245,B,B,1,False,False
964,10:55:25.000,10:55:11.000,10:55:25.000,14,23434.8000,23445.0000,23434.8000,23445.0000,2210,10.2000,108.49090909090909090909090909,-0.73462282398452611218568665,122.2300,0.60755102040816326530612245,A,A,1,False,False
965,10:55:25.000,10:55:25.000,10:55:25.000,0,23445.0000,23445.0000,23445.0000,23445.0000,1560,0.0000,,,,,Other,,0,False,False
966,10:55:25.000,10:55:25.000,10:55:25.000,0,23434.2000,23434.2000,23434.2000,23434.2000,910,-10.8000,,,,,Other,,0,False,False
967,10:55:50.000,10:55:25.000,10:55:50.000,25,23434.2000,23445.0000,23434.2000,23435.1000,650,0.9000,109.27333333333333333333333333,,121.44315068493150684931506849,,Other,,0,False,False
968,10:56:08.000,10:55:50.000,10:56:08.000,18,23435.1000,23438.0000,23435.1000,23438.0000,780,2.9000,110.42727272727272727272727273,1.15393939393939393939393940,120.35701754385964912280701754,-1.08613314107185772650805095,Other,,0,False,False
969,10:56:11.000,10:56:08.000,10:56:11.000,3,23438.0000,23438.0000,23438.0000,23438.0000,715,0.0000,111.2900,0.86272727272727272727272727,119.7700,-0.58701754385964912280701754,Other,,0,False,False
970,10:56:15.000,10:56:11.000,10:56:15.000,4,23438.0000,23438.6000,23437.6000,23438.6000,910,0.6000,111.66666666666666666666666667,0.37666666666666666666666667,119.1700,-0.6000,Other,,0,False,False
971,10:56:20.000,10:56:15.000,10:56:20.000,5,23438.6000,23443.0000,23438.6000,23443.0000,1040,4.4000,112.1250,0.45833333333333333333333333,119.17857142857142857142857143,0.00857142857142857142857143,Other,,0,False,False
972,10:56:25.000,10:56:20.000,10:56:25.000,5,23443.0000,23443.0000,23439.0000,23441.3000,715,-1.7000,112.1250,0.0000,119.2000,0.02142857142857142857142857,Other,,0,False,False
973,10:56:31.000,10:56:25.000,10:56:31.000,6,23441.3000,23445.0000,23438.8000,23445.0000,4745,3.7000,113.38421052631578947368421053,1.25921052631578947368421053,118.07105263157894736842105263,-1.12894736842105263157894737,Other,,0,False,False
974,10:56:31.000,10:56:31.000,10:56:31.000,0,23445.0000,23445.0000,23445.0000,23445.0000,4095,0.0000,,,,,Other,,0,False,False
975,10:56:33.000,10:56:33.000,10:56:33.000,0,23445.7000,23445.7000,23445.7000,23445.7000,3900,0.7000,114.1000,,117.1750,,Other,,0,False,False
976,10:56:33.000,10:56:33.000,10:56:33.000,0,23445.7000,23445.7000,23445.7000,23445.7000,3250,0.0000,,,,,Other,,0,False,False
977,10:56:34.000,10:56:34.000,10:56:34.000,0,23445.0000,23445.0000,23445.0000,23445.0000,2600,-0.7000,113.7500,,117.6500,,Other,,0,False,False
978,10:56:34.000,10:56:34.000,10:56:34.000,0,23445.0000,23445.0000,23445.0000,23445.0000,1950,0.0000,,,,,Other,,0,False,False
979,10:56:35.000,10:56:35.000,10:56:35.000,0,23445.0000,23445.0000,23445.0000,23445.0000,1365,0.0000,113.6500,,117.8500,,Other,,0,False,False
980,10:56:35.000,10:56:35.000,10:56:35.000,0,23445.0000,23445.0000,23445.0000,23445.0000,715,0.0000,,,,,Other,,0,False,False
981,10:56:54.000,10:56:36.000,10:56:54.000,18,23445.0000,23445.7000,23441.3000,23441.3000,650,-3.7000,112.1950,,119.00925925925925925925925926,,Other,,0,False,False
982,10:57:14.000,10:56:54.000,10:57:14.000,20,23441.3000,23446.0000,23437.8000,23437.8000,1495,-3.5000,110.83461538461538461538461538,-1.36038461538461538461538462,120.12457627118644067796610169,1.11531701192718141870684243,Other,,0,False,False
983,10:57:14.000,10:57:14.000,10:57:14.000,0,23437.8000,23437.8000,23437.8000,23437.8000,845,0.0000,,,,,Other,,0,False,False
984,10:57:33.000,10:57:15.000,10:57:33.000,18,23445.7000,23445.7000,23438.1000,23439.1000,715,1.3000,111.93474576271186440677966102,,119.21929824561403508771929825,,Other,,0,False,False
985,10:57:51.000,10:57:33.000,10:57:51.000,18,23439.1000,23439.8000,23439.1000,23439.5000,650,0.4000,110.11111111111111111111111111,-1.82363465160075329566854991,120.73518518518518518518518519,1.51588693957115009746588694,A,A,1,False,False
986,10:58:14.000,10:57:51.000,10:58:14.000,23,23439.5000,23440.0000,23438.0000,23438.0000,650,-1.5000,110.43492063492063492063492063,0.32380952380952380952380952,120.37042253521126760563380282,-0.36476264997391757955138237,B,B,1,False,False
987,10:58:29.000,10:58:14.000,10:58:29.000,15,23438.0000,23440.8000,23438.0000,23440.8000,780,2.8000,110.81666666666666666666666667,0.38174603174603174603174604,119.78157894736842105263157895,-0.58884358784284655300222387,Other,,0,False,False
988,10:58:43.000,10:58:29.000,10:58:43.000,14,23440.8000,23440.8000,23438.0000,23438.0000,650,-2.8000,110.24230769230769230769230769,-0.57435897435897435897435898,120.5974358974358974358974359,0.81585695006747638326585695,Other,,0,False,False
989,10:58:51.000,10:58:43.000,10:58:51.000,8,23438.0000,23438.0000,23438.0000,23438.0000,715,0.0000,109.72083333333333333333333333,-0.52147435897435897435897436,121.08888888888888888888888889,0.49145299145299145299145299,Other,,0,False,False
990,10:59:02.000,10:58:51.000,10:59:02.000,11,23438.0000,23438.0000,23436.2000,23436.2000,650,-1.8000,109.10810810810810810810810811,-0.61272522522522522522522522,121.72702702702702702702702703,0.63813813813813813813813814,Other,,0,False,False
991,10:59:12.000,10:59:02.000,10:59:12.000,10,23436.2000,23436.7000,23435.1000,23435.1000,780,-1.1000,108.834375,-0.27373310810810810810810811,122.01071428571428571428571429,0.28368725868725868725868726,Other,,0,False,False
992,10:59:16.000,10:59:12.000,10:59:16.000,4,23435.1000,23435.1000,23434.5000,23434.5000,1365,-0.6000,108.1250,-0.709375,122.39166666666666666666666667,0.38095238095238095238095238,Other,,0,False,False
993,10:59:16.000,10:59:16.000,10:59:16.000,0,23434.5000,23434.5000,23434.5000,23434.5000,715,0.0000,,,,,Other,,0,False,False
994,10:59:24.000,10:59:17.000,10:59:24.000,7,23434.5000,23434.5000,23434.0000,23434.0000,910,-0.5000,108.57083333333333333333333333,,122.30769230769230769230769231,,Other,,0,False,False
995,10:59:25.000,10:59:24.000,10:59:25.000,1,23434.0000,23434.3000,23434.0000,23434.3000,650,0.3000,108.6250,0.05416666666666666666666667,121.9250,-0.38269230769230769230769231,Other,,0,False,False
996,10:59:40.000,10:59:25.000,10:59:40.000,15,23434.3000,23435.6000,23434.0000,23435.6000,715,1.3000,107.52653061224489795918367347,-1.09846938775510204081632653,123.09693877551020408163265306,1.17193877551020408163265306,A,A,1,False,False
997,11:00:08.000,10:59:40.000,11:00:08.000,28,23435.6000,23437.0000,23432.1000,23432.1000,780,-3.5000,108.20172413793103448275862069,0.67519352568613652357494722,122.61321839080459770114942529,-0.48372038470560638048322777,B,B,1,False,False
998,11:00:15.000,11:00:08.000,11:00:15.000,7,23432.1000,23435.5000,23432.0000,23435.5000,715,3.4000,107.6150,-0.58672413793103448275862069,123.16818181818181818181818182,0.55496342737722048066875653,A,A,1,False,False
999,11:00:42.000,11:00:15.000,11:00:42.000,27,23435.5000,23437.2000,23433.1000,23435.0000,650,-0.5000,108.34493670886075949367088608,0.72993670886075949367088608,122.51518987341772151898734177,-0.65299194476409666283084005,B,B,1,False,False
1000,11:01:07.000,11:00:42.000,11:01:07.000,25,23435.0000,23439.0000,23435.0000,23435.0000,650,0.0000,108.70547945205479452054794521,0.36054274319403502687705913,121.94275362318840579710144928,-0.57243625022931572188589249,Other,,0,False,False
1001,11:01:15.000,11:01:07.000,11:01:15.000,8,23435.0000,23435.7000,23434.3000,23434.3000,715,-0.7000,108.71818181818181818181818182,0.01270236612702366127023661,122.1750,0.23224637681159420289855072,Other,,0,False,False
1002,11:01:38.000,11:01:15.000,11:01:38.000,23,23434.3000,23438.0000,23434.0000,23438.0000,650,3.7000,109.48769230769230769230769231,0.76951048951048951048951049,121.57318840579710144927536232,-0.60181159420289855072463768,Other,,0,False,False
1003,11:02:43.000,11:01:38.000,11:02:43.000,65,23438.0000,23438.0000,23433.1000,23436.1000,650,-1.9000,109.44236842105263157894736842,-0.04532388663967611336032389,121.16835106382978723404255319,-0.40483734196731421523280913,Other,,0,False,False
1004,11:03:19.000,11:02:43.000,11:03:19.000,36,23436.1000,23440.0000,23436.1000,23440.0000,780,3.9000,109.63486238532110091743119266,0.19249396426846933848382424,120.70272727272727272727272727,-0.46562379110251450676982592,Other,,0,False,False
1005,11:03:26.000,11:03:19.000,11:03:26.000,7,23440.0000,23440.0000,23436.8000,23440.0000,845,0.0000,110.6300,0.99513761467889908256880734,119.80454545454545454545454545,-0.89818181818181818181818182,Other,,0,False,False
1006,11:03:41.000,11:03:26.000,11:03:41.000,15,23440.0000,23441.9000,23438.0000,23441.9000,650,1.9000,109.98837209302325581395348837,-0.64162790697674418604651163,120.53085106382978723404255319,0.72630560928433268858800774,A,A,1,False,False
1007,11:04:14.000,11:03:41.000,11:04:14.000,33,23441.9000,23441.9000,23435.0000,23435.1000,2795,-6.8000,108.73080808080808080808080808,-1.25756401221517500587268029,121.78172043010752688172043011,1.25086936627773964767787692,Other,,0,False,False
1008,11:04:14.000,11:04:14.000,11:04:14.000,0,23435.1000,23435.1000,23435.1000,23435.1000,2145,0.0000,,,,,Other,,0,False,False
1009,11:04:14.000,11:04:14.000,11:04:14.000,0,23434.0000,23434.0000,23434.0000,23434.0000,1495,-1.1000,,,,,Other,,0,False,False
1010,11:04:14.000,11:04:14.000,11:04:14.000,0,23434.0000,23434.0000,23434.0000,23434.0000,845,0.0000,,,,,Other,,0,False,False
1011,11:04:22.000,11:04:16.000,11:04:22.000,6,23434.0000,23435.0000,23433.0000,23433.0000,910,-1.0000,106.9625,,123.34583333333333333333333333,,Other,,0,False,False
1012,11:04:37.000,11:04:22.000,11:04:37.000,15,23433.0000,23434.0000,23431.1000,23434.0000,1040,1.0000,106.08191489361702127659574468,-0.88058510638297872340425532,124.09111111111111111111111111,0.74527777777777777777777778,A,A,1,False,False
1013,11:04:39.000,11:04:37.000,11:04:39.000,2,23434.0000,23434.0000,23433.6000,23433.6000,715,-0.4000,106.23333333333333333333333333,0.15141843971631205673758865,123.9250,-0.16611111111111111111111111,B,B,1,False,False
1014,11:04:45.000,11:04:39.000,11:04:45.000,6,23433.6000,23435.0000,23433.6000,23435.0000,780,1.4000,107.91666666666666666666666667,1.68333333333333333333333334,122.6500,-1.2750,Other,,0,False,False
1015,11:05:09.000,11:04:45.000,11:05:09.000,24,23435.0000,23440.0000,23433.6000,23433.6000,715,-1.4000,107.79782608695652173913043478,-0.11884057971014492753623189,122.3369565217391304347826087,-0.3130434782608695652173913,Other,,0,False,False
1016,11:05:40.000,11:05:09.000,11:05:40.000,31,23433.6000,23440.0000,23433.6000,23440.0000,650,6.4000,109.07967032967032967032967033,1.28184424271380793119923555,120.74835164835164835164835165,-1.58860487338748208313425705,Other,,0,False,False
1017,11:05:42.000,11:05:40.000,11:05:42.000,2,23440.0000,23440.0000,23440.0000,23440.0000,650,0.0000,110.7000,1.62032967032967032967032967,119.26666666666666666666666667,-1.48168498168498168498168498,Other,,0,False,False
1018,11:06:10.000,11:05:42.000,11:06:10.000,28,23440.0000,23444.0000,23437.6000,23438.0000,650,-2.0000,110.81923076923076923076923077,0.11923076923076923076923077,119.44340659340659340659340659,0.17673992673992673992673992,Other,,0,False,False
1019,11:06:16.000,11:06:10.000,11:06:16.000,6,23438.0000,23444.0000,23438.0000,23444.0000,1105,6.0000,111.9500,1.13076923076923076923076923,118.53333333333333333333333333,-0.91007326007326007326007326,Other,,0,False,False
1020,11:06:28.000,11:06:16.000,11:06:28.000,12,23444.0000,23445.0000,23440.0000,23445.0000,1040,1.0000,111.92777777777777777777777778,-0.02222222222222222222222222,118.61388888888888888888888889,0.08055555555555555555555556,A,A,1,False,False
1021,11:06:36.000,11:06:28.000,11:06:36.000,8,23445.0000,23445.0000,23440.1000,23445.0000,650,0.0000,112.22222222222222222222222222,0.29444444444444444444444444,118.25740740740740740740740741,-0.35648148148148148148148148,Other,,0,False,False
1022,11:06:44.000,11:06:36.000,11:06:44.000,8,23445.0000,23445.9000,23441.1000,23445.9000,650,0.9000,113.13928571428571428571428571,0.91706349206349206349206349,117.44615384615384615384615385,-0.81125356125356125356125356,Other,,0,False,False
1023,11:06:48.000,11:06:44.000,11:06:48.000,4,23445.9000,23446.8000,23442.7000,23446.8000,1040,0.9000,113.25833333333333333333333333,0.11904761904761904761904762,117.35833333333333333333333333,-0.08782051282051282051282052,Other,,0,False,False
1024,11:06:51.000,11:06:48.000,11:06:51.000,3,23446.8000,23447.0000,23446.8000,23447.0000,1170,0.2000,113.8000,0.54166666666666666666666667,116.3700,-0.98833333333333333333333333,Other,,0,False,False
1025,11:06:52.000,11:06:51.000,11:06:52.000,1,23447.0000,23448.0000,23446.0000,23446.0000,1430,-1.0000,114.0250,0.2250,115.9000,-0.4700,B,B,1,False,False
1026,11:06:52.000,11:06:52.000,11:06:52.000,0,23446.0000,23446.0000,23446.0000,23446.0000,780,0.0000,,,,,Other,,0,False,False
1027,11:06:57.000,11:06:54.000,11:06:57.000,3,23446.0000,23448.8000,23444.2000,23448.8000,910,2.8000,113.94166666666666666666666667,,115.92142857142857142857142857,,Other,,0,False,False
1028,11:06:59.000,11:06:57.000,11:06:59.000,2,23448.8000,23448.8000,23448.8000,23448.8000,845,0.0000,114.1500,0.20833333333333333333333333,115.9750,0.05357142857142857142857143,Other,,0,False,False
1029,11:07:01.000,11:06:59.000,11:07:01.000,2,23448.8000,23448.8000,23448.7000,23448.7000,715,-0.1000,114.01666666666666666666666667,-0.13333333333333333333333333,116.00555555555555555555555556,0.03055555555555555555555556,Other,,0,False,False
1030,11:07:07.000,11:07:01.000,11:07:07.000,6,23448.7000,23448.8000,23447.3000,23448.8000,910,0.1000,114.29444444444444444444444444,0.27777777777777777777777777,115.88888888888888888888888889,-0.11666666666666666666666667,Other,,0,False,False
1031,11:07:09.000,11:07:07.000,11:07:09.000,2,23448.8000,23448.8000,23447.8000,23447.9000,1690,-0.9000,113.33333333333333333333333333,-0.96111111111111111111111111,117.01666666666666666666666667,1.12777777777777777777777778,Other,,0,False,False
1032,11:07:09.000,11:07:09.000,11:07:09.000,0,23447.9000,23447.9000,23447.9000,23447.9000,1040,0.0000,,,,,Other,,0,False,False
1033,11:07:11.000,11:07:10.000,11:07:11.000,1,23448.0000,23448.2000,23448.0000,23448.2000,1105,0.3000,113.36666666666666666666666667,,116.73333333333333333333333333,,Other,,0,False,False
1034,11:07:12.000,11:07:11.000,11:07:12.000,1,23448.2000,23448.2000,23448.2000,23448.2000,715,0.0000,114.4750,1.10833333333333333333333333,115.8500,-0.88333333333333333333333333,Other,,0,False,False
1035,11:07:20.000,11:07:12.000,11:07:20.000,8,23448.2000,23449.0000,23448.2000,23448.2000,715,0.0000,114.88846153846153846153846154,0.41346153846153846153846154,115.18846153846153846153846154,-0.66153846153846153846153846,Other,,0,False,False
1036,11:07:25.000,11:07:20.000,11:07:25.000,5,23448.2000,23449.5000,23448.2000,23449.5000,2665,1.3000,115.6875,0.79903846153846153846153846,114.6000,-0.58846153846153846153846154,Other,,0,False,False
1037,11:07:25.000,11:07:25.000,11:07:25.000,0,23449.5000,23449.5000,23449.5000,23449.5000,2015,0.0000,,,,,Other,,0,False,False
1038,11:07:27.000,11:07:27.000,11:07:27.000,0,23449.9000,23449.9000,23449.9000,23449.9000,1365,0.4000,115.6250,,114.7750,,Other,,0,False,False
1039,11:07:27.000,11:07:27.000,11:07:27.000,0,23449.9000,23449.9000,23449.9000,23449.9000,715,0.0000,,,,,Other,,0,False,False
1040,11:07:30.000,11:07:27.000,11:07:30.000,3,23449.9000,23450.0000,23448.3000,23450.0000,1820,0.1000,115.63181818181818181818181818,,114.57727272727272727272727273,,Other,,0,False,False
1041,11:07:30.000,11:07:30.000,11:07:30.000,0,23450.0000,23450.0000,23450.0000,23450.0000,1170,0.0000,,,,,Other,,0,False,False
1042,11:07:34.000,11:07:32.000,11:07:34.000,2,23450.0000,23450.0000,23448.3000,23449.9000,2535,-0.1000,115.0875,,115.1500,,Other,,0,False,False
1043,11:07:34.000,11:07:34.000,11:07:34.000,0,23449.9000,23449.9000,23449.9000,23449.9000,1885,0.0000,,,,,Other,,0,False,False
1044,11:07:35.000,11:07:35.000,11:07:35.000,0,23449.9000,23449.9000,23449.9000,23449.9000,1235,0.0000,115.2000,,115.1000,,Other,,0,False,False
1045,11:07:35.000,11:07:35.000,11:07:35.000,0,23449.9000,23449.9000,23449.9000,23449.9000,2015,0.0000,,,,,Other,,0,False,False
1046,11:07:35.000,11:07:35.000,11:07:35.000,0,23449.9000,23449.9000,23449.9000,23449.9000,1365,0.0000,,,,,Other,,0,False,False
1047,11:07:37.000,11:07:37.000,11:07:37.000,0,23450.0000,23450.0000,23450.0000,23450.0000,910,0.1000,115.5000,,114.7000,,Other,,0,False,False
1048,11:07:40.000,11:07:37.000,11:07:40.000,3,23450.0000,23450.0000,23449.9000,23450.0000,845,0.0000,115.0800,-0.4200,115.1100,0.4100,Other,,0,False,False
1049,11:07:42.000,11:07:40.000,11:07:42.000,2,23450.0000,23450.0000,23449.9000,23449.9000,1560,-0.1000,114.1500,-0.9300,116.0500,0.9400,Other,,0,False,False
1050,11:07:42.000,11:07:42.000,11:07:42.000,0,23449.9000,23449.9000,23449.9000,23449.9000,910,0.0000,,,,,Other,,0,False,False
1051,11:07:43.000,11:07:43.000,11:07:43.000,0,23448.7000,23448.7000,23448.2000,23448.2000,1430,-1.7000,113.0500,,116.9500,,Other,,0,False,False
1052,11:07:43.000,11:07:43.000,11:07:43.000,0,23448.2000,23448.2000,23448.2000,23448.2000,780,0.0000,,,,,Other,,0,False,False
1053,11:07:47.000,11:07:45.000,11:07:47.000,2,23448.3000,23448.3000,23446.0000,23446.0000,780,-2.2000,113.6500,,116.8800,,Other,,0,False,False
1054,11:08:06.000,11:07:47.000,11:08:06.000,19,23446.0000,23449.2000,23444.9000,23448.8000,715,2.8000,113.98524590163934426229508197,0.33524590163934426229508197,116.29818181818181818181818182,-0.58181818181818181818181818,Other,,0,False,False
1055,11:08:08.000,11:08:06.000,11:08:08.000,2,23448.8000,23448.8000,23442.6000,23442.6000,715,-6.2000,113.9000,-0.08524590163934426229508197,116.7500,0.45181818181818181818181818,Other,,0,False,False
1056,11:08:21.000,11:08:08.000,11:08:21.000,13,23442.6000,23446.8000,23442.1000,23442.1000,715,-0.5000,112.84761904761904761904761905,-1.05238095238095238095238095,117.54473684210526315789473684,0.79473684210526315789473684,Other,,0,False,False
1057,11:08:36.000,11:08:21.000,11:08:36.000,15,23442.1000,23450.0000,23442.1000,23449.2000,650,7.1000,111.39897959183673469387755102,-1.44863945578231292517006803,118.64795918367346938775510204,1.10322234156820622986036520,A,A,1,False,False
1058,11:08:43.000,11:08:36.000,11:08:43.000,7,23449.2000,23449.9000,23442.2000,23449.9000,650,0.7000,110.7600,-0.63897959183673469387755102,118.85909090909090909090909091,0.21113172541743970315398887,A,A,2,True,False
1059,11:09:21.000,11:08:43.000,11:09:21.000,38,23449.9000,23452.1000,23440.0000,23440.1000,3445,-9.8000,112.08949579831932773109243697,1.32949579831932773109243697,118.04144144144144144144144144,-0.81764946764946764946764947,B,B,1,False,False
1060,11:09:21.000,11:09:21.000,11:09:21.000,0,23440.1000,23440.1000,23440.1000,23440.1000,2795,0.0000,,,,,Other,,0,False,False
1061,11:09:23.000,11:09:23.000,11:09:23.000,0,23440.1000,23440.1000,23440.1000,23440.1000,2145,0.0000,111.8500,,118.5000,,Other,,0,False,False
1062,11:09:23.000,11:09:23.000,11:09:23.000,0,23440.1000,23440.1000,23440.1000,23440.1000,1495,0.0000,,,,,Other,,0,False,False
1063,11:09:24.000,11:09:24.000,11:09:24.000,0,23440.1000,23440.1000,23440.1000,23440.1000,845,0.0000,111.1750,,118.9500,,Other,,0,False,False
1064,11:10:11.000,11:09:24.000,11:10:11.000,47,23440.1000,23449.0000,23440.0000,23448.0000,650,7.9000,111.44466666666666666666666667,0.26966666666666666666666667,118.4575,-0.4925,Other,,0,False,False
1065,11:10:28.000,11:10:11.000,11:10:28.000,17,23448.0000,23449.0000,23444.1000,23446.1000,1300,-1.9000,113.47407407407407407407407407,2.02940740740740740740740740,116.33888888888888888888888889,-2.11861111111111111111111111,B,B,1,False,False
1066,11:10:28.000,11:10:28.000,11:10:28.000,0,23446.1000,23446.1000,23446.1000,23446.1000,650,0.0000,,,,,Other,,0,False,False
1067,11:10:36.000,11:10:29.000,11:10:36.000,7,23446.1000,23448.2000,23444.0000,23445.0000,1105,-1.1000,113.71296296296296296296296296,,116.3760,,Other,,0,False,False
1068,11:10:41.000,11:10:36.000,11:10:41.000,5,23445.0000,23445.4000,23445.0000,23445.4000,715,0.4000,113.58571428571428571428571429,-0.12724867724867724867724867,116.2250,-0.1510,Other,,0,False,False
1069,11:10:48.000,11:10:41.000,11:10:48.000,7,23445.4000,23445.4000,23445.0000,23445.1000,650,-0.3000,113.8050,0.21928571428571428571428571,116.09444444444444444444444444,-0.13055555555555555555555556,B,B,1,False,False
1070,11:10:57.000,11:10:48.000,11:10:57.000,9,23445.1000,23448.0000,23445.1000,23445.2000,650,0.1000,113.71071428571428571428571429,-0.09428571428571428571428571,116.16785714285714285714285714,0.07341269841269841269841270,A,A,1,False,False
1071,11:11:11.000,11:10:57.000,11:11:11.000,14,23445.2000,23448.0000,23444.1000,23448.0000,845,2.8000,113.35897435897435897435897436,-0.35173992673992673992673993,116.19512195121951219512195122,0.02726480836236933797909408,A,A,2,True,False
1072,11:11:28.000,11:11:11.000,11:11:28.000,17,23448.0000,23448.8000,23444.7000,23445.3000,910,-2.7000,113.74259259259259259259259259,0.38361823361823361823361823,115.97037037037037037037037037,-0.22475158084914182475158085,B,B,1,False,False
1073,11:11:33.000,11:11:28.000,11:11:33.000,5,23445.3000,23449.0000,23445.3000,23449.0000,780,3.7000,114.81666666666666666666666667,1.07407407407407407407407408,115.06666666666666666666666667,-0.90370370370370370370370370,Other,,0,False,False
1074,11:11:37.000,11:11:33.000,11:11:37.000,4,23449.0000,23449.9000,23449.0000,23449.2000,845,0.2000,115.71666666666666666666666667,0.90000000000000000000000000,114.6000,-0.46666666666666666666666667,Other,,0,False,False
1075,11:11:51.000,11:11:37.000,11:11:51.000,14,23449.2000,23451.0000,23446.5000,23449.0000,650,-0.2000,115.03333333333333333333333333,-0.68333333333333333333333334,115.1900,0.5900,Other,,0,False,False
1076,11:12:43.000,11:11:51.000,11:12:43.000,52,23449.0000,23450.0000,23446.1000,23447.0000,650,-2.0000,114.27006172839506172839506173,-0.76327160493827160493827160,116.47980769230769230769230769,1.28980769230769230769230769,Other,,0,False,False
1077,11:13:11.000,11:12:43.000,11:13:11.000,28,23447.0000,23451.0000,23446.1000,23451.0000,650,4.0000,115.67252747252747252747252747,1.40246574413241079907746574,115.22710843373493975903614458,-1.25269925857275254865616311,Other,,0,False,False
1078,11:13:22.000,11:13:11.000,11:13:22.000,11,23451.0000,23454.8000,23448.8000,23454.8000,1495,3.8000,117.13888888888888888888888889,1.46636141636141636141636142,114.02647058823529411764705882,-1.20063784549964564138908576,Other,,0,False,False
1079,11:13:22.000,11:13:22.000,11:13:22.000,0,23454.8000,23454.8000,23454.8000,23454.8000,845,0.0000,,,,,Other,,0,False,False
1080,11:13:24.000,11:13:23.000,11:13:24.000,1,23455.0000,23455.0000,23455.0000,23455.0000,910,0.2000,117.4000,,113.86666666666666666666666667,,Other,,0,False,False
1081,11:13:37.000,11:13:24.000,11:13:37.000,13,23455.0000,23455.0000,23450.1000,23450.1000,715,-4.9000,116.93292682926829268292682927,-0.46707317073170731707317073,114.13974358974358974358974359,0.27307692307692307692307692,Other,,0,False,False
1082,11:13:55.000,11:13:37.000,11:13:55.000,18,23450.1000,23455.0000,23450.1000,23455.0000,780,4.9000,116.33793103448275862068965517,-0.59499579478553406223717410,114.66346153846153846153846154,0.52371794871794871794871795,A,A,1,False,False
1083,11:14:25.000,11:13:55.000,11:14:25.000,30,23455.0000,23455.0000,23450.3000,23454.0000,650,-1.0000,116.2640449438202247191011236,-0.07388609066253390158853157,114.94367816091954022988505747,0.28021662245800176834659593,Other,,0,False,False
1084,11:14:40.000,11:14:25.000,11:14:40.000,15,23454.0000,23454.0000,23450.0000,23452.1000,1300,-1.9000,116.68571428571428571428571429,0.42166934189406099518459069,114.52790697674418604651162791,-0.41577118417535418337342956,B,B,1,False,False
1085,11:14:40.000,11:14:40.000,11:14:40.000,0,23452.1000,23452.1000,23452.1000,23452.1000,650,0.0000,,,,,Other,,0,False,False
1086,11:14:58.000,11:14:41.000,11:14:58.000,17,23452.1000,23454.0000,23450.0000,23450.2000,845,-1.9000,116.04285714285714285714285714,,115.03214285714285714285714286,,Other,,0,False,False
1087,11:15:05.000,11:14:58.000,11:15:05.000,7,23450.2000,23450.2000,23450.0000,23450.0000,780,-0.2000,115.41666666666666666666666667,-0.62619047619047619047619047,115.58095238095238095238095238,0.54880952380952380952380952,Other,,0,False,False
1088,11:15:24.000,11:15:05.000,11:15:24.000,19,23450.0000,23453.8000,23449.4000,23453.8000,1365,3.8000,114.15535714285714285714285714,-1.26130952380952380952380953,116.87777777777777777777777778,1.29682539682539682539682540,A,A,1,False,False
1089,11:15:24.000,11:15:24.000,11:15:24.000,0,23453.8000,23453.8000,23453.8000,23453.8000,715,0.0000,,,,,Other,,0,False,False
1090,11:15:27.000,11:15:26.000,11:15:27.000,1,23453.8000,23453.8000,23443.4000,23443.4000,715,-10.4000,114.4000,,116.8250,,Other,,0,False,False
1091,11:15:37.000,11:15:27.000,11:15:37.000,10,23443.4000,23451.0000,23443.4000,23444.0000,650,0.6000,113.61551724137931034482758621,-0.78448275862068965517241379,117.37903225806451612903225806,0.55403225806451612903225806,A,A,1,False,False
1092,11:15:55.000,11:15:37.000,11:15:55.000,18,23444.0000,23450.0000,23444.0000,23450.0000,1365,6.0000,112.67321428571428571428571429,-0.94230295566502463054187192,118.34074074074074074074074074,0.96170848267622461170848268,A,A,2,True,False
1093,11:15:55.000,11:15:55.000,11:15:55.000,0,23450.0000,23450.0000,23450.0000,23450.0000,715,0.0000,,,,,Other,,0,False,False
1094,11:16:12.000,11:15:57.000,11:16:12.000,15,23450.0000,23450.0000,23440.2000,23443.0000,715,-7.0000,112.06960784313725490196078431,,118.74411764705882352941176471,,Other,,0,False,False
1095,11:16:16.000,11:16:12.000,11:16:16.000,4,23443.0000,23443.5000,23437.7000,23440.0000,715,-3.0000,111.16428571428571428571428571,-0.90532212885154061624649860,119.19166666666666666666666667,0.44754901960784313725490196,Other,,0,False,False
1096,11:16:20.000,11:16:16.000,11:16:20.000,4,23440.0000,23448.0000,23440.0000,23448.0000,910,8.0000,111.69166666666666666666666667,0.52738095238095238095238096,118.9750,-0.21666666666666666666666667,Other,,0,False,False
1097,11:16:40.000,11:16:20.000,11:16:40.000,20,23448.0000,23448.0000,23440.0000,23442.0000,650,-6.0000,112.01967213114754098360655738,0.32800546448087431693989071,118.89692307692307692307692308,-0.07807692307692307692307692,B,B,1,False,False
1098,11:17:04.000,11:16:40.000,11:17:04.000,24,23442.0000,23442.5000,23438.7000,23438.7000,715,-3.3000,110.9860,-1.03367213114754098360655738,119.80064935064935064935064935,0.90372627372627372627372627,Other,,0,False,False
1099,11:17:22.000,11:17:04.000,11:17:22.000,18,23438.7000,23442.0000,23438.7000,23442.0000,650,3.3000,111.33076923076923076923076923,0.34476923076923076923076923,119.47678571428571428571428571,-0.32386363636363636363636364,Other,,0,False,False
1100,11:17:51.000,11:17:22.000,11:17:51.000,29,23442.0000,23442.0000,23436.0000,23436.0000,650,-6.0000,108.9456043956043956043956044,-2.38516483516483516483516483,121.37134831460674157303370787,1.89456260032102728731942216,Other,,0,False,False
1101,11:18:06.000,11:17:51.000,11:18:06.000,15,23436.0000,23437.0000,23436.0000,23437.0000,780,1.0000,108.81555555555555555555555556,-0.13004884004884004884004884,121.44893617021276595744680851,0.07758785560602438441310064,A,A,1,False,False
1102,11:18:11.000,11:18:06.000,11:18:11.000,5,23437.0000,23437.0000,23436.9000,23437.0000,715,0.0000,109.46428571428571428571428571,0.64873015873015873015873015,121.09285714285714285714285714,-0.35607902735562310030395137,Other,,0,False,False
1103,11:18:12.000,11:18:11.000,11:18:12.000,1,23437.0000,23437.1000,23437.0000,23437.1000,2340,0.1000,109.9500,0.48571428571428571428571429,120.6750,-0.41785714285714285714285714,Other,,0,False,False
1104,11:18:12.000,11:18:12.000,11:18:12.000,0,23437.1000,23437.1000,23437.1000,23437.1000,1690,0.0000,,,,,Other,,0,False,False
1105,11:18:14.000,11:18:14.000,11:18:14.000,0,23437.1000,23437.1000,23437.1000,23437.1000,1040,0.0000,109.7750,,120.8500,,Other,,0,False,False
1106,11:18:30.000,11:18:14.000,11:18:30.000,16,23437.1000,23437.1000,23436.0000,23437.0000,975,-0.1000,109.34795918367346938775510204,-0.42704081632653061224489796,121.07906976744186046511627907,0.22906976744186046511627907,Other,,0,False,False
1107,11:18:44.000,11:18:30.000,11:18:44.000,14,23437.0000,23439.9000,23436.0000,23436.5000,650,-0.5000,108.87631578947368421052631579,-0.47164339419978517722878625,121.48421052631578947368421053,0.40514075887392900856793146,Other,,0,False,False
1108,11:19:01.000,11:18:44.000,11:19:01.000,17,23436.5000,23439.0000,23435.9000,23439.0000,650,2.5000,107.92352941176470588235294118,-0.95278637770897832817337461,122.38235294117647058823529412,0.89814241486068111455108359,A,A,1,False,False
1109,11:19:07.000,11:19:01.000,11:19:07.000,6,23439.0000,23439.0000,23435.9000,23439.0000,715,0.0000,109.26666666666666666666666667,1.34313725490196078431372549,121.2450,-1.13735294117647058823529412,Other,,0,False,False
1110,11:19:28.000,11:19:07.000,11:19:28.000,21,23439.0000,23439.0000,23436.3000,23437.5000,845,-1.5000,109.26363636363636363636363636,-0.00303030303030303030303031,121.1765625,-0.0684375,Other,,0,False,False
1111,11:19:33.000,11:19:28.000,11:19:33.000,5,23437.5000,23437.6000,23435.0000,23435.0000,975,-2.5000,107.9000,-1.36363636363636363636363636,122.45294117647058823529411765,1.27637867647058823529411765,Other,,0,False,False
1112,11:19:54.000,11:19:33.000,11:19:54.000,21,23435.0000,23437.3000,23435.0000,23436.8000,780,1.8000,108.28709677419354838709677419,0.38709677419354838709677419,122.11470588235294117647058824,-0.33823529411764705882352941,Other,,0,False,False
1113,11:19:56.000,11:19:54.000,11:19:56.000,2,23436.8000,23436.8000,23431.1000,23431.1000,1625,-5.7000,107.3000,-0.98709677419354838709677419,123.1000,0.98529411764705882352941176,Other,,0,False,False
1114,11:19:56.000,11:19:56.000,11:19:56.000,0,23431.1000,23431.1000,23431.1000,23431.1000,975,0.0000,,,,,Other,,0,False,False
1115,11:19:59.000,11:19:58.000,11:19:59.000,1,23431.1000,23432.0000,23431.1000,23432.0000,975,0.9000,107.4500,,122.5500,,Other,,0,False,False
1116,11:20:01.000,11:19:59.000,11:20:01.000,2,23432.0000,23436.0000,23432.0000,23432.0000,845,0.0000,107.62857142857142857142857143,0.17857142857142857142857143,122.59285714285714285714285714,0.04285714285714285714285714,Other,,0,False,False
1117,11:20:03.000,11:20:01.000,11:20:03.000,2,23432.0000,23432.0000,23432.0000,23432.0000,780,0.0000,108.53333333333333333333333333,0.90476190476190476190476190,122.16666666666666666666666667,-0.42619047619047619047619047,Other,,0,False,False
1118,11:20:08.000,11:20:03.000,11:20:08.000,5,23432.0000,23439.0000,23432.0000,23437.2000,650,5.2000,109.64375,1.11041666666666666666666667,120.82857142857142857142857143,-1.33809523809523809523809524,Other,,0,False,False
1119,11:20:16.000,11:20:08.000,11:20:16.000,8,23437.2000,23439.0000,23435.0000,23435.0000,845,-2.2000,110.44615384615384615384615385,0.80240384615384615384615385,120.13846153846153846153846154,-0.69010989010989010989010989,B,B,1,False,False
1120,11:20:18.000,11:20:16.000,11:20:18.000,2,23435.0000,23445.0000,23435.0000,23445.0000,1040,10.0000,110.2000,-0.24615384615384615384615385,120.4000,0.26153846153846153846153846,A,A,1,False,False
1121,11:20:32.000,11:20:18.000,11:20:32.000,14,23445.0000,23448.0000,23437.5000,23448.0000,1365,3.0000,110.45232558139534883720930233,0.25232558139534883720930233,120.3900,-0.0100,Other,,0,False,False
1122,11:20:32.000,11:20:32.000,11:20:32.000,0,23448.0000,23448.0000,23448.0000,23448.0000,715,0.0000,,,,,Other,,0,False,False
1123,11:20:45.000,11:20:34.000,11:20:45.000,11,23448.0000,23448.0000,23439.3000,23447.6000,1365,-0.4000,110.15277777777777777777777778,,120.46944444444444444444444444,,Other,,0,False,False
1124,11:20:45.000,11:20:45.000,11:20:45.000,0,23447.6000,23447.6000,23447.6000,23447.6000,715,0.0000,,,,,Other,,0,False,False
1125,11:21:03.000,11:20:47.000,11:21:03.000,16,23447.6000,23447.6000,23439.0000,23439.0000,780,-8.6000,110.57075471698113207547169811,,120.27450980392156862745098039,,Other,,0,False,False
1126,11:21:12.000,11:21:03.000,11:21:12.000,9,23439.0000,23448.0000,23439.0000,23448.0000,650,9.0000,111.39230769230769230769230769,0.82155297532656023222060958,119.48076923076923076923076923,-0.79374057315233785822021116,Other,,0,False,False
1127,11:21:41.000,11:21:12.000,11:21:41.000,29,23448.0000,23448.0000,23439.6000,23441.6000,650,-6.4000,111.16666666666666666666666667,-0.22564102564102564102564102,119.8260,0.34523076923076923076923077,Other,,0,False,False
1128,11:22:11.000,11:21:41.000,11:22:11.000,30,23441.6000,23441.6000,23439.6000,23439.8000,1300,-1.8000,110.81764705882352941176470588,-0.34901960784313725490196079,119.98554216867469879518072289,0.15954216867469879518072289,Other,,0,False,False
1129,11:22:11.000,11:22:11.000,11:22:11.000,0,23439.8000,23439.8000,23439.8000,23439.8000,650,0.0000,,,,,Other,,0,False,False
1130,11:22:31.000,11:22:12.000,11:22:31.000,19,23441.2000,23444.6000,23441.2000,23444.3000,780,4.5000,112.2885245901639344262295082,,118.1515873015873015873015873,,Other,,0,False,False
1131,11:23:25.000,11:22:31.000,11:23:25.000,54,23444.3000,23444.3000,23440.6000,23442.0000,1495,-2.3000,111.77981366459627329192546584,-0.50871092556766113430404236,118.92360248447204968944099379,0.77201518288474810213940649,Other,,0,False,False
1132,11:23:25.000,11:23:25.000,11:23:25.000,0,23442.0000,23442.0000,23442.0000,23442.0000,845,0.0000,,,,,Other,,0,False,False
1133,11:23:37.000,11:23:27.000,11:23:37.000,10,23442.0000,23442.0000,23440.0000,23440.0000,845,-2.0000,111.82857142857142857142857143,,119.12428571428571428571428571,,Other,,0,False,False
1134,11:23:55.000,11:23:37.000,11:23:55.000,18,23440.0000,23442.7000,23440.0000,23442.7000,975,2.7000,111.5750,-0.25357142857142857142857143,119.4640,0.33971428571428571428571429,A,A,1,False,False
1135,11:23:56.000,11:23:55.000,11:23:56.000,1,23442.7000,23442.7000,23439.8000,23439.8000,780,-2.9000,111.1250,-0.4500,119.7250,0.2610,Other,,0,False,False
1136,11:24:19.000,11:23:56.000,11:24:19.000,23,23439.8000,23442.9000,23439.8000,23441.6000,715,1.8000,111.2541095890410958904109589,0.1291095890410958904109589,119.68358208955223880597014925,-0.04141791044776119402985075,Other,,0,False,False
1137,11:24:36.000,11:24:19.000,11:24:36.000,17,23441.6000,23441.6000,23441.2000,23441.2000,780,-0.4000,110.63265306122448979591836735,-0.62145652781660609449259155,119.92040816326530612244897959,0.23682607371306731647883034,Other,,0,False,False
1138,11:24:41.000,11:24:36.000,11:24:41.000,5,23441.2000,23443.0000,23441.2000,23441.2000,845,0.0000,111.04285714285714285714285714,0.41020408163265306122448979,119.43125,-0.48915816326530612244897959,Other,,0,False,False
1139,11:25:11.000,11:24:41.000,11:25:11.000,30,23441.2000,23441.5000,23439.0000,23439.0000,715,-2.2000,110.42528089887640449438202247,-0.61757624398073836276083467,119.80588235294117647058823529,0.37463235294117647058823529,Other,,0,False,False
1140,11:25:24.000,11:25:11.000,11:25:24.000,13,23439.0000,23439.9000,23439.0000,23439.3000,650,0.3000,110.36578947368421052631578947,-0.05949142519219396806623300,119.87222222222222222222222222,0.06633986928104575163398693,A,A,1,False,False
1141,11:26:03.000,11:25:24.000,11:26:03.000,39,23439.3000,23443.8000,23439.3000,23442.7000,650,3.4000,111.27192982456140350877192982,0.90614035087719298245614035,118.72330508474576271186440678,-1.14891713747645951035781544,Other,,0,False,False
1142,11:26:16.000,11:26:03.000,11:26:16.000,13,23442.7000,23447.0000,23442.6000,23446.5000,650,3.8000,113.71904761904761904761904762,2.44711779448621553884711780,116.45789473684210526315789474,-2.26541034790365744870651204,Other,,0,False,False
1143,11:26:29.000,11:26:16.000,11:26:29.000,13,23446.5000,23449.0000,23444.5000,23449.0000,650,2.5000,114.59761904761904761904761905,0.87857142857142857142857143,116.0175,-0.44039473684210526315789474,Other,,0,False,False
1144,11:26:39.000,11:26:29.000,11:26:39.000,10,23449.0000,23449.0000,23444.3000,23446.4000,910,-2.6000,114.31212121212121212121212121,-0.28549783549783549783549784,116.24090909090909090909090909,0.22340909090909090909090909,Other,,0,False,False
1145,11:26:49.000,11:26:39.000,11:26:49.000,10,23446.4000,23449.0000,23445.5000,23445.5000,780,-0.9000,114.96538461538461538461538462,0.65326340326340326340326341,115.734375,-0.50653409090909090909090909,B,B,1,False,False
1146,11:27:38.000,11:26:49.000,11:27:38.000,49,23445.5000,23447.1000,23445.0000,23445.0000,845,-0.5000,113.25352564102564102564102564,-1.71185897435897435897435898,117.30833333333333333333333333,1.57395833333333333333333333,Other,,0,False,False
1147,11:27:50.000,11:27:38.000,11:27:50.000,12,23445.0000,23445.0000,23442.0000,23442.0000,780,-3.0000,111.73157894736842105263157895,-1.52194669365721997300944669,118.81666666666666666666666667,1.50833333333333333333333334,Other,,0,False,False
1148,11:28:01.000,11:27:50.000,11:28:01.000,11,23442.0000,23442.3000,23442.0000,23442.3000,715,0.3000,111.23714285714285714285714286,-0.49443609022556390977443609,119.40571428571428571428571429,0.58904761904761904761904762,A,A,1,False,False
1149,11:28:40.000,11:28:01.000,11:28:40.000,39,23442.3000,23442.6000,23439.3000,23439.3000,650,-3.0000,110.5331858407079646017699115,-0.70395701643489254108723136,119.82563025210084033613445378,0.41991596638655462184873949,Other,,0,False,False
1150,11:29:02.000,11:28:40.000,11:29:02.000,22,23439.3000,23440.3000,23439.3000,23440.3000,1235,1.0000,110.32142857142857142857142857,-0.21175726927939317319848293,120.06428571428571428571428571,0.23865546218487394957983193,A,A,1,False,False
1151,11:29:07.000,11:29:02.000,11:29:07.000,5,23440.3000,23440.5000,23440.3000,23440.5000,650,0.2000,110.80833333333333333333333333,0.48690476190476190476190476,119.74285714285714285714285714,-0.32142857142857142857142857,Other,,0,False,False
1152,11:29:31.000,11:29:07.000,11:29:31.000,24,23440.5000,23442.0000,23440.0000,23440.0000,1105,-0.5000,110.96666666666666666666666667,0.15833333333333333333333334,119.76733333333333333333333333,0.02447619047619047619047619,Other,,0,False,False
1153,11:29:34.000,11:29:31.000,11:29:34.000,3,23440.0000,23440.0000,23440.0000,23440.0000,780,0.0000,111.7200,0.75333333333333333333333333,119.0800,-0.68733333333333333333333333,Other,,0,False,False
1154,11:30:03.000,11:29:34.000,11:30:03.000,29,23440.0000,23442.3000,23440.0000,23442.0000,780,2.0000,111.6614942528735632183908046,-0.0585057471264367816091954,119.12643678160919540229885057,0.04643678160919540229885057,A,A,1,False,False
1155,11:30:05.000,11:30:03.000,11:30:05.000,2,23442.0000,23442.0000,23442.0000,23442.0000,1235,0.0000,112.2500,0.5885057471264367816091954,118.5000,-0.62643678160919540229885057,Other,,0,False,False
1156,11:30:10.000,11:30:05.000,11:30:10.000,5,23442.0000,23445.0000,23442.0000,23445.0000,715,3.0000,111.55625,-0.69375,119.04375,0.54375,A,A,1,False,False
1157,11:30:23.000,11:30:10.000,11:30:23.000,13,23445.0000,23445.0000,23442.0000,23444.7000,715,-0.3000,111.5175,-0.03875,118.9225,-0.12125,Other,,0,False,False
1158,11:30:37.000,11:30:23.000,11:30:37.000,14,23444.7000,23449.0000,23444.7000,23449.0000,715,4.3000,113.89222222222222222222222222,2.37472222222222222222222222,116.90111111111111111111111111,-2.02138888888888888888888889,Other,,0,False,False
1159,11:30:43.000,11:30:37.000,11:30:43.000,6,23449.0000,23450.0000,23446.0000,23450.0000,845,1.0000,115.08888888888888888888888889,1.19666666666666666666666667,115.8625,-1.03861111111111111111111111,Other,,0,False,False
1160,11:30:57.000,11:30:43.000,11:30:57.000,14,23450.0000,23450.0000,23446.7000,23450.0000,780,0.0000,115.28571428571428571428571429,0.19682539682539682539682540,115.75227272727272727272727273,-0.11022727272727272727272727,Other,,0,False,False
1161,11:31:01.000,11:30:57.000,11:31:01.000,4,23450.0000,23450.0000,23446.4000,23447.9000,650,-2.1000,114.5900,-0.69571428571428571428571429,116.55384615384615384615384615,0.80157342657342657342657342,Other,,0,False,False
1162,11:31:22.000,11:31:01.000,11:31:22.000,21,23447.9000,23447.9000,23445.1000,23447.7000,715,-0.2000,114.63636363636363636363636364,0.04636363636363636363636364,116.40535714285714285714285714,-0.14848901098901098901098901,B,B,1,False,False
1163,11:31:30.000,11:31:22.000,11:31:30.000,8,23447.7000,23450.0000,23445.0000,23450.0000,650,2.3000,114.6720,0.03563636363636363636363636,116.45185185185185185185185185,0.04649470899470899470899471,Other,,0,False,False
1164,11:31:33.000,11:31:30.000,11:31:33.000,3,23450.0000,23450.0000,23445.9000,23450.0000,1365,0.0000,114.6500,-0.0220,116.5600,0.10814814814814814814814815,Other,,0,False,False
1165,11:31:33.000,11:31:33.000,11:31:33.000,0,23450.0000,23450.0000,23450.0000,23450.0000,715,0.0000,,,,,Other,,0,False,False
1166,11:31:43.000,11:31:33.000,11:31:43.000,10,23445.9000,23448.3000,23445.9000,23448.3000,650,-1.7000,114.1500,,116.984375,,Other,,0,False,False
1167,11:32:10.000,11:31:43.000,11:32:10.000,27,23448.3000,23450.0000,23446.9000,23448.3000,650,0.0000,114.7845679012345679012345679,0.6345679012345679012345679,116.52530120481927710843373494,-0.45907379518072289156626506,Other,,0,False,False
1168,11:32:16.000,11:32:10.000,11:32:16.000,6,23448.3000,23452.0000,23448.3000,23452.0000,1170,3.7000,117.09444444444444444444444444,2.30987654320987654320987654,114.7000,-1.82530120481927710843373494,Other,,0,False,False
1169,11:32:18.000,11:32:16.000,11:32:18.000,2,23452.0000,23455.0000,23452.0000,23455.0000,1820,3.0000,117.9000,0.80555555555555555555555556,113.8000,-0.9000,Other,,0,False,False
1170,11:32:18.000,11:32:18.000,11:32:18.000,0,23455.0000,23455.0000,23455.0000,23455.0000,1170,0.0000,,,,,Other,,0,False,False
1171,11:32:20.000,11:32:19.000,11:32:20.000,1,23450.7000,23458.0000,23450.7000,23455.3000,2600,0.3000,118.5875,,113.3375,,Other,,0,False,False
1172,11:32:20.000,11:32:20.000,11:32:20.000,0,23455.3000,23455.3000,23455.3000,23455.3000,1950,0.0000,,,,,Other,,0,False,False
1173,11:32:20.000,11:32:20.000,11:32:20.000,0,23458.0000,23458.0000,23458.0000,23458.0000,1300,2.7000,,,,,Other,,0,False,False
1174,11:32:20.000,11:32:20.000,11:32:20.000,0,23458.0000,23458.0000,23458.0000,23458.0000,650,0.0000,,,,,Other,,0,False,False
1175,11:32:21.000,11:32:21.000,11:32:21.000,0,23459.0000,23459.0000,23459.0000,23459.0000,1170,1.0000,119.3500,,112.5500,,Other,,0,False,False
1176,11:32:23.000,11:32:21.000,11:32:23.000,2,23459.0000,23459.9000,23455.3000,23459.9000,1365,0.9000,119.06666666666666666666666667,-0.28333333333333333333333333,113.06666666666666666666666667,0.51666666666666666666666667,A,A,1,False,False
1177,11:32:23.000,11:32:23.000,11:32:23.000,0,23459.9000,23459.9000,23459.9000,23459.9000,715,0.0000,,,,,Other,,0,False,False
1178,11:32:25.000,11:32:23.000,11:32:25.000,2,23458.9000,23459.9000,23458.9000,23459.9000,845,0.0000,119.33333333333333333333333333,,112.8500,,Other,,0,False,False
1179,11:32:26.000,11:32:25.000,11:32:26.000,1,23459.9000,23460.0000,23459.9000,23460.0000,2795,0.1000,119.4750,0.14166666666666666666666667,112.5500,-0.3000,Other,,0,False,False
1180,11:32:26.000,11:32:26.000,11:32:26.000,0,23460.0000,23460.0000,23460.0000,23460.0000,2145,0.0000,,,,,Other,,0,False,False
1181,11:32:26.000,11:32:26.000,11:32:26.000,0,23455.4000,23455.4000,23455.4000,23455.4000,1495,-4.6000,,,,,Other,,0,False,False
1182,11:32:26.000,11:32:26.000,11:32:26.000,0,23455.4000,23455.4000,23455.4000,23455.4000,845,0.0000,,,,,Other,,0,False,False
1183,11:32:30.000,11:32:27.000,11:32:30.000,3,23452.5000,23460.0000,23452.5000,23460.0000,1885,4.6000,118.58076923076923076923076923,,113.72727272727272727272727273,,Other,,0,False,False
1184,11:32:30.000,11:32:30.000,11:32:30.000,0,23460.0000,23460.0000,23460.0000,23460.0000,1235,0.0000,,,,,Other,,0,False,False
1185,11:32:31.000,11:32:30.000,11:32:31.000,1,23460.0000,23460.0000,23455.6000,23455.6000,975,-4.4000,118.7500,,113.5500,,Other,,0,False,False
1186,11:32:58.000,11:32:31.000,11:32:58.000,27,23455.6000,23455.6000,23452.0000,23455.6000,780,0.0000,118.38292682926829268292682927,-0.36707317073170731707317073,113.63888888888888888888888889,0.08888888888888888888888889,Other,,0,False,False
1187,11:33:06.000,11:32:58.000,11:33:06.000,8,23455.6000,23455.6000,23452.3000,23455.6000,1040,0.0000,119.23518518518518518518518519,0.85225835591689250225835592,113.02826086956521739130434783,-0.61062801932367149758454106,Other,,0,False,False
1188,11:33:10.000,11:33:06.000,11:33:10.000,4,23455.6000,23455.6000,23452.5000,23452.5000,715,-3.1000,119.35833333333333333333333333,0.12314814814814814814814814,112.9750,-0.05326086956521739130434783,B,B,1,False,False
1189,11:33:43.000,11:33:10.000,11:33:43.000,33,23452.5000,23455.0000,23450.0000,23454.9000,715,2.4000,118.0378504672897196261682243,-1.32048286604361370716510903,114.00582524271844660194174757,1.03082524271844660194174757,A,A,1,False,False
1190,11:33:53.000,11:33:43.000,11:33:53.000,10,23454.9000,23456.0000,23454.9000,23455.4000,650,0.5000,119.61071428571428571428571429,1.57286381842456608811748999,113.08666666666666666666666667,-0.91915857605177993527508090,Other,,0,False,False
1191,11:34:15.000,11:33:53.000,11:34:15.000,22,23455.4000,23457.9000,23455.4000,23455.7000,715,0.3000,119.67887323943661971830985915,0.06815895372233400402414486,112.9450704225352112676056338,-0.14159624413145539906103287,Other,,0,False,False
1192,11:34:23.000,11:34:15.000,11:34:23.000,8,23455.7000,23457.6000,23454.4000,23454.6000,650,-1.1000,118.59615384615384615384615385,-1.08271939328277356446370530,113.57307692307692307692307692,0.62800650054171180931744312,Other,,0,False,False
1193,11:34:36.000,11:34:23.000,11:34:36.000,13,23454.6000,23454.6000,23450.6000,23450.6000,715,-4.0000,117.73648648648648648648648649,-0.85966735966735966735966736,113.94324324324324324324324324,0.37016632016632016632016632,Other,,0,False,False
1194,11:35:03.000,11:34:36.000,11:35:03.000,27,23450.6000,23455.0000,23450.0000,23450.0000,1820,-0.6000,117.29096385542168674698795181,-0.44552263106479973949853468,114.32891566265060240963855422,0.38567241940735916639531098,Other,,0,False,False
1195,11:35:03.000,11:35:03.000,11:35:03.000,0,23450.0000,23450.0000,23450.0000,23450.0000,1170,0.0000,,,,,Other,,0,False,False
1196,11:35:05.000,11:35:03.000,11:35:05.000,2,23450.0000,23450.0000,23450.0000,23450.0000,715,0.0000,116.53333333333333333333333333,,114.56666666666666666666666667,,Other,,0,False,False
1197,11:35:33.000,11:35:05.000,11:35:33.000,28,23450.0000,23454.0000,23447.6000,23450.5000,715,0.5000,115.51551724137931034482758621,-1.01781609195402298850574712,115.60882352941176470588235294,1.04215686274509803921568627,A,A,1,False,False
1198,11:35:49.000,11:35:33.000,11:35:49.000,16,23450.5000,23450.6000,23447.6000,23447.8000,650,-2.7000,115.25208333333333333333333333,-0.26343390804597701149425288,115.88181818181818181818181818,0.27299465240641711229946524,Other,,0,False,False
1199,11:36:23.000,11:35:49.000,11:36:23.000,34,23447.8000,23451.0000,23445.1000,23451.0000,1885,3.2000,115.13857142857142857142857143,-0.11351190476190476190476190,115.98681318681318681318681319,0.10499500499500499500499501,A,A,1,False,False
1200,11:36:23.000,11:36:23.000,11:36:23.000,0,23451.0000,23451.0000,23451.0000,23451.0000,1235,0.0000,,,,,Other,,0,False,False
1201,11:36:26.000,11:36:24.000,11:36:26.000,2,23451.0000,23451.0000,23447.0000,23447.0000,715,-4.0000,115.9400,,115.4400,,Other,,0,False,False
1202,11:36:46.000,11:36:26.000,11:36:46.000,20,23447.0000,23452.5000,23447.0000,23450.0000,1625,3.0000,116.55614035087719298245614035,0.61614035087719298245614035,115.10818181818181818181818182,-0.33181818181818181818181818,Other,,0,False,False
1203,11:36:46.000,11:36:46.000,11:36:46.000,0,23450.0000,23450.0000,23450.0000,23450.0000,975,0.0000,,,,,Other,,0,False,False
1204,11:37:15.000,11:36:46.000,11:37:15.000,29,23449.2000,23453.0000,23449.2000,23453.0000,650,3.0000,117.38978494623655913978494624,,114.6500,,Other,,0,False,False
1205,11:37:48.000,11:37:15.000,11:37:48.000,33,23453.0000,23454.9000,23451.7000,23451.7000,650,-1.3000,118.37079207920792079207920792,0.98100713297136165229426168,114.20631578947368421052631579,-0.44368421052631578947368421,B,B,1,False,False
1206,11:38:32.000,11:37:48.000,11:38:32.000,44,23451.7000,23455.0000,23450.6000,23452.0000,650,0.3000,117.26902985074626865671641791,-1.10176222846165213536279001,114.98257575757575757575757576,0.77625996810207336523125997,A,A,1,False,False
1207,11:38:47.000,11:38:32.000,11:38:47.000,15,23452.0000,23452.7000,23452.0000,23452.4000,715,0.4000,116.46136363636363636363636364,-0.80766621438263229308005427,115.39736842105263157894736842,0.41479266347687400318979266,A,A,2,True,False
1208,11:39:00.000,11:38:47.000,11:39:00.000,13,23452.4000,23452.4000,23451.0000,23451.0000,780,-1.4000,115.97906976744186046511627907,-0.48229386892177589852008457,115.6500,0.25263157894736842105263158,Other,,0,False,False
1209,11:39:16.000,11:39:00.000,11:39:16.000,16,23451.0000,23452.3000,23445.4000,23445.4000,845,-5.6000,115.6140,-0.36506976744186046511627907,115.8500,0.2000,Other,,0,False,False
1210,11:39:52.000,11:39:16.000,11:39:52.000,36,23445.4000,23450.0000,23445.4000,23447.9000,1300,2.5000,114.83663366336633663366336634,-0.77736633663366336633663366,116.17285714285714285714285714,0.32285714285714285714285714,A,A,1,False,False
1211,11:39:52.000,11:39:52.000,11:39:52.000,0,23447.9000,23447.9000,23447.9000,23447.9000,650,0.0000,,,,,Other,,0,False,False
1212,11:39:59.000,11:39:54.000,11:39:59.000,5,23447.9000,23447.9000,23447.0000,23447.0000,2275,-0.9000,114.92222222222222222222222222,,115.7000,,Other,,0,False,False
1213,11:39:59.000,11:39:59.000,11:39:59.000,0,23447.0000,23447.0000,23447.0000,23447.0000,1625,0.0000,,,,,Other,,0,False,False
1214,11:40:00.000,11:40:00.000,11:40:00.000,0,23446.9000,23446.9000,23446.9000,23446.9000,975,-0.1000,115.0500,,115.5400,,Other,,0,False,False
1215,11:40:02.000,11:40:00.000,11:40:02.000,2,23446.9000,23447.9000,23446.9000,23447.8000,715,0.9000,115.3500,0.3000,115.1500,-0.3900,Other,,0,False,False
1216,11:40:05.000,11:40:02.000,11:40:05.000,3,23447.8000,23447.9000,23446.6000,23446.6000,2665,-1.2000,115.6125,0.2625,114.9750,-0.1750,B,B,1,False,False
1217,11:40:05.000,11:40:05.000,11:40:05.000,0,23446.6000,23446.6000,23446.6000,23446.6000,2015,0.0000,,,,,Other,,0,False,False
1218,11:40:07.000,11:40:07.000,11:40:07.000,0,23447.8000,23447.8000,23447.8000,23447.8000,1365,1.2000,115.3250,,115.0500,,Other,,0,False,False
1219,11:40:07.000,11:40:07.000,11:40:07.000,0,23447.8000,23447.8000,23447.8000,23447.8000,715,0.0000,,,,,Other,,0,False,False
1220,11:40:10.000,11:40:07.000,11:40:10.000,3,23449.8000,23449.8000,23447.5000,23447.5000,1820,-0.3000,115.1000,,115.2100,,Other,,0,False,False
1221,11:40:10.000,11:40:10.000,11:40:10.000,0,23447.5000,23447.5000,23447.5000,23447.5000,1170,0.0000,,,,,Other,,0,False,False
1222,11:40:20.000,11:40:12.000,11:40:20.000,8,23447.5000,23447.5000,23447.5000,23447.5000,715,0.0000,114.26666666666666666666666667,,115.82857142857142857142857143,,Other,,0,False,False
1223,11:40:29.000,11:40:20.000,11:40:29.000,9,23447.5000,23447.5000,23445.0000,23445.0000,650,-2.5000,113.17307692307692307692307692,-1.09358974358974358974358975,116.91923076923076923076923077,1.09065934065934065934065934,Other,,0,False,False
1224,11:40:35.000,11:40:29.000,11:40:35.000,6,23445.0000,23450.0000,23445.0000,23448.4000,780,3.4000,113.42619047619047619047619048,0.25311355311355311355311356,116.68095238095238095238095238,-0.23827838827838827838827839,Other,,0,False,False
1225,11:40:43.000,11:40:35.000,11:40:43.000,8,23448.4000,23448.5000,23448.0000,23448.0000,780,-0.4000,113.65384615384615384615384615,0.22765567765567765567765567,116.67272727272727272727272727,-0.00822510822510822510822511,B,B,1,False,False
1226,11:40:59.000,11:40:43.000,11:40:59.000,16,23448.0000,23449.0000,23448.0000,23448.7000,780,0.7000,113.89615384615384615384615385,0.24230769230769230769230770,116.56730769230769230769230769,-0.10541958041958041958041958,Other,,0,False,False
1227,11:41:00.000,11:40:59.000,11:41:00.000,1,23448.7000,23448.8000,23448.7000,23448.8000,1170,0.1000,113.5800,-0.31615384615384615384615385,116.7800,0.21269230769230769230769231,A,A,1,False,False
1228,11:41:02.000,11:41:00.000,11:41:02.000,2,23448.8000,23448.8000,23448.4000,23448.4000,715,-0.4000,113.76666666666666666666666667,0.18666666666666666666666667,116.6000,-0.1800,B,B,1,False,False
1229,11:41:13.000,11:41:02.000,11:41:13.000,11,23448.4000,23451.0000,23445.9000,23451.0000,650,2.6000,114.553125,0.78645833333333333333333333,116.10882352941176470588235294,-0.49117647058823529411764706,Other,,0,False,False
1230,11:41:27.000,11:41:13.000,11:41:27.000,14,23451.0000,23452.3000,23451.0000,23451.1000,715,0.1000,115.32380952380952380952380952,0.77068452380952380952380952,115.4375,-0.67132352941176470588235294,Other,,0,False,False
1231,11:41:28.000,11:41:27.000,11:41:28.000,1,23451.1000,23451.9000,23451.1000,23451.9000,1170,0.8000,115.0000,-0.32380952380952380952380952,115.7500,0.3125,A,A,1,False,False
1232,11:41:32.000,11:41:28.000,11:41:32.000,4,23451.9000,23451.9000,23450.0000,23450.0000,650,-1.9000,115.04090909090909090909090909,0.04090909090909090909090909,115.7500,0.0000,Other,,0,False,False
1233,11:41:38.000,11:41:32.000,11:41:38.000,6,23450.0000,23450.9000,23445.5000,23447.1000,650,-2.9000,114.9850,-0.05590909090909090909090909,115.61666666666666666666666667,-0.13333333333333333333333333,Other,,0,False,False
1234,11:41:51.000,11:41:38.000,11:41:51.000,13,23447.1000,23450.7000,23446.5000,23449.5000,715,2.4000,114.77368421052631578947368421,-0.21131578947368421052631579,115.78684210526315789473684211,0.17017543859649122807017544,A,A,1,False,False
1235,11:41:53.000,11:41:51.000,11:41:53.000,2,23449.5000,23449.5000,23449.5000,23449.5000,845,0.0000,114.0500,-0.72368421052631578947368421,116.5000,0.71315789473684210526315789,Other,,0,False,False
1236,11:42:03.000,11:41:53.000,11:42:03.000,10,23449.5000,23450.0000,23445.0000,23450.0000,650,0.5000,114.38793103448275862068965517,0.33793103448275862068965517,116.23965517241379310344827586,-0.26034482758620689655172414,Other,,0,False,False
1237,11:42:24.000,11:42:03.000,11:42:24.000,21,23450.0000,23451.0000,23445.1000,23451.0000,650,1.0000,114.63333333333333333333333333,0.24540229885057471264367816,115.9359375,-0.30371767241379310344827586,Other,,0,False,False
1238,11:42:51.000,11:42:24.000,11:42:51.000,27,23451.0000,23451.0000,23447.1000,23450.6000,650,-0.4000,114.16117647058823529411764706,-0.47215686274509803921568627,116.29320987654320987654320988,0.35727237654320987654320988,Other,,0,False,False
1239,11:42:56.000,11:42:51.000,11:42:56.000,5,23450.6000,23450.6000,23445.0000,23445.0000,650,-5.6000,113.7625,-0.39867647058823529411764706,116.44375,0.15054012345679012345679012,Other,,0,False,False
1240,11:43:16.000,11:42:56.000,11:43:16.000,20,23445.0000,23450.0000,23444.6000,23448.7000,650,3.7000,114.34491525423728813559322034,0.58241525423728813559322034,116.04915254237288135593220339,-0.39459745762711864406779661,Other,,0,False,False
1241,11:43:29.000,11:43:16.000,11:43:29.000,13,23448.7000,23452.0000,23448.7000,23450.0000,715,1.3000,114.91052631578947368421052632,0.56561106155218554861730598,115.52222222222222222222222222,-0.52693032015065913370998117,Other,,0,False,False
1242,11:43:53.000,11:43:29.000,11:43:53.000,24,23450.0000,23451.7000,23448.1000,23448.1000,650,-1.9000,115.65733333333333333333333333,0.74680701754385964912280701,115.10434782608695652173913043,-0.41787439613526570048309179,B,B,1,False,False
1243,11:44:16.000,11:43:53.000,11:44:16.000,23,23448.1000,23448.3000,23447.9000,23448.2000,650,0.1000,115.28478260869565217391304348,-0.37255072463768115942028985,115.54057971014492753623188406,0.43623188405797101449275363,A,A,1,False,False
1244,11:44:50.000,11:44:16.000,11:44:50.000,34,23448.2000,23450.0000,23447.6000,23448.1000,780,-0.1000,115.32105263157894736842105263,0.03627002288329519450800915,115.62422680412371134020618557,0.08364709397878380397430151,Other,,0,False,False
1245,11:44:51.000,11:44:50.000,11:44:51.000,1,23448.1000,23448.1000,23446.3000,23448.1000,975,0.0000,115.9750,0.65394736842105263157894737,114.9000,-0.72422680412371134020618557,Other,,0,False,False
1246,11:44:53.000,11:44:51.000,11:44:53.000,2,23448.1000,23448.1000,23448.1000,23448.1000,2015,0.0000,115.93333333333333333333333333,-0.04166666666666666666666667,115.0750,0.1750,Other,,0,False,False
1247,11:44:53.000,11:44:53.000,11:44:53.000,0,23448.1000,23448.1000,23448.1000,23448.1000,1365,0.0000,,,,,Other,,0,False,False
1248,11:44:53.000,11:44:53.000,11:44:53.000,0,23448.0000,23448.0000,23448.0000,23448.0000,715,-0.1000,,,,,Other,,0,False,False
1249,11:45:00.000,11:44:53.000,11:45:00.000,7,23448.0000,23450.0000,23447.5000,23447.5000,715,-0.5000,116.24782608695652173913043478,,114.94210526315789473684210526,,Other,,0,False,False
1250,11:45:05.000,11:45:00.000,11:45:05.000,5,23447.5000,23452.3000,23447.5000,23452.3000,715,4.8000,117.18125,0.93342391304347826086956522,114.3125,-0.62960526315789473684210526,Other,,0,False,False
1251,11:45:36.000,11:45:05.000,11:45:36.000,31,23452.3000,23452.3000,23450.0000,23450.0000,650,-2.3000,116.87113402061855670103092784,-0.31011597938144329896907216,114.56368421052631578947368421,0.25118421052631578947368421,Other,,0,False,False
1252,11:45:51.000,11:45:36.000,11:45:51.000,15,23450.0000,23455.0000,23449.6000,23451.9000,650,1.9000,116.78863636363636363636363636,-0.08249765698219306466729148,114.70681818181818181818181818,0.14313397129186602870813397,A,A,1,False,False
1253,11:46:26.000,11:45:51.000,11:46:26.000,35,23451.9000,23455.0000,23450.5000,23452.5000,650,0.6000,116.60190476190476190476190476,-0.18673160173160173160173160,114.87666666666666666666666667,0.16984848484848484848484849,A,A,2,True,False
1254,11:46:46.000,11:46:26.000,11:46:46.000,20,23452.5000,23455.0000,23448.0000,23455.0000,1040,2.5000,118.40163934426229508196721311,1.79973458235753317720530835,113.54067796610169491525423729,-1.33598870056497175141242938,Other,,0,False,False
1255,11:46:49.000,11:46:46.000,11:46:49.000,3,23455.0000,23455.0000,23452.3000,23452.3000,780,-2.7000,119.4700,1.06836065573770491803278689,112.7900,-0.75067796610169491525423729,B,B,1,False,False
1256,11:46:54.000,11:46:49.000,11:46:54.000,5,23452.3000,23457.0000,23452.3000,23457.0000,910,4.7000,119.11666666666666666666666667,-0.35333333333333333333333333,112.92142857142857142857142857,0.13142857142857142857142857,A,A,1,False,False
1257,11:46:58.000,11:46:54.000,11:46:58.000,4,23457.0000,23458.0000,23454.5000,23454.5000,650,-2.5000,120.1750,1.05833333333333333333333333,111.84166666666666666666666667,-1.07976190476190476190476190,B,B,1,False,False
1258,11:47:14.000,11:46:58.000,11:47:14.000,16,23454.5000,23458.0000,23454.5000,23457.5000,650,3.0000,119.80098039215686274509803922,-0.37401960784313725490196078,112.09767441860465116279069767,0.25600775193798449612403100,A,A,1,False,False
1259,11:47:34.000,11:47:14.000,11:47:34.000,20,23457.5000,23457.5000,23456.9000,23457.0000,650,-0.5000,119.34672131147540983606557377,-0.45425908068145290903246545,112.25677966101694915254237288,0.15910524241229798975167521,Other,,0,False,False
1260,11:47:39.000,11:47:34.000,11:47:39.000,5,23457.0000,23457.5000,23457.0000,23457.5000,1105,0.5000,120.7000,1.35327868852459016393442623,111.17857142857142857142857143,-1.07820823244552058111380145,Other,,0,False,False
1261,11:47:41.000,11:47:39.000,11:47:41.000,2,23457.5000,23459.9000,23457.5000,23459.9000,780,2.4000,121.06666666666666666666666667,0.36666666666666666666666667,110.7000,-0.47857142857142857142857143,Other,,0,False,False
1262,11:47:44.000,11:47:41.000,11:47:44.000,3,23459.9000,23460.0000,23456.7000,23460.0000,780,0.1000,121.2300,0.16333333333333333333333333,110.5700,-0.1300,Other,,0,False,False
1263,11:47:49.000,11:47:44.000,11:47:49.000,5,23460.0000,23460.0000,23457.0000,23457.7000,650,-2.3000,120.81875,-0.41125,110.71875,0.14875,Other,,0,False,False
1264,11:47:58.000,11:47:49.000,11:47:58.000,9,23457.7000,23460.0000,23456.6000,23460.0000,1430,2.3000,120.04615384615384615384615385,-0.77259615384615384615384615,111.47692307692307692307692308,0.75817307692307692307692308,A,A,1,False,False
1265,11:47:58.000,11:47:58.000,11:47:58.000,0,23460.0000,23460.0000,23460.0000,23460.0000,780,0.0000,,,,,Other,,0,False,False
1266,11:48:04.000,11:47:59.000,11:48:04.000,5,23460.5000,23460.5000,23460.0000,23460.5000,845,0.5000,120.06904761904761904761904762,,111.21666666666666666666666667,,Other,,0,False,False
1267,11:48:11.000,11:48:04.000,11:48:11.000,7,23460.5000,23460.6000,23455.1000,23460.0000,2080,-0.5000,118.23181818181818181818181818,-1.83722943722943722943722944,112.75909090909090909090909091,1.54242424242424242424242424,Other,,0,False,False
1268,11:48:11.000,11:48:11.000,11:48:11.000,0,23460.0000,23460.0000,23460.0000,23460.0000,1430,0.0000,,,,,Other,,0,False,False
1269,11:48:11.000,11:48:11.000,11:48:11.000,0,23452.5000,23452.5000,23452.5000,23452.5000,780,-7.5000,,,,,Other,,0,False,False
1270,11:48:13.000,11:48:11.000,11:48:13.000,2,23452.5000,23454.6000,23452.5000,23454.6000,845,2.1000,115.8000,,114.5000,,Other,,0,False,False
1271,11:48:21.000,11:48:13.000,11:48:21.000,8,23454.6000,23454.6000,23450.1000,23450.1000,650,-4.5000,115.64615384615384615384615385,-0.15384615384615384615384615,114.7125,0.2125,Other,,0,False,False
1272,11:48:32.000,11:48:21.000,11:48:32.000,11,23450.1000,23452.4000,23450.0000,23452.4000,715,2.3000,115.44864864864864864864864865,-0.19750519750519750519750520,114.73857142857142857142857143,0.02607142857142857142857143,A,A,1,False,False
1273,11:48:49.000,11:48:32.000,11:48:49.000,17,23452.4000,23453.0000,23446.1000,23450.0000,650,-2.4000,115.06153846153846153846153846,-0.38711018711018711018711019,115.03653846153846153846153846,0.29796703296703296703296703,Other,,0,False,False
1274,11:49:12.000,11:48:49.000,11:49:12.000,23,23450.0000,23455.0000,23449.2000,23454.0000,650,4.0000,115.91376811594202898550724638,0.85222965440356744704570792,114.0676056338028169014084507,-0.96893282773564463705308776,Other,,0,False,False
1275,11:49:22.000,11:49:12.000,11:49:22.000,10,23454.0000,23455.0000,23448.9000,23453.3000,650,-0.7000,115.92333333333333333333333333,0.00956521739130434782608695,114.346875,0.2792693661971830985915493,Other,,0,False,False
1276,11:49:47.000,11:49:22.000,11:49:47.000,25,23453.3000,23454.3000,23449.0000,23450.1000,650,-3.2000,116.09556962025316455696202532,0.17223628691983122362869199,114.29718309859154929577464789,-0.04969190140845070422535211,B,B,1,False,False
1277,11:50:15.000,11:49:47.000,11:50:15.000,28,23450.1000,23453.1000,23449.1000,23453.1000,780,3.0000,114.22471910112359550561797753,-1.87085051912956905134404779,115.42117647058823529411764706,1.12399337199668599834299917,A,A,1,False,False
1278,11:50:23.000,11:50:15.000,11:50:23.000,8,23453.1000,23453.1000,23448.0000,23448.0000,650,-5.1000,113.6375,-0.58721910112359550561797753,115.89615384615384615384615385,0.47497737556561085972850679,Other,,0,False,False
1279,11:50:31.000,11:50:23.000,11:50:31.000,8,23448.0000,23448.1000,23447.2000,23447.2000,715,-0.8000,112.5540,-1.0835,116.82962962962962962962962963,0.93347578347578347578347578,Other,,0,False,False
1280,11:50:41.000,11:50:31.000,11:50:41.000,10,23447.2000,23447.2000,23445.0000,23445.3000,715,-1.9000,111.121875,-1.432125,117.7250,0.89537037037037037037037037,Other,,0,False,False
1281,11:50:46.000,11:50:41.000,11:50:46.000,5,23445.3000,23445.3000,23440.0000,23440.0000,715,-5.3000,110.13571428571428571428571429,-0.98616071428571428571428571,118.47857142857142857142857143,0.75357142857142857142857143,Other,,0,False,False
1282,11:51:01.000,11:50:46.000,11:51:01.000,15,23440.0000,23444.9000,23440.0000,23444.7000,780,4.7000,110.93953488372093023255813953,0.80382059800664451827242524,118.06063829787234042553191489,-0.41793313069908814589665654,Other,,0,False,False
1283,11:51:13.000,11:51:01.000,11:51:13.000,12,23444.7000,23445.0000,23444.7000,23445.0000,845,0.3000,111.93235294117647058823529412,0.99281805745554035567715459,117.44210526315789473684210526,-0.61853303471444568868980963,Other,,0,False,False
1284,11:51:23.000,11:51:13.000,11:51:23.000,10,23445.0000,23446.2000,23444.7000,23444.7000,650,-0.3000,113.20625,1.27389705882352941176470588,116.278125,-1.16398026315789473684210526,B,B,1,False,False
1285,11:51:29.000,11:51:23.000,11:51:29.000,6,23444.7000,23445.0000,23444.7000,23445.0000,650,0.3000,112.8850,-0.32125,116.6050,0.326875,A,A,1,False,False
1286,11:51:53.000,11:51:29.000,11:51:53.000,24,23445.0000,23447.0000,23440.0000,23440.0000,650,-5.0000,112.1700,-0.7150,117.35479452054794520547945205,0.74979452054794520547945205,Other,,0,False,False
1287,11:52:11.000,11:51:53.000,11:52:11.000,18,23440.0000,23443.7000,23440.0000,23442.0000,780,2.0000,110.61525423728813559322033898,-1.55474576271186440677966102,118.68636363636363636363636364,1.33156911581569115815691159,A,A,1,False,False
1288,11:52:31.000,11:52:11.000,11:52:31.000,20,23442.0000,23444.7000,23441.9000,23442.6000,650,0.6000,112.53983050847457627118644068,1.92457627118644067796610170,117.52881355932203389830508475,-1.15755007704160246533127889,Other,,0,False,False
1289,11:52:56.000,11:52:31.000,11:52:56.000,25,23442.6000,23449.2000,23442.6000,23447.3000,650,4.7000,113.22702702702702702702702703,0.68719651855245075584058635,116.85416666666666666666666667,-0.67464689265536723163841808,Other,,0,False,False
1290,11:53:08.000,11:52:56.000,11:53:08.000,12,23447.3000,23449.0000,23447.2000,23447.2000,650,-0.1000,113.68648648648648648648648649,0.45945945945945945945945946,116.29864864864864864864864865,-0.55551801801801801801801802,B,B,1,False,False
1291,11:53:32.000,11:53:08.000,11:53:32.000,24,23447.2000,23450.0000,23447.2000,23449.4000,780,2.2000,114.17533333333333333333333333,0.48884684684684684684684684,115.50866666666666666666666667,-0.78998198198198198198198198,Other,,0,False,False
1292,11:53:41.000,11:53:32.000,11:53:41.000,9,23449.4000,23449.4000,23447.2000,23449.4000,650,0.0000,113.6000,-0.57533333333333333333333333,116.52307692307692307692307692,1.01441025641025641025641025,Other,,0,False,False
1293,11:53:46.000,11:53:41.000,11:53:46.000,5,23449.4000,23449.9000,23449.3000,23449.3000,715,-0.1000,113.7375,0.1375,116.23125,-0.29182692307692307692307692,B,B,1,False,False
1294,11:54:35.000,11:53:46.000,11:54:35.000,49,23449.3000,23450.0000,23447.2000,23447.5000,650,-1.8000,113.55142857142857142857142857,-0.18607142857142857142857143,116.50202702702702702702702703,0.27077702702702702702702703,Other,,0,False,False
1295,11:54:55.000,11:54:35.000,11:54:55.000,20,23447.5000,23447.5000,23445.9000,23446.1000,650,-1.4000,113.27258064516129032258064516,-0.27884792626728110599078341,116.72096774193548387096774194,0.21894071490845684394071491,Other,,0,False,False
1296,11:54:57.000,11:54:55.000,11:54:57.000,2,23446.1000,23446.1000,23442.2000,23442.2000,650,-3.9000,112.9500,-0.32258064516129032258064516,116.9500,0.22903225806451612903225806,Other,,0,False,False
1297,11:55:23.000,11:54:57.000,11:55:23.000,26,23442.2000,23447.5000,23442.2000,23447.2000,650,5.0000,113.2808641975308641975308642,0.3308641975308641975308642,116.57530120481927710843373494,-0.37469879518072289156626506,Other,,0,False,False
1298,11:55:41.000,11:55:23.000,11:55:41.000,18,23447.2000,23447.2000,23447.0000,23447.0000,650,-0.2000,113.78909090909090909090909091,0.50822671156004489337822671,116.18272727272727272727272727,-0.39257393209200438116100767,B,B,1,False,False
1299,11:55:51.000,11:55:41.000,11:55:51.000,10,23447.0000,23447.6000,23445.9000,23445.9000,650,-1.1000,113.06666666666666666666666667,-0.72242424242424242424242424,116.85333333333333333333333333,0.67060606060606060606060606,Other,,0,False,False
1300,11:56:09.000,11:55:51.000,11:56:09.000,18,23445.9000,23446.0000,23440.6000,23445.4000,715,-0.5000,112.32727272727272727272727273,-0.73939393939393939393939394,117.48070175438596491228070175,0.62736842105263157894736842,Other,,0,False,False
1301,11:56:20.000,11:56:09.000,11:56:20.000,11,23445.4000,23445.4000,23440.2000,23440.2000,715,-5.2000,112.02777777777777777777777778,-0.29949494949494949494949495,117.71388888888888888888888889,0.23318713450292397660818714,Other,,0,False,False
1302,11:56:29.000,11:56:20.000,11:56:29.000,9,23440.2000,23445.3000,23440.2000,23445.0000,650,4.8000,112.80357142857142857142857143,0.77579365079365079365079365,117.06538461538461538461538462,-0.64850427350427350427350427,Other,,0,False,False
1303,11:56:48.000,11:56:29.000,11:56:48.000,19,23445.0000,23447.6000,23441.9000,23441.9000,780,-3.1000,113.07040816326530612244897959,0.26683673469387755102040816,116.9442622950819672131147541,-0.12112232030264817150063052,B,B,1,False,False
1304,11:56:58.000,11:56:48.000,11:56:58.000,10,23441.9000,23446.5000,23441.9000,23442.0000,780,0.1000,112.946875,-0.12353316326530612244897959,117.028125,0.0838627049180327868852459,A,A,1,False,False
1305,11:57:07.000,11:56:58.000,11:57:07.000,9,23442.0000,23447.0000,23441.5000,23441.5000,650,-0.5000,112.7327586206896551724137931,-0.2141163793103448275862069,117.12586206896551724137931034,0.09773706896551724137931034,Other,,0,False,False
1306,11:57:19.000,11:57:07.000,11:57:19.000,12,23441.5000,23444.8000,23441.5000,23444.1000,910,2.6000,111.62352941176470588235294118,-1.10922920892494929006085192,118.19117647058823529411764706,1.06531440162271805273833672,A,A,1,False,False
1307,11:57:26.000,11:57:19.000,11:57:26.000,7,23444.1000,23444.5000,23443.3000,23444.1000,650,0.0000,111.80454545454545454545454545,0.18101604278074866310160427,118.24444444444444444444444444,0.05326797385620915032679738,Other,,0,False,False
1308,11:57:36.000,11:57:26.000,11:57:36.000,10,23444.1000,23444.5000,23443.9000,23443.9000,780,-0.2000,111.65925925925925925925925926,-0.14528619528619528619528619,118.32419354838709677419354839,0.07974910394265232974910395,Other,,0,False,False
1309,11:57:42.000,11:57:36.000,11:57:42.000,6,23443.9000,23443.9000,23443.2000,23443.7000,650,-0.2000,111.4250,-0.23425925925925925925925926,118.45555555555555555555555556,0.13136200716845878136200717,Other,,0,False,False
1310,11:57:47.000,11:57:42.000,11:57:47.000,5,23443.7000,23445.0000,23443.7000,23445.0000,845,1.3000,111.97142857142857142857142857,0.54642857142857142857142857,117.88571428571428571428571429,-0.56984126984126984126984127,Other,,0,False,False
1311,11:57:51.000,11:57:47.000,11:57:51.000,4,23445.0000,23445.0000,23444.5000,23444.7000,715,-0.3000,111.95833333333333333333333333,-0.01309523809523809523809524,118.1100,0.22428571428571428571428571,Other,,0,False,False
1312,11:57:57.000,11:57:51.000,11:57:57.000,6,23444.7000,23445.0000,23442.0000,23442.0000,845,-2.7000,111.4500,-0.50833333333333333333333333,118.40625,0.29625,Other,,0,False,False
1313,11:57:59.000,11:57:57.000,11:57:59.000,2,23442.0000,23444.0000,23442.0000,23444.0000,845,2.0000,111.11666666666666666666666667,-0.33333333333333333333333333,118.4000,-0.00625,Other,,0,False,False
1314,11:58:04.000,11:57:59.000,11:58:04.000,5,23444.0000,23445.0000,23442.0000,23445.0000,1105,1.0000,111.06666666666666666666666667,-0.05000000000000000000000000,118.44117647058823529411764706,0.04117647058823529411764706,A,A,1,False,False
1315,11:58:07.000,11:58:04.000,11:58:07.000,3,23445.0000,23445.0000,23445.0000,23445.0000,780,0.0000,111.6300,0.56333333333333333333333333,118.1800,-0.26117647058823529411764706,Other,,0,False,False
1316,11:58:11.000,11:58:07.000,11:58:11.000,4,23445.0000,23445.0000,23442.0000,23442.0000,715,-3.0000,111.9000,0.2700,117.84166666666666666666666667,-0.33833333333333333333333333,B,B,1,False,False
1317,11:58:30.000,11:58:11.000,11:58:30.000,19,23442.0000,23445.0000,23442.0000,23445.0000,1040,3.0000,111.77545454545454545454545455,-0.12454545454545454545454545,117.92622950819672131147540984,0.08456284153005464480874317,A,A,1,False,False
1318,11:58:43.000,11:58:30.000,11:58:43.000,13,23445.0000,23445.0000,23442.5000,23442.5000,715,-2.5000,111.8775,0.10204545454545454545454545,117.70526315789473684210526316,-0.22096635030198446937014668,B,B,1,False,False
1319,11:59:02.000,11:58:43.000,11:59:02.000,19,23442.5000,23443.9000,23442.5000,23443.5000,650,1.0000,111.67295081967213114754098361,-0.20454918032786885245901639,117.94406779661016949152542373,0.23880463871543264942016057,A,A,1,False,False
1320,11:59:14.000,11:59:02.000,11:59:14.000,12,23443.5000,23448.0000,23443.5000,23445.4000,780,1.9000,112.49666666666666666666666667,0.82371584699453551912568306,117.29166666666666666666666667,-0.65240112994350282485875706,Other,,0,False,False
1321,11:59:17.000,11:59:14.000,11:59:17.000,3,23445.4000,23448.0000,23445.4000,23448.0000,780,2.6000,112.7875,0.29083333333333333333333333,117.0400,-0.25166666666666666666666667,Other,,0,False,False
1322,11:59:37.000,11:59:17.000,11:59:37.000,20,23448.0000,23448.0000,23444.8000,23448.0000,910,0.0000,112.15737704918032786885245902,-0.63012295081967213114754098,117.51610169491525423728813559,0.47610169491525423728813559,Other,,0,False,False
1323,11:59:44.000,11:59:37.000,11:59:44.000,7,23448.0000,23448.0000,23442.1000,23448.0000,910,0.0000,113.10909090909090909090909091,0.95171385991058122205663189,116.68636363636363636363636364,-0.82973805855161787365177195,Other,,0,False,False
1324,11:59:45.000,11:59:44.000,11:59:45.000,1,23448.0000,23448.9000,23448.0000,23448.9000,650,0.9000,113.7500,0.64090909090909090909090909,116.0000,-0.68636363636363636363636364,Other,,0,False,False
1325,12:00:08.000,11:59:45.000,12:00:08.000,23,23448.9000,23450.0000,23448.0000,23450.0000,1365,1.1000,113.75205479452054794520547945,0.00205479452054794520547945,115.9541095890410958904109589,-0.0458904109589041095890411,Other,,0,False,False
1326,12:00:08.000,12:00:08.000,12:00:08.000,0,23450.0000,23450.0000,23450.0000,23450.0000,715,0.0000,,,,,Other,,0,False,False
1327,12:00:18.000,12:00:10.000,12:00:18.000,8,23450.0000,23450.0000,23450.0000,23450.0000,1235,0.0000,114.03333333333333333333333333,,115.36428571428571428571428571,,Other,,0,False,False
1328,12:00:20.000,12:00:18.000,12:00:20.000,2,23450.0000,23450.0000,23450.0000,23450.0000,975,0.0000,114.51666666666666666666666667,0.48333333333333333333333334,114.56666666666666666666666667,-0.79761904761904761904761904,Other,,0,False,False
1329,12:00:41.000,12:00:20.000,12:00:41.000,21,23450.0000,23450.0000,23446.5000,23446.5000,715,-3.5000,114.79285714285714285714285714,0.27619047619047619047619047,114.55952380952380952380952381,-0.00714285714285714285714286,B,B,1,False,False
1330,12:00:57.000,12:00:41.000,12:00:57.000,16,23446.5000,23447.1000,23444.9000,23447.1000,845,0.6000,114.1400,-0.65285714285714285714285714,115.21136363636363636363636364,0.65183982683982683982683983,A,A,1,False,False
1331,12:01:12.000,12:00:57.000,12:01:12.000,15,23447.1000,23449.0000,23447.1000,23448.7000,650,1.6000,114.99555555555555555555555556,0.85555555555555555555555556,114.33111111111111111111111111,-0.88025252525252525252525253,Other,,0,False,False
1332,12:01:26.000,12:01:12.000,12:01:26.000,14,23448.7000,23453.0000,23448.7000,23450.5000,975,1.8000,116.42380952380952380952380952,1.42825396825396825396825396,113.14318181818181818181818182,-1.18792929292929292929292929,Other,,0,False,False
1333,12:01:41.000,12:01:26.000,12:01:41.000,15,23450.5000,23454.0000,23450.5000,23454.0000,650,3.5000,117.37872340425531914893617021,0.95491388044579533941236069,111.81938775510204081632653061,-1.32379406307977736549165121,Other,,0,False,False
1334,12:01:50.000,12:01:41.000,12:01:50.000,9,23454.0000,23455.0000,23452.3000,23452.9000,1105,-1.1000,118.19166666666666666666666667,0.81294326241134751773049646,111.07083333333333333333333333,-0.74855442176870748299319728,B,B,1,False,False
1335,12:01:58.000,12:01:50.000,12:01:58.000,8,23452.9000,23456.0000,23452.9000,23456.0000,650,3.1000,118.18076923076923076923076923,-0.01089743589743589743589744,111.08461538461538461538461538,0.01378205128205128205128205,A,A,1,False,False
1336,12:02:16.000,12:01:58.000,12:02:16.000,18,23456.0000,23464.0000,23453.0000,23453.0000,14235,-3.0000,118.60614035087719298245614035,0.42537112010796221322537112,111.23508771929824561403508772,0.15047233468286099865047234,Other,,0,False,False
1337,12:02:16.000,12:02:16.000,12:02:16.000,0,23453.0000,23453.0000,23453.0000,23453.0000,13585,0.0000,,,,,Other,,0,False,False
1338,12:02:18.000,12:02:18.000,12:02:18.000,0,23453.0000,23453.0000,23453.0000,23453.0000,12935,0.0000,118.6500,,111.2250,,Other,,0,False,False
1339,12:02:18.000,12:02:18.000,12:02:18.000,0,23453.0000,23453.0000,23453.0000,23453.0000,12285,0.0000,,,,,Other,,0,False,False
1340,12:02:19.000,12:02:19.000,12:02:19.000,0,23460.6000,23460.6000,23460.6000,23460.6000,11635,7.6000,118.7750,,111.3750,,Other,,0,False,False
1341,12:02:19.000,12:02:19.000,12:02:19.000,0,23460.6000,23460.6000,23460.6000,23460.6000,10985,0.0000,,,,,Other,,0,False,False
1342,12:02:19.000,12:02:19.000,12:02:19.000,0,23460.6000,23460.6000,23460.6000,23460.6000,11115,0.0000,,,,,Other,,0,False,False
1343,12:02:19.000,12:02:19.000,12:02:19.000,0,23460.6000,23460.6000,23460.6000,23460.6000,10465,0.0000,,,,,Other,,0,False,False
1344,12:02:21.000,12:02:21.000,12:02:21.000,0,23460.6000,23460.6000,23460.6000,23460.6000,10790,0.0000,118.7750,,111.2750,,Other,,0,False,False
1345,12:02:21.000,12:02:21.000,12:02:21.000,0,23460.6000,23460.6000,23460.6000,23460.6000,10140,0.0000,,,,,Other,,0,False,False
1346,12:02:23.000,12:02:23.000,12:02:23.000,0,23460.6000,23460.6000,23460.6000,23460.6000,9490,0.0000,118.4750,,111.0500,,Other,,0,False,False
1347,12:02:23.000,12:02:23.000,12:02:23.000,0,23460.6000,23460.6000,23460.6000,23460.6000,8840,0.0000,,,,,Other,,0,False,False
1348,12:02:24.000,12:02:24.000,12:02:24.000,0,23460.6000,23460.6000,23460.6000,23460.6000,8190,0.0000,119.1750,,110.5750,,Other,,0,False,False
1349,12:02:24.000,12:02:24.000,12:02:24.000,0,23460.6000,23460.6000,23460.6000,23460.6000,7540,0.0000,,,,,Other,,0,False,False
1350,12:02:26.000,12:02:26.000,12:02:26.000,0,23460.6000,23460.6000,23460.6000,23460.6000,6890,0.0000,119.1500,,110.4250,,Other,,0,False,False
1351,12:02:26.000,12:02:26.000,12:02:26.000,0,23460.6000,23460.6000,23460.6000,23460.6000,6240,0.0000,,,,,Other,,0,False,False
1352,12:02:28.000,12:02:28.000,12:02:28.000,0,23460.6000,23460.6000,23460.6000,23460.6000,5590,0.0000,118.7750,,110.6750,,Other,,0,False,False
1353,12:02:28.000,12:02:28.000,12:02:28.000,0,23460.6000,23460.6000,23460.6000,23460.6000,4940,0.0000,,,,,Other,,0,False,False
1354,12:02:29.000,12:02:29.000,12:02:29.000,0,23460.6000,23460.6000,23460.6000,23460.6000,4290,0.0000,118.8500,,110.8000,,Other,,0,False,False
1355,12:02:29.000,12:02:29.000,12:02:29.000,0,23460.6000,23460.6000,23460.6000,23460.6000,3640,0.0000,,,,,Other,,0,False,False
1356,12:02:30.000,12:02:30.000,12:02:30.000,0,23460.6000,23460.6000,23460.6000,23460.6000,2990,0.0000,119.1000,,110.6000,,Other,,0,False,False
1357,12:02:31.000,12:02:31.000,12:02:31.000,0,23458.0000,23458.0000,23458.0000,23458.0000,2340,-2.6000,118.9250,-0.1750,110.6750,0.0750,Other,,0,False,False
1358,12:02:31.000,12:02:31.000,12:02:31.000,0,23458.0000,23458.0000,23458.0000,23458.0000,1690,0.0000,,,,,Other,,0,False,False
1359,12:02:31.000,12:02:31.000,12:02:31.000,0,23458.0000,23458.0000,23458.0000,23458.0000,1105,0.0000,,,,,Other,,0,False,False
1360,12:02:38.000,12:02:31.000,12:02:38.000,7,23458.0000,23458.0000,23456.5000,23456.5000,650,-1.5000,119.00909090909090909090909091,,110.63181818181818181818181818,,Other,,0,False,False
1361,12:02:56.000,12:02:38.000,12:02:56.000,18,23456.5000,23465.5000,23455.5000,23465.5000,910,9.0000,120.33392857142857142857142857,1.32483766233766233766233766,109.1500,-1.48181818181818181818181818,Other,,0,False,False
1362,12:02:58.000,12:02:56.000,12:02:58.000,2,23465.5000,23465.5000,23462.0000,23462.0000,780,-3.5000,120.4500,0.11607142857142857142857143,109.5000,0.3500,Other,,0,False,False
1363,12:03:04.000,12:02:58.000,12:03:04.000,6,23462.0000,23462.1000,23460.8000,23460.8000,715,-1.2000,120.66666666666666666666666667,0.21666666666666666666666667,109.11052631578947368421052632,-0.38947368421052631578947368,B,B,1,False,False
1364,12:03:16.000,12:03:04.000,12:03:16.000,12,23460.8000,23468.0000,23460.8000,23465.0000,910,4.2000,121.54736842105263157894736842,0.88070175438596491228070175,108.38684210526315789473684211,-0.72368421052631578947368421,Other,,0,False,False
1365,12:03:18.000,12:03:16.000,12:03:18.000,2,23465.0000,23465.0000,23465.0000,23465.0000,1430,0.0000,122.11666666666666666666666667,0.56929824561403508771929825,108.26666666666666666666666667,-0.12017543859649122807017544,Other,,0,False,False
1366,12:03:18.000,12:03:18.000,12:03:18.000,0,23465.0000,23465.0000,23465.0000,23465.0000,780,0.0000,,,,,Other,,0,False,False
1367,12:03:21.000,12:03:19.000,12:03:21.000,2,23464.0000,23464.0000,23464.0000,23464.0000,910,-1.0000,122.4700,,108.3000,,Other,,0,False,False
1368,12:03:41.000,12:03:21.000,12:03:41.000,20,23464.0000,23464.0000,23460.8000,23461.1000,650,-2.9000,121.84754098360655737704918033,-0.62245901639344262295081967,108.88888888888888888888888889,0.58888888888888888888888889,Other,,0,False,False
1369,12:03:53.000,12:03:41.000,12:03:53.000,12,23461.1000,23467.0000,23460.9000,23465.5000,650,4.4000,124.67105263157894736842105263,2.82351164797238999137187230,106.84210526315789473684210526,-2.04678362573099415204678363,Other,,0,False,False
1370,12:04:14.000,12:03:53.000,12:04:14.000,21,23465.5000,23468.0000,23463.8000,23464.4000,845,-1.1000,123.53731343283582089552238806,-1.13373919874312647289866457,107.99565217391304347826086957,1.15354691075514874141876431,Other,,0,False,False
1371,12:04:22.000,12:04:14.000,12:04:22.000,8,23464.4000,23464.4000,23461.0000,23462.0000,715,-2.4000,123.6250,0.08768656716417910447761194,108.48076923076923076923076923,0.48511705685618729096989966,Other,,0,False,False
1372,12:04:36.000,12:04:22.000,12:04:36.000,14,23462.0000,23465.0000,23461.1000,23464.0000,910,2.0000,124.66153846153846153846153846,1.03653846153846153846153846,108.18837209302325581395348837,-0.29239713774597495527728086,Other,,0,False,False
1373,12:04:39.000,12:04:36.000,12:04:39.000,3,23464.0000,23465.5000,23462.8000,23465.0000,975,1.0000,125.5400,0.87846153846153846153846154,107.8100,-0.37837209302325581395348837,Other,,0,False,False
1374,12:04:56.000,12:04:39.000,12:04:56.000,17,23465.0000,23465.8000,23463.9000,23465.6000,715,0.6000,126.0460,0.5060,107.7800,-0.0300,Other,,0,False,False
1375,12:04:57.000,12:04:56.000,12:04:57.000,1,23465.6000,23469.2000,23465.6000,23469.2000,2925,3.6000,126.1250,0.0790,107.5500,-0.2300,Other,,0,False,False
1376,12:04:57.000,12:04:57.000,12:04:57.000,0,23469.2000,23469.2000,23469.2000,23469.2000,2275,0.0000,,,,,Other,,0,False,False
1377,12:04:59.000,12:04:59.000,12:04:59.000,0,23468.0000,23468.0000,23468.0000,23468.0000,1625,-1.2000,126.3750,,107.6000,,Other,,0,False,False
1378,12:04:59.000,12:04:59.000,12:04:59.000,0,23468.0000,23468.0000,23468.0000,23468.0000,975,0.0000,,,,,Other,,0,False,False
1379,12:05:02.000,12:04:59.000,12:05:02.000,3,23468.0000,23469.2000,23468.0000,23469.2000,910,1.2000,126.72272727272727272727272727,,107.14090909090909090909090909,,Other,,0,False,False
1380,12:05:06.000,12:05:02.000,12:05:06.000,4,23469.2000,23470.0000,23467.0000,23470.0000,3380,0.8000,128.16666666666666666666666667,1.44393939393939393939393940,106.61666666666666666666666667,-0.52424242424242424242424242,Other,,0,False,False
1381,12:05:06.000,12:05:06.000,12:05:06.000,0,23470.0000,23470.0000,23470.0000,23470.0000,2730,0.0000,,,,,Other,,0,False,False
1382,12:05:07.000,12:05:07.000,12:05:07.000,0,23470.0000,23470.0000,23470.0000,23470.0000,2080,0.0000,127.6750,,106.9750,,Other,,0,False,False
1383,12:05:07.000,12:05:07.000,12:05:07.000,0,23470.0000,23470.0000,23470.0000,23470.0000,1430,0.0000,,,,,Other,,0,False,False
1384,12:05:09.000,12:05:09.000,12:05:09.000,0,23470.0000,23470.0000,23470.0000,23470.0000,780,0.0000,127.9250,,107.0000,,Other,,0,False,False
1385,12:05:24.000,12:05:09.000,12:05:24.000,15,23470.0000,23470.0000,23469.0000,23470.0000,1105,0.0000,127.69583333333333333333333333,-0.22916666666666666666666667,107.45208333333333333333333333,0.45208333333333333333333333,Other,,0,False,False
1386,12:05:26.000,12:05:24.000,12:05:26.000,2,23470.0000,23471.8000,23470.0000,23471.8000,2925,1.8000,129.8000,2.10416666666666666666666667,106.11666666666666666666666667,-1.33541666666666666666666666,Other,,0,False,False
1387,12:05:26.000,12:05:26.000,12:05:26.000,0,23471.8000,23471.8000,23471.8000,23471.8000,2275,0.0000,,,,,Other,,0,False,False
1388,12:05:27.000,12:05:27.000,12:05:27.000,0,23472.0000,23472.0000,23472.0000,23472.0000,1625,0.2000,130.1250,,105.9500,,Other,,0,False,False
1389,12:05:27.000,12:05:27.000,12:05:27.000,0,23472.0000,23472.0000,23472.0000,23472.0000,975,0.0000,,,,,Other,,0,False,False
1390,12:05:27.000,12:05:27.000,12:05:27.000,0,23471.5000,23471.5000,23471.5000,23471.5000,1365,-0.5000,,,,,Other,,0,False,False
1391,12:05:27.000,12:05:27.000,12:05:27.000,0,23471.5000,23471.5000,23471.5000,23471.5000,715,0.0000,,,,,Other,,0,False,False
1392,12:05:32.000,12:05:29.000,12:05:32.000,3,23471.8000,23472.0000,23471.5000,23471.5000,650,0.0000,131.0500,,105.8400,,Other,,0,False,False
1393,12:05:39.000,12:05:32.000,12:05:39.000,7,23471.5000,23471.5000,23471.0000,23471.0000,910,-0.5000,130.30909090909090909090909091,-0.74090909090909090909090909,106.51818181818181818181818182,0.67818181818181818181818182,Other,,0,False,False
1394,12:05:41.000,12:05:39.000,12:05:41.000,2,23471.0000,23472.1000,23470.0000,23470.0000,910,-1.0000,129.1000,-1.20909090909090909090909091,107.43333333333333333333333333,0.91515151515151515151515151,Other,,0,False,False
1395,12:05:42.000,12:05:41.000,12:05:42.000,1,23470.0000,23472.8000,23467.6000,23472.8000,1495,2.8000,127.9250,-1.1750,108.0750,0.64166666666666666666666667,A,A,1,False,False
1396,12:05:42.000,12:05:42.000,12:05:42.000,0,23472.8000,23472.8000,23472.8000,23472.8000,845,0.0000,,,,,Other,,0,False,False
1397,12:05:56.000,12:05:44.000,12:05:56.000,12,23472.8000,23474.0000,23465.5000,23465.5000,1430,-7.3000,127.6200,,107.4575,,Other,,0,False,False
1398,12:05:56.000,12:05:56.000,12:05:56.000,0,23465.5000,23465.5000,23465.5000,23465.5000,780,0.0000,,,,,Other,,0,False,False
1399,12:06:17.000,12:05:58.000,12:06:17.000,19,23465.5000,23474.0000,23465.5000,23469.5000,650,4.0000,128.75597014925373134328358209,,106.09253731343283582089552239,,Other,,0,False,False
1400,12:06:22.000,12:06:17.000,12:06:22.000,5,23469.5000,23474.8000,23469.5000,23474.8000,1040,5.3000,129.78125,1.02527985074626865671641791,105.1875,-0.90503731343283582089552239,Other,,0,False,False
1401,12:06:24.000,12:06:22.000,12:06:24.000,2,23474.8000,23475.0000,23474.8000,23475.0000,3120,0.2000,130.2250,0.44375,104.96666666666666666666666667,-0.22083333333333333333333333,Other,,0,False,False
1402,12:06:24.000,12:06:24.000,12:06:24.000,0,23475.0000,23475.0000,23475.0000,23475.0000,2470,0.0000,,,,,Other,,0,False,False
1403,12:06:25.000,12:06:25.000,12:06:25.000,0,23471.0000,23471.0000,23471.0000,23471.0000,1820,-4.0000,129.9250,,104.7500,,Other,,0,False,False
1404,12:06:25.000,12:06:25.000,12:06:25.000,0,23471.0000,23471.0000,23471.0000,23471.0000,1170,0.0000,,,,,Other,,0,False,False
1405,12:06:27.000,12:06:26.000,12:06:27.000,1,23471.0000,23475.0000,23471.0000,23475.0000,1235,4.0000,129.41666666666666666666666667,,105.2000,,Other,,0,False,False
1406,12:06:34.000,12:06:27.000,12:06:34.000,7,23475.0000,23475.0000,23474.9000,23474.9000,650,-0.1000,128.90652173913043478260869565,-0.51014492753623188405797102,105.63684210526315789473684211,0.43684210526315789473684211,Other,,0,False,False
1407,12:06:44.000,12:06:34.000,12:06:44.000,10,23474.9000,23475.0000,23471.6000,23474.6000,4160,-0.3000,130.234375,1.32785326086956521739130435,104.903125,-0.73371710526315789473684211,B,B,1,False,False
1408,12:06:44.000,12:06:44.000,12:06:44.000,0,23474.6000,23474.6000,23474.6000,23474.6000,3510,0.0000,,,,,Other,,0,False,False
1409,12:06:45.000,12:06:45.000,12:06:45.000,0,23475.0000,23475.0000,23475.0000,23475.0000,2860,0.4000,131.2750,,104.4250,,Other,,0,False,False
1410,12:06:45.000,12:06:45.000,12:06:45.000,0,23475.0000,23475.0000,23475.0000,23475.0000,2210,0.0000,,,,,Other,,0,False,False
1411,12:06:45.000,12:06:45.000,12:06:45.000,0,23474.0000,23474.0000,23474.0000,23474.0000,3185,-1.0000,,,,,Other,,0,False,False
1412,12:06:45.000,12:06:45.000,12:06:45.000,0,23474.0000,23474.0000,23474.0000,23474.0000,2535,0.0000,,,,,Other,,0,False,False
1413,12:06:47.000,12:06:47.000,12:06:47.000,0,23474.0000,23474.0000,23474.0000,23474.0000,1885,0.0000,131.1750,,104.3750,,Other,,0,False,False
1414,12:06:47.000,12:06:47.000,12:06:47.000,0,23474.0000,23474.0000,23474.0000,23474.0000,1235,0.0000,,,,,Other,,0,False,False
1415,12:06:49.000,12:06:48.000,12:06:49.000,1,23475.0000,23479.0000,23475.0000,23479.0000,8645,5.0000,106.23333333333333333333333333,,126.5500,,Other,,0,False,False
1416,12:06:49.000,12:06:49.000,12:06:49.000,0,23479.0000,23479.0000,23479.0000,23479.0000,7995,0.0000,,,,,Other,,0,False,False
1417,12:06:50.000,12:06:50.000,12:06:50.000,0,23477.3000,23477.3000,23477.3000,23477.3000,7345,-1.7000,106.9000,,125.9000,,Other,,0,False,False
1418,12:06:50.000,12:06:50.000,12:06:50.000,0,23477.3000,23477.3000,23477.3000,23477.3000,6695,0.0000,,,,,Other,,0,False,False
1419,12:06:50.000,12:06:50.000,12:06:50.000,0,23480.0000,23480.0000,23480.0000,23480.0000,6695,2.7000,,,,,Other,,0,False,False
1420,12:06:50.000,12:06:50.000,12:06:50.000,0,23480.0000,23480.0000,23480.0000,23480.0000,6045,0.0000,,,,,Other,,0,False,False
1421,12:06:51.000,12:06:51.000,12:06:51.000,0,23480.0000,23480.0000,23480.0000,23480.0000,5395,0.0000,106.7750,,126.2250,,Other,,0,False,False
1422,12:06:51.000,12:06:51.000,12:06:51.000,0,23480.0000,23480.0000,23480.0000,23480.0000,4745,0.0000,,,,,Other,,0,False,False
1423,12:06:52.000,12:06:52.000,12:06:52.000,0,23480.0000,23480.0000,23480.0000,23480.0000,4095,0.0000,105.9250,,127.0500,,Other,,0,False,False
1424,12:06:52.000,12:06:52.000,12:06:52.000,0,23480.0000,23480.0000,23480.0000,23480.0000,3445,0.0000,,,,,Other,,0,False,False
1425,12:06:52.000,12:06:52.000,12:06:52.000,0,23480.0000,23480.0000,23480.0000,23480.0000,3770,0.0000,,,,,Other,,0,False,False
1426,12:06:52.000,12:06:52.000,12:06:52.000,0,23480.0000,23480.0000,23480.0000,23480.0000,3120,0.0000,,,,,Other,,0,False,False
1427,12:06:53.000,12:06:53.000,12:06:53.000,0,23480.0000,23480.0000,23480.0000,23480.0000,2470,0.0000,106.2500,,126.8500,,Other,,0,False,False
1428,12:06:53.000,12:06:53.000,12:06:53.000,0,23480.0000,23480.0000,23480.0000,23480.0000,1820,0.0000,,,,,Other,,0,False,False
1429,12:06:54.000,12:06:54.000,12:06:54.000,0,23480.0000,23480.0000,23480.0000,23480.0000,1300,0.0000,106.4000,,126.7500,,Other,,0,False,False
1430,12:06:54.000,12:06:54.000,12:06:54.000,0,23480.0000,23480.0000,23480.0000,23480.0000,650,0.0000,,,,,Other,,0,False,False
1431,12:07:04.000,12:06:55.000,12:07:04.000,9,23478.2000,23478.2000,23477.6000,23477.6000,845,-2.4000,106.13030303030303030303030303,,126.9469696969696969696969697,,Other,,0,False,False
1432,12:07:05.000,12:07:04.000,12:07:05.000,1,23477.6000,23477.9000,23477.6000,23477.9000,650,0.3000,104.4500,-1.68030303030303030303030303,128.2000,1.2530303030303030303030303,A,A,1,False,False
1433,12:07:07.000,12:07:05.000,12:07:07.000,2,23477.9000,23477.9000,23477.6000,23477.6000,715,-0.3000,104.4625,0.0125,128.1875,-0.0125,B,B,1,False,False
1434,12:07:12.000,12:07:07.000,12:07:12.000,5,23477.6000,23477.6000,23471.1000,23471.1000,780,-6.5000,130.27857142857142857142857143,,105.38125,,Other,,0,False,False
1435,12:07:19.000,12:07:12.000,12:07:19.000,7,23471.1000,23475.0000,23471.1000,23474.6000,1820,3.5000,130.85454545454545454545454545,0.57597402597402597402597402,104.8750,-0.50625,Other,,0,False,False
1436,12:07:19.000,12:07:19.000,12:07:19.000,0,23474.6000,23474.6000,23474.6000,23474.6000,1170,0.0000,,,,,Other,,0,False,False
1437,12:07:20.000,12:07:20.000,12:07:20.000,0,23477.0000,23477.0000,23477.0000,23477.0000,2080,2.4000,105.2000,,127.6000,,Other,,0,False,False
1438,12:07:20.000,12:07:20.000,12:07:20.000,0,23477.0000,23477.0000,23477.0000,23477.0000,1430,0.0000,,,,,Other,,0,False,False
1439,12:07:22.000,12:07:22.000,12:07:22.000,0,23477.0000,23477.0000,23477.0000,23477.0000,780,0.0000,104.9500,,127.4000,,Other,,0,False,False
1440,12:07:42.000,12:07:22.000,12:07:42.000,20,23477.0000,23477.0000,23472.0000,23475.0000,1495,-2.0000,130.69915254237288135593220339,,104.51666666666666666666666667,,Other,,0,False,False
1441,12:07:42.000,12:07:42.000,12:07:42.000,0,23475.0000,23475.0000,23475.0000,23475.0000,845,0.0000,,,,,Other,,0,False,False
1442,12:07:59.000,12:07:43.000,12:07:59.000,16,23475.0000,23475.0000,23470.1000,23470.1000,715,-4.9000,129.77592592592592592592592593,,105.10185185185185185185185185,,Other,,0,False,False
1443,12:08:05.000,12:07:59.000,12:08:05.000,6,23470.1000,23474.0000,23470.0000,23470.0000,1755,-0.1000,128.15882352941176470588235294,-1.61710239651416122004357299,106.45789473684210526315789474,1.35604288499025341130604289,Other,,0,False,False
1444,12:08:05.000,12:08:05.000,12:08:05.000,0,23470.0000,23470.0000,23470.0000,23470.0000,1105,0.0000,,,,,Other,,0,False,False
1445,12:08:15.000,12:08:07.000,12:08:15.000,8,23470.0000,23471.0000,23470.0000,23470.1000,650,0.1000,127.9750,,106.35384615384615384615384615,,Other,,0,False,False
1446,12:08:28.000,12:08:15.000,12:08:28.000,13,23470.1000,23474.0000,23470.0000,23470.0000,1040,-0.1000,129.05238095238095238095238095,1.07738095238095238095238095,105.67142857142857142857142857,-0.68241758241758241758241758,B,B,1,False,False
1447,12:08:32.000,12:08:28.000,12:08:32.000,4,23470.0000,23470.0000,23470.0000,23470.0000,650,0.0000,128.76923076923076923076923077,-0.28315018315018315018315018,106.03461538461538461538461538,0.36318681318681318681318681,Other,,0,False,False
1448,12:08:33.000,12:08:32.000,12:08:33.000,1,23470.0000,23470.0000,23470.0000,23470.0000,1105,0.0000,128.8500,0.08076923076923076923076923,106.2250,0.19038461538461538461538462,Other,,0,False,False
1449,12:08:42.000,12:08:33.000,12:08:42.000,9,23470.0000,23474.0000,23469.1000,23469.1000,650,-0.9000,127.87857142857142857142857143,-0.97142857142857142857142857,106.42857142857142857142857143,0.20357142857142857142857143,Other,,0,False,False
1450,12:08:48.000,12:08:42.000,12:08:48.000,6,23469.1000,23469.8000,23469.1000,23469.8000,1300,0.7000,126.9900,-0.88857142857142857142857143,106.78333333333333333333333333,0.35476190476190476190476190,A,A,1,False,False
1451,12:08:48.000,12:08:48.000,12:08:48.000,0,23469.8000,23469.8000,23469.8000,23469.8000,650,0.0000,,,,,Other,,0,False,False
1452,12:08:58.000,12:08:50.000,12:08:58.000,8,23469.8000,23469.9000,23469.8000,23469.8000,650,0.0000,126.59285714285714285714285714,,106.74666666666666666666666667,,Other,,0,False,False
1453,12:09:06.000,12:08:58.000,12:09:06.000,8,23469.8000,23469.8000,23467.1000,23467.9000,975,-1.9000,125.5037037037037037037037037,-1.08915343915343915343915344,107.32407407407407407407407407,0.57740740740740740740740740,Other,,0,False,False
1454,12:09:11.000,12:09:06.000,12:09:11.000,5,23467.9000,23467.9000,23464.7000,23464.7000,715,-3.2000,125.1875,-0.3162037037037037037037037,107.50833333333333333333333333,0.18425925925925925925925926,Other,,0,False,False
1455,12:09:25.000,12:09:11.000,12:09:25.000,14,23464.7000,23465.1000,23463.3000,23463.3000,650,-1.4000,125.2000,0.0125,107.5500,0.04166666666666666666666667,Other,,0,False,False
1456,12:09:26.000,12:09:25.000,12:09:26.000,1,23463.3000,23465.1000,23463.3000,23465.1000,1105,1.8000,126.1750,0.9750,107.2000,-0.3500,Other,,0,False,False
1457,12:09:33.000,12:09:26.000,12:09:33.000,7,23465.1000,23466.4000,23465.1000,23466.1000,715,1.0000,126.52608695652173913043478261,0.35108695652173913043478261,107.17105263157894736842105263,-0.02894736842105263157894737,Other,,0,False,False
1458,12:09:43.000,12:09:33.000,12:09:43.000,10,23466.1000,23466.9000,23466.0000,23466.0000,715,-0.1000,125.59333333333333333333333333,-0.93275362318840579710144928,107.56875,0.39769736842105263157894737,Other,,0,False,False
1459,12:09:54.000,12:09:43.000,12:09:54.000,11,23466.0000,23469.8000,23466.0000,23469.8000,715,3.8000,125.58823529411764705882352941,-0.00509803921568627450980392,107.65833333333333333333333333,0.08958333333333333333333333,A,A,1,False,False
1460,12:10:21.000,12:09:54.000,12:10:21.000,27,23469.8000,23470.0000,23467.0000,23468.0000,845,-1.8000,125.98529411764705882352941176,0.39705882352941176470588235,106.92345679012345679012345679,-0.73487654320987654320987654,B,B,1,False,False
1461,12:10:28.000,12:10:21.000,12:10:28.000,7,23468.0000,23470.0000,23468.0000,23468.0000,650,0.0000,127.23636363636363636363636364,1.25106951871657754010695188,106.0550,-0.86845679012345679012345679,Other,,0,False,False
1462,12:10:36.000,12:10:28.000,12:10:36.000,8,23468.0000,23470.0000,23468.0000,23470.0000,1300,2.0000,127.68888888888888888888888889,0.45252525252525252525252525,105.81481481481481481481481481,-0.24018518518518518518518519,Other,,0,False,False
1463,12:10:36.000,12:10:36.000,12:10:36.000,0,23470.0000,23470.0000,23470.0000,23470.0000,650,0.0000,,,,,Other,,0,False,False
1464,12:10:41.000,12:10:38.000,12:10:41.000,3,23470.0000,23471.4000,23470.0000,23470.0000,715,0.0000,128.66428571428571428571428571,,105.26428571428571428571428571,,Other,,0,False,False
1465,12:10:54.000,12:10:41.000,12:10:54.000,13,23470.0000,23474.0000,23470.0000,23470.1000,910,0.1000,127.83809523809523809523809524,-0.82619047619047619047619047,105.9700,0.70571428571428571428571429,A,A,1,False,False
1466,12:11:06.000,12:10:54.000,12:11:06.000,12,23470.1000,23470.5000,23470.1000,23470.5000,910,0.4000,128.38387096774193548387096774,0.54577572964669738863287250,105.95517241379310344827586207,-0.01482758620689655172413793,Other,,0,False,False
1467,12:11:14.000,12:11:06.000,12:11:14.000,8,23470.5000,23474.0000,23470.0000,23474.0000,650,3.5000,128.94583333333333333333333333,0.56196236559139784946236559,105.6125,-0.34267241379310344827586207,Other,,0,False,False
1468,12:11:36.000,12:11:14.000,12:11:36.000,22,23474.0000,23475.0000,23472.8000,23475.0000,2470,1.0000,129.8634328358208955223880597,0.91759950248756218905472637,105.01846153846153846153846154,-0.59403846153846153846153846,Other,,0,False,False
1469,12:11:36.000,12:11:36.000,12:11:36.000,0,23475.0000,23475.0000,23475.0000,23475.0000,1820,0.0000,,,,,Other,,0,False,False
1470,12:11:37.000,12:11:37.000,12:11:37.000,0,23475.0000,23475.0000,23475.0000,23475.0000,1300,0.0000,131.6250,,103.9750,,Other,,0,False,False
1471,12:11:37.000,12:11:37.000,12:11:37.000,0,23475.0000,23475.0000,23475.0000,23475.0000,650,0.0000,,,,,Other,,0,False,False
1472,12:11:42.000,12:11:39.000,12:11:42.000,3,23475.0000,23476.0000,23475.0000,23476.0000,2080,1.0000,104.69166666666666666666666667,,127.39285714285714285714285714,,Other,,0,False,False
1473,12:11:42.000,12:11:42.000,12:11:42.000,0,23476.0000,23476.0000,23476.0000,23476.0000,1430,0.0000,,,,,Other,,0,False,False
1474,12:11:44.000,12:11:44.000,12:11:44.000,0,23476.0000,23476.0000,23476.0000,23476.0000,780,0.0000,104.6500,,127.4000,,Other,,0,False,False
1475,12:12:09.000,12:11:44.000,12:12:09.000,25,23476.0000,23477.6000,23474.6000,23477.0000,650,1.0000,104.58271604938271604938271605,-0.06728395061728395061728395,127.5400,0.1400,A,A,1,False,False
1476,12:12:45.000,12:12:09.000,12:12:45.000,36,23477.0000,23477.0000,23475.3000,23476.5000,975,-0.5000,105.3017094017094017094017094,0.71899335232668566001899335,127.20086956521739130434782609,-0.33913043478260869565217391,B,B,1,False,False
1477,12:12:55.000,12:12:45.000,12:12:55.000,10,23476.5000,23476.5000,23475.6000,23475.6000,845,-0.9000,105.90625,0.6045405982905982905982906,126.67333333333333333333333333,-0.52753623188405797101449276,B,B,2,False,True
1478,12:13:12.000,12:12:55.000,12:13:12.000,17,23475.6000,23483.0000,23475.6000,23483.0000,4940,7.4000,106.6200,0.71375,126.22358490566037735849056604,-0.44974842767295597484276729,Other,,0,False,False
1479,12:13:12.000,12:13:12.000,12:13:12.000,0,23483.0000,23483.0000,23483.0000,23483.0000,4290,0.0000,,,,,Other,,0,False,False
1480,12:13:12.000,12:13:12.000,12:13:12.000,0,23484.0000,23484.0000,23484.0000,23484.0000,3640,1.0000,,,,,Other,,0,False,False
1481,12:13:12.000,12:13:12.000,12:13:12.000,0,23484.0000,23484.0000,23484.0000,23484.0000,2990,0.0000,,,,,Other,,0,False,False
1482,12:13:13.000,12:13:13.000,12:13:13.000,0,23484.0000,23484.0000,23484.0000,23484.0000,2535,0.0000,108.1500,,125.2500,,Other,,0,False,False
1483,12:13:13.000,12:13:13.000,12:13:13.000,0,23484.0000,23484.0000,23484.0000,23484.0000,1885,0.0000,,,,,Other,,0,False,False
1484,12:13:15.000,12:13:15.000,12:13:15.000,0,23480.9000,23480.9000,23480.9000,23480.9000,1365,-3.1000,108.1500,,125.4750,,Other,,0,False,False
1485,12:13:15.000,12:13:15.000,12:13:15.000,0,23480.9000,23480.9000,23480.9000,23480.9000,715,0.0000,,,,,Other,,0,False,False
1486,12:13:22.000,12:13:17.000,12:13:22.000,5,23480.9000,23480.9000,23476.3000,23476.8000,650,-4.1000,106.4900,,126.8500,,Other,,0,False,False
1487,12:13:37.000,12:13:22.000,12:13:37.000,15,23476.8000,23478.2000,23475.6000,23477.9000,715,1.1000,105.21063829787234042553191489,-1.27936170212765957446808511,127.77553191489361702127659574,0.92553191489361702127659574,A,A,1,False,False
1488,12:13:47.000,12:13:37.000,12:13:47.000,10,23477.9000,23478.3000,23476.3000,23478.3000,1170,0.4000,105.13666666666666666666666667,-0.07397163120567375886524822,127.75625,-0.01928191489361702127659574,Other,,0,False,False
1489,12:13:48.000,12:13:47.000,12:13:48.000,1,23478.3000,23478.3000,23478.0000,23478.1000,1365,-0.2000,104.9250,-0.21166666666666666666666667,127.6500,-0.10625,Other,,0,False,False
1490,12:13:48.000,12:13:48.000,12:13:48.000,0,23478.1000,23478.1000,23478.1000,23478.1000,715,0.0000,,,,,Other,,0,False,False
1491,12:14:06.000,12:13:49.000,12:14:06.000,17,23478.0000,23480.0000,23475.8000,23478.9000,715,0.8000,105.81929824561403508771929825,,127.44363636363636363636363636,,Other,,0,False,False
1492,12:14:15.000,12:14:06.000,12:14:15.000,9,23478.9000,23479.4000,23478.9000,23479.3000,650,0.4000,106.48928571428571428571428571,0.66998746867167919799498746,127.25769230769230769230769231,-0.18594405594405594405594405,Other,,0,False,False
1493,12:14:21.000,12:14:15.000,12:14:21.000,6,23479.3000,23479.5000,23479.3000,23479.5000,650,0.2000,106.29375,-0.19553571428571428571428571,127.38571428571428571428571429,0.12802197802197802197802198,A,A,1,False,False
1494,12:14:38.000,12:14:21.000,12:14:38.000,17,23479.5000,23480.0000,23476.5000,23476.5000,845,-3.0000,105.98333333333333333333333333,-0.31041666666666666666666667,127.51808510638297872340425532,0.13237082066869300911854103,Other,,0,False,False
1495,12:14:41.000,12:14:38.000,12:14:41.000,3,23476.5000,23480.0000,23476.5000,23480.0000,2535,3.5000,105.9375,-0.04583333333333333333333333,127.9500,0.43191489361702127659574468,A,A,1,False,False
1496,12:14:41.000,12:14:41.000,12:14:41.000,0,23480.0000,23480.0000,23480.0000,23480.0000,1885,0.0000,,,,,Other,,0,False,False
1497,12:14:43.000,12:14:43.000,12:14:43.000,0,23480.0000,23480.0000,23480.0000,23480.0000,3120,0.0000,105.4000,,127.9000,,Other,,0,False,False
1498,12:14:43.000,12:14:43.000,12:14:43.000,0,23480.0000,23480.0000,23480.0000,23480.0000,2470,0.0000,,,,,Other,,0,False,False
1499,12:14:45.000,12:14:45.000,12:14:45.000,0,23480.0000,23480.0000,23480.0000,23480.0000,1820,0.0000,105.3500,,128.0000,,Other,,0,False,False
1500,12:14:45.000,12:14:45.000,12:14:45.000,0,23480.0000,23480.0000,23480.0000,23480.0000,1170,0.0000,,,,,Other,,0,False,False
1501,12:14:46.000,12:14:46.000,12:14:46.000,0,23475.6000,23475.6000,23475.6000,23475.6000,845,-4.4000,105.3250,,128.1500,,Other,,0,False,False
1502,12:14:48.000,12:14:46.000,12:14:48.000,2,23475.6000,23478.0000,23473.5000,23478.0000,1820,2.4000,105.28333333333333333333333333,-0.04166666666666666666666667,128.1500,0.0000,Other,,0,False,False
1503,12:14:48.000,12:14:48.000,12:14:48.000,0,23478.0000,23478.0000,23478.0000,23478.0000,1170,0.0000,,,,,Other,,0,False,False
1504,12:14:50.000,12:14:50.000,12:14:50.000,0,23478.0000,23478.0000,23478.0000,23478.0000,780,0.0000,105.5500,,,,Other,,0,False,False
1505,12:15:00.000,12:14:50.000,12:15:00.000,10,23478.0000,23482.0000,23474.4000,23482.0000,1105,4.0000,106.04393939393939393939393939,0.49393939393939393939393939,127.55606060606060606060606061,,Other,,0,False,False
1506,12:15:06.000,12:15:00.000,12:15:06.000,6,23482.0000,23482.0000,23479.6000,23479.8000,1495,-2.2000,105.8700,-0.17393939393939393939393939,127.8050,0.24893939393939393939393939,Other,,0,False,False
1507,12:15:06.000,12:15:06.000,12:15:06.000,0,23479.8000,23479.8000,23479.8000,23479.8000,845,0.0000,,,,,Other,,0,False,False
1508,12:15:24.000,12:15:08.000,12:15:24.000,16,23479.8000,23479.8000,23475.2000,23475.2000,650,-4.6000,106.1500,,127.3750,,Other,,0,False,False
1509,12:15:43.000,12:15:24.000,12:15:43.000,19,23475.2000,23479.6000,23472.5000,23472.5000,910,-2.7000,131.28684210526315789473684211,,105.16372549019607843137254902,,Other,,0,False,False
1510,12:15:54.000,12:15:43.000,12:15:54.000,11,23472.5000,23478.0000,23472.5000,23474.1000,845,1.6000,131.29444444444444444444444444,0.00760233918128654970760233,105.05333333333333333333333333,-0.11039215686274509803921569,Other,,0,False,False
1511,12:16:07.000,12:15:54.000,12:16:07.000,13,23474.1000,23482.8000,23474.1000,23474.7000,845,0.6000,130.73658536585365853658536585,-0.55785907859078590785907859,105.06097560975609756097560976,0.00764227642276422764227643,A,A,1,False,False
1512,12:16:11.000,12:16:07.000,12:16:11.000,4,23474.7000,23480.0000,23474.2000,23474.2000,910,-0.5000,129.46666666666666666666666667,-1.26991869918699186991869918,105.73333333333333333333333333,0.67235772357723577235772357,Other,,0,False,False
1513,12:16:16.000,12:16:11.000,12:16:16.000,5,23474.2000,23474.2000,23474.1000,23474.1000,910,-0.1000,129.31875,-0.14791666666666666666666667,105.6875,-0.04583333333333333333333333,Other,,0,False,False
1514,12:16:21.000,12:16:16.000,12:16:21.000,5,23474.1000,23476.0000,23470.4000,23476.0000,715,1.9000,103.19375,,128.3875,,Other,,0,False,False
1515,12:16:42.000,12:16:21.000,12:16:42.000,21,23476.0000,23476.0000,23470.0000,23470.5000,650,-5.5000,129.42014925373134328358208955,,104.840625,,Other,,0,False,False
1516,12:17:01.000,12:16:42.000,12:17:01.000,19,23470.5000,23475.0000,23470.5000,23474.0000,715,3.5000,130.14180327868852459016393443,0.72165402495718130658184488,104.57545454545454545454545455,-0.26517045454545454545454545,Other,,0,False,False
1517,12:17:16.000,12:17:01.000,12:17:16.000,15,23474.0000,23477.0000,23474.0000,23477.0000,845,3.0000,104.98958333333333333333333333,,127.19130434782608695652173913,,Other,,0,False,False
1518,12:18:00.000,12:17:16.000,12:18:00.000,44,23477.0000,23478.0000,23474.2000,23474.2000,1885,-2.8000,131.28992537313432835820895522,,104.14838709677419354838709677,,Other,,0,False,False
1519,12:18:00.000,12:18:00.000,12:18:00.000,0,23474.2000,23474.2000,23474.2000,23474.2000,1235,0.0000,,,,,Other,,0,False,False
1520,12:18:07.000,12:18:02.000,12:18:07.000,5,23474.2000,23475.0000,23474.2000,23475.0000,650,0.8000,130.6150,,104.2875,,Other,,0,False,False
1521,12:18:26.000,12:18:07.000,12:18:26.000,19,23475.0000,23475.9000,23473.0000,23475.9000,1235,0.9000,104.25714285714285714285714286,,127.2037037037037037037037037,,Other,,0,False,False
1522,12:18:30.000,12:18:26.000,12:18:30.000,4,23475.9000,23476.0000,23475.4000,23475.4000,715,-0.5000,104.49090909090909090909090909,0.23376623376623376623376623,126.96538461538461538461538462,-0.23831908831908831908831908,B,B,1,False,False
1523,12:19:01.000,12:18:30.000,12:19:01.000,31,23475.4000,23476.0000,23474.5000,23475.5000,650,0.1000,104.90947368421052631578947368,0.41856459330143540669856459,126.53368421052631578947368421,-0.43170040485829959514170041,Other,,0,False,False
1524,12:19:04.000,12:19:01.000,12:19:04.000,3,23475.5000,23475.5000,23474.7000,23474.7000,650,-0.8000,132.5700,,102.7900,,Other,,0,False,False
1525,12:19:12.000,12:19:04.000,12:19:12.000,8,23474.7000,23477.0000,23474.7000,23475.5000,1170,0.8000,105.46923076923076923076923077,,126.10416666666666666666666667,,Other,,0,False,False
1526,12:19:19.000,12:19:12.000,12:19:19.000,7,23475.5000,23475.7000,23475.5000,23475.5000,715,0.0000,105.43181818181818181818181818,-0.03741258741258741258741259,126.2100,0.10583333333333333333333333,Other,,0,False,False
1527,12:19:35.000,12:19:19.000,12:19:35.000,16,23475.5000,23479.1000,23475.5000,23479.0000,845,3.5000,106.31078431372549019607843137,0.87896613190730837789661319,125.39183673469387755102040816,-0.81816326530612244897959184,Other,,0,False,False
1528,12:19:46.000,12:19:35.000,12:19:46.000,11,23479.0000,23480.0000,23479.0000,23479.0000,650,0.0000,106.134375,-0.17640931372549019607843137,125.54375,0.15191326530612244897959184,Other,,0,False,False
1529,12:19:58.000,12:19:46.000,12:19:58.000,12,23479.0000,23480.0000,23479.0000,23480.0000,1235,1.0000,106.22105263157894736842105263,0.08667763157894736842105263,125.59705882352941176470588235,0.05330882352941176470588235,Other,,0,False,False
1530,12:20:00.000,12:19:58.000,12:20:00.000,2,23480.0000,23480.0000,23479.9000,23479.9000,650,-0.1000,106.97142857142857142857142857,0.75037593984962406015037594,125.07142857142857142857142857,-0.52563025210084033613445378,B,B,1,False,False
1531,12:20:15.000,12:20:00.000,12:20:15.000,15,23479.9000,23482.0000,23479.9000,23482.0000,650,2.1000,107.10833333333333333333333333,0.13690476190476190476190476,125.08913043478260869565217391,0.01770186335403726708074534,Other,,0,False,False
1532,12:20:36.000,12:20:15.000,12:20:36.000,21,23482.0000,23482.0000,23479.2000,23480.1000,715,-1.9000,106.29538461538461538461538462,-0.81294871794871794871794871,125.59615384615384615384615385,0.50702341137123745819397994,Other,,0,False,False
1533,12:20:49.000,12:20:36.000,12:20:49.000,13,23480.1000,23480.1000,23478.6000,23479.3000,715,-0.8000,104.8925,-1.40288461538461538461538462,126.7125,1.11634615384615384615384615,Other,,0,False,False
1534,12:20:59.000,12:20:49.000,12:20:59.000,10,23479.3000,23479.3000,23476.3000,23476.3000,715,-3.0000,104.7125,-0.1800,126.9000,0.1875,Other,,0,False,False
1535,12:21:21.000,12:20:59.000,12:21:21.000,22,23476.3000,23477.9000,23476.3000,23477.4000,650,1.1000,104.88405797101449275362318841,0.17155797101449275362318841,126.88050847457627118644067797,-0.01949152542372881355932203,Other,,0,False,False
1536,12:21:29.000,12:21:21.000,12:21:29.000,8,23477.4000,23482.0000,23476.3000,23476.3000,1755,-1.1000,104.4500,-0.43405797101449275362318841,127.31363636363636363636363636,0.43312788906009244992295839,Other,,0,False,False
1537,12:21:29.000,12:21:29.000,12:21:29.000,0,23476.3000,23476.3000,23476.3000,23476.3000,1105,0.0000,,,,,Other,,0,False,False
1538,12:21:40.000,12:21:30.000,12:21:40.000,10,23476.9000,23476.9000,23476.4000,23476.4000,650,0.1000,104.15454545454545454545454545,,127.79090909090909090909090909,,Other,,0,False,False
1539,12:21:51.000,12:21:40.000,12:21:51.000,11,23476.4000,23477.2000,23476.0000,23476.2000,715,-0.2000,104.39444444444444444444444444,0.23989898989898989898989899,127.64705882352941176470588235,-0.14385026737967914438502674,B,B,1,False,False
1540,12:21:55.000,12:21:51.000,12:21:55.000,4,23476.2000,23476.9000,23476.2000,23476.6000,845,0.4000,104.0125,-0.38194444444444444444444444,127.9500,0.30294117647058823529411765,A,A,1,False,False
1541,12:21:56.000,12:21:55.000,12:21:56.000,1,23476.6000,23477.3000,23476.0000,23476.0000,2535,-0.6000,104.0000,-0.0125,128.0750,0.1250,Other,,0,False,False
1542,12:21:56.000,12:21:56.000,12:21:56.000,0,23476.0000,23476.0000,23476.0000,23476.0000,1885,0.0000,,,,,Other,,0,False,False
1543,12:21:57.000,12:21:57.000,12:21:57.000,0,23476.9000,23476.9000,23476.9000,23476.9000,1235,0.9000,103.7750,,128.2500,,Other,,0,False,False
1544,12:21:58.000,12:21:57.000,12:21:58.000,1,23476.9000,23476.9000,23476.9000,23476.9000,1300,0.0000,103.7500,-0.0250,128.3000,0.0500,Other,,0,False,False
1545,12:21:58.000,12:21:58.000,12:21:58.000,0,23476.9000,23476.9000,23476.9000,23476.9000,650,0.0000,,,,,Other,,0,False,False
1546,12:22:00.000,12:21:58.000,12:22:00.000,2,23476.1000,23476.1000,23471.5000,23471.5000,2210,-5.4000,130.5500,,104.60714285714285714285714286,,Other,,0,False,False
1547,12:22:00.000,12:22:00.000,12:22:00.000,0,23471.5000,23471.5000,23471.5000,23471.5000,1560,0.0000,,,,,Other,,0,False,False
1548,12:22:00.000,12:22:00.000,12:22:00.000,0,23471.5000,23471.5000,23471.5000,23471.5000,910,0.0000,,,,,Other,,0,False,False
1549,12:22:01.000,12:22:00.000,12:22:01.000,1,23476.3000,23476.9000,23476.3000,23476.9000,975,5.4000,103.6500,,128.1750,,Other,,0,False,False
1550,12:22:03.000,12:22:01.000,12:22:03.000,2,23476.9000,23476.9000,23470.3000,23470.3000,2600,-6.6000,130.21666666666666666666666667,,104.7000,,Other,,0,False,False
1551,12:22:03.000,12:22:03.000,12:22:03.000,0,23470.3000,23470.3000,23470.3000,23470.3000,1950,0.0000,,,,,Other,,0,False,False
1552,12:22:04.000,12:22:04.000,12:22:04.000,0,23476.1000,23476.1000,23476.1000,23476.1000,1300,5.8000,103.4500,,128.1500,,Other,,0,False,False
1553,12:22:04.000,12:22:04.000,12:22:04.000,0,23476.1000,23476.1000,23476.1000,23476.1000,650,0.0000,,,,,Other,,0,False,False
1554,12:22:06.000,12:22:05.000,12:22:06.000,1,23476.1000,23476.1000,23470.6000,23470.6000,2600,-5.5000,130.1500,,104.5750,,Other,,0,False,False
1555,12:22:06.000,12:22:06.000,12:22:06.000,0,23470.6000,23470.6000,23470.6000,23470.6000,1950,0.0000,,,,,Other,,0,False,False
1556,12:22:07.000,12:22:07.000,12:22:07.000,0,23476.9000,23476.9000,23476.9000,23476.9000,1300,6.3000,103.7000,,128.0750,,Other,,0,False,False
1557,12:22:07.000,12:22:07.000,12:22:07.000,0,23476.9000,23476.9000,23476.9000,23476.9000,650,0.0000,,,,,Other,,0,False,False
1558,12:22:10.000,12:22:08.000,12:22:10.000,2,23476.9000,23477.0000,23476.8000,23476.8000,1170,-0.1000,103.8500,,127.8900,,Other,,0,False,False
1559,12:22:11.000,12:22:10.000,12:22:11.000,1,23476.8000,23476.9000,23476.8000,23476.9000,650,0.1000,103.6000,-0.2500,128.2000,0.3100,A,A,1,False,False
1560,12:22:13.000,12:22:11.000,12:22:13.000,2,23476.9000,23476.9000,23470.2000,23470.2000,1950,-6.7000,129.63333333333333333333333333,,104.8000,,Other,,0,False,False
1561,12:22:13.000,12:22:13.000,12:22:13.000,0,23470.2000,23470.2000,23470.2000,23470.2000,1300,0.0000,,,,,Other,,0,False,False
1562,12:22:13.000,12:22:13.000,12:22:13.000,0,23471.0000,23471.0000,23471.0000,23471.0000,650,0.8000,,,,,Other,,0,False,False
1563,12:22:18.000,12:22:13.000,12:22:18.000,5,23471.0000,23471.0000,23469.9000,23469.9000,1040,-1.1000,129.4750,,104.99285714285714285714285714,,Other,,0,False,False
1564,12:22:36.000,12:22:18.000,12:22:36.000,18,23469.9000,23474.1000,23469.9000,23474.1000,650,4.2000,130.09716981132075471698113208,0.62216981132075471698113208,104.70272727272727272727272727,-0.29012987012987012987012987,Other,,0,False,False
1565,12:23:05.000,12:22:36.000,12:23:05.000,29,23474.1000,23480.0000,23474.0000,23480.0000,650,5.9000,103.96235955056179775280898876,,127.89195402298850574712643678,,Other,,0,False,False
1566,12:23:13.000,12:23:05.000,12:23:13.000,8,23480.0000,23480.0000,23474.1000,23474.6000,1170,-5.4000,129.83846153846153846153846154,,105.04615384615384615384615385,,Other,,0,False,False
1567,12:23:15.000,12:23:13.000,12:23:15.000,2,23474.6000,23474.9000,23474.1000,23474.9000,975,0.3000,129.21666666666666666666666667,-0.62179487179487179487179487,105.23333333333333333333333333,0.18717948717948717948717948,A,A,1,False,False
1568,12:23:18.000,12:23:15.000,12:23:18.000,3,23474.9000,23474.9000,23469.2000,23469.2000,2275,-5.7000,129.1800,-0.03666666666666666666666667,105.3750,0.14166666666666666666666667,Other,,0,False,False
1569,12:23:18.000,12:23:18.000,12:23:18.000,0,23469.2000,23469.2000,23469.2000,23469.2000,1625,0.0000,,,,,Other,,0,False,False
1570,12:23:19.000,12:23:19.000,12:23:19.000,0,23469.2000,23469.2000,23469.2000,23469.2000,975,0.0000,129.2500,,105.3500,,Other,,0,False,False
1571,12:23:29.000,12:23:19.000,12:23:29.000,10,23469.2000,23483.5000,23469.2000,23472.0000,7280,2.8000,129.57666666666666666666666667,0.32666666666666666666666667,105.140625,-0.209375,Other,,0,False,False
1572,12:23:29.000,12:23:29.000,12:23:29.000,0,23472.0000,23472.0000,23472.0000,23472.0000,6630,0.0000,,,,,Other,,0,False,False
1573,12:23:30.000,12:23:30.000,12:23:30.000,0,23472.0000,23472.0000,23472.0000,23472.0000,5980,0.0000,129.58333333333333333333333333,,105.3000,,Other,,0,False,False
1574,12:23:31.000,12:23:31.000,12:23:31.000,0,23472.0000,23472.0000,23472.0000,23472.0000,5330,0.0000,129.2500,-0.33333333333333333333333333,105.2000,-0.1000,Other,,0,False,False
1575,12:23:31.000,12:23:31.000,12:23:31.000,0,23472.0000,23472.0000,23472.0000,23472.0000,4680,0.0000,,,,,Other,,0,False,False
1576,12:23:32.000,12:23:32.000,12:23:32.000,0,23472.0000,23472.0000,23472.0000,23472.0000,4030,0.0000,129.0500,,105.3500,,Other,,0,False,False
1577,12:23:32.000,12:23:32.000,12:23:32.000,0,23472.0000,23472.0000,23472.0000,23472.0000,3380,0.0000,,,,,Other,,0,False,False
1578,12:23:33.000,12:23:33.000,12:23:33.000,0,23470.5000,23470.5000,23470.5000,23470.5000,2730,-1.5000,129.0000,,105.1500,,Other,,0,False,False
1579,12:23:33.000,12:23:33.000,12:23:33.000,0,23470.5000,23470.5000,23470.5000,23470.5000,2080,0.0000,,,,,Other,,0,False,False
1580,12:23:34.000,12:23:34.000,12:23:34.000,0,23470.5000,23470.5000,23470.5000,23470.5000,1690,0.0000,129.1500,,105.2750,,Other,,0,False,False
1581,12:23:34.000,12:23:34.000,12:23:34.000,0,23470.5000,23470.5000,23470.5000,23470.5000,1040,0.0000,,,,,Other,,0,False,False
1582,12:23:40.000,12:23:35.000,12:23:40.000,5,23470.5000,23475.0000,23470.5000,23475.0000,650,4.5000,129.42777777777777777777777778,,105.0550,,Other,,0,False,False
1583,12:24:00.000,12:23:40.000,12:24:00.000,20,23475.0000,23475.0000,23472.0000,23472.0000,780,-3.0000,128.77540983606557377049180328,-0.65236794171220400728597450,105.39846153846153846153846154,0.34346153846153846153846154,Other,,0,False,False
1584,12:24:05.000,12:24:00.000,12:24:05.000,5,23472.0000,23472.1000,23472.0000,23472.0000,910,0.0000,127.3000,-1.47540983606557377049180328,105.89375,0.49528846153846153846153846,Other,,0,False,False
1585,12:24:06.000,12:24:05.000,12:24:06.000,1,23472.0000,23472.1000,23472.0000,23472.0000,1235,0.0000,127.3750,0.0750,105.8250,-0.06875,Other,,0,False,False
1586,12:24:08.000,12:24:06.000,12:24:08.000,2,23472.0000,23472.0000,23472.0000,23472.0000,1105,0.0000,128.28333333333333333333333333,0.90833333333333333333333333,105.56666666666666666666666667,-0.25833333333333333333333333,Other,,0,False,False
1587,12:24:21.000,12:24:08.000,12:24:21.000,13,23472.0000,23472.0000,23469.1000,23471.5000,715,-0.5000,127.91190476190476190476190476,-0.37142857142857142857142857,105.62894736842105263157894737,0.06228070175438596491228070,Other,,0,False,False
1588,12:24:34.000,12:24:21.000,12:24:34.000,13,23471.5000,23471.5000,23467.0000,23467.0000,1040,-4.5000,126.97195121951219512195121951,-0.93995354239256678281068525,105.9974358974358974358974359,0.36848852901484480431848853,Other,,0,False,False
1589,12:24:36.000,12:24:34.000,12:24:36.000,2,23467.0000,23468.0000,23467.0000,23468.0000,1495,1.0000,127.53333333333333333333333333,0.56138211382113821138211382,105.68333333333333333333333333,-0.31410256410256410256410257,Other,,0,False,False
1590,12:24:36.000,12:24:36.000,12:24:36.000,0,23468.0000,23468.0000,23468.0000,23468.0000,845,0.0000,,,,,Other,,0,False,False
1591,12:24:47.000,12:24:37.000,12:24:47.000,10,23474.9000,23475.0000,23468.0000,23468.0000,650,0.0000,127.5375,,105.96388888888888888888888889,,Other,,0,False,False
1592,12:24:49.000,12:24:47.000,12:24:49.000,2,23468.0000,23468.0000,23468.0000,23468.0000,650,0.0000,127.4500,-0.0875,105.8500,-0.11388888888888888888888889,Other,,0,False,False
1593,12:25:17.000,12:24:49.000,12:25:17.000,28,23468.0000,23470.1000,23468.0000,23469.0000,780,1.0000,127.6800,0.2300,106.01686746987951807228915663,0.16686746987951807228915663,Other,,0,False,False
1594,12:25:40.000,12:25:17.000,12:25:40.000,23,23469.0000,23470.0000,23469.0000,23469.0000,650,0.0000,126.66266666666666666666666667,-1.01733333333333333333333333,106.5369565217391304347826087,0.52008905185961236249345207,Other,,0,False,False
1595,12:25:44.000,12:25:40.000,12:25:44.000,4,23469.0000,23470.0000,23468.4000,23469.1000,715,0.1000,125.53333333333333333333333333,-1.12933333333333333333333334,107.31666666666666666666666667,0.77971014492753623188405797,A,A,1,False,False
1596,12:25:47.000,12:25:44.000,12:25:47.000,3,23469.1000,23469.1000,23469.0000,23469.0000,1040,-0.1000,124.7200,-0.81333333333333333333333333,107.8400,0.52333333333333333333333333,Other,,0,False,False
1597,12:25:49.000,12:25:47.000,12:25:49.000,2,23469.0000,23469.0000,23468.0000,23468.0000,780,-1.0000,124.18333333333333333333333333,-0.53666666666666666666666667,107.9750,0.1350,Other,,0,False,False
1598,12:25:57.000,12:25:49.000,12:25:57.000,8,23468.0000,23468.9000,23465.0000,23465.0000,650,-3.0000,124.40833333333333333333333333,0.22500000000000000000000000,107.98076923076923076923076923,0.00576923076923076923076923,Other,,0,False,False
1599,12:26:21.000,12:25:57.000,12:26:21.000,24,23465.0000,23469.1000,23464.1000,23469.1000,1625,4.1000,124.63698630136986301369863014,0.22865296803652968036529681,107.87945205479452054794520548,-0.10131717597471022128556375,Other,,0,False,False
1600,12:26:21.000,12:26:21.000,12:26:21.000,0,23469.1000,23469.1000,23469.1000,23469.1000,975,0.0000,,,,,Other,,0,False,False
1601,12:26:31.000,12:26:23.000,12:26:31.000,8,23469.1000,23470.0000,23465.3000,23470.0000,715,0.9000,125.09838709677419354838709677,,107.53064516129032258064516129,,Other,,0,False,False
1602,12:26:55.000,12:26:31.000,12:26:55.000,24,23470.0000,23470.0000,23463.5000,23463.5000,910,-6.5000,125.86081081081081081081081081,0.76242371403661726242371404,107.17142857142857142857142857,-0.35921658986175115207373272,B,B,1,False,False
1603,12:27:13.000,12:26:55.000,12:27:13.000,18,23463.5000,23463.5000,23461.1000,23461.1000,1170,-2.4000,124.27818181818181818181818182,-1.58262899262899262899262899,108.24406779661016949152542373,1.07263922518159806295399516,Other,,0,False,False
1604,12:27:15.000,12:27:13.000,12:27:15.000,2,23461.1000,23465.4000,23461.1000,23465.4000,845,4.3000,125.41666666666666666666666667,1.13848484848484848484848485,107.58333333333333333333333333,-0.66073446327683615819209040,Other,,0,False,False
1605,12:27:21.000,12:27:15.000,12:27:21.000,6,23465.4000,23465.4000,23462.2000,23462.2000,650,-3.2000,124.4300,-0.98666666666666666666666667,108.1600,0.57666666666666666666666667,Other,,0,False,False
1606,12:27:29.000,12:27:21.000,12:27:29.000,8,23462.2000,23464.9000,23462.2000,23464.8000,650,2.6000,124.77777777777777777777777778,0.34777777777777777777777778,107.91666666666666666666666667,-0.24333333333333333333333333,Other,,0,False,False
1607,12:27:36.000,12:27:29.000,12:27:36.000,7,23464.8000,23466.8000,23462.9000,23466.8000,715,2.0000,125.43333333333333333333333333,0.65555555555555555555555555,107.36956521739130434782608696,-0.54710144927536231884057971,Other,,0,False,False
1608,12:28:26.000,12:27:36.000,12:28:26.000,50,23466.8000,23466.8000,23464.0000,23464.1000,650,-2.7000,125.65294117647058823529411765,0.21960784313725490196078432,107.10234899328859060402684564,-0.26721622410271374379924132,B,B,1,False,False
1609,12:28:50.000,12:28:26.000,12:28:50.000,24,23464.1000,23468.6000,23464.1000,23465.0000,715,0.9000,125.97714285714285714285714286,0.32420168067226890756302521,106.77295081967213114754098361,-0.32939817361645945648586203,Other,,0,False,False
1610,12:29:02.000,12:28:50.000,12:29:02.000,12,23465.0000,23468.9000,23465.0000,23468.0000,1755,3.0000,126.04571428571428571428571429,0.06857142857142857142857143,106.67307692307692307692307692,-0.09987389659520807061790669,Other,,0,False,False
1611,12:29:02.000,12:29:02.000,12:29:02.000,0,23468.0000,23468.0000,23468.0000,23468.0000,1105,0.0000,,,,,Other,,0,False,False
1612,12:29:07.000,12:29:03.000,12:29:07.000,4,23468.0000,23468.0000,23467.5000,23467.5000,650,-0.5000,125.74166666666666666666666667,,106.75625,,Other,,0,False,False
1613,12:29:23.000,12:29:07.000,12:29:23.000,16,23467.5000,23467.9000,23466.9000,23467.3000,650,-0.2000,125.6650,-0.07666666666666666666666667,106.8425,0.08625,Other,,0,False,False
1614,12:29:45.000,12:29:23.000,12:29:45.000,22,23467.3000,23467.8000,23464.2000,23466.8000,650,-0.5000,124.34076923076923076923076923,-1.32423076923076923076923077,107.73412698412698412698412698,0.89162698412698412698412698,Other,,0,False,False
1615,12:30:05.000,12:29:45.000,12:30:05.000,20,23466.8000,23467.0000,23463.0000,23467.0000,715,0.2000,124.21746031746031746031746032,-0.12330891330891330891330891,108.01384615384615384615384615,0.27971916971916971916971917,A,A,1,False,False
1616,12:30:28.000,12:30:05.000,12:30:28.000,23,23467.0000,23467.0000,23462.0000,23466.1000,715,-0.9000,124.95972222222222222222222222,0.74226190476190476190476190,107.49117647058823529411764706,-0.52266968325791855203619909,B,B,1,False,False
1617,12:30:31.000,12:30:28.000,12:30:31.000,3,23466.1000,23466.1000,23462.5000,23462.5000,715,-3.6000,124.86666666666666666666666667,-0.09305555555555555555555555,107.59090909090909090909090909,0.09973262032085561497326203,Other,,0,False,False
1618,12:30:44.000,12:30:31.000,12:30:44.000,13,23462.5000,23465.4000,23462.1000,23465.0000,650,2.5000,123.9775,-0.88916666666666666666666667,108.09166666666666666666666667,0.50075757575757575757575758,A,A,1,False,False
1619,12:30:54.000,12:30:44.000,12:30:54.000,10,23465.0000,23465.0000,23461.6000,23461.6000,780,-3.4000,123.6600,-0.3175,108.01875,-0.07291666666666666666666667,Other,,0,False,False
1620,12:30:59.000,12:30:54.000,12:30:59.000,5,23461.6000,23461.6000,23460.0000,23460.0000,1495,-1.6000,122.95625,-0.70375,108.31875,0.30000,Other,,0,False,False
1621,12:30:59.000,12:30:59.000,12:30:59.000,0,23460.0000,23460.0000,23460.0000,23460.0000,845,0.0000,,,,,Other,,0,False,False
1622,12:31:09.000,12:31:00.000,12:31:09.000,9,23460.0000,23464.2000,23460.0000,23462.9000,650,2.9000,121.44137931034482758620689655,,109.36363636363636363636363636,,Other,,0,False,False
1623,12:31:24.000,12:31:09.000,12:31:24.000,15,23462.9000,23462.9000,23457.2000,23457.2000,910,-5.7000,121.51956521739130434782608696,0.07818590704647676161919041,109.32291666666666666666666667,-0.04071969696969696969696969,B,B,1,False,False
1624,12:31:32.000,12:31:24.000,12:31:32.000,8,23457.2000,23462.7000,23457.2000,23462.7000,1300,5.5000,121.2960,-0.22356521739130434782608696,109.48703703703703703703703704,0.16412037037037037037037037,A,A,1,False,False
1625,12:31:32.000,12:31:32.000,12:31:32.000,0,23462.7000,23462.7000,23462.7000,23462.7000,650,0.0000,,,,,Other,,0,False,False
1626,12:31:40.000,12:31:33.000,12:31:40.000,7,23460.1000,23461.0000,23460.0000,23460.1000,715,-2.6000,122.55454545454545454545454545,,108.70833333333333333333333333,,Other,,0,False,False
1627,12:31:50.000,12:31:40.000,12:31:50.000,10,23460.1000,23462.6000,23460.1000,23462.5000,1040,2.4000,121.640625,-0.91392045454545454545454545,109.196875,0.48854166666666666666666667,A,A,1,False,False
1628,12:32:02.000,12:31:50.000,12:32:02.000,12,23462.5000,23462.5000,23459.7000,23459.7000,650,-2.8000,120.93571428571428571428571429,-0.70491071428571428571428571,109.67702702702702702702702703,0.48015202702702702702702703,Other,,0,False,False
1629,12:32:05.000,12:32:02.000,12:32:05.000,3,23459.7000,23459.8000,23457.4000,23459.6000,650,-0.1000,121.5100,0.57428571428571428571428571,109.4100,-0.26702702702702702702702703,B,B,1,False,False
1630,12:32:36.000,12:32:05.000,12:32:36.000,31,23459.6000,23460.0000,23457.8000,23458.0000,650,-1.6000,120.82977528089887640449438202,-0.68022471910112359550561798,109.6043956043956043956043956,0.1943956043956043956043956,Other,,0,False,False
1631,12:32:44.000,12:32:36.000,12:32:44.000,8,23458.0000,23458.0000,23458.0000,23458.0000,1885,0.0000,120.25384615384615384615384615,-0.57592912705272255834053587,109.87916666666666666666666667,0.27477106227106227106227107,Other,,0,False,False
1632,12:32:44.000,12:32:44.000,12:32:44.000,0,23458.0000,23458.0000,23458.0000,23458.0000,1235,0.0000,,,,,Other,,0,False,False
1633,12:32:46.000,12:32:45.000,12:32:46.000,1,23458.0000,23458.0000,23457.9000,23457.9000,845,-0.1000,120.78333333333333333333333333,,109.3000,,Other,,0,False,False
1634,12:32:49.000,12:32:46.000,12:32:49.000,3,23457.9000,23459.3000,23457.9000,23458.0000,1950,0.1000,121.4200,0.63666666666666666666666667,109.1400,-0.1600,Other,,0,False,False
1635,12:32:49.000,12:32:49.000,12:32:49.000,0,23458.0000,23458.0000,23458.0000,23458.0000,1300,0.0000,,,,,Other,,0,False,False
1636,12:32:51.000,12:32:51.000,12:32:51.000,0,23458.0000,23458.0000,23458.0000,23458.0000,650,0.0000,121.2000,,109.3000,,Other,,0,False,False
1637,12:33:01.000,12:32:51.000,12:33:01.000,10,23458.0000,23459.3000,23458.0000,23459.3000,780,1.3000,121.70757575757575757575757576,0.50757575757575757575757576,109.10862068965517241379310345,-0.19137931034482758620689655,Other,,0,False,False
1638,12:33:09.000,12:33:01.000,12:33:09.000,8,23459.3000,23463.3000,23459.3000,23463.3000,715,4.0000,122.92307692307692307692307692,1.21550116550116550116550116,108.31538461538461538461538462,-0.79323607427055702917771883,Other,,0,False,False
1639,12:33:14.000,12:33:09.000,12:33:14.000,5,23463.3000,23464.0000,23461.5000,23464.0000,2600,0.7000,123.74375,0.82067307692307692307692308,107.73125,-0.58413461538461538461538462,Other,,0,False,False
1640,12:33:14.000,12:33:14.000,12:33:14.000,0,23464.0000,23464.0000,23464.0000,23464.0000,1950,0.0000,,,,,Other,,0,False,False
1641,12:33:15.000,12:33:15.000,12:33:15.000,0,23460.5000,23460.5000,23460.5000,23460.5000,1300,-3.5000,123.3750,,108.0750,,Other,,0,False,False
1642,12:33:15.000,12:33:15.000,12:33:15.000,0,23460.5000,23460.5000,23460.5000,23460.5000,650,0.0000,,,,,Other,,0,False,False
1643,12:33:17.000,12:33:15.000,12:33:17.000,2,23460.5000,23467.0000,23460.5000,23467.0000,1885,6.5000,123.9750,,107.7500,,Other,,0,False,False
1644,12:33:17.000,12:33:17.000,12:33:17.000,0,23467.0000,23467.0000,23467.0000,23467.0000,1235,0.0000,,,,,Other,,0,False,False
1645,12:33:20.000,12:33:19.000,12:33:20.000,1,23467.0000,23467.0000,23462.5000,23462.5000,845,-4.5000,124.1750,,107.5000,,Other,,0,False,False
1646,12:33:42.000,12:33:20.000,12:33:42.000,22,23462.5000,23469.0000,23462.5000,23464.3000,1430,1.8000,124.73333333333333333333333333,0.55833333333333333333333333,106.8789855072463768115942029,-0.6210144927536231884057971,Other,,0,False,False
1647,12:33:42.000,12:33:42.000,12:33:42.000,0,23464.3000,23464.3000,23464.3000,23464.3000,780,0.0000,,,,,Other,,0,False,False
1648,12:33:48.000,12:33:43.000,12:33:48.000,5,23464.3000,23468.2000,23464.3000,23468.2000,1625,3.9000,125.2550,,106.1250,,Other,,0,False,False
1649,12:33:48.000,12:33:48.000,12:33:48.000,0,23468.2000,23468.2000,23468.2000,23468.2000,975,0.0000,,,,,Other,,0,False,False
1650,12:34:08.000,12:33:50.000,12:34:08.000,18,23465.0000,23468.2000,23465.0000,23467.8000,650,-0.4000,125.23770491803278688524590164,,106.25245901639344262295081967,,Other,,0,False,False
1651,12:34:13.000,12:34:08.000,12:34:13.000,5,23467.8000,23467.8000,23465.0000,23465.0000,1560,-2.8000,124.3125,-0.92520491803278688524590164,106.75714285714285714285714286,0.50468384074941451990632319,Other,,0,False,False
1652,12:34:13.000,12:34:13.000,12:34:13.000,0,23465.0000,23465.0000,23465.0000,23465.0000,910,0.0000,,,,,Other,,0,False,False
1653,12:34:21.000,12:34:13.000,12:34:21.000,8,23467.8000,23467.8000,23465.0000,23465.0000,650,0.0000,124.42307692307692307692307692,,106.80384615384615384615384615,,Other,,0,False,False
1654,12:34:34.000,12:34:21.000,12:34:34.000,13,23465.0000,23467.8000,23465.0000,23465.0000,650,0.0000,123.25348837209302325581395349,-1.16958855098389982110912343,107.69418604651162790697674419,0.89033989266547406082289804,Other,,0,False,False
1655,12:34:52.000,12:34:34.000,12:34:52.000,18,23465.0000,23465.0000,23460.8000,23462.9000,715,-2.1000,123.46153846153846153846153846,0.20805008944543828264758497,107.54423076923076923076923077,-0.14995527728085867620751342,B,B,1,False,False
1656,12:35:02.000,12:34:52.000,12:35:02.000,10,23462.9000,23468.2000,23462.5000,23468.2000,845,5.3000,124.26969696969696969696969697,0.80815850815850815850815851,106.93030303030303030303030303,-0.61392773892773892773892774,Other,,0,False,False
1657,12:35:20.000,12:35:02.000,12:35:20.000,18,23468.2000,23468.2000,23464.5000,23468.0000,910,-0.2000,124.6860,0.41630303030303030303030303,106.3640,-0.56630303030303030303030303,B,B,1,False,False
1658,12:35:32.000,12:35:20.000,12:35:32.000,12,23468.0000,23469.0000,23468.0000,23469.0000,650,1.0000,125.37837837837837837837837838,0.69237837837837837837837838,105.98064516129032258064516129,-0.38335483870967741935483871,Other,,0,False,False
1659,12:35:57.000,12:35:32.000,12:35:57.000,25,23469.0000,23470.0000,23468.5000,23470.0000,650,1.0000,125.31944444444444444444444444,-0.05893393393393393393393394,106.16285714285714285714285714,0.18221198156682027649769585,A,A,1,False,False
1660,12:37:08.000,12:35:57.000,12:37:08.000,71,23470.0000,23470.0000,23462.8000,23469.9000,650,-0.1000,124.48574660633484162895927602,-0.83369783810960281548516842,106.94400921658986175115207373,0.78115207373271889400921659,Other,,0,False,False
1661,12:38:11.000,12:37:08.000,12:38:11.000,63,23469.9000,23469.9000,23462.8000,23464.0000,650,-5.9000,123.23643617021276595744680851,-1.24931043612207567151246751,107.94289473684210526315789474,0.99888552025224351200582101,Other,,0,False,False
1662,12:38:35.000,12:38:11.000,12:38:35.000,24,23464.0000,23470.0000,23461.5000,23461.5000,715,-2.5000,123.24733333333333333333333333,0.01089716312056737588652482,107.87328767123287671232876712,-0.06960706560922855082912762,B,B,1,False,False
1663,12:39:24.000,12:38:35.000,12:39:24.000,49,23461.5000,23470.0000,23461.5000,23466.0000,845,4.5000,124.3813725490196078431372549,1.13403921568627450980392157,107.04832214765100671140939597,-0.82496552358187000091937115,Other,,0,False,False
1664,12:39:40.000,12:39:24.000,12:39:40.000,16,23466.0000,23470.0000,23461.0000,23461.0000,715,-5.0000,122.93191489361702127659574468,-1.44945765540258656654151022,108.09390243902439024390243902,1.04558029137338353249304305,Other,,0,False,False
1665,12:39:57.000,12:39:40.000,12:39:57.000,17,23461.0000,23468.0000,23461.0000,23468.0000,715,7.0000,123.71607142857142857142857143,0.78415653495440729483282675,107.59814814814814814814814815,-0.49575429087624209575429087,Other,,0,False,False
1666,12:40:41.000,12:39:57.000,12:40:41.000,44,23468.0000,23468.0000,23463.0000,23463.5000,715,-4.5000,124.27083333333333333333333333,0.55476190476190476190476190,107.15598591549295774647887324,-0.44216223265519040166927491,B,B,1,False,False
1667,12:40:58.000,12:40:41.000,12:40:58.000,17,23463.5000,23468.0000,23463.5000,23463.5000,1105,0.0000,124.56071428571428571428571429,0.28988095238095238095238096,106.94074074074074074074074074,-0.21524517475221700573813250,Other,,0,False,False
1668,12:41:01.000,12:40:58.000,12:41:01.000,3,23463.5000,23470.4000,23463.5000,23470.0000,780,6.5000,125.17272727272727272727272727,0.61201298701298701298701298,106.57272727272727272727272727,-0.36801346801346801346801347,Other,,0,False,False
1669,12:41:12.000,12:41:01.000,12:41:12.000,11,23470.0000,23470.0000,23465.0000,23466.3000,650,-3.7000,125.46388888888888888888888889,0.29116161616161616161616162,106.3000,-0.27272727272727272727272727,B,B,1,False,False
1670,12:41:43.000,12:41:12.000,12:41:43.000,31,23466.3000,23470.0000,23465.1000,23469.2000,650,2.9000,125.77878787878787878787878788,0.31489898989898989898989899,106.24269662921348314606741573,-0.05730337078651685393258427,Other,,0,False,False
1671,12:42:29.000,12:41:43.000,12:42:29.000,46,23469.2000,23469.2000,23466.7000,23466.7000,650,-2.5000,125.17142857142857142857142857,-0.60735930735930735930735931,106.69014598540145985401459854,0.44744935618797670794718281,Other,,0,False,False
1672,12:42:47.000,12:42:29.000,12:42:47.000,18,23466.7000,23468.9000,23465.3000,23468.9000,650,2.2000,125.6122807017543859649122807,0.44085213032581453634085213,106.37075471698113207547169811,-0.31939126842032777854290043,Other,,0,False,False
1673,12:43:15.000,12:42:47.000,12:43:15.000,28,23468.9000,23469.7000,23468.9000,23469.7000,650,0.8000,126.07688172043010752688172043,0.46460101867572156196943973,105.83209876543209876543209877,-0.53865595154903331003959934,Other,,0,False,False
1674,12:43:23.000,12:43:15.000,12:43:23.000,8,23469.7000,23471.0000,23469.6000,23469.6000,650,-0.1000,126.59615384615384615384615385,0.51927212572373862696443342,105.38333333333333333333333333,-0.44876543209876543209876544,B,B,1,False,False
1675,12:43:59.000,12:43:23.000,12:43:59.000,36,23469.6000,23471.0000,23464.4000,23467.5000,650,-2.1000,125.19009009009009009009009009,-1.40606375606375606375606376,106.47522123893805309734513274,1.09188790560471976401179941,Other,,0,False,False
1676,12:44:38.000,12:43:59.000,12:44:38.000,39,23467.5000,23467.5000,23463.0000,23463.0000,650,-4.5000,124.19125,-0.99884009009009009009009009,106.95163934426229508196721311,0.47641810532424198462208037,Other,,0,False,False
1677,12:44:56.000,12:44:38.000,12:44:56.000,18,23463.0000,23470.0000,23463.0000,23463.8000,650,0.8000,122.87857142857142857142857143,-1.31267857142857142857142857,107.77222222222222222222222222,0.82058287795992714025500911,A,A,1,False,False
1678,12:45:34.000,12:44:56.000,12:45:34.000,38,23463.8000,23469.0000,23462.0000,23463.5000,650,-0.3000,123.63616071428571428571428571,0.75758928571428571428571428,107.41607142857142857142857143,-0.35615079365079365079365079,B,B,1,False,False
1679,12:46:25.000,12:45:34.000,12:46:25.000,51,23463.5000,23465.0000,23461.1000,23461.1000,650,-2.4000,122.98673469387755102040816327,-0.64942602040816326530612244,107.86156462585034013605442177,0.44549319727891156462585034,Other,,0,False,False
1680,12:46:51.000,12:46:25.000,12:46:51.000,26,23461.1000,23463.5000,23460.0000,23460.0000,845,-1.1000,121.22777777777777777777777778,-1.75895691609977324263038549,109.07588235294117647058823529,1.21431772709083633453381352,Other,,0,False,False
1681,12:47:05.000,12:46:51.000,12:47:05.000,14,23460.0000,23463.5000,23460.0000,23463.5000,650,3.5000,120.3500,-0.87777777777777777777777778,109.72222222222222222222222222,0.64633986928104575163398693,A,A,1,False,False
1682,12:47:28.000,12:47:05.000,12:47:28.000,23,23463.5000,23464.0000,23457.9000,23464.0000,715,0.5000,119.90714285714285714285714286,-0.44285714285714285714285714,110.10540540540540540540540541,0.38318318318318318318318319,A,A,2,True,False
1683,12:47:39.000,12:47:28.000,12:47:39.000,11,23464.0000,23464.0000,23457.8000,23459.0000,1105,-5.0000,120.36212121212121212121212121,0.45497835497835497835497835,109.68142857142857142857142857,-0.42397683397683397683397684,B,B,1,False,False
1684,12:47:46.000,12:47:39.000,12:47:46.000,7,23459.0000,23459.0000,23459.0000,23459.0000,650,0.0000,119.4750,-0.88712121212121212121212121,110.29090909090909090909090909,0.60948051948051948051948052,Other,,0,False,False
1685,12:47:57.000,12:47:46.000,12:47:57.000,11,23459.0000,23459.5000,23459.0000,23459.0000,715,0.0000,119.40882352941176470588235294,-0.06617647058823529411764706,110.39722222222222222222222222,0.10631313131313131313131313,Other,,0,False,False
1686,12:47:59.000,12:47:57.000,12:47:59.000,2,23459.0000,23464.8000,23454.5000,23464.8000,975,5.8000,119.06666666666666666666666667,-0.34215686274509803921568627,110.48333333333333333333333333,0.08611111111111111111111111,A,A,1,False,False
1687,12:48:14.000,12:47:59.000,12:48:14.000,15,23464.8000,23464.8000,23454.2000,23463.0000,650,-1.8000,119.08888888888888888888888889,0.02222222222222222222222222,110.39574468085106382978723404,-0.08758865248226950354609929,B,B,1,False,False
1688,12:48:27.000,12:48:14.000,12:48:27.000,13,23463.0000,23463.0000,23456.3000,23459.0000,1170,-4.0000,118.35714285714285714285714286,-0.73174603174603174603174603,110.66666666666666666666666667,0.27092198581560283687943263,Other,,0,False,False
1689,12:48:29.000,12:48:27.000,12:48:29.000,2,23459.0000,23459.0000,23453.5000,23453.5000,715,-5.5000,117.91666666666666666666666667,-0.44047619047619047619047619,110.73333333333333333333333333,0.06666666666666666666666666,Other,,0,False,False
1690,12:48:47.000,12:48:29.000,12:48:47.000,18,23453.5000,23457.5000,23453.3000,23457.5000,1170,4.0000,118.46226415094339622641509434,0.54559748427672955974842767,110.52830188679245283018867925,-0.20503144654088050314465408,Other,,0,False,False
1691,12:48:53.000,12:48:47.000,12:48:53.000,6,23457.5000,23457.5000,23456.5000,23456.5000,650,-1.0000,119.17777777777777777777777778,0.71551362683438155136268344,110.11875,-0.40955188679245283018867925,B,B,1,False,False
1692,12:49:07.000,12:48:53.000,12:49:07.000,14,23456.5000,23461.2000,23456.4000,23456.4000,650,-0.1000,119.68720930232558139534883721,0.50943152454780361757105943,109.66097560975609756097560976,-0.45777439024390243902439024,B,B,2,False,True
1693,12:49:30.000,12:49:07.000,12:49:30.000,23,23456.4000,23459.5000,23456.4000,23459.5000,650,3.1000,120.61811594202898550724637681,0.93090663970340411189753960,108.70140845070422535211267606,-0.95956715905187220886293370,Other,,0,False,False
1694,12:50:11.000,12:49:30.000,12:50:11.000,41,23459.5000,23464.6000,23459.5000,23461.0000,650,1.5000,121.24256198347107438016528926,0.62444604144208887291891245,107.97107438016528925619834711,-0.73033407053893609591432895,Other,,0,False,False
1695,12:50:30.000,12:50:11.000,12:50:30.000,19,23461.0000,23461.1000,23461.0000,23461.0000,975,0.0000,122.10471698113207547169811321,0.86215499766100109153282395,107.35964912280701754385964912,-0.61142525735827171233869799,Other,,0,False,False
1696,12:50:55.000,12:50:30.000,12:50:55.000,25,23461.0000,23463.9000,23461.0000,23462.6000,650,1.6000,122.15810810810810810810810811,0.05339112697603263640999490,107.4527027027027027027027027,0.09305357989568515884305358,Other,,0,False,False
1697,12:51:04.000,12:50:55.000,12:51:04.000,9,23462.6000,23464.0000,23462.6000,23464.0000,1105,1.4000,123.26034482758620689655172414,1.10223671947809878844361603,106.4700,-0.9827027027027027027027027,Other,,0,False,False
1698,12:51:15.000,12:51:04.000,12:51:15.000,11,23464.0000,23465.4000,23464.0000,23465.4000,650,1.4000,123.76428571428571428571428571,0.50394088669950738916256157,105.94444444444444444444444444,-0.52555555555555555555555556,Other,,0,False,False
1699,12:51:29.000,12:51:15.000,12:51:29.000,14,23465.4000,23470.0000,23465.4000,23470.0000,1300,4.6000,123.78809523809523809523809524,0.02380952380952380952380953,106.0600,0.11555555555555555555555556,Other,,0,False,False
1700,12:51:29.000,12:51:29.000,12:51:29.000,0,23470.0000,23470.0000,23470.0000,23470.0000,650,0.0000,,,,,Other,,0,False,False
1701,12:51:39.000,12:51:30.000,12:51:39.000,9,23470.0000,23470.0000,23464.2000,23464.3000,975,-5.7000,121.89242424242424242424242424,,107.7064516129032258064516129,,Other,,0,False,False
1702,12:52:22.000,12:51:39.000,12:52:22.000,43,23464.3000,23465.8000,23462.1000,23462.5000,780,-1.8000,121.9000,0.00757575757575757575757576,107.86021897810218978102189781,0.15376736519896397457028491,Other,,0,False,False
1703,12:52:40.000,12:52:22.000,12:52:40.000,18,23462.5000,23462.5000,23460.0000,23460.0000,715,-2.5000,120.80508474576271186440677966,-1.09491525423728813559322034,108.71363636363636363636363636,0.85341738553417385534173855,Other,,0,False,False
1704,12:53:01.000,12:52:40.000,12:53:01.000,21,23460.0000,23466.0000,23459.5000,23461.0000,650,1.0000,121.87307692307692307692307692,1.06799217731421121251629726,107.93898305084745762711864407,-0.77465331278890600924499229,Other,,0,False,False
1705,12:53:46.000,12:53:01.000,12:53:46.000,45,23461.0000,23468.0000,23460.0000,23460.0000,715,-1.0000,121.7512,-0.12187692307692307692307692,108.17443609022556390977443609,0.23545303937810628265579202,Other,,0,False,False
1706,12:54:07.000,12:53:46.000,12:54:07.000,21,23460.0000,23464.7000,23456.1000,23456.1000,715,-3.9000,119.38770491803278688524590164,-2.36349508196721311475409836,109.69836065573770491803278689,1.52392456551214100825835080,Other,,0,False,False
1707,12:54:36.000,12:54:07.000,12:54:36.000,29,23456.1000,23456.1000,23455.0000,23455.0000,1040,-1.1000,119.5400,0.15229508196721311475409836,109.78279569892473118279569892,0.08443504318702626476291203,Other,,0,False,False
1708,12:55:02.000,12:54:36.000,12:55:02.000,26,23455.0000,23456.0000,23455.0000,23455.0000,650,0.0000,118.01772151898734177215189873,-1.52227848101265822784810127,110.65481927710843373493975904,0.87202357818370255214406012,Other,,0,False,False
1709,12:55:12.000,12:55:02.000,12:55:12.000,10,23455.0000,23463.0000,23453.5000,23463.0000,650,8.0000,118.67666666666666666666666667,0.65894514767932489451476794,109.9900,-0.66481927710843373493975904,Other,,0,False,False
1710,12:55:52.000,12:55:12.000,12:55:52.000,40,23463.0000,23463.0000,23452.0000,23452.0000,1040,-11.0000,118.71322314049586776859504132,0.03655647382920110192837465,109.9988,0.0088,Other,,0,False,False
1711,12:56:09.000,12:55:52.000,12:56:09.000,17,23452.0000,23452.0000,23450.4000,23450.4000,910,-1.6000,116.80566037735849056603773585,-1.90756276313737720255730547,111.22452830188679245283018868,1.22572830188679245283018868,Other,,0,False,False
1712,12:56:29.000,12:56:09.000,12:56:29.000,20,23450.4000,23460.0000,23450.4000,23460.0000,780,9.6000,118.30344827586206896551724138,1.49778789850357839947950553,109.91774193548387096774193548,-1.30678636640292148508825320,Other,,0,False,False
1713,12:57:18.000,12:56:29.000,12:57:18.000,49,23460.0000,23460.0000,23458.4000,23459.0000,650,-1.0000,119.08450704225352112676056338,0.78105876639145216124332200,109.26066666666666666666666667,-0.65707526881720430107526881,B,B,1,False,False
1714,12:57:42.000,12:57:18.000,12:57:42.000,24,23459.0000,23460.0000,23458.6000,23459.7000,650,0.7000,119.71197183098591549295774648,0.62746478873239436619718310,108.36232876712328767123287671,-0.89833789954337899543378996,Other,,0,False,False
1715,12:58:17.000,12:57:42.000,12:58:17.000,35,23459.7000,23460.9000,23459.3000,23460.9000,780,1.2000,119.87333333333333333333333333,0.16136150234741784037558685,108.42660550458715596330275229,0.06427673746386829206987558,Other,,0,False,False
1716,12:58:34.000,12:58:17.000,12:58:34.000,17,23460.9000,23465.0000,23460.9000,23465.0000,2340,4.1000,122.11509433962264150943396226,2.24176100628930817610062893,106.74795918367346938775510204,-1.67864632091368657554765025,Other,,0,False,False
1717,12:58:34.000,12:58:34.000,12:58:34.000,0,23465.0000,23465.0000,23465.0000,23465.0000,1690,0.0000,,,,,Other,,0,False,False
1718,12:58:35.000,12:58:35.000,12:58:35.000,0,23465.0000,23465.0000,23465.0000,23465.0000,1040,0.0000,123.1750,,105.9000,,Other,,0,False,False
1719,12:58:50.000,12:58:35.000,12:58:50.000,15,23465.0000,23465.0000,23464.6000,23464.6000,650,-0.4000,122.06956521739130434782608696,-1.10543478260869565217391304,106.92291666666666666666666667,1.02291666666666666666666667,Other,,0,False,False
1720,12:59:05.000,12:58:50.000,12:59:05.000,15,23464.6000,23465.0000,23464.1000,23465.0000,650,0.4000,122.60638297872340425531914894,0.53681776133209990749306198,106.57346938775510204081632653,-0.34944727891156462585034014,Other,,0,False,False
1721,12:59:15.000,12:59:05.000,12:59:15.000,10,23465.0000,23465.0000,23465.0000,23465.0000,715,0.0000,123.3875,0.78111702127659574468085106,106.03333333333333333333333333,-0.54013605442176870748299320,Other,,0,False,False
1722,12:59:57.000,12:59:15.000,12:59:57.000,42,23465.0000,23466.6000,23465.0000,23466.0000,715,1.0000,123.8788,0.4913,106.0552,0.02186666666666666666666667,Other,,0,False,False
1723,13:00:21.000,12:59:57.000,13:00:21.000,24,23466.0000,23467.0000,23464.1000,23465.1000,845,-0.9000,123.6180,-0.2608,106.58376623376623376623376623,0.52856623376623376623376623,Other,,0,False,False
1724,13:00:35.000,13:00:21.000,13:00:35.000,14,23465.1000,23466.8000,23464.9000,23464.9000,715,-0.2000,122.94111111111111111111111111,-0.67688888888888888888888889,107.26222222222222222222222222,0.67845598845598845598845599,Other,,0,False,False
1725,13:00:57.000,13:00:35.000,13:00:57.000,22,23464.9000,23468.0000,23464.1000,23464.1000,1105,-0.8000,122.61166666666666666666666667,-0.32944444444444444444444444,107.52580645161290322580645161,0.26358422939068100358422939,Other,,0,False,False
1726,13:00:58.000,13:00:57.000,13:00:58.000,1,23464.1000,23466.6000,23464.1000,23466.6000,715,2.5000,123.7250,1.11333333333333333333333333,106.7250,-0.80080645161290322580645161,Other,,0,False,False
1727,13:01:24.000,13:00:58.000,13:01:24.000,26,23466.6000,23470.0000,23463.8000,23470.0000,715,3.4000,125.06329113924050632911392405,1.33829113924050632911392405,105.41419753086419753086419753,-1.31080246913580246913580247,Other,,0,False,False
1728,13:01:59.000,13:01:24.000,13:01:59.000,35,23470.0000,23470.0000,23464.1000,23464.1000,650,-5.9000,124.32190476190476190476190476,-0.74138637733574442435201929,106.06146788990825688073394495,0.64727035904405934986974742,Other,,0,False,False
1729,13:02:04.000,13:01:59.000,13:02:04.000,5,23464.1000,23470.0000,23464.1000,23470.0000,650,5.9000,123.29117647058823529411764706,-1.03072829131652661064425770,106.93529411764705882352941176,0.87382622773880194279546681,A,A,1,False,False
1730,13:02:31.000,13:02:04.000,13:02:31.000,27,23470.0000,23470.0000,23464.7000,23469.5000,1495,-0.5000,124.59022988505747126436781609,1.29905341446923597025016903,105.75632911392405063291139241,-1.17896500372300819061801935,B,B,1,False,False
1731,13:02:31.000,13:02:31.000,13:02:31.000,0,23469.5000,23469.5000,23469.5000,23469.5000,845,0.0000,,,,,Other,,0,False,False
1732,13:02:39.000,13:02:32.000,13:02:39.000,7,23470.7000,23470.7000,23470.0000,23470.0000,975,0.5000,125.77692307692307692307692308,,104.9250,,Other,,0,False,False
1733,13:02:41.000,13:02:39.000,13:02:41.000,2,23470.0000,23470.5000,23470.0000,23470.5000,715,0.5000,125.51666666666666666666666667,-0.26025641025641025641025641,105.08333333333333333333333333,0.15833333333333333333333333,A,A,1,False,False
1734,13:03:02.000,13:02:41.000,13:03:02.000,21,23470.5000,23472.0000,23465.9000,23470.0000,650,-0.5000,125.93384615384615384615384615,0.41717948717948717948717948,104.97460317460317460317460317,-0.10873015873015873015873016,B,B,1,False,False
1735,13:03:15.000,13:03:02.000,13:03:15.000,13,23470.0000,23470.0000,23470.0000,23470.0000,780,0.0000,125.65952380952380952380952381,-0.27432234432234432234432234,105.3547619047619047619047619,0.38015873015873015873015873,Other,,0,False,False
1736,13:03:41.000,13:03:15.000,13:03:41.000,26,23470.0000,23470.0000,23469.6000,23470.0000,975,0.0000,126.21176470588235294117647059,0.55224089635854341736694678,104.56075949367088607594936709,-0.79400241109101868595539481,Other,,0,False,False
1737,13:03:42.000,13:03:41.000,13:03:42.000,1,23470.0000,23473.0000,23470.0000,23473.0000,2145,3.0000,127.9000,1.68823529411764705882352941,103.1000,-1.46075949367088607594936709,Other,,0,False,False
1738,13:03:42.000,13:03:42.000,13:03:42.000,0,23473.0000,23473.0000,23473.0000,23473.0000,1495,0.0000,,,,,Other,,0,False,False
1739,13:03:44.000,13:03:44.000,13:03:44.000,0,23473.0000,23473.0000,23473.0000,23473.0000,845,0.0000,128.2000,,103.1000,,Other,,0,False,False
1740,13:04:02.000,13:03:44.000,13:04:02.000,18,23473.0000,23475.0000,23471.4000,23474.0000,650,1.0000,127.70614035087719298245614035,-0.49385964912280701754385965,103.36842105263157894736842105,0.26842105263157894736842105,A,A,1,False,False
1741,13:04:14.000,13:04:02.000,13:04:14.000,12,23474.0000,23475.0000,23468.7000,23475.0000,845,1.0000,127.2000,-0.50614035087719298245614035,103.8000,0.43157894736842105263157895,A,A,2,True,False
1742,13:04:17.000,13:04:14.000,13:04:17.000,3,23475.0000,23475.0000,23471.4000,23471.4000,1300,-3.6000,126.26666666666666666666666667,-0.93333333333333333333333333,104.7400,0.9400,Other,,0,False,False
1743,13:04:17.000,13:04:17.000,13:04:17.000,0,23471.4000,23471.4000,23471.4000,23471.4000,650,0.0000,,,,,Other,,0,False,False
1744,13:05:02.000,13:04:19.000,13:05:02.000,43,23471.4000,23474.0000,23466.1000,23474.0000,650,2.6000,125.95783582089552238805970149,,105.15294117647058823529411765,,Other,,0,False,False
1745,13:05:39.000,13:05:02.000,13:05:39.000,37,23474.0000,23475.0000,23466.6000,23470.2000,715,-3.8000,125.81028037383177570093457944,-0.14755544706374668712512205,105.04719626168224299065420561,-0.10574491478834524463991204,Other,,0,False,False
1746,13:06:17.000,13:05:39.000,13:06:17.000,38,23470.2000,23470.2000,23463.5000,23465.0000,650,-5.2000,122.88319327731092436974789916,-2.92708709652085133118668028,107.09876033057851239669421488,2.05156406889626940604000927,Other,,0,False,False
1747,13:06:50.000,13:06:17.000,13:06:50.000,33,23465.0000,23470.0000,23463.5000,23463.5000,650,-1.5000,123.03058252427184466019417476,0.14738924696092029044627560,106.9203883495145631067961165,-0.17837198106394928989809838,B,B,1,False,False
1748,13:07:17.000,13:06:50.000,13:07:17.000,27,23463.5000,23470.0000,23463.5000,23469.9000,650,6.4000,123.39216867469879518072289157,0.36158615042695052052871681,106.78373493975903614457831325,-0.13665340975552696221780325,Other,,0,False,False
1749,13:07:27.000,13:07:17.000,13:07:27.000,10,23469.9000,23471.7000,23469.0000,23469.9000,650,0.0000,126.221875,2.82970632530120481927710843,104.42333333333333333333333333,-2.36040160642570281124497992,Other,,0,False,False
1750,13:07:57.000,13:07:27.000,13:07:57.000,30,23469.9000,23474.0000,23468.2000,23474.0000,650,4.1000,127.19269662921348314606741573,0.97082162921348314606741573,103.84725274725274725274725275,-0.57608058608058608058608058,Other,,0,False,False
1751,13:08:13.000,13:07:57.000,13:08:13.000,16,23474.0000,23474.0000,23469.1000,23474.0000,1755,0.0000,127.30784313725490196078431373,0.11514650804141881471689800,103.76568627450980392156862745,-0.08156647274294333117862530,Other,,0,False,False
1752,13:08:13.000,13:08:13.000,13:08:13.000,0,23474.0000,23474.0000,23474.0000,23474.0000,1105,0.0000,,,,,Other,,0,False,False
1753,13:08:15.000,13:08:15.000,13:08:15.000,0,23470.0000,23470.0000,23470.0000,23470.0000,650,-4.0000,127.6500,,103.3250,,Other,,0,False,False
1754,13:08:18.000,13:08:15.000,13:08:18.000,3,23470.0000,23475.0000,23470.0000,23475.0000,1820,5.0000,128.2100,0.5600,103.3400,0.0150,Other,,0,False,False
1755,13:08:18.000,13:08:18.000,13:08:18.000,0,23475.0000,23475.0000,23475.0000,23475.0000,1170,0.0000,,,,,Other,,0,False,False
1756,13:08:22.000,13:08:19.000,13:08:22.000,3,23473.0000,23473.0000,23469.8000,23469.8000,1950,-5.2000,128.1250,,103.3600,,Other,,0,False,False
1757,13:08:22.000,13:08:22.000,13:08:22.000,0,23469.8000,23469.8000,23469.8000,23469.8000,1300,0.0000,,,,,Other,,0,False,False
1758,13:08:23.000,13:08:23.000,13:08:23.000,0,23470.0000,23470.0000,23470.0000,23470.0000,650,0.2000,127.8250,,103.5750,,Other,,0,False,False
1759,13:08:59.000,13:08:23.000,13:08:59.000,36,23470.0000,23475.0000,23468.9000,23469.1000,715,-0.9000,126.73640776699029126213592233,-1.08859223300970873786407767,104.5800,1.0050,Other,,0,False,False
1760,13:09:08.000,13:08:59.000,13:09:08.000,9,23469.1000,23474.8000,23465.2000,23465.2000,650,-3.9000,125.0064516129032258064516129,-1.72995615408706545568430943,105.74814814814814814814814815,1.16814814814814814814814815,Other,,0,False,False
1761,13:09:26.000,13:09:08.000,13:09:26.000,18,23465.2000,23474.4000,23463.6000,23463.6000,1105,-1.6000,124.46896551724137931034482759,-0.53748609566184649610678531,106.09107142857142857142857143,0.34292328042328042328042328,Other,,0,False,False
1762,13:09:28.000,13:09:26.000,13:09:28.000,2,23463.6000,23474.6000,23463.6000,23464.2000,845,0.6000,124.1000,-0.36896551724137931034482759,106.2250,0.13392857142857142857142857,A,A,1,False,False
1763,13:09:32.000,13:09:28.000,13:09:32.000,4,23464.2000,23477.2000,23464.2000,23477.2000,1430,13.0000,98.2100,,129.7000,,Other,,0,False,False
1764,13:09:32.000,13:09:32.000,13:09:32.000,0,23477.2000,23477.2000,23477.2000,23477.2000,780,0.0000,,,,,Other,,0,False,False
1765,13:09:59.000,13:09:34.000,13:09:59.000,25,23477.2000,23477.2000,23463.5000,23463.5000,780,-13.7000,123.89651162790697674418604651,,106.2625,,Other,,0,False,False
1766,13:10:43.000,13:09:59.000,13:10:43.000,44,23463.5000,23469.7000,23463.5000,23469.7000,780,6.2000,124.07318840579710144927536232,0.17667677789012470508931581,106.18395522388059701492537313,-0.07854477611940298507462687,Other,,0,False,False
1767,13:10:54.000,13:10:43.000,13:10:54.000,11,23469.7000,23469.7000,23463.5000,23469.7000,715,0.0000,123.43888888888888888888888889,-0.63429951690821256038647343,106.64666666666666666666666667,0.46271144278606965174129354,Other,,0,False,False
1768,13:11:07.000,13:10:54.000,13:11:07.000,13,23469.7000,23469.7000,23463.5000,23466.8000,650,-2.9000,122.32926829268292682926829268,-1.10962059620596205962059621,107.46511627906976744186046512,0.81844961240310077519379845,Other,,0,False,False
1769,13:11:17.000,13:11:07.000,13:11:17.000,10,23466.8000,23469.0000,23461.2000,23461.2000,975,-5.6000,121.83333333333333333333333333,-0.49593495934959349593495935,107.96875,0.50363372093023255813953488,Other,,0,False,False
1770,13:11:30.000,13:11:17.000,13:11:30.000,13,23461.2000,23468.0000,23461.1000,23461.1000,1040,-0.1000,120.5686046511627906976744186,-1.26472868217054263565891473,108.90697674418604651162790698,0.93822674418604651162790698,Other,,0,False,False
1771,13:11:32.000,13:11:30.000,13:11:32.000,2,23461.1000,23461.9000,23461.1000,23461.9000,780,0.8000,120.41666666666666666666666667,-0.15193798449612403100775193,108.91666666666666666666666667,0.00968992248062015503875969,A,A,1,False,False
1772,13:11:45.000,13:11:32.000,13:11:45.000,13,23461.9000,23461.9000,23457.0000,23457.0000,650,-4.9000,120.03809523809523809523809524,-0.37857142857142857142857143,109.32142857142857142857142857,0.40476190476190476190476190,Other,,0,False,False
1773,13:11:58.000,13:11:45.000,13:11:58.000,13,23457.0000,23460.0000,23456.1000,23457.7000,650,0.7000,120.0950,0.05690476190476190476190476,109.0575,-0.26392857142857142857142857,Other,,0,False,False
1774,13:12:01.000,13:11:58.000,13:12:01.000,3,23457.7000,23468.0000,23457.7000,23468.0000,1170,10.3000,121.71818181818181818181818182,1.62318181818181818181818182,107.90454545454545454545454545,-1.15295454545454545454545455,Other,,0,False,False
1775,13:12:22.000,13:12:01.000,13:12:22.000,21,23468.0000,23468.0000,23459.5000,23460.6000,650,-7.4000,121.7050,-0.01318181818181818181818182,107.77878787878787878787878788,-0.12575757575757575757575757,Other,,0,False,False
1776,13:13:31.000,13:12:22.000,13:13:31.000,69,23460.6000,23466.1000,23459.0000,23459.0000,910,-1.6000,120.8144549763033175355450237,-0.8905450236966824644549763,108.74585365853658536585365854,0.96706577974870657797487066,Other,,0,False,False
1777,13:13:41.000,13:13:31.000,13:13:41.000,10,23459.0000,23466.0000,23456.3000,23456.3000,715,-2.7000,120.3600,-0.4544549763033175355450237,109.08333333333333333333333333,0.33747967479674796747967479,Other,,0,False,False
1778,13:14:09.000,13:13:41.000,13:14:09.000,28,23456.3000,23462.0000,23456.3000,23461.0000,780,4.7000,120.63370786516853932584269663,0.27370786516853932584269663,108.84880952380952380952380952,-0.23452380952380952380952381,Other,,0,False,False
1779,13:14:56.000,13:14:09.000,13:14:56.000,47,23461.0000,23462.0000,23459.7000,23459.9000,715,-1.1000,120.94197080291970802919708029,0.30826293775116870335438366,108.60575539568345323741007194,-0.24305412812607057211373758,B,B,1,False,False
1780,13:15:26.000,13:14:56.000,13:15:26.000,30,23459.9000,23464.4000,23459.9000,23464.4000,650,4.5000,122.15459770114942528735632184,1.21262689822971725815924155,107.48870967741935483870967742,-1.11704571826409839870039452,Other,,0,False,False
1781,13:15:59.000,13:15:26.000,13:15:59.000,33,23464.4000,23464.4000,23459.6000,23464.0000,1040,-0.4000,122.08838383838383838383838384,-0.06621386276558690351793800,107.49459459459459459459459459,0.00588491717523975588491717,Other,,0,False,False
1782,13:16:04.000,13:15:59.000,13:16:04.000,5,23464.0000,23464.0000,23461.0000,23461.0000,650,-3.0000,122.44411764705882352941176471,0.35573380867498514557338087,106.88823529411764705882352941,-0.60635930047694753577106518,B,B,1,False,False
1783,13:16:17.000,13:16:04.000,13:16:17.000,13,23461.0000,23468.0000,23461.0000,23468.0000,910,7.0000,123.0547619047619047619047619,0.61064425770308123249299719,106.3075,-0.58073529411764705882352941,Other,,0,False,False
1784,13:16:49.000,13:16:17.000,13:16:49.000,32,23468.0000,23468.0000,23462.0000,23462.0000,650,-6.0000,122.42692307692307692307692308,-0.62783882783882783882783882,107.07474747474747474747474747,0.76724747474747474747474747,Other,,0,False,False
1785,13:17:29.000,13:16:49.000,13:17:29.000,40,23462.0000,23467.0000,23462.0000,23467.0000,650,5.0000,123.39260869565217391304347826,0.96568561872909698996655518,106.24090909090909090909090909,-0.83383838383838383838383838,Other,,0,False,False
1786,13:17:58.000,13:17:29.000,13:17:58.000,29,23467.0000,23467.0000,23460.0000,23460.0000,650,-7.0000,122.36823529411764705882352941,-1.02437340153452685421994885,107.18855421686746987951807229,0.94764512595837897042716320,Other,,0,False,False
1787,13:18:40.000,13:17:58.000,13:18:40.000,42,23460.0000,23467.7000,23458.7000,23458.7000,1495,-1.3000,121.88008474576271186440677966,-0.48815054835493519441674975,107.59761904761904761904761905,0.40906483075157773952954676,Other,,0,False,False
1788,13:18:40.000,13:18:40.000,13:18:40.000,0,23458.7000,23458.7000,23458.7000,23458.7000,845,0.0000,,,,,Other,,0,False,False
1789,13:19:10.000,13:18:42.000,13:19:10.000,28,23458.7000,23465.0000,23458.7000,23461.8000,715,3.1000,121.56604938271604938271604938,,107.75822784810126582278481013,,Other,,0,False,False
1790,13:19:38.000,13:19:10.000,13:19:38.000,28,23461.8000,23467.0000,23461.3000,23467.0000,650,5.2000,122.76012658227848101265822785,1.19407719956243162994217847,106.73417721518987341772151899,-1.02405063291139240506329114,Other,,0,False,False
1791,13:20:14.000,13:19:38.000,13:20:14.000,36,23467.0000,23467.0000,23461.9000,23462.1000,650,-4.9000,122.77064220183486238532110092,0.01051561955638137266287307,106.65183486238532110091743119,-0.08234235280455231680408780,B,B,1,False,False
1792,13:21:24.000,13:20:14.000,13:21:24.000,70,23462.1000,23466.9000,23462.1000,23465.0000,650,2.9000,123.08528037383177570093457944,0.31463817199691331561347852,106.29927884615384615384615385,-0.35255601623147494707127734,Other,,0,False,False
1793,13:21:58.000,13:21:24.000,13:21:58.000,34,23465.0000,23466.8000,23462.1000,23466.8000,650,1.8000,123.28398058252427184466019417,0.19870020869249614372561473,106.15594059405940594059405941,-0.14333825209444021325209444,Other,,0,False,False
1794,13:22:41.000,13:21:58.000,13:22:41.000,43,23466.8000,23467.0000,23465.4000,23466.5000,650,-0.3000,124.21393442622950819672131148,0.92995384370523635206111731,105.39538461538461538461538462,-0.76055597867479055597867479,B,B,1,False,False
1795,13:22:43.000,13:22:41.000,13:22:43.000,2,23466.5000,23466.5000,23466.4000,23466.4000,17745,-0.1000,124.46666666666666666666666667,0.25273224043715846994535519,105.23333333333333333333333333,-0.16205128205128205128205129,B,B,2,False,True
1796,13:22:43.000,13:22:43.000,13:22:43.000,0,23466.4000,23466.4000,23466.4000,23466.4000,17095,0.0000,,,,,Other,,0,False,False
1797,13:22:44.000,13:22:44.000,13:22:44.000,0,23466.9000,23466.9000,23466.9000,23466.9000,16445,0.5000,124.2000,,105.7000,,Other,,0,False,False
1798,13:22:44.000,13:22:44.000,13:22:44.000,0,23466.9000,23466.9000,23466.9000,23466.9000,15795,0.0000,,,,,Other,,0,False,False
1799,13:22:45.000,13:22:45.000,13:22:45.000,0,23466.9000,23466.9000,23466.9000,23466.9000,15990,0.0000,123.9500,,105.7750,,Other,,0,False,False
1800,13:22:45.000,13:22:45.000,13:22:45.000,0,23466.9000,23466.9000,23466.9000,23466.9000,15340,0.0000,,,,,Other,,0,False,False
1801,13:22:45.000,13:22:45.000,13:22:45.000,0,23466.7000,23466.7000,23466.7000,23466.7000,14690,-0.2000,,,,,Other,,0,False,False
1802,13:22:45.000,13:22:45.000,13:22:45.000,0,23466.7000,23466.7000,23466.7000,23466.7000,14040,0.0000,,,,,Other,,0,False,False
1803,13:22:46.000,13:22:46.000,13:22:46.000,0,23466.7000,23466.7000,23466.7000,23466.7000,13455,0.0000,123.8000,,105.8000,,Other,,0,False,False
1804,13:22:46.000,13:22:46.000,13:22:46.000,0,23466.7000,23466.7000,23466.7000,23466.7000,12805,0.0000,,,,,Other,,0,False,False
1805,13:22:48.000,13:22:48.000,13:22:48.000,0,23466.7000,23466.7000,23466.7000,23466.7000,12155,0.0000,123.8250,,106.0500,,Other,,0,False,False
1806,13:22:48.000,13:22:48.000,13:22:48.000,0,23466.7000,23466.7000,23466.7000,23466.7000,11505,0.0000,,,,,Other,,0,False,False
1807,13:22:48.000,13:22:48.000,13:22:48.000,0,23467.7000,23467.7000,23467.7000,23467.7000,10855,1.0000,,,,,Other,,0,False,False
1808,13:22:48.000,13:22:48.000,13:22:48.000,0,23467.7000,23467.7000,23467.7000,23467.7000,10205,0.0000,,,,,Other,,0,False,False
1809,13:22:50.000,13:22:50.000,13:22:50.000,0,23467.7000,23467.7000,23467.7000,23467.7000,9685,0.0000,123.8500,,106.0750,,Other,,0,False,False
1810,13:22:50.000,13:22:50.000,13:22:50.000,0,23467.7000,23467.7000,23467.7000,23467.7000,9035,0.0000,,,,,Other,,0,False,False
1811,13:22:51.000,13:22:51.000,13:22:51.000,0,23468.0000,23468.0000,23468.0000,23468.0000,8385,0.3000,123.9500,,106.0000,,Other,,0,False,False
1812,13:22:51.000,13:22:51.000,13:22:51.000,0,23468.0000,23468.0000,23468.0000,23468.0000,7735,0.0000,,,,,Other,,0,False,False
1813,13:22:51.000,13:22:51.000,13:22:51.000,0,23468.0000,23468.0000,23468.0000,23468.0000,7150,0.0000,,,,,Other,,0,False,False
1814,13:22:51.000,13:22:51.000,13:22:51.000,0,23468.0000,23468.0000,23468.0000,23468.0000,6500,0.0000,,,,,Other,,0,False,False
1815,13:22:53.000,13:22:53.000,13:22:53.000,0,23468.0000,23468.0000,23468.0000,23468.0000,5850,0.0000,123.6750,,106.0000,,Other,,0,False,False
1816,13:22:53.000,13:22:53.000,13:22:53.000,0,23468.0000,23468.0000,23468.0000,23468.0000,5200,0.0000,,,,,Other,,0,False,False
1817,13:22:53.000,13:22:53.000,13:22:53.000,0,23468.0000,23468.0000,23468.0000,23468.0000,4550,0.0000,,,,,Other,,0,False,False
1818,13:22:53.000,13:22:53.000,13:22:53.000,0,23468.0000,23468.0000,23468.0000,23468.0000,3900,0.0000,,,,,Other,,0,False,False
1819,13:22:55.000,13:22:55.000,13:22:55.000,0,23468.0000,23468.0000,23468.0000,23468.0000,5330,0.0000,123.3000,,106.4000,,Other,,0,False,False
1820,13:22:55.000,13:22:55.000,13:22:55.000,0,23468.0000,23468.0000,23468.0000,23468.0000,4680,0.0000,,,,,Other,,0,False,False
1821,13:22:55.000,13:22:55.000,13:22:55.000,0,23469.0000,23469.0000,23469.0000,23469.0000,4030,1.0000,,,,,Other,,0,False,False
1822,13:22:55.000,13:22:55.000,13:22:55.000,0,23469.0000,23469.0000,23469.0000,23469.0000,3380,0.0000,,,,,Other,,0,False,False
1823,13:22:56.000,13:22:56.000,13:22:56.000,0,23469.0000,23469.0000,23469.0000,23469.0000,3055,0.0000,123.4000,,106.5250,,Other,,0,False,False
1824,13:22:56.000,13:22:56.000,13:22:56.000,0,23469.0000,23469.0000,23469.0000,23469.0000,2405,0.0000,,,,,Other,,0,False,False
1825,13:22:56.000,13:22:56.000,13:22:56.000,0,23467.9000,23467.9000,23467.9000,23467.9000,1755,-1.1000,,,,,Other,,0,False,False
1826,13:22:56.000,13:22:56.000,13:22:56.000,0,23467.9000,23467.9000,23467.9000,23467.9000,1105,0.0000,,,,,Other,,0,False,False
1827,13:22:58.000,13:22:57.000,13:22:58.000,1,23467.8000,23467.8000,23467.8000,23467.8000,910,-0.1000,122.9500,,106.38333333333333333333333333,,Other,,0,False,False
1828,13:22:59.000,13:22:58.000,13:22:59.000,1,23467.8000,23468.6000,23467.8000,23468.6000,1755,0.8000,123.2750,0.3250,106.3500,-0.03333333333333333333333333,Other,,0,False,False
1829,13:22:59.000,13:22:59.000,13:22:59.000,0,23468.6000,23468.6000,23468.6000,23468.6000,1105,0.0000,,,,,Other,,0,False,False
1830,13:23:01.000,13:23:00.000,13:23:01.000,1,23468.6000,23468.6000,23464.5000,23464.5000,1430,-4.1000,123.82857142857142857142857143,,106.0500,,Other,,0,False,False
1831,13:23:01.000,13:23:01.000,13:23:01.000,0,23464.5000,23464.5000,23464.5000,23464.5000,780,0.0000,,,,,Other,,0,False,False
1832,13:23:04.000,13:23:03.000,13:23:04.000,1,23464.5000,23464.5000,23463.3000,23463.3000,780,-1.2000,123.88333333333333333333333333,,105.8000,,Other,,0,False,False
1833,13:23:09.000,13:23:04.000,13:23:09.000,5,23463.3000,23463.3000,23462.9000,23463.1000,910,-0.2000,123.7500,-0.13333333333333333333333333,105.97142857142857142857142857,0.17142857142857142857142857,Other,,0,False,False
1834,13:23:12.000,13:23:09.000,13:23:12.000,3,23463.1000,23469.0000,23463.1000,23469.0000,1430,5.9000,123.8600,0.1100,105.8000,-0.17142857142857142857142857,Other,,0,False,False
1835,13:23:12.000,13:23:12.000,13:23:12.000,0,23469.0000,23469.0000,23469.0000,23469.0000,780,0.0000,,,,,Other,,0,False,False
1836,13:23:20.000,13:23:14.000,13:23:20.000,6,23469.9000,23469.9000,23462.4000,23462.4000,1235,-6.6000,123.5500,,106.17777777777777777777777778,,Other,,0,False,False
1837,13:23:24.000,13:23:20.000,13:23:24.000,4,23462.4000,23462.4000,23462.2000,23462.2000,1235,-0.2000,123.61666666666666666666666667,0.06666666666666666666666667,106.2700,0.09222222222222222222222222,Other,,0,False,False
1838,13:23:27.000,13:23:24.000,13:23:27.000,3,23462.2000,23462.8000,23462.2000,23462.8000,975,0.6000,123.6600,0.04333333333333333333333333,106.3100,0.0400,Other,,0,False,False
1839,13:23:56.000,13:23:27.000,13:23:56.000,29,23462.8000,23468.5000,23462.4000,23467.9000,780,5.1000,124.05268817204301075268817204,0.39268817204301075268817204,105.76153846153846153846153846,-0.54846153846153846153846154,Other,,0,False,False
1840,13:24:36.000,13:23:56.000,13:24:36.000,40,23467.9000,23468.9000,23467.9000,23467.9000,650,0.0000,124.64296875,0.59028057795698924731182796,105.31101694915254237288135593,-0.45052151238591916558018253,Other,,0,False,False
1841,13:24:44.000,13:24:36.000,13:24:44.000,8,23467.9000,23467.9000,23463.4000,23463.4000,845,-4.5000,124.3000,-0.34296875,105.7850,0.47398305084745762711864407,Other,,0,False,False
1842,13:25:09.000,13:24:44.000,13:25:09.000,25,23463.4000,23469.0000,23463.4000,23469.0000,650,5.6000,124.37857142857142857142857143,0.07857142857142857142857143,105.70133333333333333333333333,-0.08366666666666666666666667,Other,,0,False,False
1843,13:25:36.000,13:25:09.000,13:25:36.000,27,23469.0000,23470.0000,23469.0000,23470.0000,2600,1.0000,125.23529411764705882352941176,0.85672268907563025210084033,104.84578313253012048192771084,-0.85555020080321285140562249,Other,,0,False,False
1844,13:25:36.000,13:25:36.000,13:25:36.000,0,23470.0000,23470.0000,23470.0000,23470.0000,1950,0.0000,,,,,Other,,0,False,False
1845,13:25:38.000,13:25:38.000,13:25:38.000,0,23470.0000,23470.0000,23470.0000,23470.0000,1430,0.0000,125.7000,,104.4000,,Other,,0,False,False
1846,13:25:38.000,13:25:38.000,13:25:38.000,0,23470.0000,23470.0000,23470.0000,23470.0000,780,0.0000,,,,,Other,,0,False,False
1847,13:25:53.000,13:25:39.000,13:25:53.000,14,23470.0000,23470.0000,23465.2000,23468.5000,650,-1.5000,125.25227272727272727272727273,,104.96739130434782608695652174,,Other,,0,False,False
1848,13:26:11.000,13:25:53.000,13:26:11.000,18,23468.5000,23470.0000,23465.5000,23469.2000,650,0.7000,125.00283018867924528301886792,-0.24944253859348198970840481,105.31326530612244897959183673,0.34587400177462289263531499,A,A,1,False,False
1849,13:27:04.000,13:26:11.000,13:27:04.000,53,23469.2000,23469.2000,23465.4000,23467.6000,650,-1.6000,124.73065476190476190476190476,-0.27217542677448337825696316,105.75096153846153846153846154,0.43769623233908948194662481,Other,,0,False,False
1850,13:28:16.000,13:27:04.000,13:28:16.000,72,23467.6000,23467.6000,23464.5000,23464.9000,650,-2.7000,123.75840909090909090909090909,-0.97224567099567099567099567,106.32592592592592592592592593,0.57496438746438746438746439,Other,,0,False,False
1851,13:28:28.000,13:28:16.000,13:28:28.000,12,23464.9000,23466.5000,23463.5000,23466.0000,975,1.1000,122.5650,-1.19340909090909090909090909,107.30526315789473684210526316,0.97933723196881091617933723,A,A,1,False,False
1852,13:28:30.000,13:28:28.000,13:28:30.000,2,23466.0000,23466.0000,23465.4000,23465.4000,910,-0.6000,121.95714285714285714285714286,-0.60785714285714285714285714,107.52857142857142857142857143,0.22330827067669172932330827,Other,,0,False,False
1853,13:28:32.000,13:28:30.000,13:28:32.000,2,23465.4000,23465.6000,23465.4000,23465.6000,650,0.2000,122.0500,0.09285714285714285714285714,107.51666666666666666666666667,-0.01190476190476190476190476,Other,,0,False,False
1854,13:29:09.000,13:28:32.000,13:29:09.000,37,23465.6000,23465.6000,23463.0000,23463.0000,650,-2.6000,122.25840707964601769911504425,0.20840707964601769911504425,107.41467889908256880733944954,-0.10198776758409785932721713,B,B,1,False,False
1855,13:29:32.000,13:29:09.000,13:29:32.000,23,23463.0000,23463.0000,23461.0000,23461.0000,715,-2.0000,121.29057971014492753623188406,-0.96782736950109016288316019,107.9986301369863013698630137,0.58395123790373256252356416,Other,,0,False,False
1856,13:29:39.000,13:29:32.000,13:29:39.000,7,23461.0000,23462.3000,23460.0000,23462.3000,1820,1.3000,118.96818181818181818181818182,-2.32239789196310935441370224,109.65555555555555555555555556,1.65692541856925418569254186,A,A,1,False,False
1857,13:29:39.000,13:29:39.000,13:29:39.000,0,23462.3000,23462.3000,23462.3000,23462.3000,1170,0.0000,,,,,Other,,0,False,False
1858,13:29:40.000,13:29:39.000,13:29:40.000,1,23462.4000,23462.4000,23460.0000,23460.0000,1170,-2.3000,118.3000,,109.9250,,Other,,0,False,False
1859,13:29:42.000,13:29:40.000,13:29:42.000,2,23460.0000,23465.1000,23460.0000,23465.1000,650,5.1000,118.08333333333333333333333333,-0.21666666666666666666666667,110.26666666666666666666666667,0.34166666666666666666666667,A,A,1,False,False
1860,13:29:53.000,13:29:42.000,13:29:53.000,11,23465.1000,23465.1000,23456.3000,23456.3000,845,-8.8000,117.46875,-0.61458333333333333333333333,110.77666666666666666666666667,0.51000000000000000000000000,Other,,0,False,False
1861,13:30:00.000,13:29:53.000,13:30:00.000,7,23456.3000,23456.3000,23450.5000,23450.5000,650,-5.8000,116.38913043478260869565217391,-1.07961956521739130434782609,111.38260869565217391304347826,0.60594202898550724637681159,Other,,0,False,False
1862,13:30:13.000,13:30:00.000,13:30:13.000,13,23450.5000,23455.3000,23450.5000,23450.6000,715,0.1000,116.85789473684210526315789474,0.46876430205949656750572083,111.1225,-0.26010869565217391304347826,Other,,0,False,False
1863,13:30:17.000,13:30:13.000,13:30:17.000,4,23450.6000,23455.6000,23450.0000,23450.0000,2860,-0.6000,115.45833333333333333333333333,-1.39956140350877192982456141,112.11666666666666666666666667,0.99416666666666666666666667,Other,,0,False,False
1864,13:30:17.000,13:30:17.000,13:30:17.000,0,23450.0000,23450.0000,23450.0000,23450.0000,2210,0.0000,,,,,Other,,0,False,False
1865,13:30:17.000,13:30:17.000,13:30:17.000,0,23450.0000,23450.0000,23450.0000,23450.0000,1560,0.0000,,,,,Other,,0,False,False
1866,13:30:17.000,13:30:17.000,13:30:17.000,0,23450.0000,23450.0000,23450.0000,23450.0000,910,0.0000,,,,,Other,,0,False,False
1867,13:30:18.000,13:30:18.000,13:30:18.000,0,23450.0000,23450.0000,23450.0000,23450.0000,1170,0.0000,115.5500,,111.7750,,Other,,0,False,False
1868,13:30:20.000,13:30:18.000,13:30:20.000,2,23450.0000,23453.4000,23450.0000,23453.4000,650,3.4000,116.08333333333333333333333333,0.53333333333333333333333333,111.9000,0.1250,Other,,0,False,False
1869,13:30:28.000,13:30:20.000,13:30:28.000,8,23453.4000,23460.0000,23448.9000,23460.0000,650,6.6000,115.29230769230769230769230769,-0.79102564102564102564102564,112.60769230769230769230769231,0.70769230769230769230769231,A,A,1,False,False
1870,13:30:35.000,13:30:28.000,13:30:35.000,7,23460.0000,23460.0000,23450.0000,23450.0000,780,-10.0000,115.67173913043478260869565217,0.37943143812709030100334448,112.49565217391304347826086957,-0.11204013377926421404682274,B,B,1,False,False
1871,13:30:38.000,13:30:35.000,13:30:38.000,3,23450.0000,23450.0000,23450.0000,23450.0000,845,0.0000,115.5100,-0.16173913043478260869565217,112.4300,-0.06565217391304347826086957,Other,,0,False,False
1872,13:30:40.000,13:30:38.000,13:30:40.000,2,23450.0000,23450.0000,23450.0000,23450.0000,650,0.0000,116.58333333333333333333333333,1.07333333333333333333333333,111.7500,-0.6800,Other,,0,False,False
1873,13:30:41.000,13:30:40.000,13:30:41.000,1,23450.0000,23450.0000,23450.0000,23450.0000,7410,0.0000,116.7000,0.11666666666666666666666667,111.9500,0.2000,Other,,0,False,False
1874,13:30:41.000,13:30:41.000,13:30:41.000,0,23450.0000,23450.0000,23450.0000,23450.0000,6760,0.0000,,,,,Other,,0,False,False
1875,13:30:42.000,13:30:42.000,13:30:42.000,0,23458.9000,23458.9000,23458.9000,23458.9000,6110,8.9000,116.5000,,111.6500,,Other,,0,False,False
1876,13:30:42.000,13:30:42.000,13:30:42.000,0,23458.9000,23458.9000,23458.9000,23458.9000,5460,0.0000,,,,,Other,,0,False,False
1877,13:30:43.000,13:30:43.000,13:30:43.000,0,23458.9000,23458.9000,23458.9000,23458.9000,5720,0.0000,116.6500,,111.8750,,Other,,0,False,False
1878,13:30:43.000,13:30:43.000,13:30:43.000,0,23458.9000,23458.9000,23458.9000,23458.9000,5070,0.0000,,,,,Other,,0,False,False
1879,13:30:43.000,13:30:43.000,13:30:43.000,0,23450.2000,23450.2000,23450.2000,23450.2000,4420,-8.7000,,,,,Other,,0,False,False
1880,13:30:43.000,13:30:43.000,13:30:43.000,0,23450.2000,23450.2000,23450.2000,23450.2000,3770,0.0000,,,,,Other,,0,False,False
1881,13:30:45.000,13:30:45.000,13:30:45.000,0,23450.2000,23450.2000,23450.2000,23450.2000,3185,0.0000,116.6000,,111.8750,,Other,,0,False,False
1882,13:30:45.000,13:30:45.000,13:30:45.000,0,23450.2000,23450.2000,23450.2000,23450.2000,2535,0.0000,,,,,Other,,0,False,False
1883,13:30:45.000,13:30:45.000,13:30:45.000,0,23450.0000,23450.0000,23450.0000,23450.0000,1885,-0.2000,,,,,Other,,0,False,False
1884,13:30:45.000,13:30:45.000,13:30:45.000,0,23450.0000,23450.0000,23450.0000,23450.0000,1235,0.0000,,,,,Other,,0,False,False
1885,13:30:46.000,13:30:46.000,13:30:46.000,0,23450.0000,23450.0000,23450.0000,23450.0000,1560,0.0000,115.9250,,112.4250,,Other,,0,False,False
1886,13:30:46.000,13:30:46.000,13:30:46.000,0,23450.0000,23450.0000,23450.0000,23450.0000,910,0.0000,,,,,Other,,0,False,False
1887,13:30:48.000,13:30:48.000,13:30:48.000,0,23450.0000,23450.0000,23450.0000,23450.0000,910,0.0000,115.6500,,112.4000,,Other,,0,False,False
1888,13:30:59.000,13:30:48.000,13:30:59.000,11,23450.0000,23457.3000,23450.0000,23450.0000,715,0.0000,114.8000,-0.8500,112.97058823529411764705882353,0.57058823529411764705882353,Other,,0,False,False
1889,13:31:06.000,13:30:59.000,13:31:06.000,7,23450.0000,23453.5000,23448.0000,23448.3000,910,-1.7000,115.22619047619047619047619048,0.42619047619047619047619048,112.58333333333333333333333333,-0.38725490196078431372549020,B,B,1,False,False
1890,13:31:12.000,13:31:06.000,13:31:12.000,6,23448.3000,23457.1000,23448.0000,23457.1000,650,8.8000,115.13888888888888888888888889,-0.08730158730158730158730159,112.66666666666666666666666667,0.08333333333333333333333334,A,A,1,False,False
1891,13:31:32.000,13:31:12.000,13:31:32.000,20,23457.1000,23459.9000,23448.0000,23452.1000,715,-5.0000,116.19923076923076923076923077,1.06034188034188034188034188,111.68846153846153846153846154,-0.97820512820512820512820513,B,B,1,False,False
1892,13:31:55.000,13:31:32.000,13:31:55.000,23,23452.1000,23452.1000,23449.1000,23449.1000,1235,-3.0000,116.57941176470588235294117647,0.38018099547511312217194570,111.50571428571428571428571429,-0.18274725274725274725274725,B,B,2,False,True
1893,13:31:57.000,13:31:55.000,13:31:57.000,2,23449.1000,23449.1000,23448.0000,23448.0000,975,-1.1000,114.11666666666666666666666667,-2.46274509803921568627450980,113.58333333333333333333333333,2.07761904761904761904761904,Other,,0,False,False
1894,13:31:59.000,13:31:57.000,13:31:59.000,2,23448.0000,23453.1000,23448.0000,23451.0000,650,3.0000,113.13333333333333333333333333,-0.98333333333333333333333334,114.28333333333333333333333333,0.70000000000000000000000000,A,A,1,False,False
1895,13:32:05.000,13:31:59.000,13:32:05.000,6,23451.0000,23452.7000,23444.6000,23444.6000,2080,-6.4000,113.34761904761904761904761905,0.21428571428571428571428572,113.87619047619047619047619048,-0.40714285714285714285714285,B,B,1,False,False
1896,13:32:05.000,13:32:05.000,13:32:05.000,0,23444.6000,23444.6000,23444.6000,23444.6000,1430,0.0000,,,,,Other,,0,False,False
1897,13:32:07.000,13:32:07.000,13:32:07.000,0,23444.6000,23444.6000,23444.6000,23444.6000,780,0.0000,113.8500,,113.5000,,Other,,0,False,False
1898,13:32:12.000,13:32:07.000,13:32:12.000,5,23444.6000,23455.0000,23444.6000,23446.8000,780,2.2000,114.6125,0.7625,113.02857142857142857142857143,-0.47142857142857142857142857,Other,,0,False,False
1899,13:32:15.000,13:32:12.000,13:32:15.000,3,23446.8000,23447.1000,23446.4000,23446.4000,1105,-0.4000,114.6400,0.0275,112.9200,-0.10857142857142857142857143,B,B,1,False,False
1900,13:32:19.000,13:32:15.000,13:32:19.000,4,23446.4000,23458.0000,23446.4000,23458.0000,650,11.6000,114.9500,0.3100,112.78333333333333333333333333,-0.13666666666666666666666667,Other,,0,False,False
1901,13:32:38.000,13:32:19.000,13:32:38.000,19,23458.0000,23458.0000,23445.5000,23450.0000,650,-8.0000,114.12295081967213114754098361,-0.82704918032786885245901639,113.26355932203389830508474576,0.48022598870056497175141243,Other,,0,False,False
1902,13:32:47.000,13:32:38.000,13:32:47.000,9,23450.0000,23450.4000,23442.9000,23442.9000,2145,-7.1000,112.6250,-1.49795081967213114754098361,114.05357142857142857142857143,0.79001210653753026634382567,Other,,0,False,False
1903,13:32:47.000,13:32:47.000,13:32:47.000,0,23442.9000,23442.9000,23442.9000,23442.9000,1495,0.0000,,,,,Other,,0,False,False
1904,13:32:47.000,13:32:47.000,13:32:47.000,0,23444.3000,23444.3000,23444.3000,23444.3000,845,1.4000,,,,,Other,,0,False,False
1905,13:32:48.000,13:32:47.000,13:32:48.000,1,23444.3000,23444.3000,23443.2000,23443.2000,975,-1.1000,112.4250,,114.2750,,Other,,0,False,False
1906,13:32:52.000,13:32:48.000,13:32:52.000,4,23443.2000,23449.6000,23442.8000,23442.8000,650,-0.4000,112.0800,-0.3450,114.38333333333333333333333333,0.10833333333333333333333333,Other,,0,False,False
1907,13:33:08.000,13:32:52.000,13:33:08.000,16,23442.8000,23450.0000,23442.8000,23448.3000,1690,5.5000,112.0127450980392156862745098,-0.0672549019607843137254902,114.14019607843137254901960784,-0.24313725490196078431372549,Other,,0,False,False
1908,13:33:08.000,13:33:08.000,13:33:08.000,0,23448.3000,23448.3000,23448.3000,23448.3000,1040,0.0000,,,,,Other,,0,False,False
1909,13:33:11.000,13:33:09.000,13:33:11.000,2,23447.8000,23448.4000,23447.8000,23448.4000,650,0.1000,112.3375,,113.9100,,Other,,0,False,False
1910,13:33:28.000,13:33:11.000,13:33:28.000,17,23448.4000,23450.6000,23443.6000,23443.6000,650,-4.8000,112.5500,0.2125,113.53333333333333333333333333,-0.37666666666666666666666667,B,B,1,False,False
1911,13:33:51.000,13:33:28.000,13:33:51.000,23,23443.6000,23453.0000,23443.5000,23444.5000,715,0.9000,111.41388888888888888888888889,-1.13611111111111111111111111,114.17808219178082191780821918,0.64474885844748858447488585,A,A,1,False,False
1912,13:34:01.000,13:33:51.000,13:34:01.000,10,23444.5000,23445.0000,23444.4000,23444.4000,910,-0.1000,110.13636363636363636363636364,-1.27752525252525252525252525,115.64242424242424242424242424,1.46434205064342050643420506,Other,,0,False,False
1913,13:34:16.000,13:34:01.000,13:34:16.000,15,23444.4000,23444.4000,23442.1000,23444.2000,650,-0.2000,109.95434782608695652173913043,-0.18201581027667984189723321,115.55208333333333333333333333,-0.09034090909090909090909091,Other,,0,False,False
1914,13:34:54.000,13:34:16.000,13:34:54.000,38,23444.2000,23446.4000,23440.3000,23440.3000,650,-3.9000,109.87051282051282051282051282,-0.08383500557413600891861761,115.59545454545454545454545455,0.04337121212121212121212122,Other,,0,False,False
1915,13:35:00.000,13:34:54.000,13:35:00.000,6,23440.3000,23440.3000,23440.0000,23440.0000,715,-0.3000,108.54736842105263157894736842,-1.32314439946018893387314440,116.43333333333333333333333333,0.83787878787878787878787878,Other,,0,False,False
1916,13:35:20.000,13:35:00.000,13:35:20.000,20,23440.0000,23440.0000,23440.0000,23440.0000,715,0.0000,108.15483870967741935483870968,-0.39252971137521222410865874,116.6234375,0.19010416666666666666666667,Other,,0,False,False
1917,13:35:36.000,13:35:20.000,13:35:36.000,16,23440.0000,23441.6000,23440.0000,23440.0000,780,0.0000,107.65094339622641509433962264,-0.50389531345100426049908704,116.9273584905660377358490566,0.3039209905660377358490566,Other,,0,False,False
1918,13:35:39.000,13:35:36.000,13:35:39.000,3,23440.0000,23441.6000,23440.0000,23440.0000,845,0.0000,106.8700,-0.78094339622641509433962264,117.6200,0.6926415094339622641509434,Other,,0,False,False
1919,13:35:43.000,13:35:39.000,13:35:43.000,4,23440.0000,23440.0000,23440.0000,23440.0000,715,0.0000,106.46666666666666666666666667,-0.40333333333333333333333333,117.8000,0.1800,Other,,0,False,False
1920,13:35:46.000,13:35:43.000,13:35:46.000,3,23440.0000,23440.0000,23439.7000,23439.7000,780,-0.3000,106.2500,-0.21666666666666666666666667,117.8200,0.0200,Other,,0,False,False
1921,13:35:49.000,13:35:46.000,13:35:49.000,3,23439.7000,23439.7000,23438.0000,23438.0000,1235,-1.7000,106.0600,-0.1900,118.2200,0.4000,Other,,0,False,False
1922,13:35:51.000,13:35:49.000,13:35:51.000,2,23438.0000,23438.0000,23438.0000,23438.0000,910,0.0000,105.13333333333333333333333333,-0.92666666666666666666666667,118.9500,0.7300,Other,,0,False,False
1923,13:35:53.000,13:35:51.000,13:35:53.000,2,23438.0000,23438.0000,23435.0000,23435.0000,1430,-3.0000,104.73333333333333333333333333,-0.40000000000000000000000000,119.5000,0.5500,Other,,0,False,False
1924,13:35:53.000,13:35:53.000,13:35:53.000,0,23435.0000,23435.0000,23435.0000,23435.0000,780,0.0000,,,,,Other,,0,False,False
1925,13:35:59.000,13:35:54.000,13:35:59.000,5,23435.0000,23436.2000,23433.0000,23433.0000,910,-2.0000,105.1550,,119.66666666666666666666666667,,Other,,0,False,False
1926,13:36:06.000,13:35:59.000,13:36:06.000,7,23433.0000,23434.7000,23432.0000,23432.0000,845,-1.0000,105.2500,0.0950,119.71739130434782608695652174,0.05072463768115942028985507,Other,,0,False,False
1927,13:36:08.000,13:36:06.000,13:36:08.000,2,23432.0000,23436.3000,23432.0000,23436.3000,845,4.3000,105.31666666666666666666666667,0.06666666666666666666666667,119.38333333333333333333333333,-0.33405797101449275362318841,Other,,0,False,False
1928,13:36:13.000,13:36:08.000,13:36:13.000,5,23436.3000,23438.0000,23432.0000,23432.2000,780,-4.1000,105.57857142857142857142857143,0.26190476190476190476190476,119.3000,-0.08333333333333333333333333,B,B,1,False,False
1929,13:36:23.000,13:36:13.000,13:36:23.000,10,23432.2000,23440.0000,23432.2000,23440.0000,845,7.8000,105.9750,0.39642857142857142857142857,118.55625,-0.74375,Other,,0,False,False
1930,13:36:29.000,13:36:23.000,13:36:29.000,6,23440.0000,23442.0000,23432.1000,23433.0000,845,-7.0000,105.8700,-0.1050,118.84444444444444444444444444,0.28819444444444444444444444,Other,,0,False,False
1931,13:36:37.000,13:36:29.000,13:36:37.000,8,23433.0000,23434.4000,23432.5000,23434.4000,650,1.4000,106.37692307692307692307692308,0.50692307692307692307692308,118.37037037037037037037037037,-0.47407407407407407407407407,Other,,0,False,False
1932,13:36:52.000,13:36:37.000,13:36:52.000,15,23434.4000,23438.9000,23433.5000,23433.5000,1235,-0.9000,106.5625,0.18557692307692307692307692,117.91818181818181818181818182,-0.45218855218855218855218855,B,B,1,False,False
1933,13:37:09.000,13:36:52.000,13:37:09.000,17,23433.5000,23436.3000,23433.5000,23436.3000,1885,2.8000,107.07446808510638297872340426,0.51196808510638297872340426,116.77181818181818181818181818,-1.14636363636363636363636364,Other,,0,False,False
1934,13:37:09.000,13:37:09.000,13:37:09.000,0,23436.3000,23436.3000,23436.3000,23436.3000,1235,0.0000,,,,,Other,,0,False,False
1935,13:37:14.000,13:37:10.000,13:37:14.000,4,23436.3000,23436.5000,23436.3000,23436.5000,650,0.2000,107.45714285714285714285714286,,115.9625,,Other,,0,False,False
1936,13:37:30.000,13:37:14.000,13:37:30.000,16,23436.5000,23440.0000,23436.5000,23439.6000,910,3.1000,108.35098039215686274509803922,0.89383753501400560224089636,115.25188679245283018867924528,-0.71061320754716981132075472,Other,,0,False,False
1937,13:37:40.000,13:37:30.000,13:37:40.000,10,23439.6000,23443.8000,23439.6000,23443.8000,1430,4.2000,108.971875,0.62089460784313725490196078,114.515625,-0.73626179245283018867924528,Other,,0,False,False
1938,13:37:40.000,13:37:40.000,13:37:40.000,0,23443.8000,23443.8000,23443.8000,23443.8000,780,0.0000,,,,,Other,,0,False,False
1939,13:38:20.000,13:37:40.000,13:38:20.000,40,23441.3000,23446.0000,23441.1000,23446.0000,1300,2.2000,109.99457364341085271317829457,,113.3000,,Other,,0,False,False
1940,13:38:20.000,13:38:20.000,13:38:20.000,0,23446.0000,23446.0000,23446.0000,23446.0000,650,0.0000,,,,,Other,,0,False,False
1941,13:38:25.000,13:38:22.000,13:38:25.000,3,23446.0000,23452.3000,23441.1000,23441.1000,780,-4.9000,109.12857142857142857142857143,,115.08333333333333333333333333,,Other,,0,False,False
1942,13:38:45.000,13:38:25.000,13:38:45.000,20,23441.1000,23446.6000,23441.0000,23441.0000,715,-0.1000,109.27542372881355932203389831,0.14685230024213075060532688,115.12936507936507936507936508,0.04603174603174603174603175,Other,,0,False,False
1943,13:39:11.000,13:38:45.000,13:39:11.000,26,23441.0000,23445.4000,23440.6000,23445.4000,780,4.4000,109.92278481012658227848101266,0.64736108131302295644711435,114.33975903614457831325301205,-0.78960604322050105182635303,Other,,0,False,False
1944,13:40:02.000,13:39:11.000,13:40:02.000,51,23445.4000,23449.9000,23441.0000,23441.3000,650,-4.1000,109.09391025641025641025641026,-0.82887455371632586822460240,115.31644736842105263157894737,0.97668833227647431832593532,Other,,0,False,False
1945,13:41:31.000,13:40:02.000,13:41:31.000,89,23441.3000,23447.9000,23440.8000,23441.7000,715,0.4000,110.16945454545454545454545455,1.07554428904428904428904429,114.16125461254612546125461255,-1.15519275587492717032433482,Other,,0,False,False
1946,13:42:01.000,13:41:31.000,13:42:01.000,30,23441.7000,23447.2000,23441.7000,23447.2000,2015,5.5000,110.33988764044943820224719101,0.17043309499489274770173646,114.13947368421052631578947368,-0.02178092833559914546513887,Other,,0,False,False
1947,13:42:01.000,13:42:01.000,13:42:01.000,0,23447.2000,23447.2000,23447.2000,23447.2000,1365,0.0000,,,,,Other,,0,False,False
1948,13:42:01.000,13:42:01.000,13:42:01.000,0,23447.1000,23447.1000,23447.1000,23447.1000,715,-0.1000,,,,,Other,,0,False,False
1949,13:42:09.000,13:42:01.000,13:42:09.000,8,23447.1000,23452.0000,23447.1000,23452.0000,910,4.9000,113.56538461538461538461538462,,110.21538461538461538461538462,,Other,,0,False,False
1950,13:42:22.000,13:42:09.000,13:42:22.000,13,23452.0000,23457.2000,23448.6000,23457.2000,1170,5.2000,112.5547619047619047619047619,-1.01062271062271062271062272,111.2025,0.98711538461538461538461538,A,A,1,False,False
1951,13:42:24.000,13:42:22.000,13:42:24.000,2,23457.2000,23457.2000,23448.6000,23448.6000,715,-8.6000,110.8000,-1.7547619047619047619047619,112.71666666666666666666666667,1.51416666666666666666666667,Other,,0,False,False
1952,13:42:47.000,13:42:24.000,13:42:47.000,23,23448.6000,23454.1000,23446.1000,23446.4000,650,-2.2000,111.83493150684931506849315068,1.03493150684931506849315068,111.99929577464788732394366197,-0.71737089201877934272300470,B,B,1,False,False
1953,13:43:34.000,13:42:47.000,13:43:34.000,47,23446.4000,23453.4000,23446.4000,23453.4000,650,7.0000,113.3013698630136986301369863,1.46643835616438356164383562,110.8299295774647887323943662,-1.16936619718309859154929577,Other,,0,False,False
1954,13:44:16.000,13:43:34.000,13:44:16.000,42,23453.4000,23453.4000,23448.6000,23453.4000,975,0.0000,113.72364341085271317829457364,0.42227354783901454815758734,110.97322834645669291338582677,0.14329876899190418099146057,Other,,0,False,False
1955,13:44:36.000,13:44:16.000,13:44:36.000,20,23453.4000,23453.4000,23447.9000,23453.4000,845,0.0000,113.61229508196721311475409836,-0.11134832888550006354047528,111.21967213114754098360655738,0.24644378469084807022073061,Other,,0,False,False
1956,13:45:13.000,13:44:36.000,13:45:13.000,37,23453.4000,23453.4000,23448.5000,23453.4000,650,0.0000,114.17566371681415929203539823,0.56336863484694617728129987,110.14608695652173913043478261,-1.07358517462580185317177477,Other,,0,False,False
1957,13:45:38.000,13:45:13.000,13:45:38.000,25,23453.4000,23453.4000,23451.2000,23453.4000,650,0.0000,115.06645569620253164556962025,0.89079197938837235353422202,108.71604938271604938271604938,-1.43003757380568974771873323,Other,,0,False,False
1958,13:46:35.000,13:45:38.000,13:46:35.000,57,23453.4000,23453.4000,23448.2000,23448.3000,780,-5.1000,113.72325581395348837209302326,-1.34319988224904327347659699,110.01868131868131868131868132,1.30263193596526929860263194,Other,,0,False,False
1959,13:46:53.000,13:46:35.000,13:46:53.000,18,23448.3000,23451.0000,23448.0000,23451.0000,650,2.7000,112.07857142857142857142857143,-1.64468438538205980066445183,111.38448275862068965517241379,1.36580143993937097385373247,A,A,1,False,False
1960,13:46:59.000,13:46:53.000,13:46:59.000,6,23451.0000,23451.3000,23450.0000,23451.3000,715,0.3000,112.1800,0.10142857142857142857142857,111.0700,-0.31448275862068965517241379,Other,,0,False,False
1961,13:47:21.000,13:46:59.000,13:47:21.000,22,23451.3000,23451.3000,23448.1000,23448.5000,715,-2.8000,111.70597014925373134328358209,-0.47402985074626865671641791,111.66197183098591549295774648,0.59197183098591549295774648,Other,,0,False,False
1962,13:47:24.000,13:47:21.000,13:47:24.000,3,23448.5000,23450.5000,23448.5000,23450.5000,650,2.0000,110.8700,-0.83597014925373134328358209,112.5000,0.83802816901408450704225352,A,A,1,False,False
1963,13:47:27.000,13:47:24.000,13:47:27.000,3,23450.5000,23450.5000,23448.5000,23449.1000,715,-1.4000,111.1400,0.2700,112.3100,-0.1900,B,B,1,False,False
1964,13:47:56.000,13:47:27.000,13:47:56.000,29,23449.1000,23449.1000,23445.0000,23446.5000,1495,-2.6000,111.05294117647058823529411765,-0.08705882352941176470588235,112.54823529411764705882352941,0.23823529411764705882352941,Other,,0,False,False
1965,13:47:56.000,13:47:56.000,13:47:56.000,0,23446.5000,23446.5000,23446.5000,23446.5000,845,0.0000,,,,,Other,,0,False,False
1966,13:48:40.000,13:47:57.000,13:48:40.000,43,23446.5000,23448.0000,23445.0000,23446.0000,650,-0.5000,112.01953125,,111.65909090909090909090909091,,Other,,0,False,False
1967,13:49:01.000,13:48:40.000,13:49:01.000,21,23446.0000,23447.0000,23445.0000,23447.0000,845,1.0000,111.7134328358208955223880597,-0.3060984141791044776119403,111.73333333333333333333333333,0.07424242424242424242424242,A,A,1,False,False
1968,13:49:33.000,13:49:01.000,13:49:33.000,32,23447.0000,23449.5000,23447.0000,23447.0000,650,0.0000,112.39432989690721649484536082,0.68089706108632097245730112,110.94175257731958762886597938,-0.79158075601374570446735395,Other,,0,False,False
1969,13:49:49.000,13:49:33.000,13:49:49.000,16,23447.0000,23447.1000,23446.2000,23446.9000,910,-0.1000,112.41190476190476190476190476,0.01757486499754540991654394,110.9700,0.02824742268041237113402062,Other,,0,False,False
1970,13:50:09.000,13:49:49.000,13:50:09.000,20,23446.9000,23450.0000,23446.9000,23449.4000,650,2.5000,112.52118644067796610169491525,0.10928167877320419693301049,110.75175438596491228070175439,-0.21824561403508771929824561,Other,,0,False,False
1971,13:50:34.000,13:50:09.000,13:50:34.000,25,23449.4000,23452.4000,23447.5000,23452.4000,910,3.0000,112.90133333333333333333333333,0.38014689265536723163841808,110.45253164556962025316455696,-0.29922274039529202753719743,Other,,0,False,False
1972,13:50:39.000,13:50:34.000,13:50:39.000,5,23452.4000,23452.9000,23446.9000,23446.9000,975,-5.5000,112.7500,-0.15133333333333333333333333,110.53571428571428571428571429,0.08318264014466546112115733,Other,,0,False,False
1973,13:50:41.000,13:50:39.000,13:50:41.000,2,23446.9000,23447.4000,23446.9000,23447.4000,650,0.5000,112.83333333333333333333333333,0.08333333333333333333333333,110.31666666666666666666666667,-0.21904761904761904761904762,Other,,0,False,False
1974,13:51:10.000,13:50:41.000,13:51:10.000,29,23447.4000,23450.0000,23445.3000,23447.2000,975,-0.2000,111.72747252747252747252747253,-1.10586080586080586080586080,111.52528735632183908045977011,1.20862068965517241379310344,Other,,0,False,False
1975,13:51:13.000,13:51:10.000,13:51:13.000,3,23447.2000,23447.2000,23445.7000,23445.7000,650,-1.5000,111.9250,0.19752747252747252747252747,111.4250,-0.10028735632183908045977011,B,B,1,False,False
1976,13:52:02.000,13:51:13.000,13:52:02.000,49,23445.7000,23448.0000,23442.0000,23445.2000,1300,-0.5000,110.8039855072463768115942029,-1.1210144927536231884057971,112.22881944444444444444444444,0.80381944444444444444444444,Other,,0,False,False
1977,13:52:02.000,13:52:02.000,13:52:02.000,0,23445.2000,23445.2000,23445.2000,23445.2000,650,0.0000,,,,,Other,,0,False,False
1978,13:52:07.000,13:52:04.000,13:52:07.000,3,23444.6000,23444.6000,23440.0000,23440.0000,650,-5.2000,108.64166666666666666666666667,,114.4500,,Other,,0,False,False
1979,13:52:26.000,13:52:07.000,13:52:26.000,19,23440.0000,23445.1000,23440.0000,23445.0000,715,5.0000,109.16153846153846153846153846,0.51987179487179487179487179,113.74038461538461538461538462,-0.70961538461538461538461538,Other,,0,False,False
1980,13:52:57.000,13:52:26.000,13:52:57.000,31,23445.0000,23445.0000,23440.0000,23440.0000,650,-5.0000,108.98383838383838383838383838,-0.17770007770007770007770008,113.95578947368421052631578947,0.21540485829959514170040485,Other,,0,False,False
1981,13:53:22.000,13:52:57.000,13:53:22.000,25,23440.0000,23442.0000,23440.0000,23441.9000,780,1.9000,109.06363636363636363636363636,0.07979797979797979797979798,114.01733333333333333333333333,0.06154385964912280701754386,Other,,0,False,False
1982,13:53:47.000,13:53:22.000,13:53:47.000,25,23441.9000,23441.9000,23440.1000,23440.1000,715,-1.8000,109.2400,0.17636363636363636363636364,113.71780821917808219178082192,-0.29952511415525114155251141,B,B,1,False,False
1983,13:54:01.000,13:53:47.000,13:54:01.000,14,23440.1000,23444.0000,23440.1000,23444.0000,1105,3.9000,110.00897435897435897435897436,0.76897435897435897435897436,112.87317073170731707317073171,-0.84463748747076511861009021,Other,,0,False,False
1984,13:54:02.000,13:54:01.000,13:54:02.000,1,23444.0000,23444.1000,23444.0000,23444.0000,650,0.0000,110.9750,0.96602564102564102564102564,111.8500,-1.02317073170731707317073171,Other,,0,False,False
1985,13:54:14.000,13:54:02.000,13:54:14.000,12,23444.0000,23445.1000,23444.0000,23445.1000,1235,1.1000,111.16052631578947368421052632,0.18552631578947368421052632,111.8000,-0.0500,Other,,0,False,False
1986,13:54:15.000,13:54:14.000,13:54:15.000,1,23445.1000,23445.2000,23445.1000,23445.1000,910,0.0000,111.5500,0.38947368421052631578947368,111.5750,-0.2250,Other,,0,False,False
1987,13:54:17.000,13:54:15.000,13:54:17.000,2,23445.1000,23445.1000,23445.1000,23445.1000,650,0.0000,111.0500,-0.5000,111.93333333333333333333333333,0.35833333333333333333333333,Other,,0,False,False
1988,13:54:25.000,13:54:17.000,13:54:25.000,8,23445.1000,23445.1000,23445.1000,23445.1000,780,0.0000,110.64615384615384615384615385,-0.40384615384615384615384615,112.32307692307692307692307692,0.38974358974358974358974359,Other,,0,False,False
1989,13:54:28.000,13:54:25.000,13:54:28.000,3,23445.1000,23445.1000,23444.5000,23444.5000,650,-0.6000,111.0875,0.44134615384615384615384615,111.5700,-0.75307692307692307692307692,B,B,1,False,False
1990,13:54:32.000,13:54:28.000,13:54:32.000,4,23444.5000,23445.0000,23444.5000,23445.0000,845,0.5000,111.39230769230769230769230769,0.30480769230769230769230769,111.36538461538461538461538462,-0.20461538461538461538461538,Other,,0,False,False
1991,13:54:35.000,13:54:32.000,13:54:35.000,3,23445.0000,23445.0000,23445.0000,23445.0000,715,0.0000,111.1125,-0.27980769230769230769230769,111.2900,-0.07538461538461538461538462,Other,,0,False,False
1992,13:54:42.000,13:54:35.000,13:54:42.000,7,23445.0000,23445.1000,23444.9000,23445.1000,975,0.1000,111.19545454545454545454545455,0.08295454545454545454545455,111.47727272727272727272727273,0.18727272727272727272727273,Other,,0,False,False
1993,13:54:46.000,13:54:42.000,13:54:46.000,4,23445.1000,23445.1000,23445.0000,23445.0000,1300,-0.1000,111.3200,0.12454545454545454545454545,111.2900,-0.18727272727272727272727273,B,B,1,False,False
1994,13:54:46.000,13:54:46.000,13:54:46.000,0,23445.0000,23445.0000,23445.0000,23445.0000,650,0.0000,,,,,Other,,0,False,False
1995,13:54:51.000,13:54:47.000,13:54:51.000,4,23446.0000,23446.0000,23444.6000,23444.6000,1365,-0.4000,111.14166666666666666666666667,,111.4000,,Other,,0,False,False
1996,13:54:51.000,13:54:51.000,13:54:51.000,0,23444.6000,23444.6000,23444.6000,23444.6000,715,0.0000,,,,,Other,,0,False,False
1997,13:54:54.000,13:54:51.000,13:54:54.000,3,23448.0000,23448.0000,23444.6000,23444.6000,780,0.0000,111.0800,,111.5200,,Other,,0,False,False
1998,13:54:57.000,13:54:54.000,13:54:57.000,3,23444.6000,23449.9000,23444.5000,23444.5000,780,-0.1000,111.2125,0.1325,111.6100,0.0900,Other,,0,False,False
1999,13:55:02.000,13:54:57.000,13:55:02.000,5,23444.5000,23444.5000,23443.6000,23444.3000,650,-0.2000,110.91176470588235294117647059,-0.30073529411764705882352941,111.85588235294117647058823529,0.24588235294117647058823529,Other,,0,False,False
2000,13:55:13.000,13:55:02.000,13:55:13.000,11,23444.3000,23449.9000,23444.3000,23449.9000,780,5.6000,110.90555555555555555555555556,-0.00620915032679738562091503,111.978125,0.12224264705882352941176471,A,A,1,False,False
2001,13:55:56.000,13:55:13.000,13:55:56.000,43,23449.9000,23449.9000,23445.1000,23447.0000,715,-2.9000,111.7168,0.81124444444444444444444444,111.14306569343065693430656934,-0.83505930656934306569343066,B,B,1,False,False
2002,13:56:39.000,13:55:56.000,13:56:39.000,43,23447.0000,23448.9000,23444.7000,23444.7000,715,-2.3000,109.88560606060606060606060606,-1.83119393939393939393939394,113.16066176470588235294117647,2.01759607127522541863460713,Other,,0,False,False
2003,13:57:05.000,13:56:39.000,13:57:05.000,26,23444.7000,23445.0000,23442.7000,23442.7000,650,-2.0000,109.68961038961038961038961039,-0.19599567099567099567099567,113.41604938271604938271604938,0.25538761801016702977487291,Other,,0,False,False
2004,13:57:27.000,13:57:05.000,13:57:27.000,22,23442.7000,23446.4000,23441.0000,23441.0000,780,-1.7000,109.17222222222222222222222222,-0.51738816738816738816738817,113.78571428571428571428571429,0.36966490299823633156966491,Other,,0,False,False
2005,13:57:55.000,13:57:27.000,13:57:55.000,28,23441.0000,23445.0000,23441.0000,23445.0000,715,4.0000,108.5827586206896551724137931,-0.58946360153256704980842912,114.11034482758620689655172414,0.32463054187192118226600985,A,A,1,False,False
2006,13:58:03.000,13:57:55.000,13:58:03.000,8,23445.0000,23446.4000,23445.0000,23445.6000,715,0.6000,108.42592592592592592592592593,-0.15683269476372924648786717,114.16296296296296296296296296,0.05261813537675606641123882,A,A,2,True,False
2007,13:58:42.000,13:58:03.000,13:58:42.000,39,23445.6000,23445.6000,23440.1000,23440.1000,910,-5.5000,108.0216,-0.40432592592592592592592593,114.27815126050420168067226891,0.11518829754123871770930595,Other,,0,False,False
2008,13:58:53.000,13:58:42.000,13:58:53.000,11,23440.1000,23440.1000,23440.1000,23440.1000,715,0.0000,108.478125,0.456525,113.83214285714285714285714286,-0.44600840336134453781512605,Other,,0,False,False
2009,13:59:14.000,13:58:53.000,13:59:14.000,21,23440.1000,23442.1000,23440.0000,23442.1000,715,2.0000,107.79179104477611940298507463,-0.68633395522388059701492537,114.27903225806451612903225806,0.44688940092165898617511520,A,A,1,False,False
2010,14:00:00.000,13:59:14.000,14:00:00.000,46,23442.1000,23444.8000,23440.0000,23442.6000,975,0.5000,108.88911290322580645161290323,1.09732185844968704862782860,113.03274647887323943661971831,-1.24628577919127669241253975,Other,,0,False,False
2011,14:00:01.000,14:00:00.000,14:00:01.000,1,23442.6000,23442.6000,23442.4000,23442.4000,715,-0.2000,109.7000,0.81088709677419354838709677,111.9000,-1.13274647887323943661971831,B,B,1,False,False
2012,14:00:15.000,14:00:01.000,14:00:15.000,14,23442.4000,23444.8000,23442.4000,23444.8000,650,2.4000,109.77857142857142857142857143,0.07857142857142857142857143,111.95681818181818181818181818,0.05681818181818181818181818,Other,,0,False,False
2013,14:00:48.000,14:00:15.000,14:00:48.000,33,23444.8000,23449.0000,23444.8000,23447.6000,650,2.8000,110.8500,1.07142857142857142857142857,111.0500,-0.90681818181818181818181818,Other,,0,False,False
2014,14:01:40.000,14:00:48.000,14:01:40.000,52,23447.6000,23450.0000,23444.0000,23444.0000,1170,-3.6000,109.94679487179487179487179487,-0.90320512820512820512820513,112.444375,1.394375,Other,,0,False,False
2015,14:01:43.000,14:01:40.000,14:01:43.000,3,23444.0000,23444.9000,23444.0000,23444.0000,650,0.0000,109.3800,-0.56679487179487179487179487,112.7750,0.330625,Other,,0,False,False
2016,14:01:56.000,14:01:43.000,14:01:56.000,13,23444.0000,23450.0000,23444.0000,23444.0000,910,0.0000,110.06111111111111111111111111,0.68111111111111111111111111,112.21111111111111111111111111,-0.56388888888888888888888889,Other,,0,False,False
2017,14:02:39.000,14:01:56.000,14:02:39.000,43,23444.0000,23451.8000,23444.0000,23451.8000,650,7.8000,111.1000,1.03888888888888888888888889,111.19609375,-1.01501736111111111111111111,Other,,0,False,False
2018,14:03:14.000,14:02:39.000,14:03:14.000,35,23451.8000,23451.8000,23448.4000,23448.6000,650,-3.2000,112.66605504587155963302752294,1.56605504587155963302752294,109.38119266055045871559633028,-1.81490108944954128440366972,B,B,1,False,False
2019,14:03:28.000,14:03:14.000,14:03:28.000,14,23448.6000,23448.6000,23448.5000,23448.6000,1105,0.0000,112.3900,-0.27605504587155963302752294,110.06904761904761904761904762,0.68785495849716033202271734,Other,,0,False,False
2020,14:03:33.000,14:03:28.000,14:03:33.000,5,23448.6000,23450.6000,23448.6000,23450.5000,650,1.9000,113.41764705882352941176470588,1.02764705882352941176470588,108.93823529411764705882352941,-1.13081232492997198879551821,Other,,0,False,False
2021,14:03:37.000,14:03:33.000,14:03:37.000,4,23450.5000,23451.5000,23450.5000,23451.5000,910,1.0000,113.96428571428571428571428571,0.54663865546218487394957983,108.3000,-0.63823529411764705882352941,Other,,0,False,False
2022,14:03:39.000,14:03:37.000,14:03:39.000,2,23451.5000,23455.0000,23451.5000,23455.0000,4290,3.5000,115.43333333333333333333333333,1.46904761904761904761904762,106.3000,-2.0000,Other,,0,False,False
2023,14:03:39.000,14:03:39.000,14:03:39.000,0,23455.0000,23455.0000,23455.0000,23455.0000,3640,0.0000,,,,,Other,,0,False,False
2024,14:03:41.000,14:03:41.000,14:03:41.000,0,23455.0000,23455.0000,23455.0000,23455.0000,3185,0.0000,116.3250,,105.2750,,Other,,0,False,False
2025,14:03:41.000,14:03:41.000,14:03:41.000,0,23455.0000,23455.0000,23455.0000,23455.0000,2535,0.0000,,,,,Other,,0,False,False
2026,14:03:42.000,14:03:42.000,14:03:42.000,0,23455.8000,23455.8000,23455.8000,23455.8000,1885,0.8000,116.4250,,105.2500,,Other,,0,False,False
2027,14:03:42.000,14:03:42.000,14:03:42.000,0,23455.8000,23455.8000,23455.8000,23455.8000,1235,0.0000,,,,,Other,,0,False,False
2028,14:03:42.000,14:03:42.000,14:03:42.000,0,23455.8000,23455.8000,23455.8000,23455.8000,715,0.0000,,,,,Other,,0,False,False
2029,14:04:04.000,14:03:42.000,14:04:04.000,22,23455.8000,23458.8000,23454.3000,23454.3000,780,-1.5000,115.46231884057971014492753623,,106.63985507246376811594202899,,Other,,0,False,False
2030,14:04:52.000,14:04:04.000,14:04:52.000,48,23454.3000,23455.2000,23452.6000,23452.6000,845,-1.7000,114.34931972789115646258503401,-1.11299911268855368234250222,107.97375886524822695035460993,1.33390379278445883441258094,Other,,0,False,False
2031,14:05:15.000,14:04:52.000,14:05:15.000,23,23452.6000,23459.0000,23452.6000,23454.6000,845,2.0000,114.94436619718309859154929577,0.59504646929194212896426176,107.32318840579710144927536232,-0.65057045945112550107924761,Other,,0,False,False
2032,14:05:25.000,14:05:15.000,14:05:25.000,10,23454.6000,23458.0000,23454.6000,23458.0000,845,3.4000,115.5200,0.57563380281690140845070423,106.8625,-0.46068840579710144927536232,Other,,0,False,False
2033,14:05:53.000,14:05:25.000,14:05:53.000,28,23458.0000,23458.1000,23455.6000,23458.0000,650,0.0000,114.72758620689655172413793103,-0.79241379310344827586206897,107.75866666666666666666666667,0.89616666666666666666666667,Other,,0,False,False
2034,14:06:39.000,14:05:53.000,14:06:39.000,46,23458.0000,23458.0000,23455.0000,23458.0000,845,0.0000,115.24542253521126760563380282,0.51783632831471588149587179,106.86449275362318840579710145,-0.89417391304347826086956522,Other,,0,False,False
2035,14:06:59.000,14:06:39.000,14:06:59.000,20,23458.0000,23458.0000,23458.0000,23458.0000,650,0.0000,115.88709677419354838709677419,0.64167423898228078146297137,106.01612903225806451612903226,-0.84836372136512388966806919,Other,,0,False,False
2036,14:07:14.000,14:06:59.000,14:07:14.000,15,23458.0000,23460.0000,23458.0000,23460.0000,1495,2.0000,116.4551020408163265306122449,0.56800526662277814351547071,105.22446808510638297872340426,-0.79166094715168153740562800,Other,,0,False,False
2037,14:07:14.000,14:07:14.000,14:07:14.000,0,23460.0000,23460.0000,23460.0000,23460.0000,845,0.0000,,,,,Other,,0,False,False
2038,14:07:37.000,14:07:15.000,14:07:37.000,22,23460.1000,23463.0000,23459.4000,23463.0000,650,3.0000,117.39347826086956521739130435,,104.5500,,Other,,0,False,False
2039,14:07:52.000,14:07:37.000,14:07:52.000,15,23463.0000,23463.0000,23463.0000,23463.0000,650,0.0000,116.35833333333333333333333333,-1.03514492753623188405797102,105.55652173913043478260869565,1.00652173913043478260869565,Other,,0,False,False
2040,14:08:20.000,14:07:52.000,14:08:20.000,28,23463.0000,23463.0000,23455.1000,23457.0000,650,-6.0000,116.27168674698795180722891566,-0.08664658634538152610441767,105.85393258426966292134831461,0.29741084513922813873961896,Other,,0,False,False
2041,14:08:51.000,14:08:20.000,14:08:51.000,31,23457.0000,23463.0000,23455.2000,23463.0000,2210,6.0000,115.91919191919191919191919192,-0.35249482779603261530972374,106.22472527472527472527472527,0.37079269045561180392641066,A,A,1,False,False
2042,14:08:51.000,14:08:51.000,14:08:51.000,0,23463.0000,23463.0000,23463.0000,23463.0000,1560,0.0000,,,,,Other,,0,False,False
2043,14:08:53.000,14:08:53.000,14:08:53.000,0,23463.0000,23463.0000,23463.0000,23463.0000,910,0.0000,116.2250,,105.7500,,Other,,0,False,False
2044,14:08:56.000,14:08:53.000,14:08:56.000,3,23463.0000,23463.0000,23455.0000,23455.0000,975,-8.0000,116.0625,-0.1625,105.8500,0.1000,Other,,0,False,False
2045,14:09:03.000,14:08:56.000,14:09:03.000,7,23455.0000,23457.7000,23455.0000,23457.7000,2535,2.7000,116.33095238095238095238095238,0.26845238095238095238095238,105.65952380952380952380952381,-0.19047619047619047619047619,Other,,0,False,False
2046,14:09:03.000,14:09:03.000,14:09:03.000,0,23457.7000,23457.7000,23457.7000,23457.7000,1885,0.0000,,,,,Other,,0,False,False
2047,14:09:04.000,14:09:04.000,14:09:04.000,0,23457.3000,23457.3000,23457.3000,23457.3000,1235,-0.4000,116.8750,,105.0000,,Other,,0,False,False
2048,14:09:04.000,14:09:04.000,14:09:04.000,0,23457.3000,23457.3000,23457.3000,23457.3000,780,0.0000,,,,,Other,,0,False,False
2049,14:09:06.000,14:09:04.000,14:09:06.000,2,23457.3000,23457.5000,23457.3000,23457.5000,910,0.2000,116.56666666666666666666666667,,105.3500,,Other,,0,False,False
2050,14:09:09.000,14:09:06.000,14:09:09.000,3,23457.5000,23457.5000,23455.9000,23456.1000,650,-1.4000,116.6800,0.11333333333333333333333333,105.3600,0.0100,Other,,0,False,False
2051,14:09:19.000,14:09:09.000,14:09:19.000,10,23456.1000,23463.0000,23455.0000,23460.6000,715,4.5000,116.42666666666666666666666667,-0.25333333333333333333333333,105.88214285714285714285714286,0.52214285714285714285714286,A,A,1,False,False
2052,14:09:21.000,14:09:19.000,14:09:21.000,2,23460.6000,23460.6000,23456.1000,23456.1000,2340,-4.5000,116.2000,-0.22666666666666666666666667,106.1000,0.21785714285714285714285714,Other,,0,False,False
2053,14:09:21.000,14:09:21.000,14:09:21.000,0,23456.1000,23456.1000,23456.1000,23456.1000,1690,0.0000,,,,,Other,,0,False,False
2054,14:09:22.000,14:09:22.000,14:09:22.000,0,23456.1000,23456.1000,23456.1000,23456.1000,1105,0.0000,115.9250,,106.2000,,Other,,0,False,False
2055,14:09:30.000,14:09:22.000,14:09:30.000,8,23456.1000,23464.9000,23454.8000,23464.9000,975,8.8000,115.99130434782608695652173913,0.06630434782608695652173913,106.4280,0.2280,Other,,0,False,False
2056,14:09:35.000,14:09:30.000,14:09:35.000,5,23464.9000,23465.0000,23464.9000,23465.0000,715,0.1000,116.10714285714285714285714286,0.11583850931677018633540373,106.0750,-0.3530,Other,,0,False,False
2057,14:10:06.000,14:09:35.000,14:10:06.000,31,23465.0000,23465.0000,23463.3000,23463.9000,715,-1.1000,117.62979797979797979797979798,1.52265512265512265512265512,104.78298969072164948453608247,-1.29201030927835051546391753,B,B,1,False,False
2058,14:10:08.000,14:10:06.000,14:10:08.000,2,23463.9000,23463.9000,23463.9000,23463.9000,12805,0.0000,117.9500,0.32020202020202020202020202,104.41666666666666666666666667,-0.36632302405498281786941580,Other,,0,False,False
2059,14:10:08.000,14:10:08.000,14:10:08.000,0,23463.9000,23463.9000,23463.9000,23463.9000,12155,0.0000,,,,,Other,,0,False,False
2060,14:10:08.000,14:10:08.000,14:10:08.000,0,23463.7000,23463.7000,23463.7000,23463.7000,11505,-0.2000,,,,,Other,,0,False,False
2061,14:10:08.000,14:10:08.000,14:10:08.000,0,23463.7000,23463.7000,23463.7000,23463.7000,10855,0.0000,,,,,Other,,0,False,False
2062,14:10:09.000,14:10:09.000,14:10:09.000,0,23463.7000,23463.7000,23463.7000,23463.7000,10270,0.0000,118.1750,,104.3250,,Other,,0,False,False
2063,14:10:09.000,14:10:09.000,14:10:09.000,0,23463.7000,23463.7000,23463.7000,23463.7000,9620,0.0000,,,,,Other,,0,False,False
2064,14:10:11.000,14:10:11.000,14:10:11.000,0,23463.7000,23463.7000,23463.7000,23463.7000,8970,0.0000,118.2000,,104.2500,,Other,,0,False,False
2065,14:10:11.000,14:10:11.000,14:10:11.000,0,23463.7000,23463.7000,23463.7000,23463.7000,8320,0.0000,,,,,Other,,0,False,False
2066,14:10:12.000,14:10:12.000,14:10:12.000,0,23463.7000,23463.7000,23463.7000,23463.7000,7670,0.0000,117.9500,,104.5750,,Other,,0,False,False
2067,14:10:12.000,14:10:12.000,14:10:12.000,0,23463.7000,23463.7000,23463.7000,23463.7000,7020,0.0000,,,,,Other,,0,False,False
2068,14:10:13.000,14:10:13.000,14:10:13.000,0,23465.0000,23465.0000,23465.0000,23465.0000,6370,1.3000,117.9000,,104.6000,,Other,,0,False,False
2069,14:10:13.000,14:10:13.000,14:10:13.000,0,23465.0000,23465.0000,23465.0000,23465.0000,5720,0.0000,,,,,Other,,0,False,False
2070,14:10:14.000,14:10:14.000,14:10:14.000,0,23464.6000,23464.6000,23464.6000,23464.6000,5070,-0.4000,118.0750,,104.4500,,Other,,0,False,False
2071,14:10:14.000,14:10:14.000,14:10:14.000,0,23464.6000,23464.6000,23464.6000,23464.6000,4420,0.0000,,,,,Other,,0,False,False
2072,14:10:14.000,14:10:14.000,14:10:14.000,0,23464.6000,23464.6000,23464.6000,23464.6000,5005,0.0000,,,,,Other,,0,False,False
2073,14:10:14.000,14:10:14.000,14:10:14.000,0,23464.6000,23464.6000,23464.6000,23464.6000,4355,0.0000,,,,,Other,,0,False,False
2074,14:10:15.000,14:10:15.000,14:10:15.000,0,23464.8000,23464.8000,23464.8000,23464.8000,3705,0.2000,118.0000,,104.5500,,Other,,0,False,False
2075,14:10:15.000,14:10:15.000,14:10:15.000,0,23464.8000,23464.8000,23464.8000,23464.8000,3055,0.0000,,,,,Other,,0,False,False
2076,14:10:16.000,14:10:16.000,14:10:16.000,0,23464.9000,23464.9000,23464.9000,23464.9000,3250,0.1000,118.1750,,104.2750,,Other,,0,False,False
2077,14:10:16.000,14:10:16.000,14:10:16.000,0,23464.9000,23464.9000,23464.9000,23464.9000,2600,0.0000,,,,,Other,,0,False,False
2078,14:10:16.000,14:10:16.000,14:10:16.000,0,23465.0000,23465.0000,23465.0000,23465.0000,1950,0.1000,,,,,Other,,0,False,False
2079,14:10:16.000,14:10:16.000,14:10:16.000,0,23465.0000,23465.0000,23465.0000,23465.0000,1300,0.0000,,,,,Other,,0,False,False
2080,14:10:17.000,14:10:17.000,14:10:17.000,0,23466.0000,23466.0000,23466.0000,23466.0000,650,1.0000,119.0500,,103.8250,,Other,,0,False,False
2081,14:10:17.000,14:10:17.000,14:10:17.000,0,23466.0000,23466.0000,23466.0000,23466.0000,780,0.0000,,,,,Other,,0,False,False
2082,14:10:19.000,14:10:17.000,14:10:19.000,2,23466.0000,23466.0000,23459.7000,23459.7000,780,-6.3000,118.96666666666666666666666667,,103.9000,,Other,,0,False,False
2083,14:10:22.000,14:10:19.000,14:10:22.000,3,23459.7000,23459.7000,23459.6000,23459.6000,780,-0.1000,118.8250,-0.14166666666666666666666667,103.8100,-0.0900,Other,,0,False,False
2084,14:10:24.000,14:10:22.000,14:10:24.000,2,23459.6000,23460.1000,23459.6000,23460.1000,780,0.5000,119.03333333333333333333333333,0.20833333333333333333333333,103.3000,-0.5100,Other,,0,False,False
2085,14:10:27.000,14:10:24.000,14:10:27.000,3,23460.1000,23464.7000,23459.9000,23459.9000,1105,-0.2000,118.9200,-0.11333333333333333333333333,103.5100,0.2100,Other,,0,False,False
2086,14:10:29.000,14:10:27.000,14:10:29.000,2,23459.9000,23463.6000,23459.9000,23460.2000,650,0.3000,118.93333333333333333333333333,0.01333333333333333333333333,103.5000,-0.0100,Other,,0,False,False
2087,14:10:32.000,14:10:29.000,14:10:32.000,3,23460.2000,23460.2000,23460.2000,23460.2000,3380,0.0000,119.4500,0.51666666666666666666666667,102.7500,-0.7500,Other,,0,False,False
2088,14:10:32.000,14:10:32.000,14:10:32.000,0,23460.2000,23460.2000,23460.2000,23460.2000,2730,0.0000,,,,,Other,,0,False,False
2089,14:10:33.000,14:10:33.000,14:10:33.000,0,23462.5000,23462.5000,23462.5000,23462.5000,2080,2.3000,120.0000,,102.3500,,Other,,0,False,False
2090,14:10:33.000,14:10:33.000,14:10:33.000,0,23462.5000,23462.5000,23462.5000,23462.5000,1430,0.0000,,,,,Other,,0,False,False
2091,14:10:34.000,14:10:34.000,14:10:34.000,0,23465.5000,23465.5000,23465.5000,23465.5000,780,3.0000,119.8750,,102.4000,,Other,,0,False,False
2092,14:10:34.000,14:10:34.000,14:10:34.000,0,23465.5000,23465.5000,23465.5000,23465.5000,910,0.0000,,,,,Other,,0,False,False
2093,14:10:42.000,14:10:34.000,14:10:42.000,8,23465.5000,23467.2000,23461.4000,23461.4000,650,-4.1000,119.94230769230769230769230769,,102.70769230769230769230769231,,Other,,0,False,False
2094,14:10:46.000,14:10:42.000,14:10:46.000,4,23461.4000,23461.4000,23460.5000,23460.5000,1820,-0.9000,119.34166666666666666666666667,-0.60064102564102564102564102,103.25833333333333333333333333,0.55064102564102564102564102,Other,,0,False,False
2095,14:10:46.000,14:10:46.000,14:10:46.000,0,23460.5000,23460.5000,23460.5000,23460.5000,1170,0.0000,,,,,Other,,0,False,False
2096,14:10:49.000,14:10:46.000,14:10:49.000,3,23465.8000,23466.0000,23465.8000,23466.0000,650,5.5000,118.6200,,104.0000,,Other,,0,False,False
2097,14:10:59.000,14:10:49.000,14:10:59.000,10,23466.0000,23466.2000,23459.6000,23466.2000,650,0.2000,119.271875,0.651875,103.409375,-0.590625,Other,,0,False,False
2098,14:11:17.000,14:10:59.000,14:11:17.000,18,23466.2000,23467.5000,23464.9000,23467.5000,715,1.3000,121.40377358490566037735849057,2.13189858490566037735849057,101.28684210526315789473684211,-2.12253289473684210526315789,Other,,0,False,False
2099,14:11:19.000,14:11:17.000,14:11:19.000,2,23467.5000,23467.5000,23465.8000,23465.8000,715,-1.7000,121.43333333333333333333333333,0.02955974842767295597484276,101.51666666666666666666666667,0.22982456140350877192982456,Other,,0,False,False
2100,14:11:56.000,14:11:19.000,14:11:56.000,37,23465.8000,23468.0000,23465.8000,23466.9000,650,1.1000,121.54608695652173913043478261,0.11275362318840579710144928,101.31513761467889908256880734,-0.20152905198776758409785933,Other,,0,False,False
2101,14:12:12.000,14:11:56.000,14:12:12.000,16,23466.9000,23469.0000,23466.4000,23469.0000,650,2.1000,122.20102040816326530612244898,0.65493345164152617568766637,100.79130434782608695652173913,-0.52383326685281212604706821,Other,,0,False,False
2102,14:12:26.000,14:12:12.000,14:12:26.000,14,23469.0000,23469.9000,23465.6000,23469.0000,650,0.0000,122.43181818181818181818181818,0.23079777365491651205936920,100.66666666666666666666666667,-0.12463768115942028985507246,Other,,0,False,False
2103,14:12:39.000,14:12:26.000,14:12:39.000,13,23469.0000,23470.0000,23469.0000,23469.0000,845,0.0000,123.34358974358974358974358974,0.91177156177156177156177156,99.34358974358974358974358974,-1.32307692307692307692307693,Other,,0,False,False
2104,14:12:42.000,14:12:39.000,14:12:42.000,3,23469.0000,23471.0000,23469.0000,23471.0000,975,2.0000,123.9500,0.60641025641025641025641026,98.8600,-0.48358974358974358974358974,Other,,0,False,False
2105,14:12:47.000,14:12:42.000,14:12:47.000,5,23471.0000,23471.0000,23470.0000,23470.3000,650,-0.7000,123.43125,-0.51875,99.34375,0.48375,Other,,0,False,False
2106,14:12:59.000,14:12:47.000,14:12:59.000,12,23470.3000,23475.0000,23470.3000,23475.0000,845,4.7000,121.91666666666666666666666667,-1.51458333333333333333333333,100.75555555555555555555555556,1.41180555555555555555555556,A,A,1,False,False
2107,14:13:04.000,14:12:59.000,14:13:04.000,5,23475.0000,23475.0000,23465.4000,23475.0000,650,0.0000,121.80882352941176470588235294,-0.10784313725490196078431373,100.8500,0.09444444444444444444444444,Other,,0,False,False
2108,14:13:31.000,14:13:04.000,14:13:31.000,27,23475.0000,23475.0000,23467.3000,23470.0000,650,-5.0000,122.55862068965517241379310345,0.74979716024340770791075051,100.39156626506024096385542169,-0.45843373493975903614457831,B,B,1,False,False
2109,14:14:23.000,14:13:31.000,14:14:23.000,52,23470.0000,23470.0000,23467.5000,23467.5000,650,-2.5000,122.32018633540372670807453416,-0.23843435425144570571856929,100.6627329192546583850931677,0.27116665419441742123774601,Other,,0,False,False
2110,14:14:57.000,14:14:23.000,14:14:57.000,34,23467.5000,23469.2000,23466.5000,23469.0000,910,1.5000,122.43831775700934579439252336,0.11813142160561908631798920,100.81747572815533980582524272,0.15474280890068142073207502,Other,,0,False,False
2111,14:15:15.000,14:14:57.000,14:15:15.000,18,23469.0000,23470.0000,23467.5000,23470.0000,650,1.0000,122.33508771929824561403508772,-0.10323003771110018035743564,100.54122807017543859649122807,-0.27624765797990120933401465,Other,,0,False,False
2112,14:16:06.000,14:15:15.000,14:16:06.000,51,23470.0000,23470.0000,23465.6000,23466.0000,715,-4.0000,121.52266666666666666666666667,-0.81242105263157894736842105,101.26066666666666666666666667,0.71943859649122807017543860,Other,,0,False,False
2113,14:16:22.000,14:16:06.000,14:16:22.000,16,23466.0000,23467.3000,23465.0000,23465.0000,650,-1.0000,120.0840,-1.43866666666666666666666667,101.9840,0.72333333333333333333333333,Other,,0,False,False
2114,14:16:44.000,14:16:22.000,14:16:44.000,22,23465.0000,23467.0000,23465.0000,23465.0000,845,0.0000,120.21194029850746268656716418,0.12794029850746268656716418,101.93731343283582089552238806,-0.04668656716417910447761194,Other,,0,False,False
2115,14:16:58.000,14:16:44.000,14:16:58.000,14,23465.0000,23467.9000,23462.5000,23462.5000,715,-2.5000,120.28181818181818181818181818,0.06987788331071913161465400,101.89318181818181818181818182,-0.04413161465400271370420624,B,B,1,False,False
2116,14:17:13.000,14:16:58.000,14:17:13.000,15,23462.5000,23467.9000,23460.5000,23460.5000,780,-2.0000,119.1797872340425531914893617,-1.10203094777562862669245648,102.63297872340425531914893617,0.73979690522243713733075435,Other,,0,False,False
2117,14:17:35.000,14:17:13.000,14:17:35.000,22,23460.5000,23465.0000,23460.5000,23465.0000,1495,4.5000,119.56449275362318840579710145,0.38470551958063521430773975,102.48478260869565217391304348,-0.14819611470860314523589269,Other,,0,False,False
2118,14:17:35.000,14:17:35.000,14:17:35.000,0,23465.0000,23465.0000,23465.0000,23465.0000,845,0.0000,,,,,Other,,0,False,False
2119,14:17:38.000,14:17:36.000,14:17:38.000,2,23465.0000,23465.0000,23462.3000,23462.3000,910,-2.7000,120.0125,,102.3125,,Other,,0,False,False
2120,14:17:40.000,14:17:38.000,14:17:40.000,2,23462.3000,23462.7000,23462.3000,23462.3000,780,0.0000,120.0000,-0.0125,102.18333333333333333333333333,-0.12916666666666666666666667,Other,,0,False,False
2121,14:18:02.000,14:17:40.000,14:18:02.000,22,23462.3000,23467.0000,23462.3000,23467.0000,650,4.7000,119.36830985915492957746478873,-0.63169014084507042253521127,102.61267605633802816901408451,0.42934272300469483568075118,A,A,1,False,False
2122,14:18:23.000,14:18:02.000,14:18:23.000,21,23467.0000,23467.0000,23461.4000,23461.4000,650,-5.6000,119.6453125,0.27700264084507042253521127,102.35151515151515151515151515,-0.26116090482287665386256936,B,B,1,False,False
2123,14:18:46.000,14:18:23.000,14:18:46.000,23,23461.4000,23465.0000,23461.4000,23463.1000,650,1.7000,119.70684931506849315068493151,0.06153681506849315068493151,102.24047619047619047619047619,-0.11103896103896103896103896,Other,,0,False,False
2124,14:18:58.000,14:18:46.000,14:18:58.000,12,23463.1000,23465.0000,23463.0000,23465.0000,780,1.9000,120.68421052631578947368421053,0.97736121124729632299927902,101.64166666666666666666666667,-0.59880952380952380952380952,Other,,0,False,False
2125,14:19:25.000,14:18:58.000,14:19:25.000,27,23465.0000,23467.9000,23463.8000,23463.8000,1040,-1.2000,121.41623376623376623376623377,0.73202323991797676008202324,101.07911392405063291139240506,-0.56255274261603375527426161,B,B,1,False,False
2126,14:19:55.000,14:19:25.000,14:19:55.000,30,23463.8000,23467.0000,23462.2000,23462.2000,780,-1.6000,120.20604395604395604395604396,-1.21018981018981018981018981,102.07688172043010752688172043,0.99776779637947461548931537,Other,,0,False,False
2127,14:20:33.000,14:19:55.000,14:20:33.000,38,23462.2000,23462.3000,23459.0000,23459.0000,715,-3.2000,118.728125,-1.47791895604395604395604396,102.91733870967741935483870968,0.84045698924731182795698925,Other,,0,False,False
2128,14:20:51.000,14:20:33.000,14:20:51.000,18,23459.0000,23461.5000,23458.4000,23461.0000,715,2.0000,117.1125,-1.615625,104.23965517241379310344827586,1.32231646273637374860956618,A,A,1,False,False
2129,14:21:02.000,14:20:51.000,14:21:02.000,11,23461.0000,23461.0000,23459.5000,23461.0000,650,0.0000,117.17837837837837837837837838,0.06587837837837837837837838,104.07837837837837837837837838,-0.16127679403541472506989748,Other,,0,False,False
2130,14:21:18.000,14:21:02.000,14:21:18.000,16,23461.0000,23466.0000,23459.5000,23466.0000,650,5.0000,117.0660,-0.11237837837837837837837838,104.3940,0.31562162162162162162162162,A,A,1,False,False
2131,14:21:36.000,14:21:18.000,14:21:36.000,18,23466.0000,23467.9000,23460.5000,23465.3000,715,-0.7000,117.56181818181818181818181818,0.49581818181818181818181818,104.24912280701754385964912281,-0.14487719298245614035087719,B,B,1,False,False
2132,14:21:56.000,14:21:36.000,14:21:56.000,20,23465.3000,23465.3000,23459.4000,23459.4000,910,-5.9000,118.46774193548387096774193548,0.90592375366568914956011730,103.57258064516129032258064516,-0.67654216185625353706847765,B,B,2,False,True
2133,14:22:06.000,14:21:56.000,14:22:06.000,10,23459.4000,23460.1000,23459.4000,23460.1000,715,0.7000,118.72580645161290322580645161,0.25806451612903225806451613,103.33793103448275862068965517,-0.23464961067853170189098999,Other,,0,False,False
2134,14:22:36.000,14:22:06.000,14:22:36.000,30,23460.1000,23467.8000,23458.0000,23458.1000,650,-2.0000,118.48817204301075268817204301,-0.23763440860215053763440860,103.43461538461538461538461538,0.09668435013262599469496021,Other,,0,False,False
2135,14:22:38.000,14:22:36.000,14:22:38.000,2,23458.1000,23458.1000,23457.9000,23457.9000,845,-0.2000,117.66666666666666666666666667,-0.82150537634408602150537634,104.0500,0.61538461538461538461538462,Other,,0,False,False
2136,14:22:44.000,14:22:38.000,14:22:44.000,6,23457.9000,23467.5000,23457.9000,23467.5000,650,9.6000,117.77777777777777777777777778,0.11111111111111111111111111,103.89444444444444444444444444,-0.15555555555555555555555556,Other,,0,False,False
2137,14:23:12.000,14:22:44.000,14:23:12.000,28,23467.5000,23467.5000,23458.6000,23460.9000,715,-6.6000,118.51898734177215189873417722,0.74120956399437412095639944,103.31772151898734177215189873,-0.57672292545710267229254571,B,B,1,False,False
2138,14:23:38.000,14:23:12.000,14:23:38.000,26,23460.9000,23467.5000,23460.9000,23464.7000,715,3.8000,120.61358024691358024691358025,2.09459290514142834817940303,101.67142857142857142857142857,-1.64629294755877034358047016,Other,,0,False,False
2139,14:23:46.000,14:23:38.000,14:23:46.000,8,23464.7000,23466.9000,23464.7000,23465.2000,650,0.5000,121.74166666666666666666666667,1.12808641975308641975308642,100.95384615384615384615384615,-0.71758241758241758241758242,Other,,0,False,False
2140,14:23:54.000,14:23:46.000,14:23:54.000,8,23465.2000,23467.8000,23465.2000,23467.8000,650,2.6000,122.54583333333333333333333333,0.80416666666666666666666666,100.26666666666666666666666667,-0.68717948717948717948717948,Other,,0,False,False
2141,14:24:01.000,14:23:54.000,14:24:01.000,7,23467.8000,23469.0000,23466.9000,23469.0000,1040,1.2000,122.83095238095238095238095238,0.28511904761904761904761905,100.03095238095238095238095238,-0.23571428571428571428571429,Other,,0,False,False
2142,14:24:03.000,14:24:01.000,14:24:03.000,2,23469.0000,23469.0000,23468.0000,23468.0000,650,-1.0000,123.2250,0.39404761904761904761904762,99.51666666666666666666666667,-0.51428571428571428571428571,B,B,1,False,False
2143,14:24:19.000,14:24:03.000,14:24:19.000,16,23468.0000,23469.0000,23466.0000,23466.0000,715,-2.0000,122.4000,-0.8250,100.2160,0.69933333333333333333333333,Other,,0,False,False
2144,14:24:43.000,14:24:19.000,14:24:43.000,24,23466.0000,23469.9000,23466.0000,23469.9000,780,3.9000,121.87077922077922077922077922,-0.52922077922077922077922078,100.9760,0.7600,A,A,1,False,False
2145,14:24:46.000,14:24:43.000,14:24:46.000,3,23469.9000,23470.0000,23469.9000,23470.0000,715,0.1000,121.3800,-0.49077922077922077922077922,101.6600,0.6840,A,A,2,True,False
2146,14:25:37.000,14:24:46.000,14:25:37.000,51,23470.0000,23470.0000,23466.1000,23468.3000,650,-1.7000,121.5734375,0.1934375,101.35933333333333333333333333,-0.30066666666666666666666667,B,B,1,False,False
2147,14:25:55.000,14:25:37.000,14:25:55.000,18,23468.3000,23470.0000,23465.5000,23470.0000,1300,1.7000,120.42962962962962962962962963,-1.14380787037037037037037037,101.90357142857142857142857143,0.54423809523809523809523810,A,A,1,False,False
2148,14:25:55.000,14:25:55.000,14:25:55.000,0,23470.0000,23470.0000,23470.0000,23470.0000,650,0.0000,,,,,Other,,0,False,False
2149,14:26:12.000,14:25:56.000,14:26:12.000,16,23468.0000,23468.0000,23468.0000,23468.0000,650,-2.0000,120.64622641509433962264150943,,101.81272727272727272727272727,,Other,,0,False,False
2150,14:26:45.000,14:26:12.000,14:26:45.000,33,23468.0000,23468.6000,23463.0000,23467.0000,1040,-1.0000,121.18041237113402061855670103,0.53418595603968099591519160,101.63043478260869565217391304,-0.18229249011857707509881423,B,B,1,False,False
2151,14:26:48.000,14:26:45.000,14:26:48.000,3,23467.0000,23467.0000,23465.0000,23465.0000,1040,-2.0000,121.2600,0.07958762886597938144329897,101.7750,0.14456521739130434782608696,Other,,0,False,False
2152,14:27:02.000,14:26:48.000,14:27:02.000,14,23465.0000,23466.0000,23465.0000,23466.0000,1365,1.0000,121.22428571428571428571428571,-0.03571428571428571428571429,101.45116279069767441860465116,-0.32383720930232558139534884,Other,,0,False,False
2153,14:27:02.000,14:27:02.000,14:27:02.000,0,23466.0000,23466.0000,23466.0000,23466.0000,715,0.0000,,,,,Other,,0,False,False
2154,14:27:15.000,14:27:04.000,14:27:15.000,11,23466.0000,23468.0000,23466.0000,23468.0000,845,2.0000,122.41842105263157894736842105,,100.38333333333333333333333333,,Other,,0,False,False
2155,14:27:43.000,14:27:15.000,14:27:43.000,28,23468.0000,23469.2000,23468.0000,23469.2000,715,1.2000,123.46265822784810126582278481,1.04423717521652231845436376,99.78735632183908045977011494,-0.59597701149425287356321839,Other,,0,False,False
2156,14:27:49.000,14:27:43.000,14:27:49.000,6,23469.2000,23470.2000,23469.2000,23470.2000,1105,1.0000,124.0050,0.54234177215189873417721519,99.4850,-0.30235632183908045977011494,Other,,0,False,False
2157,14:28:00.000,14:27:49.000,14:28:00.000,11,23470.2000,23471.0000,23470.2000,23471.0000,650,0.8000,124.30161290322580645161290323,0.29661290322580645161290323,99.33285714285714285714285714,-0.15214285714285714285714286,Other,,0,False,False
2158,14:28:15.000,14:28:00.000,14:28:15.000,15,23471.0000,23473.8000,23469.0000,23469.0000,715,-2.0000,123.57916666666666666666666667,-0.72244623655913978494623656,99.84791666666666666666666667,0.51505952380952380952380953,Other,,0,False,False
2159,14:28:32.000,14:28:15.000,14:28:32.000,17,23469.0000,23475.0000,23468.2000,23469.3000,2145,0.3000,123.86929824561403508771929825,0.29013157894736842105263158,99.73909090909090909090909091,-0.10882575757575757575757576,Other,,0,False,False
2160,14:28:32.000,14:28:32.000,14:28:32.000,0,23469.3000,23469.3000,23469.3000,23469.3000,1495,0.0000,,,,,Other,,0,False,False
2161,14:28:33.000,14:28:33.000,14:28:33.000,0,23470.9000,23470.9000,23470.9000,23470.9000,845,1.6000,124.3500,,99.3000,,Other,,0,False,False
2162,14:28:47.000,14:28:33.000,14:28:47.000,14,23470.9000,23474.8000,23470.9000,23474.5000,1300,3.6000,124.84545454545454545454545455,0.49545454545454545454545455,98.91956521739130434782608696,-0.38043478260869565217391304,Other,,0,False,False
2163,14:28:47.000,14:28:47.000,14:28:47.000,0,23474.5000,23474.5000,23474.5000,23474.5000,650,0.0000,,,,,Other,,0,False,False
2164,14:28:52.000,14:28:47.000,14:28:52.000,5,23475.0000,23476.0000,23472.7000,23476.0000,21710,1.5000,99.10625,,120.7125,,Other,,0,False,False
2165,14:28:52.000,14:28:52.000,14:28:52.000,0,23476.0000,23476.0000,23476.0000,23476.0000,21060,0.0000,,,,,Other,,0,False,False
2166,14:28:53.000,14:28:53.000,14:28:53.000,0,23475.5000,23475.5000,23475.5000,23475.5000,20410,-0.5000,99.5250,,120.3000,,Other,,0,False,False
2167,14:28:53.000,14:28:53.000,14:28:53.000,0,23475.5000,23475.5000,23475.5000,23475.5000,19760,0.0000,,,,,Other,,0,False,False
2168,14:28:54.000,14:28:54.000,14:28:54.000,0,23475.5000,23475.5000,23475.5000,23475.5000,19175,0.0000,99.9750,,119.6500,,Other,,0,False,False
2169,14:28:54.000,14:28:54.000,14:28:54.000,0,23475.5000,23475.5000,23475.5000,23475.5000,18525,0.0000,,,,,Other,,0,False,False
2170,14:28:55.000,14:28:55.000,14:28:55.000,0,23476.7000,23476.7000,23476.7000,23476.7000,17875,1.2000,99.8000,,119.6500,,Other,,0,False,False
2171,14:28:55.000,14:28:55.000,14:28:55.000,0,23476.7000,23476.7000,23476.7000,23476.7000,17225,0.0000,,,,,Other,,0,False,False
2172,14:28:55.000,14:28:55.000,14:28:55.000,0,23476.7000,23476.7000,23476.7000,23476.7000,16705,0.0000,,,,,Other,,0,False,False
2173,14:28:55.000,14:28:55.000,14:28:55.000,0,23476.7000,23476.7000,23476.7000,23476.7000,16055,0.0000,,,,,Other,,0,False,False
2174,14:28:57.000,14:28:57.000,14:28:57.000,0,23477.8000,23477.8000,23477.8000,23477.8000,15405,1.1000,100.0250,,119.9750,,Other,,0,False,False
2175,14:28:57.000,14:28:57.000,14:28:57.000,0,23477.8000,23477.8000,23477.8000,23477.8000,14755,0.0000,,,,,Other,,0,False,False
2176,14:28:57.000,14:28:57.000,14:28:57.000,0,23477.8000,23477.8000,23477.8000,23477.8000,14170,0.0000,,,,,Other,,0,False,False
2177,14:28:57.000,14:28:57.000,14:28:57.000,0,23477.8000,23477.8000,23477.8000,23477.8000,13520,0.0000,,,,,Other,,0,False,False
2178,14:28:58.000,14:28:58.000,14:28:58.000,0,23475.5000,23475.5000,23475.5000,23475.5000,12870,-2.3000,99.8000,,120.3500,,Other,,0,False,False
2179,14:28:58.000,14:28:58.000,14:28:58.000,0,23475.5000,23475.5000,23475.5000,23475.5000,12220,0.0000,,,,,Other,,0,False,False
2180,14:28:59.000,14:28:59.000,14:28:59.000,0,23475.5000,23475.5000,23475.5000,23475.5000,11635,0.0000,99.6250,,120.5000,,Other,,0,False,False
2181,14:28:59.000,14:28:59.000,14:28:59.000,0,23475.5000,23475.5000,23475.5000,23475.5000,10985,0.0000,,,,,Other,,0,False,False
2182,14:29:00.000,14:29:00.000,14:29:00.000,0,23475.5000,23475.5000,23475.5000,23475.5000,10335,0.0000,99.3500,,120.7000,,Other,,0,False,False
2183,14:29:00.000,14:29:00.000,14:29:00.000,0,23475.5000,23475.5000,23475.5000,23475.5000,9750,0.0000,,,,,Other,,0,False,False
2184,14:29:00.000,14:29:00.000,14:29:00.000,0,23475.5000,23475.5000,23475.5000,23475.5000,9100,0.0000,,,,,Other,,0,False,False
2185,14:29:02.000,14:29:02.000,14:29:02.000,0,23477.6000,23477.6000,23477.6000,23477.6000,8450,2.1000,99.6000,,120.5250,,Other,,0,False,False
2186,14:29:02.000,14:29:02.000,14:29:02.000,0,23477.6000,23477.6000,23477.6000,23477.6000,7800,0.0000,,,,,Other,,0,False,False
2187,14:29:02.000,14:29:02.000,14:29:02.000,0,23477.6000,23477.6000,23477.6000,23477.6000,7280,0.0000,,,,,Other,,0,False,False
2188,14:29:02.000,14:29:02.000,14:29:02.000,0,23477.6000,23477.6000,23477.6000,23477.6000,6630,0.0000,,,,,Other,,0,False,False
2189,14:29:03.000,14:29:03.000,14:29:03.000,0,23473.7000,23473.7000,23473.7000,23473.7000,5980,-3.9000,126.6000,,97.6250,,Other,,0,False,False
2190,14:29:03.000,14:29:03.000,14:29:03.000,0,23473.7000,23473.7000,23473.7000,23473.7000,5330,0.0000,,,,,Other,,0,False,False
2191,14:29:03.000,14:29:03.000,14:29:03.000,0,23473.7000,23473.7000,23473.7000,23473.7000,4745,0.0000,,,,,Other,,0,False,False
2192,14:29:03.000,14:29:03.000,14:29:03.000,0,23473.7000,23473.7000,23473.7000,23473.7000,4095,0.0000,,,,,Other,,0,False,False
2193,14:29:04.000,14:29:04.000,14:29:04.000,0,23473.9000,23473.9000,23473.9000,23473.9000,3445,0.2000,126.8000,,97.6000,,Other,,0,False,False
2194,14:29:04.000,14:29:04.000,14:29:04.000,0,23473.9000,23473.9000,23473.9000,23473.9000,2795,0.0000,,,,,Other,,0,False,False
2195,14:29:05.000,14:29:05.000,14:29:05.000,0,23473.9000,23473.9000,23473.9000,23473.9000,2665,0.0000,125.5000,,98.4000,,Other,,0,False,False
2196,14:29:05.000,14:29:05.000,14:29:05.000,0,23473.9000,23473.9000,23473.9000,23473.9000,2015,0.0000,,,,,Other,,0,False,False
2197,14:29:06.000,14:29:06.000,14:29:06.000,0,23475.0000,23475.0000,23475.0000,23475.0000,1365,1.1000,125.1500,,98.9000,,Other,,0,False,False
2198,14:29:06.000,14:29:06.000,14:29:06.000,0,23475.0000,23475.0000,23475.0000,23475.0000,715,0.0000,,,,,Other,,0,False,False
2199,14:29:07.000,14:29:07.000,14:29:07.000,0,23475.8000,23475.8000,23475.8000,23475.8000,1365,0.8000,98.2000,,122.4500,,Other,,0,False,False
2200,14:29:07.000,14:29:07.000,14:29:07.000,0,23475.8000,23475.8000,23475.8000,23475.8000,715,0.0000,,,,,Other,,0,False,False
2201,14:29:13.000,14:29:08.000,14:29:13.000,5,23474.9000,23476.0000,23474.9000,23476.0000,650,0.2000,98.46111111111111111111111111,,122.10625,,Other,,0,False,False
2202,14:29:22.000,14:29:13.000,14:29:22.000,9,23476.0000,23479.0000,23476.0000,23479.0000,1040,3.0000,99.87142857142857142857142857,1.41031746031746031746031746,120.41666666666666666666666667,-1.68958333333333333333333333,Other,,0,False,False
2203,14:29:28.000,14:29:22.000,14:29:28.000,6,23479.0000,23479.3000,23479.0000,23479.3000,650,0.3000,101.30555555555555555555555556,1.43412698412698412698412699,119.0500,-1.36666666666666666666666667,Other,,0,False,False
2204,14:29:33.000,14:29:28.000,14:29:33.000,5,23479.3000,23479.3000,23479.0000,23479.0000,910,-0.3000,101.85263157894736842105263158,0.54707602339181286549707602,118.38529411764705882352941176,-0.66470588235294117647058824,B,B,1,False,False
2205,14:29:35.000,14:29:33.000,14:29:35.000,2,23479.0000,23479.0000,23478.3000,23478.3000,910,-0.7000,102.0500,0.19736842105263157894736842,117.9750,-0.41029411764705882352941176,B,B,2,False,True
2206,14:29:37.000,14:29:35.000,14:29:37.000,2,23478.3000,23479.5000,23478.3000,23479.2000,975,0.9000,101.86666666666666666666666667,-0.18333333333333333333333333,118.4000,0.4250,A,A,1,False,False
2207,14:29:38.000,14:29:37.000,14:29:38.000,1,23479.2000,23479.2000,23478.3000,23478.3000,975,-0.9000,102.1250,0.25833333333333333333333333,118.2750,-0.1250,B,B,1,False,False
2208,14:29:40.000,14:29:38.000,14:29:40.000,2,23478.3000,23479.0000,23478.3000,23478.9000,6175,0.6000,102.21666666666666666666666667,0.09166666666666666666666667,118.0500,-0.2250,Other,,0,False,False
2209,14:29:40.000,14:29:40.000,14:29:40.000,0,23478.9000,23478.9000,23478.9000,23478.9000,5525,0.0000,,,,,Other,,0,False,False
2210,14:29:41.000,14:29:41.000,14:29:41.000,0,23481.0000,23481.0000,23481.0000,23481.0000,4875,2.1000,103.4000,,117.0500,,Other,,0,False,False
2211,14:29:41.000,14:29:41.000,14:29:41.000,0,23481.0000,23481.0000,23481.0000,23481.0000,4225,0.0000,,,,,Other,,0,False,False
2212,14:29:42.000,14:29:42.000,14:29:42.000,0,23481.5000,23481.5000,23481.5000,23481.5000,10790,0.5000,103.9000,,116.8250,,Other,,0,False,False
2213,14:29:42.000,14:29:42.000,14:29:42.000,0,23481.5000,23481.5000,23481.5000,23481.5000,10140,0.0000,,,,,Other,,0,False,False
2214,14:29:43.000,14:29:43.000,14:29:43.000,0,23481.7000,23481.7000,23481.7000,23481.7000,9490,0.2000,103.2750,,117.1500,,Other,,0,False,False
2215,14:29:43.000,14:29:43.000,14:29:43.000,0,23481.7000,23481.7000,23481.7000,23481.7000,8840,0.0000,,,,,Other,,0,False,False
2216,14:29:43.000,14:29:43.000,14:29:43.000,0,23481.7000,23481.7000,23481.7000,23481.7000,10530,0.0000,,,,,Other,,0,False,False
2217,14:29:43.000,14:29:43.000,14:29:43.000,0,23481.7000,23481.7000,23481.7000,23481.7000,9880,0.0000,,,,,Other,,0,False,False
2218,14:29:44.000,14:29:44.000,14:29:44.000,0,23484.0000,23484.0000,23484.0000,23484.0000,9230,2.3000,102.9500,,117.8000,,Other,,0,False,False
2219,14:29:44.000,14:29:44.000,14:29:44.000,0,23484.0000,23484.0000,23484.0000,23484.0000,8580,0.0000,,,,,Other,,0,False,False
2220,14:29:45.000,14:29:45.000,14:29:45.000,0,23479.8000,23479.8000,23479.8000,23479.8000,7930,-4.2000,103.4750,,117.8750,,Other,,0,False,False
2221,14:29:45.000,14:29:45.000,14:29:45.000,0,23479.8000,23479.8000,23479.8000,23479.8000,7280,0.0000,,,,,Other,,0,False,False
2222,14:29:45.000,14:29:45.000,14:29:45.000,0,23479.8000,23479.8000,23479.8000,23479.8000,6890,0.0000,,,,,Other,,0,False,False
2223,14:29:45.000,14:29:45.000,14:29:45.000,0,23479.8000,23479.8000,23479.8000,23479.8000,6240,0.0000,,,,,Other,,0,False,False
2224,14:29:46.000,14:29:46.000,14:29:46.000,0,23484.0000,23484.0000,23484.0000,23484.0000,5590,4.2000,102.6000,,118.1500,,Other,,0,False,False
2225,14:29:46.000,14:29:46.000,14:29:46.000,0,23484.0000,23484.0000,23484.0000,23484.0000,4940,0.0000,,,,,Other,,0,False,False
2226,14:29:47.000,14:29:47.000,14:29:47.000,0,23484.0000,23484.0000,23484.0000,23484.0000,4355,0.0000,102.3500,,118.4750,,Other,,0,False,False
2227,14:29:47.000,14:29:47.000,14:29:47.000,0,23484.0000,23484.0000,23484.0000,23484.0000,3705,0.0000,,,,,Other,,0,False,False
2228,14:29:47.000,14:29:47.000,14:29:47.000,0,23481.7000,23481.7000,23481.7000,23481.7000,3055,-2.3000,,,,,Other,,0,False,False
2229,14:29:47.000,14:29:47.000,14:29:47.000,0,23481.7000,23481.7000,23481.7000,23481.7000,2405,0.0000,,,,,Other,,0,False,False
2230,14:29:48.000,14:29:48.000,14:29:48.000,0,23479.0000,23479.0000,23479.0000,23479.0000,1755,-2.7000,102.4500,,118.4250,,Other,,0,False,False
2231,14:29:48.000,14:29:48.000,14:29:48.000,0,23479.0000,23479.0000,23479.0000,23479.0000,1105,0.0000,,,,,Other,,0,False,False
2232,14:29:48.000,14:29:48.000,14:29:48.000,0,23479.0000,23479.0000,23479.0000,23479.0000,780,0.0000,,,,,Other,,0,False,False
2233,14:29:50.000,14:29:48.000,14:29:50.000,2,23479.0000,23479.9000,23479.0000,23479.9000,1235,0.9000,102.56666666666666666666666667,,118.23333333333333333333333333,,Other,,0,False,False
2234,14:29:52.000,14:29:50.000,14:29:52.000,2,23479.9000,23484.0000,23479.1000,23484.0000,1300,4.1000,102.81666666666666666666666667,0.25000000000000000000000000,117.9750,-0.25833333333333333333333333,Other,,0,False,False
2235,14:29:52.000,14:29:52.000,14:29:52.000,0,23484.0000,23484.0000,23484.0000,23484.0000,650,0.0000,,,,,Other,,0,False,False
2236,14:29:55.000,14:29:53.000,14:29:55.000,2,23484.0000,23484.0000,23478.5000,23478.5000,845,-5.5000,102.2500,,118.3400,,Other,,0,False,False
2237,14:29:57.000,14:29:55.000,14:29:57.000,2,23478.5000,23478.5000,23477.0000,23477.0000,910,-1.5000,101.5500,-0.7000,118.7750,0.4350,Other,,0,False,False
2238,14:30:02.000,14:29:57.000,14:30:02.000,5,23477.0000,23481.2000,23477.0000,23478.0000,650,1.0000,101.11176470588235294117647059,-0.43823529411764705882352941,118.89705882352941176470588235,0.12205882352941176470588235,A,A,1,False,False
2239,14:30:12.000,14:30:02.000,14:30:12.000,10,23478.0000,23484.0000,23476.6000,23477.6000,650,-0.4000,101.246875,0.13511029411764705882352941,118.74642857142857142857142857,-0.15063025210084033613445378,B,B,1,False,False
2240,14:30:20.000,14:30:12.000,14:30:20.000,8,23477.6000,23483.0000,23477.6000,23483.0000,715,5.4000,101.1000,-0.146875,119.00833333333333333333333333,0.26190476190476190476190476,A,A,1,False,False
2241,14:30:40.000,14:30:20.000,14:30:40.000,20,23483.0000,23484.0000,23479.1000,23480.0000,650,-3.0000,101.54761904761904761904761905,0.44761904761904761904761905,118.98157894736842105263157895,-0.02675438596491228070175438,B,B,1,False,False
2242,14:30:53.000,14:30:40.000,14:30:53.000,13,23480.0000,23481.4000,23477.7000,23480.0000,650,0.0000,101.3675,-0.18011904761904761904761905,119.0150,0.03342105263157894736842105,Other,,0,False,False
2243,14:31:23.000,14:30:53.000,14:31:23.000,30,23480.0000,23480.0000,23476.6000,23476.6000,650,-3.4000,101.09408602150537634408602151,-0.27341397849462365591397849,119.52362637362637362637362637,0.50862637362637362637362637,Other,,0,False,False
2244,14:31:36.000,14:31:23.000,14:31:36.000,13,23476.6000,23478.0000,23474.0000,23477.0000,975,0.4000,99.31410256410256410256410256,-1.77998345740281224152191895,121.31627906976744186046511628,1.79265269614106823409148991,A,A,1,False,False
2245,14:31:45.000,14:31:36.000,14:31:45.000,9,23477.0000,23477.0000,23474.0000,23474.0000,845,-3.0000,126.58461538461538461538461538,,98.19583333333333333333333333,,Other,,0,False,False
2246,14:32:00.000,14:31:45.000,14:32:00.000,15,23474.0000,23475.0000,23472.6000,23472.6000,1105,-1.4000,126.63023255813953488372093023,0.04561717352415026833631485,98.25816326530612244897959184,0.06232993197278911564625851,Other,,0,False,False
2247,14:32:06.000,14:32:00.000,14:32:06.000,6,23472.6000,23475.0000,23472.6000,23475.0000,650,2.4000,126.2150,-0.41523255813953488372093023,98.4350,0.17683673469387755102040816,A,A,1,False,False
2248,14:32:16.000,14:32:06.000,14:32:16.000,10,23475.0000,23475.0000,23471.8000,23471.8000,780,-3.2000,125.2250,-0.9900,98.96071428571428571428571429,0.52571428571428571428571429,Other,,0,False,False
2249,14:32:29.000,14:32:16.000,14:32:29.000,13,23471.8000,23475.0000,23470.3000,23471.2000,780,-0.6000,124.93571428571428571428571429,-0.28928571428571428571428571,99.16428571428571428571428571,0.20357142857142857142857142,Other,,0,False,False
2250,14:32:39.000,14:32:29.000,14:32:39.000,10,23471.2000,23477.0000,23471.2000,23477.0000,1755,5.8000,97.90909090909090909090909091,,122.29516129032258064516129032,,Other,,0,False,False
2251,14:32:39.000,14:32:39.000,14:32:39.000,0,23477.0000,23477.0000,23477.0000,23477.0000,1105,0.0000,,,,,Other,,0,False,False
2252,14:32:51.000,14:32:41.000,14:32:51.000,10,23477.0000,23477.2000,23469.7000,23469.7000,910,-7.3000,124.2250,,99.45294117647058823529411765,,Other,,0,False,False
2253,14:32:56.000,14:32:51.000,14:32:56.000,5,23469.7000,23478.9000,23468.9000,23478.9000,715,9.2000,97.1625,,122.81428571428571428571428571,,Other,,0,False,False
2254,14:33:12.000,14:32:56.000,14:33:12.000,16,23478.9000,23478.9000,23469.4000,23471.5000,845,-7.4000,123.4948979591836734693877551,,99.59803921568627450980392157,,Other,,0,False,False
2255,14:33:30.000,14:33:12.000,14:33:30.000,18,23471.5000,23478.0000,23468.0000,23468.0000,650,-3.5000,122.40363636363636363636363636,-1.09126159554730983302411874,100.15263157894736842105263158,0.55459236326109391124871001,Other,,0,False,False
2256,14:33:47.000,14:33:30.000,14:33:47.000,17,23468.0000,23468.0000,23463.9000,23463.9000,780,-4.1000,120.97222222222222222222222222,-1.43141414141414141414141414,101.09038461538461538461538462,0.93775303643724696356275304,Other,,0,False,False
2257,14:34:38.000,14:33:47.000,14:34:38.000,51,23463.9000,23468.4000,23463.0000,23463.0000,650,-0.9000,119.28256578947368421052631579,-1.68965643274853801169590643,102.46966666666666666666666667,1.37928205128205128205128205,Other,,0,False,False
2258,14:35:00.000,14:34:38.000,14:35:00.000,22,23463.0000,23468.3000,23460.0000,23468.3000,650,5.3000,117.10140845070422535211267606,-2.18115733876945885841363973,104.20652173913043478260869565,1.73685507246376811594202898,A,A,1,False,False
2259,14:35:16.000,14:35:00.000,14:35:16.000,16,23468.3000,23468.3000,23458.0000,23458.0000,650,-10.3000,115.11458333333333333333333333,-1.98682511737089201877934273,105.90208333333333333333333333,1.69556159420289855072463768,Other,,0,False,False
2260,14:35:54.000,14:35:16.000,14:35:54.000,38,23458.0000,23461.5000,23453.9000,23453.9000,650,-4.1000,113.5579831932773109243697479,-1.55660014005602240896358543,107.21178861788617886178861789,1.30970528455284552845528456,Other,,0,False,False
2261,14:35:59.000,14:35:54.000,14:35:59.000,5,23453.9000,23454.9000,23450.0000,23450.0000,715,-3.9000,112.4875,-1.0704831932773109243697479,108.1625,0.95071138211382113821138211,Other,,0,False,False
2262,14:36:30.000,14:35:59.000,14:36:30.000,31,23450.0000,23460.0000,23450.0000,23459.5000,650,9.5000,113.15106382978723404255319149,0.66356382978723404255319149,107.7640,-0.3985,Other,,0,False,False
2263,14:36:55.000,14:36:30.000,14:36:55.000,25,23459.5000,23459.5000,23450.0000,23457.0000,650,-2.5000,113.03243243243243243243243243,-0.11863139735480161012075906,107.51794871794871794871794872,-0.24605128205128205128205128,Other,,0,False,False
2264,14:37:15.000,14:36:55.000,14:37:15.000,20,23457.0000,23458.5000,23451.3000,23456.2000,975,-0.8000,113.5330508474576271186440678,0.50061841502519468621163537,106.80409836065573770491803279,-0.71385035729298024379991593,B,B,1,False,False
2265,14:37:28.000,14:37:15.000,14:37:28.000,13,23456.2000,23456.2000,23449.0000,23449.0000,780,-7.2000,111.96111111111111111111111111,-1.57193973634651600753295669,107.97631578947368421052631579,1.17221742881794650560828300,Other,,0,False,False
2266,14:37:33.000,14:37:28.000,14:37:33.000,5,23449.0000,23458.5000,23449.0000,23458.5000,910,9.5000,111.79705882352941176470588235,-0.16405228758169934640522876,108.1600,0.18368421052631578947368421,A,A,1,False,False
2267,14:37:45.000,14:37:33.000,14:37:45.000,12,23458.5000,23458.5000,23454.3000,23455.3000,1170,-3.2000,111.4300,-0.36705882352941176470588235,108.44117647058823529411764706,0.28117647058823529411764706,Other,,0,False,False
2268,14:37:50.000,14:37:45.000,14:37:50.000,5,23455.3000,23458.5000,23454.3000,23458.5000,1040,3.2000,111.87142857142857142857142857,0.44142857142857142857142857,107.95714285714285714285714286,-0.48403361344537815126050420,Other,,0,False,False
2269,14:37:56.000,14:37:50.000,14:37:56.000,6,23458.5000,23458.5000,23452.1000,23454.0000,715,-4.5000,112.6200,0.74857142857142857142857143,107.5250,-0.43214285714285714285714286,B,B,1,False,False
2270,14:38:13.000,14:37:56.000,14:38:13.000,17,23454.0000,23458.5000,23453.3000,23458.0000,650,4.0000,114.39716981132075471698113208,1.77716981132075471698113208,106.07090909090909090909090909,-1.45409090909090909090909091,Other,,0,False,False
2271,14:38:43.000,14:38:13.000,14:38:43.000,30,23458.0000,23459.0000,23451.1000,23458.0000,650,0.0000,112.85806451612903225806451613,-1.53910529519172245891661595,107.19086021505376344086021505,1.11995112414467253176930596,Other,,0,False,False
2272,14:38:46.000,14:38:43.000,14:38:46.000,3,23458.0000,23458.0000,23451.6000,23457.6000,650,-0.4000,113.0400,0.18193548387096774193548387,106.9800,-0.21086021505376344086021505,B,B,1,False,False
2273,14:38:53.000,14:38:46.000,14:38:53.000,7,23457.6000,23460.0000,23451.6000,23457.9000,845,0.3000,113.56818181818181818181818182,0.52818181818181818181818182,106.71818181818181818181818182,-0.26181818181818181818181818,Other,,0,False,False
2274,14:38:56.000,14:38:53.000,14:38:56.000,3,23457.9000,23460.0000,23457.5000,23457.6000,845,-0.3000,113.5700,0.00181818181818181818181818,106.8800,0.16181818181818181818181818,Other,,0,False,False
2275,14:39:11.000,14:38:56.000,14:39:11.000,15,23457.6000,23460.0000,23452.0000,23459.0000,715,1.4000,113.8127450980392156862745098,0.2427450980392156862745098,106.53877551020408163265306122,-0.34122448979591836734693878,Other,,0,False,False
2276,14:39:22.000,14:39:11.000,14:39:22.000,11,23459.0000,23459.0000,23452.4000,23459.0000,715,0.0000,113.7250,-0.0877450980392156862745098,106.53611111111111111111111111,-0.00266439909297052154195011,Other,,0,False,False
2277,14:39:45.000,14:39:22.000,14:39:45.000,23,23459.0000,23459.0000,23451.5000,23457.0000,715,-2.0000,112.6079710144927536231884058,-1.1170289855072463768115942,107.55821917808219178082191781,1.02210806697108066971080670,Other,,0,False,False
2278,14:40:14.000,14:39:45.000,14:40:14.000,29,23457.0000,23457.0000,23451.4000,23457.0000,650,0.0000,112.52947368421052631578947368,-0.07849733028222730739893212,107.50919540229885057471264368,-0.04902377578334120610927413,Other,,0,False,False
2279,14:40:27.000,14:40:14.000,14:40:27.000,13,23457.0000,23457.0000,23450.0000,23450.0000,910,-7.0000,110.5400,-1.98947368421052631578947368,109.39047619047619047619047619,1.88128078817733990147783251,Other,,0,False,False
2280,14:40:48.000,14:40:27.000,14:40:48.000,21,23450.0000,23455.0000,23448.0000,23450.4000,780,0.4000,109.72719298245614035087719298,-0.81280701754385964912280702,110.25384615384615384615384615,0.86336996336996336996336996,A,A,1,False,False
2281,14:40:54.000,14:40:48.000,14:40:54.000,6,23450.4000,23451.0000,23448.4000,23451.0000,715,0.6000,110.5400,0.81280701754385964912280702,109.6250,-0.62884615384615384615384615,Other,,0,False,False
2282,14:41:02.000,14:40:54.000,14:41:02.000,8,23451.0000,23455.0000,23448.0000,23448.0000,650,-3.0000,110.16086956521739130434782609,-0.37913043478260869565217391,110.0880,0.4630,Other,,0,False,False
2283,14:41:09.000,14:41:02.000,14:41:09.000,7,23448.0000,23455.0000,23448.0000,23449.5000,1105,1.5000,109.3550,-0.80586956521739130434782609,110.77222222222222222222222222,0.68422222222222222222222222,A,A,1,False,False
2284,14:41:12.000,14:41:09.000,14:41:12.000,3,23449.5000,23449.5000,23449.3000,23449.4000,650,-0.1000,109.4375,0.0825,110.8400,0.06777777777777777777777778,Other,,0,False,False
2285,14:41:17.000,14:41:12.000,14:41:17.000,5,23449.4000,23450.0000,23449.3000,23450.0000,650,0.6000,109.9500,0.5125,110.3875,-0.4525,Other,,0,False,False
2286,14:41:26.000,14:41:17.000,14:41:26.000,9,23450.0000,23455.0000,23449.1000,23455.0000,1105,5.0000,109.84666666666666666666666667,-0.10333333333333333333333333,110.3100,-0.0775,Other,,0,False,False
2287,14:41:43.000,14:41:26.000,14:41:43.000,17,23455.0000,23455.0000,23448.8000,23455.0000,975,0.0000,109.91090909090909090909090909,0.06424242424242424242424242,110.32346938775510204081632653,0.01346938775510204081632653,Other,,0,False,False
2288,14:41:50.000,14:41:43.000,14:41:50.000,7,23455.0000,23455.8000,23450.0000,23455.6000,975,0.6000,110.03333333333333333333333333,0.12242424242424242424242424,110.2375,-0.08596938775510204081632653,Other,,0,False,False
2289,14:41:54.000,14:41:50.000,14:41:54.000,4,23455.6000,23457.1000,23450.6000,23457.1000,650,1.5000,109.91666666666666666666666667,-0.11666666666666666666666666,110.18333333333333333333333333,-0.05416666666666666666666667,Other,,0,False,False
2290,14:42:01.000,14:41:54.000,14:42:01.000,7,23457.1000,23457.1000,23450.8000,23451.6000,650,-5.5000,110.0880,0.17133333333333333333333333,110.0020,-0.18133333333333333333333333,B,B,1,False,False
2291,14:42:10.000,14:42:01.000,14:42:10.000,9,23451.6000,23451.6000,23450.8000,23451.0000,650,-0.6000,110.07333333333333333333333333,-0.01466666666666666666666667,110.05384615384615384615384615,0.05184615384615384615384615,Other,,0,False,False
2292,14:42:11.000,14:42:10.000,14:42:11.000,1,23451.0000,23456.6000,23450.8000,23456.6000,780,5.6000,110.0500,-0.02333333333333333333333333,110.2750,0.22115384615384615384615385,A,A,1,False,False
2293,14:42:20.000,14:42:11.000,14:42:20.000,9,23456.6000,23456.6000,23448.8000,23449.4000,780,-7.2000,109.40714285714285714285714286,-0.64285714285714285714285714,110.62857142857142857142857143,0.35357142857142857142857143,Other,,0,False,False
2294,14:42:25.000,14:42:20.000,14:42:25.000,5,23449.4000,23455.9000,23449.4000,23455.9000,780,6.5000,109.5125,0.10535714285714285714285714,110.7500,0.12142857142857142857142857,Other,,0,False,False
2295,14:42:28.000,14:42:25.000,14:42:28.000,3,23455.9000,23456.6000,23450.6000,23450.9000,650,-5.0000,110.1600,0.6475,110.2125,-0.5375,B,B,1,False,False
2296,14:42:38.000,14:42:28.000,14:42:38.000,10,23450.9000,23455.9000,23450.9000,23453.2000,845,2.3000,110.68870967741935483870967742,0.52870967741935483870967742,109.60757575757575757575757576,-0.60492424242424242424242424,Other,,0,False,False
2297,14:42:41.000,14:42:38.000,14:42:41.000,3,23453.2000,23455.0000,23452.5000,23455.0000,650,1.8000,110.9400,0.25129032258064516129032258,109.3200,-0.28757575757575757575757576,Other,,0,False,False
2298,14:42:46.000,14:42:41.000,14:42:46.000,5,23455.0000,23455.9000,23452.4000,23452.7000,845,-2.3000,110.65625,-0.28375,109.58125,0.26125,Other,,0,False,False
2299,14:42:47.000,14:42:46.000,14:42:47.000,1,23452.7000,23454.0000,23445.3000,23454.0000,2210,1.3000,110.4750,-0.18125,109.5000,-0.08125,Other,,0,False,False
2300,14:42:47.000,14:42:47.000,14:42:47.000,0,23454.0000,23454.0000,23454.0000,23454.0000,1560,0.0000,,,,,Other,,0,False,False
2301,14:42:49.000,14:42:49.000,14:42:49.000,0,23454.0000,23454.0000,23454.0000,23454.0000,910,0.0000,110.5500,,109.3500,,Other,,0,False,False
2302,14:42:53.000,14:42:49.000,14:42:53.000,4,23454.0000,23454.0000,23446.0000,23446.0000,780,-8.0000,110.64285714285714285714285714,0.09285714285714285714285714,109.45714285714285714285714286,0.10714285714285714285714286,Other,,0,False,False
2303,14:42:56.000,14:42:53.000,14:42:56.000,3,23446.0000,23452.1000,23446.0000,23449.3000,780,3.3000,110.0700,-0.57285714285714285714285714,109.7800,0.32285714285714285714285714,A,A,1,False,False
2304,14:43:01.000,14:42:56.000,14:43:01.000,5,23449.3000,23453.0000,23449.3000,23449.7000,910,0.4000,109.42666666666666666666666667,-0.64333333333333333333333333,110.3800,0.6000,A,A,2,True,False
2305,14:43:09.000,14:43:01.000,14:43:09.000,8,23449.7000,23449.7000,23447.6000,23447.7000,650,-2.0000,108.20833333333333333333333333,-1.21833333333333333333333334,111.4375,1.0575,Other,,0,False,False
2306,14:43:18.000,14:43:09.000,14:43:18.000,9,23447.7000,23449.7000,23446.4000,23448.0000,715,0.3000,107.40333333333333333333333333,-0.80500000000000000000000000,112.45333333333333333333333333,1.01583333333333333333333333,A,A,1,False,False
2307,14:43:23.000,14:43:18.000,14:43:23.000,5,23448.0000,23450.0000,23446.7000,23446.7000,780,-1.3000,108.0375,0.63416666666666666666666667,112.1250,-0.32833333333333333333333333,B,B,1,False,False
2308,14:43:35.000,14:43:23.000,14:43:35.000,12,23446.7000,23450.0000,23446.4000,23446.4000,650,-0.3000,107.57307692307692307692307692,-0.46442307692307692307692308,112.33292682926829268292682927,0.20792682926829268292682927,Other,,0,False,False
2309,14:43:49.000,14:43:35.000,14:43:49.000,14,23446.4000,23451.5000,23446.0000,23446.8000,650,0.4000,107.66666666666666666666666667,0.09358974358974358974358975,112.0500,-0.28292682926829268292682927,Other,,0,False,False
2310,14:44:00.000,14:43:49.000,14:44:00.000,11,23446.8000,23448.0000,23446.0000,23446.9000,910,0.1000,107.67096774193548387096774194,0.00430107526881720430107527,111.93888888888888888888888889,-0.11111111111111111111111111,Other,,0,False,False
2311,14:44:18.000,14:44:00.000,14:44:18.000,18,23446.9000,23446.9000,23445.7000,23445.7000,1560,-1.2000,106.89423076923076923076923077,-0.77673697270471464019851117,112.13928571428571428571428571,0.20039682539682539682539682,Other,,0,False,False
2312,14:44:18.000,14:44:18.000,14:44:18.000,0,23445.7000,23445.7000,23445.7000,23445.7000,910,0.0000,,,,,Other,,0,False,False
2313,14:44:20.000,14:44:19.000,14:44:20.000,1,23445.4000,23450.0000,23445.4000,23450.0000,845,4.3000,106.21666666666666666666666667,,112.7750,,Other,,0,False,False
2314,14:44:27.000,14:44:20.000,14:44:27.000,7,23450.0000,23450.0000,23445.2000,23445.9000,910,-4.1000,106.1600,-0.05666666666666666666666667,112.61818181818181818181818182,-0.15681818181818181818181818,Other,,0,False,False
2315,14:44:30.000,14:44:27.000,14:44:30.000,3,23445.9000,23445.9000,23445.2000,23445.2000,650,-0.7000,106.41666666666666666666666667,0.25666666666666666666666667,112.38636363636363636363636364,-0.23181818181818181818181818,B,B,1,False,False
2316,14:44:41.000,14:44:30.000,14:44:41.000,11,23445.2000,23445.5000,23445.0000,23445.0000,845,-0.2000,106.096875,-0.31979166666666666666666667,112.61764705882352941176470588,0.23128342245989304812834224,Other,,0,False,False
2317,14:44:49.000,14:44:41.000,14:44:49.000,8,23445.0000,23451.1000,23443.2000,23451.1000,910,6.1000,105.71923076923076923076923077,-0.37764423076923076923076923,112.88076923076923076923076923,0.26312217194570135746606335,A,A,1,False,False
2318,14:44:54.000,14:44:49.000,14:44:54.000,5,23451.1000,23451.1000,23444.9000,23446.6000,780,-4.5000,107.3375,1.61826923076923076923076923,111.74375,-1.13701923076923076923076923,B,B,1,False,False
2319,14:44:58.000,14:44:54.000,14:44:58.000,4,23446.6000,23451.2000,23446.5000,23446.5000,780,-0.1000,107.5000,0.1625,111.6750,-0.06875,B,B,2,False,True
2320,14:44:59.000,14:44:58.000,14:44:59.000,1,23446.5000,23451.5000,23446.5000,23451.2000,910,4.7000,107.1250,-0.3750,112.0000,0.3250,A,A,1,False,False
2321,14:45:06.000,14:44:59.000,14:45:06.000,7,23451.2000,23451.2000,23444.6000,23445.2000,1495,-6.0000,106.59761904761904761904761905,-0.52738095238095238095238095,112.38095238095238095238095238,0.38095238095238095238095238,Other,,0,False,False
2322,14:45:06.000,14:45:06.000,14:45:06.000,0,23445.2000,23445.2000,23445.2000,23445.2000,845,0.0000,,,,,Other,,0,False,False
2323,14:45:12.000,14:45:07.000,14:45:12.000,5,23445.2000,23450.5000,23444.3000,23450.1000,910,4.9000,105.93888888888888888888888889,,113.06111111111111111111111111,,Other,,0,False,False
2324,14:45:14.000,14:45:12.000,14:45:14.000,2,23450.1000,23450.1000,23443.9000,23443.9000,780,-6.2000,106.18333333333333333333333333,0.24444444444444444444444444,112.91666666666666666666666667,-0.14444444444444444444444444,B,B,1,False,False
2325,14:45:22.000,14:45:14.000,14:45:22.000,8,23443.9000,23451.8000,23443.9000,23446.9000,845,3.0000,107.06923076923076923076923077,0.88589743589743589743589744,112.03333333333333333333333333,-0.88333333333333333333333334,Other,,0,False,False
2326,14:45:26.000,14:45:22.000,14:45:26.000,4,23446.9000,23451.9000,23446.7000,23451.9000,845,5.0000,107.3750,0.30576923076923076923076923,111.45833333333333333333333333,-0.57500000000000000000000000,Other,,0,False,False
2327,14:45:29.000,14:45:26.000,14:45:29.000,3,23451.9000,23453.4000,23447.2000,23453.4000,650,1.5000,107.4500,0.0750,111.1300,-0.32833333333333333333333333,Other,,0,False,False
2328,14:45:34.000,14:45:29.000,14:45:34.000,5,23453.4000,23454.7000,23447.8000,23448.4000,845,-5.0000,107.93333333333333333333333333,0.48333333333333333333333333,110.57941176470588235294117647,-0.55058823529411764705882353,B,B,1,False,False
2329,14:45:39.000,14:45:34.000,14:45:39.000,5,23448.4000,23455.0000,23448.4000,23455.0000,715,6.6000,108.21875,0.28541666666666666666666667,110.1250,-0.45441176470588235294117647,Other,,0,False,False
2330,14:45:44.000,14:45:39.000,14:45:44.000,5,23455.0000,23455.0000,23449.1000,23449.4000,910,-5.6000,108.2500,0.03125,110.3125,0.1875,Other,,0,False,False
2331,14:45:47.000,14:45:44.000,14:45:47.000,3,23449.4000,23450.4000,23443.7000,23450.4000,910,1.0000,108.3400,0.0900,110.0700,-0.2425,Other,,0,False,False
2332,14:45:52.000,14:45:47.000,14:45:52.000,5,23450.4000,23455.4000,23449.4000,23455.4000,1105,5.0000,108.5000,0.1600,109.81875,-0.25125,Other,,0,False,False
2333,14:45:54.000,14:45:52.000,14:45:54.000,2,23455.4000,23455.4000,23449.4000,23449.4000,650,-6.0000,108.5750,0.0750,109.83333333333333333333333333,0.01458333333333333333333333,Other,,0,False,False
2334,14:45:59.000,14:45:54.000,14:45:59.000,5,23449.4000,23455.5000,23449.3000,23449.9000,910,0.5000,108.5250,-0.0500,109.8875,0.05416666666666666666666667,A,A,1,False,False
2335,14:46:04.000,14:45:59.000,14:46:04.000,5,23449.9000,23449.9000,23447.5000,23449.0000,1105,-0.9000,107.80294117647058823529411765,-0.72205882352941176470588235,111.05588235294117647058823529,1.16838235294117647058823529,Other,,0,False,False
2336,14:46:06.000,14:46:04.000,14:46:06.000,2,23449.0000,23449.0000,23447.5000,23448.0000,715,-1.0000,107.78333333333333333333333333,-0.01960784313725490196078432,111.08333333333333333333333333,0.02745098039215686274509804,Other,,0,False,False
2337,14:46:12.000,14:46:06.000,14:46:12.000,6,23448.0000,23448.5000,23447.5000,23448.0000,975,0.0000,108.04444444444444444444444444,0.26111111111111111111111111,111.1350,0.05166666666666666666666667,Other,,0,False,False
2338,14:46:17.000,14:46:12.000,14:46:17.000,5,23448.0000,23456.1000,23448.0000,23456.1000,1105,8.1000,108.7125,0.66805555555555555555555556,110.40625,-0.72875,Other,,0,False,False
2339,14:46:19.000,14:46:17.000,14:46:19.000,2,23456.1000,23456.1000,23449.7000,23449.7000,715,-6.4000,108.6500,-0.0625,110.51666666666666666666666667,0.11041666666666666666666667,Other,,0,False,False
2340,14:46:24.000,14:46:19.000,14:46:24.000,5,23449.7000,23449.8000,23449.3000,23449.3000,650,-0.4000,108.54285714285714285714285714,-0.10714285714285714285714286,110.50714285714285714285714286,-0.00952380952380952380952381,Other,,0,False,False
2341,14:46:30.000,14:46:24.000,14:46:30.000,6,23449.3000,23449.7000,23447.5000,23447.5000,650,-1.8000,107.81904761904761904761904762,-0.72380952380952380952380952,111.01190476190476190476190476,0.50476190476190476190476190,Other,,0,False,False
2342,14:46:40.000,14:46:30.000,14:46:40.000,10,23447.5000,23456.4000,23447.5000,23456.3000,650,8.8000,108.9500,1.13095238095238095238095238,110.00625,-1.00565476190476190476190476,Other,,0,False,False
2343,14:46:49.000,14:46:40.000,14:46:49.000,9,23456.3000,23458.0000,23450.5000,23456.0000,845,-0.3000,109.29285714285714285714285714,0.34285714285714285714285714,109.2250,-0.78125,B,B,1,False,False
2344,14:46:52.000,14:46:49.000,14:46:52.000,3,23456.0000,23459.0000,23453.1000,23453.1000,1105,-2.9000,109.9500,0.65714285714285714285714286,108.1500,-1.0750,B,B,2,False,True
2345,14:46:55.000,14:46:52.000,14:46:55.000,3,23453.1000,23453.4000,23453.1000,23453.4000,650,0.3000,110.1600,0.2100,108.0600,-0.0900,Other,,0,False,False
2346,14:46:59.000,14:46:55.000,14:46:59.000,4,23453.4000,23458.8000,23445.0000,23445.0000,1625,-8.4000,109.69166666666666666666666667,-0.46833333333333333333333333,108.85833333333333333333333333,0.79833333333333333333333333,Other,,0,False,False
2347,14:46:59.000,14:46:59.000,14:46:59.000,0,23445.0000,23445.0000,23445.0000,23445.0000,975,0.0000,,,,,Other,,0,False,False
2348,14:47:00.000,14:47:00.000,14:47:00.000,0,23445.0000,23445.1000,23445.0000,23445.1000,1690,0.1000,109.4600,,109.1000,,Other,,0,False,False
2349,14:47:00.000,14:47:00.000,14:47:00.000,0,23445.1000,23445.1000,23445.1000,23445.1000,1040,0.0000,,,,,Other,,0,False,False
2350,14:47:02.000,14:47:02.000,14:47:02.000,0,23456.1000,23456.1000,23449.0000,23449.0000,975,3.9000,109.0750,,109.8500,,Other,,0,False,False
2351,14:47:20.000,14:47:02.000,14:47:20.000,18,23449.0000,23452.0000,23445.0000,23447.7000,975,-1.3000,107.93103448275862068965517241,-1.14396551724137931034482759,111.34310344827586206896551724,1.49310344827586206896551724,Other,,0,False,False
2352,14:47:25.000,14:47:20.000,14:47:25.000,5,23447.7000,23447.7000,23440.0000,23440.0000,4680,-7.7000,107.6125,-0.31853448275862068965517241,111.28125,-0.06185344827586206896551724,Other,,0,False,False
2353,14:47:25.000,14:47:25.000,14:47:25.000,0,23440.0000,23440.0000,23440.0000,23440.0000,4030,0.0000,,,,,Other,,0,False,False
2354,14:47:26.000,14:47:26.000,14:47:26.000,0,23440.0000,23440.0000,23440.0000,23440.0000,4680,0.0000,107.0750,,111.8750,,Other,,0,False,False
2355,14:47:26.000,14:47:26.000,14:47:26.000,0,23440.0000,23440.0000,23440.0000,23440.0000,4030,0.0000,,,,,Other,,0,False,False
2356,14:47:27.000,14:47:27.000,14:47:27.000,0,23439.8000,23439.8000,23439.8000,23439.8000,3380,-0.2000,106.9000,,112.0000,,Other,,0,False,False
2357,14:47:27.000,14:47:27.000,14:47:27.000,0,23439.8000,23439.8000,23439.8000,23439.8000,2730,0.0000,,,,,Other,,0,False,False
2358,14:47:28.000,14:47:28.000,14:47:28.000,0,23440.0000,23440.0000,23440.0000,23440.0000,2080,0.2000,107.1250,,111.8250,,Other,,0,False,False
2359,14:47:28.000,14:47:28.000,14:47:28.000,0,23440.0000,23440.0000,23440.0000,23440.0000,1430,0.0000,,,,,Other,,0,False,False
2360,14:47:28.000,14:47:28.000,14:47:28.000,0,23441.0000,23441.0000,23441.0000,23441.0000,1365,1.0000,,,,,Other,,0,False,False
2361,14:47:28.000,14:47:28.000,14:47:28.000,0,23441.0000,23441.0000,23441.0000,23441.0000,715,0.0000,,,,,Other,,0,False,False
2362,14:47:30.000,14:47:29.000,14:47:30.000,1,23450.0000,23450.0000,23440.0000,23440.0000,910,-1.0000,106.8700,,112.02142857142857142857142857,,Other,,0,False,False
2363,14:47:31.000,14:47:30.000,14:47:31.000,1,23440.0000,23451.0000,23440.0000,23451.0000,1820,11.0000,106.8750,0.0050,112.0750,0.05357142857142857142857143,Other,,0,False,False
2364,14:47:31.000,14:47:31.000,14:47:31.000,0,23451.0000,23451.0000,23451.0000,23451.0000,1170,0.0000,,,,,Other,,0,False,False
2365,14:47:33.000,14:47:33.000,14:47:33.000,0,23440.0000,23440.0000,23440.0000,23440.0000,1560,-11.0000,106.4250,,112.5500,,Other,,0,False,False
2366,14:47:33.000,14:47:33.000,14:47:33.000,0,23440.0000,23440.0000,23440.0000,23440.0000,910,0.0000,,,,,Other,,0,False,False
2367,14:47:36.000,14:47:35.000,14:47:36.000,1,23450.9000,23450.9000,23440.0000,23440.0000,650,0.0000,106.1375,,112.7500,,Other,,0,False,False
2368,14:47:45.000,14:47:36.000,14:47:45.000,9,23440.0000,23450.0000,23440.0000,23450.0000,650,10.0000,106.3500,0.2125,112.63571428571428571428571429,-0.11428571428571428571428571,Other,,0,False,False
2369,14:47:48.000,14:47:45.000,14:47:48.000,3,23450.0000,23450.0000,23440.0000,23440.0000,2405,-10.0000,105.4900,-0.8600,113.3100,0.67428571428571428571428571,Other,,0,False,False
2370,14:47:48.000,14:47:48.000,14:47:48.000,0,23440.0000,23440.0000,23440.0000,23440.0000,1755,0.0000,,,,,Other,,0,False,False
2371,14:47:50.000,14:47:50.000,14:47:50.000,0,23440.0000,23440.0000,23440.0000,23440.0000,1105,0.0000,,,113.5000,,Other,,0,False,False
2372,14:47:55.000,14:47:50.000,14:47:55.000,5,23440.0000,23442.5000,23439.6000,23442.5000,650,2.5000,104.9625,,113.6500,0.1500,Other,,0,False,False
2373,14:48:03.000,14:47:55.000,14:48:03.000,8,23442.5000,23449.0000,23440.0000,23440.0000,2275,-2.5000,104.01481481481481481481481481,-0.94768518518518518518518519,114.4340,0.7840,Other,,0,False,False
2374,14:48:03.000,14:48:03.000,14:48:03.000,0,23440.0000,23440.0000,23440.0000,23440.0000,1625,0.0000,,,,,Other,,0,False,False
2375,14:48:04.000,14:48:04.000,14:48:04.000,0,23440.0000,23440.0000,23440.0000,23440.0000,975,0.0000,103.4500,,115.0000,,Other,,0,False,False
2376,14:48:08.000,14:48:04.000,14:48:08.000,4,23440.0000,23440.0000,23440.0000,23440.0000,715,0.0000,104.52142857142857142857142857,1.07142857142857142857142857,113.77142857142857142857142857,-1.22857142857142857142857143,Other,,0,False,False
2377,14:48:13.000,14:48:08.000,14:48:13.000,5,23440.0000,23440.0000,23439.0000,23439.0000,845,-1.0000,104.30714285714285714285714286,-0.21428571428571428571428571,113.7250,-0.04642857142857142857142857,Other,,0,False,False
2378,14:48:28.000,14:48:13.000,14:48:28.000,15,23439.0000,23445.0000,23439.0000,23439.0000,650,0.0000,104.99285714285714285714285714,0.68571428571428571428571428,112.9000,-0.8250,Other,,0,False,False
2379,14:48:35.000,14:48:28.000,14:48:35.000,7,23439.0000,23450.0000,23439.0000,23440.1000,1105,1.1000,105.86052631578947368421052632,0.86766917293233082706766918,111.94473684210526315789473684,-0.95526315789473684210526316,Other,,0,False,False
2380,14:48:36.000,14:48:35.000,14:48:36.000,1,23440.1000,23440.1000,23440.0000,23440.0000,1040,-0.1000,106.5500,0.68947368421052631578947368,111.0750,-0.86973684210526315789473684,B,B,1,False,False
2381,14:48:38.000,14:48:36.000,14:48:38.000,2,23440.0000,23446.3000,23440.0000,23440.0000,1105,0.0000,106.4500,-0.1000,111.0250,-0.0500,Other,,0,False,False
2382,14:48:40.000,14:48:38.000,14:48:40.000,2,23440.0000,23440.1000,23440.0000,23440.1000,715,0.1000,106.4500,0.0000,111.18333333333333333333333333,0.15833333333333333333333333,Other,,0,False,False
2383,14:48:45.000,14:48:40.000,14:48:45.000,5,23440.1000,23446.1000,23440.0000,23446.1000,780,6.0000,106.28125,-0.16875,111.43125,0.24791666666666666666666667,A,A,1,False,False
2384,14:48:48.000,14:48:45.000,14:48:48.000,3,23446.1000,23446.1000,23440.0000,23440.1000,780,-6.0000,106.4300,0.14875,111.2300,-0.20125,B,B,1,False,False
2385,14:48:54.000,14:48:48.000,14:48:54.000,6,23440.1000,23450.0000,23440.1000,23450.0000,1040,9.9000,106.5750,0.1450,111.1350,-0.0950,Other,,0,False,False
2386,14:48:58.000,14:48:54.000,14:48:58.000,4,23450.0000,23450.0000,23447.2000,23448.1000,1105,-1.9000,107.06666666666666666666666667,0.49166666666666666666666667,110.29166666666666666666666667,-0.84333333333333333333333333,B,B,1,False,False
2387,14:48:59.000,14:48:58.000,14:48:59.000,1,23448.1000,23450.0000,23448.1000,23450.0000,845,1.9000,107.4750,0.40833333333333333333333333,109.9250,-0.36666666666666666666666667,Other,,0,False,False
2388,14:49:01.000,14:48:59.000,14:49:01.000,2,23450.0000,23451.0000,23449.0000,23451.0000,650,1.0000,107.68571428571428571428571429,0.21071428571428571428571429,109.6000,-0.3250,Other,,0,False,False
2389,14:49:04.000,14:49:01.000,14:49:04.000,3,23451.0000,23451.0000,23448.2000,23448.2000,780,-2.8000,107.3800,-0.30571428571428571428571429,109.8300,0.2300,Other,,0,False,False
2390,14:49:11.000,14:49:04.000,14:49:11.000,7,23448.2000,23448.3000,23448.2000,23448.3000,1170,0.1000,107.04090909090909090909090909,-0.33909090909090909090909091,110.34545454545454545454545455,0.51545454545454545454545455,A,A,1,False,False
2391,14:49:13.000,14:49:11.000,14:49:13.000,2,23448.3000,23454.8000,23448.3000,23448.9000,1105,0.6000,107.71666666666666666666666667,0.67575757575757575757575758,109.3500,-0.99545454545454545454545455,Other,,0,False,False
2392,14:49:17.000,14:49:13.000,14:49:17.000,4,23448.9000,23456.9000,23448.9000,23450.1000,910,1.2000,107.98571428571428571428571429,0.26904761904761904761904762,109.41428571428571428571428571,0.06428571428571428571428571,Other,,0,False,False
2393,14:49:19.000,14:49:17.000,14:49:19.000,2,23450.1000,23450.1000,23449.2000,23449.2000,715,-0.9000,107.7000,-0.28571428571428571428571429,109.7500,0.33571428571428571428571429,Other,,0,False,False
2394,14:49:26.000,14:49:19.000,14:49:26.000,7,23449.2000,23454.0000,23447.7000,23454.0000,910,4.8000,107.32272727272727272727272727,-0.37727272727272727272727273,110.34444444444444444444444444,0.59444444444444444444444444,A,A,1,False,False
2395,14:49:32.000,14:49:26.000,14:49:32.000,6,23454.0000,23454.9000,23447.5000,23448.5000,715,-5.5000,107.43809523809523809523809524,0.11536796536796536796536797,110.27857142857142857142857143,-0.06587301587301587301587301,B,B,1,False,False
2396,14:49:36.000,14:49:32.000,14:49:36.000,4,23448.5000,23453.6000,23446.1000,23446.1000,1300,-2.4000,106.9250,-0.51309523809523809523809524,110.86666666666666666666666667,0.58809523809523809523809524,Other,,0,False,False
2397,14:49:36.000,14:49:36.000,14:49:36.000,0,23446.1000,23446.1000,23446.1000,23446.1000,650,0.0000,,,,,Other,,0,False,False
2398,14:49:42.000,14:49:37.000,14:49:42.000,5,23446.8000,23447.9000,23446.8000,23447.9000,650,1.8000,107.3100,,110.62222222222222222222222222,,Other,,0,False,False
2399,14:49:50.000,14:49:42.000,14:49:50.000,8,23447.9000,23453.0000,23447.9000,23453.0000,780,5.1000,107.44615384615384615384615385,0.13615384615384615384615385,110.15416666666666666666666667,-0.46805555555555555555555555,Other,,0,False,False
2400,14:49:57.000,14:49:50.000,14:49:57.000,7,23453.0000,23453.0000,23443.1000,23449.2000,845,-3.8000,108.09545454545454545454545455,0.64930069930069930069930070,109.57727272727272727272727273,-0.57689393939393939393939394,B,B,1,False,False
2401,14:49:58.000,14:49:57.000,14:49:58.000,1,23449.2000,23455.0000,23449.0000,23455.0000,650,5.8000,107.9750,-0.12045454545454545454545455,109.8000,0.22272727272727272727272727,A,A,1,False,False
2402,14:50:02.000,14:49:58.000,14:50:02.000,4,23455.0000,23455.0000,23447.8000,23447.8000,715,-7.2000,107.44230769230769230769230769,-0.53269230769230769230769231,110.4500,0.6500,Other,,0,False,False
2403,14:50:03.000,14:50:02.000,14:50:03.000,1,23447.8000,23448.1000,23447.8000,23448.1000,975,0.3000,107.1500,-0.29230769230769230769230769,110.9250,0.4750,A,A,1,False,False
2404,14:50:07.000,14:50:03.000,14:50:07.000,4,23448.1000,23454.6000,23446.3000,23454.6000,975,6.5000,107.1900,0.0400,110.88333333333333333333333333,-0.04166666666666666666666667,Other,,0,False,False
2405,14:50:12.000,14:50:07.000,14:50:12.000,5,23454.6000,23454.6000,23447.9000,23448.5000,650,-6.1000,107.85714285714285714285714286,0.66714285714285714285714286,110.18571428571428571428571429,-0.69761904761904761904761904,B,B,1,False,False
2406,14:50:17.000,14:50:12.000,14:50:17.000,5,23448.5000,23453.5000,23441.0000,23453.5000,1040,5.0000,107.2375,-0.61964285714285714285714286,110.74375,0.55803571428571428571428571,A,A,1,False,False
2407,14:50:19.000,14:50:17.000,14:50:19.000,2,23453.5000,23453.5000,23440.8000,23440.8000,715,-12.7000,106.8500,-0.3875,110.8750,0.13125,Other,,0,False,False
2408,14:50:28.000,14:50:19.000,14:50:28.000,9,23440.8000,23445.8000,23440.8000,23445.8000,650,5.0000,106.77666666666666666666666667,-0.07333333333333333333333333,111.38333333333333333333333333,0.50833333333333333333333333,A,A,1,False,False
2409,14:50:45.000,14:50:28.000,14:50:45.000,17,23445.8000,23445.8000,23438.0000,23438.0000,845,-7.8000,105.76818181818181818181818182,-1.00848484848484848484848485,112.80377358490566037735849057,1.42044025157232704402515724,Other,,0,False,False
2410,14:51:10.000,14:50:45.000,14:51:10.000,25,23438.0000,23452.0000,23438.0000,23452.0000,1690,14.0000,106.71298701298701298701298701,0.94480519480519480519480519,112.29855072463768115942028986,-0.50522286026797921793820071,Other,,0,False,False
2411,14:51:10.000,14:51:10.000,14:51:10.000,0,23452.0000,23452.0000,23452.0000,23452.0000,1040,0.0000,,,,,Other,,0,False,False
2412,14:51:13.000,14:51:11.000,14:51:13.000,2,23453.1000,23453.1000,23447.2000,23447.2000,715,-4.8000,107.9200,,111.5000,,Other,,0,False,False
2413,14:51:16.000,14:51:13.000,14:51:16.000,3,23447.2000,23454.0000,23447.2000,23454.0000,715,6.8000,108.3300,0.4100,111.1900,-0.3100,Other,,0,False,False
2414,14:51:21.000,14:51:16.000,14:51:21.000,5,23454.0000,23454.0000,23448.7000,23448.7000,650,-5.3000,108.59285714285714285714285714,0.26285714285714285714285714,110.89285714285714285714285714,-0.29714285714285714285714286,B,B,1,False,False
2415,14:51:24.000,14:51:21.000,14:51:24.000,3,23448.7000,23448.7000,23447.7000,23448.2000,650,-0.5000,108.1200,-0.47285714285714285714285714,111.2375,0.34464285714285714285714286,Other,,0,False,False
2416,14:51:31.000,14:51:24.000,14:51:31.000,7,23448.2000,23455.0000,23448.1000,23449.5000,715,1.3000,108.25952380952380952380952381,0.13952380952380952380952381,111.29047619047619047619047619,0.05297619047619047619047619,Other,,0,False,False
2417,14:51:36.000,14:51:31.000,14:51:36.000,5,23449.5000,23455.0000,23449.2000,23449.3000,650,-0.2000,108.9500,0.69047619047619047619047619,110.43125,-0.85922619047619047619047619,B,B,1,False,False
2418,14:51:42.000,14:51:36.000,14:51:42.000,6,23449.3000,23456.0000,23449.3000,23451.6000,780,2.3000,109.6700,0.7200,109.5600,-0.87125,Other,,0,False,False
2419,14:51:51.000,14:51:42.000,14:51:51.000,9,23451.6000,23458.3000,23451.3000,23452.0000,845,0.4000,109.5500,-0.1200,109.37857142857142857142857143,-0.18142857142857142857142857,Other,,0,False,False
2420,14:52:00.000,14:51:51.000,14:52:00.000,9,23452.0000,23458.0000,23450.7000,23458.0000,910,6.0000,109.54655172413793103448275862,-0.00344827586206896551724138,109.60172413793103448275862069,0.22315270935960591133004926,A,A,1,False,False
2421,14:52:03.000,14:52:00.000,14:52:03.000,3,23458.0000,23459.5000,23451.2000,23459.5000,1235,1.5000,110.3000,0.75344827586206896551724138,108.5800,-1.02172413793103448275862069,Other,,0,False,False
2422,14:52:04.000,14:52:03.000,14:52:04.000,1,23459.5000,23459.5000,23453.1000,23453.5000,715,-6.0000,110.4000,0.1000,108.1250,-0.4550,B,B,1,False,False
2423,14:52:08.000,14:52:04.000,14:52:08.000,4,23453.5000,23453.5000,23452.9000,23452.9000,780,-0.6000,110.31666666666666666666666667,-0.08333333333333333333333333,108.2125,0.0875,Other,,0,False,False
2424,14:52:11.000,14:52:08.000,14:52:11.000,3,23452.9000,23455.0000,23452.9000,23455.0000,975,2.1000,110.5100,0.19333333333333333333333333,107.9200,-0.2925,Other,,0,False,False
2425,14:52:13.000,14:52:11.000,14:52:13.000,2,23455.0000,23455.0000,23452.8000,23455.0000,1170,0.0000,110.13333333333333333333333333,-0.37666666666666666666666667,108.1750,0.2550,Other,,0,False,False
2426,14:52:14.000,14:52:13.000,14:52:14.000,1,23455.0000,23455.0000,23452.6000,23455.0000,1300,0.0000,110.2250,0.09166666666666666666666667,107.8250,-0.3500,Other,,0,False,False
2427,14:52:14.000,14:52:14.000,14:52:14.000,0,23455.0000,23455.0000,23455.0000,23455.0000,650,0.0000,,,,,Other,,0,False,False
2428,14:52:18.000,14:52:16.000,14:52:18.000,2,23452.7000,23452.7000,23452.2000,23452.4000,845,-2.6000,109.9625,,108.3375,,Other,,0,False,False
2429,14:52:19.000,14:52:18.000,14:52:19.000,1,23452.4000,23455.0000,23452.1000,23455.0000,1040,2.6000,109.7000,-0.2625,108.3750,0.0375,A,A,1,False,False
2430,14:52:21.000,14:52:19.000,14:52:21.000,2,23455.0000,23455.0000,23451.7000,23455.0000,780,0.0000,109.56666666666666666666666667,-0.13333333333333333333333333,108.5500,0.1750,Other,,0,False,False
2431,14:52:26.000,14:52:21.000,14:52:26.000,5,23455.0000,23455.0000,23451.3000,23451.4000,975,-3.6000,109.39166666666666666666666667,-0.17500000000000000000000000,108.7625,0.2125,Other,,0,False,False
2432,14:52:31.000,14:52:26.000,14:52:31.000,5,23451.4000,23455.0000,23451.4000,23455.0000,1040,3.6000,109.69666666666666666666666667,0.30500000000000000000000000,108.51333333333333333333333333,-0.24916666666666666666666667,Other,,0,False,False
2433,14:52:32.000,14:52:31.000,14:52:32.000,1,23455.0000,23455.0000,23449.0000,23449.8000,1235,-5.2000,108.8000,-0.89666666666666666666666667,109.6750,1.16166666666666666666666667,Other,,0,False,False
2434,14:52:36.000,14:52:32.000,14:52:36.000,4,23449.8000,23449.8000,23449.8000,23449.8000,650,0.0000,108.58333333333333333333333333,-0.21666666666666666666666667,109.7400,0.0650,Other,,0,False,False
2435,14:52:43.000,14:52:36.000,14:52:43.000,7,23449.8000,23455.0000,23449.5000,23455.0000,715,5.2000,108.75454545454545454545454545,0.17121212121212121212121212,109.78333333333333333333333333,0.04333333333333333333333333,Other,,0,False,False
2436,14:52:58.000,14:52:43.000,14:52:58.000,15,23455.0000,23455.0000,23444.0000,23448.4000,780,-6.6000,108.0125,-0.74204545454545454545454545,110.41458333333333333333333333,0.63125000000000000000000000,Other,,0,False,False
2437,14:53:05.000,14:52:58.000,14:53:05.000,7,23448.4000,23453.2000,23446.9000,23446.9000,715,-1.5000,106.78947368421052631578947368,-1.22302631578947368421052632,111.41521739130434782608695652,1.00063405797101449275362319,Other,,0,False,False
2438,14:53:10.000,14:53:05.000,14:53:10.000,5,23446.9000,23454.1000,23446.5000,23446.5000,715,-0.4000,106.6375,-0.15197368421052631578947368,111.5625,0.14728260869565217391304348,Other,,0,False,False
2439,14:53:11.000,14:53:10.000,14:53:11.000,1,23446.5000,23452.6000,23445.9000,23452.6000,780,6.1000,106.6500,0.0125,111.4750,-0.0875,Other,,0,False,False
2440,14:53:15.000,14:53:11.000,14:53:15.000,4,23452.6000,23452.6000,23446.0000,23446.5000,1040,-6.1000,106.73333333333333333333333333,0.08333333333333333333333333,111.6250,0.1500,Other,,0,False,False
2441,14:53:18.000,14:53:15.000,14:53:18.000,3,23446.5000,23446.5000,23442.0000,23442.0000,1950,-4.5000,106.7000,-0.03333333333333333333333333,111.5000,-0.1250,Other,,0,False,False
2442,14:53:18.000,14:53:18.000,14:53:18.000,0,23442.0000,23442.0000,23442.0000,23442.0000,1300,0.0000,,,,,Other,,0,False,False
2443,14:53:19.000,14:53:19.000,14:53:19.000,0,23446.4000,23446.4000,23446.4000,23446.4000,650,4.4000,106.6500,,111.3000,,Other,,0,False,False
2444,14:53:20.000,14:53:19.000,14:53:20.000,1,23446.4000,23446.4000,23446.0000,23446.0000,650,-0.4000,107.1000,0.4500,111.0000,-0.3000,B,B,1,False,False
2445,14:53:23.000,14:53:20.000,14:53:23.000,3,23446.0000,23446.0000,23445.8000,23445.9000,1040,-0.1000,106.6800,-0.4200,111.4800,0.4800,Other,,0,False,False
2446,14:53:25.000,14:53:23.000,14:53:25.000,2,23445.9000,23454.0000,23445.9000,23454.0000,975,8.1000,106.8750,0.1950,111.28333333333333333333333333,-0.19666666666666666666666667,Other,,0,False,False
2447,14:53:30.000,14:53:25.000,14:53:30.000,5,23454.0000,23454.0000,23440.8000,23440.8000,715,-13.2000,106.84117647058823529411764706,-0.03382352941176470588235294,111.18235294117647058823529412,-0.10098039215686274509803921,Other,,0,False,False
2448,14:53:31.000,14:53:30.000,14:53:31.000,1,23440.8000,23441.0000,23440.8000,23441.0000,845,0.2000,106.4250,-0.41617647058823529411764706,111.6500,0.46764705882352941176470588,A,A,1,False,False
2449,14:54:03.000,14:53:31.000,14:54:03.000,32,23441.0000,23453.2000,23441.0000,23450.0000,1235,9.0000,107.39175257731958762886597938,0.96675257731958762886597938,110.56464646464646464646464646,-1.08535353535353535353535354,Other,,0,False,False
2450,14:54:08.000,14:54:03.000,14:54:08.000,5,23450.0000,23450.0000,23450.0000,23450.0000,780,0.0000,108.13125,0.73949742268041237113402062,109.54375,-1.02089646464646464646464646,Other,,0,False,False
2451,14:54:26.000,14:54:08.000,14:54:26.000,18,23450.0000,23455.0000,23444.2000,23452.6000,715,2.6000,108.56481481481481481481481481,0.43356481481481481481481481,108.60925925925925925925925926,-0.93449074074074074074074074,Other,,0,False,False
2452,14:54:31.000,14:54:26.000,14:54:31.000,5,23452.6000,23452.7000,23446.7000,23446.7000,715,-5.9000,109.27941176470588235294117647,0.71459694989106753812636166,107.50588235294117647058823529,-1.10337690631808278867102397,B,B,1,False,False
2453,14:54:33.000,14:54:31.000,14:54:33.000,2,23446.7000,23455.0000,23446.7000,23455.0000,780,8.3000,109.41666666666666666666666667,0.13725490196078431372549020,107.56666666666666666666666667,0.06078431372549019607843138,Other,,0,False,False
2454,14:54:36.000,14:54:33.000,14:54:36.000,3,23455.0000,23455.0000,23450.3000,23455.0000,1170,0.0000,108.9500,-0.46666666666666666666666667,107.9700,0.40333333333333333333333333,Other,,0,False,False
2455,14:54:38.000,14:54:36.000,14:54:38.000,2,23455.0000,23455.0000,23449.0000,23449.9000,845,-5.1000,108.3000,-0.6500,108.9000,0.9300,Other,,0,False,False
2456,14:54:40.000,14:54:38.000,14:54:40.000,2,23449.9000,23455.0000,23449.4000,23455.0000,780,5.1000,108.13333333333333333333333333,-0.16666666666666666666666667,109.18333333333333333333333333,0.28333333333333333333333333,A,A,1,False,False
2457,14:54:43.000,14:54:40.000,14:54:43.000,3,23455.0000,23455.0000,23449.9000,23449.9000,845,-5.1000,108.5400,0.40666666666666666666666667,108.6100,-0.57333333333333333333333333,B,B,1,False,False
2458,14:54:45.000,14:54:43.000,14:54:45.000,2,23449.9000,23455.0000,23449.9000,23455.0000,845,5.1000,108.58333333333333333333333333,0.04333333333333333333333333,108.5750,-0.0350,Other,,0,False,False
2459,14:54:58.000,14:54:45.000,14:54:58.000,13,23455.0000,23455.0000,23445.0000,23450.4000,910,-4.6000,108.33684210526315789473684211,-0.24649122807017543859649122,108.93888888888888888888888889,0.36388888888888888888888889,Other,,0,False,False
2460,14:55:01.000,14:54:58.000,14:55:01.000,3,23450.4000,23455.0000,23450.4000,23455.0000,1495,4.6000,108.96111111111111111111111111,0.62426900584795321637426900,108.30909090909090909090909091,-0.62979797979797979797979798,Other,,0,False,False
2461,14:55:01.000,14:55:01.000,14:55:01.000,0,23455.0000,23455.0000,23455.0000,23455.0000,845,0.0000,,,,,Other,,0,False,False
2462,14:55:04.000,14:55:02.000,14:55:04.000,2,23452.3000,23455.0000,23452.3000,23455.0000,1170,0.0000,109.4100,,107.5800,,Other,,0,False,False
2463,14:55:06.000,14:55:04.000,14:55:06.000,2,23455.0000,23455.0000,23453.0000,23453.0000,780,-2.0000,109.4500,0.0400,107.31666666666666666666666667,-0.26333333333333333333333333,B,B,1,False,False
2464,14:55:09.000,14:55:06.000,14:55:09.000,3,23453.0000,23453.5000,23452.7000,23453.5000,780,0.5000,109.7700,0.3200,106.9200,-0.39666666666666666666666667,Other,,0,False,False
2465,14:55:12.000,14:55:09.000,14:55:12.000,3,23453.5000,23455.0000,23452.3000,23452.5000,1040,-1.0000,109.1625,-0.6075,107.3600,0.4400,Other,,0,False,False
2466,14:55:14.000,14:55:12.000,14:55:14.000,2,23452.5000,23452.5000,23451.3000,23451.3000,715,-1.2000,108.51666666666666666666666667,-0.64583333333333333333333333,107.96666666666666666666666667,0.60666666666666666666666667,Other,,0,False,False
2467,14:55:17.000,14:55:14.000,14:55:17.000,3,23451.3000,23455.0000,23451.3000,23455.0000,715,3.7000,109.0700,0.55333333333333333333333333,107.5000,-0.46666666666666666666666667,Other,,0,False,False
2468,14:55:21.000,14:55:17.000,14:55:21.000,4,23455.0000,23455.0000,23452.2000,23452.8000,650,-2.2000,109.2750,0.2050,107.34166666666666666666666667,-0.15833333333333333333333333,B,B,1,False,False
2469,14:55:29.000,14:55:21.000,14:55:29.000,8,23452.8000,23454.7000,23452.5000,23454.7000,1040,1.9000,109.56153846153846153846153846,0.28653846153846153846153846,106.80416666666666666666666667,-0.53750000000000000000000000,Other,,0,False,False
2470,14:55:32.000,14:55:29.000,14:55:32.000,3,23454.7000,23455.0000,23454.7000,23455.0000,715,0.3000,110.10909090909090909090909091,0.54755244755244755244755245,106.06111111111111111111111111,-0.74305555555555555555555556,Other,,0,False,False
2471,14:55:36.000,14:55:32.000,14:55:36.000,4,23455.0000,23455.0000,23452.8000,23452.8000,780,-2.2000,109.3500,-0.75909090909090909090909091,106.8900,0.82888888888888888888888889,Other,,0,False,False
2472,14:55:37.000,14:55:36.000,14:55:37.000,1,23452.8000,23455.0000,23452.7000,23455.0000,715,2.2000,109.6500,0.3000,107.0500,0.1600,Other,,0,False,False
2473,14:55:41.000,14:55:37.000,14:55:41.000,4,23455.0000,23455.0000,23452.8000,23453.7000,780,-1.3000,109.80833333333333333333333333,0.15833333333333333333333333,106.76666666666666666666666667,-0.28333333333333333333333333,B,B,1,False,False
2474,14:55:46.000,14:55:41.000,14:55:46.000,5,23453.7000,23454.4000,23453.7000,23453.7000,715,0.0000,109.80625,-0.00208333333333333333333333,106.61428571428571428571428571,-0.15238095238095238095238096,Other,,0,False,False
2475,14:55:49.000,14:55:46.000,14:55:49.000,3,23453.7000,23454.1000,23453.7000,23454.1000,910,0.4000,109.7750,-0.03125,106.4500,-0.16428571428571428571428571,Other,,0,False,False
2476,14:55:54.000,14:55:49.000,14:55:54.000,5,23454.1000,23455.0000,23447.8000,23447.8000,1040,-6.3000,109.82857142857142857142857143,0.05357142857142857142857143,106.38571428571428571428571429,-0.06428571428571428571428571,B,B,1,False,False
2477,14:56:05.000,14:55:54.000,14:56:05.000,11,23447.8000,23455.0000,23447.8000,23450.7000,1040,2.9000,108.67837837837837837837837838,-1.15019305019305019305019305,107.81857142857142857142857143,1.43285714285714285714285714,A,A,1,False,False
2478,14:56:09.000,14:56:05.000,14:56:09.000,4,23450.7000,23450.7000,23449.6000,23449.6000,650,-1.1000,107.74166666666666666666666667,-0.93671171171171171171171171,108.8000,0.98142857142857142857142857,Other,,0,False,False
2479,14:56:22.000,14:56:09.000,14:56:22.000,13,23449.6000,23454.9000,23448.8000,23448.9000,650,-0.7000,107.5525,-0.18916666666666666666666667,109.0150,0.2150,Other,,0,False,False
2480,14:56:30.000,14:56:22.000,14:56:30.000,8,23448.9000,23455.0000,23448.1000,23455.0000,910,6.1000,106.92962962962962962962962963,-0.62287037037037037037037037,109.8460,0.8310,A,A,1,False,False
2481,14:56:42.000,14:56:30.000,14:56:42.000,12,23455.0000,23455.0000,23448.2000,23448.2000,975,-6.8000,107.07222222222222222222222222,0.14259259259259259259259259,109.90555555555555555555555556,0.05955555555555555555555556,Other,,0,False,False
2482,14:56:52.000,14:56:42.000,14:56:52.000,10,23448.2000,23448.2000,23445.9000,23445.9000,650,-2.3000,106.190625,-0.88159722222222222222222222,110.99333333333333333333333333,1.08777777777777777777777777,Other,,0,False,False
2483,14:57:00.000,14:56:52.000,14:57:00.000,8,23445.9000,23445.9000,23444.4000,23445.0000,780,-0.9000,105.2440,-0.946625,111.83333333333333333333333333,0.84000000000000000000000000,Other,,0,False,False
2484,14:57:10.000,14:57:00.000,14:57:10.000,10,23445.0000,23445.8000,23444.5000,23444.5000,715,-0.5000,105.3200,0.0760,111.978125,0.14479166666666666666666667,Other,,0,False,False
2485,14:57:18.000,14:57:10.000,14:57:18.000,8,23444.5000,23445.4000,23443.5000,23444.8000,650,0.3000,104.93846153846153846153846154,-0.38153846153846153846153846,112.4625,0.484375,A,A,1,False,False
2486,14:57:27.000,14:57:18.000,14:57:27.000,9,23444.8000,23450.4000,23442.8000,23442.8000,780,-2.0000,104.81071428571428571428571429,-0.12774725274725274725274725,112.63214285714285714285714286,0.16964285714285714285714286,Other,,0,False,False
2487,14:57:32.000,14:57:27.000,14:57:32.000,5,23442.8000,23450.6000,23442.8000,23450.6000,1820,7.8000,104.45294117647058823529411765,-0.35777310924369747899159664,113.05333333333333333333333333,0.42119047619047619047619047,A,A,1,False,False
2488,14:57:32.000,14:57:32.000,14:57:32.000,0,23450.6000,23450.6000,23450.6000,23450.6000,1170,0.0000,,,,,Other,,0,False,False
2489,14:57:35.000,14:57:33.000,14:57:35.000,2,23450.6000,23450.6000,23441.4000,23441.4000,780,-9.2000,103.9300,,113.2900,,Other,,0,False,False
2490,14:57:42.000,14:57:35.000,14:57:42.000,7,23441.4000,23449.6000,23441.4000,23449.2000,715,7.8000,103.89545454545454545454545455,-0.03454545454545454545454545,113.3000,0.0100,A,A,1,False,False
2491,14:57:45.000,14:57:42.000,14:57:45.000,3,23449.2000,23449.2000,23440.8000,23440.8000,845,-8.4000,103.8200,-0.07545454545454545454545455,113.0700,-0.2300,Other,,0,False,False
2492,14:57:48.000,14:57:45.000,14:57:48.000,3,23440.8000,23450.1000,23440.8000,23442.5000,1170,1.7000,103.9800,0.1600,112.9300,-0.1400,Other,,0,False,False
2493,14:57:50.000,14:57:48.000,14:57:50.000,2,23442.5000,23442.5000,23442.5000,23442.5000,780,0.0000,104.11666666666666666666666667,0.13666666666666666666666667,112.73333333333333333333333333,-0.19666666666666666666666667,Other,,0,False,False
2494,14:57:58.000,14:57:50.000,14:57:58.000,8,23442.5000,23449.1000,23442.5000,23442.9000,910,0.4000,104.4500,0.33333333333333333333333333,112.67692307692307692307692308,-0.05641025641025641025641025,Other,,0,False,False
2495,14:58:03.000,14:57:58.000,14:58:03.000,5,23442.9000,23448.8000,23442.1000,23448.8000,975,5.9000,104.57058823529411764705882353,0.12058823529411764705882353,112.62352941176470588235294118,-0.05339366515837104072398190,Other,,0,False,False
2496,14:58:05.000,14:58:03.000,14:58:05.000,2,23448.8000,23450.7000,23448.8000,23450.7000,780,1.9000,105.3500,0.77941176470588235294117647,111.68333333333333333333333333,-0.94019607843137254901960785,Other,,0,False,False
2497,14:58:10.000,14:58:05.000,14:58:10.000,5,23450.7000,23451.9000,23444.2000,23451.9000,975,1.2000,105.4250,0.0750,111.93125,0.24791666666666666666666667,Other,,0,False,False
2498,14:58:12.000,14:58:10.000,14:58:12.000,2,23451.9000,23451.9000,23444.4000,23451.8000,1105,-0.1000,105.6000,0.1750,111.8000,-0.13125,B,B,1,False,False
2499,14:58:13.000,14:58:12.000,14:58:13.000,1,23451.8000,23451.8000,23446.1000,23446.1000,1755,-5.7000,105.6500,0.0500,111.4500,-0.3500,B,B,2,False,True
2500,14:58:13.000,14:58:13.000,14:58:13.000,0,23446.1000,23446.1000,23446.1000,23446.1000,1105,0.0000,,,,,Other,,0,False,False
2501,14:58:15.000,14:58:14.000,14:58:15.000,1,23445.5000,23445.5000,23444.5000,23444.5000,910,-1.6000,105.2250,,111.96666666666666666666666667,,Other,,0,False,False
2502,14:58:18.000,14:58:15.000,14:58:18.000,3,23444.5000,23444.5000,23440.5000,23440.5000,715,-4.0000,104.7500,-0.4750,112.5875,0.62083333333333333333333333,Other,,0,False,False
2503,14:58:20.000,14:58:18.000,14:58:20.000,2,23440.5000,23443.2000,23440.5000,23443.0000,845,2.5000,104.73333333333333333333333333,-0.01666666666666666666666667,112.5000,-0.0875,Other,,0,False,False
2504,14:58:25.000,14:58:20.000,14:58:25.000,5,23443.0000,23450.0000,23443.0000,23443.0000,780,0.0000,105.06875,0.33541666666666666666666667,112.40714285714285714285714286,-0.09285714285714285714285714,Other,,0,False,False
2505,14:58:33.000,14:58:25.000,14:58:33.000,8,23443.0000,23451.9000,23443.0000,23444.3000,715,1.3000,105.3500,0.28125,112.1000,-0.30714285714285714285714286,Other,,0,False,False
2506,14:58:35.000,14:58:33.000,14:58:35.000,2,23444.3000,23444.3000,23441.6000,23441.6000,1495,-2.7000,104.1500,-1.2000,113.1500,1.0500,Other,,0,False,False
2507,14:58:35.000,14:58:35.000,14:58:35.000,0,23441.6000,23441.6000,23441.6000,23441.6000,845,0.0000,,,,,Other,,0,False,False
2508,14:58:36.000,14:58:35.000,14:58:36.000,1,23435.3000,23435.5000,23435.3000,23435.5000,1820,-6.1000,104.1250,,113.0500,,Other,,0,False,False
2509,14:58:36.000,14:58:36.000,14:58:36.000,0,23435.5000,23435.5000,23435.5000,23435.5000,1170,0.0000,,,,,Other,,0,False,False
2510,14:58:38.000,14:58:37.000,14:58:38.000,1,23442.0000,23442.0000,23442.0000,23442.0000,1365,6.5000,104.06666666666666666666666667,,113.11666666666666666666666667,,Other,,0,False,False
2511,14:58:38.000,14:58:38.000,14:58:38.000,0,23442.0000,23442.0000,23442.0000,23442.0000,715,0.0000,,,,,Other,,0,False,False
2512,14:59:01.000,14:58:40.000,14:59:01.000,21,23442.0000,23446.9000,23437.0000,23439.0000,650,-3.0000,102.98615384615384615384615385,,114.07608695652173913043478261,,Other,,0,False,False
2513,14:59:09.000,14:59:01.000,14:59:09.000,8,23439.0000,23440.8000,23437.5000,23437.5000,650,-1.5000,102.07307692307692307692307692,-0.91307692307692307692307693,114.91923076923076923076923077,0.84314381270903010033444816,Other,,0,False,False
2514,14:59:21.000,14:59:09.000,14:59:21.000,12,23437.5000,23440.0000,23436.5000,23438.1000,650,0.6000,101.67222222222222222222222222,-0.40085470085470085470085470,115.27368421052631578947368421,0.35445344129554655870445344,A,A,1,False,False
2515,14:59:23.000,14:59:21.000,14:59:23.000,2,23438.1000,23438.7000,23438.1000,23438.7000,1040,0.6000,102.13333333333333333333333333,0.46111111111111111111111111,114.43333333333333333333333333,-0.84035087719298245614035088,Other,,0,False,False
2516,14:59:24.000,14:59:23.000,14:59:24.000,1,23438.7000,23438.7000,23437.8000,23437.8000,650,-0.9000,102.3000,0.16666666666666666666666667,114.3500,-0.08333333333333333333333333,B,B,1,False,False
2517,14:59:26.000,14:59:24.000,14:59:26.000,2,23437.8000,23440.0000,23437.8000,23439.7000,910,1.9000,102.9500,0.6500,113.6750,-0.6750,Other,,0,False,False
2518,14:59:33.000,14:59:26.000,14:59:33.000,7,23439.7000,23443.5000,23439.4000,23443.5000,650,3.8000,102.78809523809523809523809524,-0.16190476190476190476190476,113.65869565217391304347826087,-0.01630434782608695652173913,Other,,0,False,False
2519,14:59:46.000,14:59:33.000,14:59:46.000,13,23443.5000,23448.0000,23441.7000,23441.9000,910,-1.6000,103.55263157894736842105263158,0.76453634085213032581453634,112.6050,-1.05369565217391304347826087,B,B,1,False,False
2520,14:59:47.000,14:59:46.000,14:59:47.000,1,23441.9000,23442.5000,23441.9000,23442.5000,715,0.6000,103.4000,-0.15263157894736842105263158,113.0250,0.4200,A,A,1,False,False
2521,14:59:51.000,14:59:47.000,14:59:51.000,4,23442.5000,23443.8000,23442.5000,23443.8000,975,1.3000,103.5000,0.1000,112.6500,-0.3750,Other,,0,False,False
2522,14:59:54.000,14:59:51.000,14:59:54.000,3,23443.8000,23443.8000,23443.1000,23443.5000,845,-0.3000,103.6500,0.1500,112.6125,-0.0375,B,B,1,False,False
2523,14:59:57.000,14:59:54.000,14:59:57.000,3,23443.5000,23446.7000,23442.6000,23446.7000,650,3.2000,103.1600,-0.4900,113.1500,0.5375,A,A,1,False,False
2524,15:00:01.000,14:59:57.000,15:00:01.000,4,23446.7000,23446.7000,23440.2000,23440.2000,1300,-6.5000,102.36153846153846153846153846,-0.79846153846153846153846154,114.01153846153846153846153846,0.86153846153846153846153846,Other,,0,False,False
2525,15:00:01.000,15:00:01.000,15:00:01.000,0,23440.2000,23440.2000,23440.2000,23440.2000,650,0.0000,,,,,Other,,0,False,False
2526,15:00:06.000,15:00:01.000,15:00:06.000,5,23440.0000,23440.0000,23439.9000,23440.0000,650,-0.2000,101.46875,,114.83125,,Other,,0,False,False
2527,15:00:12.000,15:00:06.000,15:00:12.000,6,23440.0000,23444.1000,23438.0000,23444.1000,780,4.1000,101.57777777777777777777777778,0.10902777777777777777777778,114.7100,-0.12125,Other,,0,False,False
2528,15:00:15.000,15:00:12.000,15:00:15.000,3,23444.1000,23444.1000,23437.0000,23439.8000,975,-4.3000,101.6400,0.06222222222222222222222222,114.8700,0.1600,Other,,0,False,False
2529,15:00:17.000,15:00:15.000,15:00:17.000,2,23439.8000,23445.5000,23439.8000,23441.5000,1300,1.7000,102.73333333333333333333333333,1.09333333333333333333333333,113.78333333333333333333333333,-1.08666666666666666666666667,Other,,0,False,False
2530,15:00:17.000,15:00:17.000,15:00:17.000,0,23441.5000,23441.5000,23441.5000,23441.5000,650,0.0000,,,,,Other,,0,False,False
2531,15:00:18.000,15:00:17.000,15:00:18.000,1,23441.1000,23448.4000,23441.1000,23448.4000,845,6.9000,103.1000,,113.1750,,Other,,0,False,False
2532,15:00:20.000,15:00:18.000,15:00:20.000,2,23448.4000,23448.4000,23442.3000,23443.1000,650,-5.3000,103.5000,0.4000,112.58333333333333333333333333,-0.59166666666666666666666667,B,B,1,False,False
2533,15:00:23.000,15:00:20.000,15:00:23.000,3,23443.1000,23449.0000,23442.7000,23442.7000,845,-0.4000,103.3400,-0.1600,112.6700,0.08666666666666666666666667,Other,,0,False,False
2534,15:00:27.000,15:00:23.000,15:00:27.000,4,23442.7000,23442.7000,23442.4000,23442.4000,1430,-0.3000,102.88333333333333333333333333,-0.45666666666666666666666667,113.36666666666666666666666667,0.69666666666666666666666667,Other,,0,False,False
2535,15:00:27.000,15:00:27.000,15:00:27.000,0,23442.4000,23442.4000,23442.4000,23442.4000,780,0.0000,,,,,Other,,0,False,False
2536,15:00:33.000,15:00:28.000,15:00:33.000,5,23442.4000,23442.4000,23439.7000,23439.7000,780,-2.7000,102.18947368421052631578947368,,114.0452380952380952380952381,,Other,,0,False,False
2537,15:00:36.000,15:00:33.000,15:00:36.000,3,23439.7000,23439.7000,23439.5000,23439.5000,845,-0.2000,101.6300,-0.55947368421052631578947368,114.6800,0.6347619047619047619047619,Other,,0,False,False
2538,15:00:43.000,15:00:36.000,15:00:43.000,7,23439.5000,23441.9000,23439.2000,23439.3000,650,-0.2000,101.49545454545454545454545455,-0.13454545454545454545454545,114.8350,0.1550,Other,,0,False,False
2539,15:00:46.000,15:00:43.000,15:00:46.000,3,23439.3000,23440.5000,23437.0000,23440.5000,650,1.2000,102.1100,0.61454545454545454545454545,114.4100,-0.4250,Other,,0,False,False
2540,15:00:53.000,15:00:46.000,15:00:53.000,7,23440.5000,23440.5000,23439.4000,23439.4000,715,-1.1000,101.8550,-0.2550,114.65454545454545454545454545,0.24454545454545454545454545,Other,,0,False,False
2541,15:00:57.000,15:00:53.000,15:00:57.000,4,23439.4000,23439.8000,23439.2000,23439.8000,650,0.4000,101.9000,0.0450,114.53571428571428571428571429,-0.11883116883116883116883116,Other,,0,False,False
2542,15:01:05.000,15:00:57.000,15:01:05.000,8,23439.8000,23442.0000,23439.8000,23442.0000,650,2.2000,102.48888888888888888888888889,0.58888888888888888888888889,113.6040,-0.93171428571428571428571429,Other,,0,False,False
2543,15:01:14.000,15:01:05.000,15:01:14.000,9,23442.0000,23445.0000,23441.8000,23442.8000,650,0.8000,102.79285714285714285714285714,0.30396825396825396825396825,113.10833333333333333333333333,-0.49566666666666666666666667,Other,,0,False,False
2544,15:01:15.000,15:01:14.000,15:01:15.000,1,23442.8000,23445.0000,23442.7000,23445.0000,650,2.2000,104.6750,1.88214285714285714285714286,110.8500,-2.25833333333333333333333333,Other,,0,False,False
2545,15:01:17.000,15:01:15.000,15:01:17.000,2,23445.0000,23445.0000,23442.8000,23442.8000,780,-2.2000,104.33333333333333333333333333,-0.34166666666666666666666667,110.8500,0.0000,Other,,0,False,False
2546,15:01:45.000,15:01:17.000,15:01:45.000,28,23442.8000,23450.0000,23442.8000,23448.5000,910,5.7000,103.97352941176470588235294118,-0.35980392156862745098039215,111.52247191011235955056179775,0.67247191011235955056179775,A,A,1,False,False
2547,15:01:50.000,15:01:45.000,15:01:50.000,5,23448.5000,23448.5000,23441.2000,23442.4000,845,-6.1000,102.9500,-1.02352941176470588235294118,112.4500,0.92752808988764044943820225,Other,,0,False,False
2548,15:01:53.000,15:01:50.000,15:01:53.000,3,23442.4000,23442.4000,23439.8000,23439.8000,715,-2.6000,101.7900,-1.1600,113.4500,1.0000,Other,,0,False,False
2549,15:02:01.000,15:01:53.000,15:02:01.000,8,23439.8000,23440.0000,23435.0000,23436.9000,1755,-2.9000,100.8660,-0.9240,114.64814814814814814814814815,1.19814814814814814814814815,Other,,0,False,False
2550,15:02:01.000,15:02:01.000,15:02:01.000,0,23436.9000,23436.9000,23436.9000,23436.9000,1105,0.0000,,,,,Other,,0,False,False
2551,15:02:03.000,15:02:02.000,15:02:03.000,1,23435.0000,23435.0000,23435.0000,23435.0000,1560,-1.9000,99.6500,,115.66666666666666666666666667,,Other,,0,False,False
2552,15:02:03.000,15:02:03.000,15:02:03.000,0,23435.0000,23435.0000,23435.0000,23435.0000,910,0.0000,,,,,Other,,0,False,False
2553,15:02:11.000,15:02:05.000,15:02:11.000,6,23435.0000,23440.4000,23433.2000,23433.2000,2990,-1.8000,98.87083333333333333333333333,,116.5000,,Other,,0,False,False
2554,15:02:11.000,15:02:11.000,15:02:11.000,0,23433.2000,23433.2000,23433.2000,23433.2000,2340,0.0000,,,,,Other,,0,False,False
2555,15:02:12.000,15:02:12.000,15:02:12.000,0,23435.1000,23435.1000,23435.1000,23435.1000,1690,1.9000,98.3000,,117.0500,,Other,,0,False,False
2556,15:02:12.000,15:02:12.000,15:02:12.000,0,23435.1000,23435.1000,23435.1000,23435.1000,1040,0.0000,,,,,Other,,0,False,False
2557,15:02:13.000,15:02:13.000,15:02:13.000,0,23435.3000,23435.3000,23435.3000,23435.3000,650,0.2000,98.9000,,116.6000,,Other,,0,False,False
2558,15:02:16.000,15:02:13.000,15:02:16.000,3,23435.3000,23435.8000,23430.7000,23435.8000,3900,0.5000,98.7300,-0.1700,116.7100,0.1100,A,A,1,False,False
2559,15:02:16.000,15:02:16.000,15:02:16.000,0,23435.8000,23435.8000,23435.8000,23435.8000,3250,0.0000,,,,,Other,,0,False,False
2560,15:02:18.000,15:02:18.000,15:02:18.000,0,23439.6000,23439.6000,23439.6000,23439.6000,2665,3.8000,98.4750,,116.7500,,Other,,0,False,False
2561,15:02:18.000,15:02:18.000,15:02:18.000,0,23439.6000,23439.6000,23439.6000,23439.6000,2015,0.0000,,,,,Other,,0,False,False
2562,15:02:19.000,15:02:19.000,15:02:19.000,0,23430.1000,23430.1000,23430.1000,23430.1000,1365,-9.5000,98.9500,,116.0500,,Other,,0,False,False
2563,15:02:19.000,15:02:19.000,15:02:19.000,0,23430.1000,23430.1000,23430.1000,23430.1000,715,0.0000,,,,,Other,,0,False,False
2564,15:02:21.000,15:02:19.000,15:02:21.000,2,23430.1000,23432.0000,23430.1000,23432.0000,1365,1.9000,98.96666666666666666666666667,,116.26666666666666666666666667,,Other,,0,False,False
2565,15:02:21.000,15:02:21.000,15:02:21.000,0,23432.0000,23432.0000,23432.0000,23432.0000,715,0.0000,,,,,Other,,0,False,False
2566,15:02:23.000,15:02:22.000,15:02:23.000,1,23441.5000,23441.5000,23430.1000,23430.1000,1170,-1.9000,99.5500,,115.93333333333333333333333333,,Other,,0,False,False
2567,15:02:37.000,15:02:23.000,15:02:37.000,14,23430.1000,23439.0000,23430.1000,23439.0000,780,8.9000,99.7800,0.2300,115.38888888888888888888888889,-0.54444444444444444444444444,Other,,0,False,False
2568,15:02:59.000,15:02:37.000,15:02:59.000,22,23439.0000,23441.0000,23432.0000,23432.0000,715,-7.0000,100.503125,0.723125,114.43181818181818181818181818,-0.95707070707070707070707071,B,B,1,False,False
2569,15:03:25.000,15:02:59.000,15:03:25.000,26,23432.0000,23438.0000,23432.0000,23434.7000,1560,2.7000,98.41066666666666666666666667,-2.09245833333333333333333333,116.21790123456790123456790123,1.78608305274971941638608305,A,A,1,False,False
2570,15:03:25.000,15:03:25.000,15:03:25.000,0,23434.7000,23434.7000,23434.7000,23434.7000,910,0.0000,,,,,Other,,0,False,False
2571,15:03:34.000,15:03:26.000,15:03:34.000,8,23433.0000,23433.0000,23433.0000,23433.0000,845,-1.7000,98.3500,,116.2120,,Other,,0,False,False
2572,15:03:55.000,15:03:34.000,15:03:55.000,21,23433.0000,23439.0000,23433.0000,23434.0000,650,1.0000,98.621875,0.271875,115.60735294117647058823529412,-0.60464705882352941176470588,Other,,0,False,False
2573,15:04:12.000,15:03:55.000,15:04:12.000,17,23434.0000,23440.0000,23433.0000,23435.0000,715,1.0000,99.06702127659574468085106383,0.44514627659574468085106383,115.13113207547169811320754717,-0.47622086570477247502774695,Other,,0,False,False
2574,15:04:17.000,15:04:12.000,15:04:17.000,5,23435.0000,23441.9000,23435.0000,23440.9000,715,5.9000,98.9500,-0.11702127659574468085106383,115.27142857142857142857142857,0.14029649595687331536388140,A,A,1,False,False
2575,15:04:30.000,15:04:17.000,15:04:30.000,13,23440.9000,23441.0000,23433.0000,23433.0000,650,-7.9000,99.18205128205128205128205128,0.23205128205128205128205128,114.68604651162790697674418605,-0.58538205980066445182724252,B,B,1,False,False
2576,15:04:45.000,15:04:30.000,15:04:45.000,15,23433.0000,23444.3000,23433.0000,23444.3000,910,11.3000,99.20869565217391304347826087,0.02664437012263099219620959,114.6000,-0.08604651162790697674418605,Other,,0,False,False
2577,15:04:48.000,15:04:45.000,15:04:48.000,3,23444.3000,23444.3000,23433.0000,23433.0000,715,-11.3000,99.8750,0.66630434782608695652173913,113.5500,-1.0500,B,B,1,False,False
2578,15:05:03.000,15:04:48.000,15:05:03.000,15,23433.0000,23444.9000,23433.0000,23444.9000,845,11.9000,100.5904255319148936170212766,0.7154255319148936170212766,112.3448979591836734693877551,-1.2051020408163265306122449,Other,,0,False,False
2579,15:05:14.000,15:05:03.000,15:05:14.000,11,23444.9000,23444.9000,23440.0000,23440.0000,715,-4.9000,101.36666666666666666666666667,0.77624113475177304964539007,111.48333333333333333333333333,-0.86156462585034013605442177,B,B,1,False,False
2580,15:05:16.000,15:05:14.000,15:05:16.000,2,23440.0000,23444.5000,23439.2000,23444.5000,1365,4.5000,100.7500,-0.61666666666666666666666667,112.08333333333333333333333333,0.60000000000000000000000000,A,A,1,False,False
2581,15:05:16.000,15:05:16.000,15:05:16.000,0,23444.5000,23444.5000,23444.5000,23444.5000,715,0.0000,,,,,Other,,0,False,False
2582,15:05:31.000,15:05:17.000,15:05:31.000,14,23445.0000,23445.0000,23436.0000,23440.7000,845,-3.8000,101.02340425531914893617021277,,112.11063829787234042553191489,,Other,,0,False,False
2583,15:05:34.000,15:05:31.000,15:05:34.000,3,23440.7000,23444.8000,23437.6000,23444.8000,715,4.1000,102.0600,1.03659574468085106382978723,110.5300,-1.58063829787234042553191489,Other,,0,False,False
2584,15:05:53.000,15:05:34.000,15:05:53.000,19,23444.8000,23444.8000,23436.9000,23443.9000,650,-0.9000,102.49375,0.43375,109.7875,-0.7425,B,B,1,False,False
2585,15:06:18.000,15:05:53.000,15:06:18.000,25,23443.9000,23443.9000,23438.0000,23438.8000,650,-5.1000,102.83571428571428571428571429,0.34196428571428571428571429,109.64746835443037974683544304,-0.14003164556962025316455696,B,B,2,False,True
2586,15:06:19.000,15:06:18.000,15:06:19.000,1,23438.8000,23439.2000,23438.8000,23439.2000,1040,0.4000,103.5000,0.66428571428571428571428571,109.1000,-0.54746835443037974683544304,Other,,0,False,False
2587,15:06:33.000,15:06:19.000,15:06:33.000,14,23439.2000,23443.9000,23439.2000,23440.6000,650,1.4000,104.40731707317073170731707317,0.90731707317073170731707317,108.10222222222222222222222222,-0.99777777777777777777777778,Other,,0,False,False
2588,15:06:39.000,15:06:33.000,15:06:39.000,6,23440.6000,23443.0000,23440.3000,23443.0000,780,2.4000,104.27777777777777777777777778,-0.12953929539295392953929539,108.94375,0.84152777777777777777777778,A,A,1,False,False
2589,15:06:42.000,15:06:39.000,15:06:42.000,3,23443.0000,23444.9000,23440.9000,23444.9000,1625,1.9000,104.0300,-0.24777777777777777777777778,109.3300,0.38625,A,A,2,True,False
2590,15:06:42.000,15:06:42.000,15:06:42.000,0,23444.9000,23444.9000,23444.9000,23444.9000,975,0.0000,,,,,Other,,0,False,False
2591,15:06:56.000,15:06:44.000,15:06:56.000,12,23444.9000,23444.9000,23440.0000,23440.0000,650,-4.9000,103.44761904761904761904761905,,109.86842105263157894736842105,,Other,,0,False,False
2592,15:07:24.000,15:06:56.000,15:07:24.000,28,23440.0000,23443.9000,23438.1000,23438.9000,650,-1.1000,103.4885057471264367816091954,0.04088669950738916256157635,110.11176470588235294117647059,0.24334365325077399380804954,Other,,0,False,False
2593,15:07:49.000,15:07:24.000,15:07:49.000,25,23438.9000,23444.9000,23438.6000,23444.3000,650,5.4000,102.69240506329113924050632911,-0.79610068383529754110286629,110.58860759493670886075949367,0.47684288905435591958302308,A,A,1,False,False
2594,15:08:10.000,15:07:49.000,15:08:10.000,21,23444.3000,23444.3000,23438.0000,23438.0000,715,-6.3000,102.60769230769230769230769231,-0.08471275559883154819863680,110.45873015873015873015873016,-0.12987743620655013060076351,Other,,0,False,False
2595,15:08:39.000,15:08:10.000,15:08:39.000,29,23438.0000,23444.0000,23438.0000,23444.0000,650,6.0000,102.80769230769230769230769231,0.20000000000000000000000000,109.90053763440860215053763441,-0.55819252432155657962109575,Other,,0,False,False
2596,15:08:51.000,15:08:39.000,15:08:51.000,12,23444.0000,23444.0000,23438.7000,23444.0000,1560,0.0000,103.14117647058823529411764706,0.33348416289592760180995475,109.36315789473684210526315789,-0.53737973967176004527447652,Other,,0,False,False
2597,15:08:51.000,15:08:51.000,15:08:51.000,0,23444.0000,23444.0000,23444.0000,23444.0000,910,0.0000,,,,,Other,,0,False,False
2598,15:08:52.000,15:08:52.000,15:08:52.000,0,23439.6000,23444.0000,23439.6000,23444.0000,650,0.0000,103.4500,,108.9500,,Other,,0,False,False
2599,15:09:12.000,15:08:52.000,15:09:12.000,20,23444.0000,23444.0000,23438.6000,23440.1000,2275,-3.9000,103.73196721311475409836065574,0.28196721311475409836065574,109.24016393442622950819672131,0.29016393442622950819672131,Other,,0,False,False
2600,15:09:12.000,15:09:12.000,15:09:12.000,0,23440.1000,23440.1000,23440.1000,23440.1000,1625,0.0000,,,,,Other,,0,False,False
2601,15:09:13.000,15:09:13.000,15:09:13.000,0,23444.0000,23444.0000,23444.0000,23444.0000,975,3.9000,103.8500,,109.1000,,Other,,0,False,False
2602,15:09:15.000,15:09:13.000,15:09:15.000,2,23444.0000,23444.0000,23440.0000,23440.0000,650,-4.0000,104.0625,0.2125,109.0000,-0.1000,B,B,1,False,False
2603,15:09:30.000,15:09:15.000,15:09:30.000,15,23440.0000,23444.0000,23439.1000,23444.0000,650,4.0000,103.63953488372093023255813953,-0.42296511627906976744186047,109.48222222222222222222222222,0.48222222222222222222222222,A,A,1,False,False
2604,15:09:56.000,15:09:30.000,15:09:56.000,26,23444.0000,23444.0000,23439.0000,23440.0000,845,-4.0000,103.4250,-0.21453488372093023255813953,109.69166666666666666666666667,0.20944444444444444444444445,Other,,0,False,False
2605,15:10:00.000,15:09:56.000,15:10:00.000,4,23440.0000,23443.9000,23440.0000,23440.0000,1690,0.0000,102.83076923076923076923076923,-0.59423076923076923076923077,110.37307692307692307692307692,0.68141025641025641025641025,Other,,0,False,False
2606,15:10:00.000,15:10:00.000,15:10:00.000,0,23440.0000,23440.0000,23440.0000,23440.0000,1040,0.0000,,,,,Other,,0,False,False
2607,15:10:01.000,15:10:00.000,15:10:01.000,1,23440.0000,23444.0000,23440.0000,23444.0000,1690,4.0000,103.1500,,111.0000,,Other,,0,False,False
2608,15:10:01.000,15:10:01.000,15:10:01.000,0,23444.0000,23444.0000,23444.0000,23444.0000,1040,0.0000,,,,,Other,,0,False,False
2609,15:10:05.000,15:10:02.000,15:10:05.000,3,23440.0000,23445.0000,23440.0000,23445.0000,1755,1.0000,102.5750,,111.2500,,Other,,0,False,False
2610,15:10:05.000,15:10:05.000,15:10:05.000,0,23445.0000,23445.0000,23445.0000,23445.0000,1105,0.0000,,,,,Other,,0,False,False
2611,15:10:08.000,15:10:06.000,15:10:08.000,2,23440.0000,23446.0000,23440.0000,23446.0000,650,1.0000,102.0875,,111.5200,,Other,,0,False,False
2612,15:10:25.000,15:10:08.000,15:10:25.000,17,23446.0000,23446.0000,23440.0000,23440.0000,780,-6.0000,102.3880,0.3005,111.72307692307692307692307692,0.20307692307692307692307692,Other,,0,False,False
2613,15:10:30.000,15:10:25.000,15:10:30.000,5,23440.0000,23440.3000,23440.0000,23440.0000,975,0.0000,101.73529411764705882352941176,-0.65270588235294117647058824,112.67647058823529411764705882,0.95339366515837104072398190,Other,,0,False,False
2614,15:10:38.000,15:10:30.000,15:10:38.000,8,23440.0000,23441.3000,23439.9000,23439.9000,650,-0.1000,102.13181818181818181818181818,0.39652406417112299465240642,112.19166666666666666666666667,-0.48480392156862745098039215,B,B,1,False,False
2615,15:10:49.000,15:10:38.000,15:10:49.000,11,23439.9000,23441.3000,23439.9000,23441.3000,715,1.4000,102.01764705882352941176470588,-0.11417112299465240641711230,112.32941176470588235294117647,0.13774509803921568627450980,A,A,1,False,False
2616,15:10:53.000,15:10:49.000,15:10:53.000,4,23441.3000,23446.7000,23439.3000,23439.3000,650,-2.0000,102.40833333333333333333333333,0.39068627450980392156862745,111.9250,-0.40441176470588235294117647,B,B,1,False,False
2617,15:11:35.000,15:10:53.000,15:11:35.000,42,23439.3000,23440.3000,23438.0000,23440.3000,715,1.0000,103.03653846153846153846153846,0.62820512820512820512820513,111.45198412698412698412698413,-0.47301587301587301587301587,Other,,0,False,False
2618,15:11:53.000,15:11:35.000,15:11:53.000,18,23440.3000,23447.0000,23440.0000,23447.0000,650,6.7000,103.9400,0.90346153846153846153846154,110.2740,-1.17798412698412698412698413,Other,,0,False,False
2619,15:12:12.000,15:11:53.000,15:12:12.000,19,23447.0000,23447.0000,23439.3000,23440.0000,1040,-7.0000,103.58333333333333333333333333,-0.35666666666666666666666667,110.86578947368421052631578947,0.59178947368421052631578947,Other,,0,False,False
2620,15:12:20.000,15:12:12.000,15:12:20.000,8,23440.0000,23443.2000,23440.0000,23443.2000,650,3.2000,103.5375,-0.04583333333333333333333333,110.87307692307692307692307692,0.00728744939271255060728745,A,A,1,False,False
2621,15:12:33.000,15:12:20.000,15:12:33.000,13,23443.2000,23443.2000,23440.0000,23440.0000,650,-3.2000,104.13717948717948717948717949,0.59967948717948717948717949,110.08023255813953488372093023,-0.79284436493738819320214669,B,B,1,False,False
2622,15:12:51.000,15:12:33.000,15:12:51.000,18,23440.0000,23442.5000,23440.0000,23441.0000,650,1.0000,103.33928571428571428571428571,-0.79789377289377289377289378,110.63392857142857142857142857,0.55369601328903654485049834,A,A,1,False,False
2623,15:13:08.000,15:12:51.000,15:13:08.000,17,23441.0000,23443.2000,23439.4000,23439.4000,715,-1.6000,103.17075471698113207547169811,-0.16853099730458221024258760,110.72090909090909090909090909,0.08698051948051948051948052,Other,,0,False,False
2624,15:13:26.000,15:13:08.000,15:13:26.000,18,23439.4000,23445.0000,23439.4000,23445.0000,975,5.6000,102.49827586206896551724137931,-0.67247885491216655823031880,111.30192307692307692307692308,0.58101398601398601398601399,A,A,1,False,False
2625,15:13:29.000,15:13:26.000,15:13:29.000,3,23445.0000,23445.0000,23440.0000,23445.0000,715,0.0000,102.6400,0.14172413793103448275862069,111.0800,-0.22192307692307692307692308,Other,,0,False,False
2626,15:13:53.000,15:13:29.000,15:13:53.000,24,23445.0000,23445.0000,23439.0000,23442.5000,715,-2.5000,102.26408450704225352112676056,-0.37591549295774647887323944,111.1458904109589041095890411,0.0658904109589041095890411,Other,,0,False,False
2627,15:14:06.000,15:13:53.000,15:14:06.000,13,23442.5000,23442.5000,23438.0000,23438.0000,975,-4.5000,102.60975609756097560975609756,0.34567159051872208862933700,110.86410256410256410256410256,-0.28178784685634000702493854,B,B,1,False,False
2628,15:14:14.000,15:14:06.000,15:14:14.000,8,23438.0000,23440.0000,23438.0000,23440.0000,650,2.0000,103.85384615384615384615384615,1.24409005628517823639774859,109.90384615384615384615384615,-0.96025641025641025641025641,Other,,0,False,False
2629,15:14:31.000,15:14:14.000,15:14:31.000,17,23440.0000,23445.0000,23440.0000,23443.8000,715,3.8000,104.74705882352941176470588235,0.89321266968325791855203620,108.2448979591836734693877551,-1.65894819466248037676609105,Other,,0,False,False
2630,15:14:59.000,15:14:31.000,15:14:59.000,28,23443.8000,23445.0000,23441.3000,23445.0000,715,1.2000,105.14883720930232558139534884,0.40177838577291381668946649,107.77674418604651162790697674,-0.46815377313716184148077836,Other,,0,False,False
2631,15:15:25.000,15:14:59.000,15:15:25.000,26,23445.0000,23449.0000,23443.0000,23446.9000,650,1.9000,105.78024691358024691358024691,0.63140970427792133218489807,107.56588235294117647058823529,-0.21086183310533515731874145,Other,,0,False,False
2632,15:15:47.000,15:15:25.000,15:15:47.000,22,23446.9000,23449.9000,23446.4000,23449.6000,780,2.7000,107.56338028169014084507042254,1.78313336810989393149017563,105.24295774647887323943661972,-2.32292460646230323115161557,Other,,0,False,False
2633,15:15:59.000,15:15:47.000,15:15:59.000,12,23449.6000,23449.9000,23447.7000,23447.7000,650,-1.9000,107.56388888888888888888888889,0.00050860719874804381846635,104.81176470588235294117647059,-0.43119304059652029826014913,B,B,1,False,False
2634,15:16:43.000,15:15:59.000,15:16:43.000,44,23447.7000,23449.1000,23445.8000,23448.9000,780,1.2000,107.15108695652173913043478261,-0.41280193236714975845410628,106.18308823529411764705882353,1.37132352941176470588235294,A,A,1,False,False
2635,15:16:46.000,15:16:43.000,15:16:46.000,3,23448.9000,23448.9000,23448.9000,23448.9000,1235,0.0000,106.9750,-0.17608695652173913043478261,106.7000,0.51691176470588235294117647,Other,,0,False,False
2636,15:16:51.000,15:16:46.000,15:16:51.000,5,23448.9000,23449.0000,23448.9000,23449.0000,650,0.1000,107.06666666666666666666666667,0.09166666666666666666666667,106.55833333333333333333333333,-0.14166666666666666666666667,Other,,0,False,False
2637,15:16:56.000,15:16:51.000,15:16:56.000,5,23449.0000,23450.0000,23449.0000,23450.0000,1430,1.0000,106.65714285714285714285714286,-0.40952380952380952380952381,106.87142857142857142857142857,0.31309523809523809523809524,A,A,1,False,False
2638,15:16:56.000,15:16:56.000,15:16:56.000,0,23450.0000,23450.0000,23450.0000,23450.0000,780,0.0000,,,,,Other,,0,False,False
2639,15:17:01.000,15:16:57.000,15:17:01.000,4,23450.0000,23450.3000,23445.3000,23445.3000,1430,-4.7000,106.82647058823529411764705882,,106.68823529411764705882352941,,Other,,0,False,False
2640,15:17:01.000,15:17:01.000,15:17:01.000,0,23445.3000,23445.3000,23445.3000,23445.3000,780,0.0000,,,,,Other,,0,False,False
2641,15:17:11.000,15:17:03.000,15:17:11.000,8,23449.6000,23450.2000,23444.1000,23444.1000,780,-1.2000,106.52916666666666666666666667,,106.86071428571428571428571429,,Other,,0,False,False
2642,15:17:26.000,15:17:11.000,15:17:26.000,15,23444.1000,23450.2000,23443.0000,23450.2000,1430,6.1000,105.0630434782608695652173913,-1.46612318840579710144927537,107.70238095238095238095238095,0.84166666666666666666666666,A,A,1,False,False
2643,15:17:26.000,15:17:26.000,15:17:26.000,0,23450.2000,23450.2000,23450.2000,23450.2000,780,0.0000,,,,,Other,,0,False,False
2644,15:17:32.000,15:17:27.000,15:17:32.000,5,23452.0000,23452.0000,23443.4000,23443.4000,780,-6.8000,105.48095238095238095238095238,,107.24411764705882352941176471,,Other,,0,False,False
2645,15:17:49.000,15:17:32.000,15:17:49.000,17,23443.4000,23450.0000,23443.0000,23443.0000,650,-0.4000,105.2125,-0.26845238095238095238095238,107.82678571428571428571428571,0.58266806722689075630252100,Other,,0,False,False
2646,15:17:59.000,15:17:49.000,15:17:59.000,10,23443.0000,23443.0000,23442.4000,23442.4000,715,-0.6000,105.528125,0.315625,107.596875,-0.22991071428571428571428571,B,B,1,False,False
2647,15:18:22.000,15:17:59.000,15:18:22.000,23,23442.4000,23450.0000,23442.4000,23444.0000,650,1.6000,105.08405797101449275362318841,-0.44406702898550724637681159,108.17323943661971830985915493,0.57636443661971830985915493,A,A,1,False,False
2648,15:18:33.000,15:18:22.000,15:18:33.000,11,23444.0000,23447.6000,23444.0000,23444.5000,650,0.5000,105.12297297297297297297297297,0.03891500195848021934978456,108.04189189189189189189189189,-0.13134754472782641796726304,Other,,0,False,False
2649,15:18:39.000,15:18:33.000,15:18:39.000,6,23444.5000,23450.0000,23444.5000,23447.8000,650,3.3000,105.2200,0.09702702702702702702702703,108.1550,0.11310810810810810810810811,Other,,0,False,False
2650,15:18:54.000,15:18:39.000,15:18:54.000,15,23447.8000,23452.5000,23445.5000,23452.5000,845,4.7000,104.85652173913043478260869565,-0.36347826086956521739130435,108.36458333333333333333333333,0.20958333333333333333333333,A,A,1,False,False
2651,15:19:03.000,15:18:54.000,15:19:03.000,9,23452.5000,23452.5000,23444.5000,23450.0000,650,-2.5000,105.05185185185185185185185185,0.19533011272141706924315620,108.19814814814814814814814815,-0.16643518518518518518518518,B,B,1,False,False
2652,15:19:41.000,15:19:03.000,15:19:41.000,38,23450.0000,23450.0000,23445.0000,23449.0000,975,-1.0000,105.46260869565217391304347826,0.41075684380032206119162641,107.67350427350427350427350427,-0.52464387464387464387464388,B,B,2,False,True
2653,15:19:55.000,15:19:41.000,15:19:55.000,14,23449.0000,23450.0000,23449.0000,23449.5000,1040,0.5000,105.80909090909090909090909091,0.34648221343873517786561265,106.73333333333333333333333333,-0.94017094017094017094017094,Other,,0,False,False
2654,15:20:02.000,15:19:55.000,15:20:02.000,7,23449.5000,23452.0000,23449.5000,23450.4000,1560,0.9000,106.58043478260869565217391304,0.77134387351778656126482213,106.00869565217391304347826087,-0.72463768115942028985507246,Other,,0,False,False
2655,15:20:02.000,15:20:02.000,15:20:02.000,0,23450.4000,23450.4000,23450.4000,23450.4000,910,0.0000,,,,,Other,,0,False,False
2656,15:20:04.000,15:20:03.000,15:20:04.000,1,23454.0000,23454.0000,23454.0000,23454.0000,2470,3.6000,108.61666666666666666666666667,,103.5500,,Other,,0,False,False
2657,15:20:04.000,15:20:04.000,15:20:04.000,0,23454.0000,23454.0000,23454.0000,23454.0000,1820,0.0000,,,,,Other,,0,False,False
2658,15:20:05.000,15:20:05.000,15:20:05.000,0,23454.0000,23454.0000,23454.0000,23454.0000,1170,0.0000,108.2750,,104.1250,,Other,,0,False,False
2659,15:20:07.000,15:20:05.000,15:20:07.000,2,23454.0000,23454.0000,23447.0000,23454.0000,650,0.0000,106.96666666666666666666666667,-1.30833333333333333333333333,105.33333333333333333333333333,1.20833333333333333333333333,Other,,0,False,False
2660,15:20:22.000,15:20:07.000,15:20:22.000,15,23454.0000,23455.2000,23449.0000,23450.4000,715,-3.6000,108.20833333333333333333333333,1.24166666666666666666666666,104.48260869565217391304347826,-0.85072463768115942028985507,B,B,1,False,False
2661,15:20:36.000,15:20:22.000,15:20:36.000,14,23450.4000,23454.5000,23450.4000,23454.0000,650,3.6000,108.01341463414634146341463415,-0.19491869918699186991869918,104.36808510638297872340425532,-0.11452358926919518963922294,Other,,0,False,False
2662,15:20:47.000,15:20:36.000,15:20:47.000,11,23454.0000,23454.4000,23450.3000,23454.0000,650,0.0000,108.8600,0.84658536585365853658536585,103.00882352941176470588235294,-1.35926157697121401752190238,Other,,0,False,False
2663,15:21:18.000,15:20:47.000,15:21:18.000,31,23454.0000,23454.0000,23451.8000,23454.0000,650,0.0000,109.0680412371134020618556701,0.2080412371134020618556701,102.74210526315789473684210526,-0.26671826625386996904024768,Other,,0,False,False
2664,15:21:29.000,15:21:18.000,15:21:29.000,11,23454.0000,23454.8000,23451.2000,23451.2000,650,-2.8000,108.7500,-0.3180412371134020618556701,102.48055555555555555555555556,-0.26154970760233918128654970,Other,,0,False,False
2665,15:21:44.000,15:21:29.000,15:21:44.000,15,23451.2000,23454.8000,23451.2000,23454.6000,650,3.4000,107.9202127659574468085106383,-0.8297872340425531914893617,103.5000,1.01944444444444444444444444,A,A,1,False,False
2666,15:22:06.000,15:21:44.000,15:22:06.000,22,23454.6000,23454.7000,23450.0000,23450.0000,650,-4.6000,108.00422535211267605633802817,0.08401258615522924782738987,103.51044776119402985074626866,0.01044776119402985074626866,Other,,0,False,False
2667,15:22:32.000,15:22:06.000,15:22:32.000,26,23450.0000,23452.0000,23449.5000,23452.0000,650,2.0000,107.53765432098765432098765432,-0.46657103112502173535037385,103.49518072289156626506024096,-0.01526703830246358568602770,Other,,0,False,False
2668,15:22:51.000,15:22:32.000,15:22:51.000,19,23452.0000,23454.9000,23448.6000,23450.0000,650,-2.0000,107.89032258064516129032258065,0.35266825965750696933492633,103.59193548387096774193548387,0.09675476097940147687524291,Other,,0,False,False
2669,15:23:18.000,15:22:51.000,15:23:18.000,27,23450.0000,23454.8000,23450.0000,23454.0000,650,4.0000,107.5850,-0.30532258064516129032258065,104.08860759493670886075949367,0.49667211106574111882400980,A,A,1,False,False
2670,15:23:38.000,15:23:18.000,15:23:38.000,20,23454.0000,23454.0000,23450.1000,23452.4000,650,-1.6000,107.31929824561403508771929825,-0.26570175438596491228070175,104.17622950819672131147540984,0.08762191326001245071591617,Other,,0,False,False
2671,15:23:55.000,15:23:38.000,15:23:55.000,17,23452.4000,23453.0000,23450.0000,23451.1000,1560,-1.3000,107.22708333333333333333333333,-0.09221491228070175438596492,104.5560,0.37977049180327868852459016,Other,,0,False,False
2672,15:23:55.000,15:23:55.000,15:23:55.000,0,23451.1000,23451.1000,23451.1000,23451.1000,910,0.0000,,,,,Other,,0,False,False
2673,15:24:06.000,15:23:56.000,15:24:06.000,10,23451.1000,23452.2000,23451.1000,23451.7000,845,0.6000,106.77272727272727272727272727,,105.35857142857142857142857143,,Other,,0,False,False
2674,15:24:11.000,15:24:06.000,15:24:11.000,5,23451.7000,23454.8000,23451.1000,23454.8000,650,3.1000,107.88571428571428571428571429,1.11298701298701298701298702,105.10714285714285714285714286,-0.25142857142857142857142857,Other,,0,False,False
2675,15:24:29.000,15:24:11.000,15:24:29.000,18,23454.8000,23454.8000,23451.1000,23451.6000,715,-3.2000,107.3260,-0.55971428571428571428571429,105.03703703703703703703703704,-0.07010582010582010582010582,Other,,0,False,False
2676,15:24:36.000,15:24:29.000,15:24:36.000,7,23451.6000,23452.8000,23451.1000,23452.8000,650,1.2000,106.93043478260869565217391304,-0.39556521739130434782608696,105.03095238095238095238095238,-0.00608465608465608465608466,Other,,0,False,False
2677,15:24:56.000,15:24:36.000,15:24:56.000,20,23452.8000,23455.0000,23451.1000,23451.9000,650,-0.9000,107.47666666666666666666666667,0.54623188405797101449275363,104.49423076923076923076923077,-0.53672161172161172161172161,B,B,1,False,False
2678,15:25:29.000,15:24:56.000,15:25:29.000,33,23451.9000,23455.0000,23450.0000,23454.0000,650,2.1000,107.08465346534653465346534653,-0.39201320132013201320132014,105.1319587628865979381443299,0.63772799365582870737509913,A,A,1,False,False
2679,15:25:50.000,15:25:29.000,15:25:50.000,21,23454.0000,23454.0000,23448.1000,23452.3000,715,-1.7000,106.89925373134328358208955224,-0.18539973400325107137579429,105.1500,0.0180412371134020618556701,Other,,0,False,False
2680,15:26:01.000,15:25:50.000,15:26:01.000,11,23452.3000,23454.0000,23446.8000,23451.7000,650,-0.6000,107.44428571428571428571428571,0.54503198294243070362473347,105.01857142857142857142857143,-0.13142857142857142857142857,B,B,1,False,False
2681,15:26:13.000,15:26:01.000,15:26:13.000,12,23451.7000,23454.0000,23446.6000,23454.0000,845,2.3000,107.55833333333333333333333333,0.11404761904761904761904762,104.97777777777777777777777778,-0.04079365079365079365079365,Other,,0,False,False
2682,15:26:31.000,15:26:13.000,15:26:31.000,18,23454.0000,23454.0000,23446.2000,23450.1000,650,-3.9000,106.63135593220338983050847458,-0.92697740112994350282485875,104.97457627118644067796610169,-0.00320150659133709981167609,Other,,0,False,False
2683,15:26:49.000,15:26:31.000,15:26:49.000,18,23450.1000,23452.9000,23448.1000,23450.1000,650,0.0000,105.95555555555555555555555556,-0.67580037664783427495291902,105.12692307692307692307692308,0.15234680573663624511082139,Other,,0,False,False
2684,15:27:17.000,15:26:49.000,15:27:17.000,28,23450.1000,23450.1000,23448.1000,23449.0000,650,-1.1000,107.03132530120481927710843373,1.07576974564926372155287817,104.79939759036144578313253012,-0.32752548656163113994439296,B,B,1,False,False
2685,15:27:26.000,15:27:17.000,15:27:26.000,9,23449.0000,23455.0000,23449.0000,23450.3000,975,1.3000,107.4375,0.40617469879518072289156627,104.37727272727272727272727273,-0.42212486308871851040525739,Other,,0,False,False
2686,15:27:30.000,15:27:26.000,15:27:30.000,4,23450.3000,23456.5000,23447.7000,23447.7000,1170,-2.6000,107.27272727272727272727272727,-0.16477272727272727272727273,104.26923076923076923076923077,-0.10804195804195804195804196,Other,,0,False,False
2687,15:27:37.000,15:27:30.000,15:27:37.000,7,23447.7000,23448.9000,23447.7000,23448.9000,650,1.2000,107.40909090909090909090909091,0.13636363636363636363636364,103.82777777777777777777777778,-0.44145299145299145299145299,Other,,0,False,False
2688,15:28:03.000,15:27:37.000,15:28:03.000,26,23448.9000,23455.7000,23447.7000,23447.7000,650,-1.2000,107.04050632911392405063291139,-0.36858457997698504027617952,103.74012345679012345679012346,-0.08765432098765432098765432,Other,,0,False,False
2689,15:28:41.000,15:28:03.000,15:28:41.000,38,23447.7000,23454.9000,23447.7000,23452.9000,650,5.2000,107.23376068376068376068376068,0.19325435464675971005084929,102.79705882352941176470588235,-0.94306463326071169208424111,Other,,0,False,False
2690,15:28:51.000,15:28:41.000,15:28:51.000,10,23452.9000,23453.0000,23451.0000,23451.0000,715,-1.9000,107.23333333333333333333333333,-0.00042735042735042735042735,102.1000,-0.69705882352941176470588235,Other,,0,False,False
2691,15:28:59.000,15:28:51.000,15:28:59.000,8,23451.0000,23452.4000,23451.0000,23452.4000,910,1.4000,107.35384615384615384615384615,0.12051282051282051282051282,101.2500,-0.8500,Other,,0,False,False
2692,15:29:18.000,15:28:59.000,15:29:18.000,19,23452.4000,23453.0000,23451.0000,23453.0000,650,0.6000,107.17641509433962264150943396,-0.17743105950653120464441219,102.94016393442622950819672131,1.69016393442622950819672131,A,A,1,False,False
2693,15:29:41.000,15:29:18.000,15:29:41.000,23,23453.0000,23453.0000,23450.1000,23452.0000,715,-1.0000,106.58661971830985915492957746,-0.58979537602976348657985650,103.39718309859154929577464789,0.45701916416531978757792658,Other,,0,False,False
2694,15:29:52.000,15:29:41.000,15:29:52.000,11,23452.0000,23453.0000,23450.1000,23453.0000,780,1.0000,106.82647058823529411764705882,0.23985086992543496271748136,102.98823529411764705882352941,-0.40894780447390223695111848,Other,,0,False,False
2695,15:29:54.000,15:29:52.000,15:29:54.000,2,23453.0000,23453.0000,23449.8000,23449.8000,845,-3.2000,107.11666666666666666666666667,0.29019607843137254901960785,102.7000,-0.28823529411764705882352941,B,B,1,False,False
2696,15:30:00.000,15:29:54.000,15:30:00.000,6,23449.8000,23453.0000,23449.8000,23453.0000,845,3.2000,107.24736842105263157894736842,0.13070175438596491228070175,102.40714285714285714285714286,-0.29285714285714285714285714,Other,,0,False,False
2697,15:30:00.000,15:30:00.000,15:30:00.000,0,23453.0000,23453.0000,23453.0000,23453.0000,195,0.0000,,,,,Other,,0,False,False
