TradingDate,ExpiryDate,Dte,Classification,BarIndex,StartTimestamp,EndTimestamp,DurationSeconds,Volume
2026-09-04,2026-09-08,4,Validation,0,09:25:35.000,09:26:15.000,40,2600
2026-09-04,2026-09-08,4,Validation,1,09:26:15.000,09:26:54.000,39,2600
2026-09-04,2026-09-08,4,Validation,2,09:26:54.000,09:27:20.000,26,2600
2026-09-04,2026-09-08,4,Validation,3,09:27:20.000,09:27:38.000,18,4680
2026-09-04,2026-09-08,4,Validation,4,09:27:38.000,09:27:53.000,15,3510
2026-09-04,2026-09-08,4,Validation,5,09:27:53.000,09:27:56.000,3,3315
2026-09-04,2026-09-08,4,Validation,6,09:27:56.000,09:28:08.000,12,2665
2026-09-04,2026-09-08,4,Validation,7,09:28:08.000,09:29:13.000,65,2665
2026-09-04,2026-09-08,4,Validation,8,09:29:13.000,09:29:46.000,33,2795
2026-09-04,2026-09-08,4,Validation,9,09:29:46.000,09:30:28.000,42,3250
2026-09-04,2026-09-08,4,Validation,10,09:30:28.000,09:30:58.000,30,3120
2026-09-04,2026-09-08,4,Validation,11,09:30:58.000,09:31:19.000,21,3250
2026-09-04,2026-09-08,4,Validation,12,09:31:19.000,09:31:46.000,27,3185
2026-09-04,2026-09-08,4,Validation,13,09:31:46.000,09:32:11.000,25,2860
2026-09-04,2026-09-08,4,Validation,14,09:32:11.000,09:34:35.000,144,10530
2026-09-04,2026-09-08,4,Validation,15,09:34:35.000,09:34:35.000,0,7930
2026-09-04,2026-09-08,4,Validation,16,09:34:37.000,09:34:37.000,0,5330
2026-09-04,2026-09-08,4,Validation,17,09:34:37.000,09:34:37.000,0,2730
2026-09-04,2026-09-08,4,Validation,18,09:34:38.000,09:35:07.000,29,2730
2026-09-04,2026-09-08,4,Validation,19,09:35:07.000,09:35:40.000,33,2600
2026-09-04,2026-09-08,4,Validation,20,09:35:40.000,09:36:53.000,73,3510
2026-09-04,2026-09-08,4,Validation,21,09:36:53.000,09:37:29.000,36,3315
2026-09-04,2026-09-08,4,Validation,22,09:37:29.000,09:37:57.000,28,3055
2026-09-04,2026-09-08,4,Validation,23,09:37:57.000,09:38:51.000,54,2730
2026-09-04,2026-09-08,4,Validation,24,09:38:51.000,09:39:26.000,35,2665
2026-09-04,2026-09-08,4,Validation,25,09:39:26.000,09:40:29.000,63,2795
2026-09-04,2026-09-08,4,Validation,26,09:40:29.000,09:40:40.000,11,5070
2026-09-04,2026-09-08,4,Validation,27,09:40:40.000,09:40:42.000,2,16575
2026-09-04,2026-09-08,4,Validation,28,09:40:42.000,09:40:42.000,0,13975
2026-09-04,2026-09-08,4,Validation,29,09:40:43.000,09:40:43.000,0,11375
2026-09-04,2026-09-08,4,Validation,30,09:40:43.000,09:40:43.000,0,8775
2026-09-04,2026-09-08,4,Validation,31,09:40:44.000,09:40:44.000,0,17810
2026-09-04,2026-09-08,4,Validation,32,09:40:44.000,09:40:44.000,0,15210
2026-09-04,2026-09-08,4,Validation,33,09:40:46.000,09:40:46.000,0,17160
2026-09-04,2026-09-08,4,Validation,34,09:40:46.000,09:40:46.000,0,14560
2026-09-04,2026-09-08,4,Validation,35,09:40:47.000,09:40:47.000,0,11960
2026-09-04,2026-09-08,4,Validation,36,09:40:47.000,09:40:47.000,0,9360
2026-09-04,2026-09-08,4,Validation,37,09:40:49.000,09:40:49.000,0,6760
2026-09-04,2026-09-08,4,Validation,38,09:40:49.000,09:40:49.000,0,4160
2026-09-04,2026-09-08,4,Validation,39,09:40:51.000,09:40:59.000,8,3250
2026-09-04,2026-09-08,4,Validation,40,09:40:59.000,09:41:11.000,12,2665
2026-09-04,2026-09-08,4,Validation,41,09:41:11.000,09:41:14.000,3,5330
2026-09-04,2026-09-08,4,Validation,42,09:41:14.000,09:41:14.000,0,2730
2026-09-04,2026-09-08,4,Validation,43,09:41:16.000,09:41:27.000,11,2990
2026-09-04,2026-09-08,4,Validation,44,09:41:27.000,09:41:34.000,7,2925
2026-09-04,2026-09-08,4,Validation,45,09:41:34.000,09:42:10.000,36,2665
2026-09-04,2026-09-08,4,Validation,46,09:42:10.000,09:43:16.000,66,6565
2026-09-04,2026-09-08,4,Validation,47,09:43:16.000,09:43:16.000,0,3965
2026-09-04,2026-09-08,4,Validation,48,09:43:18.000,09:43:47.000,29,2730
2026-09-04,2026-09-08,4,Validation,49,09:43:47.000,09:44:09.000,22,3965
2026-09-04,2026-09-08,4,Validation,50,09:44:09.000,09:44:12.000,3,2860
2026-09-04,2026-09-08,4,Validation,51,09:44:12.000,09:44:19.000,7,4810
2026-09-04,2026-09-08,4,Validation,52,09:44:19.000,09:44:21.000,2,2730
2026-09-04,2026-09-08,4,Validation,53,09:44:21.000,09:44:24.000,3,3575
2026-09-04,2026-09-08,4,Validation,54,09:44:24.000,09:44:27.000,3,4290
2026-09-04,2026-09-08,4,Validation,55,09:44:27.000,09:44:34.000,7,3510
2026-09-04,2026-09-08,4,Validation,56,09:44:34.000,09:44:37.000,3,2860
2026-09-04,2026-09-08,4,Validation,57,09:44:37.000,09:44:40.000,3,4420
2026-09-04,2026-09-08,4,Validation,58,09:44:40.000,09:45:00.000,20,2925
2026-09-04,2026-09-08,4,Validation,59,09:45:00.000,09:45:04.000,4,3900
2026-09-04,2026-09-08,4,Validation,60,09:45:04.000,09:45:05.000,1,3315
2026-09-04,2026-09-08,4,Validation,61,09:45:05.000,09:45:10.000,5,5980
2026-09-04,2026-09-08,4,Validation,62,09:45:10.000,09:45:10.000,0,3380
2026-09-04,2026-09-08,4,Validation,63,09:45:12.000,09:45:43.000,31,2990
2026-09-04,2026-09-08,4,Validation,64,09:45:43.000,09:46:09.000,26,4355
2026-09-04,2026-09-08,4,Validation,65,09:46:09.000,09:46:16.000,7,2665
2026-09-04,2026-09-08,4,Validation,66,09:46:16.000,09:50:04.000,228,34970
2026-09-04,2026-09-08,4,Validation,67,09:50:04.000,09:50:04.000,0,32370
2026-09-04,2026-09-08,4,Validation,68,09:50:05.000,09:50:05.000,0,29770
2026-09-04,2026-09-08,4,Validation,69,09:50:06.000,09:50:06.000,0,27170
2026-09-04,2026-09-08,4,Validation,70,09:50:06.000,09:50:06.000,0,24570
2026-09-04,2026-09-08,4,Validation,71,09:50:07.000,09:50:07.000,0,22165
2026-09-04,2026-09-08,4,Validation,72,09:50:07.000,09:50:07.000,0,19565
2026-09-04,2026-09-08,4,Validation,73,09:50:09.000,09:50:09.000,0,16965
2026-09-04,2026-09-08,4,Validation,74,09:50:10.000,09:50:10.000,0,14495
2026-09-04,2026-09-08,4,Validation,75,09:50:10.000,09:50:10.000,0,11895
2026-09-04,2026-09-08,4,Validation,76,09:50:12.000,09:50:12.000,0,9295
2026-09-04,2026-09-08,4,Validation,77,09:50:12.000,09:50:12.000,0,6695
2026-09-04,2026-09-08,4,Validation,78,09:50:14.000,09:50:14.000,0,4095
2026-09-04,2026-09-08,4,Validation,79,09:50:14.000,09:50:20.000,6,2795
2026-09-04,2026-09-08,4,Validation,80,09:50:20.000,09:50:35.000,15,2795
2026-09-04,2026-09-08,4,Validation,81,09:50:35.000,09:50:43.000,8,2665
2026-09-04,2026-09-08,4,Validation,82,09:50:43.000,09:50:53.000,10,4420
2026-09-04,2026-09-08,4,Validation,83,09:50:53.000,09:50:55.000,2,2665
2026-09-04,2026-09-08,4,Validation,84,09:50:55.000,09:51:00.000,5,5135
2026-09-04,2026-09-08,4,Validation,85,09:51:00.000,09:51:01.000,1,5590
2026-09-04,2026-09-08,4,Validation,86,09:51:01.000,09:51:01.000,0,2990
2026-09-04,2026-09-08,4,Validation,87,09:51:03.000,09:51:18.000,15,3120
2026-09-04,2026-09-08,4,Validation,88,09:51:18.000,09:51:25.000,7,12480
2026-09-04,2026-09-08,4,Validation,89,09:51:25.000,09:51:25.000,0,9880
2026-09-04,2026-09-08,4,Validation,90,09:51:25.000,09:51:25.000,0,7280
2026-09-04,2026-09-08,4,Validation,91,09:51:25.000,09:51:25.000,0,4680
2026-09-04,2026-09-08,4,Validation,92,09:51:26.000,09:51:26.000,0,7605
2026-09-04,2026-09-08,4,Validation,93,09:51:26.000,09:51:26.000,0,5005
2026-09-04,2026-09-08,4,Validation,94,09:51:27.000,09:51:28.000,1,3445
2026-09-04,2026-09-08,4,Validation,95,09:51:28.000,09:51:30.000,2,3055
2026-09-04,2026-09-08,4,Validation,96,09:51:30.000,09:51:34.000,4,2730
2026-09-04,2026-09-08,4,Validation,97,09:51:34.000,09:51:56.000,22,2600
2026-09-04,2026-09-08,4,Validation,98,09:51:56.000,09:52:26.000,30,4225
2026-09-04,2026-09-08,4,Validation,99,09:52:26.000,09:52:39.000,13,2665
2026-09-04,2026-09-08,4,Validation,100,09:52:39.000,09:52:47.000,8,2665
2026-09-04,2026-09-08,4,Validation,101,09:52:47.000,09:52:52.000,5,9425
2026-09-04,2026-09-08,4,Validation,102,09:52:52.000,09:52:52.000,0,6825
2026-09-04,2026-09-08,4,Validation,103,09:52:54.000,09:52:54.000,0,4225
2026-09-04,2026-09-08,4,Validation,104,09:52:54.000,09:53:08.000,14,2730
2026-09-04,2026-09-08,4,Validation,105,09:53:08.000,09:53:13.000,5,3770
2026-09-04,2026-09-08,4,Validation,106,09:53:13.000,09:53:23.000,10,2600
2026-09-04,2026-09-08,4,Validation,107,09:53:23.000,09:53:33.000,10,2665
2026-09-04,2026-09-08,4,Validation,108,09:53:33.000,09:53:41.000,8,2600
2026-09-04,2026-09-08,4,Validation,109,09:53:41.000,09:54:11.000,30,2600
2026-09-04,2026-09-08,4,Validation,110,09:54:11.000,09:54:14.000,3,2925
2026-09-04,2026-09-08,4,Validation,111,09:54:14.000,09:54:38.000,24,2600
2026-09-04,2026-09-08,4,Validation,112,09:54:38.000,09:54:48.000,10,6110
2026-09-04,2026-09-08,4,Validation,113,09:54:48.000,09:54:48.000,0,3510
2026-09-04,2026-09-08,4,Validation,114,09:54:49.000,09:55:02.000,13,3315
2026-09-04,2026-09-08,4,Validation,115,09:55:02.000,09:55:06.000,4,2600
2026-09-04,2026-09-08,4,Validation,116,09:55:06.000,09:55:13.000,7,2665
2026-09-04,2026-09-08,4,Validation,117,09:55:13.000,09:55:33.000,20,2600
2026-09-04,2026-09-08,4,Validation,118,09:55:33.000,09:55:39.000,6,2665
2026-09-04,2026-09-08,4,Validation,119,09:55:39.000,09:55:59.000,20,3185
2026-09-04,2026-09-08,4,Validation,120,09:55:59.000,09:56:44.000,45,2665
2026-09-04,2026-09-08,4,Validation,121,09:56:44.000,09:57:37.000,53,2795
2026-09-04,2026-09-08,4,Validation,122,09:57:37.000,09:57:59.000,22,2795
2026-09-04,2026-09-08,4,Validation,123,09:57:59.000,09:58:40.000,41,10465
2026-09-04,2026-09-08,4,Validation,124,09:58:40.000,09:58:40.000,0,7865
2026-09-04,2026-09-08,4,Validation,125,09:58:42.000,09:58:42.000,0,5265
2026-09-04,2026-09-08,4,Validation,126,09:58:43.000,09:58:43.000,0,2665
2026-09-04,2026-09-08,4,Validation,127,09:58:43.000,09:59:03.000,20,2600
2026-09-04,2026-09-08,4,Validation,128,09:59:03.000,09:59:40.000,37,2600
2026-09-04,2026-09-08,4,Validation,129,09:59:40.000,10:00:05.000,25,2665
2026-09-04,2026-09-08,4,Validation,130,10:00:05.000,10:00:20.000,15,2665
2026-09-04,2026-09-08,4,Validation,131,10:00:20.000,10:00:48.000,28,3380
2026-09-04,2026-09-08,4,Validation,132,10:00:48.000,10:01:06.000,18,11570
2026-09-04,2026-09-08,4,Validation,133,10:01:06.000,10:01:06.000,0,8970
2026-09-04,2026-09-08,4,Validation,134,10:01:06.000,10:01:06.000,0,6370
2026-09-04,2026-09-08,4,Validation,135,10:01:06.000,10:01:06.000,0,3770
2026-09-04,2026-09-08,4,Validation,136,10:01:07.000,10:01:11.000,4,2730
2026-09-04,2026-09-08,4,Validation,137,10:01:11.000,10:01:19.000,8,14820
2026-09-04,2026-09-08,4,Validation,138,10:01:19.000,10:01:19.000,0,12220
2026-09-04,2026-09-08,4,Validation,139,10:01:20.000,10:01:20.000,0,9620
2026-09-04,2026-09-08,4,Validation,140,10:01:20.000,10:01:20.000,0,7020
2026-09-04,2026-09-08,4,Validation,141,10:01:21.000,10:01:21.000,0,4745
2026-09-04,2026-09-08,4,Validation,142,10:01:21.000,10:01:28.000,7,3315
2026-09-04,2026-09-08,4,Validation,143,10:01:28.000,10:01:39.000,11,2860
2026-09-04,2026-09-08,4,Validation,144,10:01:39.000,10:01:44.000,5,6695
2026-09-04,2026-09-08,4,Validation,145,10:01:44.000,10:01:44.000,0,4095
2026-09-04,2026-09-08,4,Validation,146,10:01:46.000,10:01:58.000,12,2990
2026-09-04,2026-09-08,4,Validation,147,10:01:58.000,10:02:08.000,10,3185
2026-09-04,2026-09-08,4,Validation,148,10:02:08.000,10:02:14.000,6,3055
2026-09-04,2026-09-08,4,Validation,149,10:02:14.000,10:02:47.000,33,2665
2026-09-04,2026-09-08,4,Validation,150,10:02:47.000,10:03:15.000,28,2990
2026-09-04,2026-09-08,4,Validation,151,10:03:15.000,10:03:37.000,22,23075
2026-09-04,2026-09-08,4,Validation,152,10:03:37.000,10:03:37.000,0,20475
2026-09-04,2026-09-08,4,Validation,153,10:03:38.000,10:03:38.000,0,17875
2026-09-04,2026-09-08,4,Validation,154,10:03:38.000,10:03:38.000,0,15275
2026-09-04,2026-09-08,4,Validation,155,10:03:39.000,10:03:39.000,0,17680
2026-09-04,2026-09-08,4,Validation,156,10:03:39.000,10:03:39.000,0,15080
2026-09-04,2026-09-08,4,Validation,157,10:03:40.000,10:03:40.000,0,12480
2026-09-04,2026-09-08,4,Validation,158,10:03:40.000,10:03:40.000,0,9880
2026-09-04,2026-09-08,4,Validation,159,10:03:42.000,10:03:42.000,0,7280
2026-09-04,2026-09-08,4,Validation,160,10:03:42.000,10:03:42.000,0,4680
2026-09-04,2026-09-08,4,Validation,161,10:03:44.000,10:03:52.000,8,2600
2026-09-04,2026-09-08,4,Validation,162,10:03:52.000,10:04:33.000,41,2730
2026-09-04,2026-09-08,4,Validation,163,10:04:33.000,10:04:57.000,24,3640
2026-09-04,2026-09-08,4,Validation,164,10:04:57.000,10:05:17.000,20,2600
2026-09-04,2026-09-08,4,Validation,165,10:05:17.000,10:05:30.000,13,2665
2026-09-04,2026-09-08,4,Validation,166,10:05:30.000,10:05:50.000,20,4290
2026-09-04,2026-09-08,4,Validation,167,10:05:50.000,10:06:30.000,40,3445
2026-09-04,2026-09-08,4,Validation,168,10:06:30.000,10:07:04.000,34,3055
2026-09-04,2026-09-08,4,Validation,169,10:07:04.000,10:07:34.000,30,2600
2026-09-04,2026-09-08,4,Validation,170,10:07:34.000,10:08:20.000,46,2730
2026-09-04,2026-09-08,4,Validation,171,10:08:20.000,10:09:09.000,49,2665
2026-09-04,2026-09-08,4,Validation,172,10:09:09.000,10:09:17.000,8,2665
2026-09-04,2026-09-08,4,Validation,173,10:09:17.000,10:09:32.000,15,2730
2026-09-04,2026-09-08,4,Validation,174,10:09:32.000,10:09:49.000,17,2600
2026-09-04,2026-09-08,4,Validation,175,10:09:49.000,10:10:13.000,24,2600
2026-09-04,2026-09-08,4,Validation,176,10:10:13.000,10:10:58.000,45,2665
2026-09-04,2026-09-08,4,Validation,177,10:10:58.000,10:11:35.000,37,3965
2026-09-04,2026-09-08,4,Validation,178,10:11:35.000,10:12:01.000,26,2600
2026-09-04,2026-09-08,4,Validation,179,10:12:01.000,10:13:33.000,92,2600
2026-09-04,2026-09-08,4,Validation,180,10:13:33.000,10:14:14.000,41,2600
2026-09-04,2026-09-08,4,Validation,181,10:14:14.000,10:15:15.000,61,3055
2026-09-04,2026-09-08,4,Validation,182,10:15:15.000,10:15:52.000,37,2795
2026-09-04,2026-09-08,4,Validation,183,10:15:52.000,10:17:01.000,69,2860
2026-09-04,2026-09-08,4,Validation,184,10:17:01.000,10:17:51.000,50,2730
2026-09-04,2026-09-08,4,Validation,185,10:17:51.000,10:18:28.000,37,3120
2026-09-04,2026-09-08,4,Validation,186,10:18:28.000,10:19:11.000,43,2600
2026-09-04,2026-09-08,4,Validation,187,10:19:11.000,10:20:27.000,76,3705
2026-09-04,2026-09-08,4,Validation,188,10:20:27.000,10:21:35.000,68,2600
2026-09-04,2026-09-08,4,Validation,189,10:21:35.000,10:22:26.000,51,2730
2026-09-04,2026-09-08,4,Validation,190,10:22:26.000,10:23:51.000,85,3120
2026-09-04,2026-09-08,4,Validation,191,10:23:51.000,10:25:16.000,85,2600
2026-09-04,2026-09-08,4,Validation,192,10:25:16.000,10:25:51.000,35,2600
2026-09-04,2026-09-08,4,Validation,193,10:25:51.000,10:27:40.000,109,2600
2026-09-04,2026-09-08,4,Validation,194,10:27:40.000,10:28:36.000,56,2665
2026-09-04,2026-09-08,4,Validation,195,10:28:36.000,10:29:02.000,26,2795
2026-09-04,2026-09-08,4,Validation,196,10:29:02.000,10:30:10.000,68,6760
2026-09-04,2026-09-08,4,Validation,197,10:30:10.000,10:30:10.000,0,4160
2026-09-04,2026-09-08,4,Validation,198,10:30:11.000,10:30:11.000,0,8905
2026-09-04,2026-09-08,4,Validation,199,10:30:11.000,10:30:11.000,0,6305
2026-09-04,2026-09-08,4,Validation,200,10:30:13.000,10:30:13.000,0,3705
2026-09-04,2026-09-08,4,Validation,201,10:30:13.000,10:30:31.000,18,2600
2026-09-04,2026-09-08,4,Validation,202,10:30:31.000,10:31:01.000,30,2600
2026-09-04,2026-09-08,4,Validation,203,10:31:01.000,10:31:16.000,15,3250
2026-09-04,2026-09-08,4,Validation,204,10:31:16.000,10:31:34.000,18,2600
2026-09-04,2026-09-08,4,Validation,205,10:31:34.000,10:31:59.000,25,8450
2026-09-04,2026-09-08,4,Validation,206,10:31:59.000,10:31:59.000,0,5850
2026-09-04,2026-09-08,4,Validation,207,10:31:59.000,10:31:59.000,0,3250
2026-09-04,2026-09-08,4,Validation,208,10:31:59.000,10:32:15.000,16,2730
2026-09-04,2026-09-08,4,Validation,209,10:32:15.000,10:33:36.000,81,2730
2026-09-04,2026-09-08,4,Validation,210,10:33:36.000,10:34:08.000,32,3380
2026-09-04,2026-09-08,4,Validation,211,10:34:08.000,10:34:59.000,51,2600
2026-09-04,2026-09-08,4,Validation,212,10:34:59.000,10:35:36.000,37,2795
2026-09-04,2026-09-08,4,Validation,213,10:35:36.000,10:35:50.000,14,3380
2026-09-04,2026-09-08,4,Validation,214,10:35:50.000,10:36:48.000,58,2665
2026-09-04,2026-09-08,4,Validation,215,10:36:48.000,10:39:50.000,182,7865
2026-09-04,2026-09-08,4,Validation,216,10:39:50.000,10:39:50.000,0,5265
2026-09-04,2026-09-08,4,Validation,217,10:39:51.000,10:39:51.000,0,2665
2026-09-04,2026-09-08,4,Validation,218,10:39:52.000,10:40:40.000,48,2730
2026-09-04,2026-09-08,4,Validation,219,10:40:40.000,10:42:14.000,94,3250
2026-09-04,2026-09-08,4,Validation,220,10:42:14.000,10:44:15.000,121,2990
2026-09-04,2026-09-08,4,Validation,221,10:44:15.000,10:45:22.000,67,2665
2026-09-04,2026-09-08,4,Validation,222,10:45:22.000,10:46:13.000,51,2665
2026-09-04,2026-09-08,4,Validation,223,10:46:13.000,10:47:05.000,52,2860
2026-09-04,2026-09-08,4,Validation,224,10:47:05.000,10:48:19.000,74,2600
2026-09-04,2026-09-08,4,Validation,225,10:48:19.000,10:49:32.000,73,2600
2026-09-04,2026-09-08,4,Validation,226,10:49:32.000,10:50:10.000,38,2600
2026-09-04,2026-09-08,4,Validation,227,10:50:10.000,10:50:56.000,46,2600
2026-09-04,2026-09-08,4,Validation,228,10:50:56.000,10:52:48.000,112,3770
2026-09-04,2026-09-08,4,Validation,229,10:52:48.000,10:53:54.000,66,2600
2026-09-04,2026-09-08,4,Validation,230,10:53:54.000,10:54:10.000,16,2730
2026-09-04,2026-09-08,4,Validation,231,10:54:10.000,10:55:00.000,50,3250
2026-09-04,2026-09-08,4,Validation,232,10:55:00.000,10:55:50.000,50,2860
2026-09-04,2026-09-08,4,Validation,233,10:55:50.000,10:55:55.000,5,3120
2026-09-04,2026-09-08,4,Validation,234,10:55:55.000,10:56:06.000,11,5655
2026-09-04,2026-09-08,4,Validation,235,10:56:06.000,10:56:06.000,0,3055
2026-09-04,2026-09-08,4,Validation,236,10:56:07.000,10:56:26.000,19,2665
2026-09-04,2026-09-08,4,Validation,237,10:56:26.000,10:56:40.000,14,5330
2026-09-04,2026-09-08,4,Validation,238,10:56:40.000,10:56:40.000,0,2730
2026-09-04,2026-09-08,4,Validation,239,10:56:41.000,10:57:20.000,39,2990
2026-09-04,2026-09-08,4,Validation,240,10:57:20.000,10:58:43.000,83,2600
2026-09-04,2026-09-08,4,Validation,241,10:58:43.000,11:01:17.000,154,19890
2026-09-04,2026-09-08,4,Validation,242,11:01:17.000,11:01:17.000,0,17290
2026-09-04,2026-09-08,4,Validation,243,11:01:18.000,11:01:18.000,0,14755
2026-09-04,2026-09-08,4,Validation,244,11:01:18.000,11:01:18.000,0,12155
2026-09-04,2026-09-08,4,Validation,245,11:01:19.000,11:01:19.000,0,9555
2026-09-04,2026-09-08,4,Validation,246,11:01:19.000,11:01:19.000,0,6955
2026-09-04,2026-09-08,4,Validation,247,11:01:19.000,11:01:19.000,0,4420
2026-09-04,2026-09-08,4,Validation,248,11:01:19.000,11:01:39.000,20,3055
2026-09-04,2026-09-08,4,Validation,249,11:01:39.000,11:01:48.000,9,3380
2026-09-04,2026-09-08,4,Validation,250,11:01:48.000,11:02:34.000,46,2795
2026-09-04,2026-09-08,4,Validation,251,11:02:34.000,11:04:12.000,98,3835
2026-09-04,2026-09-08,4,Validation,252,11:04:12.000,11:04:38.000,26,2600
2026-09-04,2026-09-08,4,Validation,253,11:04:38.000,11:05:48.000,70,2665
2026-09-04,2026-09-08,4,Validation,254,11:05:48.000,11:07:10.000,82,3380
2026-09-04,2026-09-08,4,Validation,255,11:07:10.000,11:08:25.000,75,2665
2026-09-04,2026-09-08,4,Validation,256,11:08:25.000,11:09:03.000,38,2665
2026-09-04,2026-09-08,4,Validation,257,11:09:03.000,11:10:49.000,106,4680
2026-09-04,2026-09-08,4,Validation,258,11:10:49.000,11:10:50.000,1,2730
2026-09-04,2026-09-08,4,Validation,259,11:10:50.000,11:11:03.000,13,2730
2026-09-04,2026-09-08,4,Validation,260,11:11:03.000,11:11:27.000,24,3120
2026-09-04,2026-09-08,4,Validation,261,11:11:27.000,11:12:55.000,88,5330
2026-09-04,2026-09-08,4,Validation,262,11:12:55.000,11:12:55.000,0,2730
2026-09-04,2026-09-08,4,Validation,263,11:12:56.000,11:15:31.000,155,2600
2026-09-04,2026-09-08,4,Validation,264,11:15:31.000,11:16:16.000,45,2795
2026-09-04,2026-09-08,4,Validation,265,11:16:16.000,11:18:34.000,138,2665
2026-09-04,2026-09-08,4,Validation,266,11:18:34.000,11:20:52.000,138,2600
2026-09-04,2026-09-08,4,Validation,267,11:20:52.000,11:21:47.000,55,2730
2026-09-04,2026-09-08,4,Validation,268,11:21:47.000,11:22:14.000,27,31200
2026-09-04,2026-09-08,4,Validation,269,11:22:14.000,11:22:14.000,0,28600
2026-09-04,2026-09-08,4,Validation,270,11:22:15.000,11:22:15.000,0,26000
2026-09-04,2026-09-08,4,Validation,271,11:22:15.000,11:22:15.000,0,23400
2026-09-04,2026-09-08,4,Validation,272,11:22:16.000,11:22:16.000,0,21255
2026-09-04,2026-09-08,4,Validation,273,11:22:16.000,11:22:16.000,0,18655
2026-09-04,2026-09-08,4,Validation,274,11:22:17.000,11:22:17.000,0,16055
2026-09-04,2026-09-08,4,Validation,275,11:22:17.000,11:22:17.000,0,13455
2026-09-04,2026-09-08,4,Validation,276,11:22:17.000,11:22:17.000,0,10985
2026-09-04,2026-09-08,4,Validation,277,11:22:17.000,11:22:17.000,0,8385
2026-09-04,2026-09-08,4,Validation,278,11:22:18.000,11:22:18.000,0,5785
2026-09-04,2026-09-08,4,Validation,279,11:22:18.000,11:22:18.000,0,3185
2026-09-04,2026-09-08,4,Validation,280,11:22:19.000,11:22:47.000,28,2600
2026-09-04,2026-09-08,4,Validation,281,11:22:47.000,11:23:29.000,42,2665
2026-09-04,2026-09-08,4,Validation,282,11:23:29.000,11:24:11.000,42,2600
2026-09-04,2026-09-08,4,Validation,283,11:24:11.000,11:25:33.000,82,2600
2026-09-04,2026-09-08,4,Validation,284,11:25:33.000,11:26:00.000,27,2665
2026-09-04,2026-09-08,4,Validation,285,11:26:00.000,11:26:21.000,21,3315
2026-09-04,2026-09-08,4,Validation,286,11:26:21.000,11:26:26.000,5,2600
2026-09-04,2026-09-08,4,Validation,287,11:26:26.000,11:26:31.000,5,6565
2026-09-04,2026-09-08,4,Validation,288,11:26:31.000,11:26:31.000,0,3965
2026-09-04,2026-09-08,4,Validation,289,11:26:33.000,11:26:35.000,2,8320
2026-09-04,2026-09-08,4,Validation,290,11:26:35.000,11:26:35.000,0,5720
2026-09-04,2026-09-08,4,Validation,291,11:26:36.000,11:26:36.000,0,3120
2026-09-04,2026-09-08,4,Validation,292,11:26:36.000,11:26:38.000,2,3445
2026-09-04,2026-09-08,4,Validation,293,11:26:38.000,11:26:47.000,9,3380
2026-09-04,2026-09-08,4,Validation,294,11:26:47.000,11:27:14.000,27,3315
2026-09-04,2026-09-08,4,Validation,295,11:27:14.000,11:27:37.000,23,3055
2026-09-04,2026-09-08,4,Validation,296,11:27:37.000,11:27:48.000,11,13065
2026-09-04,2026-09-08,4,Validation,297,11:27:48.000,11:27:48.000,0,10465
2026-09-04,2026-09-08,4,Validation,298,11:27:49.000,11:27:49.000,0,7865
2026-09-04,2026-09-08,4,Validation,299,11:27:49.000,11:27:49.000,0,5265
2026-09-04,2026-09-08,4,Validation,300,11:27:50.000,11:27:50.000,0,3055
2026-09-04,2026-09-08,4,Validation,301,11:27:50.000,11:28:51.000,61,2665
2026-09-04,2026-09-08,4,Validation,302,11:28:51.000,11:29:05.000,14,4030
2026-09-04,2026-09-08,4,Validation,303,11:29:05.000,11:29:07.000,2,3185
2026-09-04,2026-09-08,4,Validation,304,11:29:07.000,11:29:25.000,18,2600
2026-09-04,2026-09-08,4,Validation,305,11:29:25.000,11:29:54.000,29,2665
2026-09-04,2026-09-08,4,Validation,306,11:29:54.000,11:30:07.000,13,2600
2026-09-04,2026-09-08,4,Validation,307,11:30:07.000,11:30:21.000,14,2600
2026-09-04,2026-09-08,4,Validation,308,11:30:21.000,11:31:52.000,91,2600
2026-09-04,2026-09-08,4,Validation,309,11:31:52.000,11:32:38.000,46,3250
2026-09-04,2026-09-08,4,Validation,310,11:32:38.000,11:32:46.000,8,3055
2026-09-04,2026-09-08,4,Validation,311,11:32:46.000,11:32:53.000,7,2925
2026-09-04,2026-09-08,4,Validation,312,11:32:53.000,11:32:54.000,1,2990
2026-09-04,2026-09-08,4,Validation,313,11:32:54.000,11:33:17.000,23,2665
2026-09-04,2026-09-08,4,Validation,314,11:33:17.000,11:34:00.000,43,2665
2026-09-04,2026-09-08,4,Validation,315,11:34:00.000,11:34:37.000,37,4160
2026-09-04,2026-09-08,4,Validation,316,11:34:37.000,11:35:11.000,34,3315
2026-09-04,2026-09-08,4,Validation,317,11:35:11.000,11:35:31.000,20,2600
2026-09-04,2026-09-08,4,Validation,318,11:35:31.000,11:35:40.000,9,3120
2026-09-04,2026-09-08,4,Validation,319,11:35:40.000,11:35:57.000,17,2730
2026-09-04,2026-09-08,4,Validation,320,11:35:57.000,11:36:11.000,14,2665
2026-09-04,2026-09-08,4,Validation,321,11:36:11.000,11:36:28.000,17,2990
2026-09-04,2026-09-08,4,Validation,322,11:36:28.000,11:36:35.000,7,2795
2026-09-04,2026-09-08,4,Validation,323,11:36:35.000,11:37:03.000,28,3380
2026-09-04,2026-09-08,4,Validation,324,11:37:03.000,11:37:12.000,9,2795
2026-09-04,2026-09-08,4,Validation,325,11:37:12.000,11:37:19.000,7,3055
2026-09-04,2026-09-08,4,Validation,326,11:37:19.000,11:37:52.000,33,3120
2026-09-04,2026-09-08,4,Validation,327,11:37:52.000,11:38:08.000,16,3380
2026-09-04,2026-09-08,4,Validation,328,11:38:08.000,11:38:45.000,37,5915
2026-09-04,2026-09-08,4,Validation,329,11:38:45.000,11:38:45.000,0,3315
2026-09-04,2026-09-08,4,Validation,330,11:38:46.000,11:38:53.000,7,4745
2026-09-04,2026-09-08,4,Validation,331,11:38:53.000,11:38:56.000,3,2600
2026-09-04,2026-09-08,4,Validation,332,11:38:56.000,11:39:01.000,5,3770
2026-09-04,2026-09-08,4,Validation,333,11:39:01.000,11:39:21.000,20,2860
2026-09-04,2026-09-08,4,Validation,334,11:39:21.000,11:40:05.000,44,2665
2026-09-04,2026-09-08,4,Validation,335,11:40:05.000,11:40:16.000,11,3055
2026-09-04,2026-09-08,4,Validation,336,11:40:16.000,11:41:05.000,49,2600
2026-09-04,2026-09-08,4,Validation,337,11:41:05.000,11:41:58.000,53,2730
2026-09-04,2026-09-08,4,Validation,338,11:41:58.000,11:42:29.000,31,2860
2026-09-04,2026-09-08,4,Validation,339,11:42:29.000,11:42:41.000,12,4290
2026-09-04,2026-09-08,4,Validation,340,11:42:41.000,11:43:11.000,30,2990
2026-09-04,2026-09-08,4,Validation,341,11:43:11.000,11:44:26.000,75,2665
2026-09-04,2026-09-08,4,Validation,342,11:44:26.000,11:44:54.000,28,2860
2026-09-04,2026-09-08,4,Validation,343,11:44:54.000,11:45:09.000,15,2990
2026-09-04,2026-09-08,4,Validation,344,11:45:09.000,11:45:26.000,17,2600
2026-09-04,2026-09-08,4,Validation,345,11:45:26.000,11:46:11.000,45,2600
2026-09-04,2026-09-08,4,Validation,346,11:46:11.000,11:46:51.000,40,2600
2026-09-04,2026-09-08,4,Validation,347,11:46:51.000,11:47:46.000,55,3315
2026-09-04,2026-09-08,4,Validation,348,11:47:46.000,11:48:10.000,24,2860
2026-09-04,2026-09-08,4,Validation,349,11:48:10.000,11:48:39.000,29,2990
2026-09-04,2026-09-08,4,Validation,350,11:48:39.000,11:50:15.000,96,2600
2026-09-04,2026-09-08,4,Validation,351,11:50:15.000,11:50:47.000,32,2925
2026-09-04,2026-09-08,4,Validation,352,11:50:47.000,11:51:26.000,39,2600
2026-09-04,2026-09-08,4,Validation,353,11:51:26.000,11:52:27.000,61,2600
2026-09-04,2026-09-08,4,Validation,354,11:52:27.000,11:53:12.000,45,2730
2026-09-04,2026-09-08,4,Validation,355,11:53:12.000,11:54:29.000,77,2795
2026-09-04,2026-09-08,4,Validation,356,11:54:29.000,11:54:36.000,7,6955
2026-09-04,2026-09-08,4,Validation,357,11:54:36.000,11:54:36.000,0,4355
2026-09-04,2026-09-08,4,Validation,358,11:54:37.000,11:55:01.000,24,2860
2026-09-04,2026-09-08,4,Validation,359,11:55:01.000,11:55:58.000,57,2600
2026-09-04,2026-09-08,4,Validation,360,11:55:58.000,11:56:59.000,61,3315
2026-09-04,2026-09-08,4,Validation,361,11:56:59.000,11:57:40.000,41,3445
2026-09-04,2026-09-08,4,Validation,362,11:57:40.000,11:58:08.000,28,2730
2026-09-04,2026-09-08,4,Validation,363,11:58:08.000,11:58:28.000,20,2860
2026-09-04,2026-09-08,4,Validation,364,11:58:28.000,11:58:43.000,15,3510
2026-09-04,2026-09-08,4,Validation,365,11:58:43.000,11:58:44.000,1,3510
2026-09-04,2026-09-08,4,Validation,366,11:58:44.000,11:59:28.000,44,2600
2026-09-04,2026-09-08,4,Validation,367,11:59:28.000,12:00:21.000,53,2925
2026-09-04,2026-09-08,4,Validation,368,12:00:21.000,12:01:17.000,56,2860
2026-09-04,2026-09-08,4,Validation,369,12:01:17.000,12:01:44.000,27,3250
2026-09-04,2026-09-08,4,Validation,370,12:01:44.000,12:02:17.000,33,3445
2026-09-04,2026-09-08,4,Validation,371,12:02:17.000,12:03:02.000,45,3900
2026-09-04,2026-09-08,4,Validation,372,12:03:02.000,12:03:06.000,4,2600
2026-09-04,2026-09-08,4,Validation,373,12:03:06.000,12:03:27.000,21,5460
2026-09-04,2026-09-08,4,Validation,374,12:03:27.000,12:03:27.000,0,2860
2026-09-04,2026-09-08,4,Validation,375,12:03:27.000,12:03:35.000,8,2665
2026-09-04,2026-09-08,4,Validation,376,12:03:35.000,12:03:53.000,18,2665
2026-09-04,2026-09-08,4,Validation,377,12:03:53.000,12:04:44.000,51,3315
2026-09-04,2026-09-08,4,Validation,378,12:04:44.000,12:04:49.000,5,3835
2026-09-04,2026-09-08,4,Validation,379,12:04:49.000,12:04:58.000,9,3315
2026-09-04,2026-09-08,4,Validation,380,12:04:58.000,12:06:19.000,81,2665
2026-09-04,2026-09-08,4,Validation,381,12:06:19.000,12:08:36.000,137,2665
2026-09-04,2026-09-08,4,Validation,382,12:08:36.000,12:10:08.000,92,2665
2026-09-04,2026-09-08,4,Validation,383,12:10:08.000,12:10:45.000,37,2860
2026-09-04,2026-09-08,4,Validation,384,12:10:45.000,12:10:47.000,2,3250
2026-09-04,2026-09-08,4,Validation,385,12:10:47.000,12:12:12.000,85,2665
2026-09-04,2026-09-08,4,Validation,386,12:12:12.000,12:13:52.000,100,3055
2026-09-04,2026-09-08,4,Validation,387,12:13:52.000,12:14:44.000,52,2600
2026-09-04,2026-09-08,4,Validation,388,12:14:44.000,12:15:51.000,67,2600
2026-09-04,2026-09-08,4,Validation,389,12:15:51.000,12:16:13.000,22,2600
2026-09-04,2026-09-08,4,Validation,390,12:16:13.000,12:16:38.000,25,2600
2026-09-04,2026-09-08,4,Validation,391,12:16:38.000,12:17:28.000,50,2730
2026-09-04,2026-09-08,4,Validation,392,12:17:28.000,12:17:53.000,25,2665
2026-09-04,2026-09-08,4,Validation,393,12:17:53.000,12:18:03.000,10,2730
2026-09-04,2026-09-08,4,Validation,394,12:18:03.000,12:19:07.000,64,2730
2026-09-04,2026-09-08,4,Validation,395,12:19:07.000,12:20:44.000,97,2860
2026-09-04,2026-09-08,4,Validation,396,12:20:44.000,12:21:35.000,51,2730
2026-09-04,2026-09-08,4,Validation,397,12:21:35.000,12:22:28.000,53,2730
2026-09-04,2026-09-08,4,Validation,398,12:22:28.000,12:23:02.000,34,3055
2026-09-04,2026-09-08,4,Validation,399,12:23:02.000,12:23:35.000,33,2600
2026-09-04,2026-09-08,4,Validation,400,12:23:35.000,12:24:53.000,78,2600
2026-09-04,2026-09-08,4,Validation,401,12:24:53.000,12:24:58.000,5,3185
2026-09-04,2026-09-08,4,Validation,402,12:24:58.000,12:25:03.000,5,3380
2026-09-04,2026-09-08,4,Validation,403,12:25:03.000,12:25:06.000,3,2665
2026-09-04,2026-09-08,4,Validation,404,12:25:06.000,12:25:51.000,45,3510
2026-09-04,2026-09-08,4,Validation,405,12:25:51.000,12:26:10.000,19,3250
2026-09-04,2026-09-08,4,Validation,406,12:26:10.000,12:27:22.000,72,2600
2026-09-04,2026-09-08,4,Validation,407,12:27:22.000,12:27:56.000,34,2665
2026-09-04,2026-09-08,4,Validation,408,12:27:56.000,12:28:37.000,41,2665
2026-09-04,2026-09-08,4,Validation,409,12:28:37.000,12:28:46.000,9,2600
2026-09-04,2026-09-08,4,Validation,410,12:28:46.000,12:28:48.000,2,3120
2026-09-04,2026-09-08,4,Validation,411,12:28:48.000,12:28:50.000,2,2795
2026-09-04,2026-09-08,4,Validation,412,12:28:50.000,12:28:57.000,7,6305
2026-09-04,2026-09-08,4,Validation,413,12:28:57.000,12:28:57.000,0,3705
2026-09-04,2026-09-08,4,Validation,414,12:28:59.000,12:29:19.000,20,2600
2026-09-04,2026-09-08,4,Validation,415,12:29:19.000,12:30:07.000,48,2665
2026-09-04,2026-09-08,4,Validation,416,12:30:07.000,12:30:52.000,45,2665
2026-09-04,2026-09-08,4,Validation,417,12:30:52.000,12:31:52.000,60,2730
2026-09-04,2026-09-08,4,Validation,418,12:31:52.000,12:32:51.000,59,2925
2026-09-04,2026-09-08,4,Validation,419,12:32:51.000,12:33:37.000,46,4485
2026-09-04,2026-09-08,4,Validation,420,12:33:37.000,12:33:51.000,14,4095
2026-09-04,2026-09-08,4,Validation,421,12:33:51.000,12:34:06.000,15,2795
2026-09-04,2026-09-08,4,Validation,422,12:34:06.000,12:35:18.000,72,17160
2026-09-04,2026-09-08,4,Validation,423,12:35:18.000,12:35:18.000,0,14560
2026-09-04,2026-09-08,4,Validation,424,12:35:19.000,12:35:19.000,0,11960
2026-09-04,2026-09-08,4,Validation,425,12:35:19.000,12:35:19.000,0,9360
2026-09-04,2026-09-08,4,Validation,426,12:35:21.000,12:35:21.000,0,6760
2026-09-04,2026-09-08,4,Validation,427,12:35:22.000,12:35:22.000,0,4290
2026-09-04,2026-09-08,4,Validation,428,12:35:22.000,12:35:27.000,5,2925
2026-09-04,2026-09-08,4,Validation,429,12:35:27.000,12:35:52.000,25,3120
2026-09-04,2026-09-08,4,Validation,430,12:35:52.000,12:36:38.000,46,2730
2026-09-04,2026-09-08,4,Validation,431,12:36:38.000,12:37:19.000,41,2665
2026-09-04,2026-09-08,4,Validation,432,12:37:19.000,12:37:44.000,25,2600
2026-09-04,2026-09-08,4,Validation,433,12:37:44.000,12:38:42.000,58,2665
2026-09-04,2026-09-08,4,Validation,434,12:38:42.000,12:40:48.000,126,2600
2026-09-04,2026-09-08,4,Validation,435,12:40:48.000,12:41:35.000,47,2730
2026-09-04,2026-09-08,4,Validation,436,12:41:35.000,12:42:17.000,42,2665
2026-09-04,2026-09-08,4,Validation,437,12:42:17.000,12:45:04.000,167,2730
2026-09-04,2026-09-08,4,Validation,438,12:45:04.000,12:46:12.000,68,3055
2026-09-04,2026-09-08,4,Validation,439,12:46:12.000,12:47:45.000,93,2990
2026-09-04,2026-09-08,4,Validation,440,12:47:45.000,12:49:47.000,122,2600
2026-09-04,2026-09-08,4,Validation,441,12:49:47.000,12:52:13.000,146,2665
2026-09-04,2026-09-08,4,Validation,442,12:52:13.000,12:54:05.000,112,3055
2026-09-04,2026-09-08,4,Validation,443,12:54:05.000,12:55:26.000,81,2990
2026-09-04,2026-09-08,4,Validation,444,12:55:26.000,12:56:24.000,58,2600
2026-09-04,2026-09-08,4,Validation,445,12:56:24.000,12:57:09.000,45,2860
2026-09-04,2026-09-08,4,Validation,446,12:57:09.000,12:57:12.000,3,4420
2026-09-04,2026-09-08,4,Validation,447,12:57:12.000,12:57:20.000,8,2795
2026-09-04,2026-09-08,4,Validation,448,12:57:20.000,12:57:34.000,14,2665
2026-09-04,2026-09-08,4,Validation,449,12:57:34.000,12:57:37.000,3,2795
2026-09-04,2026-09-08,4,Validation,450,12:57:37.000,12:57:40.000,3,3120
2026-09-04,2026-09-08,4,Validation,451,12:57:40.000,12:58:45.000,65,2665
2026-09-04,2026-09-08,4,Validation,452,12:58:45.000,12:59:59.000,74,2730
2026-09-04,2026-09-08,4,Validation,453,12:59:59.000,13:00:54.000,55,2665
2026-09-04,2026-09-08,4,Validation,454,13:00:54.000,13:02:38.000,104,2860
2026-09-04,2026-09-08,4,Validation,455,13:02:38.000,13:03:58.000,80,2600
2026-09-04,2026-09-08,4,Validation,456,13:03:58.000,13:05:47.000,109,2665
2026-09-04,2026-09-08,4,Validation,457,13:05:47.000,13:07:23.000,96,2665
2026-09-04,2026-09-08,4,Validation,458,13:07:23.000,13:08:50.000,87,2665
2026-09-04,2026-09-08,4,Validation,459,13:08:50.000,13:10:14.000,84,3250
2026-09-04,2026-09-08,4,Validation,460,13:10:14.000,13:10:39.000,25,7085
2026-09-04,2026-09-08,4,Validation,461,13:10:39.000,13:10:39.000,0,4485
2026-09-04,2026-09-08,4,Validation,462,13:10:40.000,13:10:50.000,10,2665
2026-09-04,2026-09-08,4,Validation,463,13:10:50.000,13:11:03.000,13,2600
2026-09-04,2026-09-08,4,Validation,464,13:11:03.000,13:11:48.000,45,2730
2026-09-04,2026-09-08,4,Validation,465,13:11:48.000,13:13:32.000,104,2665
2026-09-04,2026-09-08,4,Validation,466,13:13:32.000,13:15:12.000,100,2665
2026-09-04,2026-09-08,4,Validation,467,13:15:12.000,13:16:47.000,95,2730
2026-09-04,2026-09-08,4,Validation,468,13:16:47.000,13:17:23.000,36,2795
2026-09-04,2026-09-08,4,Validation,469,13:17:23.000,13:18:21.000,58,2600
2026-09-04,2026-09-08,4,Validation,470,13:18:21.000,13:20:47.000,146,2600
2026-09-04,2026-09-08,4,Validation,471,13:20:47.000,13:21:53.000,66,2990
2026-09-04,2026-09-08,4,Validation,472,13:21:53.000,13:22:54.000,61,2795
2026-09-04,2026-09-08,4,Validation,473,13:22:54.000,13:25:03.000,129,2665
2026-09-04,2026-09-08,4,Validation,474,13:25:03.000,13:25:56.000,53,2990
2026-09-04,2026-09-08,4,Validation,475,13:25:56.000,13:27:37.000,101,2665
2026-09-04,2026-09-08,4,Validation,476,13:27:37.000,13:28:39.000,62,2600
2026-09-04,2026-09-08,4,Validation,477,13:28:39.000,13:29:11.000,32,2990
2026-09-04,2026-09-08,4,Validation,478,13:29:11.000,13:30:36.000,85,2600
2026-09-04,2026-09-08,4,Validation,479,13:30:36.000,13:31:53.000,77,4095
2026-09-04,2026-09-08,4,Validation,480,13:31:53.000,13:32:06.000,13,3575
2026-09-04,2026-09-08,4,Validation,481,13:32:06.000,13:33:11.000,65,2665
2026-09-04,2026-09-08,4,Validation,482,13:33:11.000,13:33:41.000,30,2730
2026-09-04,2026-09-08,4,Validation,483,13:33:41.000,13:36:21.000,160,2795
2026-09-04,2026-09-08,4,Validation,484,13:36:21.000,13:39:30.000,189,3445
2026-09-04,2026-09-08,4,Validation,485,13:39:30.000,13:40:57.000,87,2600
2026-09-04,2026-09-08,4,Validation,486,13:40:57.000,13:44:07.000,190,3055
2026-09-04,2026-09-08,4,Validation,487,13:44:07.000,13:47:22.000,195,2925
2026-09-04,2026-09-08,4,Validation,488,13:47:22.000,13:49:19.000,117,2665
2026-09-04,2026-09-08,4,Validation,489,13:49:19.000,13:49:33.000,14,3185
2026-09-04,2026-09-08,4,Validation,490,13:49:33.000,13:51:48.000,135,2665
2026-09-04,2026-09-08,4,Validation,491,13:51:48.000,13:53:25.000,97,3120
2026-09-04,2026-09-08,4,Validation,492,13:53:25.000,13:58:16.000,291,2600
2026-09-04,2026-09-08,4,Validation,493,13:58:16.000,13:59:43.000,87,3185
2026-09-04,2026-09-08,4,Validation,494,13:59:43.000,14:02:31.000,168,2795
2026-09-04,2026-09-08,4,Validation,495,14:02:31.000,14:04:38.000,127,2730
2026-09-04,2026-09-08,4,Validation,496,14:04:38.000,14:06:32.000,114,2600
2026-09-04,2026-09-08,4,Validation,497,14:06:32.000,14:08:15.000,103,2600
2026-09-04,2026-09-08,4,Validation,498,14:08:15.000,14:10:43.000,148,2795
2026-09-04,2026-09-08,4,Validation,499,14:10:43.000,14:12:47.000,124,2730
2026-09-04,2026-09-08,4,Validation,500,14:12:47.000,14:14:52.000,125,2665
2026-09-04,2026-09-08,4,Validation,501,14:14:52.000,14:15:16.000,24,3055
2026-09-04,2026-09-08,4,Validation,502,14:15:16.000,14:15:19.000,3,2665
2026-09-04,2026-09-08,4,Validation,503,14:15:19.000,14:17:44.000,145,2990
2026-09-04,2026-09-08,4,Validation,504,14:17:44.000,14:18:20.000,36,3250
2026-09-04,2026-09-08,4,Validation,505,14:18:20.000,14:18:35.000,15,2600
2026-09-04,2026-09-08,4,Validation,506,14:18:35.000,14:21:51.000,196,2665
2026-09-04,2026-09-08,4,Validation,507,14:21:51.000,14:23:15.000,84,2925
2026-09-04,2026-09-08,4,Validation,508,14:23:15.000,14:25:20.000,125,3445
2026-09-04,2026-09-08,4,Validation,509,14:25:20.000,14:26:31.000,71,2665
2026-09-04,2026-09-08,4,Validation,510,14:26:31.000,14:26:40.000,9,2990
2026-09-04,2026-09-08,4,Validation,511,14:26:40.000,14:28:11.000,91,2600
2026-09-04,2026-09-08,4,Validation,512,14:28:11.000,14:28:56.000,45,2795
2026-09-04,2026-09-08,4,Validation,513,14:28:56.000,14:30:26.000,90,2665
2026-09-04,2026-09-08,4,Validation,514,14:30:26.000,14:32:46.000,140,2730
2026-09-04,2026-09-08,4,Validation,515,14:32:46.000,14:33:39.000,53,2665
2026-09-04,2026-09-08,4,Validation,516,14:33:39.000,14:35:08.000,89,2665
2026-09-04,2026-09-08,4,Validation,517,14:35:08.000,14:36:56.000,108,2795
2026-09-04,2026-09-08,4,Validation,518,14:36:56.000,14:38:24.000,88,2795
2026-09-04,2026-09-08,4,Validation,519,14:38:24.000,14:39:26.000,62,2730
2026-09-04,2026-09-08,4,Validation,520,14:39:26.000,14:41:11.000,105,2600
2026-09-04,2026-09-08,4,Validation,521,14:41:11.000,14:43:19.000,128,2600
2026-09-04,2026-09-08,4,Validation,522,14:43:19.000,14:44:45.000,86,3055
2026-09-04,2026-09-08,4,Validation,523,14:44:45.000,14:45:08.000,23,2795
2026-09-04,2026-09-08,4,Validation,524,14:45:08.000,14:45:41.000,33,2730
2026-09-04,2026-09-08,4,Validation,525,14:45:41.000,14:46:19.000,38,2925
2026-09-04,2026-09-08,4,Validation,526,14:46:19.000,14:46:34.000,15,4160
2026-09-04,2026-09-08,4,Validation,527,14:46:34.000,14:46:57.000,23,3510
2026-09-04,2026-09-08,4,Validation,528,14:46:57.000,14:47:58.000,61,2730
2026-09-04,2026-09-08,4,Validation,529,14:47:58.000,14:50:05.000,127,2600
2026-09-04,2026-09-08,4,Validation,530,14:50:05.000,14:50:25.000,20,3055
2026-09-04,2026-09-08,4,Validation,531,14:50:25.000,14:51:47.000,82,2600
2026-09-04,2026-09-08,4,Validation,532,14:51:47.000,14:53:11.000,84,2665
2026-09-04,2026-09-08,4,Validation,533,14:53:11.000,14:54:48.000,97,2860
2026-09-04,2026-09-08,4,Validation,534,14:54:48.000,14:55:37.000,49,2600
2026-09-04,2026-09-08,4,Validation,535,14:55:37.000,14:55:55.000,18,2600
2026-09-04,2026-09-08,4,Validation,536,14:55:55.000,14:57:01.000,66,3250
2026-09-04,2026-09-08,4,Validation,537,14:57:01.000,14:57:55.000,54,2925
2026-09-04,2026-09-08,4,Validation,538,14:57:55.000,14:58:24.000,29,2860
2026-09-04,2026-09-08,4,Validation,539,14:58:24.000,14:59:34.000,70,2600
2026-09-04,2026-09-08,4,Validation,540,14:59:34.000,15:00:50.000,76,2795
2026-09-04,2026-09-08,4,Validation,541,15:00:50.000,15:01:25.000,35,3315
2026-09-04,2026-09-08,4,Validation,542,15:01:25.000,15:01:48.000,23,2925
2026-09-04,2026-09-08,4,Validation,543,15:01:48.000,15:02:12.000,24,2665
2026-09-04,2026-09-08,4,Validation,544,15:02:12.000,15:03:41.000,89,2665
2026-09-04,2026-09-08,4,Validation,545,15:03:41.000,15:04:07.000,26,2860
2026-09-04,2026-09-08,4,Validation,546,15:04:07.000,15:04:49.000,42,3640
2026-09-04,2026-09-08,4,Validation,547,15:04:49.000,15:05:15.000,26,3120
2026-09-04,2026-09-08,4,Validation,548,15:05:15.000,15:05:45.000,30,3250
2026-09-04,2026-09-08,4,Validation,549,15:05:45.000,15:05:50.000,5,2730
2026-09-04,2026-09-08,4,Validation,550,15:05:50.000,15:06:22.000,32,2600
2026-09-04,2026-09-08,4,Validation,551,15:06:22.000,15:07:07.000,45,2795
2026-09-04,2026-09-08,4,Validation,552,15:07:07.000,15:08:01.000,54,3510
2026-09-04,2026-09-08,4,Validation,553,15:08:01.000,15:08:12.000,11,3510
2026-09-04,2026-09-08,4,Validation,554,15:08:12.000,15:09:16.000,64,2665
2026-09-04,2026-09-08,4,Validation,555,15:09:16.000,15:09:33.000,17,2600
2026-09-04,2026-09-08,4,Validation,556,15:09:33.000,15:10:11.000,38,2730
2026-09-04,2026-09-08,4,Validation,557,15:10:11.000,15:11:34.000,83,2600
2026-09-04,2026-09-08,4,Validation,558,15:11:34.000,15:12:26.000,52,5200
2026-09-04,2026-09-08,4,Validation,559,15:12:26.000,15:12:26.000,0,2600
2026-09-04,2026-09-08,4,Validation,560,15:12:27.000,15:12:59.000,32,2665
2026-09-04,2026-09-08,4,Validation,561,15:12:59.000,15:13:27.000,28,3120
2026-09-04,2026-09-08,4,Validation,562,15:13:27.000,15:13:51.000,24,3315
2026-09-04,2026-09-08,4,Validation,563,15:13:51.000,15:14:17.000,26,2665
2026-09-04,2026-09-08,4,Validation,564,15:14:17.000,15:14:27.000,10,2600
2026-09-04,2026-09-08,4,Validation,565,15:14:27.000,15:14:35.000,8,3315
2026-09-04,2026-09-08,4,Validation,566,15:14:35.000,15:14:58.000,23,2600
2026-09-04,2026-09-08,4,Validation,567,15:14:58.000,15:15:17.000,19,2925
2026-09-04,2026-09-08,4,Validation,568,15:15:17.000,15:15:23.000,6,3055
2026-09-04,2026-09-08,4,Validation,569,15:15:23.000,15:15:34.000,11,14820
2026-09-04,2026-09-08,4,Validation,570,15:15:34.000,15:15:34.000,0,12220
2026-09-04,2026-09-08,4,Validation,571,15:15:35.000,15:15:35.000,0,9620
2026-09-04,2026-09-08,4,Validation,572,15:15:35.000,15:15:35.000,0,7020
2026-09-04,2026-09-08,4,Validation,573,15:15:36.000,15:15:36.000,0,6110
2026-09-04,2026-09-08,4,Validation,574,15:15:36.000,15:15:36.000,0,3510
2026-09-04,2026-09-08,4,Validation,575,15:15:36.000,15:15:58.000,22,2600
2026-09-04,2026-09-08,4,Validation,576,15:15:58.000,15:16:22.000,24,3640
2026-09-04,2026-09-08,4,Validation,577,15:16:22.000,15:17:12.000,50,2665
2026-09-04,2026-09-08,4,Validation,578,15:17:12.000,15:18:45.000,93,2665
2026-09-04,2026-09-08,4,Validation,579,15:18:45.000,15:19:10.000,25,3315
2026-09-04,2026-09-08,4,Validation,580,15:19:10.000,15:20:04.000,54,2990
2026-09-04,2026-09-08,4,Validation,581,15:20:04.000,15:20:06.000,2,13975
2026-09-04,2026-09-08,4,Validation,582,15:20:06.000,15:20:06.000,0,11375
2026-09-04,2026-09-08,4,Validation,583,15:20:07.000,15:20:07.000,0,8775
2026-09-04,2026-09-08,4,Validation,584,15:20:07.000,15:20:07.000,0,6175
2026-09-04,2026-09-08,4,Validation,585,15:20:08.000,15:20:08.000,0,4290
2026-09-04,2026-09-08,4,Validation,586,15:20:08.000,15:20:11.000,3,2730
2026-09-04,2026-09-08,4,Validation,587,15:20:11.000,15:20:23.000,12,4485
2026-09-04,2026-09-08,4,Validation,588,15:20:23.000,15:20:26.000,3,2665
2026-09-04,2026-09-08,4,Validation,589,15:20:26.000,15:21:01.000,35,2600
2026-09-04,2026-09-08,4,Validation,590,15:21:01.000,15:21:44.000,43,2990
2026-09-04,2026-09-08,4,Validation,591,15:21:44.000,15:22:05.000,21,2730
2026-09-04,2026-09-08,4,Validation,592,15:22:05.000,15:22:17.000,12,2860
2026-09-04,2026-09-08,4,Validation,593,15:22:17.000,15:22:58.000,41,2600
2026-09-04,2026-09-08,4,Validation,594,15:22:58.000,15:23:41.000,43,2600
2026-09-04,2026-09-08,4,Validation,595,15:23:41.000,15:24:04.000,23,2730
2026-09-04,2026-09-08,4,Validation,596,15:24:04.000,15:24:47.000,43,2730
2026-09-04,2026-09-08,4,Validation,597,15:24:47.000,15:25:20.000,33,2665
2026-09-04,2026-09-08,4,Validation,598,15:25:20.000,15:26:03.000,43,3120
2026-09-04,2026-09-08,4,Validation,599,15:26:03.000,15:26:16.000,13,3770
2026-09-04,2026-09-08,4,Validation,600,15:26:16.000,15:26:34.000,18,2860
2026-09-04,2026-09-08,4,Validation,601,15:26:34.000,15:26:47.000,13,2730
2026-09-04,2026-09-08,4,Validation,602,15:26:47.000,15:27:29.000,42,2860
2026-09-04,2026-09-08,4,Validation,603,15:27:29.000,15:27:38.000,9,3835
2026-09-04,2026-09-08,4,Validation,604,15:27:38.000,15:27:59.000,21,2665
2026-09-04,2026-09-08,4,Validation,605,15:27:59.000,15:28:38.000,39,3120
2026-09-04,2026-09-08,4,Validation,606,15:28:38.000,15:28:50.000,12,4290
2026-09-04,2026-09-08,4,Validation,607,15:28:50.000,15:28:58.000,8,2600
2026-09-04,2026-09-08,4,Validation,608,15:28:58.000,15:29:05.000,7,2990
2026-09-04,2026-09-08,4,Validation,609,15:29:05.000,15:29:16.000,11,2990
2026-09-04,2026-09-08,4,Validation,610,15:29:16.000,15:29:19.000,3,2925
2026-09-04,2026-09-08,4,Validation,611,15:29:19.000,15:29:33.000,14,6110
2026-09-04,2026-09-08,4,Validation,612,15:29:33.000,15:29:33.000,0,3510
2026-09-04,2026-09-08,4,Validation,613,15:29:34.000,15:29:38.000,4,3185
2026-09-04,2026-09-08,4,Validation,614,15:29:38.000,15:29:50.000,12,3445
2026-09-04,2026-09-08,4,Validation,615,15:29:50.000,15:29:56.000,6,4290
2026-09-04,2026-09-08,4,Validation,616,15:29:56.000,15:29:59.000,3,2665
2026-09-04,2026-09-08,4,Validation,617,15:29:59.000,15:30:00.000,1,65
2026-09-08,2026-09-08,0,Validation,0,09:15:00.000,09:15:03.000,3,6110
2026-09-08,2026-09-08,0,Validation,1,09:15:03.000,09:15:03.000,0,3510
2026-09-08,2026-09-08,0,Validation,2,09:15:04.000,09:15:04.000,0,3640
2026-09-08,2026-09-08,0,Validation,3,09:15:04.000,09:15:06.000,2,7930
2026-09-08,2026-09-08,0,Validation,4,09:15:06.000,09:15:06.000,0,5330
2026-09-08,2026-09-08,0,Validation,5,09:15:07.000,09:15:07.000,0,2730
2026-09-08,2026-09-08,0,Validation,6,09:15:07.000,09:15:07.000,0,3575
2026-09-08,2026-09-08,0,Validation,7,09:15:07.000,09:15:09.000,2,4030
2026-09-08,2026-09-08,0,Validation,8,09:15:09.000,09:15:10.000,1,3640
2026-09-08,2026-09-08,0,Validation,9,09:15:10.000,09:15:14.000,4,3185
2026-09-08,2026-09-08,0,Validation,10,09:15:14.000,09:15:18.000,4,3185
2026-09-08,2026-09-08,0,Validation,11,09:15:18.000,09:15:22.000,4,2860
2026-09-08,2026-09-08,0,Validation,12,09:15:22.000,09:15:26.000,4,3770
2026-09-08,2026-09-08,0,Validation,13,09:15:26.000,09:15:28.000,2,3185
2026-09-08,2026-09-08,0,Validation,14,09:15:28.000,09:15:37.000,9,3510
2026-09-08,2026-09-08,0,Validation,15,09:15:37.000,09:15:42.000,5,2990
2026-09-08,2026-09-08,0,Validation,16,09:15:42.000,09:15:47.000,5,2665
2026-09-08,2026-09-08,0,Validation,17,09:15:47.000,09:15:52.000,5,3705
2026-09-08,2026-09-08,0,Validation,18,09:15:52.000,09:15:53.000,1,4745
2026-09-08,2026-09-08,0,Validation,19,09:15:53.000,09:15:56.000,3,4160
2026-09-08,2026-09-08,0,Validation,20,09:15:56.000,09:16:01.000,5,3575
2026-09-08,2026-09-08,0,Validation,21,09:16:01.000,09:16:04.000,3,2860
2026-09-08,2026-09-08,0,Validation,22,09:16:04.000,09:16:11.000,7,2665
2026-09-08,2026-09-08,0,Validation,23,09:16:11.000,09:16:16.000,5,2795
2026-09-08,2026-09-08,0,Validation,24,09:16:16.000,09:16:23.000,7,3055
2026-09-08,2026-09-08,0,Validation,25,09:16:23.000,09:16:31.000,8,3705
2026-09-08,2026-09-08,0,Validation,26,09:16:31.000,09:16:41.000,10,3055
2026-09-08,2026-09-08,0,Validation,27,09:16:41.000,09:16:49.000,8,2925
2026-09-08,2026-09-08,0,Validation,28,09:16:49.000,09:16:51.000,2,3445
2026-09-08,2026-09-08,0,Validation,29,09:16:51.000,09:16:59.000,8,2730
2026-09-08,2026-09-08,0,Validation,30,09:16:59.000,09:17:06.000,7,2925
2026-09-08,2026-09-08,0,Validation,31,09:17:06.000,09:17:12.000,6,2730
2026-09-08,2026-09-08,0,Validation,32,09:17:12.000,09:17:21.000,9,3640
2026-09-08,2026-09-08,0,Validation,33,09:17:21.000,09:17:24.000,3,3965
2026-09-08,2026-09-08,0,Validation,34,09:17:24.000,09:17:27.000,3,3900
2026-09-08,2026-09-08,0,Validation,35,09:17:27.000,09:17:29.000,2,2990
2026-09-08,2026-09-08,0,Validation,36,09:17:29.000,09:17:32.000,3,3055
2026-09-08,2026-09-08,0,Validation,37,09:17:32.000,09:17:42.000,10,3705
2026-09-08,2026-09-08,0,Validation,38,09:17:42.000,09:17:51.000,9,3510
2026-09-08,2026-09-08,0,Validation,39,09:17:51.000,09:17:57.000,6,2730
2026-09-08,2026-09-08,0,Validation,40,09:17:57.000,09:18:02.000,5,3185
2026-09-08,2026-09-08,0,Validation,41,09:18:02.000,09:18:14.000,12,3380
2026-09-08,2026-09-08,0,Validation,42,09:18:14.000,09:18:24.000,10,2600
2026-09-08,2026-09-08,0,Validation,43,09:18:24.000,09:18:29.000,5,3120
2026-09-08,2026-09-08,0,Validation,44,09:18:29.000,09:18:46.000,17,2990
2026-09-08,2026-09-08,0,Validation,45,09:18:46.000,09:18:57.000,11,3055
2026-09-08,2026-09-08,0,Validation,46,09:18:57.000,09:19:02.000,5,3445
2026-09-08,2026-09-08,0,Validation,47,09:19:02.000,09:19:09.000,7,2860
2026-09-08,2026-09-08,0,Validation,48,09:19:09.000,09:19:14.000,5,3185
2026-09-08,2026-09-08,0,Validation,49,09:19:14.000,09:19:22.000,8,2925
2026-09-08,2026-09-08,0,Validation,50,09:19:22.000,09:19:26.000,4,5005
2026-09-08,2026-09-08,0,Validation,51,09:19:26.000,09:19:27.000,1,2665
2026-09-08,2026-09-08,0,Validation,52,09:19:27.000,09:19:39.000,12,3770
2026-09-08,2026-09-08,0,Validation,53,09:19:39.000,09:19:47.000,8,2795
2026-09-08,2026-09-08,0,Validation,54,09:19:47.000,09:19:54.000,7,2665
2026-09-08,2026-09-08,0,Validation,55,09:19:54.000,09:20:09.000,15,2730
2026-09-08,2026-09-08,0,Validation,56,09:20:09.000,09:20:22.000,13,2600
2026-09-08,2026-09-08,0,Validation,57,09:20:22.000,09:20:39.000,17,2730
2026-09-08,2026-09-08,0,Validation,58,09:20:39.000,09:20:57.000,18,2665
2026-09-08,2026-09-08,0,Validation,59,09:20:57.000,09:21:12.000,15,2600
2026-09-08,2026-09-08,0,Validation,60,09:21:12.000,09:21:31.000,19,2665
2026-09-08,2026-09-08,0,Validation,61,09:21:31.000,09:21:42.000,11,2600
2026-09-08,2026-09-08,0,Validation,62,09:21:42.000,09:21:54.000,12,2600
2026-09-08,2026-09-08,0,Validation,63,09:21:54.000,09:22:07.000,13,2730
2026-09-08,2026-09-08,0,Validation,64,09:22:07.000,09:22:25.000,18,4290
2026-09-08,2026-09-08,0,Validation,65,09:22:25.000,09:22:29.000,4,2990
2026-09-08,2026-09-08,0,Validation,66,09:22:29.000,09:22:39.000,10,2665
2026-09-08,2026-09-08,0,Validation,67,09:22:39.000,09:22:44.000,5,4810
2026-09-08,2026-09-08,0,Validation,68,09:22:44.000,09:22:45.000,1,4940
2026-09-08,2026-09-08,0,Validation,69,09:22:45.000,09:22:47.000,2,4485
2026-09-08,2026-09-08,0,Validation,70,09:22:47.000,09:22:55.000,8,2665
2026-09-08,2026-09-08,0,Validation,71,09:22:55.000,09:23:14.000,19,2860
2026-09-08,2026-09-08,0,Validation,72,09:23:14.000,09:23:25.000,11,3055
2026-09-08,2026-09-08,0,Validation,73,09:23:25.000,09:23:34.000,9,6630
2026-09-08,2026-09-08,0,Validation,74,09:23:34.000,09:23:34.000,0,4030
2026-09-08,2026-09-08,0,Validation,75,09:23:34.000,09:23:45.000,11,2730
2026-09-08,2026-09-08,0,Validation,76,09:23:45.000,09:23:57.000,12,2600
2026-09-08,2026-09-08,0,Validation,77,09:23:57.000,09:24:20.000,23,3835
2026-09-08,2026-09-08,0,Validation,78,09:24:20.000,09:24:25.000,5,3120
2026-09-08,2026-09-08,0,Validation,79,09:24:25.000,09:24:39.000,14,2795
2026-09-08,2026-09-08,0,Validation,80,09:24:39.000,09:25:04.000,25,2600
2026-09-08,2026-09-08,0,Validation,81,09:25:04.000,09:25:09.000,5,5395
2026-09-08,2026-09-08,0,Validation,82,09:25:09.000,09:25:09.000,0,2795
2026-09-08,2026-09-08,0,Validation,83,09:25:10.000,09:25:21.000,11,2600
2026-09-08,2026-09-08,0,Validation,84,09:25:21.000,09:25:23.000,2,2990
2026-09-08,2026-09-08,0,Validation,85,09:25:23.000,09:25:31.000,8,2600
2026-09-08,2026-09-08,0,Validation,86,09:25:31.000,09:25:37.000,6,2795
2026-09-08,2026-09-08,0,Validation,87,09:25:37.000,09:25:41.000,4,5135
2026-09-08,2026-09-08,0,Validation,88,09:25:41.000,09:25:42.000,1,4030
2026-09-08,2026-09-08,0,Validation,89,09:25:42.000,09:25:44.000,2,3770
2026-09-08,2026-09-08,0,Validation,90,09:25:44.000,09:25:52.000,8,2600
2026-09-08,2026-09-08,0,Validation,91,09:25:52.000,09:26:02.000,10,2925
2026-09-08,2026-09-08,0,Validation,92,09:26:02.000,09:26:19.000,17,3835
2026-09-08,2026-09-08,0,Validation,93,09:26:19.000,09:26:20.000,1,3965
2026-09-08,2026-09-08,0,Validation,94,09:26:20.000,09:26:22.000,2,2600
2026-09-08,2026-09-08,0,Validation,95,09:26:22.000,09:26:30.000,8,2665
2026-09-08,2026-09-08,0,Validation,96,09:26:30.000,09:26:40.000,10,2795
2026-09-08,2026-09-08,0,Validation,97,09:26:40.000,09:26:46.000,6,2795
2026-09-08,2026-09-08,0,Validation,98,09:26:46.000,09:27:06.000,20,3705
2026-09-08,2026-09-08,0,Validation,99,09:27:06.000,09:27:16.000,10,4355
2026-09-08,2026-09-08,0,Validation,100,09:27:16.000,09:27:17.000,1,10465
2026-09-08,2026-09-08,0,Validation,101,09:27:17.000,09:27:17.000,0,7865
2026-09-08,2026-09-08,0,Validation,102,09:27:19.000,09:27:19.000,0,6240
2026-09-08,2026-09-08,0,Validation,103,09:27:19.000,09:27:19.000,0,3640
2026-09-08,2026-09-08,0,Validation,104,09:27:21.000,09:27:42.000,21,2600
2026-09-08,2026-09-08,0,Validation,105,09:27:42.000,09:27:55.000,13,3185
2026-09-08,2026-09-08,0,Validation,106,09:27:55.000,09:28:08.000,13,3380
2026-09-08,2026-09-08,0,Validation,107,09:28:08.000,09:28:18.000,10,2795
2026-09-08,2026-09-08,0,Validation,108,09:28:18.000,09:28:35.000,17,2730
2026-09-08,2026-09-08,0,Validation,109,09:28:35.000,09:28:43.000,8,2860
2026-09-08,2026-09-08,0,Validation,110,09:28:43.000,09:28:48.000,5,2795
2026-09-08,2026-09-08,0,Validation,111,09:28:48.000,09:29:00.000,12,4420
2026-09-08,2026-09-08,0,Validation,112,09:29:00.000,09:29:05.000,5,2795
2026-09-08,2026-09-08,0,Validation,113,09:29:05.000,09:29:24.000,19,2990
2026-09-08,2026-09-08,0,Validation,114,09:29:24.000,09:29:38.000,14,2730
2026-09-08,2026-09-08,0,Validation,115,09:29:38.000,09:29:48.000,10,3120
2026-09-08,2026-09-08,0,Validation,116,09:29:48.000,09:30:01.000,13,2600
2026-09-08,2026-09-08,0,Validation,117,09:30:01.000,09:30:14.000,13,2600
2026-09-08,2026-09-08,0,Validation,118,09:30:14.000,09:30:31.000,17,2730
2026-09-08,2026-09-08,0,Validation,119,09:30:31.000,09:30:44.000,13,2860
2026-09-08,2026-09-08,0,Validation,120,09:30:44.000,09:30:58.000,14,2795
2026-09-08,2026-09-08,0,Validation,121,09:30:58.000,09:31:03.000,5,2600
2026-09-08,2026-09-08,0,Validation,122,09:31:03.000,09:31:19.000,16,2665
2026-09-08,2026-09-08,0,Validation,123,09:31:19.000,09:31:40.000,21,2860
2026-09-08,2026-09-08,0,Validation,124,09:31:40.000,09:32:05.000,25,2665
2026-09-08,2026-09-08,0,Validation,125,09:32:05.000,09:32:11.000,6,3705
2026-09-08,2026-09-08,0,Validation,126,09:32:11.000,09:32:21.000,10,2795
2026-09-08,2026-09-08,0,Validation,127,09:32:21.000,09:32:26.000,5,2990
2026-09-08,2026-09-08,0,Validation,128,09:32:26.000,09:32:31.000,5,2730
2026-09-08,2026-09-08,0,Validation,129,09:32:31.000,09:32:49.000,18,2600
2026-09-08,2026-09-08,0,Validation,130,09:32:49.000,09:33:11.000,22,3185
2026-09-08,2026-09-08,0,Validation,131,09:33:11.000,09:33:21.000,10,2600
2026-09-08,2026-09-08,0,Validation,132,09:33:21.000,09:33:39.000,18,2665
2026-09-08,2026-09-08,0,Validation,133,09:33:39.000,09:34:03.000,24,3185
2026-09-08,2026-09-08,0,Validation,134,09:34:03.000,09:34:10.000,7,2795
2026-09-08,2026-09-08,0,Validation,135,09:34:10.000,09:34:30.000,20,2600
2026-09-08,2026-09-08,0,Validation,136,09:34:30.000,09:34:36.000,6,2665
2026-09-08,2026-09-08,0,Validation,137,09:34:36.000,09:35:02.000,26,2730
2026-09-08,2026-09-08,0,Validation,138,09:35:02.000,09:35:07.000,5,3055
2026-09-08,2026-09-08,0,Validation,139,09:35:07.000,09:35:25.000,18,2665
2026-09-08,2026-09-08,0,Validation,140,09:35:25.000,09:35:30.000,5,2795
2026-09-08,2026-09-08,0,Validation,141,09:35:30.000,09:35:35.000,5,2795
2026-09-08,2026-09-08,0,Validation,142,09:35:35.000,09:35:55.000,20,2600
2026-09-08,2026-09-08,0,Validation,143,09:35:55.000,09:36:10.000,15,2795
2026-09-08,2026-09-08,0,Validation,144,09:36:10.000,09:36:34.000,24,2600
2026-09-08,2026-09-08,0,Validation,145,09:36:34.000,09:36:52.000,18,2730
2026-09-08,2026-09-08,0,Validation,146,09:36:52.000,09:37:05.000,13,2665
2026-09-08,2026-09-08,0,Validation,147,09:37:05.000,09:37:13.000,8,2600
2026-09-08,2026-09-08,0,Validation,148,09:37:13.000,09:37:20.000,7,2730
2026-09-08,2026-09-08,0,Validation,149,09:37:20.000,09:37:44.000,24,2665
2026-09-08,2026-09-08,0,Validation,150,09:37:44.000,09:37:58.000,14,2665
2026-09-08,2026-09-08,0,Validation,151,09:37:58.000,09:38:11.000,13,2600
2026-09-08,2026-09-08,0,Validation,152,09:38:11.000,09:38:31.000,20,2665
2026-09-08,2026-09-08,0,Validation,153,09:38:31.000,09:38:56.000,25,2925
2026-09-08,2026-09-08,0,Validation,154,09:38:56.000,09:39:21.000,25,2665
2026-09-08,2026-09-08,0,Validation,155,09:39:21.000,09:39:46.000,25,2600
2026-09-08,2026-09-08,0,Validation,156,09:39:46.000,09:40:27.000,41,2600
2026-09-08,2026-09-08,0,Validation,157,09:40:27.000,09:40:48.000,21,2600
2026-09-08,2026-09-08,0,Validation,158,09:40:48.000,09:41:20.000,32,2925
2026-09-08,2026-09-08,0,Validation,159,09:41:20.000,09:42:02.000,42,2860
2026-09-08,2026-09-08,0,Validation,160,09:42:02.000,09:42:22.000,20,4095
2026-09-08,2026-09-08,0,Validation,161,09:42:22.000,09:42:43.000,21,2600
2026-09-08,2026-09-08,0,Validation,162,09:42:43.000,09:42:58.000,15,3770
2026-09-08,2026-09-08,0,Validation,163,09:42:58.000,09:43:08.000,10,3640
2026-09-08,2026-09-08,0,Validation,164,09:43:08.000,09:43:12.000,4,2795
2026-09-08,2026-09-08,0,Validation,165,09:43:12.000,09:43:30.000,18,2925
2026-09-08,2026-09-08,0,Validation,166,09:43:30.000,09:43:44.000,14,4550
2026-09-08,2026-09-08,0,Validation,167,09:43:44.000,09:44:02.000,18,2925
2026-09-08,2026-09-08,0,Validation,168,09:44:02.000,09:44:36.000,34,2730
2026-09-08,2026-09-08,0,Validation,169,09:44:36.000,09:45:10.000,34,2600
2026-09-08,2026-09-08,0,Validation,170,09:45:10.000,09:45:18.000,8,2665
2026-09-08,2026-09-08,0,Validation,171,09:45:18.000,09:46:01.000,43,2600
2026-09-08,2026-09-08,0,Validation,172,09:46:01.000,09:46:16.000,15,3315
2026-09-08,2026-09-08,0,Validation,173,09:46:16.000,09:46:41.000,25,2730
2026-09-08,2026-09-08,0,Validation,174,09:46:41.000,09:47:11.000,30,2795
2026-09-08,2026-09-08,0,Validation,175,09:47:11.000,09:47:29.000,18,2860
2026-09-08,2026-09-08,0,Validation,176,09:47:29.000,09:47:37.000,8,2730
2026-09-08,2026-09-08,0,Validation,177,09:47:37.000,09:47:55.000,18,3055
2026-09-08,2026-09-08,0,Validation,178,09:47:55.000,09:48:14.000,19,2600
2026-09-08,2026-09-08,0,Validation,179,09:48:14.000,09:48:40.000,26,3640
2026-09-08,2026-09-08,0,Validation,180,09:48:40.000,09:48:58.000,18,2730
2026-09-08,2026-09-08,0,Validation,181,09:48:58.000,09:49:19.000,21,2665
2026-09-08,2026-09-08,0,Validation,182,09:49:19.000,09:49:29.000,10,3250
2026-09-08,2026-09-08,0,Validation,183,09:49:29.000,09:49:42.000,13,3250
2026-09-08,2026-09-08,0,Validation,184,09:49:42.000,09:49:52.000,10,2730
2026-09-08,2026-09-08,0,Validation,185,09:49:52.000,09:50:09.000,17,3510
2026-09-08,2026-09-08,0,Validation,186,09:50:09.000,09:50:19.000,10,2600
2026-09-08,2026-09-08,0,Validation,187,09:50:19.000,09:50:42.000,23,2665
2026-09-08,2026-09-08,0,Validation,188,09:50:42.000,09:51:06.000,24,2600
2026-09-08,2026-09-08,0,Validation,189,09:51:06.000,09:51:31.000,25,2730
2026-09-08,2026-09-08,0,Validation,190,09:51:31.000,09:51:47.000,16,3055
2026-09-08,2026-09-08,0,Validation,191,09:51:47.000,09:51:49.000,2,2925
2026-09-08,2026-09-08,0,Validation,192,09:51:49.000,09:51:57.000,8,2795
2026-09-08,2026-09-08,0,Validation,193,09:51:57.000,09:52:12.000,15,4030
2026-09-08,2026-09-08,0,Validation,194,09:52:12.000,09:52:20.000,8,3185
2026-09-08,2026-09-08,0,Validation,195,09:52:20.000,09:52:41.000,21,2730
2026-09-08,2026-09-08,0,Validation,196,09:52:41.000,09:53:02.000,21,3315
2026-09-08,2026-09-08,0,Validation,197,09:53:02.000,09:53:10.000,8,3120
2026-09-08,2026-09-08,0,Validation,198,09:53:10.000,09:53:26.000,16,2990
2026-09-08,2026-09-08,0,Validation,199,09:53:26.000,09:53:56.000,30,2795
2026-09-08,2026-09-08,0,Validation,200,09:53:56.000,09:54:07.000,11,2665
2026-09-08,2026-09-08,0,Validation,201,09:54:07.000,09:54:11.000,4,3445
2026-09-08,2026-09-08,0,Validation,202,09:54:11.000,09:54:22.000,11,2665
2026-09-08,2026-09-08,0,Validation,203,09:54:22.000,09:54:48.000,26,2665
2026-09-08,2026-09-08,0,Validation,204,09:54:48.000,09:55:11.000,23,3445
2026-09-08,2026-09-08,0,Validation,205,09:55:11.000,09:55:21.000,10,2925
2026-09-08,2026-09-08,0,Validation,206,09:55:21.000,09:55:51.000,30,2665
2026-09-08,2026-09-08,0,Validation,207,09:55:51.000,09:56:23.000,32,2600
2026-09-08,2026-09-08,0,Validation,208,09:56:23.000,09:56:46.000,23,2860
2026-09-08,2026-09-08,0,Validation,209,09:56:46.000,09:57:06.000,20,2665
2026-09-08,2026-09-08,0,Validation,210,09:57:06.000,09:57:40.000,34,3510
2026-09-08,2026-09-08,0,Validation,211,09:57:40.000,09:57:56.000,16,2730
2026-09-08,2026-09-08,0,Validation,212,09:57:56.000,09:58:22.000,26,2600
2026-09-08,2026-09-08,0,Validation,213,09:58:22.000,09:58:41.000,19,2795
2026-09-08,2026-09-08,0,Validation,214,09:58:41.000,09:58:50.000,9,3185
2026-09-08,2026-09-08,0,Validation,215,09:58:50.000,09:59:08.000,18,3055
2026-09-08,2026-09-08,0,Validation,216,09:59:08.000,09:59:14.000,6,3055
2026-09-08,2026-09-08,0,Validation,217,09:59:14.000,09:59:31.000,17,2665
2026-09-08,2026-09-08,0,Validation,218,09:59:31.000,09:59:39.000,8,2600
2026-09-08,2026-09-08,0,Validation,219,09:59:39.000,10:00:01.000,22,4095
2026-09-08,2026-09-08,0,Validation,220,10:00:01.000,10:00:07.000,6,3055
2026-09-08,2026-09-08,0,Validation,221,10:00:07.000,10:00:09.000,2,3120
2026-09-08,2026-09-08,0,Validation,222,10:00:09.000,10:00:24.000,15,2925
2026-09-08,2026-09-08,0,Validation,223,10:00:24.000,10:00:37.000,13,3315
2026-09-08,2026-09-08,0,Validation,224,10:00:37.000,10:00:47.000,10,2925
2026-09-08,2026-09-08,0,Validation,225,10:00:47.000,10:00:59.000,12,3120
2026-09-08,2026-09-08,0,Validation,226,10:00:59.000,10:01:22.000,23,2730
2026-09-08,2026-09-08,0,Validation,227,10:01:22.000,10:01:33.000,11,2925
2026-09-08,2026-09-08,0,Validation,228,10:01:33.000,10:01:56.000,23,2665
2026-09-08,2026-09-08,0,Validation,229,10:01:56.000,10:02:33.000,37,2665
2026-09-08,2026-09-08,0,Validation,230,10:02:33.000,10:03:02.000,29,2730
2026-09-08,2026-09-08,0,Validation,231,10:03:02.000,10:03:22.000,20,3120
2026-09-08,2026-09-08,0,Validation,232,10:03:22.000,10:03:41.000,19,2860
2026-09-08,2026-09-08,0,Validation,233,10:03:41.000,10:03:59.000,18,2730
2026-09-08,2026-09-08,0,Validation,234,10:03:59.000,10:04:13.000,14,2730
2026-09-08,2026-09-08,0,Validation,235,10:04:13.000,10:04:37.000,24,3120
2026-09-08,2026-09-08,0,Validation,236,10:04:37.000,10:04:50.000,13,4810
2026-09-08,2026-09-08,0,Validation,237,10:04:50.000,10:04:52.000,2,2665
2026-09-08,2026-09-08,0,Validation,238,10:04:52.000,10:05:16.000,24,2730
2026-09-08,2026-09-08,0,Validation,239,10:05:16.000,10:05:31.000,15,2665
2026-09-08,2026-09-08,0,Validation,240,10:05:31.000,10:05:49.000,18,2665
2026-09-08,2026-09-08,0,Validation,241,10:05:49.000,10:06:11.000,22,2600
2026-09-08,2026-09-08,0,Validation,242,10:06:11.000,10:06:34.000,23,2600
2026-09-08,2026-09-08,0,Validation,243,10:06:34.000,10:06:51.000,17,2795
2026-09-08,2026-09-08,0,Validation,244,10:06:51.000,10:07:00.000,9,14040
2026-09-08,2026-09-08,0,Validation,245,10:07:00.000,10:07:00.000,0,11440
2026-09-08,2026-09-08,0,Validation,246,10:07:02.000,10:07:02.000,0,9035
2026-09-08,2026-09-08,0,Validation,247,10:07:02.000,10:07:02.000,0,6435
2026-09-08,2026-09-08,0,Validation,248,10:07:04.000,10:07:04.000,0,3835
2026-09-08,2026-09-08,0,Validation,249,10:07:04.000,10:07:07.000,3,3965
2026-09-08,2026-09-08,0,Validation,250,10:07:07.000,10:07:15.000,8,2665
2026-09-08,2026-09-08,0,Validation,251,10:07:15.000,10:07:37.000,22,2860
2026-09-08,2026-09-08,0,Validation,252,10:07:37.000,10:08:05.000,28,2665
2026-09-08,2026-09-08,0,Validation,253,10:08:05.000,10:08:18.000,13,2600
2026-09-08,2026-09-08,0,Validation,254,10:08:18.000,10:08:38.000,20,3640
2026-09-08,2026-09-08,0,Validation,255,10:08:38.000,10:08:44.000,6,3185
2026-09-08,2026-09-08,0,Validation,256,10:08:44.000,10:09:09.000,25,2600
2026-09-08,2026-09-08,0,Validation,257,10:09:09.000,10:09:36.000,27,2730
2026-09-08,2026-09-08,0,Validation,258,10:09:36.000,10:09:47.000,11,2730
2026-09-08,2026-09-08,0,Validation,259,10:09:47.000,10:10:07.000,20,2665
2026-09-08,2026-09-08,0,Validation,260,10:10:07.000,10:10:33.000,26,2925
2026-09-08,2026-09-08,0,Validation,261,10:10:33.000,10:10:56.000,23,2600
2026-09-08,2026-09-08,0,Validation,262,10:10:56.000,10:11:16.000,20,2990
2026-09-08,2026-09-08,0,Validation,263,10:11:16.000,10:11:34.000,18,2600
2026-09-08,2026-09-08,0,Validation,264,10:11:34.000,10:11:49.000,15,2665
2026-09-08,2026-09-08,0,Validation,265,10:11:49.000,10:12:17.000,28,2600
2026-09-08,2026-09-08,0,Validation,266,10:12:17.000,10:14:37.000,140,27820
2026-09-08,2026-09-08,0,Validation,267,10:14:37.000,10:14:37.000,0,25220
2026-09-08,2026-09-08,0,Validation,268,10:14:38.000,10:14:38.000,0,22620
2026-09-08,2026-09-08,0,Validation,269,10:14:38.000,10:14:38.000,0,20020
2026-09-08,2026-09-08,0,Validation,270,10:14:39.000,10:14:39.000,0,17420
2026-09-08,2026-09-08,0,Validation,271,10:14:39.000,10:14:39.000,0,14820
2026-09-08,2026-09-08,0,Validation,272,10:14:39.000,10:14:39.000,0,12610
2026-09-08,2026-09-08,0,Validation,273,10:14:39.000,10:14:39.000,0,10010
2026-09-08,2026-09-08,0,Validation,274,10:14:40.000,10:14:40.000,0,7475
2026-09-08,2026-09-08,0,Validation,275,10:14:40.000,10:14:40.000,0,4875
2026-09-08,2026-09-08,0,Validation,276,10:14:42.000,10:14:44.000,2,3055
2026-09-08,2026-09-08,0,Validation,277,10:14:44.000,10:14:54.000,10,2730
2026-09-08,2026-09-08,0,Validation,278,10:14:54.000,10:15:02.000,8,2600
2026-09-08,2026-09-08,0,Validation,279,10:15:02.000,10:15:09.000,7,2600
2026-09-08,2026-09-08,0,Validation,280,10:15:09.000,10:15:14.000,5,3315
2026-09-08,2026-09-08,0,Validation,281,10:15:14.000,10:15:17.000,3,2730
2026-09-08,2026-09-08,0,Validation,282,10:15:17.000,10:15:25.000,8,2730
2026-09-08,2026-09-08,0,Validation,283,10:15:25.000,10:15:30.000,5,3120
2026-09-08,2026-09-08,0,Validation,284,10:15:30.000,10:15:44.000,14,3250
2026-09-08,2026-09-08,0,Validation,285,10:15:44.000,10:15:55.000,11,2600
2026-09-08,2026-09-08,0,Validation,286,10:15:55.000,10:16:15.000,20,2600
2026-09-08,2026-09-08,0,Validation,287,10:16:15.000,10:16:39.000,24,2990
2026-09-08,2026-09-08,0,Validation,288,10:16:39.000,10:17:15.000,36,3380
2026-09-08,2026-09-08,0,Validation,289,10:17:15.000,10:17:17.000,2,2665
2026-09-08,2026-09-08,0,Validation,290,10:17:17.000,10:17:32.000,15,2990
2026-09-08,2026-09-08,0,Validation,291,10:17:32.000,10:18:16.000,44,3445
2026-09-08,2026-09-08,0,Validation,292,10:18:16.000,10:18:23.000,7,2600
2026-09-08,2026-09-08,0,Validation,293,10:18:23.000,10:18:36.000,13,3380
2026-09-08,2026-09-08,0,Validation,294,10:18:36.000,10:18:47.000,11,3835
2026-09-08,2026-09-08,0,Validation,295,10:18:47.000,10:19:10.000,23,2795
2026-09-08,2026-09-08,0,Validation,296,10:19:10.000,10:19:25.000,15,2990
2026-09-08,2026-09-08,0,Validation,297,10:19:25.000,10:20:00.000,35,2600
2026-09-08,2026-09-08,0,Validation,298,10:20:00.000,10:21:02.000,62,2860
2026-09-08,2026-09-08,0,Validation,299,10:21:02.000,10:21:11.000,9,2925
2026-09-08,2026-09-08,0,Validation,300,10:21:11.000,10:21:44.000,33,3185
2026-09-08,2026-09-08,0,Validation,301,10:21:44.000,10:22:44.000,60,2600
2026-09-08,2026-09-08,0,Validation,302,10:22:44.000,10:22:54.000,10,2600
2026-09-08,2026-09-08,0,Validation,303,10:22:54.000,10:24:16.000,82,2860
2026-09-08,2026-09-08,0,Validation,304,10:24:16.000,10:25:11.000,55,2600
2026-09-08,2026-09-08,0,Validation,305,10:25:11.000,10:25:52.000,41,2600
2026-09-08,2026-09-08,0,Validation,306,10:25:52.000,10:26:54.000,62,2925
2026-09-08,2026-09-08,0,Validation,307,10:26:54.000,10:27:42.000,48,2730
2026-09-08,2026-09-08,0,Validation,308,10:27:42.000,10:28:26.000,44,3055
2026-09-08,2026-09-08,0,Validation,309,10:28:26.000,10:29:21.000,55,3445
2026-09-08,2026-09-08,0,Validation,310,10:29:21.000,10:30:27.000,66,2600
2026-09-08,2026-09-08,0,Validation,311,10:30:27.000,10:31:42.000,75,2665
2026-09-08,2026-09-08,0,Validation,312,10:31:42.000,10:32:42.000,60,2600
2026-09-08,2026-09-08,0,Validation,313,10:32:42.000,10:33:30.000,48,2600
2026-09-08,2026-09-08,0,Validation,314,10:33:30.000,10:34:45.000,75,2665
2026-09-08,2026-09-08,0,Validation,315,10:34:45.000,10:35:03.000,18,2600
2026-09-08,2026-09-08,0,Validation,316,10:35:03.000,10:35:34.000,31,2665
2026-09-08,2026-09-08,0,Validation,317,10:35:34.000,10:35:55.000,21,3900
2026-09-08,2026-09-08,0,Validation,318,10:35:55.000,10:36:05.000,10,3120
2026-09-08,2026-09-08,0,Validation,319,10:36:05.000,10:36:43.000,38,2665
2026-09-08,2026-09-08,0,Validation,320,10:36:43.000,10:36:57.000,14,5655
2026-09-08,2026-09-08,0,Validation,321,10:36:57.000,10:36:57.000,0,3055
2026-09-08,2026-09-08,0,Validation,322,10:36:58.000,10:37:07.000,9,2600
2026-09-08,2026-09-08,0,Validation,323,10:37:07.000,10:37:37.000,30,2795
2026-09-08,2026-09-08,0,Validation,324,10:37:37.000,10:38:03.000,26,2665
2026-09-08,2026-09-08,0,Validation,325,10:38:03.000,10:38:53.000,50,2925
2026-09-08,2026-09-08,0,Validation,326,10:38:53.000,10:39:49.000,56,2860
2026-09-08,2026-09-08,0,Validation,327,10:39:49.000,10:40:38.000,49,2665
2026-09-08,2026-09-08,0,Validation,328,10:40:38.000,10:40:51.000,13,2925
2026-09-08,2026-09-08,0,Validation,329,10:40:51.000,10:40:53.000,2,2665
2026-09-08,2026-09-08,0,Validation,330,10:40:53.000,10:41:15.000,22,2665
2026-09-08,2026-09-08,0,Validation,331,10:41:15.000,10:41:43.000,28,2600
2026-09-08,2026-09-08,0,Validation,332,10:41:43.000,10:42:20.000,37,2665
2026-09-08,2026-09-08,0,Validation,333,10:42:20.000,10:42:50.000,30,2600
2026-09-08,2026-09-08,0,Validation,334,10:42:50.000,10:43:18.000,28,3770
2026-09-08,2026-09-08,0,Validation,335,10:43:18.000,10:43:44.000,26,2860
2026-09-08,2026-09-08,0,Validation,336,10:43:44.000,10:44:24.000,40,2860
2026-09-08,2026-09-08,0,Validation,337,10:44:24.000,10:44:53.000,29,2730
2026-09-08,2026-09-08,0,Validation,338,10:44:53.000,10:45:25.000,32,2600
2026-09-08,2026-09-08,0,Validation,339,10:45:25.000,10:46:13.000,48,2795
2026-09-08,2026-09-08,0,Validation,340,10:46:13.000,10:46:59.000,46,2600
2026-09-08,2026-09-08,0,Validation,341,10:46:59.000,10:48:02.000,63,2600
2026-09-08,2026-09-08,0,Validation,342,10:48:02.000,10:49:03.000,61,3250
2026-09-08,2026-09-08,0,Validation,343,10:49:03.000,10:49:43.000,40,3120
2026-09-08,2026-09-08,0,Validation,344,10:49:43.000,10:50:26.000,43,3510
2026-09-08,2026-09-08,0,Validation,345,10:50:26.000,10:51:05.000,39,2795
2026-09-08,2026-09-08,0,Validation,346,10:51:05.000,10:52:10.000,65,2860
2026-09-08,2026-09-08,0,Validation,347,10:52:10.000,10:53:51.000,101,2925
2026-09-08,2026-09-08,0,Validation,348,10:53:51.000,10:54:59.000,68,2730
2026-09-08,2026-09-08,0,Validation,349,10:54:59.000,10:55:48.000,49,2730
2026-09-08,2026-09-08,0,Validation,350,10:55:48.000,10:57:44.000,116,2600
2026-09-08,2026-09-08,0,Validation,351,10:57:44.000,10:59:23.000,99,3250
2026-09-08,2026-09-08,0,Validation,352,10:59:23.000,11:00:49.000,86,2665
2026-09-08,2026-09-08,0,Validation,353,11:00:49.000,11:01:29.000,40,4095
2026-09-08,2026-09-08,0,Validation,354,11:01:29.000,11:02:08.000,39,2730
2026-09-08,2026-09-08,0,Validation,355,11:02:08.000,11:03:14.000,66,2795
2026-09-08,2026-09-08,0,Validation,356,11:03:14.000,11:03:38.000,24,2730
2026-09-08,2026-09-08,0,Validation,357,11:03:38.000,11:04:49.000,71,2600
2026-09-08,2026-09-08,0,Validation,358,11:04:49.000,11:06:09.000,80,3315
2026-09-08,2026-09-08,0,Validation,359,11:06:09.000,11:06:21.000,12,3120
2026-09-08,2026-09-08,0,Validation,360,11:06:21.000,11:06:29.000,8,2795
2026-09-08,2026-09-08,0,Validation,361,11:06:29.000,11:07:02.000,33,2600
2026-09-08,2026-09-08,0,Validation,362,11:07:02.000,11:08:23.000,81,2600
2026-09-08,2026-09-08,0,Validation,363,11:08:23.000,11:09:06.000,43,3705
2026-09-08,2026-09-08,0,Validation,364,11:09:06.000,11:09:25.000,19,2600
2026-09-08,2026-09-08,0,Validation,365,11:09:25.000,11:09:49.000,24,2600
2026-09-08,2026-09-08,0,Validation,366,11:09:49.000,11:10:39.000,50,2665
2026-09-08,2026-09-08,0,Validation,367,11:10:39.000,11:12:19.000,100,2600
2026-09-08,2026-09-08,0,Validation,368,11:12:19.000,11:13:07.000,48,4225
2026-09-08,2026-09-08,0,Validation,369,11:13:07.000,11:13:24.000,17,2600
2026-09-08,2026-09-08,0,Validation,370,11:13:24.000,11:15:36.000,132,4095
2026-09-08,2026-09-08,0,Validation,371,11:15:36.000,11:16:11.000,35,2600
2026-09-08,2026-09-08,0,Validation,372,11:16:11.000,11:16:29.000,18,2730
2026-09-08,2026-09-08,0,Validation,373,11:16:29.000,11:17:14.000,45,2600
2026-09-08,2026-09-08,0,Validation,374,11:17:14.000,11:18:06.000,52,2730
2026-09-08,2026-09-08,0,Validation,375,11:18:06.000,11:19:03.000,57,2860
2026-09-08,2026-09-08,0,Validation,376,11:19:03.000,11:20:09.000,66,2600
2026-09-08,2026-09-08,0,Validation,377,11:20:09.000,11:22:00.000,111,3315
2026-09-08,2026-09-08,0,Validation,378,11:22:00.000,11:22:59.000,59,2600
2026-09-08,2026-09-08,0,Validation,379,11:22:59.000,11:24:39.000,100,2600
2026-09-08,2026-09-08,0,Validation,380,11:24:39.000,11:25:27.000,48,3705
2026-09-08,2026-09-08,0,Validation,381,11:25:27.000,11:26:24.000,57,2730
2026-09-08,2026-09-08,0,Validation,382,11:26:24.000,11:28:46.000,142,2600
2026-09-08,2026-09-08,0,Validation,383,11:28:46.000,11:31:45.000,179,9750
2026-09-08,2026-09-08,0,Validation,384,11:31:45.000,11:31:45.000,0,7150
2026-09-08,2026-09-08,0,Validation,385,11:31:47.000,11:31:47.000,0,4550
2026-09-08,2026-09-08,0,Validation,386,11:31:47.000,11:31:57.000,10,2860
2026-09-08,2026-09-08,0,Validation,387,11:31:57.000,11:33:22.000,85,2730
2026-09-08,2026-09-08,0,Validation,388,11:33:22.000,11:35:19.000,117,5395
2026-09-08,2026-09-08,0,Validation,389,11:35:19.000,11:35:19.000,0,2795
2026-09-08,2026-09-08,0,Validation,390,11:35:20.000,11:36:03.000,43,4485
2026-09-08,2026-09-08,0,Validation,391,11:36:03.000,11:36:05.000,2,3575
2026-09-08,2026-09-08,0,Validation,392,11:36:05.000,11:36:30.000,25,2665
2026-09-08,2026-09-08,0,Validation,393,11:36:30.000,11:36:45.000,15,2860
2026-09-08,2026-09-08,0,Validation,394,11:36:45.000,11:38:15.000,90,2600
2026-09-08,2026-09-08,0,Validation,395,11:38:15.000,11:39:22.000,67,2665
2026-09-08,2026-09-08,0,Validation,396,11:39:22.000,11:40:31.000,69,2730
2026-09-08,2026-09-08,0,Validation,397,11:40:31.000,11:42:15.000,104,2665
2026-09-08,2026-09-08,0,Validation,398,11:42:15.000,11:43:11.000,56,2665
2026-09-08,2026-09-08,0,Validation,399,11:43:11.000,11:43:37.000,26,2730
2026-09-08,2026-09-08,0,Validation,400,11:43:37.000,11:44:14.000,37,2600
2026-09-08,2026-09-08,0,Validation,401,11:44:14.000,11:45:06.000,52,2730
2026-09-08,2026-09-08,0,Validation,402,11:45:06.000,11:46:38.000,92,2600
2026-09-08,2026-09-08,0,Validation,403,11:46:38.000,11:48:17.000,99,3055
2026-09-08,2026-09-08,0,Validation,404,11:48:17.000,11:49:08.000,51,2990
2026-09-08,2026-09-08,0,Validation,405,11:49:08.000,11:49:26.000,18,2990
2026-09-08,2026-09-08,0,Validation,406,11:49:26.000,11:49:31.000,5,2600
2026-09-08,2026-09-08,0,Validation,407,11:49:31.000,11:49:36.000,5,5135
2026-09-08,2026-09-08,0,Validation,408,11:49:36.000,11:49:38.000,2,3120
2026-09-08,2026-09-08,0,Validation,409,11:49:38.000,11:49:51.000,13,2600
2026-09-08,2026-09-08,0,Validation,410,11:49:51.000,11:49:57.000,6,2860
2026-09-08,2026-09-08,0,Validation,411,11:49:57.000,11:50:06.000,9,2925
2026-09-08,2026-09-08,0,Validation,412,11:50:06.000,11:50:07.000,1,6045
2026-09-08,2026-09-08,0,Validation,413,11:50:07.000,11:50:07.000,0,3445
2026-09-08,2026-09-08,0,Validation,414,11:50:08.000,11:50:12.000,4,3120
2026-09-08,2026-09-08,0,Validation,415,11:50:12.000,11:50:16.000,4,4225
2026-09-08,2026-09-08,0,Validation,416,11:50:16.000,11:50:21.000,5,4550
2026-09-08,2026-09-08,0,Validation,417,11:50:21.000,11:50:22.000,1,2730
2026-09-08,2026-09-08,0,Validation,418,11:50:22.000,11:50:29.000,7,2665
2026-09-08,2026-09-08,0,Validation,419,11:50:29.000,11:50:39.000,10,2795
2026-09-08,2026-09-08,0,Validation,420,11:50:39.000,11:50:54.000,15,3055
2026-09-08,2026-09-08,0,Validation,421,11:50:54.000,11:50:57.000,3,2795
2026-09-08,2026-09-08,0,Validation,422,11:50:57.000,11:51:25.000,28,3185
2026-09-08,2026-09-08,0,Validation,423,11:51:25.000,11:51:49.000,24,3380
2026-09-08,2026-09-08,0,Validation,424,11:51:49.000,11:52:22.000,33,3510
2026-09-08,2026-09-08,0,Validation,425,11:52:22.000,11:52:29.000,7,3315
2026-09-08,2026-09-08,0,Validation,426,11:52:29.000,11:52:57.000,28,2990
2026-09-08,2026-09-08,0,Validation,427,11:52:57.000,11:53:25.000,28,2665
2026-09-08,2026-09-08,0,Validation,428,11:53:25.000,11:53:28.000,3,6760
2026-09-08,2026-09-08,0,Validation,429,11:53:28.000,11:53:28.000,0,4160
2026-09-08,2026-09-08,0,Validation,430,11:53:29.000,11:55:55.000,146,11830
2026-09-08,2026-09-08,0,Validation,431,11:55:55.000,11:55:55.000,0,9230
2026-09-08,2026-09-08,0,Validation,432,11:55:56.000,11:55:56.000,0,6630
2026-09-08,2026-09-08,0,Validation,433,11:55:56.000,11:55:56.000,0,4030
2026-09-08,2026-09-08,0,Validation,434,11:55:58.000,11:56:22.000,24,2860
2026-09-08,2026-09-08,0,Validation,435,11:56:22.000,11:56:46.000,24,2730
2026-09-08,2026-09-08,0,Validation,436,11:56:46.000,11:56:54.000,8,2600
2026-09-08,2026-09-08,0,Validation,437,11:56:54.000,11:57:24.000,30,2600
2026-09-08,2026-09-08,0,Validation,438,11:57:24.000,11:59:10.000,106,2665
2026-09-08,2026-09-08,0,Validation,439,11:59:10.000,12:00:01.000,51,2600
2026-09-08,2026-09-08,0,Validation,440,12:00:01.000,12:00:21.000,20,2600
2026-09-08,2026-09-08,0,Validation,441,12:00:21.000,12:00:39.000,18,5525
2026-09-08,2026-09-08,0,Validation,442,12:00:39.000,12:00:39.000,0,2925
2026-09-08,2026-09-08,0,Validation,443,12:00:41.000,12:00:41.000,0,3315
2026-09-08,2026-09-08,0,Validation,444,12:00:41.000,12:00:42.000,1,12480
2026-09-08,2026-09-08,0,Validation,445,12:00:42.000,12:00:42.000,0,9880
2026-09-08,2026-09-08,0,Validation,446,12:00:44.000,12:00:44.000,0,9360
2026-09-08,2026-09-08,0,Validation,447,12:00:44.000,12:00:44.000,0,6760
2026-09-08,2026-09-08,0,Validation,448,12:00:46.000,12:00:46.000,0,4160
2026-09-08,2026-09-08,0,Validation,449,12:00:46.000,12:00:56.000,10,3835
2026-09-08,2026-09-08,0,Validation,450,12:00:56.000,12:01:03.000,7,2600
2026-09-08,2026-09-08,0,Validation,451,12:01:03.000,12:01:31.000,28,2665
2026-09-08,2026-09-08,0,Validation,452,12:01:31.000,12:01:37.000,6,2730
2026-09-08,2026-09-08,0,Validation,453,12:01:37.000,12:01:42.000,5,3445
2026-09-08,2026-09-08,0,Validation,454,12:01:42.000,12:01:52.000,10,2795
2026-09-08,2026-09-08,0,Validation,455,12:01:52.000,12:02:04.000,12,2925
2026-09-08,2026-09-08,0,Validation,456,12:02:04.000,12:02:32.000,28,2665
2026-09-08,2026-09-08,0,Validation,457,12:02:32.000,12:03:02.000,30,2600
2026-09-08,2026-09-08,0,Validation,458,12:03:02.000,12:03:20.000,18,2600
2026-09-08,2026-09-08,0,Validation,459,12:03:20.000,12:03:33.000,13,2860
2026-09-08,2026-09-08,0,Validation,460,12:03:33.000,12:03:49.000,16,2665
2026-09-08,2026-09-08,0,Validation,461,12:03:49.000,12:03:59.000,10,2600
2026-09-08,2026-09-08,0,Validation,462,12:03:59.000,12:04:14.000,15,2730
2026-09-08,2026-09-08,0,Validation,463,12:04:14.000,12:04:22.000,8,2795
2026-09-08,2026-09-08,0,Validation,464,12:04:22.000,12:04:31.000,9,4680
2026-09-08,2026-09-08,0,Validation,465,12:04:31.000,12:04:34.000,3,2600
2026-09-08,2026-09-08,0,Validation,466,12:04:34.000,12:04:50.000,16,2730
2026-09-08,2026-09-08,0,Validation,467,12:04:50.000,12:04:59.000,9,2860
2026-09-08,2026-09-08,0,Validation,468,12:04:59.000,12:05:05.000,6,2860
2026-09-08,2026-09-08,0,Validation,469,12:05:05.000,12:05:09.000,4,9555
2026-09-08,2026-09-08,0,Validation,470,12:05:09.000,12:05:09.000,0,6955
2026-09-08,2026-09-08,0,Validation,471,12:05:10.000,12:05:10.000,0,4355
2026-09-08,2026-09-08,0,Validation,472,12:05:10.000,12:05:10.000,0,3315
2026-09-08,2026-09-08,0,Validation,473,12:05:10.000,12:05:30.000,20,2990
2026-09-08,2026-09-08,0,Validation,474,12:05:30.000,12:05:34.000,4,3185
2026-09-08,2026-09-08,0,Validation,475,12:05:34.000,12:05:40.000,6,3185
2026-09-08,2026-09-08,0,Validation,476,12:05:40.000,12:05:47.000,7,2600
2026-09-08,2026-09-08,0,Validation,477,12:05:47.000,12:06:03.000,16,4875
2026-09-08,2026-09-08,0,Validation,478,12:06:03.000,12:06:08.000,5,2860
2026-09-08,2026-09-08,0,Validation,479,12:06:08.000,12:06:18.000,10,4420
2026-09-08,2026-09-08,0,Validation,480,12:06:18.000,12:06:21.000,3,3055
2026-09-08,2026-09-08,0,Validation,481,12:06:21.000,12:06:35.000,14,2860
2026-09-08,2026-09-08,0,Validation,482,12:06:35.000,12:06:41.000,6,2990
2026-09-08,2026-09-08,0,Validation,483,12:06:41.000,12:06:49.000,8,3185
2026-09-08,2026-09-08,0,Validation,484,12:06:49.000,12:06:56.000,7,2860
2026-09-08,2026-09-08,0,Validation,485,12:06:56.000,12:07:13.000,17,2600
2026-09-08,2026-09-08,0,Validation,486,12:07:13.000,12:07:52.000,39,2600
2026-09-08,2026-09-08,0,Validation,487,12:07:52.000,12:08:18.000,26,2600
2026-09-08,2026-09-08,0,Validation,488,12:08:18.000,12:08:36.000,18,2600
2026-09-08,2026-09-08,0,Validation,489,12:08:36.000,12:08:45.000,9,3705
2026-09-08,2026-09-08,0,Validation,490,12:08:45.000,12:08:49.000,4,2730
2026-09-08,2026-09-08,0,Validation,491,12:08:49.000,12:08:59.000,10,3445
2026-09-08,2026-09-08,0,Validation,492,12:08:59.000,12:09:04.000,5,2860
2026-09-08,2026-09-08,0,Validation,493,12:09:04.000,12:09:21.000,17,2730
2026-09-08,2026-09-08,0,Validation,494,12:09:21.000,12:09:50.000,29,2795
2026-09-08,2026-09-08,0,Validation,495,12:09:50.000,12:10:53.000,63,2795
2026-09-08,2026-09-08,0,Validation,496,12:10:53.000,12:11:27.000,34,3640
2026-09-08,2026-09-08,0,Validation,497,12:11:27.000,12:11:39.000,12,2925
2026-09-08,2026-09-08,0,Validation,498,12:11:39.000,12:12:41.000,62,3250
2026-09-08,2026-09-08,0,Validation,499,12:12:41.000,12:13:31.000,50,2600
2026-09-08,2026-09-08,0,Validation,500,12:13:31.000,12:14:55.000,84,2860
2026-09-08,2026-09-08,0,Validation,501,12:14:55.000,12:15:29.000,34,2600
2026-09-08,2026-09-08,0,Validation,502,12:15:29.000,12:17:08.000,99,2600
2026-09-08,2026-09-08,0,Validation,503,12:17:08.000,12:17:37.000,29,2600
2026-09-08,2026-09-08,0,Validation,504,12:17:37.000,12:18:45.000,68,2665
2026-09-08,2026-09-08,0,Validation,505,12:18:45.000,12:19:22.000,37,2600
2026-09-08,2026-09-08,0,Validation,506,12:19:22.000,12:19:50.000,28,2665
2026-09-08,2026-09-08,0,Validation,507,12:19:50.000,12:20:32.000,42,2795
2026-09-08,2026-09-08,0,Validation,508,12:20:32.000,12:20:49.000,17,2600
2026-09-08,2026-09-08,0,Validation,509,12:20:49.000,12:21:06.000,17,2795
2026-09-08,2026-09-08,0,Validation,510,12:21:06.000,12:21:54.000,48,3250
2026-09-08,2026-09-08,0,Validation,511,12:21:54.000,12:22:18.000,24,3185
2026-09-08,2026-09-08,0,Validation,512,12:22:18.000,12:22:26.000,8,2665
2026-09-08,2026-09-08,0,Validation,513,12:22:26.000,12:23:21.000,55,2600
2026-09-08,2026-09-08,0,Validation,514,12:23:21.000,12:24:24.000,63,2665
2026-09-08,2026-09-08,0,Validation,515,12:24:24.000,12:24:50.000,26,2665
2026-09-08,2026-09-08,0,Validation,516,12:24:50.000,12:25:49.000,59,2665
2026-09-08,2026-09-08,0,Validation,517,12:25:49.000,12:26:44.000,55,2665
2026-09-08,2026-09-08,0,Validation,518,12:26:44.000,12:27:38.000,54,2990
2026-09-08,2026-09-08,0,Validation,519,12:27:38.000,12:28:25.000,47,2925
2026-09-08,2026-09-08,0,Validation,520,12:28:25.000,12:28:50.000,25,2860
2026-09-08,2026-09-08,0,Validation,521,12:28:50.000,12:29:06.000,16,2600
2026-09-08,2026-09-08,0,Validation,522,12:29:06.000,12:30:24.000,78,2730
2026-09-08,2026-09-08,0,Validation,523,12:30:24.000,12:31:02.000,38,2600
2026-09-08,2026-09-08,0,Validation,524,12:31:02.000,12:31:26.000,24,2665
2026-09-08,2026-09-08,0,Validation,525,12:31:26.000,12:32:41.000,75,2600
2026-09-08,2026-09-08,0,Validation,526,12:32:41.000,12:33:50.000,69,2600
2026-09-08,2026-09-08,0,Validation,527,12:33:50.000,12:35:16.000,86,2600
2026-09-08,2026-09-08,0,Validation,528,12:35:16.000,12:35:28.000,12,2990
2026-09-08,2026-09-08,0,Validation,529,12:35:28.000,12:36:02.000,34,2600
2026-09-08,2026-09-08,0,Validation,530,12:36:02.000,12:36:48.000,46,2600
2026-09-08,2026-09-08,0,Validation,531,12:36:48.000,12:37:19.000,31,4095
2026-09-08,2026-09-08,0,Validation,532,12:37:19.000,12:37:23.000,4,3250
2026-09-08,2026-09-08,0,Validation,533,12:37:23.000,12:37:34.000,11,2600
2026-09-08,2026-09-08,0,Validation,534,12:37:34.000,12:37:47.000,13,2925
2026-09-08,2026-09-08,0,Validation,535,12:37:47.000,12:38:12.000,25,2925
2026-09-08,2026-09-08,0,Validation,536,12:38:12.000,12:38:46.000,34,2990
2026-09-08,2026-09-08,0,Validation,537,12:38:46.000,12:39:33.000,47,2730
2026-09-08,2026-09-08,0,Validation,538,12:39:33.000,12:40:46.000,73,2600
2026-09-08,2026-09-08,0,Validation,539,12:40:46.000,12:41:58.000,72,2600
2026-09-08,2026-09-08,0,Validation,540,12:41:58.000,12:43:07.000,69,2925
2026-09-08,2026-09-08,0,Validation,541,12:43:07.000,12:44:26.000,79,2600
2026-09-08,2026-09-08,0,Validation,542,12:44:26.000,12:45:30.000,64,4615
2026-09-08,2026-09-08,0,Validation,543,12:45:30.000,12:45:39.000,9,3445
2026-09-08,2026-09-08,0,Validation,544,12:45:39.000,12:46:39.000,60,2730
2026-09-08,2026-09-08,0,Validation,545,12:46:39.000,12:48:16.000,97,2600
2026-09-08,2026-09-08,0,Validation,546,12:48:16.000,12:49:21.000,65,2600
2026-09-08,2026-09-08,0,Validation,547,12:49:21.000,12:50:01.000,40,2600
2026-09-08,2026-09-08,0,Validation,548,12:50:01.000,12:51:21.000,80,2600
2026-09-08,2026-09-08,0,Validation,549,12:51:21.000,12:52:14.000,53,2665
2026-09-08,2026-09-08,0,Validation,550,12:52:14.000,12:53:33.000,79,2990
2026-09-08,2026-09-08,0,Validation,551,12:53:33.000,12:54:36.000,63,2730
2026-09-08,2026-09-08,0,Validation,552,12:54:36.000,12:55:27.000,51,2665
2026-09-08,2026-09-08,0,Validation,553,12:55:27.000,12:55:48.000,21,2665
2026-09-08,2026-09-08,0,Validation,554,12:55:48.000,12:57:01.000,73,2665
2026-09-08,2026-09-08,0,Validation,555,12:57:01.000,12:58:27.000,86,2600
2026-09-08,2026-09-08,0,Validation,556,12:58:27.000,12:59:30.000,63,2730
2026-09-08,2026-09-08,0,Validation,557,12:59:30.000,13:01:02.000,92,2600
2026-09-08,2026-09-08,0,Validation,558,13:01:02.000,13:03:35.000,153,2600
2026-09-08,2026-09-08,0,Validation,559,13:03:35.000,13:05:24.000,109,2665
2026-09-08,2026-09-08,0,Validation,560,13:05:24.000,13:06:16.000,52,3250
2026-09-08,2026-09-08,0,Validation,561,13:06:16.000,13:06:54.000,38,2860
2026-09-08,2026-09-08,0,Validation,562,13:06:54.000,13:09:36.000,162,2600
2026-09-08,2026-09-08,0,Validation,563,13:09:36.000,13:12:59.000,203,2600
2026-09-08,2026-09-08,0,Validation,564,13:12:59.000,13:15:45.000,166,2600
2026-09-08,2026-09-08,0,Validation,565,13:15:45.000,13:17:47.000,122,3315
2026-09-08,2026-09-08,0,Validation,566,13:17:47.000,13:18:06.000,19,2600
2026-09-08,2026-09-08,0,Validation,567,13:18:06.000,13:21:04.000,178,2600
2026-09-08,2026-09-08,0,Validation,568,13:21:04.000,13:22:42.000,98,2665
2026-09-08,2026-09-08,0,Validation,569,13:22:42.000,13:24:14.000,92,2600
2026-09-08,2026-09-08,0,Validation,570,13:24:14.000,13:25:44.000,90,2795
2026-09-08,2026-09-08,0,Validation,571,13:25:44.000,13:26:36.000,52,2795
2026-09-08,2026-09-08,0,Validation,572,13:26:36.000,13:27:05.000,29,2860
2026-09-08,2026-09-08,0,Validation,573,13:27:05.000,13:27:39.000,34,2860
2026-09-08,2026-09-08,0,Validation,574,13:27:39.000,13:29:02.000,83,2600
2026-09-08,2026-09-08,0,Validation,575,13:29:02.000,13:30:07.000,65,2600
2026-09-08,2026-09-08,0,Validation,576,13:30:07.000,13:30:53.000,46,2795
2026-09-08,2026-09-08,0,Validation,577,13:30:53.000,13:31:46.000,53,3770
2026-09-08,2026-09-08,0,Validation,578,13:31:46.000,13:32:06.000,20,2600
2026-09-08,2026-09-08,0,Validation,579,13:32:06.000,13:33:04.000,58,2665
2026-09-08,2026-09-08,0,Validation,580,13:33:04.000,13:33:24.000,20,3575
2026-09-08,2026-09-08,0,Validation,581,13:33:24.000,13:34:11.000,47,3315
2026-09-08,2026-09-08,0,Validation,582,13:34:11.000,13:34:57.000,46,2665
2026-09-08,2026-09-08,0,Validation,583,13:34:57.000,13:37:25.000,148,2990
2026-09-08,2026-09-08,0,Validation,584,13:37:25.000,13:38:51.000,86,2860
2026-09-08,2026-09-08,0,Validation,585,13:38:51.000,13:39:51.000,60,2600
2026-09-08,2026-09-08,0,Validation,586,13:39:51.000,13:41:51.000,120,3250
2026-09-08,2026-09-08,0,Validation,587,13:41:51.000,13:42:45.000,54,2795
2026-09-08,2026-09-08,0,Validation,588,13:42:45.000,13:43:03.000,18,3510
2026-09-08,2026-09-08,0,Validation,589,13:43:03.000,13:43:16.000,13,2730
2026-09-08,2026-09-08,0,Validation,590,13:43:16.000,13:43:46.000,30,2860
2026-09-08,2026-09-08,0,Validation,591,13:43:46.000,13:44:28.000,42,2990
2026-09-08,2026-09-08,0,Validation,592,13:44:28.000,13:45:10.000,42,2795
2026-09-08,2026-09-08,0,Validation,593,13:45:10.000,13:45:28.000,18,2600
2026-09-08,2026-09-08,0,Validation,594,13:45:28.000,13:46:10.000,42,5980
2026-09-08,2026-09-08,0,Validation,595,13:46:10.000,13:46:10.000,0,3380
2026-09-08,2026-09-08,0,Validation,596,13:46:12.000,13:46:23.000,11,3965
2026-09-08,2026-09-08,0,Validation,597,13:46:23.000,13:47:18.000,55,2730
2026-09-08,2026-09-08,0,Validation,598,13:47:18.000,13:48:28.000,70,2730
2026-09-08,2026-09-08,0,Validation,599,13:48:28.000,13:50:53.000,145,2600
2026-09-08,2026-09-08,0,Validation,600,13:50:53.000,13:51:03.000,10,2600
2026-09-08,2026-09-08,0,Validation,601,13:51:03.000,13:51:14.000,11,7670
2026-09-08,2026-09-08,0,Validation,602,13:51:14.000,13:51:14.000,0,5070
2026-09-08,2026-09-08,0,Validation,603,13:51:15.000,13:51:16.000,1,2925
2026-09-08,2026-09-08,0,Validation,604,13:51:16.000,13:51:22.000,6,3250
2026-09-08,2026-09-08,0,Validation,605,13:51:22.000,13:51:30.000,8,2860
2026-09-08,2026-09-08,0,Validation,606,13:51:30.000,13:51:32.000,2,3120
2026-09-08,2026-09-08,0,Validation,607,13:51:32.000,13:51:35.000,3,3055
2026-09-08,2026-09-08,0,Validation,608,13:51:35.000,13:51:51.000,16,2600
2026-09-08,2026-09-08,0,Validation,609,13:51:51.000,13:52:31.000,40,3770
2026-09-08,2026-09-08,0,Validation,610,13:52:31.000,13:53:03.000,32,2665
2026-09-08,2026-09-08,0,Validation,611,13:53:03.000,13:53:20.000,17,2795
2026-09-08,2026-09-08,0,Validation,612,13:53:20.000,13:53:52.000,32,2600
2026-09-08,2026-09-08,0,Validation,613,13:53:52.000,13:54:12.000,20,3185
2026-09-08,2026-09-08,0,Validation,614,13:54:12.000,13:54:42.000,30,2795
2026-09-08,2026-09-08,0,Validation,615,13:54:42.000,13:55:43.000,61,2600
2026-09-08,2026-09-08,0,Validation,616,13:55:43.000,13:56:12.000,29,2925
2026-09-08,2026-09-08,0,Validation,617,13:56:12.000,13:56:22.000,10,3250
2026-09-08,2026-09-08,0,Validation,618,13:56:22.000,13:56:48.000,26,2600
2026-09-08,2026-09-08,0,Validation,619,13:56:48.000,13:57:23.000,35,2665
2026-09-08,2026-09-08,0,Validation,620,13:57:23.000,13:58:05.000,42,2600
2026-09-08,2026-09-08,0,Validation,621,13:58:05.000,13:59:00.000,55,2600
2026-09-08,2026-09-08,0,Validation,622,13:59:00.000,13:59:47.000,47,2600
2026-09-08,2026-09-08,0,Validation,623,13:59:47.000,14:00:35.000,48,3315
2026-09-08,2026-09-08,0,Validation,624,14:00:35.000,14:01:36.000,61,2600
2026-09-08,2026-09-08,0,Validation,625,14:01:36.000,14:02:13.000,37,2665
2026-09-08,2026-09-08,0,Validation,626,14:02:13.000,14:02:38.000,25,3185
2026-09-08,2026-09-08,0,Validation,627,14:02:38.000,14:03:09.000,31,2925
2026-09-08,2026-09-08,0,Validation,628,14:03:09.000,14:03:38.000,29,2600
2026-09-08,2026-09-08,0,Validation,629,14:03:38.000,14:04:00.000,22,2730
2026-09-08,2026-09-08,0,Validation,630,14:04:00.000,14:04:53.000,53,2730
2026-09-08,2026-09-08,0,Validation,631,14:04:53.000,14:05:10.000,17,2990
2026-09-08,2026-09-08,0,Validation,632,14:05:10.000,14:05:38.000,28,4225
2026-09-08,2026-09-08,0,Validation,633,14:05:38.000,14:06:11.000,33,2600
2026-09-08,2026-09-08,0,Validation,634,14:06:11.000,14:07:24.000,73,2990
2026-09-08,2026-09-08,0,Validation,635,14:07:24.000,14:08:03.000,39,2860
2026-09-08,2026-09-08,0,Validation,636,14:08:03.000,14:09:35.000,92,2600
2026-09-08,2026-09-08,0,Validation,637,14:09:35.000,14:10:45.000,70,2795
2026-09-08,2026-09-08,0,Validation,638,14:10:45.000,14:12:22.000,97,2665
2026-09-08,2026-09-08,0,Validation,639,14:12:22.000,14:14:05.000,103,2600
2026-09-08,2026-09-08,0,Validation,640,14:14:05.000,14:14:55.000,50,2665
2026-09-08,2026-09-08,0,Validation,641,14:14:55.000,14:15:35.000,40,2665
2026-09-08,2026-09-08,0,Validation,642,14:15:35.000,14:15:48.000,13,2860
2026-09-08,2026-09-08,0,Validation,643,14:15:48.000,14:16:34.000,46,2600
2026-09-08,2026-09-08,0,Validation,644,14:16:34.000,14:17:56.000,82,2795
2026-09-08,2026-09-08,0,Validation,645,14:17:56.000,14:18:28.000,32,2600
2026-09-08,2026-09-08,0,Validation,646,14:18:28.000,14:20:24.000,116,3055
2026-09-08,2026-09-08,0,Validation,647,14:20:24.000,14:21:47.000,83,2990
2026-09-08,2026-09-08,0,Validation,648,14:21:47.000,14:23:23.000,96,2665
2026-09-08,2026-09-08,0,Validation,649,14:23:23.000,14:24:27.000,64,3120
2026-09-08,2026-09-08,0,Validation,650,14:24:27.000,14:25:20.000,53,2795
2026-09-08,2026-09-08,0,Validation,651,14:25:20.000,14:25:50.000,30,2665
2026-09-08,2026-09-08,0,Validation,652,14:25:50.000,14:26:11.000,21,2600
2026-09-08,2026-09-08,0,Validation,653,14:26:11.000,14:26:41.000,30,2600
2026-09-08,2026-09-08,0,Validation,654,14:26:41.000,14:26:55.000,14,3185
2026-09-08,2026-09-08,0,Validation,655,14:26:55.000,14:28:26.000,91,2600
2026-09-08,2026-09-08,0,Validation,656,14:28:26.000,14:29:41.000,75,3055
2026-09-08,2026-09-08,0,Validation,657,14:29:41.000,14:30:09.000,28,2600
2026-09-08,2026-09-08,0,Validation,658,14:30:09.000,14:32:00.000,111,2600
2026-09-08,2026-09-08,0,Validation,659,14:32:00.000,14:33:32.000,92,3185
2026-09-08,2026-09-08,0,Validation,660,14:33:32.000,14:34:56.000,84,3250
2026-09-08,2026-09-08,0,Validation,661,14:34:56.000,14:35:38.000,42,2600
2026-09-08,2026-09-08,0,Validation,662,14:35:38.000,14:37:24.000,106,2665
2026-09-08,2026-09-08,0,Validation,663,14:37:24.000,14:38:44.000,80,2600
2026-09-08,2026-09-08,0,Validation,664,14:38:44.000,14:39:04.000,20,2665
2026-09-08,2026-09-08,0,Validation,665,14:39:04.000,14:40:21.000,77,2730
2026-09-08,2026-09-08,0,Validation,666,14:40:21.000,14:40:58.000,37,2665
2026-09-08,2026-09-08,0,Validation,667,14:40:58.000,14:41:28.000,30,2600
2026-09-08,2026-09-08,0,Validation,668,14:41:28.000,14:42:51.000,83,3380
2026-09-08,2026-09-08,0,Validation,669,14:42:51.000,14:43:06.000,15,2795
2026-09-08,2026-09-08,0,Validation,670,14:43:06.000,14:43:49.000,43,3055
2026-09-08,2026-09-08,0,Validation,671,14:43:49.000,14:44:41.000,52,2600
2026-09-08,2026-09-08,0,Validation,672,14:44:41.000,14:45:33.000,52,2795
2026-09-08,2026-09-08,0,Validation,673,14:45:33.000,14:45:43.000,10,2795
2026-09-08,2026-09-08,0,Validation,674,14:45:43.000,14:45:47.000,4,2925
2026-09-08,2026-09-08,0,Validation,675,14:45:47.000,14:45:57.000,10,2860
2026-09-08,2026-09-08,0,Validation,676,14:45:57.000,14:46:03.000,6,2600
2026-09-08,2026-09-08,0,Validation,677,14:46:03.000,14:46:13.000,10,3055
2026-09-08,2026-09-08,0,Validation,678,14:46:13.000,14:46:23.000,10,3120
2026-09-08,2026-09-08,0,Validation,679,14:46:23.000,14:46:54.000,31,2600
2026-09-08,2026-09-08,0,Validation,680,14:46:54.000,14:47:14.000,20,4355
2026-09-08,2026-09-08,0,Validation,681,14:47:14.000,14:47:18.000,4,2730
2026-09-08,2026-09-08,0,Validation,682,14:47:18.000,14:48:36.000,78,2600
2026-09-08,2026-09-08,0,Validation,683,14:48:36.000,14:48:56.000,20,2600
2026-09-08,2026-09-08,0,Validation,684,14:48:56.000,14:49:22.000,26,2925
2026-09-08,2026-09-08,0,Validation,685,14:49:22.000,14:49:30.000,8,2860
2026-09-08,2026-09-08,0,Validation,686,14:49:30.000,14:50:50.000,80,3640
2026-09-08,2026-09-08,0,Validation,687,14:50:50.000,14:51:13.000,23,2665
2026-09-08,2026-09-08,0,Validation,688,14:51:13.000,14:51:56.000,43,2730
2026-09-08,2026-09-08,0,Validation,689,14:51:56.000,14:52:22.000,26,2860
2026-09-08,2026-09-08,0,Validation,690,14:52:22.000,14:53:10.000,48,2600
2026-09-08,2026-09-08,0,Validation,691,14:53:10.000,14:53:26.000,16,2600
2026-09-08,2026-09-08,0,Validation,692,14:53:26.000,14:54:20.000,54,3055
2026-09-08,2026-09-08,0,Validation,693,14:54:20.000,14:55:43.000,83,2730
2026-09-08,2026-09-08,0,Validation,694,14:55:43.000,14:57:01.000,78,2795
2026-09-08,2026-09-08,0,Validation,695,14:57:01.000,14:57:53.000,52,2600
2026-09-08,2026-09-08,0,Validation,696,14:57:53.000,14:58:18.000,25,2665
2026-09-08,2026-09-08,0,Validation,697,14:58:18.000,14:59:09.000,51,2600
2026-09-08,2026-09-08,0,Validation,698,14:59:09.000,15:00:24.000,75,2925
2026-09-08,2026-09-08,0,Validation,699,15:00:24.000,15:01:14.000,50,2665
2026-09-08,2026-09-08,0,Validation,700,15:01:14.000,15:02:20.000,66,2860
2026-09-08,2026-09-08,0,Validation,701,15:02:20.000,15:02:43.000,23,2665
2026-09-08,2026-09-08,0,Validation,702,15:02:43.000,15:04:13.000,90,7085
2026-09-08,2026-09-08,0,Validation,703,15:04:13.000,15:04:13.000,0,4485
2026-09-08,2026-09-08,0,Validation,704,15:04:14.000,15:04:28.000,14,2600
2026-09-08,2026-09-08,0,Validation,705,15:04:28.000,15:05:01.000,33,2730
2026-09-08,2026-09-08,0,Validation,706,15:05:01.000,15:06:06.000,65,2860
2026-09-08,2026-09-08,0,Validation,707,15:06:06.000,15:07:14.000,68,2600
2026-09-08,2026-09-08,0,Validation,708,15:07:14.000,15:07:55.000,41,2600
2026-09-08,2026-09-08,0,Validation,709,15:07:55.000,15:08:42.000,47,2665
2026-09-08,2026-09-08,0,Validation,710,15:08:42.000,15:09:35.000,53,2665
2026-09-08,2026-09-08,0,Validation,711,15:09:35.000,15:10:01.000,26,2600
2026-09-08,2026-09-08,0,Validation,712,15:10:01.000,15:10:06.000,5,2730
2026-09-08,2026-09-08,0,Validation,713,15:10:06.000,15:10:45.000,39,2665
2026-09-08,2026-09-08,0,Validation,714,15:10:45.000,15:10:54.000,9,3640
2026-09-08,2026-09-08,0,Validation,715,15:10:54.000,15:11:14.000,20,4030
2026-09-08,2026-09-08,0,Validation,716,15:11:14.000,15:11:28.000,14,2600
2026-09-08,2026-09-08,0,Validation,717,15:11:28.000,15:12:00.000,32,2600
2026-09-08,2026-09-08,0,Validation,718,15:12:00.000,15:12:19.000,19,3640
2026-09-08,2026-09-08,0,Validation,719,15:12:19.000,15:12:36.000,17,2600
2026-09-08,2026-09-08,0,Validation,720,15:12:36.000,15:12:58.000,22,2600
2026-09-08,2026-09-08,0,Validation,721,15:12:58.000,15:13:21.000,23,3705
2026-09-08,2026-09-08,0,Validation,722,15:13:21.000,15:13:26.000,5,2990
2026-09-08,2026-09-08,0,Validation,723,15:13:26.000,15:13:30.000,4,2795
2026-09-08,2026-09-08,0,Validation,724,15:13:30.000,15:13:53.000,23,3705
2026-09-08,2026-09-08,0,Validation,725,15:13:53.000,15:14:03.000,10,3120
2026-09-08,2026-09-08,0,Validation,726,15:14:03.000,15:14:05.000,2,3965
2026-09-08,2026-09-08,0,Validation,727,15:14:05.000,15:14:06.000,1,2990
2026-09-08,2026-09-08,0,Validation,728,15:14:06.000,15:14:11.000,5,2600
2026-09-08,2026-09-08,0,Validation,729,15:14:11.000,15:14:36.000,25,2860
2026-09-08,2026-09-08,0,Validation,730,15:14:36.000,15:15:04.000,28,2600
2026-09-08,2026-09-08,0,Validation,731,15:15:04.000,15:15:19.000,15,3770
2026-09-08,2026-09-08,0,Validation,732,15:15:19.000,15:15:20.000,1,2600
2026-09-08,2026-09-08,0,Validation,733,15:15:20.000,15:15:22.000,2,13715
2026-09-08,2026-09-08,0,Validation,734,15:15:22.000,15:15:22.000,0,11115
2026-09-08,2026-09-08,0,Validation,735,15:15:23.000,15:15:23.000,0,8515
2026-09-08,2026-09-08,0,Validation,736,15:15:23.000,15:15:23.000,0,5915
2026-09-08,2026-09-08,0,Validation,737,15:15:24.000,15:15:24.000,0,3510
2026-09-08,2026-09-08,0,Validation,738,15:15:24.000,15:15:27.000,3,3445
2026-09-08,2026-09-08,0,Validation,739,15:15:27.000,15:15:39.000,12,2600
2026-09-08,2026-09-08,0,Validation,740,15:15:39.000,15:15:57.000,18,3055
2026-09-08,2026-09-08,0,Validation,741,15:15:57.000,15:16:05.000,8,3120
2026-09-08,2026-09-08,0,Validation,742,15:16:05.000,15:16:27.000,22,3055
2026-09-08,2026-09-08,0,Validation,743,15:16:27.000,15:16:39.000,12,3315
2026-09-08,2026-09-08,0,Validation,744,15:16:39.000,15:17:08.000,29,2730
2026-09-08,2026-09-08,0,Validation,745,15:17:08.000,15:17:40.000,32,3055
2026-09-08,2026-09-08,0,Validation,746,15:17:40.000,15:18:04.000,24,2795
2026-09-08,2026-09-08,0,Validation,747,15:18:04.000,15:18:27.000,23,2665
2026-09-08,2026-09-08,0,Validation,748,15:18:27.000,15:18:50.000,23,2665
2026-09-08,2026-09-08,0,Validation,749,15:18:50.000,15:19:12.000,22,5720
2026-09-08,2026-09-08,0,Validation,750,15:19:12.000,15:19:12.000,0,3120
2026-09-08,2026-09-08,0,Validation,751,15:19:13.000,15:20:02.000,49,2860
2026-09-08,2026-09-08,0,Validation,752,15:20:02.000,15:20:17.000,15,2665
2026-09-08,2026-09-08,0,Validation,753,15:20:17.000,15:20:38.000,21,4420
2026-09-08,2026-09-08,0,Validation,754,15:20:38.000,15:20:40.000,2,2990
2026-09-08,2026-09-08,0,Validation,755,15:20:40.000,15:21:03.000,23,2795
2026-09-08,2026-09-08,0,Validation,756,15:21:03.000,15:21:10.000,7,2730
2026-09-08,2026-09-08,0,Validation,757,15:21:10.000,15:21:33.000,23,3250
2026-09-08,2026-09-08,0,Validation,758,15:21:33.000,15:21:44.000,11,3120
2026-09-08,2026-09-08,0,Validation,759,15:21:44.000,15:21:59.000,15,2990
2026-09-08,2026-09-08,0,Validation,760,15:21:59.000,15:22:07.000,8,2990
2026-09-08,2026-09-08,0,Validation,761,15:22:07.000,15:22:12.000,5,2600
2026-09-08,2026-09-08,0,Validation,762,15:22:12.000,15:22:31.000,19,2730
2026-09-08,2026-09-08,0,Validation,763,15:22:31.000,15:22:44.000,13,2600
2026-09-08,2026-09-08,0,Validation,764,15:22:44.000,15:24:39.000,115,9490
2026-09-08,2026-09-08,0,Validation,765,15:24:39.000,15:24:39.000,0,6890
2026-09-08,2026-09-08,0,Validation,766,15:24:40.000,15:24:40.000,0,4290
2026-09-08,2026-09-08,0,Validation,767,15:24:40.000,15:24:50.000,10,4680
2026-09-08,2026-09-08,0,Validation,768,15:24:50.000,15:24:51.000,1,4160
2026-09-08,2026-09-08,0,Validation,769,15:24:51.000,15:24:59.000,8,2990
2026-09-08,2026-09-08,0,Validation,770,15:24:59.000,15:25:23.000,24,2600
2026-09-08,2026-09-08,0,Validation,771,15:25:23.000,15:25:42.000,19,2795
2026-09-08,2026-09-08,0,Validation,772,15:25:42.000,15:25:59.000,17,2665
2026-09-08,2026-09-08,0,Validation,773,15:25:59.000,15:26:12.000,13,2665
2026-09-08,2026-09-08,0,Validation,774,15:26:12.000,15:26:17.000,5,2990
2026-09-08,2026-09-08,0,Validation,775,15:26:17.000,15:27:34.000,77,6825
2026-09-08,2026-09-08,0,Validation,776,15:27:34.000,15:27:34.000,0,4225
2026-09-08,2026-09-08,0,Validation,777,15:27:36.000,15:27:41.000,5,2600
2026-09-08,2026-09-08,0,Validation,778,15:27:41.000,15:27:47.000,6,3055
2026-09-08,2026-09-08,0,Validation,779,15:27:47.000,15:28:02.000,15,4355
2026-09-08,2026-09-08,0,Validation,780,15:28:02.000,15:28:16.000,14,2600
2026-09-08,2026-09-08,0,Validation,781,15:28:16.000,15:28:28.000,12,2600
2026-09-08,2026-09-08,0,Validation,782,15:28:28.000,15:28:36.000,8,5785
2026-09-08,2026-09-08,0,Validation,783,15:28:36.000,15:28:36.000,0,3185
2026-09-08,2026-09-08,0,Validation,784,15:28:36.000,15:28:49.000,13,3250
2026-09-08,2026-09-08,0,Validation,785,15:28:49.000,15:28:55.000,6,3250
2026-09-08,2026-09-08,0,Validation,786,15:28:55.000,15:29:02.000,7,4745
2026-09-08,2026-09-08,0,Validation,787,15:29:02.000,15:29:03.000,1,3575
2026-09-08,2026-09-08,0,Validation,788,15:29:03.000,15:29:06.000,3,4030
2026-09-08,2026-09-08,0,Validation,789,15:29:06.000,15:29:13.000,7,3380
2026-09-08,2026-09-08,0,Validation,790,15:29:13.000,15:29:14.000,1,5135
2026-09-08,2026-09-08,0,Validation,791,15:29:14.000,15:29:16.000,2,2730
2026-09-08,2026-09-08,0,Validation,792,15:29:16.000,15:29:39.000,23,2860
2026-09-08,2026-09-08,0,Validation,793,15:29:39.000,15:29:53.000,14,4550
2026-09-08,2026-09-08,0,Validation,794,15:29:53.000,15:29:58.000,5,2990
2026-09-08,2026-09-08,0,Validation,795,15:29:58.000,15:30:00.000,2,780
2026-09-09,2026-09-15,6,Validation,0,09:15:00.000,09:15:01.000,1,33150
2026-09-09,2026-09-15,6,Validation,1,09:15:01.000,09:15:01.000,0,30550
2026-09-09,2026-09-15,6,Validation,2,09:15:02.000,09:15:02.000,0,27950
2026-09-09,2026-09-15,6,Validation,3,09:15:02.000,09:15:02.000,0,25350
2026-09-09,2026-09-15,6,Validation,4,09:15:03.000,09:15:03.000,0,29185
2026-09-09,2026-09-15,6,Validation,5,09:15:03.000,09:15:03.000,0,26585
2026-09-09,2026-09-15,6,Validation,6,09:15:03.000,09:15:03.000,0,23985
2026-09-09,2026-09-15,6,Validation,7,09:15:03.000,09:15:03.000,0,21385
2026-09-09,2026-09-15,6,Validation,8,09:15:04.000,09:15:04.000,0,18785
2026-09-09,2026-09-15,6,Validation,9,09:15:04.000,09:15:04.000,0,16185
2026-09-09,2026-09-15,6,Validation,10,09:15:04.000,09:15:04.000,0,16835
2026-09-09,2026-09-15,6,Validation,11,09:15:04.000,09:15:04.000,0,14235
2026-09-09,2026-09-15,6,Validation,12,09:15:05.000,09:15:05.000,0,11635
2026-09-09,2026-09-15,6,Validation,13,09:15:05.000,09:15:05.000,0,9035
2026-09-09,2026-09-15,6,Validation,14,09:15:06.000,09:15:06.000,0,11050
2026-09-09,2026-09-15,6,Validation,15,09:15:06.000,09:15:06.000,0,8450
2026-09-09,2026-09-15,6,Validation,16,09:15:06.000,09:15:06.000,0,5850
2026-09-09,2026-09-15,6,Validation,17,09:15:06.000,09:15:06.000,0,3250
2026-09-09,2026-09-15,6,Validation,18,09:15:07.000,09:15:09.000,2,14690
2026-09-09,2026-09-15,6,Validation,19,09:15:09.000,09:15:09.000,0,12090
2026-09-09,2026-09-15,6,Validation,20,09:15:10.000,09:15:10.000,0,9490
2026-09-09,2026-09-15,6,Validation,21,09:15:10.000,09:15:10.000,0,6890
2026-09-09,2026-09-15,6,Validation,22,09:15:11.000,09:15:11.000,0,6500
2026-09-09,2026-09-15,6,Validation,23,09:15:11.000,09:15:11.000,0,3900
2026-09-09,2026-09-15,6,Validation,24,09:15:11.000,09:15:13.000,2,2730
2026-09-09,2026-09-15,6,Validation,25,09:15:13.000,09:15:14.000,1,3250
2026-09-09,2026-09-15,6,Validation,26,09:15:14.000,09:15:16.000,2,5395
2026-09-09,2026-09-15,6,Validation,27,09:15:16.000,09:15:16.000,0,2795
2026-09-09,2026-09-15,6,Validation,28,09:15:17.000,09:15:21.000,4,4875
2026-09-09,2026-09-15,6,Validation,29,09:15:21.000,09:15:22.000,1,4550
2026-09-09,2026-09-15,6,Validation,30,09:15:22.000,09:15:24.000,2,3185
2026-09-09,2026-09-15,6,Validation,31,09:15:24.000,09:15:28.000,4,3445
2026-09-09,2026-09-15,6,Validation,32,09:15:28.000,09:15:30.000,2,4420
2026-09-09,2026-09-15,6,Validation,33,09:15:30.000,09:15:32.000,2,7735
2026-09-09,2026-09-15,6,Validation,34,09:15:32.000,09:15:32.000,0,5135
2026-09-09,2026-09-15,6,Validation,35,09:15:32.000,09:15:33.000,1,3575
2026-09-09,2026-09-15,6,Validation,36,09:15:33.000,09:15:35.000,2,3250
2026-09-09,2026-09-15,6,Validation,37,09:15:35.000,09:15:38.000,3,12480
2026-09-09,2026-09-15,6,Validation,38,09:15:38.000,09:15:38.000,0,9880
2026-09-09,2026-09-15,6,Validation,39,09:15:39.000,09:15:39.000,0,7280
2026-09-09,2026-09-15,6,Validation,40,09:15:39.000,09:15:39.000,0,4680
2026-09-09,2026-09-15,6,Validation,41,09:15:40.000,09:15:40.000,0,3510
2026-09-09,2026-09-15,6,Validation,42,09:15:40.000,09:15:41.000,1,4550
2026-09-09,2026-09-15,6,Validation,43,09:15:41.000,09:15:43.000,2,8905
2026-09-09,2026-09-15,6,Validation,44,09:15:43.000,09:15:43.000,0,6305
2026-09-09,2026-09-15,6,Validation,45,09:15:43.000,09:15:43.000,0,3705
2026-09-09,2026-09-15,6,Validation,46,09:15:43.000,09:15:45.000,2,4680
2026-09-09,2026-09-15,6,Validation,47,09:15:45.000,09:16:20.000,35,36140
2026-09-09,2026-09-15,6,Validation,48,09:16:20.000,09:16:20.000,0,33540
2026-09-09,2026-09-15,6,Validation,49,09:16:20.000,09:16:20.000,0,33475
2026-09-09,2026-09-15,6,Validation,50,09:16:20.000,09:16:20.000,0,30875
2026-09-09,2026-09-15,6,Validation,51,09:16:21.000,09:16:21.000,0,28275
2026-09-09,2026-09-15,6,Validation,52,09:16:21.000,09:16:21.000,0,25675
2026-09-09,2026-09-15,6,Validation,53,09:16:22.000,09:16:22.000,0,25025
2026-09-09,2026-09-15,6,Validation,54,09:16:22.000,09:16:22.000,0,22425
2026-09-09,2026-09-15,6,Validation,55,09:16:22.000,09:16:22.000,0,19825
2026-09-09,2026-09-15,6,Validation,56,09:16:22.000,09:16:22.000,0,17225
2026-09-09,2026-09-15,6,Validation,57,09:16:23.000,09:16:23.000,0,14625
2026-09-09,2026-09-15,6,Validation,58,09:16:23.000,09:16:23.000,0,12025
2026-09-09,2026-09-15,6,Validation,59,09:16:24.000,09:16:24.000,0,10790
2026-09-09,2026-09-15,6,Validation,60,09:16:24.000,09:16:24.000,0,8190
2026-09-09,2026-09-15,6,Validation,61,09:16:25.000,09:16:25.000,0,5590
2026-09-09,2026-09-15,6,Validation,62,09:16:25.000,09:16:25.000,0,2990
2026-09-09,2026-09-15,6,Validation,63,09:16:25.000,09:16:25.000,0,4160
2026-09-09,2026-09-15,6,Validation,64,09:16:25.000,09:16:27.000,2,7930
2026-09-09,2026-09-15,6,Validation,65,09:16:27.000,09:16:27.000,0,5330
2026-09-09,2026-09-15,6,Validation,66,09:16:28.000,09:16:28.000,0,2730
2026-09-09,2026-09-15,6,Validation,67,09:16:28.000,09:16:30.000,2,3510
2026-09-09,2026-09-15,6,Validation,68,09:16:30.000,09:16:32.000,2,3575
2026-09-09,2026-09-15,6,Validation,69,09:16:32.000,09:16:35.000,3,3705
2026-09-09,2026-09-15,6,Validation,70,09:16:35.000,09:16:37.000,2,3705
2026-09-09,2026-09-15,6,Validation,71,09:16:37.000,09:16:40.000,3,2600
2026-09-09,2026-09-15,6,Validation,72,09:16:40.000,09:16:45.000,5,3120
2026-09-09,2026-09-15,6,Validation,73,09:16:45.000,09:16:50.000,5,2925
2026-09-09,2026-09-15,6,Validation,74,09:16:50.000,09:16:54.000,4,3120
2026-09-09,2026-09-15,6,Validation,75,09:16:54.000,09:16:59.000,5,3380
2026-09-09,2026-09-15,6,Validation,76,09:16:59.000,09:17:02.000,3,3185
2026-09-09,2026-09-15,6,Validation,77,09:17:02.000,09:17:05.000,3,2665
2026-09-09,2026-09-15,6,Validation,78,09:17:05.000,09:17:10.000,5,2860
2026-09-09,2026-09-15,6,Validation,79,09:17:10.000,09:17:12.000,2,2925
2026-09-09,2026-09-15,6,Validation,80,09:17:12.000,09:17:15.000,3,5525
2026-09-09,2026-09-15,6,Validation,81,09:17:15.000,09:17:15.000,0,2925
2026-09-09,2026-09-15,6,Validation,82,09:17:16.000,09:17:18.000,2,3250
2026-09-09,2026-09-15,6,Validation,83,09:17:18.000,09:17:20.000,2,2990
2026-09-09,2026-09-15,6,Validation,84,09:17:20.000,09:17:23.000,3,4160
2026-09-09,2026-09-15,6,Validation,85,09:17:23.000,09:17:25.000,2,5590
2026-09-09,2026-09-15,6,Validation,86,09:17:25.000,09:17:25.000,0,2990
2026-09-09,2026-09-15,6,Validation,87,09:17:26.000,09:17:28.000,2,7540
2026-09-09,2026-09-15,6,Validation,88,09:17:28.000,09:17:28.000,0,4940
2026-09-09,2026-09-15,6,Validation,89,09:17:29.000,09:17:30.000,1,6435
2026-09-09,2026-09-15,6,Validation,90,09:17:30.000,09:17:30.000,0,3835
2026-09-09,2026-09-15,6,Validation,91,09:17:31.000,09:17:35.000,4,2925
2026-09-09,2026-09-15,6,Validation,92,09:17:35.000,09:17:38.000,3,2795
2026-09-09,2026-09-15,6,Validation,93,09:17:38.000,09:17:45.000,7,3445
2026-09-09,2026-09-15,6,Validation,94,09:17:45.000,09:17:47.000,2,2795
2026-09-09,2026-09-15,6,Validation,95,09:17:47.000,09:17:50.000,3,2730
2026-09-09,2026-09-15,6,Validation,96,09:17:50.000,09:17:54.000,4,4225
2026-09-09,2026-09-15,6,Validation,97,09:17:54.000,09:17:57.000,3,3120
2026-09-09,2026-09-15,6,Validation,98,09:17:57.000,09:18:07.000,10,3120
2026-09-09,2026-09-15,6,Validation,99,09:18:07.000,09:18:14.000,7,2665
2026-09-09,2026-09-15,6,Validation,100,09:18:14.000,09:18:15.000,1,5525
2026-09-09,2026-09-15,6,Validation,101,09:18:15.000,09:18:15.000,0,2925
2026-09-09,2026-09-15,6,Validation,102,09:18:15.000,09:18:20.000,5,2795
2026-09-09,2026-09-15,6,Validation,103,09:18:20.000,09:18:32.000,12,3510
2026-09-09,2026-09-15,6,Validation,104,09:18:32.000,09:18:37.000,5,4095
2026-09-09,2026-09-15,6,Validation,105,09:18:37.000,09:18:39.000,2,4095
2026-09-09,2026-09-15,6,Validation,106,09:18:39.000,09:18:42.000,3,4290
2026-09-09,2026-09-15,6,Validation,107,09:18:42.000,09:18:44.000,2,2600
2026-09-09,2026-09-15,6,Validation,108,09:18:44.000,09:18:50.000,6,3120
2026-09-09,2026-09-15,6,Validation,109,09:18:50.000,09:18:52.000,2,5135
2026-09-09,2026-09-15,6,Validation,110,09:18:52.000,09:18:54.000,2,3965
2026-09-09,2026-09-15,6,Validation,111,09:18:54.000,09:18:55.000,1,4485
2026-09-09,2026-09-15,6,Validation,112,09:18:55.000,09:18:57.000,2,4680
2026-09-09,2026-09-15,6,Validation,113,09:18:57.000,09:18:59.000,2,2665
2026-09-09,2026-09-15,6,Validation,114,09:18:59.000,09:19:12.000,13,2795
2026-09-09,2026-09-15,6,Validation,115,09:19:12.000,09:19:19.000,7,5200
2026-09-09,2026-09-15,6,Validation,116,09:19:19.000,09:19:19.000,0,2600
2026-09-09,2026-09-15,6,Validation,117,09:19:19.000,09:19:27.000,8,3705
2026-09-09,2026-09-15,6,Validation,118,09:19:27.000,09:19:34.000,7,4355
2026-09-09,2026-09-15,6,Validation,119,09:19:34.000,09:19:37.000,3,3055
2026-09-09,2026-09-15,6,Validation,120,09:19:37.000,09:19:42.000,5,2990
2026-09-09,2026-09-15,6,Validation,121,09:19:42.000,09:19:54.000,12,2795
2026-09-09,2026-09-15,6,Validation,122,09:19:54.000,09:20:00.000,6,3445
2026-09-09,2026-09-15,6,Validation,123,09:20:00.000,09:20:09.000,9,4745
2026-09-09,2026-09-15,6,Validation,124,09:20:09.000,09:20:10.000,1,2795
2026-09-09,2026-09-15,6,Validation,125,09:20:10.000,09:20:27.000,17,2665
2026-09-09,2026-09-15,6,Validation,126,09:20:27.000,09:20:40.000,13,2795
2026-09-09,2026-09-15,6,Validation,127,09:20:40.000,09:20:55.000,15,2795
2026-09-09,2026-09-15,6,Validation,128,09:20:55.000,09:21:08.000,13,2925
2026-09-09,2026-09-15,6,Validation,129,09:21:08.000,09:21:13.000,5,4680
2026-09-09,2026-09-15,6,Validation,130,09:21:13.000,09:21:15.000,2,4225
2026-09-09,2026-09-15,6,Validation,131,09:21:15.000,09:21:21.000,6,4810
2026-09-09,2026-09-15,6,Validation,132,09:21:21.000,09:21:26.000,5,2665
2026-09-09,2026-09-15,6,Validation,133,09:21:26.000,09:21:34.000,8,2860
2026-09-09,2026-09-15,6,Validation,134,09:21:34.000,09:21:44.000,10,3770
2026-09-09,2026-09-15,6,Validation,135,09:21:44.000,09:21:49.000,5,3770
2026-09-09,2026-09-15,6,Validation,136,09:21:49.000,09:21:53.000,4,3900
2026-09-09,2026-09-15,6,Validation,137,09:21:53.000,09:21:54.000,1,2665
2026-09-09,2026-09-15,6,Validation,138,09:21:54.000,09:21:56.000,2,2730
2026-09-09,2026-09-15,6,Validation,139,09:21:56.000,09:22:04.000,8,2925
2026-09-09,2026-09-15,6,Validation,140,09:22:04.000,09:22:14.000,10,3185
2026-09-09,2026-09-15,6,Validation,141,09:22:14.000,09:22:19.000,5,10920
2026-09-09,2026-09-15,6,Validation,142,09:22:19.000,09:22:19.000,0,8320
2026-09-09,2026-09-15,6,Validation,143,09:22:20.000,09:22:20.000,0,5720
2026-09-09,2026-09-15,6,Validation,144,09:22:20.000,09:22:20.000,0,3120
2026-09-09,2026-09-15,6,Validation,145,09:22:21.000,09:22:26.000,5,3055
2026-09-09,2026-09-15,6,Validation,146,09:22:26.000,09:22:29.000,3,2665
2026-09-09,2026-09-15,6,Validation,147,09:22:29.000,09:22:48.000,19,2795
2026-09-09,2026-09-15,6,Validation,148,09:22:48.000,09:22:58.000,10,3055
2026-09-09,2026-09-15,6,Validation,149,09:22:58.000,09:23:04.000,6,2665
2026-09-09,2026-09-15,6,Validation,150,09:23:04.000,09:23:14.000,10,2730
2026-09-09,2026-09-15,6,Validation,151,09:23:14.000,09:23:22.000,8,2665
2026-09-09,2026-09-15,6,Validation,152,09:23:22.000,09:23:39.000,17,2925
2026-09-09,2026-09-15,6,Validation,153,09:23:39.000,09:24:04.000,25,2665
2026-09-09,2026-09-15,6,Validation,154,09:24:04.000,09:24:16.000,12,2990
2026-09-09,2026-09-15,6,Validation,155,09:24:16.000,09:24:31.000,15,3705
2026-09-09,2026-09-15,6,Validation,156,09:24:31.000,09:24:48.000,17,3055
2026-09-09,2026-09-15,6,Validation,157,09:24:48.000,09:24:53.000,5,3055
2026-09-09,2026-09-15,6,Validation,158,09:24:53.000,09:24:59.000,6,3640
2026-09-09,2026-09-15,6,Validation,159,09:24:59.000,09:25:06.000,7,2795
2026-09-09,2026-09-15,6,Validation,160,09:25:06.000,09:25:13.000,7,2795
2026-09-09,2026-09-15,6,Validation,161,09:25:13.000,09:25:28.000,15,4095
2026-09-09,2026-09-15,6,Validation,162,09:25:28.000,09:25:29.000,1,4420
2026-09-09,2026-09-15,6,Validation,163,09:25:29.000,09:25:34.000,5,2730
2026-09-09,2026-09-15,6,Validation,164,09:25:34.000,09:25:44.000,10,2730
2026-09-09,2026-09-15,6,Validation,165,09:25:44.000,09:25:51.000,7,5070
2026-09-09,2026-09-15,6,Validation,166,09:25:51.000,09:25:53.000,2,3120
2026-09-09,2026-09-15,6,Validation,167,09:25:53.000,09:26:01.000,8,3055
2026-09-09,2026-09-15,6,Validation,168,09:26:01.000,09:26:19.000,18,3055
2026-09-09,2026-09-15,6,Validation,169,09:26:19.000,09:26:34.000,15,3120
2026-09-09,2026-09-15,6,Validation,170,09:26:34.000,09:26:38.000,4,3315
2026-09-09,2026-09-15,6,Validation,171,09:26:38.000,09:26:39.000,1,5980
2026-09-09,2026-09-15,6,Validation,172,09:26:39.000,09:26:39.000,0,3380
2026-09-09,2026-09-15,6,Validation,173,09:26:40.000,09:26:41.000,1,4160
2026-09-09,2026-09-15,6,Validation,174,09:26:41.000,09:26:44.000,3,2600
2026-09-09,2026-09-15,6,Validation,175,09:26:44.000,09:27:04.000,20,3250
2026-09-09,2026-09-15,6,Validation,176,09:27:04.000,09:27:16.000,12,2665
2026-09-09,2026-09-15,6,Validation,177,09:27:16.000,09:27:29.000,13,3250
2026-09-09,2026-09-15,6,Validation,178,09:27:29.000,09:27:52.000,23,2730
2026-09-09,2026-09-15,6,Validation,179,09:27:52.000,09:28:04.000,12,2795
2026-09-09,2026-09-15,6,Validation,180,09:28:04.000,09:28:14.000,10,2600
2026-09-09,2026-09-15,6,Validation,181,09:28:14.000,09:28:28.000,14,2730
2026-09-09,2026-09-15,6,Validation,182,09:28:28.000,09:29:04.000,36,2860
2026-09-09,2026-09-15,6,Validation,183,09:29:04.000,09:29:17.000,13,2990
2026-09-09,2026-09-15,6,Validation,184,09:29:17.000,09:29:49.000,32,2990
2026-09-09,2026-09-15,6,Validation,185,09:29:49.000,09:30:14.000,25,2665
2026-09-09,2026-09-15,6,Validation,186,09:30:14.000,09:30:27.000,13,4420
2026-09-09,2026-09-15,6,Validation,187,09:30:27.000,09:30:36.000,9,3380
2026-09-09,2026-09-15,6,Validation,188,09:30:36.000,09:30:51.000,15,2600
2026-09-09,2026-09-15,6,Validation,189,09:30:51.000,09:31:12.000,21,2730
2026-09-09,2026-09-15,6,Validation,190,09:31:12.000,09:31:27.000,15,3315
2026-09-09,2026-09-15,6,Validation,191,09:31:27.000,09:31:39.000,12,2665
2026-09-09,2026-09-15,6,Validation,192,09:31:39.000,09:31:41.000,2,2990
2026-09-09,2026-09-15,6,Validation,193,09:31:41.000,09:31:51.000,10,2925
2026-09-09,2026-09-15,6,Validation,194,09:31:51.000,09:32:02.000,11,2730
2026-09-09,2026-09-15,6,Validation,195,09:32:02.000,09:32:09.000,7,11310
2026-09-09,2026-09-15,6,Validation,196,09:32:09.000,09:32:09.000,0,8710
2026-09-09,2026-09-15,6,Validation,197,09:32:10.000,09:32:10.000,0,6175
2026-09-09,2026-09-15,6,Validation,198,09:32:10.000,09:32:10.000,0,3575
2026-09-09,2026-09-15,6,Validation,199,09:32:12.000,09:32:37.000,25,2600
2026-09-09,2026-09-15,6,Validation,200,09:32:37.000,09:32:46.000,9,4160
2026-09-09,2026-09-15,6,Validation,201,09:32:46.000,09:32:59.000,13,2600
2026-09-09,2026-09-15,6,Validation,202,09:32:59.000,09:33:36.000,37,2600
2026-09-09,2026-09-15,6,Validation,203,09:33:36.000,09:34:01.000,25,2730
2026-09-09,2026-09-15,6,Validation,204,09:34:01.000,09:34:31.000,30,2860
2026-09-09,2026-09-15,6,Validation,205,09:34:31.000,09:35:04.000,33,2600
2026-09-09,2026-09-15,6,Validation,206,09:35:04.000,09:35:20.000,16,3510
2026-09-09,2026-09-15,6,Validation,207,09:35:20.000,09:35:29.000,9,3185
2026-09-09,2026-09-15,6,Validation,208,09:35:29.000,09:36:04.000,35,2600
2026-09-09,2026-09-15,6,Validation,209,09:36:04.000,09:36:34.000,30,2665
2026-09-09,2026-09-15,6,Validation,210,09:36:34.000,09:36:42.000,8,33410
2026-09-09,2026-09-15,6,Validation,211,09:36:42.000,09:36:42.000,0,30810
2026-09-09,2026-09-15,6,Validation,212,09:36:43.000,09:36:43.000,0,28210
2026-09-09,2026-09-15,6,Validation,213,09:36:43.000,09:36:43.000,0,25610
2026-09-09,2026-09-15,6,Validation,214,09:36:44.000,09:36:44.000,0,26130
2026-09-09,2026-09-15,6,Validation,215,09:36:44.000,09:36:44.000,0,23530
2026-09-09,2026-09-15,6,Validation,216,09:36:45.000,09:36:45.000,0,21775
2026-09-09,2026-09-15,6,Validation,217,09:36:45.000,09:36:45.000,0,19175
2026-09-09,2026-09-15,6,Validation,218,09:36:47.000,09:36:47.000,0,16835
2026-09-09,2026-09-15,6,Validation,219,09:36:47.000,09:36:47.000,0,14235
2026-09-09,2026-09-15,6,Validation,220,09:36:49.000,09:36:49.000,0,11700
2026-09-09,2026-09-15,6,Validation,221,09:36:49.000,09:36:49.000,0,9100
2026-09-09,2026-09-15,6,Validation,222,09:36:50.000,09:36:50.000,0,6630
2026-09-09,2026-09-15,6,Validation,223,09:36:50.000,09:36:50.000,0,4030
2026-09-09,2026-09-15,6,Validation,224,09:36:51.000,09:37:02.000,11,2665
2026-09-09,2026-09-15,6,Validation,225,09:37:02.000,09:37:23.000,21,2925
2026-09-09,2026-09-15,6,Validation,226,09:37:23.000,09:37:32.000,9,2600
2026-09-09,2026-09-15,6,Validation,227,09:37:32.000,09:37:47.000,15,2665
2026-09-09,2026-09-15,6,Validation,228,09:37:47.000,09:37:57.000,10,5265
2026-09-09,2026-09-15,6,Validation,229,09:37:57.000,09:37:57.000,0,2665
2026-09-09,2026-09-15,6,Validation,230,09:37:58.000,09:38:00.000,2,2600
2026-09-09,2026-09-15,6,Validation,231,09:38:00.000,09:38:28.000,28,4940
2026-09-09,2026-09-15,6,Validation,232,09:38:28.000,09:38:29.000,1,2795
2026-09-09,2026-09-15,6,Validation,233,09:38:29.000,09:38:36.000,7,3835
2026-09-09,2026-09-15,6,Validation,234,09:38:36.000,09:38:38.000,2,2730
2026-09-09,2026-09-15,6,Validation,235,09:38:38.000,09:38:59.000,21,3120
2026-09-09,2026-09-15,6,Validation,236,09:38:59.000,09:39:16.000,17,2925
2026-09-09,2026-09-15,6,Validation,237,09:39:16.000,09:39:21.000,5,3640
2026-09-09,2026-09-15,6,Validation,238,09:39:21.000,09:39:26.000,5,2730
2026-09-09,2026-09-15,6,Validation,239,09:39:26.000,09:39:49.000,23,2600
2026-09-09,2026-09-15,6,Validation,240,09:39:49.000,09:40:01.000,12,3900
2026-09-09,2026-09-15,6,Validation,241,09:40:01.000,09:40:07.000,6,2795
2026-09-09,2026-09-15,6,Validation,242,09:40:07.000,09:40:17.000,10,3575
2026-09-09,2026-09-15,6,Validation,243,09:40:17.000,09:40:32.000,15,4485
2026-09-09,2026-09-15,6,Validation,244,09:40:32.000,09:40:39.000,7,4225
2026-09-09,2026-09-15,6,Validation,245,09:40:39.000,09:40:47.000,8,2990
2026-09-09,2026-09-15,6,Validation,246,09:40:47.000,09:40:57.000,10,3380
2026-09-09,2026-09-15,6,Validation,247,09:40:57.000,09:41:04.000,7,2665
2026-09-09,2026-09-15,6,Validation,248,09:41:04.000,09:41:07.000,3,21385
2026-09-09,2026-09-15,6,Validation,249,09:41:07.000,09:41:07.000,0,18785
2026-09-09,2026-09-15,6,Validation,250,09:41:09.000,09:41:09.000,0,16185
2026-09-09,2026-09-15,6,Validation,251,09:41:09.000,09:41:09.000,0,13585
2026-09-09,2026-09-15,6,Validation,252,09:41:10.000,09:41:10.000,0,10985
2026-09-09,2026-09-15,6,Validation,253,09:41:10.000,09:41:10.000,0,8385
2026-09-09,2026-09-15,6,Validation,254,09:41:10.000,09:41:10.000,0,5850
2026-09-09,2026-09-15,6,Validation,255,09:41:10.000,09:41:10.000,0,3250
2026-09-09,2026-09-15,6,Validation,256,09:41:12.000,09:41:25.000,13,3185
2026-09-09,2026-09-15,6,Validation,257,09:41:25.000,09:41:51.000,26,2860
2026-09-09,2026-09-15,6,Validation,258,09:41:51.000,09:42:11.000,20,3055
2026-09-09,2026-09-15,6,Validation,259,09:42:11.000,09:42:27.000,16,2665
2026-09-09,2026-09-15,6,Validation,260,09:42:27.000,09:42:47.000,20,2665
2026-09-09,2026-09-15,6,Validation,261,09:42:47.000,09:43:04.000,17,2600
2026-09-09,2026-09-15,6,Validation,262,09:43:04.000,09:43:32.000,28,2600
2026-09-09,2026-09-15,6,Validation,263,09:43:32.000,09:44:04.000,32,2600
2026-09-09,2026-09-15,6,Validation,264,09:44:04.000,09:44:20.000,16,6500
2026-09-09,2026-09-15,6,Validation,265,09:44:20.000,09:44:20.000,0,3900
2026-09-09,2026-09-15,6,Validation,266,09:44:21.000,09:44:22.000,1,3250
2026-09-09,2026-09-15,6,Validation,267,09:44:22.000,09:44:55.000,33,2600
2026-09-09,2026-09-15,6,Validation,268,09:44:55.000,09:45:15.000,20,2860
2026-09-09,2026-09-15,6,Validation,269,09:45:15.000,09:45:18.000,3,10465
2026-09-09,2026-09-15,6,Validation,270,09:45:18.000,09:45:18.000,0,7865
2026-09-09,2026-09-15,6,Validation,271,09:45:19.000,09:45:19.000,0,5265
2026-09-09,2026-09-15,6,Validation,272,09:45:19.000,09:45:19.000,0,2665
2026-09-09,2026-09-15,6,Validation,273,09:45:20.000,09:45:42.000,22,2860
2026-09-09,2026-09-15,6,Validation,274,09:45:42.000,09:46:18.000,36,3055
2026-09-09,2026-09-15,6,Validation,275,09:46:18.000,09:47:25.000,67,2600
2026-09-09,2026-09-15,6,Validation,276,09:47:25.000,09:48:00.000,35,3380
2026-09-09,2026-09-15,6,Validation,277,09:48:00.000,09:48:05.000,5,2860
2026-09-09,2026-09-15,6,Validation,278,09:48:05.000,09:48:10.000,5,4030
2026-09-09,2026-09-15,6,Validation,279,09:48:10.000,09:48:15.000,5,4225
2026-09-09,2026-09-15,6,Validation,280,09:48:15.000,09:48:18.000,3,3510
2026-09-09,2026-09-15,6,Validation,281,09:48:18.000,09:48:23.000,5,3250
2026-09-09,2026-09-15,6,Validation,282,09:48:23.000,09:48:27.000,4,2860
2026-09-09,2026-09-15,6,Validation,283,09:48:27.000,09:48:37.000,10,3835
2026-09-09,2026-09-15,6,Validation,284,09:48:37.000,09:48:43.000,6,2600
2026-09-09,2026-09-15,6,Validation,285,09:48:43.000,09:49:06.000,23,3770
2026-09-09,2026-09-15,6,Validation,286,09:49:06.000,09:49:15.000,9,2795
2026-09-09,2026-09-15,6,Validation,287,09:49:15.000,09:49:35.000,20,2925
2026-09-09,2026-09-15,6,Validation,288,09:49:35.000,09:49:47.000,12,2600
2026-09-09,2026-09-15,6,Validation,289,09:49:47.000,09:50:00.000,13,3835
2026-09-09,2026-09-15,6,Validation,290,09:50:00.000,09:50:07.000,7,3185
2026-09-09,2026-09-15,6,Validation,291,09:50:07.000,09:50:15.000,8,3315
2026-09-09,2026-09-15,6,Validation,292,09:50:15.000,09:50:27.000,12,2665
2026-09-09,2026-09-15,6,Validation,293,09:50:27.000,09:50:32.000,5,2990
2026-09-09,2026-09-15,6,Validation,294,09:50:32.000,09:50:40.000,8,2795
2026-09-09,2026-09-15,6,Validation,295,09:50:40.000,09:50:43.000,3,2925
2026-09-09,2026-09-15,6,Validation,296,09:50:43.000,09:50:48.000,5,3640
2026-09-09,2026-09-15,6,Validation,297,09:50:48.000,09:50:50.000,2,3445
2026-09-09,2026-09-15,6,Validation,298,09:50:50.000,09:50:52.000,2,5850
2026-09-09,2026-09-15,6,Validation,299,09:50:52.000,09:50:52.000,0,3250
2026-09-09,2026-09-15,6,Validation,300,09:50:52.000,09:50:53.000,1,20345
2026-09-09,2026-09-15,6,Validation,301,09:50:53.000,09:50:53.000,0,17745
2026-09-09,2026-09-15,6,Validation,302,09:50:54.000,09:50:54.000,0,15145
2026-09-09,2026-09-15,6,Validation,303,09:50:54.000,09:50:54.000,0,12545
2026-09-09,2026-09-15,6,Validation,304,09:50:55.000,09:50:55.000,0,12350
2026-09-09,2026-09-15,6,Validation,305,09:50:55.000,09:50:55.000,0,9750
2026-09-09,2026-09-15,6,Validation,306,09:50:56.000,09:50:56.000,0,7150
2026-09-09,2026-09-15,6,Validation,307,09:50:56.000,09:50:56.000,0,4550
2026-09-09,2026-09-15,6,Validation,308,09:50:57.000,09:50:57.000,0,3120
2026-09-09,2026-09-15,6,Validation,309,09:50:57.000,09:51:06.000,9,2665
2026-09-09,2026-09-15,6,Validation,310,09:51:06.000,09:51:23.000,17,2665
2026-09-09,2026-09-15,6,Validation,311,09:51:23.000,09:51:31.000,8,3445
2026-09-09,2026-09-15,6,Validation,312,09:51:31.000,09:51:38.000,7,3120
2026-09-09,2026-09-15,6,Validation,313,09:51:38.000,09:52:07.000,29,3055
2026-09-09,2026-09-15,6,Validation,314,09:52:07.000,09:52:25.000,18,3120
2026-09-09,2026-09-15,6,Validation,315,09:52:25.000,09:52:40.000,15,4485
2026-09-09,2026-09-15,6,Validation,316,09:52:40.000,09:52:56.000,16,2600
2026-09-09,2026-09-15,6,Validation,317,09:52:56.000,09:53:26.000,30,2925
2026-09-09,2026-09-15,6,Validation,318,09:53:26.000,09:53:35.000,9,2990
2026-09-09,2026-09-15,6,Validation,319,09:53:35.000,09:54:11.000,36,3510
2026-09-09,2026-09-15,6,Validation,320,09:54:11.000,09:54:30.000,19,2600
2026-09-09,2026-09-15,6,Validation,321,09:54:30.000,09:55:28.000,58,5720
2026-09-09,2026-09-15,6,Validation,322,09:55:28.000,09:55:28.000,0,3120
2026-09-09,2026-09-15,6,Validation,323,09:55:28.000,09:55:41.000,13,2730
2026-09-09,2026-09-15,6,Validation,324,09:55:41.000,09:56:10.000,29,2665
2026-09-09,2026-09-15,6,Validation,325,09:56:10.000,09:56:35.000,25,2665
2026-09-09,2026-09-15,6,Validation,326,09:56:35.000,09:56:58.000,23,3185
2026-09-09,2026-09-15,6,Validation,327,09:56:58.000,09:57:13.000,15,3835
2026-09-09,2026-09-15,6,Validation,328,09:57:13.000,09:57:18.000,5,3900
2026-09-09,2026-09-15,6,Validation,329,09:57:18.000,09:57:21.000,3,3120
2026-09-09,2026-09-15,6,Validation,330,09:57:21.000,09:57:33.000,12,2665
2026-09-09,2026-09-15,6,Validation,331,09:57:33.000,09:58:13.000,40,2600
2026-09-09,2026-09-15,6,Validation,332,09:58:13.000,09:58:40.000,27,3510
2026-09-09,2026-09-15,6,Validation,333,09:58:40.000,09:58:41.000,1,10725
2026-09-09,2026-09-15,6,Validation,334,09:58:41.000,09:58:41.000,0,8125
2026-09-09,2026-09-15,6,Validation,335,09:58:43.000,09:58:43.000,0,6500
2026-09-09,2026-09-15,6,Validation,336,09:58:43.000,09:58:43.000,0,3900
2026-09-09,2026-09-15,6,Validation,337,09:58:45.000,09:58:45.000,0,11310
2026-09-09,2026-09-15,6,Validation,338,09:58:45.000,09:58:45.000,0,8710
2026-09-09,2026-09-15,6,Validation,339,09:58:46.000,09:58:46.000,0,6110
2026-09-09,2026-09-15,6,Validation,340,09:58:46.000,09:58:46.000,0,3510
2026-09-09,2026-09-15,6,Validation,341,09:58:46.000,09:58:46.000,0,4875
2026-09-09,2026-09-15,6,Validation,342,09:58:46.000,09:58:50.000,4,2665
2026-09-09,2026-09-15,6,Validation,343,09:58:50.000,09:59:13.000,23,2730
2026-09-09,2026-09-15,6,Validation,344,09:59:13.000,09:59:29.000,16,3055
2026-09-09,2026-09-15,6,Validation,345,09:59:29.000,09:59:48.000,19,2795
2026-09-09,2026-09-15,6,Validation,346,09:59:48.000,10:00:18.000,30,14495
2026-09-09,2026-09-15,6,Validation,347,10:00:18.000,10:00:18.000,0,11895
2026-09-09,2026-09-15,6,Validation,348,10:00:19.000,10:00:19.000,0,9295
2026-09-09,2026-09-15,6,Validation,349,10:00:19.000,10:00:19.000,0,6695
2026-09-09,2026-09-15,6,Validation,350,10:00:20.000,10:00:20.000,0,4680
2026-09-09,2026-09-15,6,Validation,351,10:00:20.000,10:00:21.000,1,3250
2026-09-09,2026-09-15,6,Validation,352,10:00:21.000,10:00:31.000,10,5135
2026-09-09,2026-09-15,6,Validation,353,10:00:31.000,10:00:33.000,2,2730
2026-09-09,2026-09-15,6,Validation,354,10:00:33.000,10:00:51.000,18,2600
2026-09-09,2026-09-15,6,Validation,355,10:00:51.000,10:00:58.000,7,4030
2026-09-09,2026-09-15,6,Validation,356,10:00:58.000,10:01:06.000,8,3315
2026-09-09,2026-09-15,6,Validation,357,10:01:06.000,10:01:16.000,10,3315
2026-09-09,2026-09-15,6,Validation,358,10:01:16.000,10:01:26.000,10,2990
2026-09-09,2026-09-15,6,Validation,359,10:01:26.000,10:01:29.000,3,4550
2026-09-09,2026-09-15,6,Validation,360,10:01:29.000,10:01:34.000,5,2795
2026-09-09,2026-09-15,6,Validation,361,10:01:34.000,10:01:41.000,7,5720
2026-09-09,2026-09-15,6,Validation,362,10:01:41.000,10:01:41.000,0,3120
2026-09-09,2026-09-15,6,Validation,363,10:01:42.000,10:01:46.000,4,7280
2026-09-09,2026-09-15,6,Validation,364,10:01:46.000,10:01:46.000,0,4680
2026-09-09,2026-09-15,6,Validation,365,10:01:47.000,10:01:49.000,2,3510
2026-09-09,2026-09-15,6,Validation,366,10:01:49.000,10:01:52.000,3,3120
2026-09-09,2026-09-15,6,Validation,367,10:01:52.000,10:02:02.000,10,2860
2026-09-09,2026-09-15,6,Validation,368,10:02:02.000,10:02:21.000,19,3120
2026-09-09,2026-09-15,6,Validation,369,10:02:21.000,10:02:32.000,11,2600
2026-09-09,2026-09-15,6,Validation,370,10:02:32.000,10:02:47.000,15,3055
2026-09-09,2026-09-15,6,Validation,371,10:02:47.000,10:02:57.000,10,2795
2026-09-09,2026-09-15,6,Validation,372,10:02:57.000,10:03:17.000,20,2730
2026-09-09,2026-09-15,6,Validation,373,10:03:17.000,10:03:37.000,20,2860
2026-09-09,2026-09-15,6,Validation,374,10:03:37.000,10:03:50.000,13,2925
2026-09-09,2026-09-15,6,Validation,375,10:03:50.000,10:03:54.000,4,3185
2026-09-09,2026-09-15,6,Validation,376,10:03:54.000,10:03:55.000,1,3055
2026-09-09,2026-09-15,6,Validation,377,10:03:55.000,10:04:12.000,17,3185
2026-09-09,2026-09-15,6,Validation,378,10:04:12.000,10:04:15.000,3,3380
2026-09-09,2026-09-15,6,Validation,379,10:04:15.000,10:04:38.000,23,2665
2026-09-09,2026-09-15,6,Validation,380,10:04:38.000,10:05:26.000,48,2665
2026-09-09,2026-09-15,6,Validation,381,10:05:26.000,10:05:56.000,30,2860
2026-09-09,2026-09-15,6,Validation,382,10:05:56.000,10:06:11.000,15,2990
2026-09-09,2026-09-15,6,Validation,383,10:06:11.000,10:06:17.000,6,2990
2026-09-09,2026-09-15,6,Validation,384,10:06:17.000,10:06:41.000,24,2665
2026-09-09,2026-09-15,6,Validation,385,10:06:41.000,10:06:52.000,11,3055
2026-09-09,2026-09-15,6,Validation,386,10:06:52.000,10:06:57.000,5,4680
2026-09-09,2026-09-15,6,Validation,387,10:06:57.000,10:06:59.000,2,3185
2026-09-09,2026-09-15,6,Validation,388,10:06:59.000,10:07:12.000,13,2990
2026-09-09,2026-09-15,6,Validation,389,10:07:12.000,10:07:29.000,17,2990
2026-09-09,2026-09-15,6,Validation,390,10:07:29.000,10:07:40.000,11,2795
2026-09-09,2026-09-15,6,Validation,391,10:07:40.000,10:07:45.000,5,3250
2026-09-09,2026-09-15,6,Validation,392,10:07:45.000,10:07:52.000,7,4680
2026-09-09,2026-09-15,6,Validation,393,10:07:52.000,10:07:55.000,3,3250
2026-09-09,2026-09-15,6,Validation,394,10:07:55.000,10:08:15.000,20,2600
2026-09-09,2026-09-15,6,Validation,395,10:08:15.000,10:08:22.000,7,3120
2026-09-09,2026-09-15,6,Validation,396,10:08:22.000,10:08:42.000,20,2600
2026-09-09,2026-09-15,6,Validation,397,10:08:42.000,10:08:53.000,11,3965
2026-09-09,2026-09-15,6,Validation,398,10:08:53.000,10:08:57.000,4,3315
2026-09-09,2026-09-15,6,Validation,399,10:08:57.000,10:09:07.000,10,2600
2026-09-09,2026-09-15,6,Validation,400,10:09:07.000,10:09:39.000,32,2795
2026-09-09,2026-09-15,6,Validation,401,10:09:39.000,10:09:54.000,15,3185
2026-09-09,2026-09-15,6,Validation,402,10:09:54.000,10:10:11.000,17,4485
2026-09-09,2026-09-15,6,Validation,403,10:10:11.000,10:10:12.000,1,6500
2026-09-09,2026-09-15,6,Validation,404,10:10:12.000,10:10:12.000,0,3900
2026-09-09,2026-09-15,6,Validation,405,10:10:14.000,10:10:27.000,13,2665
2026-09-09,2026-09-15,6,Validation,406,10:10:27.000,10:10:59.000,32,2990
2026-09-09,2026-09-15,6,Validation,407,10:10:59.000,10:11:21.000,22,3380
2026-09-09,2026-09-15,6,Validation,408,10:11:21.000,10:11:29.000,8,2600
2026-09-09,2026-09-15,6,Validation,409,10:11:29.000,10:11:39.000,10,2925
2026-09-09,2026-09-15,6,Validation,410,10:11:39.000,10:11:41.000,2,2925
2026-09-09,2026-09-15,6,Validation,411,10:11:41.000,10:11:54.000,13,2665
2026-09-09,2026-09-15,6,Validation,412,10:11:54.000,10:12:21.000,27,4290
2026-09-09,2026-09-15,6,Validation,413,10:12:21.000,10:12:31.000,10,2665
2026-09-09,2026-09-15,6,Validation,414,10:12:31.000,10:12:47.000,16,2600
2026-09-09,2026-09-15,6,Validation,415,10:12:47.000,10:13:01.000,14,3835
2026-09-09,2026-09-15,6,Validation,416,10:13:01.000,10:13:04.000,3,2990
2026-09-09,2026-09-15,6,Validation,417,10:13:04.000,10:13:14.000,10,2730
2026-09-09,2026-09-15,6,Validation,418,10:13:14.000,10:13:32.000,18,3315
2026-09-09,2026-09-15,6,Validation,419,10:13:32.000,10:13:39.000,7,2795
2026-09-09,2026-09-15,6,Validation,420,10:13:39.000,10:13:50.000,11,3640
2026-09-09,2026-09-15,6,Validation,421,10:13:50.000,10:13:58.000,8,3510
2026-09-09,2026-09-15,6,Validation,422,10:13:58.000,10:14:03.000,5,3965
2026-09-09,2026-09-15,6,Validation,423,10:14:03.000,10:14:21.000,18,2795
2026-09-09,2026-09-15,6,Validation,424,10:14:21.000,10:14:53.000,32,2600
2026-09-09,2026-09-15,6,Validation,425,10:14:53.000,10:15:20.000,27,2600
2026-09-09,2026-09-15,6,Validation,426,10:15:20.000,10:16:03.000,43,2860
2026-09-09,2026-09-15,6,Validation,427,10:16:03.000,10:16:23.000,20,2925
2026-09-09,2026-09-15,6,Validation,428,10:16:23.000,10:16:58.000,35,2600
2026-09-09,2026-09-15,6,Validation,429,10:16:58.000,10:17:21.000,23,2860
2026-09-09,2026-09-15,6,Validation,430,10:17:21.000,10:17:28.000,7,2600
2026-09-09,2026-09-15,6,Validation,431,10:17:28.000,10:18:06.000,38,2600
2026-09-09,2026-09-15,6,Validation,432,10:18:06.000,10:18:17.000,11,2665
2026-09-09,2026-09-15,6,Validation,433,10:18:17.000,10:18:29.000,12,2600
2026-09-09,2026-09-15,6,Validation,434,10:18:29.000,10:18:37.000,8,2600
2026-09-09,2026-09-15,6,Validation,435,10:18:37.000,10:18:44.000,7,2795
2026-09-09,2026-09-15,6,Validation,436,10:18:44.000,10:18:49.000,5,2730
2026-09-09,2026-09-15,6,Validation,437,10:18:49.000,10:19:04.000,15,2730
2026-09-09,2026-09-15,6,Validation,438,10:19:04.000,10:19:14.000,10,3510
2026-09-09,2026-09-15,6,Validation,439,10:19:14.000,10:19:17.000,3,3250
2026-09-09,2026-09-15,6,Validation,440,10:19:17.000,10:19:21.000,4,3510
2026-09-09,2026-09-15,6,Validation,441,10:19:21.000,10:19:41.000,20,2665
2026-09-09,2026-09-15,6,Validation,442,10:19:41.000,10:19:51.000,10,4290
2026-09-09,2026-09-15,6,Validation,443,10:19:51.000,10:19:56.000,5,2860
2026-09-09,2026-09-15,6,Validation,444,10:19:56.000,10:19:59.000,3,4875
2026-09-09,2026-09-15,6,Validation,445,10:19:59.000,10:20:01.000,2,3055
2026-09-09,2026-09-15,6,Validation,446,10:20:01.000,10:20:06.000,5,3315
2026-09-09,2026-09-15,6,Validation,447,10:20:06.000,10:20:14.000,8,2600
2026-09-09,2026-09-15,6,Validation,448,10:20:14.000,10:20:37.000,23,2730
2026-09-09,2026-09-15,6,Validation,449,10:20:37.000,10:20:42.000,5,2600
2026-09-09,2026-09-15,6,Validation,450,10:20:42.000,10:20:59.000,17,3510
2026-09-09,2026-09-15,6,Validation,451,10:20:59.000,10:21:13.000,14,2665
2026-09-09,2026-09-15,6,Validation,452,10:21:13.000,10:21:17.000,4,2795
2026-09-09,2026-09-15,6,Validation,453,10:21:17.000,10:21:22.000,5,2730
2026-09-09,2026-09-15,6,Validation,454,10:21:22.000,10:22:04.000,42,2665
2026-09-09,2026-09-15,6,Validation,455,10:22:04.000,10:22:19.000,15,2730
2026-09-09,2026-09-15,6,Validation,456,10:22:19.000,10:22:38.000,19,2730
2026-09-09,2026-09-15,6,Validation,457,10:22:38.000,10:23:07.000,29,2600
2026-09-09,2026-09-15,6,Validation,458,10:23:07.000,10:23:24.000,17,4615
2026-09-09,2026-09-15,6,Validation,459,10:23:24.000,10:23:26.000,2,4030
2026-09-09,2026-09-15,6,Validation,460,10:23:26.000,10:23:36.000,10,5980
2026-09-09,2026-09-15,6,Validation,461,10:23:36.000,10:23:36.000,0,3380
2026-09-09,2026-09-15,6,Validation,462,10:23:36.000,10:23:41.000,5,2860
2026-09-09,2026-09-15,6,Validation,463,10:23:41.000,10:23:55.000,14,2665
2026-09-09,2026-09-15,6,Validation,464,10:23:55.000,10:24:02.000,7,4680
2026-09-09,2026-09-15,6,Validation,465,10:24:02.000,10:24:04.000,2,10985
2026-09-09,2026-09-15,6,Validation,466,10:24:04.000,10:24:04.000,0,8385
2026-09-09,2026-09-15,6,Validation,467,10:24:04.000,10:24:04.000,0,5785
2026-09-09,2026-09-15,6,Validation,468,10:24:04.000,10:24:04.000,0,3185
2026-09-09,2026-09-15,6,Validation,469,10:24:05.000,10:24:12.000,7,2925
2026-09-09,2026-09-15,6,Validation,470,10:24:12.000,10:24:15.000,3,2665
2026-09-09,2026-09-15,6,Validation,471,10:24:15.000,10:24:22.000,7,2665
2026-09-09,2026-09-15,6,Validation,472,10:24:22.000,10:24:29.000,7,3120
2026-09-09,2026-09-15,6,Validation,473,10:24:29.000,10:24:38.000,9,2795
2026-09-09,2026-09-15,6,Validation,474,10:24:38.000,10:24:50.000,12,2860
2026-09-09,2026-09-15,6,Validation,475,10:24:50.000,10:24:53.000,3,3770
2026-09-09,2026-09-15,6,Validation,476,10:24:53.000,10:25:00.000,7,3380
2026-09-09,2026-09-15,6,Validation,477,10:25:00.000,10:25:03.000,3,4355
2026-09-09,2026-09-15,6,Validation,478,10:25:03.000,10:25:05.000,2,3185
2026-09-09,2026-09-15,6,Validation,479,10:25:05.000,10:25:08.000,3,3250
2026-09-09,2026-09-15,6,Validation,480,10:25:08.000,10:25:13.000,5,3380
2026-09-09,2026-09-15,6,Validation,481,10:25:13.000,10:25:17.000,4,4030
2026-09-09,2026-09-15,6,Validation,482,10:25:17.000,10:25:23.000,6,4095
2026-09-09,2026-09-15,6,Validation,483,10:25:23.000,10:25:25.000,2,3705
2026-09-09,2026-09-15,6,Validation,484,10:25:25.000,10:25:28.000,3,3575
2026-09-09,2026-09-15,6,Validation,485,10:25:28.000,10:25:32.000,4,3575
2026-09-09,2026-09-15,6,Validation,486,10:25:32.000,10:25:35.000,3,4225
2026-09-09,2026-09-15,6,Validation,487,10:25:35.000,10:25:39.000,4,4030
2026-09-09,2026-09-15,6,Validation,488,10:25:39.000,10:25:42.000,3,3640
2026-09-09,2026-09-15,6,Validation,489,10:25:42.000,10:25:52.000,10,2860
2026-09-09,2026-09-15,6,Validation,490,10:25:52.000,10:25:57.000,5,3315
2026-09-09,2026-09-15,6,Validation,491,10:25:57.000,10:26:03.000,6,3315
2026-09-09,2026-09-15,6,Validation,492,10:26:03.000,10:26:15.000,12,2600
2026-09-09,2026-09-15,6,Validation,493,10:26:15.000,10:26:28.000,13,2600
2026-09-09,2026-09-15,6,Validation,494,10:26:28.000,10:26:33.000,5,3380
2026-09-09,2026-09-15,6,Validation,495,10:26:33.000,10:26:50.000,17,2925
2026-09-09,2026-09-15,6,Validation,496,10:26:50.000,10:27:01.000,11,2600
2026-09-09,2026-09-15,6,Validation,497,10:27:01.000,10:27:18.000,17,2600
2026-09-09,2026-09-15,6,Validation,498,10:27:18.000,10:27:48.000,30,2600
2026-09-09,2026-09-15,6,Validation,499,10:27:48.000,10:27:55.000,7,2665
2026-09-09,2026-09-15,6,Validation,500,10:27:55.000,10:28:00.000,5,2665
2026-09-09,2026-09-15,6,Validation,501,10:28:00.000,10:28:18.000,18,2665
2026-09-09,2026-09-15,6,Validation,502,10:28:18.000,10:28:23.000,5,2860
2026-09-09,2026-09-15,6,Validation,503,10:28:23.000,10:28:29.000,6,3640
2026-09-09,2026-09-15,6,Validation,504,10:28:29.000,10:28:34.000,5,2665
2026-09-09,2026-09-15,6,Validation,505,10:28:34.000,10:28:54.000,20,2795
2026-09-09,2026-09-15,6,Validation,506,10:28:54.000,10:28:57.000,3,3250
2026-09-09,2026-09-15,6,Validation,507,10:28:57.000,10:29:16.000,19,3380
2026-09-09,2026-09-15,6,Validation,508,10:29:16.000,10:29:31.000,15,3055
2026-09-09,2026-09-15,6,Validation,509,10:29:31.000,10:29:39.000,8,3640
2026-09-09,2026-09-15,6,Validation,510,10:29:39.000,10:29:42.000,3,2600
2026-09-09,2026-09-15,6,Validation,511,10:29:42.000,10:29:51.000,9,2925
2026-09-09,2026-09-15,6,Validation,512,10:29:51.000,10:29:52.000,1,2600
2026-09-09,2026-09-15,6,Validation,513,10:29:52.000,10:29:57.000,5,2990
2026-09-09,2026-09-15,6,Validation,514,10:29:57.000,10:30:01.000,4,3120
2026-09-09,2026-09-15,6,Validation,515,10:30:01.000,10:30:07.000,6,2600
2026-09-09,2026-09-15,6,Validation,516,10:30:07.000,10:30:22.000,15,3315
2026-09-09,2026-09-15,6,Validation,517,10:30:22.000,10:30:48.000,26,2600
2026-09-09,2026-09-15,6,Validation,518,10:30:48.000,10:30:55.000,7,5265
2026-09-09,2026-09-15,6,Validation,519,10:30:55.000,10:30:55.000,0,2665
2026-09-09,2026-09-15,6,Validation,520,10:30:56.000,10:31:19.000,23,2925
2026-09-09,2026-09-15,6,Validation,521,10:31:19.000,10:31:49.000,30,2795
2026-09-09,2026-09-15,6,Validation,522,10:31:49.000,10:32:04.000,15,3120
2026-09-09,2026-09-15,6,Validation,523,10:32:04.000,10:32:19.000,15,3575
2026-09-09,2026-09-15,6,Validation,524,10:32:19.000,10:32:23.000,4,3575
2026-09-09,2026-09-15,6,Validation,525,10:32:23.000,10:32:29.000,6,2600
2026-09-09,2026-09-15,6,Validation,526,10:32:29.000,10:32:51.000,22,3055
2026-09-09,2026-09-15,6,Validation,527,10:32:51.000,10:33:19.000,28,2925
2026-09-09,2026-09-15,6,Validation,528,10:33:19.000,10:33:34.000,15,2665
2026-09-09,2026-09-15,6,Validation,529,10:33:34.000,10:33:50.000,16,2600
2026-09-09,2026-09-15,6,Validation,530,10:33:50.000,10:34:33.000,43,2795
2026-09-09,2026-09-15,6,Validation,531,10:34:33.000,10:34:48.000,15,3250
2026-09-09,2026-09-15,6,Validation,532,10:34:48.000,10:35:01.000,13,3705
2026-09-09,2026-09-15,6,Validation,533,10:35:01.000,10:35:28.000,27,2665
2026-09-09,2026-09-15,6,Validation,534,10:35:28.000,10:36:03.000,35,2665
2026-09-09,2026-09-15,6,Validation,535,10:36:03.000,10:36:54.000,51,2665
2026-09-09,2026-09-15,6,Validation,536,10:36:54.000,10:37:46.000,52,2665
2026-09-09,2026-09-15,6,Validation,537,10:37:46.000,10:38:36.000,50,2600
2026-09-09,2026-09-15,6,Validation,538,10:38:36.000,10:39:09.000,33,2730
2026-09-09,2026-09-15,6,Validation,539,10:39:09.000,10:40:27.000,78,5460
2026-09-09,2026-09-15,6,Validation,540,10:40:27.000,10:40:27.000,0,2860
2026-09-09,2026-09-15,6,Validation,541,10:40:28.000,10:40:44.000,16,2600
2026-09-09,2026-09-15,6,Validation,542,10:40:44.000,10:42:00.000,76,2600
2026-09-09,2026-09-15,6,Validation,543,10:42:00.000,10:43:08.000,68,2665
2026-09-09,2026-09-15,6,Validation,544,10:43:08.000,10:44:15.000,67,2600
2026-09-09,2026-09-15,6,Validation,545,10:44:15.000,10:45:42.000,87,2600
2026-09-09,2026-09-15,6,Validation,546,10:45:42.000,10:46:25.000,43,2795
2026-09-09,2026-09-15,6,Validation,547,10:46:25.000,10:46:58.000,33,3770
2026-09-09,2026-09-15,6,Validation,548,10:46:58.000,10:47:23.000,25,3315
2026-09-09,2026-09-15,6,Validation,549,10:47:23.000,10:47:56.000,33,3380
2026-09-09,2026-09-15,6,Validation,550,10:47:56.000,10:48:26.000,30,2730
2026-09-09,2026-09-15,6,Validation,551,10:48:26.000,10:49:43.000,77,2730
2026-09-09,2026-09-15,6,Validation,552,10:49:43.000,10:50:25.000,42,2665
2026-09-09,2026-09-15,6,Validation,553,10:50:25.000,10:51:41.000,76,2730
2026-09-09,2026-09-15,6,Validation,554,10:51:41.000,10:52:20.000,39,2600
2026-09-09,2026-09-15,6,Validation,555,10:52:20.000,10:53:21.000,61,2665
2026-09-09,2026-09-15,6,Validation,556,10:53:21.000,10:54:56.000,95,2665
2026-09-09,2026-09-15,6,Validation,557,10:54:56.000,10:55:32.000,36,2730
2026-09-09,2026-09-15,6,Validation,558,10:55:32.000,10:56:39.000,67,2600
2026-09-09,2026-09-15,6,Validation,559,10:56:39.000,10:57:38.000,59,2665
2026-09-09,2026-09-15,6,Validation,560,10:57:38.000,10:58:37.000,59,2600
2026-09-09,2026-09-15,6,Validation,561,10:58:37.000,11:00:18.000,101,3120
2026-09-09,2026-09-15,6,Validation,562,11:00:18.000,11:00:52.000,34,2730
2026-09-09,2026-09-15,6,Validation,563,11:00:52.000,11:01:08.000,16,2795
2026-09-09,2026-09-15,6,Validation,564,11:01:08.000,11:01:35.000,27,2600
2026-09-09,2026-09-15,6,Validation,565,11:01:35.000,11:02:39.000,64,3185
2026-09-09,2026-09-15,6,Validation,566,11:02:39.000,11:03:15.000,36,2600
2026-09-09,2026-09-15,6,Validation,567,11:03:15.000,11:05:01.000,106,2730
2026-09-09,2026-09-15,6,Validation,568,11:05:01.000,11:07:03.000,122,2665
2026-09-09,2026-09-15,6,Validation,569,11:07:03.000,11:07:56.000,53,2600
2026-09-09,2026-09-15,6,Validation,570,11:07:56.000,11:10:21.000,145,2600
2026-09-09,2026-09-15,6,Validation,571,11:10:21.000,11:12:45.000,144,2600
2026-09-09,2026-09-15,6,Validation,572,11:12:45.000,11:15:20.000,155,2665
2026-09-09,2026-09-15,6,Validation,573,11:15:20.000,11:18:12.000,172,2600
2026-09-09,2026-09-15,6,Validation,574,11:18:12.000,11:19:36.000,84,3185
2026-09-09,2026-09-15,6,Validation,575,11:19:36.000,11:21:00.000,84,2665
2026-09-09,2026-09-15,6,Validation,576,11:21:00.000,11:23:11.000,131,2600
2026-09-09,2026-09-15,6,Validation,577,11:23:11.000,11:25:31.000,140,2600
2026-09-09,2026-09-15,6,Validation,578,11:25:31.000,11:27:04.000,93,2600
2026-09-09,2026-09-15,6,Validation,579,11:27:04.000,11:30:01.000,177,2730
2026-09-09,2026-09-15,6,Validation,580,11:30:01.000,11:31:36.000,95,3510
2026-09-09,2026-09-15,6,Validation,581,11:31:36.000,11:34:13.000,157,3055
2026-09-09,2026-09-15,6,Validation,582,11:34:13.000,11:35:57.000,104,2925
2026-09-09,2026-09-15,6,Validation,583,11:35:57.000,11:37:05.000,68,2600
2026-09-09,2026-09-15,6,Validation,584,11:37:05.000,11:43:05.000,360,2600
2026-09-09,2026-09-15,6,Validation,585,11:43:05.000,11:44:35.000,90,2600
2026-09-09,2026-09-15,6,Validation,586,11:44:35.000,11:45:45.000,70,3185
2026-09-09,2026-09-15,6,Validation,587,11:45:45.000,11:47:50.000,125,2730
2026-09-09,2026-09-15,6,Validation,588,11:47:50.000,11:49:22.000,92,2665
2026-09-09,2026-09-15,6,Validation,589,11:49:22.000,11:50:23.000,61,2925
2026-09-09,2026-09-15,6,Validation,590,11:50:23.000,11:51:03.000,40,2600
2026-09-09,2026-09-15,6,Validation,591,11:51:03.000,11:51:27.000,24,3120
2026-09-09,2026-09-15,6,Validation,592,11:51:27.000,11:52:30.000,63,3965
2026-09-09,2026-09-15,6,Validation,593,11:52:30.000,11:52:49.000,19,2600
2026-09-09,2026-09-15,6,Validation,594,11:52:49.000,11:53:30.000,41,2600
2026-09-09,2026-09-15,6,Validation,595,11:53:30.000,11:54:48.000,78,2860
2026-09-09,2026-09-15,6,Validation,596,11:54:48.000,11:55:19.000,31,2600
2026-09-09,2026-09-15,6,Validation,597,11:55:19.000,11:55:44.000,25,2600
2026-09-09,2026-09-15,6,Validation,598,11:55:44.000,11:56:26.000,42,4160
2026-09-09,2026-09-15,6,Validation,599,11:56:26.000,11:56:39.000,13,2730
2026-09-09,2026-09-15,6,Validation,600,11:56:39.000,11:56:51.000,12,2730
2026-09-09,2026-09-15,6,Validation,601,11:56:51.000,11:57:02.000,11,3055
2026-09-09,2026-09-15,6,Validation,602,11:57:02.000,11:57:09.000,7,3575
2026-09-09,2026-09-15,6,Validation,603,11:57:09.000,11:57:49.000,40,2730
2026-09-09,2026-09-15,6,Validation,604,11:57:49.000,11:58:05.000,16,3445
2026-09-09,2026-09-15,6,Validation,605,11:58:05.000,11:58:23.000,18,2990
2026-09-09,2026-09-15,6,Validation,606,11:58:23.000,11:58:42.000,19,2730
2026-09-09,2026-09-15,6,Validation,607,11:58:42.000,11:59:00.000,18,2600
2026-09-09,2026-09-15,6,Validation,608,11:59:00.000,11:59:07.000,7,8515
2026-09-09,2026-09-15,6,Validation,609,11:59:07.000,11:59:07.000,0,5915
2026-09-09,2026-09-15,6,Validation,610,11:59:07.000,11:59:07.000,0,3315
2026-09-09,2026-09-15,6,Validation,611,11:59:07.000,11:59:08.000,1,3120
2026-09-09,2026-09-15,6,Validation,612,11:59:08.000,11:59:33.000,25,2795
2026-09-09,2026-09-15,6,Validation,613,11:59:33.000,11:59:43.000,10,6825
2026-09-09,2026-09-15,6,Validation,614,11:59:43.000,11:59:43.000,0,4225
2026-09-09,2026-09-15,6,Validation,615,11:59:44.000,11:59:45.000,1,2925
2026-09-09,2026-09-15,6,Validation,616,11:59:45.000,11:59:50.000,5,3705
2026-09-09,2026-09-15,6,Validation,617,11:59:50.000,11:59:53.000,3,2925
2026-09-09,2026-09-15,6,Validation,618,11:59:53.000,12:00:01.000,8,2665
2026-09-09,2026-09-15,6,Validation,619,12:00:01.000,12:00:16.000,15,2665
2026-09-09,2026-09-15,6,Validation,620,12:00:16.000,12:00:36.000,20,3185
2026-09-09,2026-09-15,6,Validation,621,12:00:36.000,12:00:47.000,11,2600
2026-09-09,2026-09-15,6,Validation,622,12:00:47.000,12:00:52.000,5,2795
2026-09-09,2026-09-15,6,Validation,623,12:00:52.000,12:00:59.000,7,4225
2026-09-09,2026-09-15,6,Validation,624,12:00:59.000,12:01:01.000,2,2730
2026-09-09,2026-09-15,6,Validation,625,12:01:01.000,12:01:10.000,9,4355
2026-09-09,2026-09-15,6,Validation,626,12:01:10.000,12:01:14.000,4,3770
2026-09-09,2026-09-15,6,Validation,627,12:01:14.000,12:01:22.000,8,2925
2026-09-09,2026-09-15,6,Validation,628,12:01:22.000,12:01:40.000,18,7085
2026-09-09,2026-09-15,6,Validation,629,12:01:40.000,12:01:40.000,0,4485
2026-09-09,2026-09-15,6,Validation,630,12:01:42.000,12:01:42.000,0,3315
2026-09-09,2026-09-15,6,Validation,631,12:01:42.000,12:01:45.000,3,4420
2026-09-09,2026-09-15,6,Validation,632,12:01:45.000,12:01:47.000,2,3640
2026-09-09,2026-09-15,6,Validation,633,12:01:47.000,12:01:49.000,2,3120
2026-09-09,2026-09-15,6,Validation,634,12:01:49.000,12:01:56.000,7,2795
2026-09-09,2026-09-15,6,Validation,635,12:01:56.000,12:01:59.000,3,3965
2026-09-09,2026-09-15,6,Validation,636,12:01:59.000,12:02:05.000,6,2860
2026-09-09,2026-09-15,6,Validation,637,12:02:05.000,12:02:40.000,35,2990
2026-09-09,2026-09-15,6,Validation,638,12:02:40.000,12:02:54.000,14,3510
2026-09-09,2026-09-15,6,Validation,639,12:02:54.000,12:02:59.000,5,2795
2026-09-09,2026-09-15,6,Validation,640,12:02:59.000,12:03:22.000,23,2925
2026-09-09,2026-09-15,6,Validation,641,12:03:22.000,12:03:38.000,16,3835
2026-09-09,2026-09-15,6,Validation,642,12:03:38.000,12:03:50.000,12,2730
2026-09-09,2026-09-15,6,Validation,643,12:03:50.000,12:03:57.000,7,2860
2026-09-09,2026-09-15,6,Validation,644,12:03:57.000,12:04:15.000,18,2600
2026-09-09,2026-09-15,6,Validation,645,12:04:15.000,12:05:06.000,51,2600
2026-09-09,2026-09-15,6,Validation,646,12:05:06.000,12:05:33.000,27,2860
2026-09-09,2026-09-15,6,Validation,647,12:05:33.000,12:05:53.000,20,2600
2026-09-09,2026-09-15,6,Validation,648,12:05:53.000,12:06:11.000,18,3315
2026-09-09,2026-09-15,6,Validation,649,12:06:11.000,12:06:16.000,5,2925
2026-09-09,2026-09-15,6,Validation,650,12:06:16.000,12:06:33.000,17,2730
2026-09-09,2026-09-15,6,Validation,651,12:06:33.000,12:06:54.000,21,2665
2026-09-09,2026-09-15,6,Validation,652,12:06:54.000,12:07:14.000,20,2795
2026-09-09,2026-09-15,6,Validation,653,12:07:14.000,12:07:31.000,17,2665
2026-09-09,2026-09-15,6,Validation,654,12:07:31.000,12:07:43.000,12,4290
2026-09-09,2026-09-15,6,Validation,655,12:07:43.000,12:07:44.000,1,3250
2026-09-09,2026-09-15,6,Validation,656,12:07:44.000,12:07:53.000,9,2860
2026-09-09,2026-09-15,6,Validation,657,12:07:53.000,12:08:04.000,11,3380
2026-09-09,2026-09-15,6,Validation,658,12:08:04.000,12:08:42.000,38,2925
2026-09-09,2026-09-15,6,Validation,659,12:08:42.000,12:09:14.000,32,3835
2026-09-09,2026-09-15,6,Validation,660,12:09:14.000,12:09:24.000,10,2925
2026-09-09,2026-09-15,6,Validation,661,12:09:24.000,12:09:46.000,22,3510
2026-09-09,2026-09-15,6,Validation,662,12:09:46.000,12:10:17.000,31,2665
2026-09-09,2026-09-15,6,Validation,663,12:10:17.000,12:10:57.000,40,2990
2026-09-09,2026-09-15,6,Validation,664,12:10:57.000,12:11:15.000,18,2860
2026-09-09,2026-09-15,6,Validation,665,12:11:15.000,12:11:25.000,10,2600
2026-09-09,2026-09-15,6,Validation,666,12:11:25.000,12:11:50.000,25,3445
2026-09-09,2026-09-15,6,Validation,667,12:11:50.000,12:12:08.000,18,4030
2026-09-09,2026-09-15,6,Validation,668,12:12:08.000,12:12:21.000,13,3315
2026-09-09,2026-09-15,6,Validation,669,12:12:21.000,12:12:47.000,26,2860
2026-09-09,2026-09-15,6,Validation,670,12:12:47.000,12:13:12.000,25,2925
2026-09-09,2026-09-15,6,Validation,671,12:13:12.000,12:13:24.000,12,3510
2026-09-09,2026-09-15,6,Validation,672,12:13:24.000,12:13:52.000,28,2665
2026-09-09,2026-09-15,6,Validation,673,12:13:52.000,12:14:18.000,26,2860
2026-09-09,2026-09-15,6,Validation,674,12:14:18.000,12:15:03.000,45,2600
2026-09-09,2026-09-15,6,Validation,675,12:15:03.000,12:15:51.000,48,3900
2026-09-09,2026-09-15,6,Validation,676,12:15:51.000,12:16:07.000,16,2600
2026-09-09,2026-09-15,6,Validation,677,12:16:07.000,12:16:54.000,47,2990
2026-09-09,2026-09-15,6,Validation,678,12:16:54.000,12:17:53.000,59,2730
2026-09-09,2026-09-15,6,Validation,679,12:17:53.000,12:18:28.000,35,2730
2026-09-09,2026-09-15,6,Validation,680,12:18:28.000,12:19:08.000,40,2730
2026-09-09,2026-09-15,6,Validation,681,12:19:08.000,12:19:46.000,38,2600
2026-09-09,2026-09-15,6,Validation,682,12:19:46.000,12:20:48.000,62,2860
2026-09-09,2026-09-15,6,Validation,683,12:20:48.000,12:21:15.000,27,4225
2026-09-09,2026-09-15,6,Validation,684,12:21:15.000,12:21:58.000,43,2665
2026-09-09,2026-09-15,6,Validation,685,12:21:58.000,12:22:39.000,41,5460
2026-09-09,2026-09-15,6,Validation,686,12:22:39.000,12:22:39.000,0,2860
2026-09-09,2026-09-15,6,Validation,687,12:22:40.000,12:22:49.000,9,2600
2026-09-09,2026-09-15,6,Validation,688,12:22:49.000,12:23:29.000,40,2795
2026-09-09,2026-09-15,6,Validation,689,12:23:29.000,12:24:06.000,37,3250
2026-09-09,2026-09-15,6,Validation,690,12:24:06.000,12:24:42.000,36,2665
2026-09-09,2026-09-15,6,Validation,691,12:24:42.000,12:25:58.000,76,2600
2026-09-09,2026-09-15,6,Validation,692,12:25:58.000,12:26:21.000,23,3445
2026-09-09,2026-09-15,6,Validation,693,12:26:21.000,12:26:28.000,7,2990
2026-09-09,2026-09-15,6,Validation,694,12:26:28.000,12:26:59.000,31,2600
2026-09-09,2026-09-15,6,Validation,695,12:26:59.000,12:28:17.000,78,2600
2026-09-09,2026-09-15,6,Validation,696,12:28:17.000,12:28:54.000,37,2600
2026-09-09,2026-09-15,6,Validation,697,12:28:54.000,12:29:33.000,39,2600
2026-09-09,2026-09-15,6,Validation,698,12:29:33.000,12:29:41.000,8,2665
2026-09-09,2026-09-15,6,Validation,699,12:29:41.000,12:30:09.000,28,2600
2026-09-09,2026-09-15,6,Validation,700,12:30:09.000,12:30:41.000,32,3770
2026-09-09,2026-09-15,6,Validation,701,12:30:41.000,12:30:56.000,15,2665
2026-09-09,2026-09-15,6,Validation,702,12:30:56.000,12:31:50.000,54,3120
2026-09-09,2026-09-15,6,Validation,703,12:31:50.000,12:32:09.000,19,2860
2026-09-09,2026-09-15,6,Validation,704,12:32:09.000,12:32:31.000,22,5395
2026-09-09,2026-09-15,6,Validation,705,12:32:31.000,12:32:31.000,0,2795
2026-09-09,2026-09-15,6,Validation,706,12:32:31.000,12:32:56.000,25,2990
2026-09-09,2026-09-15,6,Validation,707,12:32:56.000,12:33:10.000,14,6825
2026-09-09,2026-09-15,6,Validation,708,12:33:10.000,12:33:10.000,0,4225
2026-09-09,2026-09-15,6,Validation,709,12:33:11.000,12:33:17.000,6,3705
2026-09-09,2026-09-15,6,Validation,710,12:33:17.000,12:33:25.000,8,2860
2026-09-09,2026-09-15,6,Validation,711,12:33:25.000,12:33:29.000,4,3445
2026-09-09,2026-09-15,6,Validation,712,12:33:29.000,12:33:34.000,5,2730
2026-09-09,2026-09-15,6,Validation,713,12:33:34.000,12:33:39.000,5,5460
2026-09-09,2026-09-15,6,Validation,714,12:33:39.000,12:33:39.000,0,2860
2026-09-09,2026-09-15,6,Validation,715,12:33:39.000,12:33:49.000,10,3120
2026-09-09,2026-09-15,6,Validation,716,12:33:49.000,12:34:00.000,11,2795
2026-09-09,2026-09-15,6,Validation,717,12:34:00.000,12:34:10.000,10,2925
2026-09-09,2026-09-15,6,Validation,718,12:34:10.000,12:34:22.000,12,2665
2026-09-09,2026-09-15,6,Validation,719,12:34:22.000,12:34:32.000,10,2600
2026-09-09,2026-09-15,6,Validation,720,12:34:32.000,12:34:50.000,18,3055
2026-09-09,2026-09-15,6,Validation,721,12:34:50.000,12:35:03.000,13,3315
2026-09-09,2026-09-15,6,Validation,722,12:35:03.000,12:35:10.000,7,2600
2026-09-09,2026-09-15,6,Validation,723,12:35:10.000,12:35:20.000,10,8970
2026-09-09,2026-09-15,6,Validation,724,12:35:20.000,12:35:20.000,0,6370
2026-09-09,2026-09-15,6,Validation,725,12:35:21.000,12:35:21.000,0,3770
2026-09-09,2026-09-15,6,Validation,726,12:35:21.000,12:35:22.000,1,5525
2026-09-09,2026-09-15,6,Validation,727,12:35:22.000,12:35:22.000,0,2925
2026-09-09,2026-09-15,6,Validation,728,12:35:22.000,12:35:23.000,1,6240
2026-09-09,2026-09-15,6,Validation,729,12:35:23.000,12:35:23.000,0,3640
2026-09-09,2026-09-15,6,Validation,730,12:35:25.000,12:35:25.000,0,5590
2026-09-09,2026-09-15,6,Validation,731,12:35:25.000,12:35:25.000,0,2990
2026-09-09,2026-09-15,6,Validation,732,12:35:26.000,12:35:30.000,4,3445
2026-09-09,2026-09-15,6,Validation,733,12:35:30.000,12:35:35.000,5,2730
2026-09-09,2026-09-15,6,Validation,734,12:35:35.000,12:35:43.000,8,2665
2026-09-09,2026-09-15,6,Validation,735,12:35:43.000,12:35:52.000,9,2925
2026-09-09,2026-09-15,6,Validation,736,12:35:52.000,12:36:07.000,15,3575
2026-09-09,2026-09-15,6,Validation,737,12:36:07.000,12:36:10.000,3,2860
2026-09-09,2026-09-15,6,Validation,738,12:36:10.000,12:36:17.000,7,2730
2026-09-09,2026-09-15,6,Validation,739,12:36:17.000,12:36:18.000,1,5395
2026-09-09,2026-09-15,6,Validation,740,12:36:18.000,12:36:18.000,0,2795
2026-09-09,2026-09-15,6,Validation,741,12:36:19.000,12:36:32.000,13,2600
2026-09-09,2026-09-15,6,Validation,742,12:36:32.000,12:37:15.000,43,2665
2026-09-09,2026-09-15,6,Validation,743,12:37:15.000,12:37:38.000,23,2795
2026-09-09,2026-09-15,6,Validation,744,12:37:38.000,12:37:58.000,20,2730
2026-09-09,2026-09-15,6,Validation,745,12:37:58.000,12:38:13.000,15,2665
2026-09-09,2026-09-15,6,Validation,746,12:38:13.000,12:38:30.000,17,2665
2026-09-09,2026-09-15,6,Validation,747,12:38:30.000,12:39:23.000,53,2860
2026-09-09,2026-09-15,6,Validation,748,12:39:23.000,12:39:34.000,11,3315
2026-09-09,2026-09-15,6,Validation,749,12:39:34.000,12:39:41.000,7,2925
2026-09-09,2026-09-15,6,Validation,750,12:39:41.000,12:39:52.000,11,2665
2026-09-09,2026-09-15,6,Validation,751,12:39:52.000,12:40:14.000,22,2730
2026-09-09,2026-09-15,6,Validation,752,12:40:14.000,12:40:36.000,22,3250
2026-09-09,2026-09-15,6,Validation,753,12:40:36.000,12:40:42.000,6,2860
2026-09-09,2026-09-15,6,Validation,754,12:40:42.000,12:40:57.000,15,2665
2026-09-09,2026-09-15,6,Validation,755,12:40:57.000,12:41:02.000,5,2795
2026-09-09,2026-09-15,6,Validation,756,12:41:02.000,12:41:07.000,5,3380
2026-09-09,2026-09-15,6,Validation,757,12:41:07.000,12:41:14.000,7,2730
2026-09-09,2026-09-15,6,Validation,758,12:41:14.000,12:41:34.000,20,2665
2026-09-09,2026-09-15,6,Validation,759,12:41:34.000,12:41:59.000,25,3120
2026-09-09,2026-09-15,6,Validation,760,12:41:59.000,12:42:04.000,5,2860
2026-09-09,2026-09-15,6,Validation,761,12:42:04.000,12:42:07.000,3,3120
2026-09-09,2026-09-15,6,Validation,762,12:42:07.000,12:42:17.000,10,3770
2026-09-09,2026-09-15,6,Validation,763,12:42:17.000,12:42:21.000,4,2860
2026-09-09,2026-09-15,6,Validation,764,12:42:21.000,12:42:26.000,5,4290
2026-09-09,2026-09-15,6,Validation,765,12:42:26.000,12:42:27.000,1,3445
2026-09-09,2026-09-15,6,Validation,766,12:42:27.000,12:42:29.000,2,2860
2026-09-09,2026-09-15,6,Validation,767,12:42:29.000,12:42:41.000,12,2860
2026-09-09,2026-09-15,6,Validation,768,12:42:41.000,12:42:46.000,5,2925
2026-09-09,2026-09-15,6,Validation,769,12:42:46.000,12:42:49.000,3,3055
2026-09-09,2026-09-15,6,Validation,770,12:42:49.000,12:43:02.000,13,4875
2026-09-09,2026-09-15,6,Validation,771,12:43:02.000,12:43:04.000,2,3575
2026-09-09,2026-09-15,6,Validation,772,12:43:04.000,12:43:05.000,1,3835
2026-09-09,2026-09-15,6,Validation,773,12:43:05.000,12:43:07.000,2,3900
2026-09-09,2026-09-15,6,Validation,774,12:43:07.000,12:43:09.000,2,3445
2026-09-09,2026-09-15,6,Validation,775,12:43:09.000,12:43:10.000,1,3250
2026-09-09,2026-09-15,6,Validation,776,12:43:10.000,12:43:12.000,2,3250
2026-09-09,2026-09-15,6,Validation,777,12:43:12.000,12:43:22.000,10,2600
2026-09-09,2026-09-15,6,Validation,778,12:43:22.000,12:43:39.000,17,2600
2026-09-09,2026-09-15,6,Validation,779,12:43:39.000,12:43:44.000,5,2860
2026-09-09,2026-09-15,6,Validation,780,12:43:44.000,12:44:11.000,27,2795
2026-09-09,2026-09-15,6,Validation,781,12:44:11.000,12:44:50.000,39,2600
2026-09-09,2026-09-15,6,Validation,782,12:44:50.000,12:45:08.000,18,2600
2026-09-09,2026-09-15,6,Validation,783,12:45:08.000,12:45:23.000,15,2795
2026-09-09,2026-09-15,6,Validation,784,12:45:23.000,12:45:48.000,25,2600
2026-09-09,2026-09-15,6,Validation,785,12:45:48.000,12:46:28.000,40,2665
2026-09-09,2026-09-15,6,Validation,786,12:46:28.000,12:46:57.000,29,2730
2026-09-09,2026-09-15,6,Validation,787,12:46:57.000,12:47:54.000,57,3120
2026-09-09,2026-09-15,6,Validation,788,12:47:54.000,12:48:25.000,31,2730
2026-09-09,2026-09-15,6,Validation,789,12:48:25.000,12:48:45.000,20,2600
2026-09-09,2026-09-15,6,Validation,790,12:48:45.000,12:49:02.000,17,2600
2026-09-09,2026-09-15,6,Validation,791,12:49:02.000,12:49:26.000,24,3055
2026-09-09,2026-09-15,6,Validation,792,12:49:26.000,12:49:44.000,18,2600
2026-09-09,2026-09-15,6,Validation,793,12:49:44.000,12:50:38.000,54,2730
2026-09-09,2026-09-15,6,Validation,794,12:50:38.000,12:51:32.000,54,2600
2026-09-09,2026-09-15,6,Validation,795,12:51:32.000,12:52:25.000,53,2795
2026-09-09,2026-09-15,6,Validation,796,12:52:25.000,12:52:48.000,23,2600
2026-09-09,2026-09-15,6,Validation,797,12:52:48.000,12:53:09.000,21,2665
2026-09-09,2026-09-15,6,Validation,798,12:53:09.000,12:53:37.000,28,2600
2026-09-09,2026-09-15,6,Validation,799,12:53:37.000,12:54:16.000,39,2860
2026-09-09,2026-09-15,6,Validation,800,12:54:16.000,12:54:31.000,15,2990
2026-09-09,2026-09-15,6,Validation,801,12:54:31.000,12:54:59.000,28,2600
2026-09-09,2026-09-15,6,Validation,802,12:54:59.000,12:55:23.000,24,2665
2026-09-09,2026-09-15,6,Validation,803,12:55:23.000,12:56:13.000,50,2730
2026-09-09,2026-09-15,6,Validation,804,12:56:13.000,12:57:00.000,47,2600
2026-09-09,2026-09-15,6,Validation,805,12:57:00.000,12:58:20.000,80,2665
2026-09-09,2026-09-15,6,Validation,806,12:58:20.000,12:59:35.000,75,2600
2026-09-09,2026-09-15,6,Validation,807,12:59:35.000,13:00:30.000,55,2600
2026-09-09,2026-09-15,6,Validation,808,13:00:30.000,13:00:42.000,12,2600
2026-09-09,2026-09-15,6,Validation,809,13:00:42.000,13:01:03.000,21,2990
2026-09-09,2026-09-15,6,Validation,810,13:01:03.000,13:01:38.000,35,4550
2026-09-09,2026-09-15,6,Validation,811,13:01:38.000,13:01:56.000,18,2860
2026-09-09,2026-09-15,6,Validation,812,13:01:56.000,13:02:39.000,43,2600
2026-09-09,2026-09-15,6,Validation,813,13:02:39.000,13:03:26.000,47,2665
2026-09-09,2026-09-15,6,Validation,814,13:03:26.000,13:04:30.000,64,2925
2026-09-09,2026-09-15,6,Validation,815,13:04:30.000,13:04:46.000,16,2600
2026-09-09,2026-09-15,6,Validation,816,13:04:46.000,13:05:55.000,69,2600
2026-09-09,2026-09-15,6,Validation,817,13:05:55.000,13:06:54.000,59,2860
2026-09-09,2026-09-15,6,Validation,818,13:06:54.000,13:08:04.000,70,2730
2026-09-09,2026-09-15,6,Validation,819,13:08:04.000,13:08:07.000,3,3640
2026-09-09,2026-09-15,6,Validation,820,13:08:07.000,13:08:11.000,4,3055
2026-09-09,2026-09-15,6,Validation,821,13:08:11.000,13:08:15.000,4,2860
2026-09-09,2026-09-15,6,Validation,822,13:08:15.000,13:08:22.000,7,2665
2026-09-09,2026-09-15,6,Validation,823,13:08:22.000,13:09:24.000,62,2730
2026-09-09,2026-09-15,6,Validation,824,13:09:24.000,13:09:34.000,10,2600
2026-09-09,2026-09-15,6,Validation,825,13:09:34.000,13:09:42.000,8,3250
2026-09-09,2026-09-15,6,Validation,826,13:09:42.000,13:09:45.000,3,2795
2026-09-09,2026-09-15,6,Validation,827,13:09:45.000,13:09:52.000,7,3185
2026-09-09,2026-09-15,6,Validation,828,13:09:52.000,13:09:59.000,7,2990
2026-09-09,2026-09-15,6,Validation,829,13:09:59.000,13:10:07.000,8,3055
2026-09-09,2026-09-15,6,Validation,830,13:10:07.000,13:11:16.000,69,2600
2026-09-09,2026-09-15,6,Validation,831,13:11:16.000,13:12:21.000,65,2665
2026-09-09,2026-09-15,6,Validation,832,13:12:21.000,13:15:01.000,160,2860
2026-09-09,2026-09-15,6,Validation,833,13:15:01.000,13:16:55.000,114,2600
2026-09-09,2026-09-15,6,Validation,834,13:16:55.000,13:18:02.000,67,3120
2026-09-09,2026-09-15,6,Validation,835,13:18:02.000,13:19:18.000,76,2600
2026-09-09,2026-09-15,6,Validation,836,13:19:18.000,13:22:19.000,181,2600
2026-09-09,2026-09-15,6,Validation,837,13:22:19.000,13:24:09.000,110,2600
2026-09-09,2026-09-15,6,Validation,838,13:24:09.000,13:26:12.000,123,4160
2026-09-09,2026-09-15,6,Validation,839,13:26:12.000,13:26:20.000,8,3055
2026-09-09,2026-09-15,6,Validation,840,13:26:20.000,13:26:35.000,15,2730
2026-09-09,2026-09-15,6,Validation,841,13:26:35.000,13:27:23.000,48,2925
2026-09-09,2026-09-15,6,Validation,842,13:27:23.000,13:28:06.000,43,5850
2026-09-09,2026-09-15,6,Validation,843,13:28:06.000,13:28:06.000,0,3250
2026-09-09,2026-09-15,6,Validation,844,13:28:08.000,13:28:58.000,50,6760
2026-09-09,2026-09-15,6,Validation,845,13:28:58.000,13:28:58.000,0,4160
2026-09-09,2026-09-15,6,Validation,846,13:28:58.000,13:29:32.000,34,2795
2026-09-09,2026-09-15,6,Validation,847,13:29:32.000,13:30:36.000,64,3445
2026-09-09,2026-09-15,6,Validation,848,13:30:36.000,13:31:07.000,31,3380
2026-09-09,2026-09-15,6,Validation,849,13:31:07.000,13:32:11.000,64,4875
2026-09-09,2026-09-15,6,Validation,850,13:32:11.000,13:32:13.000,2,2665
2026-09-09,2026-09-15,6,Validation,851,13:32:13.000,13:32:16.000,3,2730
2026-09-09,2026-09-15,6,Validation,852,13:32:16.000,13:33:19.000,63,2600
2026-09-09,2026-09-15,6,Validation,853,13:33:19.000,13:34:53.000,94,2600
2026-09-09,2026-09-15,6,Validation,854,13:34:53.000,13:39:31.000,278,2600
2026-09-09,2026-09-15,6,Validation,855,13:39:31.000,13:42:30.000,179,2860
2026-09-09,2026-09-15,6,Validation,856,13:42:30.000,13:44:01.000,91,2600
2026-09-09,2026-09-15,6,Validation,857,13:44:01.000,13:44:38.000,37,4290
2026-09-09,2026-09-15,6,Validation,858,13:44:38.000,13:45:19.000,41,2730
2026-09-09,2026-09-15,6,Validation,859,13:45:19.000,13:47:20.000,121,2600
2026-09-09,2026-09-15,6,Validation,860,13:47:20.000,13:51:58.000,278,2925
2026-09-09,2026-09-15,6,Validation,861,13:51:58.000,13:52:46.000,48,2600
2026-09-09,2026-09-15,6,Validation,862,13:52:46.000,13:54:38.000,112,2730
2026-09-09,2026-09-15,6,Validation,863,13:54:38.000,13:55:50.000,72,2600
2026-09-09,2026-09-15,6,Validation,864,13:55:50.000,13:57:16.000,86,3445
2026-09-09,2026-09-15,6,Validation,865,13:57:16.000,13:57:42.000,26,3445
2026-09-09,2026-09-15,6,Validation,866,13:57:42.000,13:58:56.000,74,2665
2026-09-09,2026-09-15,6,Validation,867,13:58:56.000,13:59:50.000,54,2795
2026-09-09,2026-09-15,6,Validation,868,13:59:50.000,14:00:28.000,38,3965
2026-09-09,2026-09-15,6,Validation,869,14:00:28.000,14:00:41.000,13,3250
2026-09-09,2026-09-15,6,Validation,870,14:00:41.000,14:02:16.000,95,2860
2026-09-09,2026-09-15,6,Validation,871,14:02:16.000,14:03:09.000,53,2600
2026-09-09,2026-09-15,6,Validation,872,14:03:09.000,14:03:35.000,26,2600
2026-09-09,2026-09-15,6,Validation,873,14:03:35.000,14:03:53.000,18,2600
2026-09-09,2026-09-15,6,Validation,874,14:03:53.000,14:04:38.000,45,4095
2026-09-09,2026-09-15,6,Validation,875,14:04:38.000,14:06:02.000,84,2730
2026-09-09,2026-09-15,6,Validation,876,14:06:02.000,14:06:20.000,18,3315
2026-09-09,2026-09-15,6,Validation,877,14:06:20.000,14:06:23.000,3,3120
2026-09-09,2026-09-15,6,Validation,878,14:06:23.000,14:06:26.000,3,2665
2026-09-09,2026-09-15,6,Validation,879,14:06:26.000,14:07:07.000,41,2990
2026-09-09,2026-09-15,6,Validation,880,14:07:07.000,14:07:27.000,20,2665
2026-09-09,2026-09-15,6,Validation,881,14:07:27.000,14:07:40.000,13,4030
2026-09-09,2026-09-15,6,Validation,882,14:07:40.000,14:07:50.000,10,3770
2026-09-09,2026-09-15,6,Validation,883,14:07:50.000,14:07:58.000,8,3445
2026-09-09,2026-09-15,6,Validation,884,14:07:58.000,14:08:13.000,15,2730
2026-09-09,2026-09-15,6,Validation,885,14:08:13.000,14:08:48.000,35,2665
2026-09-09,2026-09-15,6,Validation,886,14:08:48.000,14:09:11.000,23,2665
2026-09-09,2026-09-15,6,Validation,887,14:09:11.000,14:10:37.000,86,2860
2026-09-09,2026-09-15,6,Validation,888,14:10:37.000,14:11:50.000,73,2665
2026-09-09,2026-09-15,6,Validation,889,14:11:50.000,14:12:45.000,55,2665
2026-09-09,2026-09-15,6,Validation,890,14:12:45.000,14:13:33.000,48,2600
2026-09-09,2026-09-15,6,Validation,891,14:13:33.000,14:13:48.000,15,2600
2026-09-09,2026-09-15,6,Validation,892,14:13:48.000,14:14:04.000,16,3965
2026-09-09,2026-09-15,6,Validation,893,14:14:04.000,14:14:12.000,8,4745
2026-09-09,2026-09-15,6,Validation,894,14:14:12.000,14:14:14.000,2,2665
2026-09-09,2026-09-15,6,Validation,895,14:14:14.000,14:14:54.000,40,2600
2026-09-09,2026-09-15,6,Validation,896,14:14:54.000,14:16:10.000,76,2600
2026-09-09,2026-09-15,6,Validation,897,14:16:10.000,14:17:13.000,63,2665
2026-09-09,2026-09-15,6,Validation,898,14:17:13.000,14:18:57.000,104,2600
2026-09-09,2026-09-15,6,Validation,899,14:18:57.000,14:19:56.000,59,2600
2026-09-09,2026-09-15,6,Validation,900,14:19:56.000,14:20:48.000,52,2730
2026-09-09,2026-09-15,6,Validation,901,14:20:48.000,14:21:49.000,61,2665
2026-09-09,2026-09-15,6,Validation,902,14:21:49.000,14:23:10.000,81,5460
2026-09-09,2026-09-15,6,Validation,903,14:23:10.000,14:23:10.000,0,2860
2026-09-09,2026-09-15,6,Validation,904,14:23:11.000,14:23:31.000,20,2795
2026-09-09,2026-09-15,6,Validation,905,14:23:31.000,14:24:04.000,33,2925
2026-09-09,2026-09-15,6,Validation,906,14:24:04.000,14:25:02.000,58,2600
2026-09-09,2026-09-15,6,Validation,907,14:25:02.000,14:26:53.000,111,3835
2026-09-09,2026-09-15,6,Validation,908,14:26:53.000,14:28:19.000,86,2600
2026-09-09,2026-09-15,6,Validation,909,14:28:19.000,14:30:29.000,130,3510
2026-09-09,2026-09-15,6,Validation,910,14:30:29.000,14:30:33.000,4,2600
2026-09-09,2026-09-15,6,Validation,911,14:30:33.000,14:30:59.000,26,3640
2026-09-09,2026-09-15,6,Validation,912,14:30:59.000,14:31:31.000,32,2665
2026-09-09,2026-09-15,6,Validation,913,14:31:31.000,14:32:27.000,56,2665
2026-09-09,2026-09-15,6,Validation,914,14:32:27.000,14:33:03.000,36,3510
2026-09-09,2026-09-15,6,Validation,915,14:33:03.000,14:33:20.000,17,3315
2026-09-09,2026-09-15,6,Validation,916,14:33:20.000,14:33:21.000,1,13910
2026-09-09,2026-09-15,6,Validation,917,14:33:21.000,14:33:21.000,0,11310
2026-09-09,2026-09-15,6,Validation,918,14:33:23.000,14:33:23.000,0,11505
2026-09-09,2026-09-15,6,Validation,919,14:33:23.000,14:33:23.000,0,8905
2026-09-09,2026-09-15,6,Validation,920,14:33:25.000,14:33:25.000,0,6630
2026-09-09,2026-09-15,6,Validation,921,14:33:25.000,14:33:25.000,0,4030
2026-09-09,2026-09-15,6,Validation,922,14:33:26.000,14:33:30.000,4,2925
2026-09-09,2026-09-15,6,Validation,923,14:33:30.000,14:33:44.000,14,2925
2026-09-09,2026-09-15,6,Validation,924,14:33:44.000,14:34:04.000,20,2860
2026-09-09,2026-09-15,6,Validation,925,14:34:04.000,14:34:35.000,31,2795
2026-09-09,2026-09-15,6,Validation,926,14:34:35.000,14:35:15.000,40,3315
2026-09-09,2026-09-15,6,Validation,927,14:35:15.000,14:35:42.000,27,59150
2026-09-09,2026-09-15,6,Validation,928,14:35:42.000,14:35:42.000,0,56550
2026-09-09,2026-09-15,6,Validation,929,14:35:43.000,14:35:43.000,0,53950
2026-09-09,2026-09-15,6,Validation,930,14:35:43.000,14:35:43.000,0,51350
2026-09-09,2026-09-15,6,Validation,931,14:35:44.000,14:35:44.000,0,51805
2026-09-09,2026-09-15,6,Validation,932,14:35:44.000,14:35:44.000,0,49205
2026-09-09,2026-09-15,6,Validation,933,14:35:44.000,14:35:44.000,0,46605
2026-09-09,2026-09-15,6,Validation,934,14:35:44.000,14:35:44.000,0,44005
2026-09-09,2026-09-15,6,Validation,935,14:35:45.000,14:35:45.000,0,41405
2026-09-09,2026-09-15,6,Validation,936,14:35:45.000,14:35:45.000,0,38805
2026-09-09,2026-09-15,6,Validation,937,14:35:46.000,14:35:46.000,0,37700
2026-09-09,2026-09-15,6,Validation,938,14:35:46.000,14:35:46.000,0,35100
2026-09-09,2026-09-15,6,Validation,939,14:35:46.000,14:35:46.000,0,32500
2026-09-09,2026-09-15,6,Validation,940,14:35:46.000,14:35:46.000,0,29900
2026-09-09,2026-09-15,6,Validation,941,14:35:47.000,14:35:47.000,0,27300
2026-09-09,2026-09-15,6,Validation,942,14:35:47.000,14:35:47.000,0,24700
2026-09-09,2026-09-15,6,Validation,943,14:35:47.000,14:35:47.000,0,23920
2026-09-09,2026-09-15,6,Validation,944,14:35:47.000,14:35:47.000,0,21320
2026-09-09,2026-09-15,6,Validation,945,14:35:48.000,14:35:48.000,0,18720
2026-09-09,2026-09-15,6,Validation,946,14:35:48.000,14:35:48.000,0,16120
2026-09-09,2026-09-15,6,Validation,947,14:35:49.000,14:35:49.000,0,15860
2026-09-09,2026-09-15,6,Validation,948,14:35:49.000,14:35:49.000,0,13260
2026-09-09,2026-09-15,6,Validation,949,14:35:49.000,14:35:49.000,0,10660
2026-09-09,2026-09-15,6,Validation,950,14:35:49.000,14:35:49.000,0,8060
2026-09-09,2026-09-15,6,Validation,951,14:35:50.000,14:35:50.000,0,5460
2026-09-09,2026-09-15,6,Validation,952,14:35:50.000,14:35:50.000,0,2860
2026-09-09,2026-09-15,6,Validation,953,14:35:51.000,14:36:07.000,16,2860
2026-09-09,2026-09-15,6,Validation,954,14:36:07.000,14:36:19.000,12,2600
2026-09-09,2026-09-15,6,Validation,955,14:36:19.000,14:38:12.000,113,12155
2026-09-09,2026-09-15,6,Validation,956,14:38:12.000,14:38:12.000,0,9555
2026-09-09,2026-09-15,6,Validation,957,14:38:14.000,14:38:14.000,0,7150
2026-09-09,2026-09-15,6,Validation,958,14:38:14.000,14:38:14.000,0,4550
2026-09-09,2026-09-15,6,Validation,959,14:38:14.000,14:38:25.000,11,2730
2026-09-09,2026-09-15,6,Validation,960,14:38:25.000,14:38:57.000,32,2600
2026-09-09,2026-09-15,6,Validation,961,14:38:57.000,14:39:22.000,25,2795
2026-09-09,2026-09-15,6,Validation,962,14:39:22.000,14:40:12.000,50,2925
2026-09-09,2026-09-15,6,Validation,963,14:40:12.000,14:40:40.000,28,3120
2026-09-09,2026-09-15,6,Validation,964,14:40:40.000,14:40:51.000,11,2990
2026-09-09,2026-09-15,6,Validation,965,14:40:51.000,14:41:06.000,15,2600
2026-09-09,2026-09-15,6,Validation,966,14:41:06.000,14:42:11.000,65,2600
2026-09-09,2026-09-15,6,Validation,967,14:42:11.000,14:43:05.000,54,2665
2026-09-09,2026-09-15,6,Validation,968,14:43:05.000,14:43:46.000,41,2600
2026-09-09,2026-09-15,6,Validation,969,14:43:46.000,14:44:19.000,33,2665
2026-09-09,2026-09-15,6,Validation,970,14:44:19.000,14:44:55.000,36,3315
2026-09-09,2026-09-15,6,Validation,971,14:44:55.000,14:45:14.000,19,2665
2026-09-09,2026-09-15,6,Validation,972,14:45:14.000,14:45:24.000,10,2600
2026-09-09,2026-09-15,6,Validation,973,14:45:24.000,14:45:48.000,24,2730
2026-09-09,2026-09-15,6,Validation,974,14:45:48.000,14:46:32.000,44,3315
2026-09-09,2026-09-15,6,Validation,975,14:46:32.000,14:46:57.000,25,3640
2026-09-09,2026-09-15,6,Validation,976,14:46:57.000,14:47:00.000,3,2665
2026-09-09,2026-09-15,6,Validation,977,14:47:00.000,14:47:05.000,5,5720
2026-09-09,2026-09-15,6,Validation,978,14:47:05.000,14:47:05.000,0,3120
2026-09-09,2026-09-15,6,Validation,979,14:47:07.000,14:47:20.000,13,2600
2026-09-09,2026-09-15,6,Validation,980,14:47:20.000,14:47:27.000,7,2600
2026-09-09,2026-09-15,6,Validation,981,14:47:27.000,14:47:58.000,31,2600
2026-09-09,2026-09-15,6,Validation,982,14:47:58.000,14:48:43.000,45,3770
2026-09-09,2026-09-15,6,Validation,983,14:48:43.000,14:49:00.000,17,2925
2026-09-09,2026-09-15,6,Validation,984,14:49:00.000,14:50:23.000,83,2795
2026-09-09,2026-09-15,6,Validation,985,14:50:23.000,14:51:10.000,47,3185
2026-09-09,2026-09-15,6,Validation,986,14:51:10.000,14:51:29.000,19,2600
2026-09-09,2026-09-15,6,Validation,987,14:51:29.000,14:52:42.000,73,2795
2026-09-09,2026-09-15,6,Validation,988,14:52:42.000,14:54:13.000,91,2600
2026-09-09,2026-09-15,6,Validation,989,14:54:13.000,14:54:45.000,32,2600
2026-09-09,2026-09-15,6,Validation,990,14:54:45.000,14:55:06.000,21,2665
2026-09-09,2026-09-15,6,Validation,991,14:55:06.000,14:55:26.000,20,2730
2026-09-09,2026-09-15,6,Validation,992,14:55:26.000,14:55:52.000,26,2600
2026-09-09,2026-09-15,6,Validation,993,14:55:52.000,14:56:17.000,25,3315
2026-09-09,2026-09-15,6,Validation,994,14:56:17.000,14:56:18.000,1,3120
2026-09-09,2026-09-15,6,Validation,995,14:56:18.000,14:56:31.000,13,3640
2026-09-09,2026-09-15,6,Validation,996,14:56:31.000,14:56:49.000,18,4225
2026-09-09,2026-09-15,6,Validation,997,14:56:49.000,14:56:54.000,5,2665
2026-09-09,2026-09-15,6,Validation,998,14:56:54.000,14:57:16.000,22,3185
2026-09-09,2026-09-15,6,Validation,999,14:57:16.000,14:58:00.000,44,2600
2026-09-09,2026-09-15,6,Validation,1000,14:58:00.000,14:59:24.000,84,3055
2026-09-09,2026-09-15,6,Validation,1001,14:59:24.000,15:00:31.000,67,2860
2026-09-09,2026-09-15,6,Validation,1002,15:00:31.000,15:01:02.000,31,2665
2026-09-09,2026-09-15,6,Validation,1003,15:01:02.000,15:01:40.000,38,2925
2026-09-09,2026-09-15,6,Validation,1004,15:01:40.000,15:01:53.000,13,2860
2026-09-09,2026-09-15,6,Validation,1005,15:01:53.000,15:02:53.000,60,5135
2026-09-09,2026-09-15,6,Validation,1006,15:02:53.000,15:02:55.000,2,3380
2026-09-09,2026-09-15,6,Validation,1007,15:02:55.000,15:03:17.000,22,4225
2026-09-09,2026-09-15,6,Validation,1008,15:03:17.000,15:03:28.000,11,3315
2026-09-09,2026-09-15,6,Validation,1009,15:03:28.000,15:03:37.000,9,2665
2026-09-09,2026-09-15,6,Validation,1010,15:03:37.000,15:03:53.000,16,3835
2026-09-09,2026-09-15,6,Validation,1011,15:03:53.000,15:03:56.000,3,2925
2026-09-09,2026-09-15,6,Validation,1012,15:03:56.000,15:04:11.000,15,2600
2026-09-09,2026-09-15,6,Validation,1013,15:04:11.000,15:04:28.000,17,6890
2026-09-09,2026-09-15,6,Validation,1014,15:04:28.000,15:04:28.000,0,4290
2026-09-09,2026-09-15,6,Validation,1015,15:04:29.000,15:04:29.000,0,3055
2026-09-09,2026-09-15,6,Validation,1016,15:04:29.000,15:04:36.000,7,3315
2026-09-09,2026-09-15,6,Validation,1017,15:04:36.000,15:04:54.000,18,20475
2026-09-09,2026-09-15,6,Validation,1018,15:04:54.000,15:04:54.000,0,17875
2026-09-09,2026-09-15,6,Validation,1019,15:04:55.000,15:04:55.000,0,15275
2026-09-09,2026-09-15,6,Validation,1020,15:04:55.000,15:04:55.000,0,12675
2026-09-09,2026-09-15,6,Validation,1021,15:04:56.000,15:04:56.000,0,14105
2026-09-09,2026-09-15,6,Validation,1022,15:04:56.000,15:04:56.000,0,11505
2026-09-09,2026-09-15,6,Validation,1023,15:04:57.000,15:04:57.000,0,8905
2026-09-09,2026-09-15,6,Validation,1024,15:04:57.000,15:04:57.000,0,6305
2026-09-09,2026-09-15,6,Validation,1025,15:04:57.000,15:04:57.000,0,3705
2026-09-09,2026-09-15,6,Validation,1026,15:04:57.000,15:04:58.000,1,13065
2026-09-09,2026-09-15,6,Validation,1027,15:04:58.000,15:04:58.000,0,10465
2026-09-09,2026-09-15,6,Validation,1028,15:04:58.000,15:04:58.000,0,7865
2026-09-09,2026-09-15,6,Validation,1029,15:04:58.000,15:04:58.000,0,5265
2026-09-09,2026-09-15,6,Validation,1030,15:04:59.000,15:04:59.000,0,2665
2026-09-09,2026-09-15,6,Validation,1031,15:04:59.000,15:05:01.000,2,2925
2026-09-09,2026-09-15,6,Validation,1032,15:05:01.000,15:05:08.000,7,2795
2026-09-09,2026-09-15,6,Validation,1033,15:05:08.000,15:05:11.000,3,2730
2026-09-09,2026-09-15,6,Validation,1034,15:05:11.000,15:05:16.000,5,2730
2026-09-09,2026-09-15,6,Validation,1035,15:05:16.000,15:05:19.000,3,5265
2026-09-09,2026-09-15,6,Validation,1036,15:05:19.000,15:05:19.000,0,2665
2026-09-09,2026-09-15,6,Validation,1037,15:05:20.000,15:05:30.000,10,3380
2026-09-09,2026-09-15,6,Validation,1038,15:05:30.000,15:05:40.000,10,3900
2026-09-09,2026-09-15,6,Validation,1039,15:05:40.000,15:05:48.000,8,3185
2026-09-09,2026-09-15,6,Validation,1040,15:05:48.000,15:05:56.000,8,2600
2026-09-09,2026-09-15,6,Validation,1041,15:05:56.000,15:06:05.000,9,3900
2026-09-09,2026-09-15,6,Validation,1042,15:06:05.000,15:06:08.000,3,4875
2026-09-09,2026-09-15,6,Validation,1043,15:06:08.000,15:06:10.000,2,2860
2026-09-09,2026-09-15,6,Validation,1044,15:06:10.000,15:06:18.000,8,3835
2026-09-09,2026-09-15,6,Validation,1045,15:06:18.000,15:06:23.000,5,5785
2026-09-09,2026-09-15,6,Validation,1046,15:06:23.000,15:06:23.000,0,3185
2026-09-09,2026-09-15,6,Validation,1047,15:06:23.000,15:06:28.000,5,3900
2026-09-09,2026-09-15,6,Validation,1048,15:06:28.000,15:06:31.000,3,3315
2026-09-09,2026-09-15,6,Validation,1049,15:06:31.000,15:06:38.000,7,2730
2026-09-09,2026-09-15,6,Validation,1050,15:06:38.000,15:06:43.000,5,3055
2026-09-09,2026-09-15,6,Validation,1051,15:06:43.000,15:06:51.000,8,2925
2026-09-09,2026-09-15,6,Validation,1052,15:06:51.000,15:06:58.000,7,3575
2026-09-09,2026-09-15,6,Validation,1053,15:06:58.000,15:07:04.000,6,2990
2026-09-09,2026-09-15,6,Validation,1054,15:07:04.000,15:07:11.000,7,2925
2026-09-09,2026-09-15,6,Validation,1055,15:07:11.000,15:07:18.000,7,2665
2026-09-09,2026-09-15,6,Validation,1056,15:07:18.000,15:07:27.000,9,2795
2026-09-09,2026-09-15,6,Validation,1057,15:07:27.000,15:07:34.000,7,2925
2026-09-09,2026-09-15,6,Validation,1058,15:07:34.000,15:07:41.000,7,2860
2026-09-09,2026-09-15,6,Validation,1059,15:07:41.000,15:07:49.000,8,3185
2026-09-09,2026-09-15,6,Validation,1060,15:07:49.000,15:07:56.000,7,3185
2026-09-09,2026-09-15,6,Validation,1061,15:07:56.000,15:08:01.000,5,3055
2026-09-09,2026-09-15,6,Validation,1062,15:08:01.000,15:08:21.000,20,3380
2026-09-09,2026-09-15,6,Validation,1063,15:08:21.000,15:08:31.000,10,2730
2026-09-09,2026-09-15,6,Validation,1064,15:08:31.000,15:08:54.000,23,4160
2026-09-09,2026-09-15,6,Validation,1065,15:08:54.000,15:08:56.000,2,2600
2026-09-09,2026-09-15,6,Validation,1066,15:08:56.000,15:09:13.000,17,2925
2026-09-09,2026-09-15,6,Validation,1067,15:09:13.000,15:09:14.000,1,8580
2026-09-09,2026-09-15,6,Validation,1068,15:09:14.000,15:09:14.000,0,5980
2026-09-09,2026-09-15,6,Validation,1069,15:09:15.000,15:09:15.000,0,3380
2026-09-09,2026-09-15,6,Validation,1070,15:09:15.000,15:09:21.000,6,2990
2026-09-09,2026-09-15,6,Validation,1071,15:09:21.000,15:09:23.000,2,6110
2026-09-09,2026-09-15,6,Validation,1072,15:09:23.000,15:09:23.000,0,3510
2026-09-09,2026-09-15,6,Validation,1073,15:09:23.000,15:09:39.000,16,2795
2026-09-09,2026-09-15,6,Validation,1074,15:09:39.000,15:09:56.000,17,7475
2026-09-09,2026-09-15,6,Validation,1075,15:09:56.000,15:09:56.000,0,4875
2026-09-09,2026-09-15,6,Validation,1076,15:09:56.000,15:09:57.000,1,2795
2026-09-09,2026-09-15,6,Validation,1077,15:09:57.000,15:10:16.000,19,3770
2026-09-09,2026-09-15,6,Validation,1078,15:10:16.000,15:10:39.000,23,2665
2026-09-09,2026-09-15,6,Validation,1079,15:10:39.000,15:11:07.000,28,2990
2026-09-09,2026-09-15,6,Validation,1080,15:11:07.000,15:11:45.000,38,2600
2026-09-09,2026-09-15,6,Validation,1081,15:11:45.000,15:12:02.000,17,2795
2026-09-09,2026-09-15,6,Validation,1082,15:12:02.000,15:12:15.000,13,3770
2026-09-09,2026-09-15,6,Validation,1083,15:12:15.000,15:12:28.000,13,2665
2026-09-09,2026-09-15,6,Validation,1084,15:12:28.000,15:12:54.000,26,4745
2026-09-09,2026-09-15,6,Validation,1085,15:12:54.000,15:12:59.000,5,2730
2026-09-09,2026-09-15,6,Validation,1086,15:12:59.000,15:13:25.000,26,2600
2026-09-09,2026-09-15,6,Validation,1087,15:13:25.000,15:14:01.000,36,2795
2026-09-09,2026-09-15,6,Validation,1088,15:14:01.000,15:14:10.000,9,3055
2026-09-09,2026-09-15,6,Validation,1089,15:14:10.000,15:14:28.000,18,3705
2026-09-09,2026-09-15,6,Validation,1090,15:14:28.000,15:14:36.000,8,3120
2026-09-09,2026-09-15,6,Validation,1091,15:14:36.000,15:14:48.000,12,2795
2026-09-09,2026-09-15,6,Validation,1092,15:14:48.000,15:15:03.000,15,2860
2026-09-09,2026-09-15,6,Validation,1093,15:15:03.000,15:15:10.000,7,3575
2026-09-09,2026-09-15,6,Validation,1094,15:15:10.000,15:15:17.000,7,2795
2026-09-09,2026-09-15,6,Validation,1095,15:15:17.000,15:15:33.000,16,3250
2026-09-09,2026-09-15,6,Validation,1096,15:15:33.000,15:15:38.000,5,2730
2026-09-09,2026-09-15,6,Validation,1097,15:15:38.000,15:15:45.000,7,4030
2026-09-09,2026-09-15,6,Validation,1098,15:15:45.000,15:15:57.000,12,2600
2026-09-09,2026-09-15,6,Validation,1099,15:15:57.000,15:16:00.000,3,2665
2026-09-09,2026-09-15,6,Validation,1100,15:16:00.000,15:16:12.000,12,2990
2026-09-09,2026-09-15,6,Validation,1101,15:16:12.000,15:16:17.000,5,6500
2026-09-09,2026-09-15,6,Validation,1102,15:16:17.000,15:16:17.000,0,3900
2026-09-09,2026-09-15,6,Validation,1103,15:16:18.000,15:16:18.000,0,9165
2026-09-09,2026-09-15,6,Validation,1104,15:16:18.000,15:16:18.000,0,6565
2026-09-09,2026-09-15,6,Validation,1105,15:16:19.000,15:16:19.000,0,3965
2026-09-09,2026-09-15,6,Validation,1106,15:16:19.000,15:16:20.000,1,3965
2026-09-09,2026-09-15,6,Validation,1107,15:16:20.000,15:16:23.000,3,3640
2026-09-09,2026-09-15,6,Validation,1108,15:16:23.000,15:16:25.000,2,3120
2026-09-09,2026-09-15,6,Validation,1109,15:16:25.000,15:16:33.000,8,3445
2026-09-09,2026-09-15,6,Validation,1110,15:16:33.000,15:16:34.000,1,2860
2026-09-09,2026-09-15,6,Validation,1111,15:16:34.000,15:16:46.000,12,2990
2026-09-09,2026-09-15,6,Validation,1112,15:16:46.000,15:16:51.000,5,2665
2026-09-09,2026-09-15,6,Validation,1113,15:16:51.000,15:17:00.000,9,3250
2026-09-09,2026-09-15,6,Validation,1114,15:17:00.000,15:17:13.000,13,3445
2026-09-09,2026-09-15,6,Validation,1115,15:17:13.000,15:17:16.000,3,4550
2026-09-09,2026-09-15,6,Validation,1116,15:17:16.000,15:17:21.000,5,3055
2026-09-09,2026-09-15,6,Validation,1117,15:17:21.000,15:17:34.000,13,2665
2026-09-09,2026-09-15,6,Validation,1118,15:17:34.000,15:17:56.000,22,2600
2026-09-09,2026-09-15,6,Validation,1119,15:17:56.000,15:18:08.000,12,3770
2026-09-09,2026-09-15,6,Validation,1120,15:18:08.000,15:18:16.000,8,2600
2026-09-09,2026-09-15,6,Validation,1121,15:18:16.000,15:18:31.000,15,12480
2026-09-09,2026-09-15,6,Validation,1122,15:18:31.000,15:18:31.000,0,9880
2026-09-09,2026-09-15,6,Validation,1123,15:18:33.000,15:18:33.000,0,7280
2026-09-09,2026-09-15,6,Validation,1124,15:18:33.000,15:18:33.000,0,4680
2026-09-09,2026-09-15,6,Validation,1125,15:18:33.000,15:18:33.000,0,3445
2026-09-09,2026-09-15,6,Validation,1126,15:18:33.000,15:18:38.000,5,2665
2026-09-09,2026-09-15,6,Validation,1127,15:18:38.000,15:18:44.000,6,2795
2026-09-09,2026-09-15,6,Validation,1128,15:18:44.000,15:18:52.000,8,8060
2026-09-09,2026-09-15,6,Validation,1129,15:18:52.000,15:18:52.000,0,5460
2026-09-09,2026-09-15,6,Validation,1130,15:18:53.000,15:18:53.000,0,2860
2026-09-09,2026-09-15,6,Validation,1131,15:18:53.000,15:18:54.000,1,4615
2026-09-09,2026-09-15,6,Validation,1132,15:18:54.000,15:18:59.000,5,2600
2026-09-09,2026-09-15,6,Validation,1133,15:18:59.000,15:19:59.000,60,2665
2026-09-09,2026-09-15,6,Validation,1134,15:19:59.000,15:20:07.000,8,4355
2026-09-09,2026-09-15,6,Validation,1135,15:20:07.000,15:20:09.000,2,2795
2026-09-09,2026-09-15,6,Validation,1136,15:20:09.000,15:20:26.000,17,3120
2026-09-09,2026-09-15,6,Validation,1137,15:20:26.000,15:20:31.000,5,2730
2026-09-09,2026-09-15,6,Validation,1138,15:20:31.000,15:20:56.000,25,2730
2026-09-09,2026-09-15,6,Validation,1139,15:20:56.000,15:20:59.000,3,2665
2026-09-09,2026-09-15,6,Validation,1140,15:20:59.000,15:21:12.000,13,3770
2026-09-09,2026-09-15,6,Validation,1141,15:21:12.000,15:21:16.000,4,3055
2026-09-09,2026-09-15,6,Validation,1142,15:21:16.000,15:21:29.000,13,3510
2026-09-09,2026-09-15,6,Validation,1143,15:21:29.000,15:21:36.000,7,2730
2026-09-09,2026-09-15,6,Validation,1144,15:21:36.000,15:21:55.000,19,2795
2026-09-09,2026-09-15,6,Validation,1145,15:21:55.000,15:22:05.000,10,3185
2026-09-09,2026-09-15,6,Validation,1146,15:22:05.000,15:22:12.000,7,2925
2026-09-09,2026-09-15,6,Validation,1147,15:22:12.000,15:22:15.000,3,2600
2026-09-09,2026-09-15,6,Validation,1148,15:22:15.000,15:22:22.000,7,3185
2026-09-09,2026-09-15,6,Validation,1149,15:22:22.000,15:22:35.000,13,2795
2026-09-09,2026-09-15,6,Validation,1150,15:22:35.000,15:22:47.000,12,2990
2026-09-09,2026-09-15,6,Validation,1151,15:22:47.000,15:22:52.000,5,3705
2026-09-09,2026-09-15,6,Validation,1152,15:22:52.000,15:22:53.000,1,3055
2026-09-09,2026-09-15,6,Validation,1153,15:22:53.000,15:22:57.000,4,2795
2026-09-09,2026-09-15,6,Validation,1154,15:22:57.000,15:23:00.000,3,3380
2026-09-09,2026-09-15,6,Validation,1155,15:23:00.000,15:23:05.000,5,3315
2026-09-09,2026-09-15,6,Validation,1156,15:23:05.000,15:23:10.000,5,3380
2026-09-09,2026-09-15,6,Validation,1157,15:23:10.000,15:23:12.000,2,4355
2026-09-09,2026-09-15,6,Validation,1158,15:23:12.000,15:23:13.000,1,2860
2026-09-09,2026-09-15,6,Validation,1159,15:23:13.000,15:23:22.000,9,8775
2026-09-09,2026-09-15,6,Validation,1160,15:23:22.000,15:23:22.000,0,6175
2026-09-09,2026-09-15,6,Validation,1161,15:23:22.000,15:23:22.000,0,3575
2026-09-09,2026-09-15,6,Validation,1162,15:23:22.000,15:23:25.000,3,2665
2026-09-09,2026-09-15,6,Validation,1163,15:23:25.000,15:23:30.000,5,2730
2026-09-09,2026-09-15,6,Validation,1164,15:23:30.000,15:23:32.000,2,7215
2026-09-09,2026-09-15,6,Validation,1165,15:23:32.000,15:23:32.000,0,4615
2026-09-09,2026-09-15,6,Validation,1166,15:23:32.000,15:23:33.000,1,3055
2026-09-09,2026-09-15,6,Validation,1167,15:23:33.000,15:23:38.000,5,2730
2026-09-09,2026-09-15,6,Validation,1168,15:23:38.000,15:23:59.000,21,3055
2026-09-09,2026-09-15,6,Validation,1169,15:23:59.000,15:24:13.000,14,2730
2026-09-09,2026-09-15,6,Validation,1170,15:24:13.000,15:24:21.000,8,2990
2026-09-09,2026-09-15,6,Validation,1171,15:24:21.000,15:24:28.000,7,4030
2026-09-09,2026-09-15,6,Validation,1172,15:24:28.000,15:24:33.000,5,3250
2026-09-09,2026-09-15,6,Validation,1173,15:24:33.000,15:24:42.000,9,3445
2026-09-09,2026-09-15,6,Validation,1174,15:24:42.000,15:24:44.000,2,4225
2026-09-09,2026-09-15,6,Validation,1175,15:24:44.000,15:24:45.000,1,4290
2026-09-09,2026-09-15,6,Validation,1176,15:24:45.000,15:24:47.000,2,5135
2026-09-09,2026-09-15,6,Validation,1177,15:24:47.000,15:24:49.000,2,4810
2026-09-09,2026-09-15,6,Validation,1178,15:24:49.000,15:24:50.000,1,4160
2026-09-09,2026-09-15,6,Validation,1179,15:24:50.000,15:24:52.000,2,2860
2026-09-09,2026-09-15,6,Validation,1180,15:24:52.000,15:24:56.000,4,3705
2026-09-09,2026-09-15,6,Validation,1181,15:24:56.000,15:24:58.000,2,2925
2026-09-09,2026-09-15,6,Validation,1182,15:24:58.000,15:25:03.000,5,3315
2026-09-09,2026-09-15,6,Validation,1183,15:25:03.000,15:25:06.000,3,3835
2026-09-09,2026-09-15,6,Validation,1184,15:25:06.000,15:25:15.000,9,2600
2026-09-09,2026-09-15,6,Validation,1185,15:25:15.000,15:25:21.000,6,2860
2026-09-09,2026-09-15,6,Validation,1186,15:25:21.000,15:25:31.000,10,4420
2026-09-09,2026-09-15,6,Validation,1187,15:25:31.000,15:25:33.000,2,7215
2026-09-09,2026-09-15,6,Validation,1188,15:25:33.000,15:25:33.000,0,4615
2026-09-09,2026-09-15,6,Validation,1189,15:25:34.000,15:25:35.000,1,4615
2026-09-09,2026-09-15,6,Validation,1190,15:25:35.000,15:25:36.000,1,4680
2026-09-09,2026-09-15,6,Validation,1191,15:25:36.000,15:25:38.000,2,4355
2026-09-09,2026-09-15,6,Validation,1192,15:25:38.000,15:25:39.000,1,5850
2026-09-09,2026-09-15,6,Validation,1193,15:25:39.000,15:25:39.000,0,3250
2026-09-09,2026-09-15,6,Validation,1194,15:25:40.000,15:25:41.000,1,4485
2026-09-09,2026-09-15,6,Validation,1195,15:25:41.000,15:25:42.000,1,5590
2026-09-09,2026-09-15,6,Validation,1196,15:25:42.000,15:25:42.000,0,2990
2026-09-09,2026-09-15,6,Validation,1197,15:25:43.000,15:25:44.000,1,3445
2026-09-09,2026-09-15,6,Validation,1198,15:25:44.000,15:25:45.000,1,4420
2026-09-09,2026-09-15,6,Validation,1199,15:25:45.000,15:25:47.000,2,2730
2026-09-09,2026-09-15,6,Validation,1200,15:25:47.000,15:25:53.000,6,4160
2026-09-09,2026-09-15,6,Validation,1201,15:25:53.000,15:25:54.000,1,2795
2026-09-09,2026-09-15,6,Validation,1202,15:25:54.000,15:25:56.000,2,5135
2026-09-09,2026-09-15,6,Validation,1203,15:25:56.000,15:25:57.000,1,6175
2026-09-09,2026-09-15,6,Validation,1204,15:25:57.000,15:25:57.000,0,3575
2026-09-09,2026-09-15,6,Validation,1205,15:25:58.000,15:25:59.000,1,3965
2026-09-09,2026-09-15,6,Validation,1206,15:25:59.000,15:26:02.000,3,3315
2026-09-09,2026-09-15,6,Validation,1207,15:26:02.000,15:26:07.000,5,2665
2026-09-09,2026-09-15,6,Validation,1208,15:26:07.000,15:26:12.000,5,2860
2026-09-09,2026-09-15,6,Validation,1209,15:26:12.000,15:26:36.000,24,3380
2026-09-09,2026-09-15,6,Validation,1210,15:26:36.000,15:26:51.000,15,2925
2026-09-09,2026-09-15,6,Validation,1211,15:26:51.000,15:27:06.000,15,3770
2026-09-09,2026-09-15,6,Validation,1212,15:27:06.000,15:27:13.000,7,3705
2026-09-09,2026-09-15,6,Validation,1213,15:27:13.000,15:27:21.000,8,2600
2026-09-09,2026-09-15,6,Validation,1214,15:27:21.000,15:27:52.000,31,3055
2026-09-09,2026-09-15,6,Validation,1215,15:27:52.000,15:27:55.000,3,3770
2026-09-09,2026-09-15,6,Validation,1216,15:27:55.000,15:27:57.000,2,3120
2026-09-09,2026-09-15,6,Validation,1217,15:27:57.000,15:28:00.000,3,11505
2026-09-09,2026-09-15,6,Validation,1218,15:28:00.000,15:28:00.000,0,8905
2026-09-09,2026-09-15,6,Validation,1219,15:28:01.000,15:28:01.000,0,6305
2026-09-09,2026-09-15,6,Validation,1220,15:28:01.000,15:28:01.000,0,3705
2026-09-09,2026-09-15,6,Validation,1221,15:28:02.000,15:28:02.000,0,3315
2026-09-09,2026-09-15,6,Validation,1222,15:28:02.000,15:28:03.000,1,3835
2026-09-09,2026-09-15,6,Validation,1223,15:28:03.000,15:28:12.000,9,2990
2026-09-09,2026-09-15,6,Validation,1224,15:28:12.000,15:28:23.000,11,4225
2026-09-09,2026-09-15,6,Validation,1225,15:28:23.000,15:28:25.000,2,5525
2026-09-09,2026-09-15,6,Validation,1226,15:28:25.000,15:28:25.000,0,2925
2026-09-09,2026-09-15,6,Validation,1227,15:28:25.000,15:28:28.000,3,3120
2026-09-09,2026-09-15,6,Validation,1228,15:28:28.000,15:28:33.000,5,3965
2026-09-09,2026-09-15,6,Validation,1229,15:28:33.000,15:28:36.000,3,3445
2026-09-09,2026-09-15,6,Validation,1230,15:28:36.000,15:28:38.000,2,4615
2026-09-09,2026-09-15,6,Validation,1231,15:28:38.000,15:28:41.000,3,3315
2026-09-09,2026-09-15,6,Validation,1232,15:28:41.000,15:28:46.000,5,3705
2026-09-09,2026-09-15,6,Validation,1233,15:28:46.000,15:28:48.000,2,2860
2026-09-09,2026-09-15,6,Validation,1234,15:28:48.000,15:28:51.000,3,2990
2026-09-09,2026-09-15,6,Validation,1235,15:28:51.000,15:28:55.000,4,5200
2026-09-09,2026-09-15,6,Validation,1236,15:28:55.000,15:28:55.000,0,2600
2026-09-09,2026-09-15,6,Validation,1237,15:28:55.000,15:28:58.000,3,15535
2026-09-09,2026-09-15,6,Validation,1238,15:28:58.000,15:28:58.000,0,12935
2026-09-09,2026-09-15,6,Validation,1239,15:28:59.000,15:28:59.000,0,10335
2026-09-09,2026-09-15,6,Validation,1240,15:28:59.000,15:28:59.000,0,7735
2026-09-09,2026-09-15,6,Validation,1241,15:29:00.000,15:29:00.000,0,6695
2026-09-09,2026-09-15,6,Validation,1242,15:29:00.000,15:29:00.000,0,4095
2026-09-09,2026-09-15,6,Validation,1243,15:29:00.000,15:29:01.000,1,4875
2026-09-09,2026-09-15,6,Validation,1244,15:29:01.000,15:29:03.000,2,4550
2026-09-09,2026-09-15,6,Validation,1245,15:29:03.000,15:29:05.000,2,4030
2026-09-09,2026-09-15,6,Validation,1246,15:29:05.000,15:29:06.000,1,4745
2026-09-09,2026-09-15,6,Validation,1247,15:29:06.000,15:29:08.000,2,3705
2026-09-09,2026-09-15,6,Validation,1248,15:29:08.000,15:29:11.000,3,3380
2026-09-09,2026-09-15,6,Validation,1249,15:29:11.000,15:29:15.000,4,2795
2026-09-09,2026-09-15,6,Validation,1250,15:29:15.000,15:29:16.000,1,2730
2026-09-09,2026-09-15,6,Validation,1251,15:29:16.000,15:29:20.000,4,2665
2026-09-09,2026-09-15,6,Validation,1252,15:29:20.000,15:29:23.000,3,3835
2026-09-09,2026-09-15,6,Validation,1253,15:29:23.000,15:29:28.000,5,3250
2026-09-09,2026-09-15,6,Validation,1254,15:29:28.000,15:29:36.000,8,5395
2026-09-09,2026-09-15,6,Validation,1255,15:29:36.000,15:29:36.000,0,2795
2026-09-09,2026-09-15,6,Validation,1256,15:29:37.000,15:29:46.000,9,2665
2026-09-09,2026-09-15,6,Validation,1257,15:29:46.000,15:29:51.000,5,2925
2026-09-09,2026-09-15,6,Validation,1258,15:29:51.000,15:29:56.000,5,4745
2026-09-09,2026-09-15,6,Validation,1259,15:29:56.000,15:29:58.000,2,4940
2026-09-09,2026-09-15,6,Validation,1260,15:29:58.000,15:30:00.000,2,5850
2026-09-09,2026-09-15,6,Validation,1261,15:30:00.000,15:30:00.000,0,3250
2026-09-09,2026-09-15,6,Validation,1262,15:30:00.000,15:30:00.000,0,650
2026-09-10,2026-09-15,5,Validation,0,09:15:00.000,09:15:01.000,1,4095
2026-09-10,2026-09-15,5,Validation,1,09:15:01.000,09:15:03.000,2,3055
2026-09-10,2026-09-15,5,Validation,2,09:15:03.000,09:15:06.000,3,2925
2026-09-10,2026-09-15,5,Validation,3,09:15:06.000,09:15:09.000,3,2990
2026-09-10,2026-09-15,5,Validation,4,09:15:09.000,09:15:15.000,6,5135
2026-09-10,2026-09-15,5,Validation,5,09:15:15.000,09:15:17.000,2,2990
2026-09-10,2026-09-15,5,Validation,6,09:15:17.000,09:15:19.000,2,5655
2026-09-10,2026-09-15,5,Validation,7,09:15:19.000,09:15:19.000,0,3055
2026-09-10,2026-09-15,5,Validation,8,09:15:19.000,09:15:20.000,1,4355
2026-09-10,2026-09-15,5,Validation,9,09:15:20.000,09:15:23.000,3,3185
2026-09-10,2026-09-15,5,Validation,10,09:15:23.000,09:15:28.000,5,2925
2026-09-10,2026-09-15,5,Validation,11,09:15:28.000,09:15:33.000,5,4030
2026-09-10,2026-09-15,5,Validation,12,09:15:33.000,09:15:37.000,4,3315
2026-09-10,2026-09-15,5,Validation,13,09:15:37.000,09:15:42.000,5,3380
2026-09-10,2026-09-15,5,Validation,14,09:15:42.000,09:15:46.000,4,2860
2026-09-10,2026-09-15,5,Validation,15,09:15:46.000,09:15:54.000,8,3510
2026-09-10,2026-09-15,5,Validation,16,09:15:54.000,09:16:00.000,6,4420
2026-09-10,2026-09-15,5,Validation,17,09:16:00.000,09:16:02.000,2,6110
2026-09-10,2026-09-15,5,Validation,18,09:16:02.000,09:16:02.000,0,3510
2026-09-10,2026-09-15,5,Validation,19,09:16:02.000,09:16:05.000,3,11505
2026-09-10,2026-09-15,5,Validation,20,09:16:05.000,09:16:05.000,0,8905
2026-09-10,2026-09-15,5,Validation,21,09:16:07.000,09:16:07.000,0,6305
2026-09-10,2026-09-15,5,Validation,22,09:16:07.000,09:16:07.000,0,3705
2026-09-10,2026-09-15,5,Validation,23,09:16:07.000,09:16:10.000,3,2600
2026-09-10,2026-09-15,5,Validation,24,09:16:10.000,09:16:22.000,12,2665
2026-09-10,2026-09-15,5,Validation,25,09:16:22.000,09:16:32.000,10,2600
2026-09-10,2026-09-15,5,Validation,26,09:16:32.000,09:16:42.000,10,2795
2026-09-10,2026-09-15,5,Validation,27,09:16:42.000,09:16:50.000,8,3445
2026-09-10,2026-09-15,5,Validation,28,09:16:50.000,09:16:55.000,5,3250
2026-09-10,2026-09-15,5,Validation,29,09:16:55.000,09:17:10.000,15,2925
2026-09-10,2026-09-15,5,Validation,30,09:17:10.000,09:17:21.000,11,3380
2026-09-10,2026-09-15,5,Validation,31,09:17:21.000,09:17:23.000,2,2665
2026-09-10,2026-09-15,5,Validation,32,09:17:23.000,09:17:30.000,7,2925
2026-09-10,2026-09-15,5,Validation,33,09:17:30.000,09:17:43.000,13,2795
2026-09-10,2026-09-15,5,Validation,34,09:17:43.000,09:17:52.000,9,4030
2026-09-10,2026-09-15,5,Validation,35,09:17:52.000,09:17:55.000,3,2730
2026-09-10,2026-09-15,5,Validation,36,09:17:55.000,09:18:00.000,5,4550
2026-09-10,2026-09-15,5,Validation,37,09:18:00.000,09:18:08.000,8,2860
2026-09-10,2026-09-15,5,Validation,38,09:18:08.000,09:18:15.000,7,2925
2026-09-10,2026-09-15,5,Validation,39,09:18:15.000,09:18:25.000,10,3120
2026-09-10,2026-09-15,5,Validation,40,09:18:25.000,09:18:30.000,5,2600
2026-09-10,2026-09-15,5,Validation,41,09:18:30.000,09:18:48.000,18,2990
2026-09-10,2026-09-15,5,Validation,42,09:18:48.000,09:19:03.000,15,2730
2026-09-10,2026-09-15,5,Validation,43,09:19:03.000,09:19:15.000,12,2730
2026-09-10,2026-09-15,5,Validation,44,09:19:15.000,09:19:21.000,6,2795
2026-09-10,2026-09-15,5,Validation,45,09:19:21.000,09:19:52.000,31,2860
2026-09-10,2026-09-15,5,Validation,46,09:19:52.000,09:20:00.000,8,2665
2026-09-10,2026-09-15,5,Validation,47,09:20:00.000,09:20:27.000,27,2665
2026-09-10,2026-09-15,5,Validation,48,09:20:27.000,09:20:47.000,20,2600
2026-09-10,2026-09-15,5,Validation,49,09:20:47.000,09:21:08.000,21,2665
2026-09-10,2026-09-15,5,Validation,50,09:21:08.000,09:21:30.000,22,2860
2026-09-10,2026-09-15,5,Validation,51,09:21:30.000,09:21:50.000,20,2925
2026-09-10,2026-09-15,5,Validation,52,09:21:50.000,09:22:07.000,17,2795
2026-09-10,2026-09-15,5,Validation,53,09:22:07.000,09:22:10.000,3,2860
2026-09-10,2026-09-15,5,Validation,54,09:22:10.000,09:22:16.000,6,2665
2026-09-10,2026-09-15,5,Validation,55,09:22:16.000,09:22:20.000,4,4355
2026-09-10,2026-09-15,5,Validation,56,09:22:20.000,09:22:21.000,1,3250
2026-09-10,2026-09-15,5,Validation,57,09:22:21.000,09:22:40.000,19,3575
2026-09-10,2026-09-15,5,Validation,58,09:22:40.000,09:22:56.000,16,3445
2026-09-10,2026-09-15,5,Validation,59,09:22:56.000,09:23:10.000,14,2665
2026-09-10,2026-09-15,5,Validation,60,09:23:10.000,09:23:25.000,15,2665
2026-09-10,2026-09-15,5,Validation,61,09:23:25.000,09:23:30.000,5,5720
2026-09-10,2026-09-15,5,Validation,62,09:23:30.000,09:23:30.000,0,3120
2026-09-10,2026-09-15,5,Validation,63,09:23:30.000,09:23:40.000,10,2795
2026-09-10,2026-09-15,5,Validation,64,09:23:40.000,09:23:46.000,6,3900
2026-09-10,2026-09-15,5,Validation,65,09:23:46.000,09:23:53.000,7,3055
2026-09-10,2026-09-15,5,Validation,66,09:23:53.000,09:24:01.000,8,7735
2026-09-10,2026-09-15,5,Validation,67,09:24:01.000,09:24:01.000,0,5135
2026-09-10,2026-09-15,5,Validation,68,09:24:03.000,09:24:03.000,0,2665
2026-09-10,2026-09-15,5,Validation,69,09:24:03.000,09:24:25.000,22,2990
2026-09-10,2026-09-15,5,Validation,70,09:24:25.000,09:24:32.000,7,2730
2026-09-10,2026-09-15,5,Validation,71,09:24:32.000,09:24:48.000,16,2600
2026-09-10,2026-09-15,5,Validation,72,09:24:48.000,09:25:11.000,23,2730
2026-09-10,2026-09-15,5,Validation,73,09:25:11.000,09:25:16.000,5,2925
2026-09-10,2026-09-15,5,Validation,74,09:25:16.000,09:25:50.000,34,2860
2026-09-10,2026-09-15,5,Validation,75,09:25:50.000,09:26:10.000,20,2600
2026-09-10,2026-09-15,5,Validation,76,09:26:10.000,09:26:23.000,13,2600
2026-09-10,2026-09-15,5,Validation,77,09:26:23.000,09:26:52.000,29,2665
2026-09-10,2026-09-15,5,Validation,78,09:26:52.000,09:27:03.000,11,2665
2026-09-10,2026-09-15,5,Validation,79,09:27:03.000,09:27:08.000,5,2925
2026-09-10,2026-09-15,5,Validation,80,09:27:08.000,09:27:18.000,10,3120
2026-09-10,2026-09-15,5,Validation,81,09:27:18.000,09:27:35.000,17,2665
2026-09-10,2026-09-15,5,Validation,82,09:27:35.000,09:27:50.000,15,3510
2026-09-10,2026-09-15,5,Validation,83,09:27:50.000,09:27:55.000,5,2730
2026-09-10,2026-09-15,5,Validation,84,09:27:55.000,09:28:17.000,22,3055
2026-09-10,2026-09-15,5,Validation,85,09:28:17.000,09:28:35.000,18,2600
2026-09-10,2026-09-15,5,Validation,86,09:28:35.000,09:28:47.000,12,3380
2026-09-10,2026-09-15,5,Validation,87,09:28:47.000,09:28:53.000,6,2730
2026-09-10,2026-09-15,5,Validation,88,09:28:53.000,09:29:20.000,27,2665
2026-09-10,2026-09-15,5,Validation,89,09:29:20.000,09:29:42.000,22,2925
2026-09-10,2026-09-15,5,Validation,90,09:29:42.000,09:30:15.000,33,2665
2026-09-10,2026-09-15,5,Validation,91,09:30:15.000,09:30:48.000,33,2600
2026-09-10,2026-09-15,5,Validation,92,09:30:48.000,09:31:07.000,19,2600
2026-09-10,2026-09-15,5,Validation,93,09:31:07.000,09:31:32.000,25,2730
2026-09-10,2026-09-15,5,Validation,94,09:31:32.000,09:32:00.000,28,3185
2026-09-10,2026-09-15,5,Validation,95,09:32:00.000,09:32:10.000,10,2665
2026-09-10,2026-09-15,5,Validation,96,09:32:10.000,09:32:47.000,37,2665
2026-09-10,2026-09-15,5,Validation,97,09:32:47.000,09:33:30.000,43,3250
2026-09-10,2026-09-15,5,Validation,98,09:33:30.000,09:34:15.000,45,3120
2026-09-10,2026-09-15,5,Validation,99,09:34:15.000,09:34:38.000,23,3965
2026-09-10,2026-09-15,5,Validation,100,09:34:38.000,09:35:02.000,24,2860
2026-09-10,2026-09-15,5,Validation,101,09:35:02.000,09:35:13.000,11,4810
2026-09-10,2026-09-15,5,Validation,102,09:35:13.000,09:35:15.000,2,4355
2026-09-10,2026-09-15,5,Validation,103,09:35:15.000,09:35:35.000,20,2600
2026-09-10,2026-09-15,5,Validation,104,09:35:35.000,09:36:18.000,43,3510
2026-09-10,2026-09-15,5,Validation,105,09:36:18.000,09:36:50.000,32,3770
2026-09-10,2026-09-15,5,Validation,106,09:36:50.000,09:37:07.000,17,2600
2026-09-10,2026-09-15,5,Validation,107,09:37:07.000,09:37:58.000,51,3315
2026-09-10,2026-09-15,5,Validation,108,09:37:58.000,09:38:31.000,33,2665
2026-09-10,2026-09-15,5,Validation,109,09:38:31.000,09:38:46.000,15,2600
2026-09-10,2026-09-15,5,Validation,110,09:38:46.000,09:38:51.000,5,8515
2026-09-10,2026-09-15,5,Validation,111,09:38:51.000,09:38:51.000,0,5915
2026-09-10,2026-09-15,5,Validation,112,09:38:52.000,09:38:52.000,0,3315
2026-09-10,2026-09-15,5,Validation,113,09:38:52.000,09:39:04.000,12,6435
2026-09-10,2026-09-15,5,Validation,114,09:39:04.000,09:39:04.000,0,3835
2026-09-10,2026-09-15,5,Validation,115,09:39:05.000,09:39:51.000,46,2600
2026-09-10,2026-09-15,5,Validation,116,09:39:51.000,09:40:37.000,46,4225
2026-09-10,2026-09-15,5,Validation,117,09:40:37.000,09:40:47.000,10,2665
2026-09-10,2026-09-15,5,Validation,118,09:40:47.000,09:41:26.000,39,2665
2026-09-10,2026-09-15,5,Validation,119,09:41:26.000,09:42:37.000,71,2730
2026-09-10,2026-09-15,5,Validation,120,09:42:37.000,09:43:18.000,41,4940
2026-09-10,2026-09-15,5,Validation,121,09:43:18.000,09:43:20.000,2,6305
2026-09-10,2026-09-15,5,Validation,122,09:43:20.000,09:43:20.000,0,3705
2026-09-10,2026-09-15,5,Validation,123,09:43:20.000,09:43:26.000,6,3120
2026-09-10,2026-09-15,5,Validation,124,09:43:26.000,09:43:38.000,12,3250
2026-09-10,2026-09-15,5,Validation,125,09:43:38.000,09:44:08.000,30,2600
2026-09-10,2026-09-15,5,Validation,126,09:44:08.000,09:44:49.000,41,2665
2026-09-10,2026-09-15,5,Validation,127,09:44:49.000,09:46:01.000,72,2730
2026-09-10,2026-09-15,5,Validation,128,09:46:01.000,09:46:46.000,45,2795
2026-09-10,2026-09-15,5,Validation,129,09:46:46.000,09:47:38.000,52,2600
2026-09-10,2026-09-15,5,Validation,130,09:47:38.000,09:48:33.000,55,3055
2026-09-10,2026-09-15,5,Validation,131,09:48:33.000,09:49:11.000,38,3640
2026-09-10,2026-09-15,5,Validation,132,09:49:11.000,09:50:01.000,50,2730
2026-09-10,2026-09-15,5,Validation,133,09:50:01.000,09:50:11.000,10,2795
2026-09-10,2026-09-15,5,Validation,134,09:50:11.000,09:50:18.000,7,2665
2026-09-10,2026-09-15,5,Validation,135,09:50:18.000,09:50:41.000,23,2925
2026-09-10,2026-09-15,5,Validation,136,09:50:41.000,09:51:11.000,30,2665
2026-09-10,2026-09-15,5,Validation,137,09:51:11.000,09:51:46.000,35,2730
2026-09-10,2026-09-15,5,Validation,138,09:51:46.000,09:51:59.000,13,2795
2026-09-10,2026-09-15,5,Validation,139,09:51:59.000,09:52:23.000,24,3900
2026-09-10,2026-09-15,5,Validation,140,09:52:23.000,09:52:39.000,16,2795
2026-09-10,2026-09-15,5,Validation,141,09:52:39.000,09:53:39.000,60,2665
2026-09-10,2026-09-15,5,Validation,142,09:53:39.000,09:54:37.000,58,2860
2026-09-10,2026-09-15,5,Validation,143,09:54:37.000,09:55:09.000,32,2665
2026-09-10,2026-09-15,5,Validation,144,09:55:09.000,09:55:43.000,34,3835
2026-09-10,2026-09-15,5,Validation,145,09:55:43.000,09:56:38.000,55,2600
2026-09-10,2026-09-15,5,Validation,146,09:56:38.000,09:57:08.000,30,3055
2026-09-10,2026-09-15,5,Validation,147,09:57:08.000,09:57:33.000,25,2795
2026-09-10,2026-09-15,5,Validation,148,09:57:33.000,09:57:55.000,22,2795
2026-09-10,2026-09-15,5,Validation,149,09:57:55.000,09:58:20.000,25,2730
2026-09-10,2026-09-15,5,Validation,150,09:58:20.000,09:58:43.000,23,2665
2026-09-10,2026-09-15,5,Validation,151,09:58:43.000,09:59:18.000,35,2600
2026-09-10,2026-09-15,5,Validation,152,09:59:18.000,09:59:36.000,18,2730
2026-09-10,2026-09-15,5,Validation,153,09:59:36.000,10:00:49.000,73,2665
2026-09-10,2026-09-15,5,Validation,154,10:00:49.000,10:01:47.000,58,2730
2026-09-10,2026-09-15,5,Validation,155,10:01:47.000,10:02:15.000,28,2600
2026-09-10,2026-09-15,5,Validation,156,10:02:15.000,10:02:44.000,29,3315
2026-09-10,2026-09-15,5,Validation,157,10:02:44.000,10:02:57.000,13,2795
2026-09-10,2026-09-15,5,Validation,158,10:02:57.000,10:03:12.000,15,2795
2026-09-10,2026-09-15,5,Validation,159,10:03:12.000,10:03:36.000,24,2990
2026-09-10,2026-09-15,5,Validation,160,10:03:36.000,10:03:57.000,21,4030
2026-09-10,2026-09-15,5,Validation,161,10:03:57.000,10:03:59.000,2,2665
2026-09-10,2026-09-15,5,Validation,162,10:03:59.000,10:04:47.000,48,2860
2026-09-10,2026-09-15,5,Validation,163,10:04:47.000,10:06:00.000,73,3640
2026-09-10,2026-09-15,5,Validation,164,10:06:00.000,10:06:34.000,34,3055
2026-09-10,2026-09-15,5,Validation,165,10:06:34.000,10:07:42.000,68,2925
2026-09-10,2026-09-15,5,Validation,166,10:07:42.000,10:08:44.000,62,2925
2026-09-10,2026-09-15,5,Validation,167,10:08:44.000,10:08:51.000,7,2600
2026-09-10,2026-09-15,5,Validation,168,10:08:51.000,10:09:05.000,14,2730
2026-09-10,2026-09-15,5,Validation,169,10:09:05.000,10:09:29.000,24,4160
2026-09-10,2026-09-15,5,Validation,170,10:09:29.000,10:10:00.000,31,2665
2026-09-10,2026-09-15,5,Validation,171,10:10:00.000,10:10:52.000,52,2665
2026-09-10,2026-09-15,5,Validation,172,10:10:52.000,10:11:34.000,42,2665
2026-09-10,2026-09-15,5,Validation,173,10:11:34.000,10:13:13.000,99,2730
2026-09-10,2026-09-15,5,Validation,174,10:13:13.000,10:13:38.000,25,2665
2026-09-10,2026-09-15,5,Validation,175,10:13:38.000,10:14:54.000,76,2600
2026-09-10,2026-09-15,5,Validation,176,10:14:54.000,10:16:00.000,66,2925
2026-09-10,2026-09-15,5,Validation,177,10:16:00.000,10:17:00.000,60,2600
2026-09-10,2026-09-15,5,Validation,178,10:17:00.000,10:18:05.000,65,2730
2026-09-10,2026-09-15,5,Validation,179,10:18:05.000,10:19:18.000,73,2665
2026-09-10,2026-09-15,5,Validation,180,10:19:18.000,10:21:12.000,114,3055
2026-09-10,2026-09-15,5,Validation,181,10:21:12.000,10:22:09.000,57,2730
2026-09-10,2026-09-15,5,Validation,182,10:22:09.000,10:23:39.000,90,3445
2026-09-10,2026-09-15,5,Validation,183,10:23:39.000,10:24:54.000,75,2600
2026-09-10,2026-09-15,5,Validation,184,10:24:54.000,10:27:04.000,130,2795
2026-09-10,2026-09-15,5,Validation,185,10:27:04.000,10:28:36.000,92,2600
2026-09-10,2026-09-15,5,Validation,186,10:28:36.000,10:30:05.000,89,2795
2026-09-10,2026-09-15,5,Validation,187,10:30:05.000,10:30:10.000,5,5460
2026-09-10,2026-09-15,5,Validation,188,10:30:10.000,10:30:10.000,0,2860
2026-09-10,2026-09-15,5,Validation,189,10:30:12.000,10:32:07.000,115,2600
2026-09-10,2026-09-15,5,Validation,190,10:32:07.000,10:34:10.000,123,2860
2026-09-10,2026-09-15,5,Validation,191,10:34:10.000,10:36:07.000,117,2600
2026-09-10,2026-09-15,5,Validation,192,10:36:07.000,10:39:16.000,189,2600
2026-09-10,2026-09-15,5,Validation,193,10:39:16.000,10:40:01.000,45,2860
2026-09-10,2026-09-15,5,Validation,194,10:40:01.000,10:40:24.000,23,2665
2026-09-10,2026-09-15,5,Validation,195,10:40:24.000,10:41:13.000,49,2795
2026-09-10,2026-09-15,5,Validation,196,10:41:13.000,10:41:37.000,24,2665
2026-09-10,2026-09-15,5,Validation,197,10:41:37.000,10:42:38.000,61,2600
2026-09-10,2026-09-15,5,Validation,198,10:42:38.000,10:43:16.000,38,2600
2026-09-10,2026-09-15,5,Validation,199,10:43:16.000,10:44:17.000,61,2665
2026-09-10,2026-09-15,5,Validation,200,10:44:17.000,10:44:54.000,37,2990
2026-09-10,2026-09-15,5,Validation,201,10:44:54.000,10:44:57.000,3,4420
2026-09-10,2026-09-15,5,Validation,202,10:44:57.000,10:44:59.000,2,3185
2026-09-10,2026-09-15,5,Validation,203,10:44:59.000,10:45:10.000,11,2600
2026-09-10,2026-09-15,5,Validation,204,10:45:10.000,10:45:27.000,17,2925
2026-09-10,2026-09-15,5,Validation,205,10:45:27.000,10:46:24.000,57,2730
2026-09-10,2026-09-15,5,Validation,206,10:46:24.000,10:47:43.000,79,2665
2026-09-10,2026-09-15,5,Validation,207,10:47:43.000,10:48:46.000,63,2730
2026-09-10,2026-09-15,5,Validation,208,10:48:46.000,10:50:10.000,84,2730
2026-09-10,2026-09-15,5,Validation,209,10:50:10.000,10:51:40.000,90,2600
2026-09-10,2026-09-15,5,Validation,210,10:51:40.000,10:53:26.000,106,3185
2026-09-10,2026-09-15,5,Validation,211,10:53:26.000,10:53:44.000,18,2925
2026-09-10,2026-09-15,5,Validation,212,10:53:44.000,10:54:58.000,74,3185
2026-09-10,2026-09-15,5,Validation,213,10:54:58.000,10:55:34.000,36,2990
2026-09-10,2026-09-15,5,Validation,214,10:55:34.000,10:55:59.000,25,2665
2026-09-10,2026-09-15,5,Validation,215,10:55:59.000,10:57:01.000,62,2600
2026-09-10,2026-09-15,5,Validation,216,10:57:01.000,10:58:31.000,90,2925
2026-09-10,2026-09-15,5,Validation,217,10:58:31.000,10:59:39.000,68,3055
2026-09-10,2026-09-15,5,Validation,218,10:59:39.000,11:01:00.000,81,2600
2026-09-10,2026-09-15,5,Validation,219,11:01:00.000,11:02:46.000,106,2925
2026-09-10,2026-09-15,5,Validation,220,11:02:46.000,11:04:24.000,98,2600
2026-09-10,2026-09-15,5,Validation,221,11:04:24.000,11:05:32.000,68,2925
2026-09-10,2026-09-15,5,Validation,222,11:05:32.000,11:06:22.000,50,2730
2026-09-10,2026-09-15,5,Validation,223,11:06:22.000,11:08:40.000,138,2795
2026-09-10,2026-09-15,5,Validation,224,11:08:40.000,11:10:01.000,81,2600
2026-09-10,2026-09-15,5,Validation,225,11:10:01.000,11:10:49.000,48,2860
2026-09-10,2026-09-15,5,Validation,226,11:10:49.000,11:12:30.000,101,2600
2026-09-10,2026-09-15,5,Validation,227,11:12:30.000,11:13:31.000,61,2795
2026-09-10,2026-09-15,5,Validation,228,11:13:31.000,11:14:13.000,42,2600
2026-09-10,2026-09-15,5,Validation,229,11:14:13.000,11:14:56.000,43,2795
2026-09-10,2026-09-15,5,Validation,230,11:14:56.000,11:15:38.000,42,3185
2026-09-10,2026-09-15,5,Validation,231,11:15:38.000,11:16:01.000,23,3315
2026-09-10,2026-09-15,5,Validation,232,11:16:01.000,11:16:41.000,40,2600
2026-09-10,2026-09-15,5,Validation,233,11:16:41.000,11:17:04.000,23,2665
2026-09-10,2026-09-15,5,Validation,234,11:17:04.000,11:17:29.000,25,2665
2026-09-10,2026-09-15,5,Validation,235,11:17:29.000,11:18:34.000,65,2600
2026-09-10,2026-09-15,5,Validation,236,11:18:34.000,11:19:52.000,78,2600
2026-09-10,2026-09-15,5,Validation,237,11:19:52.000,11:20:11.000,19,2795
2026-09-10,2026-09-15,5,Validation,238,11:20:11.000,11:21:02.000,51,2860
2026-09-10,2026-09-15,5,Validation,239,11:21:02.000,11:21:45.000,43,2795
2026-09-10,2026-09-15,5,Validation,240,11:21:45.000,11:22:03.000,18,2795
2026-09-10,2026-09-15,5,Validation,241,11:22:03.000,11:23:31.000,88,3900
2026-09-10,2026-09-15,5,Validation,242,11:23:31.000,11:23:54.000,23,3055
2026-09-10,2026-09-15,5,Validation,243,11:23:54.000,11:25:12.000,78,2665
2026-09-10,2026-09-15,5,Validation,244,11:25:12.000,11:27:39.000,147,2600
2026-09-10,2026-09-15,5,Validation,245,11:27:39.000,11:31:37.000,238,2665
2026-09-10,2026-09-15,5,Validation,246,11:31:37.000,11:35:41.000,244,2600
2026-09-10,2026-09-15,5,Validation,247,11:35:41.000,11:39:18.000,217,2600
2026-09-10,2026-09-15,5,Validation,248,11:39:18.000,11:41:03.000,105,2665
2026-09-10,2026-09-15,5,Validation,249,11:41:03.000,11:41:54.000,51,3640
2026-09-10,2026-09-15,5,Validation,250,11:41:54.000,11:42:07.000,13,2600
2026-09-10,2026-09-15,5,Validation,251,11:42:07.000,11:43:16.000,69,2600
2026-09-10,2026-09-15,5,Validation,252,11:43:16.000,11:45:18.000,122,2665
2026-09-10,2026-09-15,5,Validation,253,11:45:18.000,11:47:29.000,131,2925
2026-09-10,2026-09-15,5,Validation,254,11:47:29.000,11:47:39.000,10,3575
2026-09-10,2026-09-15,5,Validation,255,11:47:39.000,11:47:49.000,10,2600
2026-09-10,2026-09-15,5,Validation,256,11:47:49.000,11:48:43.000,54,2665
2026-09-10,2026-09-15,5,Validation,257,11:48:43.000,11:50:00.000,77,2665
2026-09-10,2026-09-15,5,Validation,258,11:50:00.000,11:50:31.000,31,2600
2026-09-10,2026-09-15,5,Validation,259,11:50:31.000,11:51:13.000,42,2665
2026-09-10,2026-09-15,5,Validation,260,11:51:13.000,11:51:34.000,21,2665
2026-09-10,2026-09-15,5,Validation,261,11:51:34.000,11:54:10.000,156,2730
2026-09-10,2026-09-15,5,Validation,262,11:54:10.000,11:58:43.000,273,2730
2026-09-10,2026-09-15,5,Validation,263,11:58:43.000,11:59:50.000,67,3055
2026-09-10,2026-09-15,5,Validation,264,11:59:50.000,12:00:29.000,39,2990
2026-09-10,2026-09-15,5,Validation,265,12:00:29.000,12:01:37.000,68,2600
2026-09-10,2026-09-15,5,Validation,266,12:01:37.000,12:02:29.000,52,2665
2026-09-10,2026-09-15,5,Validation,267,12:02:29.000,12:03:27.000,58,2795
2026-09-10,2026-09-15,5,Validation,268,12:03:27.000,12:05:14.000,107,2665
2026-09-10,2026-09-15,5,Validation,269,12:05:14.000,12:07:59.000,165,2600
2026-09-10,2026-09-15,5,Validation,270,12:07:59.000,12:10:22.000,143,2990
2026-09-10,2026-09-15,5,Validation,271,12:10:22.000,12:11:23.000,61,3055
2026-09-10,2026-09-15,5,Validation,272,12:11:23.000,12:11:42.000,19,2730
2026-09-10,2026-09-15,5,Validation,273,12:11:42.000,12:12:02.000,20,2665
2026-09-10,2026-09-15,5,Validation,274,12:12:02.000,12:12:14.000,12,3055
2026-09-10,2026-09-15,5,Validation,275,12:12:14.000,12:12:17.000,3,5200
2026-09-10,2026-09-15,5,Validation,276,12:12:17.000,12:12:17.000,0,2600
2026-09-10,2026-09-15,5,Validation,277,12:12:18.000,12:12:45.000,27,2665
2026-09-10,2026-09-15,5,Validation,278,12:12:45.000,12:13:30.000,45,2665
2026-09-10,2026-09-15,5,Validation,279,12:13:30.000,12:14:05.000,35,2665
2026-09-10,2026-09-15,5,Validation,280,12:14:05.000,12:14:56.000,51,2925
2026-09-10,2026-09-15,5,Validation,281,12:14:56.000,12:15:14.000,18,3185
2026-09-10,2026-09-15,5,Validation,282,12:15:14.000,12:15:18.000,4,2795
2026-09-10,2026-09-15,5,Validation,283,12:15:18.000,12:15:33.000,15,3055
2026-09-10,2026-09-15,5,Validation,284,12:15:33.000,12:15:40.000,7,6500
2026-09-10,2026-09-15,5,Validation,285,12:15:40.000,12:15:40.000,0,3900
2026-09-10,2026-09-15,5,Validation,286,12:15:41.000,12:15:50.000,9,2665
2026-09-10,2026-09-15,5,Validation,287,12:15:50.000,12:16:18.000,28,2795
2026-09-10,2026-09-15,5,Validation,288,12:16:18.000,12:17:19.000,61,2665
2026-09-10,2026-09-15,5,Validation,289,12:17:19.000,12:17:50.000,31,2600
2026-09-10,2026-09-15,5,Validation,290,12:17:50.000,12:18:35.000,45,2665
2026-09-10,2026-09-15,5,Validation,291,12:18:35.000,12:20:26.000,111,3055
2026-09-10,2026-09-15,5,Validation,292,12:20:26.000,12:21:20.000,54,4745
2026-09-10,2026-09-15,5,Validation,293,12:21:20.000,12:21:25.000,5,2795
2026-09-10,2026-09-15,5,Validation,294,12:21:25.000,12:22:30.000,65,2665
2026-09-10,2026-09-15,5,Validation,295,12:22:30.000,12:22:49.000,19,3185
2026-09-10,2026-09-15,5,Validation,296,12:22:49.000,12:23:09.000,20,2600
2026-09-10,2026-09-15,5,Validation,297,12:23:09.000,12:23:40.000,31,3965
2026-09-10,2026-09-15,5,Validation,298,12:23:40.000,12:23:42.000,2,3315
2026-09-10,2026-09-15,5,Validation,299,12:23:42.000,12:23:44.000,2,4680
2026-09-10,2026-09-15,5,Validation,300,12:23:44.000,12:24:08.000,24,2600
2026-09-10,2026-09-15,5,Validation,301,12:24:08.000,12:26:20.000,132,3640
2026-09-10,2026-09-15,5,Validation,302,12:26:20.000,12:26:32.000,12,3705
2026-09-10,2026-09-15,5,Validation,303,12:26:32.000,12:27:30.000,58,3315
2026-09-10,2026-09-15,5,Validation,304,12:27:30.000,12:28:41.000,71,2600
2026-09-10,2026-09-15,5,Validation,305,12:28:41.000,12:30:39.000,118,2860
2026-09-10,2026-09-15,5,Validation,306,12:30:39.000,12:31:18.000,39,2925
2026-09-10,2026-09-15,5,Validation,307,12:31:18.000,12:31:46.000,28,3250
2026-09-10,2026-09-15,5,Validation,308,12:31:46.000,12:32:27.000,41,2600
2026-09-10,2026-09-15,5,Validation,309,12:32:27.000,12:36:18.000,231,3055
2026-09-10,2026-09-15,5,Validation,310,12:36:18.000,12:37:56.000,98,2665
2026-09-10,2026-09-15,5,Validation,311,12:37:56.000,12:39:05.000,69,2600
2026-09-10,2026-09-15,5,Validation,312,12:39:05.000,12:41:42.000,157,2600
2026-09-10,2026-09-15,5,Validation,313,12:41:42.000,12:42:28.000,46,3055
2026-09-10,2026-09-15,5,Validation,314,12:42:28.000,12:44:25.000,117,2600
2026-09-10,2026-09-15,5,Validation,315,12:44:25.000,12:47:27.000,182,2600
2026-09-10,2026-09-15,5,Validation,316,12:47:27.000,12:51:01.000,214,2665
2026-09-10,2026-09-15,5,Validation,317,12:51:01.000,12:53:33.000,152,2795
2026-09-10,2026-09-15,5,Validation,318,12:53:33.000,12:55:50.000,137,2925
2026-09-10,2026-09-15,5,Validation,319,12:55:50.000,12:56:58.000,68,2665
2026-09-10,2026-09-15,5,Validation,320,12:56:58.000,12:59:19.000,141,2795
2026-09-10,2026-09-15,5,Validation,321,12:59:19.000,12:59:52.000,33,3640
2026-09-10,2026-09-15,5,Validation,322,12:59:52.000,13:00:34.000,42,2665
2026-09-10,2026-09-15,5,Validation,323,13:00:34.000,13:01:24.000,50,2730
2026-09-10,2026-09-15,5,Validation,324,13:01:24.000,13:01:32.000,8,4680
2026-09-10,2026-09-15,5,Validation,325,13:01:32.000,13:01:42.000,10,3055
2026-09-10,2026-09-15,5,Validation,326,13:01:42.000,13:02:40.000,58,2600
2026-09-10,2026-09-15,5,Validation,327,13:02:40.000,13:04:44.000,124,2600
2026-09-10,2026-09-15,5,Validation,328,13:04:44.000,13:05:33.000,49,2860
2026-09-10,2026-09-15,5,Validation,329,13:05:33.000,13:05:51.000,18,3640
2026-09-10,2026-09-15,5,Validation,330,13:05:51.000,13:06:24.000,33,3640
2026-09-10,2026-09-15,5,Validation,331,13:06:24.000,13:06:51.000,27,2600
2026-09-10,2026-09-15,5,Validation,332,13:06:51.000,13:07:12.000,21,3250
2026-09-10,2026-09-15,5,Validation,333,13:07:12.000,13:07:31.000,19,2860
2026-09-10,2026-09-15,5,Validation,334,13:07:31.000,13:07:48.000,17,4290
2026-09-10,2026-09-15,5,Validation,335,13:07:48.000,13:07:49.000,1,3250
2026-09-10,2026-09-15,5,Validation,336,13:07:49.000,13:08:01.000,12,6045
2026-09-10,2026-09-15,5,Validation,337,13:08:01.000,13:08:01.000,0,3445
2026-09-10,2026-09-15,5,Validation,338,13:08:03.000,13:08:51.000,48,2600
2026-09-10,2026-09-15,5,Validation,339,13:08:51.000,13:11:12.000,141,2600
2026-09-10,2026-09-15,5,Validation,340,13:11:12.000,13:11:34.000,22,2795
2026-09-10,2026-09-15,5,Validation,341,13:11:34.000,13:11:59.000,25,2665
2026-09-10,2026-09-15,5,Validation,342,13:11:59.000,13:12:29.000,30,2600
2026-09-10,2026-09-15,5,Validation,343,13:12:29.000,13:12:56.000,27,2665
2026-09-10,2026-09-15,5,Validation,344,13:12:56.000,13:14:00.000,64,2600
2026-09-10,2026-09-15,5,Validation,345,13:14:00.000,13:15:00.000,60,2795
2026-09-10,2026-09-15,5,Validation,346,13:15:00.000,13:16:20.000,80,2730
2026-09-10,2026-09-15,5,Validation,347,13:16:20.000,13:17:58.000,98,2730
2026-09-10,2026-09-15,5,Validation,348,13:17:58.000,13:18:43.000,45,2600
2026-09-10,2026-09-15,5,Validation,349,13:18:43.000,13:20:02.000,79,2665
2026-09-10,2026-09-15,5,Validation,350,13:20:02.000,13:21:15.000,73,2600
2026-09-10,2026-09-15,5,Validation,351,13:21:15.000,13:24:39.000,204,2860
2026-09-10,2026-09-15,5,Validation,352,13:24:39.000,13:26:08.000,89,2600
2026-09-10,2026-09-15,5,Validation,353,13:26:08.000,13:27:06.000,58,2665
2026-09-10,2026-09-15,5,Validation,354,13:27:06.000,13:28:59.000,113,2665
2026-09-10,2026-09-15,5,Validation,355,13:28:59.000,13:30:26.000,87,2600
2026-09-10,2026-09-15,5,Validation,356,13:30:26.000,13:32:15.000,109,2665
2026-09-10,2026-09-15,5,Validation,357,13:32:15.000,13:33:30.000,75,2990
2026-09-10,2026-09-15,5,Validation,358,13:33:30.000,13:34:15.000,45,2665
2026-09-10,2026-09-15,5,Validation,359,13:34:15.000,13:34:52.000,37,3055
2026-09-10,2026-09-15,5,Validation,360,13:34:52.000,13:36:44.000,112,2925
2026-09-10,2026-09-15,5,Validation,361,13:36:44.000,13:38:03.000,79,3185
2026-09-10,2026-09-15,5,Validation,362,13:38:03.000,13:39:14.000,71,2600
2026-09-10,2026-09-15,5,Validation,363,13:39:14.000,13:41:14.000,120,2600
2026-09-10,2026-09-15,5,Validation,364,13:41:14.000,13:41:21.000,7,2860
2026-09-10,2026-09-15,5,Validation,365,13:41:21.000,13:41:47.000,26,2665
2026-09-10,2026-09-15,5,Validation,366,13:41:47.000,13:43:49.000,122,3120
2026-09-10,2026-09-15,5,Validation,367,13:43:49.000,13:44:15.000,26,2665
2026-09-10,2026-09-15,5,Validation,368,13:44:15.000,13:45:16.000,61,3120
2026-09-10,2026-09-15,5,Validation,369,13:45:16.000,13:47:08.000,112,3120
2026-09-10,2026-09-15,5,Validation,370,13:47:08.000,13:47:26.000,18,2600
2026-09-10,2026-09-15,5,Validation,371,13:47:26.000,13:49:50.000,144,2665
2026-09-10,2026-09-15,5,Validation,372,13:49:50.000,13:51:30.000,100,2860
2026-09-10,2026-09-15,5,Validation,373,13:51:30.000,13:53:50.000,140,2600
2026-09-10,2026-09-15,5,Validation,374,13:53:50.000,13:55:00.000,70,3250
2026-09-10,2026-09-15,5,Validation,375,13:55:00.000,13:55:33.000,33,3575
2026-09-10,2026-09-15,5,Validation,376,13:55:33.000,13:55:46.000,13,3380
2026-09-10,2026-09-15,5,Validation,377,13:55:46.000,13:56:04.000,18,2795
2026-09-10,2026-09-15,5,Validation,378,13:56:04.000,13:57:11.000,67,2730
2026-09-10,2026-09-15,5,Validation,379,13:57:11.000,13:59:10.000,119,3185
2026-09-10,2026-09-15,5,Validation,380,13:59:10.000,14:00:09.000,59,3575
2026-09-10,2026-09-15,5,Validation,381,14:00:09.000,14:01:01.000,52,2600
2026-09-10,2026-09-15,5,Validation,382,14:01:01.000,14:02:26.000,85,2665
2026-09-10,2026-09-15,5,Validation,383,14:02:26.000,14:02:53.000,27,2600
2026-09-10,2026-09-15,5,Validation,384,14:02:53.000,14:03:08.000,15,3055
2026-09-10,2026-09-15,5,Validation,385,14:03:08.000,14:03:16.000,8,5785
2026-09-10,2026-09-15,5,Validation,386,14:03:16.000,14:03:16.000,0,3185
2026-09-10,2026-09-15,5,Validation,387,14:03:17.000,14:03:23.000,6,2730
2026-09-10,2026-09-15,5,Validation,388,14:03:23.000,14:03:56.000,33,2665
2026-09-10,2026-09-15,5,Validation,389,14:03:56.000,14:04:16.000,20,5005
2026-09-10,2026-09-15,5,Validation,390,14:04:16.000,14:04:18.000,2,3185
2026-09-10,2026-09-15,5,Validation,391,14:04:18.000,14:04:21.000,3,7735
2026-09-10,2026-09-15,5,Validation,392,14:04:21.000,14:04:21.000,0,5135
2026-09-10,2026-09-15,5,Validation,393,14:04:21.000,14:04:23.000,2,2795
2026-09-10,2026-09-15,5,Validation,394,14:04:23.000,14:04:29.000,6,3640
2026-09-10,2026-09-15,5,Validation,395,14:04:29.000,14:04:57.000,28,3380
2026-09-10,2026-09-15,5,Validation,396,14:04:57.000,14:05:04.000,7,2925
2026-09-10,2026-09-15,5,Validation,397,14:05:04.000,14:05:44.000,40,3185
2026-09-10,2026-09-15,5,Validation,398,14:05:44.000,14:06:30.000,46,2600
2026-09-10,2026-09-15,5,Validation,399,14:06:30.000,14:07:05.000,35,2600
2026-09-10,2026-09-15,5,Validation,400,14:07:05.000,14:08:26.000,81,2795
2026-09-10,2026-09-15,5,Validation,401,14:08:26.000,14:08:43.000,17,2860
2026-09-10,2026-09-15,5,Validation,402,14:08:43.000,14:09:41.000,58,2860
2026-09-10,2026-09-15,5,Validation,403,14:09:41.000,14:10:57.000,76,2600
2026-09-10,2026-09-15,5,Validation,404,14:10:57.000,14:12:15.000,78,2600
2026-09-10,2026-09-15,5,Validation,405,14:12:15.000,14:12:58.000,43,3250
2026-09-10,2026-09-15,5,Validation,406,14:12:58.000,14:14:01.000,63,2600
2026-09-10,2026-09-15,5,Validation,407,14:14:01.000,14:15:42.000,101,2925
2026-09-10,2026-09-15,5,Validation,408,14:15:42.000,14:16:29.000,47,2795
2026-09-10,2026-09-15,5,Validation,409,14:16:29.000,14:16:49.000,20,2600
2026-09-10,2026-09-15,5,Validation,410,14:16:49.000,14:16:58.000,9,2925
2026-09-10,2026-09-15,5,Validation,411,14:16:58.000,14:18:07.000,69,2600
2026-09-10,2026-09-15,5,Validation,412,14:18:07.000,14:18:34.000,27,4095
2026-09-10,2026-09-15,5,Validation,413,14:18:34.000,14:18:45.000,11,3445
2026-09-10,2026-09-15,5,Validation,414,14:18:45.000,14:18:55.000,10,3510
2026-09-10,2026-09-15,5,Validation,415,14:18:55.000,14:19:03.000,8,11960
2026-09-10,2026-09-15,5,Validation,416,14:19:03.000,14:19:03.000,0,9360
2026-09-10,2026-09-15,5,Validation,417,14:19:05.000,14:19:05.000,0,6825
2026-09-10,2026-09-15,5,Validation,418,14:19:05.000,14:19:05.000,0,4225
2026-09-10,2026-09-15,5,Validation,419,14:19:06.000,14:19:08.000,2,2730
2026-09-10,2026-09-15,5,Validation,420,14:19:08.000,14:19:15.000,7,3185
2026-09-10,2026-09-15,5,Validation,421,14:19:15.000,14:19:28.000,13,3835
2026-09-10,2026-09-15,5,Validation,422,14:19:28.000,14:19:36.000,8,2730
2026-09-10,2026-09-15,5,Validation,423,14:19:36.000,14:19:52.000,16,4030
2026-09-10,2026-09-15,5,Validation,424,14:19:52.000,14:20:00.000,8,3250
2026-09-10,2026-09-15,5,Validation,425,14:20:00.000,14:20:12.000,12,2730
2026-09-10,2026-09-15,5,Validation,426,14:20:12.000,14:20:22.000,10,2860
2026-09-10,2026-09-15,5,Validation,427,14:20:22.000,14:20:39.000,17,2600
2026-09-10,2026-09-15,5,Validation,428,14:20:39.000,14:20:50.000,11,2860
2026-09-10,2026-09-15,5,Validation,429,14:20:50.000,14:21:25.000,35,2600
2026-09-10,2026-09-15,5,Validation,430,14:21:25.000,14:23:29.000,124,2600
2026-09-10,2026-09-15,5,Validation,431,14:23:29.000,14:24:33.000,64,2600
2026-09-10,2026-09-15,5,Validation,432,14:24:33.000,14:26:12.000,99,2665
2026-09-10,2026-09-15,5,Validation,433,14:26:12.000,14:28:29.000,137,2600
2026-09-10,2026-09-15,5,Validation,434,14:28:29.000,14:29:54.000,85,2730
2026-09-10,2026-09-15,5,Validation,435,14:29:54.000,14:31:59.000,125,2600
2026-09-10,2026-09-15,5,Validation,436,14:31:59.000,14:33:58.000,119,2600
2026-09-10,2026-09-15,5,Validation,437,14:33:58.000,14:35:20.000,82,2600
2026-09-10,2026-09-15,5,Validation,438,14:35:20.000,14:37:22.000,122,2600
2026-09-10,2026-09-15,5,Validation,439,14:37:22.000,14:37:54.000,32,3510
2026-09-10,2026-09-15,5,Validation,440,14:37:54.000,14:38:10.000,16,2665
2026-09-10,2026-09-15,5,Validation,441,14:38:10.000,14:38:36.000,26,2600
2026-09-10,2026-09-15,5,Validation,442,14:38:36.000,14:39:59.000,83,2860
2026-09-10,2026-09-15,5,Validation,443,14:39:59.000,14:40:43.000,44,3770
2026-09-10,2026-09-15,5,Validation,444,14:40:43.000,14:40:45.000,2,3770
2026-09-10,2026-09-15,5,Validation,445,14:40:45.000,14:40:50.000,5,2730
2026-09-10,2026-09-15,5,Validation,446,14:40:50.000,14:41:19.000,29,2665
2026-09-10,2026-09-15,5,Validation,447,14:41:19.000,14:41:38.000,19,2795
2026-09-10,2026-09-15,5,Validation,448,14:41:38.000,14:41:48.000,10,2600
2026-09-10,2026-09-15,5,Validation,449,14:41:48.000,14:42:43.000,55,2600
2026-09-10,2026-09-15,5,Validation,450,14:42:43.000,14:43:13.000,30,2730
2026-09-10,2026-09-15,5,Validation,451,14:43:13.000,14:43:36.000,23,3575
2026-09-10,2026-09-15,5,Validation,452,14:43:36.000,14:44:21.000,45,2730
2026-09-10,2026-09-15,5,Validation,453,14:44:21.000,14:45:14.000,53,2600
2026-09-10,2026-09-15,5,Validation,454,14:45:14.000,14:46:35.000,81,2600
2026-09-10,2026-09-15,5,Validation,455,14:46:35.000,14:47:42.000,67,2925
2026-09-10,2026-09-15,5,Validation,456,14:47:42.000,14:47:52.000,10,3380
2026-09-10,2026-09-15,5,Validation,457,14:47:52.000,14:48:13.000,21,2600
2026-09-10,2026-09-15,5,Validation,458,14:48:13.000,14:48:46.000,33,2990
2026-09-10,2026-09-15,5,Validation,459,14:48:46.000,14:49:36.000,50,3900
2026-09-10,2026-09-15,5,Validation,460,14:49:36.000,14:49:53.000,17,2990
2026-09-10,2026-09-15,5,Validation,461,14:49:53.000,14:50:11.000,18,6110
2026-09-10,2026-09-15,5,Validation,462,14:50:11.000,14:50:11.000,0,3510
2026-09-10,2026-09-15,5,Validation,463,14:50:12.000,14:50:19.000,7,2795
2026-09-10,2026-09-15,5,Validation,464,14:50:19.000,14:50:24.000,5,2665
2026-09-10,2026-09-15,5,Validation,465,14:50:24.000,14:51:09.000,45,2600
2026-09-10,2026-09-15,5,Validation,466,14:51:09.000,14:51:19.000,10,2925
2026-09-10,2026-09-15,5,Validation,467,14:51:19.000,14:51:40.000,21,3055
2026-09-10,2026-09-15,5,Validation,468,14:51:40.000,14:52:05.000,25,2600
2026-09-10,2026-09-15,5,Validation,469,14:52:05.000,14:52:46.000,41,2665
2026-09-10,2026-09-15,5,Validation,470,14:52:46.000,14:54:16.000,90,2600
2026-09-10,2026-09-15,5,Validation,471,14:54:16.000,14:55:26.000,70,2600
2026-09-10,2026-09-15,5,Validation,472,14:55:26.000,14:57:06.000,100,2730
2026-09-10,2026-09-15,5,Validation,473,14:57:06.000,14:58:01.000,55,3120
2026-09-10,2026-09-15,5,Validation,474,14:58:01.000,14:58:21.000,20,9425
2026-09-10,2026-09-15,5,Validation,475,14:58:21.000,14:58:21.000,0,6825
2026-09-10,2026-09-15,5,Validation,476,14:58:22.000,14:58:22.000,0,4225
2026-09-10,2026-09-15,5,Validation,477,14:58:22.000,14:58:26.000,4,2795
2026-09-10,2026-09-15,5,Validation,478,14:58:26.000,14:58:57.000,31,2600
2026-09-10,2026-09-15,5,Validation,479,14:58:57.000,14:59:13.000,16,3055
2026-09-10,2026-09-15,5,Validation,480,14:59:13.000,14:59:22.000,9,2665
2026-09-10,2026-09-15,5,Validation,481,14:59:22.000,14:59:49.000,27,2990
2026-09-10,2026-09-15,5,Validation,482,14:59:49.000,15:00:06.000,17,2665
2026-09-10,2026-09-15,5,Validation,483,15:00:06.000,15:00:20.000,14,3250
2026-09-10,2026-09-15,5,Validation,484,15:00:20.000,15:00:25.000,5,2730
2026-09-10,2026-09-15,5,Validation,485,15:00:25.000,15:00:34.000,9,3315
2026-09-10,2026-09-15,5,Validation,486,15:00:34.000,15:00:38.000,4,2730
2026-09-10,2026-09-15,5,Validation,487,15:00:38.000,15:00:48.000,10,2795
2026-09-10,2026-09-15,5,Validation,488,15:00:48.000,15:00:51.000,3,5850
2026-09-10,2026-09-15,5,Validation,489,15:00:51.000,15:00:51.000,0,3250
2026-09-10,2026-09-15,5,Validation,490,15:00:52.000,15:00:53.000,1,9295
2026-09-10,2026-09-15,5,Validation,491,15:00:53.000,15:00:53.000,0,6695
2026-09-10,2026-09-15,5,Validation,492,15:00:53.000,15:00:53.000,0,4095
2026-09-10,2026-09-15,5,Validation,493,15:00:53.000,15:00:54.000,1,7605
2026-09-10,2026-09-15,5,Validation,494,15:00:54.000,15:00:54.000,0,5005
2026-09-10,2026-09-15,5,Validation,495,15:00:55.000,15:00:56.000,1,5980
2026-09-10,2026-09-15,5,Validation,496,15:00:56.000,15:00:56.000,0,3380
2026-09-10,2026-09-15,5,Validation,497,15:00:57.000,15:00:58.000,1,2925
2026-09-10,2026-09-15,5,Validation,498,15:00:58.000,15:00:59.000,1,3705
2026-09-10,2026-09-15,5,Validation,499,15:00:59.000,15:01:01.000,2,7540
2026-09-10,2026-09-15,5,Validation,500,15:01:01.000,15:01:01.000,0,4940
2026-09-10,2026-09-15,5,Validation,501,15:01:02.000,15:01:03.000,1,3315
2026-09-10,2026-09-15,5,Validation,502,15:01:03.000,15:01:13.000,10,2730
2026-09-10,2026-09-15,5,Validation,503,15:01:13.000,15:01:14.000,1,7995
2026-09-10,2026-09-15,5,Validation,504,15:01:14.000,15:01:14.000,0,5395
2026-09-10,2026-09-15,5,Validation,505,15:01:15.000,15:01:15.000,0,2795
2026-09-10,2026-09-15,5,Validation,506,15:01:15.000,15:01:34.000,19,2730
2026-09-10,2026-09-15,5,Validation,507,15:01:34.000,15:01:46.000,12,3185
2026-09-10,2026-09-15,5,Validation,508,15:01:46.000,15:01:56.000,10,12285
2026-09-10,2026-09-15,5,Validation,509,15:01:56.000,15:01:56.000,0,9685
2026-09-10,2026-09-15,5,Validation,510,15:01:57.000,15:01:57.000,0,7085
2026-09-10,2026-09-15,5,Validation,511,15:01:57.000,15:01:57.000,0,4485
2026-09-10,2026-09-15,5,Validation,512,15:01:58.000,15:02:03.000,5,2730
2026-09-10,2026-09-15,5,Validation,513,15:02:03.000,15:02:26.000,23,2990
2026-09-10,2026-09-15,5,Validation,514,15:02:26.000,15:02:41.000,15,2730
2026-09-10,2026-09-15,5,Validation,515,15:02:41.000,15:02:59.000,18,2860
2026-09-10,2026-09-15,5,Validation,516,15:02:59.000,15:03:11.000,12,2990
2026-09-10,2026-09-15,5,Validation,517,15:03:11.000,15:03:21.000,10,2665
2026-09-10,2026-09-15,5,Validation,518,15:03:21.000,15:03:35.000,14,2925
2026-09-10,2026-09-15,5,Validation,519,15:03:35.000,15:03:49.000,14,3120
2026-09-10,2026-09-15,5,Validation,520,15:03:49.000,15:04:04.000,15,3640
2026-09-10,2026-09-15,5,Validation,521,15:04:04.000,15:04:05.000,1,5720
2026-09-10,2026-09-15,5,Validation,522,15:04:05.000,15:04:05.000,0,3120
2026-09-10,2026-09-15,5,Validation,523,15:04:07.000,15:04:25.000,18,2860
2026-09-10,2026-09-15,5,Validation,524,15:04:25.000,15:04:27.000,2,3510
2026-09-10,2026-09-15,5,Validation,525,15:04:27.000,15:04:49.000,22,2860
2026-09-10,2026-09-15,5,Validation,526,15:04:49.000,15:05:15.000,26,3250
2026-09-10,2026-09-15,5,Validation,527,15:05:15.000,15:05:25.000,10,2795
2026-09-10,2026-09-15,5,Validation,528,15:05:25.000,15:05:40.000,15,2665
2026-09-10,2026-09-15,5,Validation,529,15:05:40.000,15:05:59.000,19,2860
2026-09-10,2026-09-15,5,Validation,530,15:05:59.000,15:06:17.000,18,2600
2026-09-10,2026-09-15,5,Validation,531,15:06:17.000,15:06:30.000,13,3120
2026-09-10,2026-09-15,5,Validation,532,15:06:30.000,15:06:39.000,9,5395
2026-09-10,2026-09-15,5,Validation,533,15:06:39.000,15:06:39.000,0,2795
2026-09-10,2026-09-15,5,Validation,534,15:06:40.000,15:06:49.000,9,3120
2026-09-10,2026-09-15,5,Validation,535,15:06:49.000,15:07:04.000,15,2795
2026-09-10,2026-09-15,5,Validation,536,15:07:04.000,15:07:15.000,11,5005
2026-09-10,2026-09-15,5,Validation,537,15:07:15.000,15:07:22.000,7,2860
2026-09-10,2026-09-15,5,Validation,538,15:07:22.000,15:07:35.000,13,3315
2026-09-10,2026-09-15,5,Validation,539,15:07:35.000,15:07:40.000,5,3315
2026-09-10,2026-09-15,5,Validation,540,15:07:40.000,15:07:45.000,5,3445
2026-09-10,2026-09-15,5,Validation,541,15:07:45.000,15:07:55.000,10,2600
2026-09-10,2026-09-15,5,Validation,542,15:07:55.000,15:08:06.000,11,4225
2026-09-10,2026-09-15,5,Validation,543,15:08:06.000,15:08:08.000,2,2730
2026-09-10,2026-09-15,5,Validation,544,15:08:08.000,15:08:35.000,27,3575
2026-09-10,2026-09-15,5,Validation,545,15:08:35.000,15:09:08.000,33,2600
2026-09-10,2026-09-15,5,Validation,546,15:09:08.000,15:09:29.000,21,3055
2026-09-10,2026-09-15,5,Validation,547,15:09:29.000,15:09:36.000,7,2795
2026-09-10,2026-09-15,5,Validation,548,15:09:36.000,15:09:57.000,21,2600
2026-09-10,2026-09-15,5,Validation,549,15:09:57.000,15:10:19.000,22,2795
2026-09-10,2026-09-15,5,Validation,550,15:10:19.000,15:10:37.000,18,2600
2026-09-10,2026-09-15,5,Validation,551,15:10:37.000,15:10:57.000,20,3250
2026-09-10,2026-09-15,5,Validation,552,15:10:57.000,15:11:12.000,15,2600
2026-09-10,2026-09-15,5,Validation,553,15:11:12.000,15:11:25.000,13,3315
2026-09-10,2026-09-15,5,Validation,554,15:11:25.000,15:11:27.000,2,6240
2026-09-10,2026-09-15,5,Validation,555,15:11:27.000,15:11:27.000,0,3640
2026-09-10,2026-09-15,5,Validation,556,15:11:27.000,15:11:30.000,3,4355
2026-09-10,2026-09-15,5,Validation,557,15:11:30.000,15:11:32.000,2,5005
2026-09-10,2026-09-15,5,Validation,558,15:11:32.000,15:11:33.000,1,4095
2026-09-10,2026-09-15,5,Validation,559,15:11:33.000,15:11:35.000,2,4810
2026-09-10,2026-09-15,5,Validation,560,15:11:35.000,15:11:37.000,2,8775
2026-09-10,2026-09-15,5,Validation,561,15:11:37.000,15:11:37.000,0,6175
2026-09-10,2026-09-15,5,Validation,562,15:11:37.000,15:11:37.000,0,3575
2026-09-10,2026-09-15,5,Validation,563,15:11:37.000,15:11:38.000,1,6110
2026-09-10,2026-09-15,5,Validation,564,15:11:38.000,15:11:38.000,0,3510
2026-09-10,2026-09-15,5,Validation,565,15:11:40.000,15:11:40.000,0,2795
2026-09-10,2026-09-15,5,Validation,566,15:11:40.000,15:12:23.000,43,3185
2026-09-10,2026-09-15,5,Validation,567,15:12:23.000,15:12:36.000,13,2665
2026-09-10,2026-09-15,5,Validation,568,15:12:36.000,15:12:41.000,5,2860
2026-09-10,2026-09-15,5,Validation,569,15:12:41.000,15:13:01.000,20,6110
2026-09-10,2026-09-15,5,Validation,570,15:13:01.000,15:13:01.000,0,3510
2026-09-10,2026-09-15,5,Validation,571,15:13:02.000,15:13:11.000,9,2925
2026-09-10,2026-09-15,5,Validation,572,15:13:11.000,15:13:31.000,20,6825
2026-09-10,2026-09-15,5,Validation,573,15:13:31.000,15:13:31.000,0,4225
2026-09-10,2026-09-15,5,Validation,574,15:13:32.000,15:13:46.000,14,3965
2026-09-10,2026-09-15,5,Validation,575,15:13:46.000,15:13:49.000,3,3185
2026-09-10,2026-09-15,5,Validation,576,15:13:49.000,15:13:55.000,6,4225
2026-09-10,2026-09-15,5,Validation,577,15:13:55.000,15:13:57.000,2,3120
2026-09-10,2026-09-15,5,Validation,578,15:13:57.000,15:14:10.000,13,2665
2026-09-10,2026-09-15,5,Validation,579,15:14:10.000,15:14:12.000,2,4940
2026-09-10,2026-09-15,5,Validation,580,15:14:12.000,15:14:13.000,1,3445
2026-09-10,2026-09-15,5,Validation,581,15:14:13.000,15:14:58.000,45,2600
2026-09-10,2026-09-15,5,Validation,582,15:14:58.000,15:15:40.000,42,2600
2026-09-10,2026-09-15,5,Validation,583,15:15:40.000,15:16:03.000,23,2730
2026-09-10,2026-09-15,5,Validation,584,15:16:03.000,15:16:24.000,21,4485
2026-09-10,2026-09-15,5,Validation,585,15:16:24.000,15:16:26.000,2,2730
2026-09-10,2026-09-15,5,Validation,586,15:16:26.000,15:16:42.000,16,2730
2026-09-10,2026-09-15,5,Validation,587,15:16:42.000,15:17:05.000,23,2730
2026-09-10,2026-09-15,5,Validation,588,15:17:05.000,15:17:50.000,45,5655
2026-09-10,2026-09-15,5,Validation,589,15:17:50.000,15:17:50.000,0,3055
2026-09-10,2026-09-15,5,Validation,590,15:17:50.000,15:18:27.000,37,4745
2026-09-10,2026-09-15,5,Validation,591,15:18:27.000,15:18:35.000,8,2665
2026-09-10,2026-09-15,5,Validation,592,15:18:35.000,15:18:50.000,15,4095
2026-09-10,2026-09-15,5,Validation,593,15:18:50.000,15:18:55.000,5,2730
2026-09-10,2026-09-15,5,Validation,594,15:18:55.000,15:19:44.000,49,2730
2026-09-10,2026-09-15,5,Validation,595,15:19:44.000,15:20:04.000,20,8970
2026-09-10,2026-09-15,5,Validation,596,15:20:04.000,15:20:04.000,0,6370
2026-09-10,2026-09-15,5,Validation,597,15:20:04.000,15:20:04.000,0,3770
2026-09-10,2026-09-15,5,Validation,598,15:20:04.000,15:20:06.000,2,2990
2026-09-10,2026-09-15,5,Validation,599,15:20:06.000,15:20:09.000,3,5590
2026-09-10,2026-09-15,5,Validation,600,15:20:09.000,15:20:09.000,0,2990
2026-09-10,2026-09-15,5,Validation,601,15:20:09.000,15:20:35.000,26,2730
2026-09-10,2026-09-15,5,Validation,602,15:20:35.000,15:20:45.000,10,2925
2026-09-10,2026-09-15,5,Validation,603,15:20:45.000,15:20:50.000,5,3055
2026-09-10,2026-09-15,5,Validation,604,15:20:50.000,15:21:11.000,21,3185
2026-09-10,2026-09-15,5,Validation,605,15:21:11.000,15:21:23.000,12,3510
2026-09-10,2026-09-15,5,Validation,606,15:21:23.000,15:21:30.000,7,2990
2026-09-10,2026-09-15,5,Validation,607,15:21:30.000,15:21:56.000,26,2600
2026-09-10,2026-09-15,5,Validation,608,15:21:56.000,15:23:03.000,67,2665
2026-09-10,2026-09-15,5,Validation,609,15:23:03.000,15:23:24.000,21,7995
2026-09-10,2026-09-15,5,Validation,610,15:23:24.000,15:23:24.000,0,5395
2026-09-10,2026-09-15,5,Validation,611,15:23:26.000,15:23:26.000,0,2795
2026-09-10,2026-09-15,5,Validation,612,15:23:26.000,15:23:41.000,15,3315
2026-09-10,2026-09-15,5,Validation,613,15:23:41.000,15:23:58.000,17,2860
2026-09-10,2026-09-15,5,Validation,614,15:23:58.000,15:24:04.000,6,2795
2026-09-10,2026-09-15,5,Validation,615,15:24:04.000,15:24:31.000,27,2990
2026-09-10,2026-09-15,5,Validation,616,15:24:31.000,15:25:09.000,38,2990
2026-09-10,2026-09-15,5,Validation,617,15:25:09.000,15:25:46.000,37,2730
2026-09-10,2026-09-15,5,Validation,618,15:25:46.000,15:26:10.000,24,3055
2026-09-10,2026-09-15,5,Validation,619,15:26:10.000,15:26:35.000,25,2600
2026-09-10,2026-09-15,5,Validation,620,15:26:35.000,15:27:19.000,44,2795
2026-09-10,2026-09-15,5,Validation,621,15:27:19.000,15:27:27.000,8,3380
2026-09-10,2026-09-15,5,Validation,622,15:27:27.000,15:27:39.000,12,3770
2026-09-10,2026-09-15,5,Validation,623,15:27:39.000,15:27:55.000,16,2730
2026-09-10,2026-09-15,5,Validation,624,15:27:55.000,15:28:00.000,5,4550
2026-09-10,2026-09-15,5,Validation,625,15:28:00.000,15:28:10.000,10,3835
2026-09-10,2026-09-15,5,Validation,626,15:28:10.000,15:28:15.000,5,2795
2026-09-10,2026-09-15,5,Validation,627,15:28:15.000,15:28:39.000,24,4290
2026-09-10,2026-09-15,5,Validation,628,15:28:39.000,15:28:42.000,3,3770
2026-09-10,2026-09-15,5,Validation,629,15:28:42.000,15:28:56.000,14,5980
2026-09-10,2026-09-15,5,Validation,630,15:28:56.000,15:28:56.000,0,3380
2026-09-10,2026-09-15,5,Validation,631,15:28:57.000,15:29:07.000,10,3770
2026-09-10,2026-09-15,5,Validation,632,15:29:07.000,15:29:15.000,8,2990
2026-09-10,2026-09-15,5,Validation,633,15:29:15.000,15:29:35.000,20,2730
2026-09-10,2026-09-15,5,Validation,634,15:29:35.000,15:29:48.000,13,3965
2026-09-10,2026-09-15,5,Validation,635,15:29:48.000,15:29:52.000,4,3055
2026-09-10,2026-09-15,5,Validation,636,15:29:52.000,15:30:00.000,8,910
2026-09-11,2026-09-15,4,Validation,0,09:15:00.000,09:15:01.000,1,13325
2026-09-11,2026-09-15,4,Validation,1,09:15:01.000,09:15:01.000,0,10725
2026-09-11,2026-09-15,4,Validation,2,09:15:02.000,09:15:02.000,0,8125
2026-09-11,2026-09-15,4,Validation,3,09:15:02.000,09:15:02.000,0,5525
2026-09-11,2026-09-15,4,Validation,4,09:15:03.000,09:15:03.000,0,11375
2026-09-11,2026-09-15,4,Validation,5,09:15:03.000,09:15:03.000,0,8775
2026-09-11,2026-09-15,4,Validation,6,09:15:03.000,09:15:03.000,0,6175
2026-09-11,2026-09-15,4,Validation,7,09:15:03.000,09:15:03.000,0,3575
2026-09-11,2026-09-15,4,Validation,8,09:15:04.000,09:15:04.000,0,4290
2026-09-11,2026-09-15,4,Validation,9,09:15:04.000,09:15:06.000,2,3835
2026-09-11,2026-09-15,4,Validation,10,09:15:06.000,09:15:07.000,1,4550
2026-09-11,2026-09-15,4,Validation,11,09:15:07.000,09:15:09.000,2,4615
2026-09-11,2026-09-15,4,Validation,12,09:15:09.000,09:15:11.000,2,3445
2026-09-11,2026-09-15,4,Validation,13,09:15:11.000,09:15:12.000,1,5005
2026-09-11,2026-09-15,4,Validation,14,09:15:12.000,09:15:14.000,2,5655
2026-09-11,2026-09-15,4,Validation,15,09:15:14.000,09:15:14.000,0,3055
2026-09-11,2026-09-15,4,Validation,16,09:15:15.000,09:15:16.000,1,4420
2026-09-11,2026-09-15,4,Validation,17,09:15:16.000,09:15:17.000,1,3185
2026-09-11,2026-09-15,4,Validation,18,09:15:17.000,09:15:19.000,2,2795
2026-09-11,2026-09-15,4,Validation,19,09:15:19.000,09:15:23.000,4,5135
2026-09-11,2026-09-15,4,Validation,20,09:15:23.000,09:15:25.000,2,3185
2026-09-11,2026-09-15,4,Validation,21,09:15:25.000,09:15:28.000,3,4355
2026-09-11,2026-09-15,4,Validation,22,09:15:28.000,09:15:31.000,3,3640
2026-09-11,2026-09-15,4,Validation,23,09:15:31.000,09:15:33.000,2,10725
2026-09-11,2026-09-15,4,Validation,24,09:15:33.000,09:15:33.000,0,8125
2026-09-11,2026-09-15,4,Validation,25,09:15:34.000,09:15:34.000,0,5525
2026-09-11,2026-09-15,4,Validation,26,09:15:34.000,09:15:34.000,0,2925
2026-09-11,2026-09-15,4,Validation,27,09:15:34.000,09:15:34.000,0,3445
2026-09-11,2026-09-15,4,Validation,28,09:15:34.000,09:15:39.000,5,3055
2026-09-11,2026-09-15,4,Validation,29,09:15:39.000,09:15:42.000,3,6695
2026-09-11,2026-09-15,4,Validation,30,09:15:42.000,09:15:42.000,0,4095
2026-09-11,2026-09-15,4,Validation,31,09:15:43.000,09:15:44.000,1,2730
2026-09-11,2026-09-15,4,Validation,32,09:15:44.000,09:15:45.000,1,2730
2026-09-11,2026-09-15,4,Validation,33,09:15:45.000,09:15:48.000,3,7410
2026-09-11,2026-09-15,4,Validation,34,09:15:48.000,09:15:48.000,0,4810
2026-09-11,2026-09-15,4,Validation,35,09:15:49.000,09:15:50.000,1,3965
2026-09-11,2026-09-15,4,Validation,36,09:15:50.000,09:15:53.000,3,3640
2026-09-11,2026-09-15,4,Validation,37,09:15:53.000,09:15:56.000,3,2730
2026-09-11,2026-09-15,4,Validation,38,09:15:56.000,09:16:03.000,7,3965
2026-09-11,2026-09-15,4,Validation,39,09:16:03.000,09:16:06.000,3,4225
2026-09-11,2026-09-15,4,Validation,40,09:16:06.000,09:16:08.000,2,3380
2026-09-11,2026-09-15,4,Validation,41,09:16:08.000,09:16:13.000,5,3965
2026-09-11,2026-09-15,4,Validation,42,09:16:13.000,09:16:15.000,2,2795
2026-09-11,2026-09-15,4,Validation,43,09:16:15.000,09:16:20.000,5,2925
2026-09-11,2026-09-15,4,Validation,44,09:16:20.000,09:16:21.000,1,3965
2026-09-11,2026-09-15,4,Validation,45,09:16:21.000,09:16:25.000,4,3315
2026-09-11,2026-09-15,4,Validation,46,09:16:25.000,09:16:30.000,5,5135
2026-09-11,2026-09-15,4,Validation,47,09:16:30.000,09:16:31.000,1,3250
2026-09-11,2026-09-15,4,Validation,48,09:16:31.000,09:16:40.000,9,9295
2026-09-11,2026-09-15,4,Validation,49,09:16:40.000,09:16:40.000,0,6695
2026-09-11,2026-09-15,4,Validation,50,09:16:41.000,09:16:41.000,0,4095
2026-09-11,2026-09-15,4,Validation,51,09:16:41.000,09:16:43.000,2,3055
2026-09-11,2026-09-15,4,Validation,52,09:16:43.000,09:16:50.000,7,2665
2026-09-11,2026-09-15,4,Validation,53,09:16:50.000,09:16:55.000,5,2665
2026-09-11,2026-09-15,4,Validation,54,09:16:55.000,09:16:56.000,1,6630
2026-09-11,2026-09-15,4,Validation,55,09:16:56.000,09:16:56.000,0,4030
2026-09-11,2026-09-15,4,Validation,56,09:16:58.000,09:17:00.000,2,2795
2026-09-11,2026-09-15,4,Validation,57,09:17:00.000,09:17:08.000,8,2665
2026-09-11,2026-09-15,4,Validation,58,09:17:08.000,09:17:14.000,6,2795
2026-09-11,2026-09-15,4,Validation,59,09:17:14.000,09:17:21.000,7,3705
2026-09-11,2026-09-15,4,Validation,60,09:17:21.000,09:17:27.000,6,3250
2026-09-11,2026-09-15,4,Validation,61,09:17:27.000,09:17:30.000,3,2990
2026-09-11,2026-09-15,4,Validation,62,09:17:30.000,09:17:37.000,7,3055
2026-09-11,2026-09-15,4,Validation,63,09:17:37.000,09:17:42.000,5,2665
2026-09-11,2026-09-15,4,Validation,64,09:17:42.000,09:17:48.000,6,3185
2026-09-11,2026-09-15,4,Validation,65,09:17:48.000,09:17:56.000,8,3315
2026-09-11,2026-09-15,4,Validation,66,09:17:56.000,09:18:01.000,5,3315
2026-09-11,2026-09-15,4,Validation,67,09:18:01.000,09:18:09.000,8,2925
2026-09-11,2026-09-15,4,Validation,68,09:18:09.000,09:18:16.000,7,2600
2026-09-11,2026-09-15,4,Validation,69,09:18:16.000,09:18:26.000,10,3250
2026-09-11,2026-09-15,4,Validation,70,09:18:26.000,09:18:29.000,3,2600
2026-09-11,2026-09-15,4,Validation,71,09:18:29.000,09:18:34.000,5,2730
2026-09-11,2026-09-15,4,Validation,72,09:18:34.000,09:18:36.000,2,4745
2026-09-11,2026-09-15,4,Validation,73,09:18:36.000,09:18:39.000,3,4095
2026-09-11,2026-09-15,4,Validation,74,09:18:39.000,09:18:41.000,2,3705
2026-09-11,2026-09-15,4,Validation,75,09:18:41.000,09:18:43.000,2,3770
2026-09-11,2026-09-15,4,Validation,76,09:18:43.000,09:18:47.000,4,3055
2026-09-11,2026-09-15,4,Validation,77,09:18:47.000,09:18:49.000,2,3250
2026-09-11,2026-09-15,4,Validation,78,09:18:49.000,09:18:54.000,5,2860
2026-09-11,2026-09-15,4,Validation,79,09:18:54.000,09:19:07.000,13,2730
2026-09-11,2026-09-15,4,Validation,80,09:19:07.000,09:19:16.000,9,2925
2026-09-11,2026-09-15,4,Validation,81,09:19:16.000,09:19:22.000,6,6435
2026-09-11,2026-09-15,4,Validation,82,09:19:22.000,09:19:22.000,0,3835
2026-09-11,2026-09-15,4,Validation,83,09:19:23.000,09:19:26.000,3,3055
2026-09-11,2026-09-15,4,Validation,84,09:19:26.000,09:19:32.000,6,3575
2026-09-11,2026-09-15,4,Validation,85,09:19:32.000,09:19:37.000,5,2860
2026-09-11,2026-09-15,4,Validation,86,09:19:37.000,09:19:39.000,2,3640
2026-09-11,2026-09-15,4,Validation,87,09:19:39.000,09:19:42.000,3,3770
2026-09-11,2026-09-15,4,Validation,88,09:19:42.000,09:19:49.000,7,3250
2026-09-11,2026-09-15,4,Validation,89,09:19:49.000,09:19:56.000,7,3055
2026-09-11,2026-09-15,4,Validation,90,09:19:56.000,09:20:04.000,8,5460
2026-09-11,2026-09-15,4,Validation,91,09:20:04.000,09:20:04.000,0,2860
2026-09-11,2026-09-15,4,Validation,92,09:20:05.000,09:20:11.000,6,3120
2026-09-11,2026-09-15,4,Validation,93,09:20:11.000,09:20:19.000,8,3380
2026-09-11,2026-09-15,4,Validation,94,09:20:19.000,09:20:27.000,8,2860
2026-09-11,2026-09-15,4,Validation,95,09:20:27.000,09:20:32.000,5,2925
2026-09-11,2026-09-15,4,Validation,96,09:20:32.000,09:20:39.000,7,2730
2026-09-11,2026-09-15,4,Validation,97,09:20:39.000,09:20:54.000,15,2730
2026-09-11,2026-09-15,4,Validation,98,09:20:54.000,09:21:02.000,8,3835
2026-09-11,2026-09-15,4,Validation,99,09:21:02.000,09:21:06.000,4,3315
2026-09-11,2026-09-15,4,Validation,100,09:21:06.000,09:21:14.000,8,2925
2026-09-11,2026-09-15,4,Validation,101,09:21:14.000,09:21:19.000,5,2990
2026-09-11,2026-09-15,4,Validation,102,09:21:19.000,09:21:27.000,8,2730
2026-09-11,2026-09-15,4,Validation,103,09:21:27.000,09:21:34.000,7,3185
2026-09-11,2026-09-15,4,Validation,104,09:21:34.000,09:21:39.000,5,7150
2026-09-11,2026-09-15,4,Validation,105,09:21:39.000,09:21:39.000,0,4550
2026-09-11,2026-09-15,4,Validation,106,09:21:40.000,09:21:42.000,2,4680
2026-09-11,2026-09-15,4,Validation,107,09:21:42.000,09:21:44.000,2,2925
2026-09-11,2026-09-15,4,Validation,108,09:21:44.000,09:21:49.000,5,3185
2026-09-11,2026-09-15,4,Validation,109,09:21:49.000,09:21:59.000,10,2665
2026-09-11,2026-09-15,4,Validation,110,09:21:59.000,09:22:16.000,17,3510
2026-09-11,2026-09-15,4,Validation,111,09:22:16.000,09:22:17.000,1,7215
2026-09-11,2026-09-15,4,Validation,112,09:22:17.000,09:22:17.000,0,4615
2026-09-11,2026-09-15,4,Validation,113,09:22:19.000,09:22:19.000,0,3315
2026-09-11,2026-09-15,4,Validation,114,09:22:19.000,09:22:31.000,12,2795
2026-09-11,2026-09-15,4,Validation,115,09:22:31.000,09:22:44.000,13,2600
2026-09-11,2026-09-15,4,Validation,116,09:22:44.000,09:23:01.000,17,3055
2026-09-11,2026-09-15,4,Validation,117,09:23:01.000,09:23:09.000,8,3315
2026-09-11,2026-09-15,4,Validation,118,09:23:09.000,09:23:12.000,3,4420
2026-09-11,2026-09-15,4,Validation,119,09:23:12.000,09:23:16.000,4,2665
2026-09-11,2026-09-15,4,Validation,120,09:23:16.000,09:23:19.000,3,3575
2026-09-11,2026-09-15,4,Validation,121,09:23:19.000,09:23:22.000,3,2730
2026-09-11,2026-09-15,4,Validation,122,09:23:22.000,09:23:27.000,5,2795
2026-09-11,2026-09-15,4,Validation,123,09:23:27.000,09:23:39.000,12,2860
2026-09-11,2026-09-15,4,Validation,124,09:23:39.000,09:23:42.000,3,3315
2026-09-11,2026-09-15,4,Validation,125,09:23:42.000,09:23:51.000,9,2665
2026-09-11,2026-09-15,4,Validation,126,09:23:51.000,09:23:57.000,6,2990
2026-09-11,2026-09-15,4,Validation,127,09:23:57.000,09:24:20.000,23,2600
2026-09-11,2026-09-15,4,Validation,128,09:24:20.000,09:24:37.000,17,2600
2026-09-11,2026-09-15,4,Validation,129,09:24:37.000,09:24:42.000,5,3120
2026-09-11,2026-09-15,4,Validation,130,09:24:42.000,09:24:57.000,15,3120
2026-09-11,2026-09-15,4,Validation,131,09:24:57.000,09:25:05.000,8,3640
2026-09-11,2026-09-15,4,Validation,132,09:25:05.000,09:25:12.000,7,2730
2026-09-11,2026-09-15,4,Validation,133,09:25:12.000,09:25:19.000,7,11440
2026-09-11,2026-09-15,4,Validation,134,09:25:19.000,09:25:19.000,0,8840
2026-09-11,2026-09-15,4,Validation,135,09:25:21.000,09:25:21.000,0,6240
2026-09-11,2026-09-15,4,Validation,136,09:25:21.000,09:25:21.000,0,3640
2026-09-11,2026-09-15,4,Validation,137,09:25:21.000,09:25:29.000,8,2600
2026-09-11,2026-09-15,4,Validation,138,09:25:29.000,09:25:39.000,10,3380
2026-09-11,2026-09-15,4,Validation,139,09:25:39.000,09:25:47.000,8,2600
2026-09-11,2026-09-15,4,Validation,140,09:25:47.000,09:26:02.000,15,3185
2026-09-11,2026-09-15,4,Validation,141,09:26:02.000,09:26:09.000,7,2795
2026-09-11,2026-09-15,4,Validation,142,09:26:09.000,09:26:16.000,7,5200
2026-09-11,2026-09-15,4,Validation,143,09:26:16.000,09:26:16.000,0,2600
2026-09-11,2026-09-15,4,Validation,144,09:26:16.000,09:26:31.000,15,3250
2026-09-11,2026-09-15,4,Validation,145,09:26:31.000,09:26:36.000,5,2730
2026-09-11,2026-09-15,4,Validation,146,09:26:36.000,09:26:41.000,5,2925
2026-09-11,2026-09-15,4,Validation,147,09:26:41.000,09:26:44.000,3,8645
2026-09-11,2026-09-15,4,Validation,148,09:26:44.000,09:26:44.000,0,6045
2026-09-11,2026-09-15,4,Validation,149,09:26:45.000,09:26:45.000,0,3445
2026-09-11,2026-09-15,4,Validation,150,09:26:45.000,09:27:02.000,17,2925
2026-09-11,2026-09-15,4,Validation,151,09:27:02.000,09:27:14.000,12,3120
2026-09-11,2026-09-15,4,Validation,152,09:27:14.000,09:27:21.000,7,2730
2026-09-11,2026-09-15,4,Validation,153,09:27:21.000,09:27:36.000,15,2665
2026-09-11,2026-09-15,4,Validation,154,09:27:36.000,09:27:59.000,23,2795
2026-09-11,2026-09-15,4,Validation,155,09:27:59.000,09:28:07.000,8,2730
2026-09-11,2026-09-15,4,Validation,156,09:28:07.000,09:28:14.000,7,4160
2026-09-11,2026-09-15,4,Validation,157,09:28:14.000,09:28:17.000,3,3055
2026-09-11,2026-09-15,4,Validation,158,09:28:17.000,09:28:19.000,2,2990
2026-09-11,2026-09-15,4,Validation,159,09:28:19.000,09:28:21.000,2,3575
2026-09-11,2026-09-15,4,Validation,160,09:28:21.000,09:28:31.000,10,3120
2026-09-11,2026-09-15,4,Validation,161,09:28:31.000,09:28:34.000,3,4225
2026-09-11,2026-09-15,4,Validation,162,09:28:34.000,09:28:42.000,8,2990
2026-09-11,2026-09-15,4,Validation,163,09:28:42.000,09:29:02.000,20,2795
2026-09-11,2026-09-15,4,Validation,164,09:29:02.000,09:29:05.000,3,2860
2026-09-11,2026-09-15,4,Validation,165,09:29:05.000,09:29:14.000,9,2730
2026-09-11,2026-09-15,4,Validation,166,09:29:14.000,09:29:35.000,21,2795
2026-09-11,2026-09-15,4,Validation,167,09:29:35.000,09:29:49.000,14,2860
2026-09-11,2026-09-15,4,Validation,168,09:29:49.000,09:30:00.000,11,2990
2026-09-11,2026-09-15,4,Validation,169,09:30:00.000,09:30:05.000,5,2860
2026-09-11,2026-09-15,4,Validation,170,09:30:05.000,09:30:15.000,10,2665
2026-09-11,2026-09-15,4,Validation,171,09:30:15.000,09:30:25.000,10,2990
2026-09-11,2026-09-15,4,Validation,172,09:30:25.000,09:30:45.000,20,2665
2026-09-11,2026-09-15,4,Validation,173,09:30:45.000,09:31:10.000,25,3120
2026-09-11,2026-09-15,4,Validation,174,09:31:10.000,09:31:15.000,5,2925
2026-09-11,2026-09-15,4,Validation,175,09:31:15.000,09:31:18.000,3,3250
2026-09-11,2026-09-15,4,Validation,176,09:31:18.000,09:31:20.000,2,3315
2026-09-11,2026-09-15,4,Validation,177,09:31:20.000,09:31:30.000,10,8190
2026-09-11,2026-09-15,4,Validation,178,09:31:30.000,09:31:30.000,0,5590
2026-09-11,2026-09-15,4,Validation,179,09:31:30.000,09:31:30.000,0,2990
2026-09-11,2026-09-15,4,Validation,180,09:31:31.000,09:31:31.000,0,4290
2026-09-11,2026-09-15,4,Validation,181,09:31:31.000,09:31:36.000,5,2730
2026-09-11,2026-09-15,4,Validation,182,09:31:36.000,09:31:48.000,12,2600
2026-09-11,2026-09-15,4,Validation,183,09:31:48.000,09:31:58.000,10,5265
2026-09-11,2026-09-15,4,Validation,184,09:31:58.000,09:31:58.000,0,2665
2026-09-11,2026-09-15,4,Validation,185,09:31:59.000,09:32:08.000,9,4030
2026-09-11,2026-09-15,4,Validation,186,09:32:08.000,09:32:23.000,15,3315
2026-09-11,2026-09-15,4,Validation,187,09:32:23.000,09:32:36.000,13,2600
2026-09-11,2026-09-15,4,Validation,188,09:32:36.000,09:32:41.000,5,2665
2026-09-11,2026-09-15,4,Validation,189,09:32:41.000,09:32:53.000,12,2600
2026-09-11,2026-09-15,4,Validation,190,09:32:53.000,09:33:06.000,13,2730
2026-09-11,2026-09-15,4,Validation,191,09:33:06.000,09:33:15.000,9,7410
2026-09-11,2026-09-15,4,Validation,192,09:33:15.000,09:33:15.000,0,4810
2026-09-11,2026-09-15,4,Validation,193,09:33:15.000,09:33:18.000,3,3120
2026-09-11,2026-09-15,4,Validation,194,09:33:18.000,09:33:21.000,3,2665
2026-09-11,2026-09-15,4,Validation,195,09:33:21.000,09:33:23.000,2,5005
2026-09-11,2026-09-15,4,Validation,196,09:33:23.000,09:33:26.000,3,2600
2026-09-11,2026-09-15,4,Validation,197,09:33:26.000,09:34:00.000,34,3185
2026-09-11,2026-09-15,4,Validation,198,09:34:00.000,09:34:18.000,18,3120
2026-09-11,2026-09-15,4,Validation,199,09:34:18.000,09:34:37.000,19,2665
2026-09-11,2026-09-15,4,Validation,200,09:34:37.000,09:35:05.000,28,2600
2026-09-11,2026-09-15,4,Validation,201,09:35:05.000,09:35:39.000,34,2925
2026-09-11,2026-09-15,4,Validation,202,09:35:39.000,09:36:02.000,23,2600
2026-09-11,2026-09-15,4,Validation,203,09:36:02.000,09:36:17.000,15,2600
2026-09-11,2026-09-15,4,Validation,204,09:36:17.000,09:36:34.000,17,2600
2026-09-11,2026-09-15,4,Validation,205,09:36:34.000,09:36:54.000,20,2730
2026-09-11,2026-09-15,4,Validation,206,09:36:54.000,09:37:04.000,10,2795
2026-09-11,2026-09-15,4,Validation,207,09:37:04.000,09:37:10.000,6,2665
2026-09-11,2026-09-15,4,Validation,208,09:37:10.000,09:37:19.000,9,3250
2026-09-11,2026-09-15,4,Validation,209,09:37:19.000,09:37:20.000,1,7865
2026-09-11,2026-09-15,4,Validation,210,09:37:20.000,09:37:20.000,0,5265
2026-09-11,2026-09-15,4,Validation,211,09:37:22.000,09:37:22.000,0,2665
2026-09-11,2026-09-15,4,Validation,212,09:37:22.000,09:37:22.000,0,9035
2026-09-11,2026-09-15,4,Validation,213,09:37:22.000,09:37:22.000,0,6435
2026-09-11,2026-09-15,4,Validation,214,09:37:23.000,09:37:23.000,0,3835
2026-09-11,2026-09-15,4,Validation,215,09:37:23.000,09:37:27.000,4,2795
2026-09-11,2026-09-15,4,Validation,216,09:37:27.000,09:37:40.000,13,2860
2026-09-11,2026-09-15,4,Validation,217,09:37:40.000,09:37:42.000,2,5850
2026-09-11,2026-09-15,4,Validation,218,09:37:42.000,09:37:42.000,0,3250
2026-09-11,2026-09-15,4,Validation,219,09:37:43.000,09:37:45.000,2,2600
2026-09-11,2026-09-15,4,Validation,220,09:37:45.000,09:38:04.000,19,2795
2026-09-11,2026-09-15,4,Validation,221,09:38:04.000,09:38:29.000,25,2600
2026-09-11,2026-09-15,4,Validation,222,09:38:29.000,09:38:37.000,8,2990
2026-09-11,2026-09-15,4,Validation,223,09:38:37.000,09:38:45.000,8,2990
2026-09-11,2026-09-15,4,Validation,224,09:38:45.000,09:38:57.000,12,2925
2026-09-11,2026-09-15,4,Validation,225,09:38:57.000,09:39:00.000,3,2730
2026-09-11,2026-09-15,4,Validation,226,09:39:00.000,09:39:02.000,2,3835
2026-09-11,2026-09-15,4,Validation,227,09:39:02.000,09:39:08.000,6,2860
2026-09-11,2026-09-15,4,Validation,228,09:39:08.000,09:39:17.000,9,2730
2026-09-11,2026-09-15,4,Validation,229,09:39:17.000,09:40:02.000,45,4160
2026-09-11,2026-09-15,4,Validation,230,09:40:02.000,09:40:12.000,10,2665
2026-09-11,2026-09-15,4,Validation,231,09:40:12.000,09:40:17.000,5,3055
2026-09-11,2026-09-15,4,Validation,232,09:40:17.000,09:40:20.000,3,3575
2026-09-11,2026-09-15,4,Validation,233,09:40:20.000,09:40:24.000,4,4420
2026-09-11,2026-09-15,4,Validation,234,09:40:24.000,09:40:27.000,3,2730
2026-09-11,2026-09-15,4,Validation,235,09:40:27.000,09:40:52.000,25,2795
2026-09-11,2026-09-15,4,Validation,236,09:40:52.000,09:41:07.000,15,2600
2026-09-11,2026-09-15,4,Validation,237,09:41:07.000,09:41:17.000,10,2665
2026-09-11,2026-09-15,4,Validation,238,09:41:17.000,09:41:30.000,13,2990
2026-09-11,2026-09-15,4,Validation,239,09:41:30.000,09:42:01.000,31,2795
2026-09-11,2026-09-15,4,Validation,240,09:42:01.000,09:42:10.000,9,2795
2026-09-11,2026-09-15,4,Validation,241,09:42:10.000,09:42:38.000,28,2665
2026-09-11,2026-09-15,4,Validation,242,09:42:38.000,09:43:12.000,34,13585
2026-09-11,2026-09-15,4,Validation,243,09:43:12.000,09:43:12.000,0,10985
2026-09-11,2026-09-15,4,Validation,244,09:43:13.000,09:43:13.000,0,8385
2026-09-11,2026-09-15,4,Validation,245,09:43:13.000,09:43:13.000,0,5785
2026-09-11,2026-09-15,4,Validation,246,09:43:14.000,09:43:14.000,0,3185
2026-09-11,2026-09-15,4,Validation,247,09:43:14.000,09:43:29.000,15,2665
2026-09-11,2026-09-15,4,Validation,248,09:43:29.000,09:43:57.000,28,2600
2026-09-11,2026-09-15,4,Validation,249,09:43:57.000,09:44:12.000,15,3185
2026-09-11,2026-09-15,4,Validation,250,09:44:12.000,09:44:22.000,10,2925
2026-09-11,2026-09-15,4,Validation,251,09:44:22.000,09:44:27.000,5,2990
2026-09-11,2026-09-15,4,Validation,252,09:44:27.000,09:44:44.000,17,2600
2026-09-11,2026-09-15,4,Validation,253,09:44:44.000,09:45:01.000,17,2600
2026-09-11,2026-09-15,4,Validation,254,09:45:01.000,09:45:27.000,26,2730
2026-09-11,2026-09-15,4,Validation,255,09:45:27.000,09:46:05.000,38,2730
2026-09-11,2026-09-15,4,Validation,256,09:46:05.000,09:46:59.000,54,2730
2026-09-11,2026-09-15,4,Validation,257,09:46:59.000,09:47:36.000,37,2730
2026-09-11,2026-09-15,4,Validation,258,09:47:36.000,09:48:07.000,31,2795
2026-09-11,2026-09-15,4,Validation,259,09:48:07.000,09:48:10.000,3,8970
2026-09-11,2026-09-15,4,Validation,260,09:48:10.000,09:48:10.000,0,6370
2026-09-11,2026-09-15,4,Validation,261,09:48:11.000,09:48:11.000,0,3770
2026-09-11,2026-09-15,4,Validation,262,09:48:11.000,09:48:30.000,19,2730
2026-09-11,2026-09-15,4,Validation,263,09:48:30.000,09:49:13.000,43,2925
2026-09-11,2026-09-15,4,Validation,264,09:49:13.000,09:49:48.000,35,2730
2026-09-11,2026-09-15,4,Validation,265,09:49:48.000,09:50:49.000,61,2665
2026-09-11,2026-09-15,4,Validation,266,09:50:49.000,09:51:14.000,25,2600
2026-09-11,2026-09-15,4,Validation,267,09:51:14.000,09:51:40.000,26,3315
2026-09-11,2026-09-15,4,Validation,268,09:51:40.000,09:52:15.000,35,3185
2026-09-11,2026-09-15,4,Validation,269,09:52:15.000,09:52:45.000,30,2600
2026-09-11,2026-09-15,4,Validation,270,09:52:45.000,09:53:18.000,33,2600
2026-09-11,2026-09-15,4,Validation,271,09:53:18.000,09:53:37.000,19,2600
2026-09-11,2026-09-15,4,Validation,272,09:53:37.000,09:54:04.000,27,2600
2026-09-11,2026-09-15,4,Validation,273,09:54:04.000,09:54:55.000,51,4550
2026-09-11,2026-09-15,4,Validation,274,09:54:55.000,09:55:04.000,9,3380
2026-09-11,2026-09-15,4,Validation,275,09:55:04.000,09:55:27.000,23,3770
2026-09-11,2026-09-15,4,Validation,276,09:55:27.000,09:55:36.000,9,2795
2026-09-11,2026-09-15,4,Validation,277,09:55:36.000,09:56:10.000,34,2665
2026-09-11,2026-09-15,4,Validation,278,09:56:10.000,09:56:38.000,28,2925
2026-09-11,2026-09-15,4,Validation,279,09:56:38.000,09:57:11.000,33,2665
2026-09-11,2026-09-15,4,Validation,280,09:57:11.000,09:57:25.000,14,2665
2026-09-11,2026-09-15,4,Validation,281,09:57:25.000,09:57:54.000,29,2665
2026-09-11,2026-09-15,4,Validation,282,09:57:54.000,09:58:09.000,15,2665
2026-09-11,2026-09-15,4,Validation,283,09:58:09.000,09:58:30.000,21,2730
2026-09-11,2026-09-15,4,Validation,284,09:58:30.000,09:59:05.000,35,2600
2026-09-11,2026-09-15,4,Validation,285,09:59:05.000,09:59:35.000,30,2665
2026-09-11,2026-09-15,4,Validation,286,09:59:35.000,10:00:11.000,36,3640
2026-09-11,2026-09-15,4,Validation,287,10:00:11.000,10:00:17.000,6,2665
2026-09-11,2026-09-15,4,Validation,288,10:00:17.000,10:01:12.000,55,3900
2026-09-11,2026-09-15,4,Validation,289,10:01:12.000,10:01:33.000,21,2600
2026-09-11,2026-09-15,4,Validation,290,10:01:33.000,10:02:36.000,63,2665
2026-09-11,2026-09-15,4,Validation,291,10:02:36.000,10:03:06.000,30,2860
2026-09-11,2026-09-15,4,Validation,292,10:03:06.000,10:03:29.000,23,3250
2026-09-11,2026-09-15,4,Validation,293,10:03:29.000,10:03:42.000,13,2730
2026-09-11,2026-09-15,4,Validation,294,10:03:42.000,10:03:55.000,13,2600
2026-09-11,2026-09-15,4,Validation,295,10:03:55.000,10:04:21.000,26,2600
2026-09-11,2026-09-15,4,Validation,296,10:04:21.000,10:04:30.000,9,2665
2026-09-11,2026-09-15,4,Validation,297,10:04:30.000,10:04:40.000,10,2665
2026-09-11,2026-09-15,4,Validation,298,10:04:40.000,10:04:43.000,3,2860
2026-09-11,2026-09-15,4,Validation,299,10:04:43.000,10:05:06.000,23,3055
2026-09-11,2026-09-15,4,Validation,300,10:05:06.000,10:05:24.000,18,2730
2026-09-11,2026-09-15,4,Validation,301,10:05:24.000,10:05:53.000,29,2860
2026-09-11,2026-09-15,4,Validation,302,10:05:53.000,10:06:27.000,34,2730
2026-09-11,2026-09-15,4,Validation,303,10:06:27.000,10:06:59.000,32,2925
2026-09-11,2026-09-15,4,Validation,304,10:06:59.000,10:07:42.000,43,2665
2026-09-11,2026-09-15,4,Validation,305,10:07:42.000,10:08:03.000,21,7410
2026-09-11,2026-09-15,4,Validation,306,10:08:03.000,10:08:03.000,0,4810
2026-09-11,2026-09-15,4,Validation,307,10:08:04.000,10:08:07.000,3,2665
2026-09-11,2026-09-15,4,Validation,308,10:08:07.000,10:08:48.000,41,4030
2026-09-11,2026-09-15,4,Validation,309,10:08:48.000,10:08:51.000,3,4940
2026-09-11,2026-09-15,4,Validation,310,10:08:51.000,10:08:53.000,2,3380
2026-09-11,2026-09-15,4,Validation,311,10:08:53.000,10:09:00.000,7,2990
2026-09-11,2026-09-15,4,Validation,312,10:09:00.000,10:09:08.000,8,2795
2026-09-11,2026-09-15,4,Validation,313,10:09:08.000,10:09:31.000,23,2600
2026-09-11,2026-09-15,4,Validation,314,10:09:31.000,10:09:51.000,20,5330
2026-09-11,2026-09-15,4,Validation,315,10:09:51.000,10:09:51.000,0,2730
2026-09-11,2026-09-15,4,Validation,316,10:09:53.000,10:10:13.000,20,5005
2026-09-11,2026-09-15,4,Validation,317,10:10:13.000,10:10:16.000,3,5720
2026-09-11,2026-09-15,4,Validation,318,10:10:16.000,10:10:16.000,0,3120
2026-09-11,2026-09-15,4,Validation,319,10:10:18.000,10:10:39.000,21,2665
2026-09-11,2026-09-15,4,Validation,320,10:10:39.000,10:11:32.000,53,2665
2026-09-11,2026-09-15,4,Validation,321,10:11:32.000,10:11:44.000,12,2860
2026-09-11,2026-09-15,4,Validation,322,10:11:44.000,10:12:07.000,23,3250
2026-09-11,2026-09-15,4,Validation,323,10:12:07.000,10:12:17.000,10,2665
2026-09-11,2026-09-15,4,Validation,324,10:12:17.000,10:12:26.000,9,2730
2026-09-11,2026-09-15,4,Validation,325,10:12:26.000,10:12:40.000,14,3900
2026-09-11,2026-09-15,4,Validation,326,10:12:40.000,10:13:02.000,22,2665
2026-09-11,2026-09-15,4,Validation,327,10:13:02.000,10:13:23.000,21,3965
2026-09-11,2026-09-15,4,Validation,328,10:13:23.000,10:13:30.000,7,3900
2026-09-11,2026-09-15,4,Validation,329,10:13:30.000,10:13:35.000,5,14235
2026-09-11,2026-09-15,4,Validation,330,10:13:35.000,10:13:35.000,0,11635
2026-09-11,2026-09-15,4,Validation,331,10:13:36.000,10:13:36.000,0,9035
2026-09-11,2026-09-15,4,Validation,332,10:13:36.000,10:13:36.000,0,6435
2026-09-11,2026-09-15,4,Validation,333,10:13:36.000,10:13:36.000,0,6240
2026-09-11,2026-09-15,4,Validation,334,10:13:36.000,10:13:36.000,0,3640
2026-09-11,2026-09-15,4,Validation,335,10:13:38.000,10:13:41.000,3,2600
2026-09-11,2026-09-15,4,Validation,336,10:13:41.000,10:13:50.000,9,4420
2026-09-11,2026-09-15,4,Validation,337,10:13:50.000,10:13:53.000,3,2990
2026-09-11,2026-09-15,4,Validation,338,10:13:53.000,10:14:05.000,12,2860
2026-09-11,2026-09-15,4,Validation,339,10:14:05.000,10:14:10.000,5,2730
2026-09-11,2026-09-15,4,Validation,340,10:14:10.000,10:14:22.000,12,3770
2026-09-11,2026-09-15,4,Validation,341,10:14:22.000,10:14:27.000,5,3120
2026-09-11,2026-09-15,4,Validation,342,10:14:27.000,10:14:32.000,5,3185
2026-09-11,2026-09-15,4,Validation,343,10:14:32.000,10:14:40.000,8,3055
2026-09-11,2026-09-15,4,Validation,344,10:14:40.000,10:14:56.000,16,3250
2026-09-11,2026-09-15,4,Validation,345,10:14:56.000,10:15:06.000,10,3315
2026-09-11,2026-09-15,4,Validation,346,10:15:06.000,10:15:25.000,19,2730
2026-09-11,2026-09-15,4,Validation,347,10:15:25.000,10:15:33.000,8,2600
2026-09-11,2026-09-15,4,Validation,348,10:15:33.000,10:16:00.000,27,2600
2026-09-11,2026-09-15,4,Validation,349,10:16:00.000,10:16:34.000,34,2860
2026-09-11,2026-09-15,4,Validation,350,10:16:34.000,10:16:53.000,19,2795
2026-09-11,2026-09-15,4,Validation,351,10:16:53.000,10:17:19.000,26,4225
2026-09-11,2026-09-15,4,Validation,352,10:17:19.000,10:17:31.000,12,2730
2026-09-11,2026-09-15,4,Validation,353,10:17:31.000,10:18:02.000,31,2925
2026-09-11,2026-09-15,4,Validation,354,10:18:02.000,10:18:33.000,31,2600
2026-09-11,2026-09-15,4,Validation,355,10:18:33.000,10:19:03.000,30,3380
2026-09-11,2026-09-15,4,Validation,356,10:19:03.000,10:19:27.000,24,2795
2026-09-11,2026-09-15,4,Validation,357,10:19:27.000,10:19:56.000,29,2795
2026-09-11,2026-09-15,4,Validation,358,10:19:56.000,10:20:05.000,9,2795
2026-09-11,2026-09-15,4,Validation,359,10:20:05.000,10:20:37.000,32,3640
2026-09-11,2026-09-15,4,Validation,360,10:20:37.000,10:20:39.000,2,2600
2026-09-11,2026-09-15,4,Validation,361,10:20:39.000,10:20:51.000,12,2730
2026-09-11,2026-09-15,4,Validation,362,10:20:51.000,10:21:04.000,13,3185
2026-09-11,2026-09-15,4,Validation,363,10:21:04.000,10:21:16.000,12,2925
2026-09-11,2026-09-15,4,Validation,364,10:21:16.000,10:21:17.000,1,5200
2026-09-11,2026-09-15,4,Validation,365,10:21:17.000,10:21:17.000,0,2600
2026-09-11,2026-09-15,4,Validation,366,10:21:18.000,10:21:22.000,4,3380
2026-09-11,2026-09-15,4,Validation,367,10:21:22.000,10:21:26.000,4,6045
2026-09-11,2026-09-15,4,Validation,368,10:21:26.000,10:21:26.000,0,3445
2026-09-11,2026-09-15,4,Validation,369,10:21:27.000,10:21:29.000,2,2730
2026-09-11,2026-09-15,4,Validation,370,10:21:29.000,10:21:36.000,7,6370
2026-09-11,2026-09-15,4,Validation,371,10:21:36.000,10:21:36.000,0,3770
2026-09-11,2026-09-15,4,Validation,372,10:21:36.000,10:21:38.000,2,2795
2026-09-11,2026-09-15,4,Validation,373,10:21:38.000,10:21:49.000,11,2665
2026-09-11,2026-09-15,4,Validation,374,10:21:49.000,10:21:56.000,7,3120
2026-09-11,2026-09-15,4,Validation,375,10:21:56.000,10:22:19.000,23,3055
2026-09-11,2026-09-15,4,Validation,376,10:22:19.000,10:22:22.000,3,6370
2026-09-11,2026-09-15,4,Validation,377,10:22:22.000,10:22:22.000,0,3770
2026-09-11,2026-09-15,4,Validation,378,10:22:24.000,10:22:31.000,7,2665
2026-09-11,2026-09-15,4,Validation,379,10:22:31.000,10:22:44.000,13,2795
2026-09-11,2026-09-15,4,Validation,380,10:22:44.000,10:22:57.000,13,3120
2026-09-11,2026-09-15,4,Validation,381,10:22:57.000,10:23:07.000,10,2795
2026-09-11,2026-09-15,4,Validation,382,10:23:07.000,10:23:12.000,5,2600
2026-09-11,2026-09-15,4,Validation,383,10:23:12.000,10:23:47.000,35,2600
2026-09-11,2026-09-15,4,Validation,384,10:23:47.000,10:24:04.000,17,2665
2026-09-11,2026-09-15,4,Validation,385,10:24:04.000,10:24:42.000,38,2925
2026-09-11,2026-09-15,4,Validation,386,10:24:42.000,10:25:14.000,32,3055
2026-09-11,2026-09-15,4,Validation,387,10:25:14.000,10:25:50.000,36,2730
2026-09-11,2026-09-15,4,Validation,388,10:25:50.000,10:26:25.000,35,2925
2026-09-11,2026-09-15,4,Validation,389,10:26:25.000,10:27:02.000,37,2730
2026-09-11,2026-09-15,4,Validation,390,10:27:02.000,10:27:10.000,8,2600
2026-09-11,2026-09-15,4,Validation,391,10:27:10.000,10:27:16.000,6,2925
2026-09-11,2026-09-15,4,Validation,392,10:27:16.000,10:27:25.000,9,2600
2026-09-11,2026-09-15,4,Validation,393,10:27:25.000,10:28:04.000,39,2860
2026-09-11,2026-09-15,4,Validation,394,10:28:04.000,10:28:34.000,30,2665
2026-09-11,2026-09-15,4,Validation,395,10:28:34.000,10:29:02.000,28,2600
2026-09-11,2026-09-15,4,Validation,396,10:29:02.000,10:29:46.000,44,2795
2026-09-11,2026-09-15,4,Validation,397,10:29:46.000,10:30:11.000,25,3185
2026-09-11,2026-09-15,4,Validation,398,10:30:11.000,10:30:15.000,4,2990
2026-09-11,2026-09-15,4,Validation,399,10:30:15.000,10:30:54.000,39,3185
2026-09-11,2026-09-15,4,Validation,400,10:30:54.000,10:31:09.000,15,2665
2026-09-11,2026-09-15,4,Validation,401,10:31:09.000,10:31:41.000,32,2665
2026-09-11,2026-09-15,4,Validation,402,10:31:41.000,10:32:06.000,25,3510
2026-09-11,2026-09-15,4,Validation,403,10:32:06.000,10:32:32.000,26,2665
2026-09-11,2026-09-15,4,Validation,404,10:32:32.000,10:33:12.000,40,2730
2026-09-11,2026-09-15,4,Validation,405,10:33:12.000,10:33:31.000,19,2600
2026-09-11,2026-09-15,4,Validation,406,10:33:31.000,10:34:29.000,58,2600
2026-09-11,2026-09-15,4,Validation,407,10:34:29.000,10:34:44.000,15,2600
2026-09-11,2026-09-15,4,Validation,408,10:34:44.000,10:35:40.000,56,3445
2026-09-11,2026-09-15,4,Validation,409,10:35:40.000,10:36:21.000,41,2990
2026-09-11,2026-09-15,4,Validation,410,10:36:21.000,10:36:41.000,20,3120
2026-09-11,2026-09-15,4,Validation,411,10:36:41.000,10:36:56.000,15,2600
2026-09-11,2026-09-15,4,Validation,412,10:36:56.000,10:37:44.000,48,2600
2026-09-11,2026-09-15,4,Validation,413,10:37:44.000,10:38:16.000,32,2600
2026-09-11,2026-09-15,4,Validation,414,10:38:16.000,10:38:59.000,43,2795
2026-09-11,2026-09-15,4,Validation,415,10:38:59.000,10:39:23.000,24,2860
2026-09-11,2026-09-15,4,Validation,416,10:39:23.000,10:39:33.000,10,2665
2026-09-11,2026-09-15,4,Validation,417,10:39:33.000,10:39:44.000,11,3445
2026-09-11,2026-09-15,4,Validation,418,10:39:44.000,10:39:56.000,12,2990
2026-09-11,2026-09-15,4,Validation,419,10:39:56.000,10:40:06.000,10,2730
2026-09-11,2026-09-15,4,Validation,420,10:40:06.000,10:40:53.000,47,2600
2026-09-11,2026-09-15,4,Validation,421,10:40:53.000,10:41:14.000,21,2600
2026-09-11,2026-09-15,4,Validation,422,10:41:14.000,10:42:08.000,54,2600
2026-09-11,2026-09-15,4,Validation,423,10:42:08.000,10:43:22.000,74,2600
2026-09-11,2026-09-15,4,Validation,424,10:43:22.000,10:43:54.000,32,2860
2026-09-11,2026-09-15,4,Validation,425,10:43:54.000,10:44:04.000,10,2730
2026-09-11,2026-09-15,4,Validation,426,10:44:04.000,10:44:16.000,12,3380
2026-09-11,2026-09-15,4,Validation,427,10:44:16.000,10:44:29.000,13,5915
2026-09-11,2026-09-15,4,Validation,428,10:44:29.000,10:44:29.000,0,3315
2026-09-11,2026-09-15,4,Validation,429,10:44:30.000,10:44:32.000,2,3445
2026-09-11,2026-09-15,4,Validation,430,10:44:32.000,10:45:02.000,30,4225
2026-09-11,2026-09-15,4,Validation,431,10:45:02.000,10:45:17.000,15,7735
2026-09-11,2026-09-15,4,Validation,432,10:45:17.000,10:45:17.000,0,5135
2026-09-11,2026-09-15,4,Validation,433,10:45:17.000,10:45:19.000,2,8905
2026-09-11,2026-09-15,4,Validation,434,10:45:19.000,10:45:19.000,0,6305
2026-09-11,2026-09-15,4,Validation,435,10:45:20.000,10:45:20.000,0,3705
2026-09-11,2026-09-15,4,Validation,436,10:45:20.000,10:45:42.000,22,3185
2026-09-11,2026-09-15,4,Validation,437,10:45:42.000,10:45:52.000,10,2600
2026-09-11,2026-09-15,4,Validation,438,10:45:52.000,10:46:33.000,41,3185
2026-09-11,2026-09-15,4,Validation,439,10:46:33.000,10:47:03.000,30,2600
2026-09-11,2026-09-15,4,Validation,440,10:47:03.000,10:48:05.000,62,3055
2026-09-11,2026-09-15,4,Validation,441,10:48:05.000,10:49:09.000,64,2860
2026-09-11,2026-09-15,4,Validation,442,10:49:09.000,10:50:23.000,74,2600
2026-09-11,2026-09-15,4,Validation,443,10:50:23.000,10:51:06.000,43,3510
2026-09-11,2026-09-15,4,Validation,444,10:51:06.000,10:52:19.000,73,2990
2026-09-11,2026-09-15,4,Validation,445,10:52:19.000,10:53:38.000,79,2990
2026-09-11,2026-09-15,4,Validation,446,10:53:38.000,10:54:51.000,73,2730
2026-09-11,2026-09-15,4,Validation,447,10:54:51.000,10:56:20.000,89,2730
2026-09-11,2026-09-15,4,Validation,448,10:56:20.000,10:56:52.000,32,2600
2026-09-11,2026-09-15,4,Validation,449,10:56:52.000,10:57:18.000,26,2730
2026-09-11,2026-09-15,4,Validation,450,10:57:18.000,10:58:49.000,91,2665
2026-09-11,2026-09-15,4,Validation,451,10:58:49.000,11:00:07.000,78,2860
2026-09-11,2026-09-15,4,Validation,452,11:00:07.000,11:01:08.000,61,2925
2026-09-11,2026-09-15,4,Validation,453,11:01:08.000,11:02:16.000,68,3185
2026-09-11,2026-09-15,4,Validation,454,11:02:16.000,11:03:22.000,66,2600
2026-09-11,2026-09-15,4,Validation,455,11:03:22.000,11:03:47.000,25,2860
2026-09-11,2026-09-15,4,Validation,456,11:03:47.000,11:04:22.000,35,2600
2026-09-11,2026-09-15,4,Validation,457,11:04:22.000,11:05:02.000,40,2665
2026-09-11,2026-09-15,4,Validation,458,11:05:02.000,11:05:40.000,38,2600
2026-09-11,2026-09-15,4,Validation,459,11:05:40.000,11:06:21.000,41,2665
2026-09-11,2026-09-15,4,Validation,460,11:06:21.000,11:07:10.000,49,2730
2026-09-11,2026-09-15,4,Validation,461,11:07:10.000,11:07:25.000,15,2860
2026-09-11,2026-09-15,4,Validation,462,11:07:25.000,11:07:49.000,24,2600
2026-09-11,2026-09-15,4,Validation,463,11:07:49.000,11:07:58.000,9,2665
2026-09-11,2026-09-15,4,Validation,464,11:07:58.000,11:08:33.000,35,2925
2026-09-11,2026-09-15,4,Validation,465,11:08:33.000,11:09:12.000,39,2730
2026-09-11,2026-09-15,4,Validation,466,11:09:12.000,11:09:37.000,25,2795
2026-09-11,2026-09-15,4,Validation,467,11:09:37.000,11:09:47.000,10,2600
2026-09-11,2026-09-15,4,Validation,468,11:09:47.000,11:10:02.000,15,2730
2026-09-11,2026-09-15,4,Validation,469,11:10:02.000,11:10:23.000,21,2600
2026-09-11,2026-09-15,4,Validation,470,11:10:23.000,11:10:46.000,23,3445
2026-09-11,2026-09-15,4,Validation,471,11:10:46.000,11:11:02.000,16,3380
2026-09-11,2026-09-15,4,Validation,472,11:11:02.000,11:11:06.000,4,3120
2026-09-11,2026-09-15,4,Validation,473,11:11:06.000,11:11:14.000,8,2795
2026-09-11,2026-09-15,4,Validation,474,11:11:14.000,11:11:37.000,23,2795
2026-09-11,2026-09-15,4,Validation,475,11:11:37.000,11:11:56.000,19,2730
2026-09-11,2026-09-15,4,Validation,476,11:11:56.000,11:12:06.000,10,2665
2026-09-11,2026-09-15,4,Validation,477,11:12:06.000,11:12:13.000,7,2925
2026-09-11,2026-09-15,4,Validation,478,11:12:13.000,11:12:18.000,5,5135
2026-09-11,2026-09-15,4,Validation,479,11:12:18.000,11:12:19.000,1,2860
2026-09-11,2026-09-15,4,Validation,480,11:12:19.000,11:12:21.000,2,2925
2026-09-11,2026-09-15,4,Validation,481,11:12:21.000,11:12:29.000,8,2990
2026-09-11,2026-09-15,4,Validation,482,11:12:29.000,11:12:34.000,5,2600
2026-09-11,2026-09-15,4,Validation,483,11:12:34.000,11:12:39.000,5,3770
2026-09-11,2026-09-15,4,Validation,484,11:12:39.000,11:12:41.000,2,2925
2026-09-11,2026-09-15,4,Validation,485,11:12:41.000,11:12:42.000,1,6110
2026-09-11,2026-09-15,4,Validation,486,11:12:42.000,11:12:42.000,0,3510
2026-09-11,2026-09-15,4,Validation,487,11:12:43.000,11:12:44.000,1,3770
2026-09-11,2026-09-15,4,Validation,488,11:12:44.000,11:12:47.000,3,3510
2026-09-11,2026-09-15,4,Validation,489,11:12:47.000,11:12:49.000,2,2600
2026-09-11,2026-09-15,4,Validation,490,11:12:49.000,11:13:04.000,15,2665
2026-09-11,2026-09-15,4,Validation,491,11:13:04.000,11:13:12.000,8,2795
2026-09-11,2026-09-15,4,Validation,492,11:13:12.000,11:13:19.000,7,5005
2026-09-11,2026-09-15,4,Validation,493,11:13:19.000,11:13:21.000,2,8515
2026-09-11,2026-09-15,4,Validation,494,11:13:21.000,11:13:21.000,0,5915
2026-09-11,2026-09-15,4,Validation,495,11:13:21.000,11:13:21.000,0,3315
2026-09-11,2026-09-15,4,Validation,496,11:13:21.000,11:13:26.000,5,3120
2026-09-11,2026-09-15,4,Validation,497,11:13:26.000,11:13:36.000,10,3445
2026-09-11,2026-09-15,4,Validation,498,11:13:36.000,11:13:42.000,6,4160
2026-09-11,2026-09-15,4,Validation,499,11:13:42.000,11:13:46.000,4,2860
2026-09-11,2026-09-15,4,Validation,500,11:13:46.000,11:13:49.000,3,3055
2026-09-11,2026-09-15,4,Validation,501,11:13:49.000,11:13:56.000,7,15145
2026-09-11,2026-09-15,4,Validation,502,11:13:56.000,11:13:56.000,0,12545
2026-09-11,2026-09-15,4,Validation,503,11:13:56.000,11:13:56.000,0,9945
2026-09-11,2026-09-15,4,Validation,504,11:13:56.000,11:13:56.000,0,7345
2026-09-11,2026-09-15,4,Validation,505,11:13:57.000,11:13:57.000,0,5525
2026-09-11,2026-09-15,4,Validation,506,11:13:57.000,11:13:57.000,0,2925
2026-09-11,2026-09-15,4,Validation,507,11:13:59.000,11:14:09.000,10,2860
2026-09-11,2026-09-15,4,Validation,508,11:14:09.000,11:14:14.000,5,3185
2026-09-11,2026-09-15,4,Validation,509,11:14:14.000,11:14:17.000,3,3445
2026-09-11,2026-09-15,4,Validation,510,11:14:17.000,11:14:24.000,7,3705
2026-09-11,2026-09-15,4,Validation,511,11:14:24.000,11:14:29.000,5,2600
2026-09-11,2026-09-15,4,Validation,512,11:14:29.000,11:14:36.000,7,2730
2026-09-11,2026-09-15,4,Validation,513,11:14:36.000,11:14:48.000,12,2990
2026-09-11,2026-09-15,4,Validation,514,11:14:48.000,11:15:01.000,13,3380
2026-09-11,2026-09-15,4,Validation,515,11:15:01.000,11:15:07.000,6,5720
2026-09-11,2026-09-15,4,Validation,516,11:15:07.000,11:15:07.000,0,3120
2026-09-11,2026-09-15,4,Validation,517,11:15:08.000,11:15:14.000,6,2600
2026-09-11,2026-09-15,4,Validation,518,11:15:14.000,11:15:17.000,3,2665
2026-09-11,2026-09-15,4,Validation,519,11:15:17.000,11:15:37.000,20,2860
2026-09-11,2026-09-15,4,Validation,520,11:15:37.000,11:15:49.000,12,2600
2026-09-11,2026-09-15,4,Validation,521,11:15:49.000,11:16:16.000,27,2795
2026-09-11,2026-09-15,4,Validation,522,11:16:16.000,11:16:27.000,11,3120
2026-09-11,2026-09-15,4,Validation,523,11:16:27.000,11:16:44.000,17,2730
2026-09-11,2026-09-15,4,Validation,524,11:16:44.000,11:16:54.000,10,2860
2026-09-11,2026-09-15,4,Validation,525,11:16:54.000,11:17:02.000,8,3185
2026-09-11,2026-09-15,4,Validation,526,11:17:02.000,11:17:06.000,4,4550
2026-09-11,2026-09-15,4,Validation,527,11:17:06.000,11:17:07.000,1,4745
2026-09-11,2026-09-15,4,Validation,528,11:17:07.000,11:17:09.000,2,2925
2026-09-11,2026-09-15,4,Validation,529,11:17:09.000,11:17:14.000,5,3120
2026-09-11,2026-09-15,4,Validation,530,11:17:14.000,11:17:17.000,3,3770
2026-09-11,2026-09-15,4,Validation,531,11:17:17.000,11:17:19.000,2,6890
2026-09-11,2026-09-15,4,Validation,532,11:17:19.000,11:17:19.000,0,4290
2026-09-11,2026-09-15,4,Validation,533,11:17:20.000,11:17:21.000,1,2925
2026-09-11,2026-09-15,4,Validation,534,11:17:21.000,11:17:24.000,3,3445
2026-09-11,2026-09-15,4,Validation,535,11:17:24.000,11:17:32.000,8,3120
2026-09-11,2026-09-15,4,Validation,536,11:17:32.000,11:17:36.000,4,2795
2026-09-11,2026-09-15,4,Validation,537,11:17:36.000,11:17:39.000,3,2925
2026-09-11,2026-09-15,4,Validation,538,11:17:39.000,11:17:46.000,7,3835
2026-09-11,2026-09-15,4,Validation,539,11:17:46.000,11:17:47.000,1,2795
2026-09-11,2026-09-15,4,Validation,540,11:17:47.000,11:17:54.000,7,7540
2026-09-11,2026-09-15,4,Validation,541,11:17:54.000,11:17:54.000,0,4940
2026-09-11,2026-09-15,4,Validation,542,11:17:55.000,11:17:56.000,1,2860
2026-09-11,2026-09-15,4,Validation,543,11:17:56.000,11:18:01.000,5,2860
2026-09-11,2026-09-15,4,Validation,544,11:18:01.000,11:18:09.000,8,3185
2026-09-11,2026-09-15,4,Validation,545,11:18:09.000,11:18:11.000,2,4810
2026-09-11,2026-09-15,4,Validation,546,11:18:11.000,11:18:12.000,1,2990
2026-09-11,2026-09-15,4,Validation,547,11:18:12.000,11:18:22.000,10,2925
2026-09-11,2026-09-15,4,Validation,548,11:18:22.000,11:18:31.000,9,2925
2026-09-11,2026-09-15,4,Validation,549,11:18:31.000,11:18:41.000,10,2730
2026-09-11,2026-09-15,4,Validation,550,11:18:41.000,11:18:49.000,8,2665
2026-09-11,2026-09-15,4,Validation,551,11:18:49.000,11:18:58.000,9,3770
2026-09-11,2026-09-15,4,Validation,552,11:18:58.000,11:19:03.000,5,2730
2026-09-11,2026-09-15,4,Validation,553,11:19:03.000,11:19:16.000,13,2925
2026-09-11,2026-09-15,4,Validation,554,11:19:16.000,11:19:27.000,11,3120
2026-09-11,2026-09-15,4,Validation,555,11:19:27.000,11:19:42.000,15,3120
2026-09-11,2026-09-15,4,Validation,556,11:19:42.000,11:19:51.000,9,3575
2026-09-11,2026-09-15,4,Validation,557,11:19:51.000,11:19:57.000,6,3250
2026-09-11,2026-09-15,4,Validation,558,11:19:57.000,11:20:02.000,5,3250
2026-09-11,2026-09-15,4,Validation,559,11:20:02.000,11:20:07.000,5,4030
2026-09-11,2026-09-15,4,Validation,560,11:20:07.000,11:20:12.000,5,5785
2026-09-11,2026-09-15,4,Validation,561,11:20:12.000,11:20:12.000,0,3185
2026-09-11,2026-09-15,4,Validation,562,11:20:13.000,11:20:22.000,9,2990
2026-09-11,2026-09-15,4,Validation,563,11:20:22.000,11:20:32.000,10,2925
2026-09-11,2026-09-15,4,Validation,564,11:20:32.000,11:20:51.000,19,2665
2026-09-11,2026-09-15,4,Validation,565,11:20:51.000,11:21:04.000,13,2600
2026-09-11,2026-09-15,4,Validation,566,11:21:04.000,11:21:17.000,13,5005
2026-09-11,2026-09-15,4,Validation,567,11:21:17.000,11:21:22.000,5,3250
2026-09-11,2026-09-15,4,Validation,568,11:21:22.000,11:21:31.000,9,4290
2026-09-11,2026-09-15,4,Validation,569,11:21:31.000,11:21:36.000,5,2665
2026-09-11,2026-09-15,4,Validation,570,11:21:36.000,11:21:51.000,15,2665
2026-09-11,2026-09-15,4,Validation,571,11:21:51.000,11:22:01.000,10,2925
2026-09-11,2026-09-15,4,Validation,572,11:22:01.000,11:22:17.000,16,3315
2026-09-11,2026-09-15,4,Validation,573,11:22:17.000,11:22:22.000,5,2600
2026-09-11,2026-09-15,4,Validation,574,11:22:22.000,11:22:30.000,8,2600
2026-09-11,2026-09-15,4,Validation,575,11:22:30.000,11:22:42.000,12,4160
2026-09-11,2026-09-15,4,Validation,576,11:22:42.000,11:22:50.000,8,2730
2026-09-11,2026-09-15,4,Validation,577,11:22:50.000,11:22:57.000,7,2600
2026-09-11,2026-09-15,4,Validation,578,11:22:57.000,11:23:09.000,12,2795
2026-09-11,2026-09-15,4,Validation,579,11:23:09.000,11:23:22.000,13,2665
2026-09-11,2026-09-15,4,Validation,580,11:23:22.000,11:23:37.000,15,2600
2026-09-11,2026-09-15,4,Validation,581,11:23:37.000,11:23:45.000,8,2860
2026-09-11,2026-09-15,4,Validation,582,11:23:45.000,11:23:50.000,5,2925
2026-09-11,2026-09-15,4,Validation,583,11:23:50.000,11:23:55.000,5,2730
2026-09-11,2026-09-15,4,Validation,584,11:23:55.000,11:24:07.000,12,2730
2026-09-11,2026-09-15,4,Validation,585,11:24:07.000,11:24:14.000,7,3315
2026-09-11,2026-09-15,4,Validation,586,11:24:14.000,11:24:22.000,8,3770
2026-09-11,2026-09-15,4,Validation,587,11:24:22.000,11:24:32.000,10,3380
2026-09-11,2026-09-15,4,Validation,588,11:24:32.000,11:24:39.000,7,2860
2026-09-11,2026-09-15,4,Validation,589,11:24:39.000,11:24:42.000,3,2665
2026-09-11,2026-09-15,4,Validation,590,11:24:42.000,11:24:50.000,8,2600
2026-09-11,2026-09-15,4,Validation,591,11:24:50.000,11:25:03.000,13,3445
2026-09-11,2026-09-15,4,Validation,592,11:25:03.000,11:25:17.000,14,2730
2026-09-11,2026-09-15,4,Validation,593,11:25:17.000,11:25:18.000,1,3575
2026-09-11,2026-09-15,4,Validation,594,11:25:18.000,11:25:27.000,9,2600
2026-09-11,2026-09-15,4,Validation,595,11:25:27.000,11:25:37.000,10,3120
2026-09-11,2026-09-15,4,Validation,596,11:25:37.000,11:25:52.000,15,3055
2026-09-11,2026-09-15,4,Validation,597,11:25:52.000,11:26:07.000,15,2925
2026-09-11,2026-09-15,4,Validation,598,11:26:07.000,11:26:27.000,20,3055
2026-09-11,2026-09-15,4,Validation,599,11:26:27.000,11:26:42.000,15,2795
2026-09-11,2026-09-15,4,Validation,600,11:26:42.000,11:27:00.000,18,2665
2026-09-11,2026-09-15,4,Validation,601,11:27:00.000,11:27:22.000,22,3120
2026-09-11,2026-09-15,4,Validation,602,11:27:22.000,11:27:35.000,13,2665
2026-09-11,2026-09-15,4,Validation,603,11:27:35.000,11:27:52.000,17,2860
2026-09-11,2026-09-15,4,Validation,604,11:27:52.000,11:28:20.000,28,2665
2026-09-11,2026-09-15,4,Validation,605,11:28:20.000,11:28:51.000,31,2600
2026-09-11,2026-09-15,4,Validation,606,11:28:51.000,11:29:13.000,22,3055
2026-09-11,2026-09-15,4,Validation,607,11:29:13.000,11:29:31.000,18,3055
2026-09-11,2026-09-15,4,Validation,608,11:29:31.000,11:29:42.000,11,3250
2026-09-11,2026-09-15,4,Validation,609,11:29:42.000,11:29:53.000,11,2600
2026-09-11,2026-09-15,4,Validation,610,11:29:53.000,11:30:06.000,13,3640
2026-09-11,2026-09-15,4,Validation,611,11:30:06.000,11:30:11.000,5,3575
2026-09-11,2026-09-15,4,Validation,612,11:30:11.000,11:30:29.000,18,2600
2026-09-11,2026-09-15,4,Validation,613,11:30:29.000,11:31:12.000,43,2600
2026-09-11,2026-09-15,4,Validation,614,11:31:12.000,11:31:33.000,21,2600
2026-09-11,2026-09-15,4,Validation,615,11:31:33.000,11:32:36.000,63,2600
2026-09-11,2026-09-15,4,Validation,616,11:32:36.000,11:33:14.000,38,3250
2026-09-11,2026-09-15,4,Validation,617,11:33:14.000,11:33:35.000,21,2600
2026-09-11,2026-09-15,4,Validation,618,11:33:35.000,11:34:20.000,45,3315
2026-09-11,2026-09-15,4,Validation,619,11:34:20.000,11:35:11.000,51,2730
2026-09-11,2026-09-15,4,Validation,620,11:35:11.000,11:35:59.000,48,2600
2026-09-11,2026-09-15,4,Validation,621,11:35:59.000,11:36:46.000,47,2600
2026-09-11,2026-09-15,4,Validation,622,11:36:46.000,11:37:55.000,69,2730
2026-09-11,2026-09-15,4,Validation,623,11:37:55.000,11:38:25.000,30,2665
2026-09-11,2026-09-15,4,Validation,624,11:38:25.000,11:38:47.000,22,2730
2026-09-11,2026-09-15,4,Validation,625,11:38:47.000,11:39:23.000,36,2665
2026-09-11,2026-09-15,4,Validation,626,11:39:23.000,11:40:29.000,66,2665
2026-09-11,2026-09-15,4,Validation,627,11:40:29.000,11:41:24.000,55,2665
2026-09-11,2026-09-15,4,Validation,628,11:41:24.000,11:41:51.000,27,2600
2026-09-11,2026-09-15,4,Validation,629,11:41:51.000,11:42:14.000,23,2925
2026-09-11,2026-09-15,4,Validation,630,11:42:14.000,11:42:36.000,22,2600
2026-09-11,2026-09-15,4,Validation,631,11:42:36.000,11:42:52.000,16,2600
2026-09-11,2026-09-15,4,Validation,632,11:42:52.000,11:43:07.000,15,2730
2026-09-11,2026-09-15,4,Validation,633,11:43:07.000,11:43:28.000,21,2600
2026-09-11,2026-09-15,4,Validation,634,11:43:28.000,11:43:51.000,23,2730
2026-09-11,2026-09-15,4,Validation,635,11:43:51.000,11:44:11.000,20,3315
2026-09-11,2026-09-15,4,Validation,636,11:44:11.000,11:44:18.000,7,2795
2026-09-11,2026-09-15,4,Validation,637,11:44:18.000,11:44:28.000,10,2600
2026-09-11,2026-09-15,4,Validation,638,11:44:28.000,11:44:39.000,11,2665
2026-09-11,2026-09-15,4,Validation,639,11:44:39.000,11:44:54.000,15,2730
2026-09-11,2026-09-15,4,Validation,640,11:44:54.000,11:45:11.000,17,2925
2026-09-11,2026-09-15,4,Validation,641,11:45:11.000,11:45:29.000,18,2600
2026-09-11,2026-09-15,4,Validation,642,11:45:29.000,11:45:33.000,4,3055
2026-09-11,2026-09-15,4,Validation,643,11:45:33.000,11:45:49.000,16,2665
2026-09-11,2026-09-15,4,Validation,644,11:45:49.000,11:46:36.000,47,2600
2026-09-11,2026-09-15,4,Validation,645,11:46:36.000,11:47:06.000,30,3315
2026-09-11,2026-09-15,4,Validation,646,11:47:06.000,11:47:22.000,16,3055
2026-09-11,2026-09-15,4,Validation,647,11:47:22.000,11:47:46.000,24,2600
2026-09-11,2026-09-15,4,Validation,648,11:47:46.000,11:48:33.000,47,2730
2026-09-11,2026-09-15,4,Validation,649,11:48:33.000,11:49:19.000,46,2795
2026-09-11,2026-09-15,4,Validation,650,11:49:19.000,11:49:55.000,36,2665
2026-09-11,2026-09-15,4,Validation,651,11:49:55.000,11:50:31.000,36,3445
2026-09-11,2026-09-15,4,Validation,652,11:50:31.000,11:50:49.000,18,3055
2026-09-11,2026-09-15,4,Validation,653,11:50:49.000,11:51:04.000,15,2730
2026-09-11,2026-09-15,4,Validation,654,11:51:04.000,11:51:45.000,41,2600
2026-09-11,2026-09-15,4,Validation,655,11:51:45.000,11:53:02.000,77,2600
2026-09-11,2026-09-15,4,Validation,656,11:53:02.000,11:53:57.000,55,3185
2026-09-11,2026-09-15,4,Validation,657,11:53:57.000,11:54:05.000,8,3055
2026-09-11,2026-09-15,4,Validation,658,11:54:05.000,11:55:26.000,81,2600
2026-09-11,2026-09-15,4,Validation,659,11:55:26.000,11:56:19.000,53,2665
2026-09-11,2026-09-15,4,Validation,660,11:56:19.000,11:57:12.000,53,2730
2026-09-11,2026-09-15,4,Validation,661,11:57:12.000,11:57:44.000,32,8320
2026-09-11,2026-09-15,4,Validation,662,11:57:44.000,11:57:44.000,0,5720
2026-09-11,2026-09-15,4,Validation,663,11:57:45.000,11:57:45.000,0,3120
2026-09-11,2026-09-15,4,Validation,664,11:57:45.000,11:58:51.000,66,2600
2026-09-11,2026-09-15,4,Validation,665,11:58:51.000,12:00:27.000,96,2600
2026-09-11,2026-09-15,4,Validation,666,12:00:27.000,12:01:18.000,51,2600
2026-09-11,2026-09-15,4,Validation,667,12:01:18.000,12:02:59.000,101,3120
2026-09-11,2026-09-15,4,Validation,668,12:02:59.000,12:03:23.000,24,2730
2026-09-11,2026-09-15,4,Validation,669,12:03:23.000,12:04:09.000,46,2795
2026-09-11,2026-09-15,4,Validation,670,12:04:09.000,12:04:59.000,50,2600
2026-09-11,2026-09-15,4,Validation,671,12:04:59.000,12:05:52.000,53,2600
2026-09-11,2026-09-15,4,Validation,672,12:05:52.000,12:08:17.000,145,2600
2026-09-11,2026-09-15,4,Validation,673,12:08:17.000,12:08:58.000,41,2600
2026-09-11,2026-09-15,4,Validation,674,12:08:58.000,12:10:28.000,90,2665
2026-09-11,2026-09-15,4,Validation,675,12:10:28.000,12:10:55.000,27,2795
2026-09-11,2026-09-15,4,Validation,676,12:10:55.000,12:11:10.000,15,2665
2026-09-11,2026-09-15,4,Validation,677,12:11:10.000,12:11:35.000,25,8580
2026-09-11,2026-09-15,4,Validation,678,12:11:35.000,12:11:35.000,0,5980
2026-09-11,2026-09-15,4,Validation,679,12:11:37.000,12:11:37.000,0,3380
2026-09-11,2026-09-15,4,Validation,680,12:11:37.000,12:12:10.000,33,2730
2026-09-11,2026-09-15,4,Validation,681,12:12:10.000,12:12:47.000,37,2600
2026-09-11,2026-09-15,4,Validation,682,12:12:47.000,12:13:07.000,20,2925
2026-09-11,2026-09-15,4,Validation,683,12:13:07.000,12:13:28.000,21,2730
2026-09-11,2026-09-15,4,Validation,684,12:13:28.000,12:14:03.000,35,2860
2026-09-11,2026-09-15,4,Validation,685,12:14:03.000,12:14:41.000,38,2665
2026-09-11,2026-09-15,4,Validation,686,12:14:41.000,12:15:03.000,22,2600
2026-09-11,2026-09-15,4,Validation,687,12:15:03.000,12:15:52.000,49,4940
2026-09-11,2026-09-15,4,Validation,688,12:15:52.000,12:15:56.000,4,2600
2026-09-11,2026-09-15,4,Validation,689,12:15:56.000,12:17:02.000,66,2795
2026-09-11,2026-09-15,4,Validation,690,12:17:02.000,12:18:25.000,83,2600
2026-09-11,2026-09-15,4,Validation,691,12:18:25.000,12:19:00.000,35,3120
2026-09-11,2026-09-15,4,Validation,692,12:19:00.000,12:19:26.000,26,2925
2026-09-11,2026-09-15,4,Validation,693,12:19:26.000,12:20:30.000,64,2795
2026-09-11,2026-09-15,4,Validation,694,12:20:30.000,12:21:00.000,30,3770
2026-09-11,2026-09-15,4,Validation,695,12:21:00.000,12:21:06.000,6,2990
2026-09-11,2026-09-15,4,Validation,696,12:21:06.000,12:21:36.000,30,2860
2026-09-11,2026-09-15,4,Validation,697,12:21:36.000,12:22:50.000,74,3055
2026-09-11,2026-09-15,4,Validation,698,12:22:50.000,12:24:49.000,119,2665
2026-09-11,2026-09-15,4,Validation,699,12:24:49.000,12:26:45.000,116,2600
2026-09-11,2026-09-15,4,Validation,700,12:26:45.000,12:28:37.000,112,3185
2026-09-11,2026-09-15,4,Validation,701,12:28:37.000,12:30:42.000,125,3055
2026-09-11,2026-09-15,4,Validation,702,12:30:42.000,12:31:59.000,77,2600
2026-09-11,2026-09-15,4,Validation,703,12:31:59.000,12:32:17.000,18,2925
2026-09-11,2026-09-15,4,Validation,704,12:32:17.000,12:32:40.000,23,3120
2026-09-11,2026-09-15,4,Validation,705,12:32:40.000,12:32:50.000,10,2665
2026-09-11,2026-09-15,4,Validation,706,12:32:50.000,12:33:12.000,22,3835
2026-09-11,2026-09-15,4,Validation,707,12:33:12.000,12:33:22.000,10,2600
2026-09-11,2026-09-15,4,Validation,708,12:33:22.000,12:34:05.000,43,2600
2026-09-11,2026-09-15,4,Validation,709,12:34:05.000,12:34:50.000,45,3380
2026-09-11,2026-09-15,4,Validation,710,12:34:50.000,12:35:35.000,45,2860
2026-09-11,2026-09-15,4,Validation,711,12:35:35.000,12:35:50.000,15,2795
2026-09-11,2026-09-15,4,Validation,712,12:35:50.000,12:36:23.000,33,2600
2026-09-11,2026-09-15,4,Validation,713,12:36:23.000,12:37:16.000,53,3250
2026-09-11,2026-09-15,4,Validation,714,12:37:16.000,12:37:39.000,23,3510
2026-09-11,2026-09-15,4,Validation,715,12:37:39.000,12:37:58.000,19,2600
2026-09-11,2026-09-15,4,Validation,716,12:37:58.000,12:38:22.000,24,2600
2026-09-11,2026-09-15,4,Validation,717,12:38:22.000,12:38:34.000,12,2600
2026-09-11,2026-09-15,4,Validation,718,12:38:34.000,12:38:37.000,3,5720
2026-09-11,2026-09-15,4,Validation,719,12:38:37.000,12:38:37.000,0,3120
2026-09-11,2026-09-15,4,Validation,720,12:38:39.000,12:38:44.000,5,3380
2026-09-11,2026-09-15,4,Validation,721,12:38:44.000,12:38:51.000,7,2860
2026-09-11,2026-09-15,4,Validation,722,12:38:51.000,12:38:56.000,5,2925
2026-09-11,2026-09-15,4,Validation,723,12:38:56.000,12:38:59.000,3,3510
2026-09-11,2026-09-15,4,Validation,724,12:38:59.000,12:39:02.000,3,3640
2026-09-11,2026-09-15,4,Validation,725,12:39:02.000,12:39:05.000,3,4550
2026-09-11,2026-09-15,4,Validation,726,12:39:05.000,12:39:14.000,9,3185
2026-09-11,2026-09-15,4,Validation,727,12:39:14.000,12:39:53.000,39,2860
2026-09-11,2026-09-15,4,Validation,728,12:39:53.000,12:40:29.000,36,3120
2026-09-11,2026-09-15,4,Validation,729,12:40:29.000,12:40:47.000,18,3380
2026-09-11,2026-09-15,4,Validation,730,12:40:47.000,12:40:57.000,10,3640
2026-09-11,2026-09-15,4,Validation,731,12:40:57.000,12:41:03.000,6,3770
2026-09-11,2026-09-15,4,Validation,732,12:41:03.000,12:41:49.000,46,3315
2026-09-11,2026-09-15,4,Validation,733,12:41:49.000,12:42:01.000,12,3380
2026-09-11,2026-09-15,4,Validation,734,12:42:01.000,12:42:15.000,14,3445
2026-09-11,2026-09-15,4,Validation,735,12:42:15.000,12:42:32.000,17,2665
2026-09-11,2026-09-15,4,Validation,736,12:42:32.000,12:42:55.000,23,3900
2026-09-11,2026-09-15,4,Validation,737,12:42:55.000,12:42:57.000,2,2665
2026-09-11,2026-09-15,4,Validation,738,12:42:57.000,12:43:07.000,10,2860
2026-09-11,2026-09-15,4,Validation,739,12:43:07.000,12:43:12.000,5,2860
2026-09-11,2026-09-15,4,Validation,740,12:43:12.000,12:43:35.000,23,3250
2026-09-11,2026-09-15,4,Validation,741,12:43:35.000,12:44:26.000,51,2665
2026-09-11,2026-09-15,4,Validation,742,12:44:26.000,12:45:12.000,46,2990
2026-09-11,2026-09-15,4,Validation,743,12:45:12.000,12:46:37.000,85,4290
2026-09-11,2026-09-15,4,Validation,744,12:46:37.000,12:46:46.000,9,3185
2026-09-11,2026-09-15,4,Validation,745,12:46:46.000,12:47:20.000,34,3835
2026-09-11,2026-09-15,4,Validation,746,12:47:20.000,12:47:28.000,8,2665
2026-09-11,2026-09-15,4,Validation,747,12:47:28.000,12:47:33.000,5,2730
2026-09-11,2026-09-15,4,Validation,748,12:47:33.000,12:47:48.000,15,2925
2026-09-11,2026-09-15,4,Validation,749,12:47:48.000,12:47:59.000,11,2925
2026-09-11,2026-09-15,4,Validation,750,12:47:59.000,12:48:05.000,6,3120
2026-09-11,2026-09-15,4,Validation,751,12:48:05.000,12:48:10.000,5,3120
2026-09-11,2026-09-15,4,Validation,752,12:48:10.000,12:48:17.000,7,3120
2026-09-11,2026-09-15,4,Validation,753,12:48:17.000,12:48:33.000,16,2925
2026-09-11,2026-09-15,4,Validation,754,12:48:33.000,12:49:01.000,28,4290
2026-09-11,2026-09-15,4,Validation,755,12:49:01.000,12:50:10.000,69,2600
2026-09-11,2026-09-15,4,Validation,756,12:50:10.000,12:50:39.000,29,3705
2026-09-11,2026-09-15,4,Validation,757,12:50:39.000,12:50:53.000,14,2600
2026-09-11,2026-09-15,4,Validation,758,12:50:53.000,12:51:01.000,8,2730
2026-09-11,2026-09-15,4,Validation,759,12:51:01.000,12:51:11.000,10,2730
2026-09-11,2026-09-15,4,Validation,760,12:51:11.000,12:51:28.000,17,3445
2026-09-11,2026-09-15,4,Validation,761,12:51:28.000,12:51:34.000,6,3445
2026-09-11,2026-09-15,4,Validation,762,12:51:34.000,12:51:42.000,8,3510
2026-09-11,2026-09-15,4,Validation,763,12:51:42.000,12:51:45.000,3,2795
2026-09-11,2026-09-15,4,Validation,764,12:51:45.000,12:51:52.000,7,2665
2026-09-11,2026-09-15,4,Validation,765,12:51:52.000,12:52:00.000,8,3445
2026-09-11,2026-09-15,4,Validation,766,12:52:00.000,12:52:05.000,5,4030
2026-09-11,2026-09-15,4,Validation,767,12:52:05.000,12:52:08.000,3,2925
2026-09-11,2026-09-15,4,Validation,768,12:52:08.000,12:52:13.000,5,4355
2026-09-11,2026-09-15,4,Validation,769,12:52:13.000,12:52:15.000,2,3120
2026-09-11,2026-09-15,4,Validation,770,12:52:15.000,12:52:23.000,8,3250
2026-09-11,2026-09-15,4,Validation,771,12:52:23.000,12:52:31.000,8,3510
2026-09-11,2026-09-15,4,Validation,772,12:52:31.000,12:52:38.000,7,10465
2026-09-11,2026-09-15,4,Validation,773,12:52:38.000,12:52:38.000,0,7865
2026-09-11,2026-09-15,4,Validation,774,12:52:40.000,12:52:40.000,0,5265
2026-09-11,2026-09-15,4,Validation,775,12:52:40.000,12:52:40.000,0,2665
2026-09-11,2026-09-15,4,Validation,776,12:52:41.000,12:52:58.000,17,3705
2026-09-11,2026-09-15,4,Validation,777,12:52:58.000,12:53:00.000,2,3705
2026-09-11,2026-09-15,4,Validation,778,12:53:00.000,12:53:03.000,3,5200
2026-09-11,2026-09-15,4,Validation,779,12:53:03.000,12:53:03.000,0,2600
2026-09-11,2026-09-15,4,Validation,780,12:53:04.000,12:53:13.000,9,3965
2026-09-11,2026-09-15,4,Validation,781,12:53:13.000,12:53:52.000,39,2925
2026-09-11,2026-09-15,4,Validation,782,12:53:52.000,12:54:10.000,18,3120
2026-09-11,2026-09-15,4,Validation,783,12:54:10.000,12:54:13.000,3,3965
2026-09-11,2026-09-15,4,Validation,784,12:54:13.000,12:54:16.000,3,2730
2026-09-11,2026-09-15,4,Validation,785,12:54:16.000,12:54:33.000,17,3640
2026-09-11,2026-09-15,4,Validation,786,12:54:33.000,12:54:46.000,13,3640
2026-09-11,2026-09-15,4,Validation,787,12:54:46.000,12:54:56.000,10,3640
2026-09-11,2026-09-15,4,Validation,788,12:54:56.000,12:54:57.000,1,2795
2026-09-11,2026-09-15,4,Validation,789,12:54:57.000,12:55:02.000,5,2860
2026-09-11,2026-09-15,4,Validation,790,12:55:02.000,12:55:20.000,18,2860
2026-09-11,2026-09-15,4,Validation,791,12:55:20.000,12:55:24.000,4,2925
2026-09-11,2026-09-15,4,Validation,792,12:55:24.000,12:55:29.000,5,4485
2026-09-11,2026-09-15,4,Validation,793,12:55:29.000,12:55:30.000,1,3250
2026-09-11,2026-09-15,4,Validation,794,12:55:30.000,12:55:35.000,5,3250
2026-09-11,2026-09-15,4,Validation,795,12:55:35.000,12:55:42.000,7,3185
2026-09-11,2026-09-15,4,Validation,796,12:55:42.000,12:55:49.000,7,3185
2026-09-11,2026-09-15,4,Validation,797,12:55:49.000,12:55:55.000,6,3250
2026-09-11,2026-09-15,4,Validation,798,12:55:55.000,12:55:59.000,4,3380
2026-09-11,2026-09-15,4,Validation,799,12:55:59.000,12:56:19.000,20,2730
2026-09-11,2026-09-15,4,Validation,800,12:56:19.000,12:56:38.000,19,2600
2026-09-11,2026-09-15,4,Validation,801,12:56:38.000,12:56:42.000,4,2665
2026-09-11,2026-09-15,4,Validation,802,12:56:42.000,12:57:26.000,44,2665
2026-09-11,2026-09-15,4,Validation,803,12:57:26.000,12:57:56.000,30,3055
2026-09-11,2026-09-15,4,Validation,804,12:57:56.000,12:58:01.000,5,3120
2026-09-11,2026-09-15,4,Validation,805,12:58:01.000,12:58:37.000,36,2990
2026-09-11,2026-09-15,4,Validation,806,12:58:37.000,12:58:40.000,3,2990
2026-09-11,2026-09-15,4,Validation,807,12:58:40.000,12:58:47.000,7,3640
2026-09-11,2026-09-15,4,Validation,808,12:58:47.000,12:59:01.000,14,2600
2026-09-11,2026-09-15,4,Validation,809,12:59:01.000,12:59:20.000,19,3445
2026-09-11,2026-09-15,4,Validation,810,12:59:20.000,12:59:25.000,5,2795
2026-09-11,2026-09-15,4,Validation,811,12:59:25.000,13:00:03.000,38,4030
2026-09-11,2026-09-15,4,Validation,812,13:00:03.000,13:00:32.000,29,2600
2026-09-11,2026-09-15,4,Validation,813,13:00:32.000,13:00:45.000,13,3055
2026-09-11,2026-09-15,4,Validation,814,13:00:45.000,13:01:26.000,41,2730
2026-09-11,2026-09-15,4,Validation,815,13:01:26.000,13:03:12.000,106,3185
2026-09-11,2026-09-15,4,Validation,816,13:03:12.000,13:03:16.000,4,2665
2026-09-11,2026-09-15,4,Validation,817,13:03:16.000,13:03:52.000,36,3250
2026-09-11,2026-09-15,4,Validation,818,13:03:52.000,13:04:34.000,42,2665
2026-09-11,2026-09-15,4,Validation,819,13:04:34.000,13:05:04.000,30,2665
2026-09-11,2026-09-15,4,Validation,820,13:05:04.000,13:06:03.000,59,2600
2026-09-11,2026-09-15,4,Validation,821,13:06:03.000,13:07:58.000,115,2730
2026-09-11,2026-09-15,4,Validation,822,13:07:58.000,13:09:28.000,90,2600
2026-09-11,2026-09-15,4,Validation,823,13:09:28.000,13:11:12.000,104,3185
2026-09-11,2026-09-15,4,Validation,824,13:11:12.000,13:11:30.000,18,2600
2026-09-11,2026-09-15,4,Validation,825,13:11:30.000,13:11:55.000,25,2665
2026-09-11,2026-09-15,4,Validation,826,13:11:55.000,13:13:17.000,82,2795
2026-09-11,2026-09-15,4,Validation,827,13:13:17.000,13:15:57.000,160,3055
2026-09-11,2026-09-15,4,Validation,828,13:15:57.000,13:18:25.000,148,2600
2026-09-11,2026-09-15,4,Validation,829,13:18:25.000,13:20:48.000,143,2860
2026-09-11,2026-09-15,4,Validation,830,13:20:48.000,13:21:35.000,47,3575
2026-09-11,2026-09-15,4,Validation,831,13:21:35.000,13:21:59.000,24,3510
2026-09-11,2026-09-15,4,Validation,832,13:21:59.000,13:23:45.000,106,2600
2026-09-11,2026-09-15,4,Validation,833,13:23:45.000,13:26:23.000,158,2600
2026-09-11,2026-09-15,4,Validation,834,13:26:23.000,13:27:40.000,77,3575
2026-09-11,2026-09-15,4,Validation,835,13:27:40.000,13:27:58.000,18,2600
2026-09-11,2026-09-15,4,Validation,836,13:27:58.000,13:29:04.000,66,4615
2026-09-11,2026-09-15,4,Validation,837,13:29:04.000,13:29:09.000,5,3055
2026-09-11,2026-09-15,4,Validation,838,13:29:09.000,13:30:20.000,71,2860
2026-09-11,2026-09-15,4,Validation,839,13:30:20.000,13:31:21.000,61,2925
2026-09-11,2026-09-15,4,Validation,840,13:31:21.000,13:32:19.000,58,2860
2026-09-11,2026-09-15,4,Validation,841,13:32:19.000,13:32:38.000,19,2860
2026-09-11,2026-09-15,4,Validation,842,13:32:38.000,13:33:49.000,71,2600
2026-09-11,2026-09-15,4,Validation,843,13:33:49.000,13:35:12.000,83,3055
2026-09-11,2026-09-15,4,Validation,844,13:35:12.000,13:36:12.000,60,2665
2026-09-11,2026-09-15,4,Validation,845,13:36:12.000,13:37:00.000,48,3120
2026-09-11,2026-09-15,4,Validation,846,13:37:00.000,13:37:13.000,13,2730
2026-09-11,2026-09-15,4,Validation,847,13:37:13.000,13:38:34.000,81,2860
2026-09-11,2026-09-15,4,Validation,848,13:38:34.000,13:39:01.000,27,2665
2026-09-11,2026-09-15,4,Validation,849,13:39:01.000,13:39:22.000,21,2600
2026-09-11,2026-09-15,4,Validation,850,13:39:22.000,13:39:32.000,10,2600
2026-09-11,2026-09-15,4,Validation,851,13:39:32.000,13:39:43.000,11,2665
2026-09-11,2026-09-15,4,Validation,852,13:39:43.000,13:40:07.000,24,2665
2026-09-11,2026-09-15,4,Validation,853,13:40:07.000,13:40:48.000,41,2925
2026-09-11,2026-09-15,4,Validation,854,13:40:48.000,13:41:19.000,31,3120
2026-09-11,2026-09-15,4,Validation,855,13:41:19.000,13:41:23.000,4,7410
2026-09-11,2026-09-15,4,Validation,856,13:41:23.000,13:41:23.000,0,4810
2026-09-11,2026-09-15,4,Validation,857,13:41:24.000,13:41:24.000,0,2730
2026-09-11,2026-09-15,4,Validation,858,13:41:24.000,13:41:48.000,24,3250
2026-09-11,2026-09-15,4,Validation,859,13:41:48.000,13:42:04.000,16,2665
2026-09-11,2026-09-15,4,Validation,860,13:42:04.000,13:42:24.000,20,3185
2026-09-11,2026-09-15,4,Validation,861,13:42:24.000,13:43:28.000,64,2795
2026-09-11,2026-09-15,4,Validation,862,13:43:28.000,13:44:03.000,35,2990
2026-09-11,2026-09-15,4,Validation,863,13:44:03.000,13:44:16.000,13,2860
2026-09-11,2026-09-15,4,Validation,864,13:44:16.000,13:44:31.000,15,2925
2026-09-11,2026-09-15,4,Validation,865,13:44:31.000,13:44:59.000,28,2795
2026-09-11,2026-09-15,4,Validation,866,13:44:59.000,13:46:05.000,66,2860
2026-09-11,2026-09-15,4,Validation,867,13:46:05.000,13:46:39.000,34,3380
2026-09-11,2026-09-15,4,Validation,868,13:46:39.000,13:46:50.000,11,2860
2026-09-11,2026-09-15,4,Validation,869,13:46:50.000,13:47:17.000,27,2730
2026-09-11,2026-09-15,4,Validation,870,13:47:17.000,13:47:42.000,25,2730
2026-09-11,2026-09-15,4,Validation,871,13:47:42.000,13:47:48.000,6,3900
2026-09-11,2026-09-15,4,Validation,872,13:47:48.000,13:47:50.000,2,5005
2026-09-11,2026-09-15,4,Validation,873,13:47:50.000,13:47:52.000,2,6435
2026-09-11,2026-09-15,4,Validation,874,13:47:52.000,13:47:52.000,0,3835
2026-09-11,2026-09-15,4,Validation,875,13:47:52.000,13:47:53.000,1,3250
2026-09-11,2026-09-15,4,Validation,876,13:47:53.000,13:47:55.000,2,4290
2026-09-11,2026-09-15,4,Validation,877,13:47:55.000,13:47:57.000,2,5330
2026-09-11,2026-09-15,4,Validation,878,13:47:57.000,13:47:57.000,0,2730
2026-09-11,2026-09-15,4,Validation,879,13:47:57.000,13:48:00.000,3,5720
2026-09-11,2026-09-15,4,Validation,880,13:48:00.000,13:48:00.000,0,3120
2026-09-11,2026-09-15,4,Validation,881,13:48:00.000,13:48:01.000,1,4485
2026-09-11,2026-09-15,4,Validation,882,13:48:01.000,13:48:03.000,2,3640
2026-09-11,2026-09-15,4,Validation,883,13:48:03.000,13:48:05.000,2,4550
2026-09-11,2026-09-15,4,Validation,884,13:48:05.000,13:48:06.000,1,5460
2026-09-11,2026-09-15,4,Validation,885,13:48:06.000,13:48:06.000,0,2860
2026-09-11,2026-09-15,4,Validation,886,13:48:08.000,13:48:10.000,2,5525
2026-09-11,2026-09-15,4,Validation,887,13:48:10.000,13:48:10.000,0,2925
2026-09-11,2026-09-15,4,Validation,888,13:48:11.000,13:48:16.000,5,2795
2026-09-11,2026-09-15,4,Validation,889,13:48:16.000,13:48:43.000,27,2795
2026-09-11,2026-09-15,4,Validation,890,13:48:43.000,13:49:16.000,33,2990
2026-09-11,2026-09-15,4,Validation,891,13:49:16.000,13:50:43.000,87,2600
2026-09-11,2026-09-15,4,Validation,892,13:50:43.000,13:51:39.000,56,3120
2026-09-11,2026-09-15,4,Validation,893,13:51:39.000,13:51:46.000,7,2665
2026-09-11,2026-09-15,4,Validation,894,13:51:46.000,13:52:06.000,20,2925
2026-09-11,2026-09-15,4,Validation,895,13:52:06.000,13:52:22.000,16,7345
2026-09-11,2026-09-15,4,Validation,896,13:52:22.000,13:52:22.000,0,4745
2026-09-11,2026-09-15,4,Validation,897,13:52:24.000,13:52:34.000,10,2795
2026-09-11,2026-09-15,4,Validation,898,13:52:34.000,13:53:17.000,43,3900
2026-09-11,2026-09-15,4,Validation,899,13:53:17.000,13:53:19.000,2,3120
2026-09-11,2026-09-15,4,Validation,900,13:53:19.000,13:54:01.000,42,2990
2026-09-11,2026-09-15,4,Validation,901,13:54:01.000,13:54:14.000,13,7670
2026-09-11,2026-09-15,4,Validation,902,13:54:14.000,13:54:14.000,0,5070
2026-09-11,2026-09-15,4,Validation,903,13:54:15.000,13:54:16.000,1,7540
2026-09-11,2026-09-15,4,Validation,904,13:54:16.000,13:54:16.000,0,4940
2026-09-11,2026-09-15,4,Validation,905,13:54:18.000,13:54:18.000,0,4030
2026-09-11,2026-09-15,4,Validation,906,13:54:18.000,13:54:23.000,5,4160
2026-09-11,2026-09-15,4,Validation,907,13:54:23.000,13:54:26.000,3,3705
2026-09-11,2026-09-15,4,Validation,908,13:54:26.000,13:54:29.000,3,4810
2026-09-11,2026-09-15,4,Validation,909,13:54:29.000,13:54:33.000,4,4030
2026-09-11,2026-09-15,4,Validation,910,13:54:33.000,13:54:38.000,5,2600
2026-09-11,2026-09-15,4,Validation,911,13:54:38.000,13:54:51.000,13,11505
2026-09-11,2026-09-15,4,Validation,912,13:54:51.000,13:54:51.000,0,8905
2026-09-11,2026-09-15,4,Validation,913,13:54:51.000,13:54:51.000,0,6305
2026-09-11,2026-09-15,4,Validation,914,13:54:51.000,13:54:51.000,0,3705
2026-09-11,2026-09-15,4,Validation,915,13:54:52.000,13:54:54.000,2,7150
2026-09-11,2026-09-15,4,Validation,916,13:54:54.000,13:54:54.000,0,4550
2026-09-11,2026-09-15,4,Validation,917,13:54:56.000,13:54:56.000,0,2860
2026-09-11,2026-09-15,4,Validation,918,13:54:56.000,13:55:11.000,15,3900
2026-09-11,2026-09-15,4,Validation,919,13:55:11.000,13:55:13.000,2,2600
2026-09-11,2026-09-15,4,Validation,920,13:55:13.000,13:55:14.000,1,4290
2026-09-11,2026-09-15,4,Validation,921,13:55:14.000,13:55:19.000,5,5655
2026-09-11,2026-09-15,4,Validation,922,13:55:19.000,13:55:19.000,0,3055
2026-09-11,2026-09-15,4,Validation,923,13:55:20.000,13:55:23.000,3,4745
2026-09-11,2026-09-15,4,Validation,924,13:55:23.000,13:55:29.000,6,2600
2026-09-11,2026-09-15,4,Validation,925,13:55:29.000,13:55:34.000,5,3510
2026-09-11,2026-09-15,4,Validation,926,13:55:34.000,13:55:44.000,10,7150
2026-09-11,2026-09-15,4,Validation,927,13:55:44.000,13:55:44.000,0,4550
2026-09-11,2026-09-15,4,Validation,928,13:55:44.000,13:55:46.000,2,2860
2026-09-11,2026-09-15,4,Validation,929,13:55:46.000,13:55:51.000,5,3640
2026-09-11,2026-09-15,4,Validation,930,13:55:51.000,13:55:58.000,7,5525
2026-09-11,2026-09-15,4,Validation,931,13:55:58.000,13:55:58.000,0,2925
2026-09-11,2026-09-15,4,Validation,932,13:55:59.000,13:56:08.000,9,2600
2026-09-11,2026-09-15,4,Validation,933,13:56:08.000,13:56:13.000,5,2860
2026-09-11,2026-09-15,4,Validation,934,13:56:13.000,13:56:36.000,23,2665
2026-09-11,2026-09-15,4,Validation,935,13:56:36.000,13:56:47.000,11,2795
2026-09-11,2026-09-15,4,Validation,936,13:56:47.000,13:56:52.000,5,3445
2026-09-11,2026-09-15,4,Validation,937,13:56:52.000,13:57:00.000,8,2665
2026-09-11,2026-09-15,4,Validation,938,13:57:00.000,13:57:16.000,16,2925
2026-09-11,2026-09-15,4,Validation,939,13:57:16.000,13:57:27.000,11,3315
2026-09-11,2026-09-15,4,Validation,940,13:57:27.000,13:57:34.000,7,11895
2026-09-11,2026-09-15,4,Validation,941,13:57:34.000,13:57:34.000,0,9295
2026-09-11,2026-09-15,4,Validation,942,13:57:34.000,13:57:34.000,0,6695
2026-09-11,2026-09-15,4,Validation,943,13:57:34.000,13:57:34.000,0,4095
2026-09-11,2026-09-15,4,Validation,944,13:57:36.000,13:57:42.000,6,2860
2026-09-11,2026-09-15,4,Validation,945,13:57:42.000,13:57:47.000,5,7670
2026-09-11,2026-09-15,4,Validation,946,13:57:47.000,13:57:47.000,0,5070
2026-09-11,2026-09-15,4,Validation,947,13:57:49.000,13:57:51.000,2,2925
2026-09-11,2026-09-15,4,Validation,948,13:57:51.000,13:58:14.000,23,2925
2026-09-11,2026-09-15,4,Validation,949,13:58:14.000,13:58:37.000,23,5005
2026-09-11,2026-09-15,4,Validation,950,13:58:37.000,13:58:42.000,5,4940
2026-09-11,2026-09-15,4,Validation,951,13:58:42.000,13:58:52.000,10,3055
2026-09-11,2026-09-15,4,Validation,952,13:58:52.000,13:59:10.000,18,4355
2026-09-11,2026-09-15,4,Validation,953,13:59:10.000,13:59:14.000,4,2600
2026-09-11,2026-09-15,4,Validation,954,13:59:14.000,13:59:45.000,31,2925
2026-09-11,2026-09-15,4,Validation,955,13:59:45.000,14:00:11.000,26,3510
2026-09-11,2026-09-15,4,Validation,956,14:00:11.000,14:00:28.000,17,2990
2026-09-11,2026-09-15,4,Validation,957,14:00:28.000,14:00:43.000,15,6175
2026-09-11,2026-09-15,4,Validation,958,14:00:43.000,14:00:43.000,0,3575
2026-09-11,2026-09-15,4,Validation,959,14:00:44.000,14:00:44.000,0,3315
2026-09-11,2026-09-15,4,Validation,960,14:00:44.000,14:00:49.000,5,3445
2026-09-11,2026-09-15,4,Validation,961,14:00:49.000,14:00:51.000,2,13845
2026-09-11,2026-09-15,4,Validation,962,14:00:51.000,14:00:51.000,0,11245
2026-09-11,2026-09-15,4,Validation,963,14:00:52.000,14:00:52.000,0,8645
2026-09-11,2026-09-15,4,Validation,964,14:00:52.000,14:00:52.000,0,6045
2026-09-11,2026-09-15,4,Validation,965,14:00:53.000,14:00:53.000,0,3575
2026-09-11,2026-09-15,4,Validation,966,14:00:53.000,14:00:59.000,6,3510
2026-09-11,2026-09-15,4,Validation,967,14:00:59.000,14:01:02.000,3,2990
2026-09-11,2026-09-15,4,Validation,968,14:01:02.000,14:01:14.000,12,2990
2026-09-11,2026-09-15,4,Validation,969,14:01:14.000,14:01:26.000,12,2730
2026-09-11,2026-09-15,4,Validation,970,14:01:26.000,14:02:01.000,35,2860
2026-09-11,2026-09-15,4,Validation,971,14:02:01.000,14:02:06.000,5,4810
2026-09-11,2026-09-15,4,Validation,972,14:02:06.000,14:02:07.000,1,2600
2026-09-11,2026-09-15,4,Validation,973,14:02:07.000,14:02:11.000,4,4550
2026-09-11,2026-09-15,4,Validation,974,14:02:11.000,14:02:12.000,1,3250
2026-09-11,2026-09-15,4,Validation,975,14:02:12.000,14:02:14.000,2,4550
2026-09-11,2026-09-15,4,Validation,976,14:02:14.000,14:02:19.000,5,2665
2026-09-11,2026-09-15,4,Validation,977,14:02:19.000,14:02:24.000,5,4745
2026-09-11,2026-09-15,4,Validation,978,14:02:24.000,14:02:26.000,2,4615
2026-09-11,2026-09-15,4,Validation,979,14:02:26.000,14:02:27.000,1,2600
2026-09-11,2026-09-15,4,Validation,980,14:02:27.000,14:02:29.000,2,2860
2026-09-11,2026-09-15,4,Validation,981,14:02:29.000,14:02:32.000,3,7020
2026-09-11,2026-09-15,4,Validation,982,14:02:32.000,14:02:32.000,0,4420
2026-09-11,2026-09-15,4,Validation,983,14:02:33.000,14:02:36.000,3,3640
2026-09-11,2026-09-15,4,Validation,984,14:02:36.000,14:02:37.000,1,4745
2026-09-11,2026-09-15,4,Validation,985,14:02:37.000,14:02:39.000,2,4615
2026-09-11,2026-09-15,4,Validation,986,14:02:39.000,14:02:41.000,2,5785
2026-09-11,2026-09-15,4,Validation,987,14:02:41.000,14:02:41.000,0,3185
2026-09-11,2026-09-15,4,Validation,988,14:02:42.000,14:02:44.000,2,4225
2026-09-11,2026-09-15,4,Validation,989,14:02:44.000,14:02:47.000,3,2990
2026-09-11,2026-09-15,4,Validation,990,14:02:47.000,14:02:54.000,7,3900
2026-09-11,2026-09-15,4,Validation,991,14:02:54.000,14:02:59.000,5,3705
2026-09-11,2026-09-15,4,Validation,992,14:02:59.000,14:03:01.000,2,3380
2026-09-11,2026-09-15,4,Validation,993,14:03:01.000,14:03:06.000,5,4485
2026-09-11,2026-09-15,4,Validation,994,14:03:06.000,14:03:09.000,3,2730
2026-09-11,2026-09-15,4,Validation,995,14:03:09.000,14:03:16.000,7,4095
2026-09-11,2026-09-15,4,Validation,996,14:03:16.000,14:03:19.000,3,2600
2026-09-11,2026-09-15,4,Validation,997,14:03:19.000,14:03:23.000,4,14885
2026-09-11,2026-09-15,4,Validation,998,14:03:23.000,14:03:23.000,0,12285
2026-09-11,2026-09-15,4,Validation,999,14:03:23.000,14:03:23.000,0,9685
2026-09-11,2026-09-15,4,Validation,1000,14:03:23.000,14:03:23.000,0,7085
2026-09-11,2026-09-15,4,Validation,1001,14:03:24.000,14:03:24.000,0,4485
2026-09-11,2026-09-15,4,Validation,1002,14:03:24.000,14:03:28.000,4,4225
2026-09-11,2026-09-15,4,Validation,1003,14:03:28.000,14:03:31.000,3,2600
2026-09-11,2026-09-15,4,Validation,1004,14:03:31.000,14:03:33.000,2,2795
2026-09-11,2026-09-15,4,Validation,1005,14:03:33.000,14:03:39.000,6,3120
2026-09-11,2026-09-15,4,Validation,1006,14:03:39.000,14:03:44.000,5,3315
2026-09-11,2026-09-15,4,Validation,1007,14:03:44.000,14:03:51.000,7,2795
2026-09-11,2026-09-15,4,Validation,1008,14:03:51.000,14:03:56.000,5,3965
2026-09-11,2026-09-15,4,Validation,1009,14:03:56.000,14:03:58.000,2,2990
2026-09-11,2026-09-15,4,Validation,1010,14:03:58.000,14:04:01.000,3,4160
2026-09-11,2026-09-15,4,Validation,1011,14:04:01.000,14:04:03.000,2,3315
2026-09-11,2026-09-15,4,Validation,1012,14:04:03.000,14:04:04.000,1,5850
2026-09-11,2026-09-15,4,Validation,1013,14:04:04.000,14:04:04.000,0,3250
2026-09-11,2026-09-15,4,Validation,1014,14:04:05.000,14:04:11.000,6,5200
2026-09-11,2026-09-15,4,Validation,1015,14:04:11.000,14:04:11.000,0,2600
2026-09-11,2026-09-15,4,Validation,1016,14:04:13.000,14:04:14.000,1,3770
2026-09-11,2026-09-15,4,Validation,1017,14:04:14.000,14:04:19.000,5,2860
2026-09-11,2026-09-15,4,Validation,1018,14:04:19.000,14:04:33.000,14,2730
2026-09-11,2026-09-15,4,Validation,1019,14:04:33.000,14:04:49.000,16,2665
2026-09-11,2026-09-15,4,Validation,1020,14:04:49.000,14:04:58.000,9,2665
2026-09-11,2026-09-15,4,Validation,1021,14:04:58.000,14:05:11.000,13,2600
2026-09-11,2026-09-15,4,Validation,1022,14:05:11.000,14:05:28.000,17,2600
2026-09-11,2026-09-15,4,Validation,1023,14:05:28.000,14:05:38.000,10,3445
2026-09-11,2026-09-15,4,Validation,1024,14:05:38.000,14:05:51.000,13,2730
2026-09-11,2026-09-15,4,Validation,1025,14:05:51.000,14:06:16.000,25,2795
2026-09-11,2026-09-15,4,Validation,1026,14:06:16.000,14:06:43.000,27,2860
2026-09-11,2026-09-15,4,Validation,1027,14:06:43.000,14:06:58.000,15,2730
2026-09-11,2026-09-15,4,Validation,1028,14:06:58.000,14:07:39.000,41,2600
2026-09-11,2026-09-15,4,Validation,1029,14:07:39.000,14:07:53.000,14,3120
2026-09-11,2026-09-15,4,Validation,1030,14:07:53.000,14:08:18.000,25,2795
2026-09-11,2026-09-15,4,Validation,1031,14:08:18.000,14:08:39.000,21,2860
2026-09-11,2026-09-15,4,Validation,1032,14:08:39.000,14:08:44.000,5,2665
2026-09-11,2026-09-15,4,Validation,1033,14:08:44.000,14:08:58.000,14,3705
2026-09-11,2026-09-15,4,Validation,1034,14:08:58.000,14:09:02.000,4,3120
2026-09-11,2026-09-15,4,Validation,1035,14:09:02.000,14:09:34.000,32,2600
2026-09-11,2026-09-15,4,Validation,1036,14:09:34.000,14:10:02.000,28,2600
2026-09-11,2026-09-15,4,Validation,1037,14:10:02.000,14:10:12.000,10,2860
2026-09-11,2026-09-15,4,Validation,1038,14:10:12.000,14:11:11.000,59,2600
2026-09-11,2026-09-15,4,Validation,1039,14:11:11.000,14:11:54.000,43,3055
2026-09-11,2026-09-15,4,Validation,1040,14:11:54.000,14:12:34.000,40,2730
2026-09-11,2026-09-15,4,Validation,1041,14:12:34.000,14:13:16.000,42,2600
2026-09-11,2026-09-15,4,Validation,1042,14:13:16.000,14:13:59.000,43,4810
2026-09-11,2026-09-15,4,Validation,1043,14:13:59.000,14:14:01.000,2,3835
2026-09-11,2026-09-15,4,Validation,1044,14:14:01.000,14:14:17.000,16,2730
2026-09-11,2026-09-15,4,Validation,1045,14:14:17.000,14:14:52.000,35,3575
2026-09-11,2026-09-15,4,Validation,1046,14:14:52.000,14:15:02.000,10,3120
2026-09-11,2026-09-15,4,Validation,1047,14:15:02.000,14:15:12.000,10,3120
2026-09-11,2026-09-15,4,Validation,1048,14:15:12.000,14:15:22.000,10,2600
2026-09-11,2026-09-15,4,Validation,1049,14:15:22.000,14:15:55.000,33,3380
2026-09-11,2026-09-15,4,Validation,1050,14:15:55.000,14:16:02.000,7,2665
2026-09-11,2026-09-15,4,Validation,1051,14:16:02.000,14:16:15.000,13,2860
2026-09-11,2026-09-15,4,Validation,1052,14:16:15.000,14:16:45.000,30,3510
2026-09-11,2026-09-15,4,Validation,1053,14:16:45.000,14:16:47.000,2,2665
2026-09-11,2026-09-15,4,Validation,1054,14:16:47.000,14:17:27.000,40,2600
2026-09-11,2026-09-15,4,Validation,1055,14:17:27.000,14:18:07.000,40,2795
2026-09-11,2026-09-15,4,Validation,1056,14:18:07.000,14:18:32.000,25,2600
2026-09-11,2026-09-15,4,Validation,1057,14:18:32.000,14:19:53.000,81,3705
2026-09-11,2026-09-15,4,Validation,1058,14:19:53.000,14:20:38.000,45,2600
2026-09-11,2026-09-15,4,Validation,1059,14:20:38.000,14:21:29.000,51,3380
2026-09-11,2026-09-15,4,Validation,1060,14:21:29.000,14:21:46.000,17,2730
2026-09-11,2026-09-15,4,Validation,1061,14:21:46.000,14:21:56.000,10,2990
2026-09-11,2026-09-15,4,Validation,1062,14:21:56.000,14:22:17.000,21,2795
2026-09-11,2026-09-15,4,Validation,1063,14:22:17.000,14:22:42.000,25,2665
2026-09-11,2026-09-15,4,Validation,1064,14:22:42.000,14:23:48.000,66,2665
2026-09-11,2026-09-15,4,Validation,1065,14:23:48.000,14:24:24.000,36,2600
2026-09-11,2026-09-15,4,Validation,1066,14:24:24.000,14:24:34.000,10,4030
2026-09-11,2026-09-15,4,Validation,1067,14:24:34.000,14:24:59.000,25,2600
2026-09-11,2026-09-15,4,Validation,1068,14:24:59.000,14:25:50.000,51,2730
2026-09-11,2026-09-15,4,Validation,1069,14:25:50.000,14:26:23.000,33,2665
2026-09-11,2026-09-15,4,Validation,1070,14:26:23.000,14:26:38.000,15,2665
2026-09-11,2026-09-15,4,Validation,1071,14:26:38.000,14:26:43.000,5,3380
2026-09-11,2026-09-15,4,Validation,1072,14:26:43.000,14:27:15.000,32,2600
2026-09-11,2026-09-15,4,Validation,1073,14:27:15.000,14:27:43.000,28,2795
2026-09-11,2026-09-15,4,Validation,1074,14:27:43.000,14:27:48.000,5,2860
2026-09-11,2026-09-15,4,Validation,1075,14:27:48.000,14:27:53.000,5,3185
2026-09-11,2026-09-15,4,Validation,1076,14:27:53.000,14:28:01.000,8,2925
2026-09-11,2026-09-15,4,Validation,1077,14:28:01.000,14:28:23.000,22,2990
2026-09-11,2026-09-15,4,Validation,1078,14:28:23.000,14:28:50.000,27,3055
2026-09-11,2026-09-15,4,Validation,1079,14:28:50.000,14:29:13.000,23,2665
2026-09-11,2026-09-15,4,Validation,1080,14:29:13.000,14:29:24.000,11,4680
2026-09-11,2026-09-15,4,Validation,1081,14:29:24.000,14:29:28.000,4,2860
2026-09-11,2026-09-15,4,Validation,1082,14:29:28.000,14:29:56.000,28,7085
2026-09-11,2026-09-15,4,Validation,1083,14:29:56.000,14:29:56.000,0,4485
2026-09-11,2026-09-15,4,Validation,1084,14:29:56.000,14:29:58.000,2,2990
2026-09-11,2026-09-15,4,Validation,1085,14:29:58.000,14:30:11.000,13,3380
2026-09-11,2026-09-15,4,Validation,1086,14:30:11.000,14:30:41.000,30,2795
2026-09-11,2026-09-15,4,Validation,1087,14:30:41.000,14:31:12.000,31,2925
2026-09-11,2026-09-15,4,Validation,1088,14:31:12.000,14:31:16.000,4,2600
2026-09-11,2026-09-15,4,Validation,1089,14:31:16.000,14:31:42.000,26,2990
2026-09-11,2026-09-15,4,Validation,1090,14:31:42.000,14:32:09.000,27,2600
2026-09-11,2026-09-15,4,Validation,1091,14:32:09.000,14:32:38.000,29,2600
2026-09-11,2026-09-15,4,Validation,1092,14:32:38.000,14:33:16.000,38,2730
2026-09-11,2026-09-15,4,Validation,1093,14:33:16.000,14:33:48.000,32,2990
2026-09-11,2026-09-15,4,Validation,1094,14:33:48.000,14:34:16.000,28,2600
2026-09-11,2026-09-15,4,Validation,1095,14:34:16.000,14:35:35.000,79,2600
2026-09-11,2026-09-15,4,Validation,1096,14:35:35.000,14:36:41.000,66,2600
2026-09-11,2026-09-15,4,Validation,1097,14:36:41.000,14:37:11.000,30,2600
2026-09-11,2026-09-15,4,Validation,1098,14:37:11.000,14:37:36.000,25,3250
2026-09-11,2026-09-15,4,Validation,1099,14:37:36.000,14:38:09.000,33,2600
2026-09-11,2026-09-15,4,Validation,1100,14:38:09.000,14:38:32.000,23,2860
2026-09-11,2026-09-15,4,Validation,1101,14:38:32.000,14:39:19.000,47,2860
2026-09-11,2026-09-15,4,Validation,1102,14:39:19.000,14:39:47.000,28,3250
2026-09-11,2026-09-15,4,Validation,1103,14:39:47.000,14:41:28.000,101,2600
2026-09-11,2026-09-15,4,Validation,1104,14:41:28.000,14:42:25.000,57,2665
2026-09-11,2026-09-15,4,Validation,1105,14:42:25.000,14:43:16.000,51,3640
2026-09-11,2026-09-15,4,Validation,1106,14:43:16.000,14:43:43.000,27,2730
2026-09-11,2026-09-15,4,Validation,1107,14:43:43.000,14:44:44.000,61,2665
2026-09-11,2026-09-15,4,Validation,1108,14:44:44.000,14:45:30.000,46,2600
2026-09-11,2026-09-15,4,Validation,1109,14:45:30.000,14:47:02.000,92,2730
2026-09-11,2026-09-15,4,Validation,1110,14:47:02.000,14:47:35.000,33,2665
2026-09-11,2026-09-15,4,Validation,1111,14:47:35.000,14:47:47.000,12,3250
2026-09-11,2026-09-15,4,Validation,1112,14:47:47.000,14:48:23.000,36,2600
2026-09-11,2026-09-15,4,Validation,1113,14:48:23.000,14:49:52.000,89,3185
2026-09-11,2026-09-15,4,Validation,1114,14:49:52.000,14:51:02.000,70,2665
2026-09-11,2026-09-15,4,Validation,1115,14:51:02.000,14:51:40.000,38,2795
2026-09-11,2026-09-15,4,Validation,1116,14:51:40.000,14:52:51.000,71,2990
2026-09-11,2026-09-15,4,Validation,1117,14:52:51.000,14:54:34.000,103,2600
2026-09-11,2026-09-15,4,Validation,1118,14:54:34.000,14:56:11.000,97,2600
2026-09-11,2026-09-15,4,Validation,1119,14:56:11.000,14:56:54.000,43,2600
2026-09-11,2026-09-15,4,Validation,1120,14:56:54.000,14:58:02.000,68,2665
2026-09-11,2026-09-15,4,Validation,1121,14:58:02.000,14:59:21.000,79,2600
2026-09-11,2026-09-15,4,Validation,1122,14:59:21.000,15:00:32.000,71,2860
2026-09-11,2026-09-15,4,Validation,1123,15:00:32.000,15:01:05.000,33,2600
2026-09-11,2026-09-15,4,Validation,1124,15:01:05.000,15:01:45.000,40,2860
2026-09-11,2026-09-15,4,Validation,1125,15:01:45.000,15:01:50.000,5,2860
2026-09-11,2026-09-15,4,Validation,1126,15:01:50.000,15:02:50.000,60,2665
2026-09-11,2026-09-15,4,Validation,1127,15:02:50.000,15:03:28.000,38,2665
2026-09-11,2026-09-15,4,Validation,1128,15:03:28.000,15:04:06.000,38,3185
2026-09-11,2026-09-15,4,Validation,1129,15:04:06.000,15:04:18.000,12,3120
2026-09-11,2026-09-15,4,Validation,1130,15:04:18.000,15:04:35.000,17,2795
2026-09-11,2026-09-15,4,Validation,1131,15:04:35.000,15:04:38.000,3,3575
2026-09-11,2026-09-15,4,Validation,1132,15:04:38.000,15:04:41.000,3,2730
2026-09-11,2026-09-15,4,Validation,1133,15:04:41.000,15:04:45.000,4,3900
2026-09-11,2026-09-15,4,Validation,1134,15:04:45.000,15:04:46.000,1,2730
2026-09-11,2026-09-15,4,Validation,1135,15:04:46.000,15:04:48.000,2,3380
2026-09-11,2026-09-15,4,Validation,1136,15:04:48.000,15:04:50.000,2,6045
2026-09-11,2026-09-15,4,Validation,1137,15:04:50.000,15:04:50.000,0,3445
2026-09-11,2026-09-15,4,Validation,1138,15:04:51.000,15:04:53.000,2,2925
2026-09-11,2026-09-15,4,Validation,1139,15:04:53.000,15:05:18.000,25,4355
2026-09-11,2026-09-15,4,Validation,1140,15:05:18.000,15:05:21.000,3,2665
2026-09-11,2026-09-15,4,Validation,1141,15:05:21.000,15:05:33.000,12,2795
2026-09-11,2026-09-15,4,Validation,1142,15:05:33.000,15:05:48.000,15,2925
2026-09-11,2026-09-15,4,Validation,1143,15:05:48.000,15:06:00.000,12,3770
2026-09-11,2026-09-15,4,Validation,1144,15:06:00.000,15:06:15.000,15,2600
2026-09-11,2026-09-15,4,Validation,1145,15:06:15.000,15:06:25.000,10,2600
2026-09-11,2026-09-15,4,Validation,1146,15:06:25.000,15:06:55.000,30,2795
2026-09-11,2026-09-15,4,Validation,1147,15:06:55.000,15:07:36.000,41,2795
2026-09-11,2026-09-15,4,Validation,1148,15:07:36.000,15:08:26.000,50,2665
2026-09-11,2026-09-15,4,Validation,1149,15:08:26.000,15:08:59.000,33,2860
2026-09-11,2026-09-15,4,Validation,1150,15:08:59.000,15:09:18.000,19,3575
2026-09-11,2026-09-15,4,Validation,1151,15:09:18.000,15:09:31.000,13,3055
2026-09-11,2026-09-15,4,Validation,1152,15:09:31.000,15:09:49.000,18,2665
2026-09-11,2026-09-15,4,Validation,1153,15:09:49.000,15:10:14.000,25,2730
2026-09-11,2026-09-15,4,Validation,1154,15:10:14.000,15:10:38.000,24,2990
2026-09-11,2026-09-15,4,Validation,1155,15:10:38.000,15:10:44.000,6,3315
2026-09-11,2026-09-15,4,Validation,1156,15:10:44.000,15:10:54.000,10,2730
2026-09-11,2026-09-15,4,Validation,1157,15:10:54.000,15:11:56.000,62,2600
2026-09-11,2026-09-15,4,Validation,1158,15:11:56.000,15:12:24.000,28,2860
2026-09-11,2026-09-15,4,Validation,1159,15:12:24.000,15:12:51.000,27,5720
2026-09-11,2026-09-15,4,Validation,1160,15:12:51.000,15:12:51.000,0,3120
2026-09-11,2026-09-15,4,Validation,1161,15:12:52.000,15:13:15.000,23,2600
2026-09-11,2026-09-15,4,Validation,1162,15:13:15.000,15:13:36.000,21,2600
2026-09-11,2026-09-15,4,Validation,1163,15:13:36.000,15:14:08.000,32,2665
2026-09-11,2026-09-15,4,Validation,1164,15:14:08.000,15:14:34.000,26,2860
2026-09-11,2026-09-15,4,Validation,1165,15:14:34.000,15:14:44.000,10,3120
2026-09-11,2026-09-15,4,Validation,1166,15:14:44.000,15:14:52.000,8,2600
2026-09-11,2026-09-15,4,Validation,1167,15:14:52.000,15:15:17.000,25,3510
2026-09-11,2026-09-15,4,Validation,1168,15:15:17.000,15:15:20.000,3,11375
2026-09-11,2026-09-15,4,Validation,1169,15:15:20.000,15:15:20.000,0,8775
2026-09-11,2026-09-15,4,Validation,1170,15:15:20.000,15:15:20.000,0,6175
2026-09-11,2026-09-15,4,Validation,1171,15:15:20.000,15:15:20.000,0,3575
2026-09-11,2026-09-15,4,Validation,1172,15:15:21.000,15:15:22.000,1,4225
2026-09-11,2026-09-15,4,Validation,1173,15:15:22.000,15:15:23.000,1,3510
2026-09-11,2026-09-15,4,Validation,1174,15:15:23.000,15:15:30.000,7,4420
2026-09-11,2026-09-15,4,Validation,1175,15:15:30.000,15:15:32.000,2,2600
2026-09-11,2026-09-15,4,Validation,1176,15:15:32.000,15:15:45.000,13,3055
2026-09-11,2026-09-15,4,Validation,1177,15:15:45.000,15:16:13.000,28,2665
2026-09-11,2026-09-15,4,Validation,1178,15:16:13.000,15:16:55.000,42,3770
2026-09-11,2026-09-15,4,Validation,1179,15:16:55.000,15:16:58.000,3,3380
2026-09-11,2026-09-15,4,Validation,1180,15:16:58.000,15:17:26.000,28,2600
2026-09-11,2026-09-15,4,Validation,1181,15:17:26.000,15:17:43.000,17,3185
2026-09-11,2026-09-15,4,Validation,1182,15:17:43.000,15:18:08.000,25,7540
2026-09-11,2026-09-15,4,Validation,1183,15:18:08.000,15:18:08.000,0,4940
2026-09-11,2026-09-15,4,Validation,1184,15:18:08.000,15:18:10.000,2,2600
2026-09-11,2026-09-15,4,Validation,1185,15:18:10.000,15:19:31.000,81,2665
2026-09-11,2026-09-15,4,Validation,1186,15:19:31.000,15:19:49.000,18,2990
2026-09-11,2026-09-15,4,Validation,1187,15:19:49.000,15:20:02.000,13,3120
2026-09-11,2026-09-15,4,Validation,1188,15:20:02.000,15:20:04.000,2,6565
2026-09-11,2026-09-15,4,Validation,1189,15:20:04.000,15:20:04.000,0,3965
2026-09-11,2026-09-15,4,Validation,1190,15:20:04.000,15:20:06.000,2,2795
2026-09-11,2026-09-15,4,Validation,1191,15:20:06.000,15:20:41.000,35,2860
2026-09-11,2026-09-15,4,Validation,1192,15:20:41.000,15:20:51.000,10,3315
2026-09-11,2026-09-15,4,Validation,1193,15:20:51.000,15:21:14.000,23,2600
2026-09-11,2026-09-15,4,Validation,1194,15:21:14.000,15:21:22.000,8,2730
2026-09-11,2026-09-15,4,Validation,1195,15:21:22.000,15:22:04.000,42,2665
2026-09-11,2026-09-15,4,Validation,1196,15:22:04.000,15:22:27.000,23,2665
2026-09-11,2026-09-15,4,Validation,1197,15:22:27.000,15:22:51.000,24,2665
2026-09-11,2026-09-15,4,Validation,1198,15:22:51.000,15:23:16.000,25,3120
2026-09-11,2026-09-15,4,Validation,1199,15:23:16.000,15:23:29.000,13,4485
2026-09-11,2026-09-15,4,Validation,1200,15:23:29.000,15:23:41.000,12,2730
2026-09-11,2026-09-15,4,Validation,1201,15:23:41.000,15:24:26.000,45,2730
2026-09-11,2026-09-15,4,Validation,1202,15:24:26.000,15:24:59.000,33,2665
2026-09-11,2026-09-15,4,Validation,1203,15:24:59.000,15:25:09.000,10,2860
2026-09-11,2026-09-15,4,Validation,1204,15:25:09.000,15:25:21.000,12,2730
2026-09-11,2026-09-15,4,Validation,1205,15:25:21.000,15:25:31.000,10,2860
2026-09-11,2026-09-15,4,Validation,1206,15:25:31.000,15:25:51.000,20,3055
2026-09-11,2026-09-15,4,Validation,1207,15:25:51.000,15:26:12.000,21,4095
2026-09-11,2026-09-15,4,Validation,1208,15:26:12.000,15:26:29.000,17,2665
2026-09-11,2026-09-15,4,Validation,1209,15:26:29.000,15:27:24.000,55,2665
2026-09-11,2026-09-15,4,Validation,1210,15:27:24.000,15:27:37.000,13,2665
2026-09-11,2026-09-15,4,Validation,1211,15:27:37.000,15:27:54.000,17,2795
2026-09-11,2026-09-15,4,Validation,1212,15:27:54.000,15:28:24.000,30,2665
2026-09-11,2026-09-15,4,Validation,1213,15:28:24.000,15:29:12.000,48,3770
2026-09-11,2026-09-15,4,Validation,1214,15:29:12.000,15:29:21.000,9,3120
2026-09-11,2026-09-15,4,Validation,1215,15:29:21.000,15:29:32.000,11,3510
2026-09-11,2026-09-15,4,Validation,1216,15:29:32.000,15:30:00.000,28,2210
2026-09-15,2026-09-15,0,Validation,0,09:15:00.000,09:15:01.000,1,10010
2026-09-15,2026-09-15,0,Validation,1,09:15:01.000,09:15:01.000,0,7410
2026-09-15,2026-09-15,0,Validation,2,09:15:01.000,09:15:01.000,0,4810
2026-09-15,2026-09-15,0,Validation,3,09:15:01.000,09:15:03.000,2,6760
2026-09-15,2026-09-15,0,Validation,4,09:15:03.000,09:15:03.000,0,4160
2026-09-15,2026-09-15,0,Validation,5,09:15:04.000,09:15:04.000,0,7085
2026-09-15,2026-09-15,0,Validation,6,09:15:04.000,09:15:04.000,0,4485
2026-09-15,2026-09-15,0,Validation,7,09:15:05.000,09:15:06.000,1,11310
2026-09-15,2026-09-15,0,Validation,8,09:15:06.000,09:15:06.000,0,8710
2026-09-15,2026-09-15,0,Validation,9,09:15:07.000,09:15:07.000,0,6110
2026-09-15,2026-09-15,0,Validation,10,09:15:07.000,09:15:07.000,0,3510
2026-09-15,2026-09-15,0,Validation,11,09:15:08.000,09:15:08.000,0,3640
2026-09-15,2026-09-15,0,Validation,12,09:15:08.000,09:15:09.000,1,8385
2026-09-15,2026-09-15,0,Validation,13,09:15:09.000,09:15:09.000,0,5785
2026-09-15,2026-09-15,0,Validation,14,09:15:10.000,09:15:10.000,0,3185
2026-09-15,2026-09-15,0,Validation,15,09:15:10.000,09:15:11.000,1,4680
2026-09-15,2026-09-15,0,Validation,16,09:15:11.000,09:15:12.000,1,11375
2026-09-15,2026-09-15,0,Validation,17,09:15:12.000,09:15:12.000,0,8775
2026-09-15,2026-09-15,0,Validation,18,09:15:13.000,09:15:13.000,0,6175
2026-09-15,2026-09-15,0,Validation,19,09:15:13.000,09:15:13.000,0,3575
2026-09-15,2026-09-15,0,Validation,20,09:15:14.000,09:15:14.000,0,3250
2026-09-15,2026-09-15,0,Validation,21,09:15:14.000,09:15:16.000,2,7215
2026-09-15,2026-09-15,0,Validation,22,09:15:16.000,09:15:16.000,0,4615
2026-09-15,2026-09-15,0,Validation,23,09:15:16.000,09:15:17.000,1,7475
2026-09-15,2026-09-15,0,Validation,24,09:15:17.000,09:15:17.000,0,4875
2026-09-15,2026-09-15,0,Validation,25,09:15:18.000,09:15:19.000,1,5785
2026-09-15,2026-09-15,0,Validation,26,09:15:19.000,09:15:19.000,0,3185
2026-09-15,2026-09-15,0,Validation,27,09:15:19.000,09:15:22.000,3,3055
2026-09-15,2026-09-15,0,Validation,28,09:15:22.000,09:15:24.000,2,3315
2026-09-15,2026-09-15,0,Validation,29,09:15:24.000,09:15:25.000,1,3120
2026-09-15,2026-09-15,0,Validation,30,09:15:25.000,09:15:27.000,2,3965
2026-09-15,2026-09-15,0,Validation,31,09:15:27.000,09:15:29.000,2,3575
2026-09-15,2026-09-15,0,Validation,32,09:15:29.000,09:15:30.000,1,4420
2026-09-15,2026-09-15,0,Validation,33,09:15:30.000,09:15:33.000,3,3575
2026-09-15,2026-09-15,0,Validation,34,09:15:33.000,09:15:37.000,4,4420
2026-09-15,2026-09-15,0,Validation,35,09:15:37.000,09:15:38.000,1,3250
2026-09-15,2026-09-15,0,Validation,36,09:15:38.000,09:15:41.000,3,5070
2026-09-15,2026-09-15,0,Validation,37,09:15:41.000,09:15:43.000,2,4225
2026-09-15,2026-09-15,0,Validation,38,09:15:43.000,09:15:45.000,2,3315
2026-09-15,2026-09-15,0,Validation,39,09:15:45.000,09:15:46.000,1,5850
2026-09-15,2026-09-15,0,Validation,40,09:15:46.000,09:15:46.000,0,3250
2026-09-15,2026-09-15,0,Validation,41,09:15:47.000,09:15:48.000,1,2795
2026-09-15,2026-09-15,0,Validation,42,09:15:48.000,09:15:53.000,5,3315
2026-09-15,2026-09-15,0,Validation,43,09:15:53.000,09:15:57.000,4,3185
2026-09-15,2026-09-15,0,Validation,44,09:15:57.000,09:16:01.000,4,6565
2026-09-15,2026-09-15,0,Validation,45,09:16:01.000,09:16:01.000,0,3965
2026-09-15,2026-09-15,0,Validation,46,09:16:01.000,09:16:02.000,1,2990
2026-09-15,2026-09-15,0,Validation,47,09:16:02.000,09:16:06.000,4,3900
2026-09-15,2026-09-15,0,Validation,48,09:16:06.000,09:16:07.000,1,3965
2026-09-15,2026-09-15,0,Validation,49,09:16:07.000,09:16:09.000,2,4030
2026-09-15,2026-09-15,0,Validation,50,09:16:09.000,09:16:11.000,2,2925
2026-09-15,2026-09-15,0,Validation,51,09:16:11.000,09:16:14.000,3,3380
2026-09-15,2026-09-15,0,Validation,52,09:16:14.000,09:16:16.000,2,2990
2026-09-15,2026-09-15,0,Validation,53,09:16:16.000,09:16:21.000,5,4030
2026-09-15,2026-09-15,0,Validation,54,09:16:21.000,09:16:22.000,1,3575
2026-09-15,2026-09-15,0,Validation,55,09:16:22.000,09:16:24.000,2,2665
2026-09-15,2026-09-15,0,Validation,56,09:16:24.000,09:16:27.000,3,3120
2026-09-15,2026-09-15,0,Validation,57,09:16:27.000,09:16:31.000,4,5200
2026-09-15,2026-09-15,0,Validation,58,09:16:31.000,09:16:31.000,0,2600
2026-09-15,2026-09-15,0,Validation,59,09:16:31.000,09:16:34.000,3,3380
2026-09-15,2026-09-15,0,Validation,60,09:16:34.000,09:16:36.000,2,2665
2026-09-15,2026-09-15,0,Validation,61,09:16:36.000,09:16:39.000,3,3185
2026-09-15,2026-09-15,0,Validation,62,09:16:39.000,09:16:42.000,3,3120
2026-09-15,2026-09-15,0,Validation,63,09:16:42.000,09:16:46.000,4,3250
2026-09-15,2026-09-15,0,Validation,64,09:16:46.000,09:16:47.000,1,3315
2026-09-15,2026-09-15,0,Validation,65,09:16:47.000,09:16:51.000,4,4030
2026-09-15,2026-09-15,0,Validation,66,09:16:51.000,09:16:54.000,3,3965
2026-09-15,2026-09-15,0,Validation,67,09:16:54.000,09:16:56.000,2,4030
2026-09-15,2026-09-15,0,Validation,68,09:16:56.000,09:16:59.000,3,3965
2026-09-15,2026-09-15,0,Validation,69,09:16:59.000,09:17:02.000,3,3965
2026-09-15,2026-09-15,0,Validation,70,09:17:02.000,09:17:06.000,4,3510
2026-09-15,2026-09-15,0,Validation,71,09:17:06.000,09:17:09.000,3,4355
2026-09-15,2026-09-15,0,Validation,72,09:17:09.000,09:17:11.000,2,5265
2026-09-15,2026-09-15,0,Validation,73,09:17:11.000,09:17:11.000,0,2665
2026-09-15,2026-09-15,0,Validation,74,09:17:11.000,09:17:14.000,3,4030
2026-09-15,2026-09-15,0,Validation,75,09:17:14.000,09:17:16.000,2,4940
2026-09-15,2026-09-15,0,Validation,76,09:17:16.000,09:17:17.000,1,4420
2026-09-15,2026-09-15,0,Validation,77,09:17:17.000,09:17:19.000,2,4615
2026-09-15,2026-09-15,0,Validation,78,09:17:19.000,09:17:21.000,2,4290
2026-09-15,2026-09-15,0,Validation,79,09:17:21.000,09:17:24.000,3,3445
2026-09-15,2026-09-15,0,Validation,80,09:17:24.000,09:17:29.000,5,3835
2026-09-15,2026-09-15,0,Validation,81,09:17:29.000,09:17:32.000,3,2600
2026-09-15,2026-09-15,0,Validation,82,09:17:32.000,09:17:36.000,4,2665
2026-09-15,2026-09-15,0,Validation,83,09:17:36.000,09:17:41.000,5,3575
2026-09-15,2026-09-15,0,Validation,84,09:17:41.000,09:17:44.000,3,3185
2026-09-15,2026-09-15,0,Validation,85,09:17:44.000,09:17:49.000,5,2665
2026-09-15,2026-09-15,0,Validation,86,09:17:49.000,09:17:54.000,5,2600
2026-09-15,2026-09-15,0,Validation,87,09:17:54.000,09:18:01.000,7,2730
2026-09-15,2026-09-15,0,Validation,88,09:18:01.000,09:18:06.000,5,2925
2026-09-15,2026-09-15,0,Validation,89,09:18:06.000,09:18:11.000,5,2600
2026-09-15,2026-09-15,0,Validation,90,09:18:11.000,09:18:17.000,6,3055
2026-09-15,2026-09-15,0,Validation,91,09:18:17.000,09:18:22.000,5,3055
2026-09-15,2026-09-15,0,Validation,92,09:18:22.000,09:18:27.000,5,2665
2026-09-15,2026-09-15,0,Validation,93,09:18:27.000,09:18:31.000,4,2990
2026-09-15,2026-09-15,0,Validation,94,09:18:31.000,09:18:37.000,6,2600
2026-09-15,2026-09-15,0,Validation,95,09:18:37.000,09:18:41.000,4,2665
2026-09-15,2026-09-15,0,Validation,96,09:18:41.000,09:18:44.000,3,2665
2026-09-15,2026-09-15,0,Validation,97,09:18:44.000,09:18:46.000,2,2600
2026-09-15,2026-09-15,0,Validation,98,09:18:46.000,09:18:47.000,1,3445
2026-09-15,2026-09-15,0,Validation,99,09:18:47.000,09:18:51.000,4,2665
2026-09-15,2026-09-15,0,Validation,100,09:18:51.000,09:18:54.000,3,3965
2026-09-15,2026-09-15,0,Validation,101,09:18:54.000,09:18:56.000,2,2730
2026-09-15,2026-09-15,0,Validation,102,09:18:56.000,09:19:02.000,6,3445
2026-09-15,2026-09-15,0,Validation,103,09:19:02.000,09:19:09.000,7,3055
2026-09-15,2026-09-15,0,Validation,104,09:19:09.000,09:19:14.000,5,3380
2026-09-15,2026-09-15,0,Validation,105,09:19:14.000,09:19:24.000,10,2600
2026-09-15,2026-09-15,0,Validation,106,09:19:24.000,09:19:37.000,13,3445
2026-09-15,2026-09-15,0,Validation,107,09:19:37.000,09:19:47.000,10,3250
2026-09-15,2026-09-15,0,Validation,108,09:19:47.000,09:19:56.000,9,2730
2026-09-15,2026-09-15,0,Validation,109,09:19:56.000,09:20:07.000,11,2990
2026-09-15,2026-09-15,0,Validation,110,09:20:07.000,09:20:09.000,2,3380
2026-09-15,2026-09-15,0,Validation,111,09:20:09.000,09:20:19.000,10,2600
2026-09-15,2026-09-15,0,Validation,112,09:20:19.000,09:20:39.000,20,2600
2026-09-15,2026-09-15,0,Validation,113,09:20:39.000,09:21:01.000,22,3835
2026-09-15,2026-09-15,0,Validation,114,09:21:01.000,09:21:06.000,5,3705
2026-09-15,2026-09-15,0,Validation,115,09:21:06.000,09:21:16.000,10,2795
2026-09-15,2026-09-15,0,Validation,116,09:21:16.000,09:21:24.000,8,4030
2026-09-15,2026-09-15,0,Validation,117,09:21:24.000,09:21:26.000,2,3250
2026-09-15,2026-09-15,0,Validation,118,09:21:26.000,09:21:28.000,2,4810
2026-09-15,2026-09-15,0,Validation,119,09:21:28.000,09:21:36.000,8,3120
2026-09-15,2026-09-15,0,Validation,120,09:21:36.000,09:21:41.000,5,3250
2026-09-15,2026-09-15,0,Validation,121,09:21:41.000,09:21:58.000,17,3770
2026-09-15,2026-09-15,0,Validation,122,09:21:58.000,09:22:09.000,11,2990
2026-09-15,2026-09-15,0,Validation,123,09:22:09.000,09:22:32.000,23,2600
2026-09-15,2026-09-15,0,Validation,124,09:22:32.000,09:22:54.000,22,3120
2026-09-15,2026-09-15,0,Validation,125,09:22:54.000,09:23:11.000,17,2730
2026-09-15,2026-09-15,0,Validation,126,09:23:11.000,09:23:12.000,1,3445
2026-09-15,2026-09-15,0,Validation,127,09:23:12.000,09:23:27.000,15,2990
2026-09-15,2026-09-15,0,Validation,128,09:23:27.000,09:23:39.000,12,2600
2026-09-15,2026-09-15,0,Validation,129,09:23:39.000,09:23:51.000,12,3055
2026-09-15,2026-09-15,0,Validation,130,09:23:51.000,09:24:04.000,13,3250
2026-09-15,2026-09-15,0,Validation,131,09:24:04.000,09:24:16.000,12,2600
2026-09-15,2026-09-15,0,Validation,132,09:24:16.000,09:24:26.000,10,4290
2026-09-15,2026-09-15,0,Validation,133,09:24:26.000,09:24:32.000,6,2730
2026-09-15,2026-09-15,0,Validation,134,09:24:32.000,09:24:59.000,27,2925
2026-09-15,2026-09-15,0,Validation,135,09:24:59.000,09:25:07.000,8,2730
2026-09-15,2026-09-15,0,Validation,136,09:25:07.000,09:25:10.000,3,2730
2026-09-15,2026-09-15,0,Validation,137,09:25:10.000,09:25:22.000,12,3185
2026-09-15,2026-09-15,0,Validation,138,09:25:22.000,09:25:34.000,12,2925
2026-09-15,2026-09-15,0,Validation,139,09:25:34.000,09:25:37.000,3,6240
2026-09-15,2026-09-15,0,Validation,140,09:25:37.000,09:25:37.000,0,3640
2026-09-15,2026-09-15,0,Validation,141,09:25:38.000,09:25:46.000,8,2600
2026-09-15,2026-09-15,0,Validation,142,09:25:46.000,09:25:56.000,10,3055
2026-09-15,2026-09-15,0,Validation,143,09:25:56.000,09:26:11.000,15,3055
2026-09-15,2026-09-15,0,Validation,144,09:26:11.000,09:26:22.000,11,3445
2026-09-15,2026-09-15,0,Validation,145,09:26:22.000,09:26:27.000,5,3575
2026-09-15,2026-09-15,0,Validation,146,09:26:27.000,09:26:32.000,5,3835
2026-09-15,2026-09-15,0,Validation,147,09:26:32.000,09:26:39.000,7,2925
2026-09-15,2026-09-15,0,Validation,148,09:26:39.000,09:26:42.000,3,2600
2026-09-15,2026-09-15,0,Validation,149,09:26:42.000,09:26:54.000,12,4420
2026-09-15,2026-09-15,0,Validation,150,09:26:54.000,09:26:56.000,2,2795
2026-09-15,2026-09-15,0,Validation,151,09:26:56.000,09:27:16.000,20,2665
2026-09-15,2026-09-15,0,Validation,152,09:27:16.000,09:27:37.000,21,2665
2026-09-15,2026-09-15,0,Validation,153,09:27:37.000,09:27:54.000,17,2600
2026-09-15,2026-09-15,0,Validation,154,09:27:54.000,09:28:14.000,20,2730
2026-09-15,2026-09-15,0,Validation,155,09:28:14.000,09:28:42.000,28,2860
2026-09-15,2026-09-15,0,Validation,156,09:28:42.000,09:28:57.000,15,4680
2026-09-15,2026-09-15,0,Validation,157,09:28:57.000,09:29:02.000,5,2730
2026-09-15,2026-09-15,0,Validation,158,09:29:02.000,09:29:24.000,22,2665
2026-09-15,2026-09-15,0,Validation,159,09:29:24.000,09:29:39.000,15,2925
2026-09-15,2026-09-15,0,Validation,160,09:29:39.000,09:29:53.000,14,2795
2026-09-15,2026-09-15,0,Validation,161,09:29:53.000,09:29:59.000,6,2665
2026-09-15,2026-09-15,0,Validation,162,09:29:59.000,09:30:19.000,20,2730
2026-09-15,2026-09-15,0,Validation,163,09:30:19.000,09:30:24.000,5,2730
2026-09-15,2026-09-15,0,Validation,164,09:30:24.000,09:30:52.000,28,2600
2026-09-15,2026-09-15,0,Validation,165,09:30:52.000,09:31:16.000,24,6955
2026-09-15,2026-09-15,0,Validation,166,09:31:16.000,09:31:16.000,0,4355
2026-09-15,2026-09-15,0,Validation,167,09:31:17.000,09:31:24.000,7,2665
2026-09-15,2026-09-15,0,Validation,168,09:31:24.000,09:31:47.000,23,2600
2026-09-15,2026-09-15,0,Validation,169,09:31:47.000,09:31:56.000,9,2665
2026-09-15,2026-09-15,0,Validation,170,09:31:56.000,09:32:07.000,11,2795
2026-09-15,2026-09-15,0,Validation,171,09:32:07.000,09:32:24.000,17,2665
2026-09-15,2026-09-15,0,Validation,172,09:32:24.000,09:32:36.000,12,2730
2026-09-15,2026-09-15,0,Validation,173,09:32:36.000,09:32:51.000,15,2860
2026-09-15,2026-09-15,0,Validation,174,09:32:51.000,09:33:14.000,23,4355
2026-09-15,2026-09-15,0,Validation,175,09:33:14.000,09:33:16.000,2,2600
2026-09-15,2026-09-15,0,Validation,176,09:33:16.000,09:33:51.000,35,2600
2026-09-15,2026-09-15,0,Validation,177,09:33:51.000,09:34:26.000,35,2665
2026-09-15,2026-09-15,0,Validation,178,09:34:26.000,09:35:04.000,38,2600
2026-09-15,2026-09-15,0,Validation,179,09:35:04.000,09:35:09.000,5,5200
2026-09-15,2026-09-15,0,Validation,180,09:35:09.000,09:35:09.000,0,2600
2026-09-15,2026-09-15,0,Validation,181,09:35:09.000,09:35:20.000,11,3965
2026-09-15,2026-09-15,0,Validation,182,09:35:20.000,09:35:30.000,10,2665
2026-09-15,2026-09-15,0,Validation,183,09:35:30.000,09:35:53.000,23,2730
2026-09-15,2026-09-15,0,Validation,184,09:35:53.000,09:36:06.000,13,2730
2026-09-15,2026-09-15,0,Validation,185,09:36:06.000,09:36:21.000,15,2730
2026-09-15,2026-09-15,0,Validation,186,09:36:21.000,09:36:38.000,17,3835
2026-09-15,2026-09-15,0,Validation,187,09:36:38.000,09:36:44.000,6,3185
2026-09-15,2026-09-15,0,Validation,188,09:36:44.000,09:36:59.000,15,2990
2026-09-15,2026-09-15,0,Validation,189,09:36:59.000,09:37:13.000,14,2665
2026-09-15,2026-09-15,0,Validation,190,09:37:13.000,09:37:36.000,23,3120
2026-09-15,2026-09-15,0,Validation,191,09:37:36.000,09:38:08.000,32,2600
2026-09-15,2026-09-15,0,Validation,192,09:38:08.000,09:38:38.000,30,2730
2026-09-15,2026-09-15,0,Validation,193,09:38:38.000,09:38:49.000,11,2600
2026-09-15,2026-09-15,0,Validation,194,09:38:49.000,09:39:06.000,17,2600
2026-09-15,2026-09-15,0,Validation,195,09:39:06.000,09:39:33.000,27,3640
2026-09-15,2026-09-15,0,Validation,196,09:39:33.000,09:39:38.000,5,3250
2026-09-15,2026-09-15,0,Validation,197,09:39:38.000,09:39:48.000,10,2600
2026-09-15,2026-09-15,0,Validation,198,09:39:48.000,09:40:06.000,18,2990
2026-09-15,2026-09-15,0,Validation,199,09:40:06.000,09:40:21.000,15,2925
2026-09-15,2026-09-15,0,Validation,200,09:40:21.000,09:41:11.000,50,3120
2026-09-15,2026-09-15,0,Validation,201,09:41:11.000,09:41:22.000,11,2730
2026-09-15,2026-09-15,0,Validation,202,09:41:22.000,09:41:24.000,2,9555
2026-09-15,2026-09-15,0,Validation,203,09:41:24.000,09:41:24.000,0,6955
2026-09-15,2026-09-15,0,Validation,204,09:41:26.000,09:41:26.000,0,4355
2026-09-15,2026-09-15,0,Validation,205,09:41:26.000,09:41:32.000,6,2600
2026-09-15,2026-09-15,0,Validation,206,09:41:32.000,09:42:04.000,32,2795
2026-09-15,2026-09-15,0,Validation,207,09:42:04.000,09:42:58.000,54,2925
2026-09-15,2026-09-15,0,Validation,208,09:42:58.000,09:43:05.000,7,2730
2026-09-15,2026-09-15,0,Validation,209,09:43:05.000,09:43:31.000,26,2600
2026-09-15,2026-09-15,0,Validation,210,09:43:31.000,09:43:45.000,14,4875
2026-09-15,2026-09-15,0,Validation,211,09:43:45.000,09:43:46.000,1,2925
2026-09-15,2026-09-15,0,Validation,212,09:43:46.000,09:44:04.000,18,3575
2026-09-15,2026-09-15,0,Validation,213,09:44:04.000,09:44:15.000,11,2600
2026-09-15,2026-09-15,0,Validation,214,09:44:15.000,09:44:51.000,36,3510
2026-09-15,2026-09-15,0,Validation,215,09:44:51.000,09:45:01.000,10,2600
2026-09-15,2026-09-15,0,Validation,216,09:45:01.000,09:45:16.000,15,3640
2026-09-15,2026-09-15,0,Validation,217,09:45:16.000,09:45:23.000,7,2600
2026-09-15,2026-09-15,0,Validation,218,09:45:23.000,09:45:41.000,18,3250
2026-09-15,2026-09-15,0,Validation,219,09:45:41.000,09:46:08.000,27,7735
2026-09-15,2026-09-15,0,Validation,220,09:46:08.000,09:46:08.000,0,5135
2026-09-15,2026-09-15,0,Validation,221,09:46:09.000,09:46:11.000,2,2600
2026-09-15,2026-09-15,0,Validation,222,09:46:11.000,09:46:53.000,42,2665
2026-09-15,2026-09-15,0,Validation,223,09:46:53.000,09:47:11.000,18,2990
2026-09-15,2026-09-15,0,Validation,224,09:47:11.000,09:47:26.000,15,2860
2026-09-15,2026-09-15,0,Validation,225,09:47:26.000,09:47:43.000,17,2665
2026-09-15,2026-09-15,0,Validation,226,09:47:43.000,09:48:04.000,21,3510
2026-09-15,2026-09-15,0,Validation,227,09:48:04.000,09:48:26.000,22,5330
2026-09-15,2026-09-15,0,Validation,228,09:48:26.000,09:48:26.000,0,2730
2026-09-15,2026-09-15,0,Validation,229,09:48:27.000,09:48:54.000,27,3900
2026-09-15,2026-09-15,0,Validation,230,09:48:54.000,09:49:13.000,19,3185
2026-09-15,2026-09-15,0,Validation,231,09:49:13.000,09:49:34.000,21,2665
2026-09-15,2026-09-15,0,Validation,232,09:49:34.000,09:49:44.000,10,2600
2026-09-15,2026-09-15,0,Validation,233,09:49:44.000,09:49:56.000,12,3510
2026-09-15,2026-09-15,0,Validation,234,09:49:56.000,09:50:01.000,5,3250
2026-09-15,2026-09-15,0,Validation,235,09:50:01.000,09:50:19.000,18,2795
2026-09-15,2026-09-15,0,Validation,236,09:50:19.000,09:50:34.000,15,2730
2026-09-15,2026-09-15,0,Validation,237,09:50:34.000,09:50:59.000,25,2600
2026-09-15,2026-09-15,0,Validation,238,09:50:59.000,09:51:26.000,27,2665
2026-09-15,2026-09-15,0,Validation,239,09:51:26.000,09:51:49.000,23,2665
2026-09-15,2026-09-15,0,Validation,240,09:51:49.000,09:52:04.000,15,2795
2026-09-15,2026-09-15,0,Validation,241,09:52:04.000,09:52:21.000,17,3185
2026-09-15,2026-09-15,0,Validation,242,09:52:21.000,09:52:44.000,23,2600
2026-09-15,2026-09-15,0,Validation,243,09:52:44.000,09:52:56.000,12,2600
2026-09-15,2026-09-15,0,Validation,244,09:52:56.000,09:53:13.000,17,2600
2026-09-15,2026-09-15,0,Validation,245,09:53:13.000,09:53:23.000,10,3120
2026-09-15,2026-09-15,0,Validation,246,09:53:23.000,09:53:33.000,10,2795
2026-09-15,2026-09-15,0,Validation,247,09:53:33.000,09:54:01.000,28,8710
2026-09-15,2026-09-15,0,Validation,248,09:54:01.000,09:54:01.000,0,6110
2026-09-15,2026-09-15,0,Validation,249,09:54:01.000,09:54:01.000,0,3510
2026-09-15,2026-09-15,0,Validation,250,09:54:01.000,09:54:09.000,8,4485
2026-09-15,2026-09-15,0,Validation,251,09:54:09.000,09:54:12.000,3,2665
2026-09-15,2026-09-15,0,Validation,252,09:54:12.000,09:54:32.000,20,2730
2026-09-15,2026-09-15,0,Validation,253,09:54:32.000,09:54:53.000,21,2795
2026-09-15,2026-09-15,0,Validation,254,09:54:53.000,09:55:09.000,16,5980
2026-09-15,2026-09-15,0,Validation,255,09:55:09.000,09:55:09.000,0,3380
2026-09-15,2026-09-15,0,Validation,256,09:55:10.000,09:55:11.000,1,2600
2026-09-15,2026-09-15,0,Validation,257,09:55:11.000,09:55:16.000,5,2600
2026-09-15,2026-09-15,0,Validation,258,09:55:16.000,09:55:24.000,8,2925
2026-09-15,2026-09-15,0,Validation,259,09:55:24.000,09:55:32.000,8,2795
2026-09-15,2026-09-15,0,Validation,260,09:55:32.000,09:55:42.000,10,3055
2026-09-15,2026-09-15,0,Validation,261,09:55:42.000,09:55:48.000,6,2600
2026-09-15,2026-09-15,0,Validation,262,09:55:48.000,09:56:06.000,18,3900
2026-09-15,2026-09-15,0,Validation,263,09:56:06.000,09:56:23.000,17,2860
2026-09-15,2026-09-15,0,Validation,264,09:56:23.000,09:56:33.000,10,3770
2026-09-15,2026-09-15,0,Validation,265,09:56:33.000,09:56:40.000,7,2795
2026-09-15,2026-09-15,0,Validation,266,09:56:40.000,09:56:48.000,8,3315
2026-09-15,2026-09-15,0,Validation,267,09:56:48.000,09:57:01.000,13,3055
2026-09-15,2026-09-15,0,Validation,268,09:57:01.000,09:57:03.000,2,5850
2026-09-15,2026-09-15,0,Validation,269,09:57:03.000,09:57:03.000,0,3250
2026-09-15,2026-09-15,0,Validation,270,09:57:04.000,09:57:10.000,6,6890
2026-09-15,2026-09-15,0,Validation,271,09:57:10.000,09:57:10.000,0,4290
2026-09-15,2026-09-15,0,Validation,272,09:57:10.000,09:57:15.000,5,2665
2026-09-15,2026-09-15,0,Validation,273,09:57:15.000,09:57:31.000,16,2730
2026-09-15,2026-09-15,0,Validation,274,09:57:31.000,09:57:36.000,5,2600
2026-09-15,2026-09-15,0,Validation,275,09:57:36.000,09:57:58.000,22,2925
2026-09-15,2026-09-15,0,Validation,276,09:57:58.000,09:58:10.000,12,2860
2026-09-15,2026-09-15,0,Validation,277,09:58:10.000,09:58:20.000,10,2600
2026-09-15,2026-09-15,0,Validation,278,09:58:20.000,09:58:31.000,11,3185
2026-09-15,2026-09-15,0,Validation,279,09:58:31.000,09:58:39.000,8,2600
2026-09-15,2026-09-15,0,Validation,280,09:58:39.000,09:58:51.000,12,2925
2026-09-15,2026-09-15,0,Validation,281,09:58:51.000,09:59:03.000,12,2795
2026-09-15,2026-09-15,0,Validation,282,09:59:03.000,09:59:08.000,5,2860
2026-09-15,2026-09-15,0,Validation,283,09:59:08.000,09:59:14.000,6,2860
2026-09-15,2026-09-15,0,Validation,284,09:59:14.000,09:59:34.000,20,2990
2026-09-15,2026-09-15,0,Validation,285,09:59:34.000,09:59:36.000,2,2925
2026-09-15,2026-09-15,0,Validation,286,09:59:36.000,09:59:43.000,7,2925
2026-09-15,2026-09-15,0,Validation,287,09:59:43.000,09:59:51.000,8,2730
2026-09-15,2026-09-15,0,Validation,288,09:59:51.000,10:00:19.000,28,2665
2026-09-15,2026-09-15,0,Validation,289,10:00:19.000,10:00:37.000,18,2795
2026-09-15,2026-09-15,0,Validation,290,10:00:37.000,10:00:44.000,7,9295
2026-09-15,2026-09-15,0,Validation,291,10:00:44.000,10:00:44.000,0,6695
2026-09-15,2026-09-15,0,Validation,292,10:00:44.000,10:00:44.000,0,4095
2026-09-15,2026-09-15,0,Validation,293,10:00:44.000,10:01:08.000,24,2600
2026-09-15,2026-09-15,0,Validation,294,10:01:08.000,10:01:43.000,35,2600
2026-09-15,2026-09-15,0,Validation,295,10:01:43.000,10:01:53.000,10,3380
2026-09-15,2026-09-15,0,Validation,296,10:01:53.000,10:01:55.000,2,3705
2026-09-15,2026-09-15,0,Validation,297,10:01:55.000,10:02:06.000,11,5980
2026-09-15,2026-09-15,0,Validation,298,10:02:06.000,10:02:06.000,0,3380
2026-09-15,2026-09-15,0,Validation,299,10:02:07.000,10:02:10.000,3,3835
2026-09-15,2026-09-15,0,Validation,300,10:02:10.000,10:02:18.000,8,3575
2026-09-15,2026-09-15,0,Validation,301,10:02:18.000,10:02:46.000,28,4940
2026-09-15,2026-09-15,0,Validation,302,10:02:46.000,10:02:52.000,6,2665
2026-09-15,2026-09-15,0,Validation,303,10:02:52.000,10:03:17.000,25,4095
2026-09-15,2026-09-15,0,Validation,304,10:03:17.000,10:03:19.000,2,3965
2026-09-15,2026-09-15,0,Validation,305,10:03:19.000,10:03:22.000,3,3185
2026-09-15,2026-09-15,0,Validation,306,10:03:22.000,10:03:24.000,2,5395
2026-09-15,2026-09-15,0,Validation,307,10:03:24.000,10:03:24.000,0,2795
2026-09-15,2026-09-15,0,Validation,308,10:03:24.000,10:03:27.000,3,9620
2026-09-15,2026-09-15,0,Validation,309,10:03:27.000,10:03:27.000,0,7020
2026-09-15,2026-09-15,0,Validation,310,10:03:29.000,10:03:29.000,0,5200
2026-09-15,2026-09-15,0,Validation,311,10:03:29.000,10:03:29.000,0,2600
2026-09-15,2026-09-15,0,Validation,312,10:03:30.000,10:03:32.000,2,3575
2026-09-15,2026-09-15,0,Validation,313,10:03:32.000,10:03:34.000,2,7865
2026-09-15,2026-09-15,0,Validation,314,10:03:34.000,10:03:34.000,0,5265
2026-09-15,2026-09-15,0,Validation,315,10:03:35.000,10:03:35.000,0,5980
2026-09-15,2026-09-15,0,Validation,316,10:03:35.000,10:03:35.000,0,3380
2026-09-15,2026-09-15,0,Validation,317,10:03:36.000,10:03:44.000,8,3315
2026-09-15,2026-09-15,0,Validation,318,10:03:44.000,10:03:52.000,8,9100
2026-09-15,2026-09-15,0,Validation,319,10:03:52.000,10:03:52.000,0,6500
2026-09-15,2026-09-15,0,Validation,320,10:03:52.000,10:03:52.000,0,3900
2026-09-15,2026-09-15,0,Validation,321,10:03:52.000,10:03:54.000,2,7150
2026-09-15,2026-09-15,0,Validation,322,10:03:54.000,10:03:54.000,0,4550
2026-09-15,2026-09-15,0,Validation,323,10:03:54.000,10:03:55.000,1,11180
2026-09-15,2026-09-15,0,Validation,324,10:03:55.000,10:03:55.000,0,8580
2026-09-15,2026-09-15,0,Validation,325,10:03:56.000,10:03:56.000,0,5980
2026-09-15,2026-09-15,0,Validation,326,10:03:56.000,10:03:56.000,0,3380
2026-09-15,2026-09-15,0,Validation,327,10:03:57.000,10:03:57.000,0,15275
2026-09-15,2026-09-15,0,Validation,328,10:03:57.000,10:03:57.000,0,12675
2026-09-15,2026-09-15,0,Validation,329,10:03:59.000,10:03:59.000,0,10140
2026-09-15,2026-09-15,0,Validation,330,10:03:59.000,10:03:59.000,0,7540
2026-09-15,2026-09-15,0,Validation,331,10:04:00.000,10:04:00.000,0,4940
2026-09-15,2026-09-15,0,Validation,332,10:04:00.000,10:04:14.000,14,2860
2026-09-15,2026-09-15,0,Validation,333,10:04:14.000,10:04:22.000,8,3575
2026-09-15,2026-09-15,0,Validation,334,10:04:22.000,10:04:25.000,3,2990
2026-09-15,2026-09-15,0,Validation,335,10:04:25.000,10:04:27.000,2,2730
2026-09-15,2026-09-15,0,Validation,336,10:04:27.000,10:04:32.000,5,4875
2026-09-15,2026-09-15,0,Validation,337,10:04:32.000,10:04:34.000,2,4420
2026-09-15,2026-09-15,0,Validation,338,10:04:34.000,10:04:35.000,1,5590
2026-09-15,2026-09-15,0,Validation,339,10:04:35.000,10:04:35.000,0,2990
2026-09-15,2026-09-15,0,Validation,340,10:04:35.000,10:04:40.000,5,4940
2026-09-15,2026-09-15,0,Validation,341,10:04:40.000,10:04:42.000,2,4225
2026-09-15,2026-09-15,0,Validation,342,10:04:42.000,10:04:44.000,2,3250
2026-09-15,2026-09-15,0,Validation,343,10:04:44.000,10:05:08.000,24,3510
2026-09-15,2026-09-15,0,Validation,344,10:05:08.000,10:05:10.000,2,4355
2026-09-15,2026-09-15,0,Validation,345,10:05:10.000,10:05:15.000,5,2860
2026-09-15,2026-09-15,0,Validation,346,10:05:15.000,10:05:20.000,5,3055
2026-09-15,2026-09-15,0,Validation,347,10:05:20.000,10:05:22.000,2,2730
2026-09-15,2026-09-15,0,Validation,348,10:05:22.000,10:05:50.000,28,7540
2026-09-15,2026-09-15,0,Validation,349,10:05:50.000,10:05:50.000,0,4940
2026-09-15,2026-09-15,0,Validation,350,10:05:52.000,10:05:57.000,5,2600
2026-09-15,2026-09-15,0,Validation,351,10:05:57.000,10:06:05.000,8,6175
2026-09-15,2026-09-15,0,Validation,352,10:06:05.000,10:06:05.000,0,3575
2026-09-15,2026-09-15,0,Validation,353,10:06:06.000,10:06:07.000,1,3510
2026-09-15,2026-09-15,0,Validation,354,10:06:07.000,10:06:12.000,5,4290
2026-09-15,2026-09-15,0,Validation,355,10:06:12.000,10:06:13.000,1,2860
2026-09-15,2026-09-15,0,Validation,356,10:06:13.000,10:06:17.000,4,3250
2026-09-15,2026-09-15,0,Validation,357,10:06:17.000,10:06:20.000,3,2665
2026-09-15,2026-09-15,0,Validation,358,10:06:20.000,10:06:28.000,8,3250
2026-09-15,2026-09-15,0,Validation,359,10:06:28.000,10:06:35.000,7,8450
2026-09-15,2026-09-15,0,Validation,360,10:06:35.000,10:06:35.000,0,5850
2026-09-15,2026-09-15,0,Validation,361,10:06:36.000,10:06:36.000,0,3250
2026-09-15,2026-09-15,0,Validation,362,10:06:36.000,10:06:37.000,1,3445
2026-09-15,2026-09-15,0,Validation,363,10:06:37.000,10:06:38.000,1,2795
2026-09-15,2026-09-15,0,Validation,364,10:06:38.000,10:06:42.000,4,3770
2026-09-15,2026-09-15,0,Validation,365,10:06:42.000,10:06:43.000,1,4745
2026-09-15,2026-09-15,0,Validation,366,10:06:43.000,10:06:45.000,2,4095
2026-09-15,2026-09-15,0,Validation,367,10:06:45.000,10:06:47.000,2,4485
2026-09-15,2026-09-15,0,Validation,368,10:06:47.000,10:06:48.000,1,4940
2026-09-15,2026-09-15,0,Validation,369,10:06:48.000,10:06:50.000,2,3510
2026-09-15,2026-09-15,0,Validation,370,10:06:50.000,10:07:02.000,12,2665
2026-09-15,2026-09-15,0,Validation,371,10:07:02.000,10:07:15.000,13,2730
2026-09-15,2026-09-15,0,Validation,372,10:07:15.000,10:07:28.000,13,4225
2026-09-15,2026-09-15,0,Validation,373,10:07:28.000,10:07:31.000,3,3055
2026-09-15,2026-09-15,0,Validation,374,10:07:31.000,10:07:33.000,2,4290
2026-09-15,2026-09-15,0,Validation,375,10:07:33.000,10:07:35.000,2,2925
2026-09-15,2026-09-15,0,Validation,376,10:07:35.000,10:07:41.000,6,2795
2026-09-15,2026-09-15,0,Validation,377,10:07:41.000,10:07:48.000,7,2860
2026-09-15,2026-09-15,0,Validation,378,10:07:48.000,10:08:08.000,20,2795
2026-09-15,2026-09-15,0,Validation,379,10:08:08.000,10:08:15.000,7,3380
2026-09-15,2026-09-15,0,Validation,380,10:08:15.000,10:08:38.000,23,2600
2026-09-15,2026-09-15,0,Validation,381,10:08:38.000,10:09:29.000,51,2795
2026-09-15,2026-09-15,0,Validation,382,10:09:29.000,10:10:24.000,55,2730
2026-09-15,2026-09-15,0,Validation,383,10:10:24.000,10:11:06.000,42,7540
2026-09-15,2026-09-15,0,Validation,384,10:11:06.000,10:11:06.000,0,4940
2026-09-15,2026-09-15,0,Validation,385,10:11:08.000,10:11:11.000,3,2730
2026-09-15,2026-09-15,0,Validation,386,10:11:11.000,10:11:34.000,23,2600
2026-09-15,2026-09-15,0,Validation,387,10:11:34.000,10:11:56.000,22,5590
2026-09-15,2026-09-15,0,Validation,388,10:11:56.000,10:11:56.000,0,2990
2026-09-15,2026-09-15,0,Validation,389,10:11:57.000,10:12:37.000,40,2990
2026-09-15,2026-09-15,0,Validation,390,10:12:37.000,10:12:48.000,11,4290
2026-09-15,2026-09-15,0,Validation,391,10:12:48.000,10:13:06.000,18,3640
2026-09-15,2026-09-15,0,Validation,392,10:13:06.000,10:13:15.000,9,2990
2026-09-15,2026-09-15,0,Validation,393,10:13:15.000,10:13:53.000,38,3575
2026-09-15,2026-09-15,0,Validation,394,10:13:53.000,10:14:01.000,8,3120
2026-09-15,2026-09-15,0,Validation,395,10:14:01.000,10:14:26.000,25,2730
2026-09-15,2026-09-15,0,Validation,396,10:14:26.000,10:14:55.000,29,2795
2026-09-15,2026-09-15,0,Validation,397,10:14:55.000,10:15:23.000,28,2795
2026-09-15,2026-09-15,0,Validation,398,10:15:23.000,10:16:15.000,52,3250
2026-09-15,2026-09-15,0,Validation,399,10:16:15.000,10:17:42.000,87,2990
2026-09-15,2026-09-15,0,Validation,400,10:17:42.000,10:18:28.000,46,3185
2026-09-15,2026-09-15,0,Validation,401,10:18:28.000,10:19:10.000,42,2665
2026-09-15,2026-09-15,0,Validation,402,10:19:10.000,10:21:00.000,110,2665
2026-09-15,2026-09-15,0,Validation,403,10:21:00.000,10:22:01.000,61,2730
2026-09-15,2026-09-15,0,Validation,404,10:22:01.000,10:22:31.000,30,6045
2026-09-15,2026-09-15,0,Validation,405,10:22:31.000,10:22:31.000,0,3445
2026-09-15,2026-09-15,0,Validation,406,10:22:32.000,10:23:04.000,32,2925
2026-09-15,2026-09-15,0,Validation,407,10:23:04.000,10:23:49.000,45,2665
2026-09-15,2026-09-15,0,Validation,408,10:23:49.000,10:24:33.000,44,3055
2026-09-15,2026-09-15,0,Validation,409,10:24:33.000,10:25:16.000,43,4355
2026-09-15,2026-09-15,0,Validation,410,10:25:16.000,10:25:21.000,5,2665
2026-09-15,2026-09-15,0,Validation,411,10:25:21.000,10:25:26.000,5,3575
2026-09-15,2026-09-15,0,Validation,412,10:25:26.000,10:25:34.000,8,2730
2026-09-15,2026-09-15,0,Validation,413,10:25:34.000,10:25:51.000,17,3315
2026-09-15,2026-09-15,0,Validation,414,10:25:51.000,10:25:58.000,7,3640
2026-09-15,2026-09-15,0,Validation,415,10:25:58.000,10:26:09.000,11,3250
2026-09-15,2026-09-15,0,Validation,416,10:26:09.000,10:26:28.000,19,2860
2026-09-15,2026-09-15,0,Validation,417,10:26:28.000,10:26:43.000,15,3185
2026-09-15,2026-09-15,0,Validation,418,10:26:43.000,10:26:53.000,10,2860
2026-09-15,2026-09-15,0,Validation,419,10:26:53.000,10:27:14.000,21,3250
2026-09-15,2026-09-15,0,Validation,420,10:27:14.000,10:28:45.000,91,2665
2026-09-15,2026-09-15,0,Validation,421,10:28:45.000,10:29:13.000,28,2600
2026-09-15,2026-09-15,0,Validation,422,10:29:13.000,10:29:48.000,35,2600
2026-09-15,2026-09-15,0,Validation,423,10:29:48.000,10:29:56.000,8,4030
2026-09-15,2026-09-15,0,Validation,424,10:29:56.000,10:30:03.000,7,3185
2026-09-15,2026-09-15,0,Validation,425,10:30:03.000,10:30:05.000,2,4030
2026-09-15,2026-09-15,0,Validation,426,10:30:05.000,10:30:08.000,3,5135
2026-09-15,2026-09-15,0,Validation,427,10:30:08.000,10:30:10.000,2,2600
2026-09-15,2026-09-15,0,Validation,428,10:30:10.000,10:30:11.000,1,3835
2026-09-15,2026-09-15,0,Validation,429,10:30:11.000,10:30:13.000,2,4160
2026-09-15,2026-09-15,0,Validation,430,10:30:13.000,10:30:23.000,10,2665
2026-09-15,2026-09-15,0,Validation,431,10:30:23.000,10:30:25.000,2,2860
2026-09-15,2026-09-15,0,Validation,432,10:30:25.000,10:30:38.000,13,2990
2026-09-15,2026-09-15,0,Validation,433,10:30:38.000,10:31:00.000,22,2665
2026-09-15,2026-09-15,0,Validation,434,10:31:00.000,10:31:48.000,48,2600
2026-09-15,2026-09-15,0,Validation,435,10:31:48.000,10:32:22.000,34,2600
2026-09-15,2026-09-15,0,Validation,436,10:32:22.000,10:33:39.000,77,2665
2026-09-15,2026-09-15,0,Validation,437,10:33:39.000,10:35:15.000,96,3120
2026-09-15,2026-09-15,0,Validation,438,10:35:15.000,10:37:05.000,110,2665
2026-09-15,2026-09-15,0,Validation,439,10:37:05.000,10:37:48.000,43,2730
2026-09-15,2026-09-15,0,Validation,440,10:37:48.000,10:39:05.000,77,2600
2026-09-15,2026-09-15,0,Validation,441,10:39:05.000,10:40:10.000,65,3575
2026-09-15,2026-09-15,0,Validation,442,10:40:10.000,10:40:41.000,31,2665
2026-09-15,2026-09-15,0,Validation,443,10:40:41.000,10:41:21.000,40,2990
2026-09-15,2026-09-15,0,Validation,444,10:41:21.000,10:42:14.000,53,2665
2026-09-15,2026-09-15,0,Validation,445,10:42:14.000,10:43:01.000,47,2600
2026-09-15,2026-09-15,0,Validation,446,10:43:01.000,10:43:13.000,12,2665
2026-09-15,2026-09-15,0,Validation,447,10:43:13.000,10:43:19.000,6,2730
2026-09-15,2026-09-15,0,Validation,448,10:43:19.000,10:43:37.000,18,4225
2026-09-15,2026-09-15,0,Validation,449,10:43:37.000,10:43:49.000,12,4290
2026-09-15,2026-09-15,0,Validation,450,10:43:49.000,10:44:12.000,23,2665
2026-09-15,2026-09-15,0,Validation,451,10:44:12.000,10:44:57.000,45,2730
2026-09-15,2026-09-15,0,Validation,452,10:44:57.000,10:45:29.000,32,2730
2026-09-15,2026-09-15,0,Validation,453,10:45:29.000,10:46:42.000,73,7475
2026-09-15,2026-09-15,0,Validation,454,10:46:42.000,10:46:42.000,0,4875
2026-09-15,2026-09-15,0,Validation,455,10:46:42.000,10:46:44.000,2,5200
2026-09-15,2026-09-15,0,Validation,456,10:46:44.000,10:46:44.000,0,2600
2026-09-15,2026-09-15,0,Validation,457,10:46:44.000,10:46:54.000,10,3965
2026-09-15,2026-09-15,0,Validation,458,10:46:54.000,10:46:57.000,3,3705
2026-09-15,2026-09-15,0,Validation,459,10:46:57.000,10:47:05.000,8,3185
2026-09-15,2026-09-15,0,Validation,460,10:47:05.000,10:47:17.000,12,3315
2026-09-15,2026-09-15,0,Validation,461,10:47:17.000,10:48:12.000,55,2600
2026-09-15,2026-09-15,0,Validation,462,10:48:12.000,10:49:20.000,68,2600
2026-09-15,2026-09-15,0,Validation,463,10:49:20.000,10:50:00.000,40,2600
2026-09-15,2026-09-15,0,Validation,464,10:50:00.000,10:50:48.000,48,3120
2026-09-15,2026-09-15,0,Validation,465,10:50:48.000,10:50:55.000,7,3250
2026-09-15,2026-09-15,0,Validation,466,10:50:55.000,10:51:08.000,13,2600
2026-09-15,2026-09-15,0,Validation,467,10:51:08.000,10:51:51.000,43,2990
2026-09-15,2026-09-15,0,Validation,468,10:51:51.000,10:52:10.000,19,3900
2026-09-15,2026-09-15,0,Validation,469,10:52:10.000,10:52:24.000,14,3250
2026-09-15,2026-09-15,0,Validation,470,10:52:24.000,10:53:12.000,48,10140
2026-09-15,2026-09-15,0,Validation,471,10:53:12.000,10:53:12.000,0,7540
2026-09-15,2026-09-15,0,Validation,472,10:53:12.000,10:53:12.000,0,4940
2026-09-15,2026-09-15,0,Validation,473,10:53:12.000,10:53:14.000,2,3055
2026-09-15,2026-09-15,0,Validation,474,10:53:14.000,10:53:59.000,45,4095
2026-09-15,2026-09-15,0,Validation,475,10:53:59.000,10:54:39.000,40,2990
2026-09-15,2026-09-15,0,Validation,476,10:54:39.000,10:55:15.000,36,2795
2026-09-15,2026-09-15,0,Validation,477,10:55:15.000,10:56:29.000,74,2600
2026-09-15,2026-09-15,0,Validation,478,10:56:29.000,10:57:14.000,45,2665
2026-09-15,2026-09-15,0,Validation,479,10:57:14.000,10:58:24.000,70,3835
2026-09-15,2026-09-15,0,Validation,480,10:58:24.000,10:58:28.000,4,2925
2026-09-15,2026-09-15,0,Validation,481,10:58:28.000,10:59:12.000,44,2795
2026-09-15,2026-09-15,0,Validation,482,10:59:12.000,10:59:42.000,30,2665
2026-09-15,2026-09-15,0,Validation,483,10:59:42.000,11:00:54.000,72,2600
2026-09-15,2026-09-15,0,Validation,484,11:00:54.000,11:01:25.000,31,2925
2026-09-15,2026-09-15,0,Validation,485,11:01:25.000,11:01:50.000,25,2730
2026-09-15,2026-09-15,0,Validation,486,11:01:50.000,11:02:26.000,36,2600
2026-09-15,2026-09-15,0,Validation,487,11:02:26.000,11:02:55.000,29,2600
2026-09-15,2026-09-15,0,Validation,488,11:02:55.000,11:03:22.000,27,3900
2026-09-15,2026-09-15,0,Validation,489,11:03:22.000,11:03:40.000,18,2600
2026-09-15,2026-09-15,0,Validation,490,11:03:40.000,11:04:04.000,24,2600
2026-09-15,2026-09-15,0,Validation,491,11:04:04.000,11:04:22.000,18,3965
2026-09-15,2026-09-15,0,Validation,492,11:04:22.000,11:04:31.000,9,3185
2026-09-15,2026-09-15,0,Validation,493,11:04:31.000,11:04:39.000,8,5200
2026-09-15,2026-09-15,0,Validation,494,11:04:39.000,11:04:39.000,0,2600
2026-09-15,2026-09-15,0,Validation,495,11:04:40.000,11:04:48.000,8,3055
2026-09-15,2026-09-15,0,Validation,496,11:04:48.000,11:04:58.000,10,4160
2026-09-15,2026-09-15,0,Validation,497,11:04:58.000,11:05:03.000,5,3510
2026-09-15,2026-09-15,0,Validation,498,11:05:03.000,11:05:08.000,5,3055
2026-09-15,2026-09-15,0,Validation,499,11:05:08.000,11:05:28.000,20,4095
2026-09-15,2026-09-15,0,Validation,500,11:05:28.000,11:05:29.000,1,2795
2026-09-15,2026-09-15,0,Validation,501,11:05:29.000,11:05:47.000,18,3315
2026-09-15,2026-09-15,0,Validation,502,11:05:47.000,11:06:10.000,23,2795
2026-09-15,2026-09-15,0,Validation,503,11:06:10.000,11:07:05.000,55,2665
2026-09-15,2026-09-15,0,Validation,504,11:07:05.000,11:07:40.000,35,2795
2026-09-15,2026-09-15,0,Validation,505,11:07:40.000,11:08:00.000,20,2600
2026-09-15,2026-09-15,0,Validation,506,11:08:00.000,11:08:24.000,24,2665
2026-09-15,2026-09-15,0,Validation,507,11:08:24.000,11:09:31.000,67,2600
2026-09-15,2026-09-15,0,Validation,508,11:09:31.000,11:10:08.000,37,2600
2026-09-15,2026-09-15,0,Validation,509,11:10:08.000,11:10:24.000,16,2665
2026-09-15,2026-09-15,0,Validation,510,11:10:24.000,11:11:04.000,40,2730
2026-09-15,2026-09-15,0,Validation,511,11:11:04.000,11:11:07.000,3,4095
2026-09-15,2026-09-15,0,Validation,512,11:11:07.000,11:11:42.000,35,2600
2026-09-15,2026-09-15,0,Validation,513,11:11:42.000,11:12:25.000,43,2730
2026-09-15,2026-09-15,0,Validation,514,11:12:25.000,11:14:05.000,100,2665
2026-09-15,2026-09-15,0,Validation,515,11:14:05.000,11:14:23.000,18,2730
2026-09-15,2026-09-15,0,Validation,516,11:14:23.000,11:15:15.000,52,2795
2026-09-15,2026-09-15,0,Validation,517,11:15:15.000,11:16:19.000,64,2990
2026-09-15,2026-09-15,0,Validation,518,11:16:19.000,11:17:37.000,78,2600
2026-09-15,2026-09-15,0,Validation,519,11:17:37.000,11:18:38.000,61,3315
2026-09-15,2026-09-15,0,Validation,520,11:18:38.000,11:19:06.000,28,3900
2026-09-15,2026-09-15,0,Validation,521,11:19:06.000,11:19:45.000,39,2600
2026-09-15,2026-09-15,0,Validation,522,11:19:45.000,11:20:20.000,35,3315
2026-09-15,2026-09-15,0,Validation,523,11:20:20.000,11:21:07.000,47,3510
2026-09-15,2026-09-15,0,Validation,524,11:21:07.000,11:22:03.000,56,2665
2026-09-15,2026-09-15,0,Validation,525,11:22:03.000,11:23:01.000,58,2600
2026-09-15,2026-09-15,0,Validation,526,11:23:01.000,11:23:38.000,37,2925
2026-09-15,2026-09-15,0,Validation,527,11:23:38.000,11:24:32.000,54,2600
2026-09-15,2026-09-15,0,Validation,528,11:24:32.000,11:25:12.000,40,4875
2026-09-15,2026-09-15,0,Validation,529,11:25:12.000,11:25:23.000,11,2860
2026-09-15,2026-09-15,0,Validation,530,11:25:23.000,11:26:12.000,49,2665
2026-09-15,2026-09-15,0,Validation,531,11:26:12.000,11:27:00.000,48,2600
2026-09-15,2026-09-15,0,Validation,532,11:27:00.000,11:28:36.000,96,2795
2026-09-15,2026-09-15,0,Validation,533,11:28:36.000,11:29:04.000,28,2665
2026-09-15,2026-09-15,0,Validation,534,11:29:04.000,11:29:29.000,25,2665
2026-09-15,2026-09-15,0,Validation,535,11:29:29.000,11:30:16.000,47,2730
2026-09-15,2026-09-15,0,Validation,536,11:30:16.000,11:30:44.000,28,2600
2026-09-15,2026-09-15,0,Validation,537,11:30:44.000,11:31:30.000,46,3185
2026-09-15,2026-09-15,0,Validation,538,11:31:30.000,11:31:50.000,20,3120
2026-09-15,2026-09-15,0,Validation,539,11:31:50.000,11:32:34.000,44,2795
2026-09-15,2026-09-15,0,Validation,540,11:32:34.000,11:32:52.000,18,2730
2026-09-15,2026-09-15,0,Validation,541,11:32:52.000,11:34:17.000,85,2990
2026-09-15,2026-09-15,0,Validation,542,11:34:17.000,11:35:09.000,52,2795
2026-09-15,2026-09-15,0,Validation,543,11:35:09.000,11:35:56.000,47,2665
2026-09-15,2026-09-15,0,Validation,544,11:35:56.000,11:36:39.000,43,5005
2026-09-15,2026-09-15,0,Validation,545,11:36:39.000,11:36:41.000,2,2600
2026-09-15,2026-09-15,0,Validation,546,11:36:41.000,11:37:41.000,60,2600
2026-09-15,2026-09-15,0,Validation,547,11:37:41.000,11:37:56.000,15,3055
2026-09-15,2026-09-15,0,Validation,548,11:37:56.000,11:38:09.000,13,2990
2026-09-15,2026-09-15,0,Validation,549,11:38:09.000,11:38:57.000,48,2730
2026-09-15,2026-09-15,0,Validation,550,11:38:57.000,11:39:26.000,29,2795
2026-09-15,2026-09-15,0,Validation,551,11:39:26.000,11:40:13.000,47,2600
2026-09-15,2026-09-15,0,Validation,552,11:40:13.000,11:40:19.000,6,3055
2026-09-15,2026-09-15,0,Validation,553,11:40:19.000,11:41:04.000,45,3120
2026-09-15,2026-09-15,0,Validation,554,11:41:04.000,11:41:07.000,3,3185
2026-09-15,2026-09-15,0,Validation,555,11:41:07.000,11:41:09.000,2,3055
2026-09-15,2026-09-15,0,Validation,556,11:41:09.000,11:41:15.000,6,3575
2026-09-15,2026-09-15,0,Validation,557,11:41:15.000,11:41:32.000,17,3250
2026-09-15,2026-09-15,0,Validation,558,11:41:32.000,11:41:50.000,18,2730
2026-09-15,2026-09-15,0,Validation,559,11:41:50.000,11:42:11.000,21,3250
2026-09-15,2026-09-15,0,Validation,560,11:42:11.000,11:42:21.000,10,2990
2026-09-15,2026-09-15,0,Validation,561,11:42:21.000,11:42:24.000,3,2990
2026-09-15,2026-09-15,0,Validation,562,11:42:24.000,11:42:29.000,5,2925
2026-09-15,2026-09-15,0,Validation,563,11:42:29.000,11:42:39.000,10,4290
2026-09-15,2026-09-15,0,Validation,564,11:42:39.000,11:42:44.000,5,2665
2026-09-15,2026-09-15,0,Validation,565,11:42:44.000,11:42:59.000,15,3705
2026-09-15,2026-09-15,0,Validation,566,11:42:59.000,11:43:01.000,2,3185
2026-09-15,2026-09-15,0,Validation,567,11:43:01.000,11:43:04.000,3,3900
2026-09-15,2026-09-15,0,Validation,568,11:43:04.000,11:43:11.000,7,3250
2026-09-15,2026-09-15,0,Validation,569,11:43:11.000,11:43:14.000,3,3770
2026-09-15,2026-09-15,0,Validation,570,11:43:14.000,11:43:24.000,10,9620
2026-09-15,2026-09-15,0,Validation,571,11:43:24.000,11:43:24.000,0,7020
2026-09-15,2026-09-15,0,Validation,572,11:43:26.000,11:43:26.000,0,4615
2026-09-15,2026-09-15,0,Validation,573,11:43:26.000,11:43:34.000,8,2925
2026-09-15,2026-09-15,0,Validation,574,11:43:34.000,11:44:33.000,59,2730
2026-09-15,2026-09-15,0,Validation,575,11:44:33.000,11:46:25.000,112,3575
2026-09-15,2026-09-15,0,Validation,576,11:46:25.000,11:46:51.000,26,2730
2026-09-15,2026-09-15,0,Validation,577,11:46:51.000,11:47:25.000,34,2600
2026-09-15,2026-09-15,0,Validation,578,11:47:25.000,11:47:59.000,34,2860
2026-09-15,2026-09-15,0,Validation,579,11:47:59.000,11:49:26.000,87,3250
2026-09-15,2026-09-15,0,Validation,580,11:49:26.000,11:49:51.000,25,2600
2026-09-15,2026-09-15,0,Validation,581,11:49:51.000,11:50:06.000,15,2795
2026-09-15,2026-09-15,0,Validation,582,11:50:06.000,11:50:09.000,3,3315
2026-09-15,2026-09-15,0,Validation,583,11:50:09.000,11:50:11.000,2,3055
2026-09-15,2026-09-15,0,Validation,584,11:50:11.000,11:50:18.000,7,22620
2026-09-15,2026-09-15,0,Validation,585,11:50:18.000,11:50:18.000,0,20020
2026-09-15,2026-09-15,0,Validation,586,11:50:18.000,11:50:18.000,0,17420
2026-09-15,2026-09-15,0,Validation,587,11:50:18.000,11:50:18.000,0,14820
2026-09-15,2026-09-15,0,Validation,588,11:50:19.000,11:50:19.000,0,16640
2026-09-15,2026-09-15,0,Validation,589,11:50:19.000,11:50:19.000,0,14040
2026-09-15,2026-09-15,0,Validation,590,11:50:21.000,11:50:21.000,0,12025
2026-09-15,2026-09-15,0,Validation,591,11:50:21.000,11:50:21.000,0,9425
2026-09-15,2026-09-15,0,Validation,592,11:50:22.000,11:50:22.000,0,6825
2026-09-15,2026-09-15,0,Validation,593,11:50:22.000,11:50:22.000,0,4225
2026-09-15,2026-09-15,0,Validation,594,11:50:23.000,11:50:39.000,16,2730
2026-09-15,2026-09-15,0,Validation,595,11:50:39.000,11:50:46.000,7,2665
2026-09-15,2026-09-15,0,Validation,596,11:50:46.000,11:53:16.000,150,2600
2026-09-15,2026-09-15,0,Validation,597,11:53:16.000,11:54:13.000,57,2600
2026-09-15,2026-09-15,0,Validation,598,11:54:13.000,11:54:47.000,34,2990
2026-09-15,2026-09-15,0,Validation,599,11:54:47.000,11:55:02.000,15,3640
2026-09-15,2026-09-15,0,Validation,600,11:55:02.000,11:55:43.000,41,2990
2026-09-15,2026-09-15,0,Validation,601,11:55:43.000,11:56:27.000,44,2795
2026-09-15,2026-09-15,0,Validation,602,11:56:27.000,11:57:32.000,65,2730
2026-09-15,2026-09-15,0,Validation,603,11:57:32.000,11:58:26.000,54,3510
2026-09-15,2026-09-15,0,Validation,604,11:58:26.000,11:58:56.000,30,2600
2026-09-15,2026-09-15,0,Validation,605,11:58:56.000,11:59:56.000,60,3835
2026-09-15,2026-09-15,0,Validation,606,11:59:56.000,12:00:02.000,6,2990
2026-09-15,2026-09-15,0,Validation,607,12:00:02.000,12:00:28.000,26,2730
2026-09-15,2026-09-15,0,Validation,608,12:00:28.000,12:02:21.000,113,2665
2026-09-15,2026-09-15,0,Validation,609,12:02:21.000,12:02:46.000,25,2730
2026-09-15,2026-09-15,0,Validation,610,12:02:46.000,12:03:17.000,31,2600
2026-09-15,2026-09-15,0,Validation,611,12:03:17.000,12:04:14.000,57,3835
2026-09-15,2026-09-15,0,Validation,612,12:04:14.000,12:04:32.000,18,2600
2026-09-15,2026-09-15,0,Validation,613,12:04:32.000,12:05:31.000,59,2600
2026-09-15,2026-09-15,0,Validation,614,12:05:31.000,12:06:17.000,46,2860
2026-09-15,2026-09-15,0,Validation,615,12:06:17.000,12:06:39.000,22,2600
2026-09-15,2026-09-15,0,Validation,616,12:06:39.000,12:08:05.000,86,2600
2026-09-15,2026-09-15,0,Validation,617,12:08:05.000,12:08:56.000,51,3380
2026-09-15,2026-09-15,0,Validation,618,12:08:56.000,12:09:06.000,10,3315
2026-09-15,2026-09-15,0,Validation,619,12:09:06.000,12:10:00.000,54,2925
2026-09-15,2026-09-15,0,Validation,620,12:10:00.000,12:10:15.000,15,2730
2026-09-15,2026-09-15,0,Validation,621,12:10:15.000,12:10:18.000,3,3900
2026-09-15,2026-09-15,0,Validation,622,12:10:18.000,12:10:20.000,2,7150
2026-09-15,2026-09-15,0,Validation,623,12:10:20.000,12:10:20.000,0,4550
2026-09-15,2026-09-15,0,Validation,624,12:10:20.000,12:10:21.000,1,4095
2026-09-15,2026-09-15,0,Validation,625,12:10:21.000,12:10:23.000,2,4355
2026-09-15,2026-09-15,0,Validation,626,12:10:23.000,12:10:40.000,17,2860
2026-09-15,2026-09-15,0,Validation,627,12:10:40.000,12:11:30.000,50,2600
2026-09-15,2026-09-15,0,Validation,628,12:11:30.000,12:12:06.000,36,3055
2026-09-15,2026-09-15,0,Validation,629,12:12:06.000,12:12:47.000,41,2860
2026-09-15,2026-09-15,0,Validation,630,12:12:47.000,12:12:51.000,4,3705
2026-09-15,2026-09-15,0,Validation,631,12:12:51.000,12:12:58.000,7,2860
2026-09-15,2026-09-15,0,Validation,632,12:12:58.000,12:13:05.000,7,4030
2026-09-15,2026-09-15,0,Validation,633,12:13:05.000,12:13:08.000,3,3250
2026-09-15,2026-09-15,0,Validation,634,12:13:08.000,12:13:18.000,10,3705
2026-09-15,2026-09-15,0,Validation,635,12:13:18.000,12:13:33.000,15,2795
2026-09-15,2026-09-15,0,Validation,636,12:13:33.000,12:14:17.000,44,2665
2026-09-15,2026-09-15,0,Validation,637,12:14:17.000,12:15:20.000,63,2600
2026-09-15,2026-09-15,0,Validation,638,12:15:20.000,12:16:33.000,73,2730
2026-09-15,2026-09-15,0,Validation,639,12:16:33.000,12:17:02.000,29,7280
2026-09-15,2026-09-15,0,Validation,640,12:17:02.000,12:17:02.000,0,4680
2026-09-15,2026-09-15,0,Validation,641,12:17:02.000,12:17:04.000,2,6630
2026-09-15,2026-09-15,0,Validation,642,12:17:04.000,12:17:04.000,0,4030
2026-09-15,2026-09-15,0,Validation,643,12:17:05.000,12:17:28.000,23,2600
2026-09-15,2026-09-15,0,Validation,644,12:17:28.000,12:18:54.000,86,2600
2026-09-15,2026-09-15,0,Validation,645,12:18:54.000,12:22:11.000,197,2600
2026-09-15,2026-09-15,0,Validation,646,12:22:11.000,12:27:13.000,302,2600
2026-09-15,2026-09-15,0,Validation,647,12:27:13.000,12:28:47.000,94,4160
2026-09-15,2026-09-15,0,Validation,648,12:28:47.000,12:29:28.000,41,3705
2026-09-15,2026-09-15,0,Validation,649,12:29:28.000,12:30:15.000,47,2665
2026-09-15,2026-09-15,0,Validation,650,12:30:15.000,12:31:09.000,54,2600
2026-09-15,2026-09-15,0,Validation,651,12:31:09.000,12:31:32.000,23,2795
2026-09-15,2026-09-15,0,Validation,652,12:31:32.000,12:31:58.000,26,2860
2026-09-15,2026-09-15,0,Validation,653,12:31:58.000,12:32:20.000,22,2665
2026-09-15,2026-09-15,0,Validation,654,12:32:20.000,12:32:53.000,33,2730
2026-09-15,2026-09-15,0,Validation,655,12:32:53.000,12:33:25.000,32,2730
2026-09-15,2026-09-15,0,Validation,656,12:33:25.000,12:33:42.000,17,2730
2026-09-15,2026-09-15,0,Validation,657,12:33:42.000,12:34:40.000,58,3120
2026-09-15,2026-09-15,0,Validation,658,12:34:40.000,12:35:11.000,31,2600
2026-09-15,2026-09-15,0,Validation,659,12:35:11.000,12:37:19.000,128,2665
2026-09-15,2026-09-15,0,Validation,660,12:37:19.000,12:38:48.000,89,2600
2026-09-15,2026-09-15,0,Validation,661,12:38:48.000,12:42:44.000,236,2990
2026-09-15,2026-09-15,0,Validation,662,12:42:44.000,12:44:05.000,81,2730
2026-09-15,2026-09-15,0,Validation,663,12:44:05.000,12:45:04.000,59,2730
2026-09-15,2026-09-15,0,Validation,664,12:45:04.000,12:46:47.000,103,2600
2026-09-15,2026-09-15,0,Validation,665,12:46:47.000,12:48:33.000,106,3055
2026-09-15,2026-09-15,0,Validation,666,12:48:33.000,12:49:47.000,74,3835
2026-09-15,2026-09-15,0,Validation,667,12:49:47.000,12:50:08.000,21,2665
2026-09-15,2026-09-15,0,Validation,668,12:50:08.000,12:51:57.000,109,3445
2026-09-15,2026-09-15,0,Validation,669,12:51:57.000,12:52:12.000,15,4030
2026-09-15,2026-09-15,0,Validation,670,12:52:12.000,12:52:20.000,8,2730
2026-09-15,2026-09-15,0,Validation,671,12:52:20.000,12:54:08.000,108,3835
2026-09-15,2026-09-15,0,Validation,672,12:54:08.000,12:55:19.000,71,2600
2026-09-15,2026-09-15,0,Validation,673,12:55:19.000,12:55:44.000,25,3120
2026-09-15,2026-09-15,0,Validation,674,12:55:44.000,12:57:11.000,87,2730
2026-09-15,2026-09-15,0,Validation,675,12:57:11.000,12:58:26.000,75,4355
2026-09-15,2026-09-15,0,Validation,676,12:58:26.000,12:58:46.000,20,3445
2026-09-15,2026-09-15,0,Validation,677,12:58:46.000,12:58:53.000,7,8060
2026-09-15,2026-09-15,0,Validation,678,12:58:53.000,12:58:53.000,0,5460
2026-09-15,2026-09-15,0,Validation,679,12:58:53.000,12:58:53.000,0,2860
2026-09-15,2026-09-15,0,Validation,680,12:58:53.000,12:58:54.000,1,9100
2026-09-15,2026-09-15,0,Validation,681,12:58:54.000,12:58:54.000,0,6500
2026-09-15,2026-09-15,0,Validation,682,12:58:55.000,12:58:55.000,0,3900
2026-09-15,2026-09-15,0,Validation,683,12:58:55.000,12:59:09.000,14,2665
2026-09-15,2026-09-15,0,Validation,684,12:59:09.000,12:59:24.000,15,2665
2026-09-15,2026-09-15,0,Validation,685,12:59:24.000,13:00:09.000,45,3380
2026-09-15,2026-09-15,0,Validation,686,13:00:09.000,13:00:45.000,36,3120
2026-09-15,2026-09-15,0,Validation,687,13:00:45.000,13:01:07.000,22,4615
2026-09-15,2026-09-15,0,Validation,688,13:01:07.000,13:01:08.000,1,5850
2026-09-15,2026-09-15,0,Validation,689,13:01:08.000,13:01:08.000,0,3250
2026-09-15,2026-09-15,0,Validation,690,13:01:09.000,13:01:33.000,24,2925
2026-09-15,2026-09-15,0,Validation,691,13:01:33.000,13:01:43.000,10,3120
2026-09-15,2026-09-15,0,Validation,692,13:01:43.000,13:02:28.000,45,2730
2026-09-15,2026-09-15,0,Validation,693,13:02:28.000,13:03:11.000,43,23270
2026-09-15,2026-09-15,0,Validation,694,13:03:11.000,13:03:11.000,0,20670
2026-09-15,2026-09-15,0,Validation,695,13:03:12.000,13:03:12.000,0,18070
2026-09-15,2026-09-15,0,Validation,696,13:03:12.000,13:03:12.000,0,15470
2026-09-15,2026-09-15,0,Validation,697,13:03:13.000,13:03:13.000,0,13910
2026-09-15,2026-09-15,0,Validation,698,13:03:13.000,13:03:13.000,0,11310
2026-09-15,2026-09-15,0,Validation,699,13:03:15.000,13:03:15.000,0,9035
2026-09-15,2026-09-15,0,Validation,700,13:03:15.000,13:03:15.000,0,6435
2026-09-15,2026-09-15,0,Validation,701,13:03:16.000,13:03:16.000,0,3835
2026-09-15,2026-09-15,0,Validation,702,13:03:16.000,13:03:25.000,9,2600
2026-09-15,2026-09-15,0,Validation,703,13:03:25.000,13:03:59.000,34,2600
2026-09-15,2026-09-15,0,Validation,704,13:03:59.000,13:04:23.000,24,2990
2026-09-15,2026-09-15,0,Validation,705,13:04:23.000,13:05:19.000,56,3250
2026-09-15,2026-09-15,0,Validation,706,13:05:19.000,13:06:09.000,50,2730
2026-09-15,2026-09-15,0,Validation,707,13:06:09.000,13:07:24.000,75,2665
2026-09-15,2026-09-15,0,Validation,708,13:07:24.000,13:09:02.000,98,3965
2026-09-15,2026-09-15,0,Validation,709,13:09:02.000,13:09:59.000,57,2600
2026-09-15,2026-09-15,0,Validation,710,13:09:59.000,13:10:29.000,30,2600
2026-09-15,2026-09-15,0,Validation,711,13:10:29.000,13:11:07.000,38,2730
2026-09-15,2026-09-15,0,Validation,712,13:11:07.000,13:11:17.000,10,5200
2026-09-15,2026-09-15,0,Validation,713,13:11:17.000,13:11:17.000,0,2600
2026-09-15,2026-09-15,0,Validation,714,13:11:19.000,13:11:49.000,30,2665
2026-09-15,2026-09-15,0,Validation,715,13:11:49.000,13:11:52.000,3,2665
2026-09-15,2026-09-15,0,Validation,716,13:11:52.000,13:11:55.000,3,4290
2026-09-15,2026-09-15,0,Validation,717,13:11:55.000,13:12:04.000,9,2665
2026-09-15,2026-09-15,0,Validation,718,13:12:04.000,13:12:40.000,36,3445
2026-09-15,2026-09-15,0,Validation,719,13:12:40.000,13:12:47.000,7,3055
2026-09-15,2026-09-15,0,Validation,720,13:12:47.000,13:13:34.000,47,2730
2026-09-15,2026-09-15,0,Validation,721,13:13:34.000,13:14:18.000,44,3445
2026-09-15,2026-09-15,0,Validation,722,13:14:18.000,13:14:34.000,16,3250
2026-09-15,2026-09-15,0,Validation,723,13:14:34.000,13:15:08.000,34,3315
2026-09-15,2026-09-15,0,Validation,724,13:15:08.000,13:15:14.000,6,2990
2026-09-15,2026-09-15,0,Validation,725,13:15:14.000,13:15:45.000,31,3055
2026-09-15,2026-09-15,0,Validation,726,13:15:45.000,13:16:14.000,29,3705
2026-09-15,2026-09-15,0,Validation,727,13:16:14.000,13:16:34.000,20,3510
2026-09-15,2026-09-15,0,Validation,728,13:16:34.000,13:16:43.000,9,2860
2026-09-15,2026-09-15,0,Validation,729,13:16:43.000,13:16:53.000,10,2990
2026-09-15,2026-09-15,0,Validation,730,13:16:53.000,13:16:58.000,5,5395
2026-09-15,2026-09-15,0,Validation,731,13:16:58.000,13:16:58.000,0,2795
2026-09-15,2026-09-15,0,Validation,732,13:16:58.000,13:17:14.000,16,2990
2026-09-15,2026-09-15,0,Validation,733,13:17:14.000,13:17:28.000,14,2730
2026-09-15,2026-09-15,0,Validation,734,13:17:28.000,13:17:38.000,10,2665
2026-09-15,2026-09-15,0,Validation,735,13:17:38.000,13:17:48.000,10,2795
2026-09-15,2026-09-15,0,Validation,736,13:17:48.000,13:18:51.000,63,2990
2026-09-15,2026-09-15,0,Validation,737,13:18:51.000,13:18:56.000,5,2990
2026-09-15,2026-09-15,0,Validation,738,13:18:56.000,13:19:47.000,51,3120
2026-09-15,2026-09-15,0,Validation,739,13:19:47.000,13:20:35.000,48,2600
2026-09-15,2026-09-15,0,Validation,740,13:20:35.000,13:21:31.000,56,2665
2026-09-15,2026-09-15,0,Validation,741,13:21:31.000,13:22:21.000,50,2860
2026-09-15,2026-09-15,0,Validation,742,13:22:21.000,13:22:33.000,12,2665
2026-09-15,2026-09-15,0,Validation,743,13:22:33.000,13:22:54.000,21,2860
2026-09-15,2026-09-15,0,Validation,744,13:22:54.000,13:23:14.000,20,2990
2026-09-15,2026-09-15,0,Validation,745,13:23:14.000,13:23:45.000,31,2665
2026-09-15,2026-09-15,0,Validation,746,13:23:45.000,13:24:32.000,47,3770
2026-09-15,2026-09-15,0,Validation,747,13:24:32.000,13:25:01.000,29,3705
2026-09-15,2026-09-15,0,Validation,748,13:25:01.000,13:25:24.000,23,2990
2026-09-15,2026-09-15,0,Validation,749,13:25:24.000,13:26:03.000,39,3380
2026-09-15,2026-09-15,0,Validation,750,13:26:03.000,13:26:27.000,24,5525
2026-09-15,2026-09-15,0,Validation,751,13:26:27.000,13:26:27.000,0,2925
2026-09-15,2026-09-15,0,Validation,752,13:26:27.000,13:26:46.000,19,2730
2026-09-15,2026-09-15,0,Validation,753,13:26:46.000,13:27:23.000,37,3120
2026-09-15,2026-09-15,0,Validation,754,13:27:23.000,13:27:56.000,33,3965
2026-09-15,2026-09-15,0,Validation,755,13:27:56.000,13:28:09.000,13,2860
2026-09-15,2026-09-15,0,Validation,756,13:28:09.000,13:28:58.000,49,3575
2026-09-15,2026-09-15,0,Validation,757,13:28:58.000,13:29:22.000,24,3900
2026-09-15,2026-09-15,0,Validation,758,13:29:22.000,13:29:29.000,7,2600
2026-09-15,2026-09-15,0,Validation,759,13:29:29.000,13:30:36.000,67,2600
2026-09-15,2026-09-15,0,Validation,760,13:30:36.000,13:31:01.000,25,2795
2026-09-15,2026-09-15,0,Validation,761,13:31:01.000,13:31:06.000,5,2665
2026-09-15,2026-09-15,0,Validation,762,13:31:06.000,13:31:15.000,9,3120
2026-09-15,2026-09-15,0,Validation,763,13:31:15.000,13:31:31.000,16,2860
2026-09-15,2026-09-15,0,Validation,764,13:31:31.000,13:31:36.000,5,3120
2026-09-15,2026-09-15,0,Validation,765,13:31:36.000,13:31:40.000,4,4550
2026-09-15,2026-09-15,0,Validation,766,13:31:40.000,13:31:41.000,1,3640
2026-09-15,2026-09-15,0,Validation,767,13:31:41.000,13:31:46.000,5,2860
2026-09-15,2026-09-15,0,Validation,768,13:31:46.000,13:32:01.000,15,3380
2026-09-15,2026-09-15,0,Validation,769,13:32:01.000,13:32:16.000,15,2665
2026-09-15,2026-09-15,0,Validation,770,13:32:16.000,13:32:44.000,28,2795
2026-09-15,2026-09-15,0,Validation,771,13:32:44.000,13:32:56.000,12,2795
2026-09-15,2026-09-15,0,Validation,772,13:32:56.000,13:33:10.000,14,2665
2026-09-15,2026-09-15,0,Validation,773,13:33:10.000,13:33:17.000,7,3965
2026-09-15,2026-09-15,0,Validation,774,13:33:17.000,13:33:32.000,15,2600
2026-09-15,2026-09-15,0,Validation,775,13:33:32.000,13:34:00.000,28,3900
2026-09-15,2026-09-15,0,Validation,776,13:34:00.000,13:34:45.000,45,2860
2026-09-15,2026-09-15,0,Validation,777,13:34:45.000,13:35:29.000,44,3380
2026-09-15,2026-09-15,0,Validation,778,13:35:29.000,13:35:44.000,15,4550
2026-09-15,2026-09-15,0,Validation,779,13:35:44.000,13:36:04.000,20,2600
2026-09-15,2026-09-15,0,Validation,780,13:36:04.000,13:36:21.000,17,3510
2026-09-15,2026-09-15,0,Validation,781,13:36:21.000,13:36:58.000,37,2600
2026-09-15,2026-09-15,0,Validation,782,13:36:58.000,13:37:33.000,35,2600
2026-09-15,2026-09-15,0,Validation,783,13:37:33.000,13:38:28.000,55,3055
2026-09-15,2026-09-15,0,Validation,784,13:38:28.000,13:38:38.000,10,2990
2026-09-15,2026-09-15,0,Validation,785,13:38:38.000,13:38:58.000,20,3055
2026-09-15,2026-09-15,0,Validation,786,13:38:58.000,13:39:03.000,5,3185
2026-09-15,2026-09-15,0,Validation,787,13:39:03.000,13:39:32.000,29,2730
2026-09-15,2026-09-15,0,Validation,788,13:39:32.000,13:40:03.000,31,2665
2026-09-15,2026-09-15,0,Validation,789,13:40:03.000,13:40:42.000,39,2600
2026-09-15,2026-09-15,0,Validation,790,13:40:42.000,13:41:04.000,22,6955
2026-09-15,2026-09-15,0,Validation,791,13:41:04.000,13:41:04.000,0,4355
2026-09-15,2026-09-15,0,Validation,792,13:41:05.000,13:41:05.000,0,11050
2026-09-15,2026-09-15,0,Validation,793,13:41:05.000,13:41:05.000,0,8450
2026-09-15,2026-09-15,0,Validation,794,13:41:06.000,13:41:06.000,0,5850
2026-09-15,2026-09-15,0,Validation,795,13:41:06.000,13:41:06.000,0,3250
2026-09-15,2026-09-15,0,Validation,796,13:41:07.000,13:41:07.000,0,16315
2026-09-15,2026-09-15,0,Validation,797,13:41:07.000,13:41:07.000,0,13715
2026-09-15,2026-09-15,0,Validation,798,13:41:07.000,13:41:07.000,0,11115
2026-09-15,2026-09-15,0,Validation,799,13:41:07.000,13:41:07.000,0,8515
2026-09-15,2026-09-15,0,Validation,800,13:41:08.000,13:41:08.000,0,5915
2026-09-15,2026-09-15,0,Validation,801,13:41:08.000,13:41:08.000,0,3315
2026-09-15,2026-09-15,0,Validation,802,13:41:09.000,13:41:10.000,1,3185
2026-09-15,2026-09-15,0,Validation,803,13:41:10.000,13:41:17.000,7,2730
2026-09-15,2026-09-15,0,Validation,804,13:41:17.000,13:41:33.000,16,2860
2026-09-15,2026-09-15,0,Validation,805,13:41:33.000,13:41:38.000,5,2860
2026-09-15,2026-09-15,0,Validation,806,13:41:38.000,13:41:51.000,13,3965
2026-09-15,2026-09-15,0,Validation,807,13:41:51.000,13:42:15.000,24,2795
2026-09-15,2026-09-15,0,Validation,808,13:42:15.000,13:42:49.000,34,3445
2026-09-15,2026-09-15,0,Validation,809,13:42:49.000,13:42:53.000,4,3510
2026-09-15,2026-09-15,0,Validation,810,13:42:53.000,13:43:24.000,31,2665
2026-09-15,2026-09-15,0,Validation,811,13:43:24.000,13:43:45.000,21,2600
2026-09-15,2026-09-15,0,Validation,812,13:43:45.000,13:43:59.000,14,3120
2026-09-15,2026-09-15,0,Validation,813,13:43:59.000,13:44:29.000,30,2600
2026-09-15,2026-09-15,0,Validation,814,13:44:29.000,13:44:44.000,15,2795
2026-09-15,2026-09-15,0,Validation,815,13:44:44.000,13:45:18.000,34,3315
2026-09-15,2026-09-15,0,Validation,816,13:45:18.000,13:45:52.000,34,2795
2026-09-15,2026-09-15,0,Validation,817,13:45:52.000,13:46:34.000,42,2730
2026-09-15,2026-09-15,0,Validation,818,13:46:34.000,13:46:53.000,19,3965
2026-09-15,2026-09-15,0,Validation,819,13:46:53.000,13:47:11.000,18,2665
2026-09-15,2026-09-15,0,Validation,820,13:47:11.000,13:47:38.000,27,3380
2026-09-15,2026-09-15,0,Validation,821,13:47:38.000,13:47:48.000,10,3055
2026-09-15,2026-09-15,0,Validation,822,13:47:48.000,13:48:19.000,31,2990
2026-09-15,2026-09-15,0,Validation,823,13:48:19.000,13:49:07.000,48,2730
2026-09-15,2026-09-15,0,Validation,824,13:49:07.000,13:49:49.000,42,3575
2026-09-15,2026-09-15,0,Validation,825,13:49:49.000,13:50:00.000,11,2730
2026-09-15,2026-09-15,0,Validation,826,13:50:00.000,13:50:22.000,22,2795
2026-09-15,2026-09-15,0,Validation,827,13:50:22.000,13:51:05.000,43,2990
2026-09-15,2026-09-15,0,Validation,828,13:51:05.000,13:52:15.000,70,3185
2026-09-15,2026-09-15,0,Validation,829,13:52:15.000,13:52:51.000,36,2925
2026-09-15,2026-09-15,0,Validation,830,13:52:51.000,13:53:52.000,61,2665
2026-09-15,2026-09-15,0,Validation,831,13:53:52.000,13:54:38.000,46,2665
2026-09-15,2026-09-15,0,Validation,832,13:54:38.000,13:55:06.000,28,3575
2026-09-15,2026-09-15,0,Validation,833,13:55:06.000,13:55:57.000,51,2665
2026-09-15,2026-09-15,0,Validation,834,13:55:57.000,13:57:04.000,67,2860
2026-09-15,2026-09-15,0,Validation,835,13:57:04.000,13:58:06.000,62,3380
2026-09-15,2026-09-15,0,Validation,836,13:58:06.000,13:58:55.000,49,2600
2026-09-15,2026-09-15,0,Validation,837,13:58:55.000,13:59:06.000,11,2600
2026-09-15,2026-09-15,0,Validation,838,13:59:06.000,13:59:48.000,42,2665
2026-09-15,2026-09-15,0,Validation,839,13:59:48.000,14:00:00.000,12,3770
2026-09-15,2026-09-15,0,Validation,840,14:00:00.000,14:00:08.000,8,3835
2026-09-15,2026-09-15,0,Validation,841,14:00:08.000,14:00:52.000,44,2600
2026-09-15,2026-09-15,0,Validation,842,14:00:52.000,14:01:44.000,52,2600
2026-09-15,2026-09-15,0,Validation,843,14:01:44.000,14:02:43.000,59,3055
2026-09-15,2026-09-15,0,Validation,844,14:02:43.000,14:04:02.000,79,2730
2026-09-15,2026-09-15,0,Validation,845,14:04:02.000,14:05:06.000,64,3120
2026-09-15,2026-09-15,0,Validation,846,14:05:06.000,14:05:32.000,26,2925
2026-09-15,2026-09-15,0,Validation,847,14:05:32.000,14:07:03.000,91,2990
2026-09-15,2026-09-15,0,Validation,848,14:07:03.000,14:07:19.000,16,2730
2026-09-15,2026-09-15,0,Validation,849,14:07:19.000,14:08:09.000,50,2990
2026-09-15,2026-09-15,0,Validation,850,14:08:09.000,14:08:15.000,6,4225
2026-09-15,2026-09-15,0,Validation,851,14:08:15.000,14:08:25.000,10,3055
2026-09-15,2026-09-15,0,Validation,852,14:08:25.000,14:08:43.000,18,2665
2026-09-15,2026-09-15,0,Validation,853,14:08:43.000,14:09:30.000,47,2600
2026-09-15,2026-09-15,0,Validation,854,14:09:30.000,14:10:14.000,44,2795
2026-09-15,2026-09-15,0,Validation,855,14:10:14.000,14:10:31.000,17,3055
2026-09-15,2026-09-15,0,Validation,856,14:10:31.000,14:10:57.000,26,4030
2026-09-15,2026-09-15,0,Validation,857,14:10:57.000,14:10:59.000,2,4745
2026-09-15,2026-09-15,0,Validation,858,14:10:59.000,14:11:06.000,7,2665
2026-09-15,2026-09-15,0,Validation,859,14:11:06.000,14:11:12.000,6,3380
2026-09-15,2026-09-15,0,Validation,860,14:11:12.000,14:11:22.000,10,2990
2026-09-15,2026-09-15,0,Validation,861,14:11:22.000,14:11:31.000,9,3120
2026-09-15,2026-09-15,0,Validation,862,14:11:31.000,14:11:46.000,15,3510
2026-09-15,2026-09-15,0,Validation,863,14:11:46.000,14:11:54.000,8,2665
2026-09-15,2026-09-15,0,Validation,864,14:11:54.000,14:11:57.000,3,3575
2026-09-15,2026-09-15,0,Validation,865,14:11:57.000,14:12:12.000,15,2665
2026-09-15,2026-09-15,0,Validation,866,14:12:12.000,14:12:29.000,17,3770
2026-09-15,2026-09-15,0,Validation,867,14:12:29.000,14:12:44.000,15,3250
2026-09-15,2026-09-15,0,Validation,868,14:12:44.000,14:12:49.000,5,2860
2026-09-15,2026-09-15,0,Validation,869,14:12:49.000,14:12:59.000,10,2600
2026-09-15,2026-09-15,0,Validation,870,14:12:59.000,14:13:05.000,6,2730
2026-09-15,2026-09-15,0,Validation,871,14:13:05.000,14:13:10.000,5,2860
2026-09-15,2026-09-15,0,Validation,872,14:13:10.000,14:13:20.000,10,2600
2026-09-15,2026-09-15,0,Validation,873,14:13:20.000,14:13:22.000,2,2665
2026-09-15,2026-09-15,0,Validation,874,14:13:22.000,14:13:29.000,7,3900
2026-09-15,2026-09-15,0,Validation,875,14:13:29.000,14:13:32.000,3,2990
2026-09-15,2026-09-15,0,Validation,876,14:13:32.000,14:13:39.000,7,3510
2026-09-15,2026-09-15,0,Validation,877,14:13:39.000,14:13:42.000,3,3900
2026-09-15,2026-09-15,0,Validation,878,14:13:42.000,14:13:44.000,2,3185
2026-09-15,2026-09-15,0,Validation,879,14:13:44.000,14:13:47.000,3,2730
2026-09-15,2026-09-15,0,Validation,880,14:13:47.000,14:13:50.000,3,3380
2026-09-15,2026-09-15,0,Validation,881,14:13:50.000,14:13:52.000,2,4940
2026-09-15,2026-09-15,0,Validation,882,14:13:52.000,14:13:54.000,2,7020
2026-09-15,2026-09-15,0,Validation,883,14:13:54.000,14:13:54.000,0,4420
2026-09-15,2026-09-15,0,Validation,884,14:13:55.000,14:13:58.000,3,2730
2026-09-15,2026-09-15,0,Validation,885,14:13:58.000,14:14:08.000,10,6890
2026-09-15,2026-09-15,0,Validation,886,14:14:08.000,14:14:08.000,0,4290
2026-09-15,2026-09-15,0,Validation,887,14:14:10.000,14:14:10.000,0,3250
2026-09-15,2026-09-15,0,Validation,888,14:14:10.000,14:14:18.000,8,2730
2026-09-15,2026-09-15,0,Validation,889,14:14:18.000,14:14:37.000,19,3380
2026-09-15,2026-09-15,0,Validation,890,14:14:37.000,14:14:43.000,6,3315
2026-09-15,2026-09-15,0,Validation,891,14:14:43.000,14:14:59.000,16,2665
2026-09-15,2026-09-15,0,Validation,892,14:14:59.000,14:15:05.000,6,2665
2026-09-15,2026-09-15,0,Validation,893,14:15:05.000,14:15:07.000,2,3055
2026-09-15,2026-09-15,0,Validation,894,14:15:07.000,14:15:14.000,7,2860
2026-09-15,2026-09-15,0,Validation,895,14:15:14.000,14:15:25.000,11,5070
2026-09-15,2026-09-15,0,Validation,896,14:15:25.000,14:15:27.000,2,2860
2026-09-15,2026-09-15,0,Validation,897,14:15:27.000,14:15:34.000,7,4485
2026-09-15,2026-09-15,0,Validation,898,14:15:34.000,14:15:35.000,1,8190
2026-09-15,2026-09-15,0,Validation,899,14:15:35.000,14:15:35.000,0,5590
2026-09-15,2026-09-15,0,Validation,900,14:15:36.000,14:15:36.000,0,2990
2026-09-15,2026-09-15,0,Validation,901,14:15:36.000,14:15:37.000,1,4095
2026-09-15,2026-09-15,0,Validation,902,14:15:37.000,14:15:40.000,3,5850
2026-09-15,2026-09-15,0,Validation,903,14:15:40.000,14:15:40.000,0,3250
2026-09-15,2026-09-15,0,Validation,904,14:15:41.000,14:15:42.000,1,4355
2026-09-15,2026-09-15,0,Validation,905,14:15:42.000,14:15:44.000,2,3965
2026-09-15,2026-09-15,0,Validation,906,14:15:44.000,14:15:47.000,3,2730
2026-09-15,2026-09-15,0,Validation,907,14:15:47.000,14:15:54.000,7,4875
2026-09-15,2026-09-15,0,Validation,908,14:15:54.000,14:15:59.000,5,3900
2026-09-15,2026-09-15,0,Validation,909,14:15:59.000,14:16:00.000,1,2990
2026-09-15,2026-09-15,0,Validation,910,14:16:00.000,14:16:03.000,3,2730
2026-09-15,2026-09-15,0,Validation,911,14:16:03.000,14:16:17.000,14,2600
2026-09-15,2026-09-15,0,Validation,912,14:16:17.000,14:16:28.000,11,2925
2026-09-15,2026-09-15,0,Validation,913,14:16:28.000,14:16:32.000,4,2730
2026-09-15,2026-09-15,0,Validation,914,14:16:32.000,14:16:33.000,1,2730
2026-09-15,2026-09-15,0,Validation,915,14:16:33.000,14:16:43.000,10,3120
2026-09-15,2026-09-15,0,Validation,916,14:16:43.000,14:16:50.000,7,3835
2026-09-15,2026-09-15,0,Validation,917,14:16:50.000,14:16:58.000,8,3380
2026-09-15,2026-09-15,0,Validation,918,14:16:58.000,14:17:02.000,4,3770
2026-09-15,2026-09-15,0,Validation,919,14:17:02.000,14:17:05.000,3,2860
2026-09-15,2026-09-15,0,Validation,920,14:17:05.000,14:17:10.000,5,3250
2026-09-15,2026-09-15,0,Validation,921,14:17:10.000,14:17:19.000,9,2990
2026-09-15,2026-09-15,0,Validation,922,14:17:19.000,14:17:23.000,4,2665
2026-09-15,2026-09-15,0,Validation,923,14:17:23.000,14:17:31.000,8,2665
2026-09-15,2026-09-15,0,Validation,924,14:17:31.000,14:17:36.000,5,2665
2026-09-15,2026-09-15,0,Validation,925,14:17:36.000,14:17:42.000,6,6565
2026-09-15,2026-09-15,0,Validation,926,14:17:42.000,14:17:42.000,0,3965
2026-09-15,2026-09-15,0,Validation,927,14:17:43.000,14:17:44.000,1,11700
2026-09-15,2026-09-15,0,Validation,928,14:17:44.000,14:17:44.000,0,9100
2026-09-15,2026-09-15,0,Validation,929,14:17:45.000,14:17:45.000,0,6500
2026-09-15,2026-09-15,0,Validation,930,14:17:45.000,14:17:45.000,0,3900
2026-09-15,2026-09-15,0,Validation,931,14:17:45.000,14:17:45.000,0,7865
2026-09-15,2026-09-15,0,Validation,932,14:17:45.000,14:17:45.000,0,5265
2026-09-15,2026-09-15,0,Validation,933,14:17:47.000,14:17:47.000,0,2665
2026-09-15,2026-09-15,0,Validation,934,14:17:47.000,14:18:03.000,16,2795
2026-09-15,2026-09-15,0,Validation,935,14:18:03.000,14:18:18.000,15,5720
2026-09-15,2026-09-15,0,Validation,936,14:18:18.000,14:18:18.000,0,3120
2026-09-15,2026-09-15,0,Validation,937,14:18:20.000,14:18:26.000,6,4160
2026-09-15,2026-09-15,0,Validation,938,14:18:26.000,14:18:31.000,5,3640
2026-09-15,2026-09-15,0,Validation,939,14:18:31.000,14:18:40.000,9,2730
2026-09-15,2026-09-15,0,Validation,940,14:18:40.000,14:18:53.000,13,2600
2026-09-15,2026-09-15,0,Validation,941,14:18:53.000,14:19:01.000,8,14690
2026-09-15,2026-09-15,0,Validation,942,14:19:01.000,14:19:01.000,0,12090
2026-09-15,2026-09-15,0,Validation,943,14:19:02.000,14:19:02.000,0,9490
2026-09-15,2026-09-15,0,Validation,944,14:19:02.000,14:19:02.000,0,6890
2026-09-15,2026-09-15,0,Validation,945,14:19:03.000,14:19:03.000,0,4290
2026-09-15,2026-09-15,0,Validation,946,14:19:03.000,14:19:03.000,0,8515
2026-09-15,2026-09-15,0,Validation,947,14:19:03.000,14:19:03.000,0,5915
2026-09-15,2026-09-15,0,Validation,948,14:19:04.000,14:19:04.000,0,3315
2026-09-15,2026-09-15,0,Validation,949,14:19:04.000,14:19:10.000,6,2665
2026-09-15,2026-09-15,0,Validation,950,14:19:10.000,14:19:31.000,21,2925
2026-09-15,2026-09-15,0,Validation,951,14:19:31.000,14:19:38.000,7,2990
2026-09-15,2026-09-15,0,Validation,952,14:19:38.000,14:19:48.000,10,3250
2026-09-15,2026-09-15,0,Validation,953,14:19:48.000,14:20:06.000,18,2990
2026-09-15,2026-09-15,0,Validation,954,14:20:06.000,14:20:16.000,10,3120
2026-09-15,2026-09-15,0,Validation,955,14:20:16.000,14:20:30.000,14,2860
2026-09-15,2026-09-15,0,Validation,956,14:20:30.000,14:20:46.000,16,2730
2026-09-15,2026-09-15,0,Validation,957,14:20:46.000,14:21:00.000,14,2730
2026-09-15,2026-09-15,0,Validation,958,14:21:00.000,14:21:18.000,18,2600
2026-09-15,2026-09-15,0,Validation,959,14:21:18.000,14:21:56.000,38,2730
2026-09-15,2026-09-15,0,Validation,960,14:21:56.000,14:22:01.000,5,2925
2026-09-15,2026-09-15,0,Validation,961,14:22:01.000,14:22:14.000,13,3185
2026-09-15,2026-09-15,0,Validation,962,14:22:14.000,14:22:41.000,27,3055
2026-09-15,2026-09-15,0,Validation,963,14:22:41.000,14:22:48.000,7,2730
2026-09-15,2026-09-15,0,Validation,964,14:22:48.000,14:22:54.000,6,3575
2026-09-15,2026-09-15,0,Validation,965,14:22:54.000,14:22:58.000,4,3445
2026-09-15,2026-09-15,0,Validation,966,14:22:58.000,14:23:08.000,10,2990
2026-09-15,2026-09-15,0,Validation,967,14:23:08.000,14:23:27.000,19,2795
2026-09-15,2026-09-15,0,Validation,968,14:23:27.000,14:23:36.000,9,3250
2026-09-15,2026-09-15,0,Validation,969,14:23:36.000,14:23:46.000,10,2600
2026-09-15,2026-09-15,0,Validation,970,14:23:46.000,14:24:19.000,33,3055
2026-09-15,2026-09-15,0,Validation,971,14:24:19.000,14:24:27.000,8,2665
2026-09-15,2026-09-15,0,Validation,972,14:24:27.000,14:24:42.000,15,4095
2026-09-15,2026-09-15,0,Validation,973,14:24:42.000,14:24:53.000,11,2990
2026-09-15,2026-09-15,0,Validation,974,14:24:53.000,14:25:23.000,30,2665
2026-09-15,2026-09-15,0,Validation,975,14:25:23.000,14:25:46.000,23,2795
2026-09-15,2026-09-15,0,Validation,976,14:25:46.000,14:26:24.000,38,2665
2026-09-15,2026-09-15,0,Validation,977,14:26:24.000,14:27:15.000,51,2665
2026-09-15,2026-09-15,0,Validation,978,14:27:15.000,14:28:05.000,50,2860
2026-09-15,2026-09-15,0,Validation,979,14:28:05.000,14:28:49.000,44,4810
2026-09-15,2026-09-15,0,Validation,980,14:28:49.000,14:28:50.000,1,2600
2026-09-15,2026-09-15,0,Validation,981,14:28:50.000,14:29:15.000,25,2730
2026-09-15,2026-09-15,0,Validation,982,14:29:15.000,14:29:34.000,19,2730
2026-09-15,2026-09-15,0,Validation,983,14:29:34.000,14:29:45.000,11,2730
2026-09-15,2026-09-15,0,Validation,984,14:29:45.000,14:30:08.000,23,2730
2026-09-15,2026-09-15,0,Validation,985,14:30:08.000,14:30:33.000,25,2795
2026-09-15,2026-09-15,0,Validation,986,14:30:33.000,14:30:42.000,9,3770
2026-09-15,2026-09-15,0,Validation,987,14:30:42.000,14:30:45.000,3,2795
2026-09-15,2026-09-15,0,Validation,988,14:30:45.000,14:30:55.000,10,2600
2026-09-15,2026-09-15,0,Validation,989,14:30:55.000,14:31:01.000,6,4030
2026-09-15,2026-09-15,0,Validation,990,14:31:01.000,14:31:11.000,10,2860
2026-09-15,2026-09-15,0,Validation,991,14:31:11.000,14:31:15.000,4,3770
2026-09-15,2026-09-15,0,Validation,992,14:31:15.000,14:31:20.000,5,3770
2026-09-15,2026-09-15,0,Validation,993,14:31:20.000,14:31:43.000,23,3250
2026-09-15,2026-09-15,0,Validation,994,14:31:43.000,14:31:50.000,7,4680
2026-09-15,2026-09-15,0,Validation,995,14:31:50.000,14:31:58.000,8,3055
2026-09-15,2026-09-15,0,Validation,996,14:31:58.000,14:32:21.000,23,2990
2026-09-15,2026-09-15,0,Validation,997,14:32:21.000,14:32:28.000,7,3250
2026-09-15,2026-09-15,0,Validation,998,14:32:28.000,14:32:34.000,6,2860
2026-09-15,2026-09-15,0,Validation,999,14:32:34.000,14:32:49.000,15,2795
2026-09-15,2026-09-15,0,Validation,1000,14:32:49.000,14:33:12.000,23,2665
2026-09-15,2026-09-15,0,Validation,1001,14:33:12.000,14:33:38.000,26,2860
2026-09-15,2026-09-15,0,Validation,1002,14:33:38.000,14:33:59.000,21,3965
2026-09-15,2026-09-15,0,Validation,1003,14:33:59.000,14:34:11.000,12,2665
2026-09-15,2026-09-15,0,Validation,1004,14:34:11.000,14:34:32.000,21,2860
2026-09-15,2026-09-15,0,Validation,1005,14:34:32.000,14:34:35.000,3,3835
2026-09-15,2026-09-15,0,Validation,1006,14:34:35.000,14:34:38.000,3,2600
2026-09-15,2026-09-15,0,Validation,1007,14:34:38.000,14:34:56.000,18,2600
2026-09-15,2026-09-15,0,Validation,1008,14:34:56.000,14:35:08.000,12,2600
2026-09-15,2026-09-15,0,Validation,1009,14:35:08.000,14:36:09.000,61,2730
2026-09-15,2026-09-15,0,Validation,1010,14:36:09.000,14:37:19.000,70,3055
2026-09-15,2026-09-15,0,Validation,1011,14:37:19.000,14:37:49.000,30,3055
2026-09-15,2026-09-15,0,Validation,1012,14:37:49.000,14:37:54.000,5,3965
2026-09-15,2026-09-15,0,Validation,1013,14:37:54.000,14:38:10.000,16,2795
2026-09-15,2026-09-15,0,Validation,1014,14:38:10.000,14:38:24.000,14,2600
2026-09-15,2026-09-15,0,Validation,1015,14:38:24.000,14:38:48.000,24,2600
2026-09-15,2026-09-15,0,Validation,1016,14:38:48.000,14:39:03.000,15,3705
2026-09-15,2026-09-15,0,Validation,1017,14:39:03.000,14:39:10.000,7,3575
2026-09-15,2026-09-15,0,Validation,1018,14:39:10.000,14:39:43.000,33,2600
2026-09-15,2026-09-15,0,Validation,1019,14:39:43.000,14:39:48.000,5,2925
2026-09-15,2026-09-15,0,Validation,1020,14:39:48.000,14:40:07.000,19,3705
2026-09-15,2026-09-15,0,Validation,1021,14:40:07.000,14:40:25.000,18,2665
2026-09-15,2026-09-15,0,Validation,1022,14:40:25.000,14:40:55.000,30,3380
2026-09-15,2026-09-15,0,Validation,1023,14:40:55.000,14:41:28.000,33,4095
2026-09-15,2026-09-15,0,Validation,1024,14:41:28.000,14:41:30.000,2,2990
2026-09-15,2026-09-15,0,Validation,1025,14:41:30.000,14:41:35.000,5,2600
2026-09-15,2026-09-15,0,Validation,1026,14:41:35.000,14:42:08.000,33,4550
2026-09-15,2026-09-15,0,Validation,1027,14:42:08.000,14:42:28.000,20,2600
2026-09-15,2026-09-15,0,Validation,1028,14:42:28.000,14:42:38.000,10,4355
2026-09-15,2026-09-15,0,Validation,1029,14:42:38.000,14:42:44.000,6,2600
2026-09-15,2026-09-15,0,Validation,1030,14:42:44.000,14:42:53.000,9,2600
2026-09-15,2026-09-15,0,Validation,1031,14:42:53.000,14:43:01.000,8,2730
2026-09-15,2026-09-15,0,Validation,1032,14:43:01.000,14:43:07.000,6,3575
2026-09-15,2026-09-15,0,Validation,1033,14:43:07.000,14:43:12.000,5,2860
2026-09-15,2026-09-15,0,Validation,1034,14:43:12.000,14:43:22.000,10,4160
2026-09-15,2026-09-15,0,Validation,1035,14:43:22.000,14:43:27.000,5,3380
2026-09-15,2026-09-15,0,Validation,1036,14:43:27.000,14:43:32.000,5,3575
2026-09-15,2026-09-15,0,Validation,1037,14:43:32.000,14:43:37.000,5,2665
2026-09-15,2026-09-15,0,Validation,1038,14:43:37.000,14:43:47.000,10,2665
2026-09-15,2026-09-15,0,Validation,1039,14:43:47.000,14:43:54.000,7,2665
2026-09-15,2026-09-15,0,Validation,1040,14:43:54.000,14:44:02.000,8,3835
2026-09-15,2026-09-15,0,Validation,1041,14:44:02.000,14:44:07.000,5,3640
2026-09-15,2026-09-15,0,Validation,1042,14:44:07.000,14:44:12.000,5,3900
2026-09-15,2026-09-15,0,Validation,1043,14:44:12.000,14:44:17.000,5,3185
2026-09-15,2026-09-15,0,Validation,1044,14:44:17.000,14:44:27.000,10,2925
2026-09-15,2026-09-15,0,Validation,1045,14:44:27.000,14:44:37.000,10,2990
2026-09-15,2026-09-15,0,Validation,1046,14:44:37.000,14:44:42.000,5,3575
2026-09-15,2026-09-15,0,Validation,1047,14:44:42.000,14:44:47.000,5,2925
2026-09-15,2026-09-15,0,Validation,1048,14:44:47.000,14:45:02.000,15,3575
2026-09-15,2026-09-15,0,Validation,1049,14:45:02.000,14:45:04.000,2,2600
2026-09-15,2026-09-15,0,Validation,1050,14:45:04.000,14:45:26.000,22,4355
2026-09-15,2026-09-15,0,Validation,1051,14:45:26.000,14:45:27.000,1,2600
2026-09-15,2026-09-15,0,Validation,1052,14:45:27.000,14:45:34.000,7,3185
2026-09-15,2026-09-15,0,Validation,1053,14:45:34.000,14:45:42.000,8,2600
2026-09-15,2026-09-15,0,Validation,1054,14:45:42.000,14:45:55.000,13,2600
2026-09-15,2026-09-15,0,Validation,1055,14:45:55.000,14:46:02.000,7,5330
2026-09-15,2026-09-15,0,Validation,1056,14:46:02.000,14:46:02.000,0,2730
2026-09-15,2026-09-15,0,Validation,1057,14:46:03.000,14:46:09.000,6,2600
2026-09-15,2026-09-15,0,Validation,1058,14:46:09.000,14:46:15.000,6,2665
2026-09-15,2026-09-15,0,Validation,1059,14:46:15.000,14:46:22.000,7,3055
2026-09-15,2026-09-15,0,Validation,1060,14:46:22.000,14:46:39.000,17,2795
2026-09-15,2026-09-15,0,Validation,1061,14:46:39.000,14:46:45.000,6,2730
2026-09-15,2026-09-15,0,Validation,1062,14:46:45.000,14:46:55.000,10,2860
2026-09-15,2026-09-15,0,Validation,1063,14:46:55.000,14:46:57.000,2,2925
2026-09-15,2026-09-15,0,Validation,1064,14:46:57.000,14:46:59.000,2,4355
2026-09-15,2026-09-15,0,Validation,1065,14:46:59.000,14:47:00.000,1,3510
2026-09-15,2026-09-15,0,Validation,1066,14:47:00.000,14:47:07.000,7,2665
2026-09-15,2026-09-15,0,Validation,1067,14:47:07.000,14:47:09.000,2,4355
2026-09-15,2026-09-15,0,Validation,1068,14:47:09.000,14:47:14.000,5,3315
2026-09-15,2026-09-15,0,Validation,1069,14:47:14.000,14:47:25.000,11,2600
2026-09-15,2026-09-15,0,Validation,1070,14:47:25.000,14:47:35.000,10,2665
2026-09-15,2026-09-15,0,Validation,1071,14:47:35.000,14:47:44.000,9,2795
2026-09-15,2026-09-15,0,Validation,1072,14:47:44.000,14:47:54.000,10,2730
2026-09-15,2026-09-15,0,Validation,1073,14:47:54.000,14:48:04.000,10,4355
2026-09-15,2026-09-15,0,Validation,1074,14:48:04.000,14:48:05.000,1,4680
2026-09-15,2026-09-15,0,Validation,1075,14:48:05.000,14:48:07.000,2,4550
2026-09-15,2026-09-15,0,Validation,1076,14:48:07.000,14:48:09.000,2,9360
2026-09-15,2026-09-15,0,Validation,1077,14:48:09.000,14:48:09.000,0,6760
2026-09-15,2026-09-15,0,Validation,1078,14:48:09.000,14:48:09.000,0,4160
2026-09-15,2026-09-15,0,Validation,1079,14:48:09.000,14:48:14.000,5,2990
2026-09-15,2026-09-15,0,Validation,1080,14:48:14.000,14:48:20.000,6,4550
2026-09-15,2026-09-15,0,Validation,1081,14:48:20.000,14:48:22.000,2,3510
2026-09-15,2026-09-15,0,Validation,1082,14:48:22.000,14:48:24.000,2,5070
2026-09-15,2026-09-15,0,Validation,1083,14:48:24.000,14:48:25.000,1,5655
2026-09-15,2026-09-15,0,Validation,1084,14:48:25.000,14:48:25.000,0,3055
2026-09-15,2026-09-15,0,Validation,1085,14:48:26.000,14:48:27.000,1,9620
2026-09-15,2026-09-15,0,Validation,1086,14:48:27.000,14:48:27.000,0,7020
2026-09-15,2026-09-15,0,Validation,1087,14:48:28.000,14:48:28.000,0,4420
2026-09-15,2026-09-15,0,Validation,1088,14:48:28.000,14:48:29.000,1,7930
2026-09-15,2026-09-15,0,Validation,1089,14:48:29.000,14:48:29.000,0,5330
2026-09-15,2026-09-15,0,Validation,1090,14:48:30.000,14:48:30.000,0,2730
2026-09-15,2026-09-15,0,Validation,1091,14:48:30.000,14:48:30.000,0,4160
2026-09-15,2026-09-15,0,Validation,1092,14:48:30.000,14:48:32.000,2,3250
2026-09-15,2026-09-15,0,Validation,1093,14:48:32.000,14:48:35.000,3,6955
2026-09-15,2026-09-15,0,Validation,1094,14:48:35.000,14:48:35.000,0,4355
2026-09-15,2026-09-15,0,Validation,1095,14:48:36.000,14:48:37.000,1,4810
2026-09-15,2026-09-15,0,Validation,1096,14:48:37.000,14:48:39.000,2,4160
2026-09-15,2026-09-15,0,Validation,1097,14:48:39.000,14:48:42.000,3,3120
2026-09-15,2026-09-15,0,Validation,1098,14:48:42.000,14:48:45.000,3,10985
2026-09-15,2026-09-15,0,Validation,1099,14:48:45.000,14:48:45.000,0,8385
2026-09-15,2026-09-15,0,Validation,1100,14:48:46.000,14:48:46.000,0,5785
2026-09-15,2026-09-15,0,Validation,1101,14:48:46.000,14:48:46.000,0,3185
2026-09-15,2026-09-15,0,Validation,1102,14:48:47.000,14:48:47.000,0,14755
2026-09-15,2026-09-15,0,Validation,1103,14:48:47.000,14:48:47.000,0,12155
2026-09-15,2026-09-15,0,Validation,1104,14:48:47.000,14:48:47.000,0,9555
2026-09-15,2026-09-15,0,Validation,1105,14:48:47.000,14:48:47.000,0,6955
2026-09-15,2026-09-15,0,Validation,1106,14:48:48.000,14:48:48.000,0,4355
2026-09-15,2026-09-15,0,Validation,1107,14:48:48.000,14:48:49.000,1,9750
2026-09-15,2026-09-15,0,Validation,1108,14:48:49.000,14:48:49.000,0,7150
2026-09-15,2026-09-15,0,Validation,1109,14:48:49.000,14:48:49.000,0,4550
2026-09-15,2026-09-15,0,Validation,1110,14:48:49.000,14:48:50.000,1,9100
2026-09-15,2026-09-15,0,Validation,1111,14:48:50.000,14:48:50.000,0,6500
2026-09-15,2026-09-15,0,Validation,1112,14:48:51.000,14:48:51.000,0,3900
2026-09-15,2026-09-15,0,Validation,1113,14:48:51.000,14:48:52.000,1,3770
2026-09-15,2026-09-15,0,Validation,1114,14:48:52.000,14:48:59.000,7,5135
2026-09-15,2026-09-15,0,Validation,1115,14:48:59.000,14:49:00.000,1,2600
2026-09-15,2026-09-15,0,Validation,1116,14:49:00.000,14:49:04.000,4,6630
2026-09-15,2026-09-15,0,Validation,1117,14:49:04.000,14:49:04.000,0,4030
2026-09-15,2026-09-15,0,Validation,1118,14:49:04.000,14:49:14.000,10,2925
2026-09-15,2026-09-15,0,Validation,1119,14:49:14.000,14:49:25.000,11,2990
2026-09-15,2026-09-15,0,Validation,1120,14:49:25.000,14:49:32.000,7,2600
2026-09-15,2026-09-15,0,Validation,1121,14:49:32.000,14:49:35.000,3,4420
2026-09-15,2026-09-15,0,Validation,1122,14:49:35.000,14:49:40.000,5,2795
2026-09-15,2026-09-15,0,Validation,1123,14:49:40.000,14:49:54.000,14,2600
2026-09-15,2026-09-15,0,Validation,1124,14:49:54.000,14:50:07.000,13,2730
2026-09-15,2026-09-15,0,Validation,1125,14:50:07.000,14:50:19.000,12,3640
2026-09-15,2026-09-15,0,Validation,1126,14:50:19.000,14:50:32.000,13,2795
2026-09-15,2026-09-15,0,Validation,1127,14:50:32.000,14:50:35.000,3,2665
2026-09-15,2026-09-15,0,Validation,1128,14:50:35.000,14:50:45.000,10,2600
2026-09-15,2026-09-15,0,Validation,1129,14:50:45.000,14:50:54.000,9,2990
2026-09-15,2026-09-15,0,Validation,1130,14:50:54.000,14:51:09.000,15,3120
2026-09-15,2026-09-15,0,Validation,1131,14:51:09.000,14:51:10.000,1,4680
2026-09-15,2026-09-15,0,Validation,1132,14:51:10.000,14:51:19.000,9,3055
2026-09-15,2026-09-15,0,Validation,1133,14:51:19.000,14:51:34.000,15,2665
2026-09-15,2026-09-15,0,Validation,1134,14:51:34.000,14:51:45.000,11,3445
2026-09-15,2026-09-15,0,Validation,1135,14:51:45.000,14:52:00.000,15,2990
2026-09-15,2026-09-15,0,Validation,1136,14:52:00.000,14:52:05.000,5,2990
2026-09-15,2026-09-15,0,Validation,1137,14:52:05.000,14:52:12.000,7,3055
2026-09-15,2026-09-15,0,Validation,1138,14:52:12.000,14:52:19.000,7,5200
2026-09-15,2026-09-15,0,Validation,1139,14:52:19.000,14:52:19.000,0,2600
2026-09-15,2026-09-15,0,Validation,1140,14:52:19.000,14:52:25.000,6,3055
2026-09-15,2026-09-15,0,Validation,1141,14:52:25.000,14:52:34.000,9,2730
2026-09-15,2026-09-15,0,Validation,1142,14:52:34.000,14:52:45.000,11,2925
2026-09-15,2026-09-15,0,Validation,1143,14:52:45.000,14:53:04.000,19,2600
2026-09-15,2026-09-15,0,Validation,1144,14:53:04.000,14:53:30.000,26,2990
2026-09-15,2026-09-15,0,Validation,1145,14:53:30.000,14:53:47.000,17,4420
2026-09-15,2026-09-15,0,Validation,1146,14:53:47.000,14:53:52.000,5,4160
2026-09-15,2026-09-15,0,Validation,1147,14:53:52.000,14:54:00.000,8,3965
2026-09-15,2026-09-15,0,Validation,1148,14:54:00.000,14:54:05.000,5,2665
2026-09-15,2026-09-15,0,Validation,1149,14:54:05.000,14:54:27.000,22,2795
2026-09-15,2026-09-15,0,Validation,1150,14:54:27.000,14:54:35.000,8,2600
2026-09-15,2026-09-15,0,Validation,1151,14:54:35.000,14:54:42.000,7,21190
2026-09-15,2026-09-15,0,Validation,1152,14:54:42.000,14:54:42.000,0,18590
2026-09-15,2026-09-15,0,Validation,1153,14:54:42.000,14:54:42.000,0,15990
2026-09-15,2026-09-15,0,Validation,1154,14:54:42.000,14:54:42.000,0,13390
2026-09-15,2026-09-15,0,Validation,1155,14:54:43.000,14:54:43.000,0,11050
2026-09-15,2026-09-15,0,Validation,1156,14:54:43.000,14:54:43.000,0,8450
2026-09-15,2026-09-15,0,Validation,1157,14:54:45.000,14:54:45.000,0,6435
2026-09-15,2026-09-15,0,Validation,1158,14:54:45.000,14:54:45.000,0,3835
2026-09-15,2026-09-15,0,Validation,1159,14:54:46.000,14:54:50.000,4,2795
2026-09-15,2026-09-15,0,Validation,1160,14:54:50.000,14:54:55.000,5,2600
2026-09-15,2026-09-15,0,Validation,1161,14:54:55.000,14:54:57.000,2,2795
2026-09-15,2026-09-15,0,Validation,1162,14:54:57.000,14:54:59.000,2,3705
2026-09-15,2026-09-15,0,Validation,1163,14:54:59.000,14:55:02.000,3,3900
2026-09-15,2026-09-15,0,Validation,1164,14:55:02.000,14:55:05.000,3,3445
2026-09-15,2026-09-15,0,Validation,1165,14:55:05.000,14:55:17.000,12,3120
2026-09-15,2026-09-15,0,Validation,1166,14:55:17.000,14:55:32.000,15,2600
2026-09-15,2026-09-15,0,Validation,1167,14:55:32.000,14:55:38.000,6,6825
2026-09-15,2026-09-15,0,Validation,1168,14:55:38.000,14:55:38.000,0,4225
2026-09-15,2026-09-15,0,Validation,1169,14:55:39.000,14:55:43.000,4,2925
2026-09-15,2026-09-15,0,Validation,1170,14:55:43.000,14:55:57.000,14,2665
2026-09-15,2026-09-15,0,Validation,1171,14:55:57.000,14:56:05.000,8,4225
2026-09-15,2026-09-15,0,Validation,1172,14:56:05.000,14:56:06.000,1,4095
2026-09-15,2026-09-15,0,Validation,1173,14:56:06.000,14:56:08.000,2,4550
2026-09-15,2026-09-15,0,Validation,1174,14:56:08.000,14:56:10.000,2,4940
2026-09-15,2026-09-15,0,Validation,1175,14:56:10.000,14:56:11.000,1,3250
2026-09-15,2026-09-15,0,Validation,1176,14:56:11.000,14:56:16.000,5,2730
2026-09-15,2026-09-15,0,Validation,1177,14:56:16.000,14:56:23.000,7,5395
2026-09-15,2026-09-15,0,Validation,1178,14:56:23.000,14:56:23.000,0,2795
2026-09-15,2026-09-15,0,Validation,1179,14:56:24.000,14:56:26.000,2,3705
2026-09-15,2026-09-15,0,Validation,1180,14:56:26.000,14:56:28.000,2,3120
2026-09-15,2026-09-15,0,Validation,1181,14:56:28.000,14:56:33.000,5,3250
2026-09-15,2026-09-15,0,Validation,1182,14:56:33.000,14:56:44.000,11,2795
2026-09-15,2026-09-15,0,Validation,1183,14:56:44.000,14:56:54.000,10,2925
2026-09-15,2026-09-15,0,Validation,1184,14:56:54.000,14:57:09.000,15,2730
2026-09-15,2026-09-15,0,Validation,1185,14:57:09.000,14:57:22.000,13,3055
2026-09-15,2026-09-15,0,Validation,1186,14:57:22.000,14:57:41.000,19,2925
2026-09-15,2026-09-15,0,Validation,1187,14:57:41.000,14:58:05.000,24,2665
2026-09-15,2026-09-15,0,Validation,1188,14:58:05.000,14:58:17.000,12,3055
2026-09-15,2026-09-15,0,Validation,1189,14:58:17.000,14:58:38.000,21,2730
2026-09-15,2026-09-15,0,Validation,1190,14:58:38.000,14:59:07.000,29,2860
2026-09-15,2026-09-15,0,Validation,1191,14:59:07.000,14:59:19.000,12,5395
2026-09-15,2026-09-15,0,Validation,1192,14:59:19.000,14:59:19.000,0,2795
2026-09-15,2026-09-15,0,Validation,1193,14:59:21.000,14:59:37.000,16,2600
2026-09-15,2026-09-15,0,Validation,1194,14:59:37.000,14:59:55.000,18,2600
2026-09-15,2026-09-15,0,Validation,1195,14:59:55.000,15:00:25.000,30,3055
2026-09-15,2026-09-15,0,Validation,1196,15:00:25.000,15:00:35.000,10,3445
2026-09-15,2026-09-15,0,Validation,1197,15:00:35.000,15:00:45.000,10,3575
2026-09-15,2026-09-15,0,Validation,1198,15:00:45.000,15:00:59.000,14,3380
2026-09-15,2026-09-15,0,Validation,1199,15:00:59.000,15:01:29.000,30,4030
2026-09-15,2026-09-15,0,Validation,1200,15:01:29.000,15:01:37.000,8,11245
2026-09-15,2026-09-15,0,Validation,1201,15:01:37.000,15:01:37.000,0,8645
2026-09-15,2026-09-15,0,Validation,1202,15:01:37.000,15:01:37.000,0,6045
2026-09-15,2026-09-15,0,Validation,1203,15:01:37.000,15:01:37.000,0,3445
2026-09-15,2026-09-15,0,Validation,1204,15:01:38.000,15:01:39.000,1,7475
2026-09-15,2026-09-15,0,Validation,1205,15:01:39.000,15:01:39.000,0,4875
2026-09-15,2026-09-15,0,Validation,1206,15:01:40.000,15:01:40.000,0,2795
2026-09-15,2026-09-15,0,Validation,1207,15:01:40.000,15:02:09.000,29,2925
2026-09-15,2026-09-15,0,Validation,1208,15:02:09.000,15:02:43.000,34,2600
2026-09-15,2026-09-15,0,Validation,1209,15:02:43.000,15:03:23.000,40,4355
2026-09-15,2026-09-15,0,Validation,1210,15:03:23.000,15:03:26.000,3,3120
2026-09-15,2026-09-15,0,Validation,1211,15:03:26.000,15:03:35.000,9,2860
2026-09-15,2026-09-15,0,Validation,1212,15:03:35.000,15:03:36.000,1,5395
2026-09-15,2026-09-15,0,Validation,1213,15:03:36.000,15:03:36.000,0,2795
2026-09-15,2026-09-15,0,Validation,1214,15:03:36.000,15:03:41.000,5,3510
2026-09-15,2026-09-15,0,Validation,1215,15:03:41.000,15:03:53.000,12,2860
2026-09-15,2026-09-15,0,Validation,1216,15:03:53.000,15:04:13.000,20,2600
2026-09-15,2026-09-15,0,Validation,1217,15:04:13.000,15:04:31.000,18,3380
2026-09-15,2026-09-15,0,Validation,1218,15:04:31.000,15:04:33.000,2,2665
2026-09-15,2026-09-15,0,Validation,1219,15:04:33.000,15:04:38.000,5,3250
2026-09-15,2026-09-15,0,Validation,1220,15:04:38.000,15:04:58.000,20,3250
2026-09-15,2026-09-15,0,Validation,1221,15:04:58.000,15:05:11.000,13,3185
2026-09-15,2026-09-15,0,Validation,1222,15:05:11.000,15:05:22.000,11,6175
2026-09-15,2026-09-15,0,Validation,1223,15:05:22.000,15:05:22.000,0,3575
2026-09-15,2026-09-15,0,Validation,1224,15:05:24.000,15:05:28.000,4,2600
2026-09-15,2026-09-15,0,Validation,1225,15:05:28.000,15:05:39.000,11,3315
2026-09-15,2026-09-15,0,Validation,1226,15:05:39.000,15:05:46.000,7,3055
2026-09-15,2026-09-15,0,Validation,1227,15:05:46.000,15:06:03.000,17,3510
2026-09-15,2026-09-15,0,Validation,1228,15:06:03.000,15:06:06.000,3,3055
2026-09-15,2026-09-15,0,Validation,1229,15:06:06.000,15:06:34.000,28,8125
2026-09-15,2026-09-15,0,Validation,1230,15:06:34.000,15:06:34.000,0,5525
2026-09-15,2026-09-15,0,Validation,1231,15:06:35.000,15:06:35.000,0,2925
2026-09-15,2026-09-15,0,Validation,1232,15:06:35.000,15:06:52.000,17,2795
2026-09-15,2026-09-15,0,Validation,1233,15:06:52.000,15:07:16.000,24,3835
2026-09-15,2026-09-15,0,Validation,1234,15:07:16.000,15:07:38.000,22,2600
2026-09-15,2026-09-15,0,Validation,1235,15:07:38.000,15:08:15.000,37,2665
2026-09-15,2026-09-15,0,Validation,1236,15:08:15.000,15:09:03.000,48,2665
2026-09-15,2026-09-15,0,Validation,1237,15:09:03.000,15:09:13.000,10,2665
2026-09-15,2026-09-15,0,Validation,1238,15:09:13.000,15:09:33.000,20,4420
2026-09-15,2026-09-15,0,Validation,1239,15:09:33.000,15:09:38.000,5,2665
2026-09-15,2026-09-15,0,Validation,1240,15:09:38.000,15:09:49.000,11,2925
2026-09-15,2026-09-15,0,Validation,1241,15:09:49.000,15:10:01.000,12,3185
2026-09-15,2026-09-15,0,Validation,1242,15:10:01.000,15:10:09.000,8,2730
2026-09-15,2026-09-15,0,Validation,1243,15:10:09.000,15:10:21.000,12,3055
2026-09-15,2026-09-15,0,Validation,1244,15:10:21.000,15:10:34.000,13,2795
2026-09-15,2026-09-15,0,Validation,1245,15:10:34.000,15:10:52.000,18,4810
2026-09-15,2026-09-15,0,Validation,1246,15:10:52.000,15:11:06.000,14,2600
2026-09-15,2026-09-15,0,Validation,1247,15:11:06.000,15:11:21.000,15,9100
2026-09-15,2026-09-15,0,Validation,1248,15:11:21.000,15:11:21.000,0,6500
2026-09-15,2026-09-15,0,Validation,1249,15:11:22.000,15:11:22.000,0,3900
2026-09-15,2026-09-15,0,Validation,1250,15:11:22.000,15:11:22.000,0,3835
2026-09-15,2026-09-15,0,Validation,1251,15:11:22.000,15:11:31.000,9,3055
2026-09-15,2026-09-15,0,Validation,1252,15:11:31.000,15:11:44.000,13,3445
2026-09-15,2026-09-15,0,Validation,1253,15:11:44.000,15:12:07.000,23,2990
2026-09-15,2026-09-15,0,Validation,1254,15:12:07.000,15:12:39.000,32,2600
2026-09-15,2026-09-15,0,Validation,1255,15:12:39.000,15:12:54.000,15,2860
2026-09-15,2026-09-15,0,Validation,1256,15:12:54.000,15:13:32.000,38,2600
2026-09-15,2026-09-15,0,Validation,1257,15:13:32.000,15:13:50.000,18,3705
2026-09-15,2026-09-15,0,Validation,1258,15:13:50.000,15:13:52.000,2,2600
2026-09-15,2026-09-15,0,Validation,1259,15:13:52.000,15:14:13.000,21,2860
2026-09-15,2026-09-15,0,Validation,1260,15:14:13.000,15:14:28.000,15,3185
2026-09-15,2026-09-15,0,Validation,1261,15:14:28.000,15:14:53.000,25,2665
2026-09-15,2026-09-15,0,Validation,1262,15:14:53.000,15:14:58.000,5,4095
2026-09-15,2026-09-15,0,Validation,1263,15:14:58.000,15:15:05.000,7,6370
2026-09-15,2026-09-15,0,Validation,1264,15:15:05.000,15:15:05.000,0,3770
2026-09-15,2026-09-15,0,Validation,1265,15:15:06.000,15:15:22.000,16,2925
2026-09-15,2026-09-15,0,Validation,1266,15:15:22.000,15:15:45.000,23,3250
2026-09-15,2026-09-15,0,Validation,1267,15:15:45.000,15:15:50.000,5,2730
2026-09-15,2026-09-15,0,Validation,1268,15:15:50.000,15:16:00.000,10,2925
2026-09-15,2026-09-15,0,Validation,1269,15:16:00.000,15:16:08.000,8,2925
2026-09-15,2026-09-15,0,Validation,1270,15:16:08.000,15:16:28.000,20,3575
2026-09-15,2026-09-15,0,Validation,1271,15:16:28.000,15:16:42.000,14,2730
2026-09-15,2026-09-15,0,Validation,1272,15:16:42.000,15:16:53.000,11,3120
2026-09-15,2026-09-15,0,Validation,1273,15:16:53.000,15:17:03.000,10,3315
2026-09-15,2026-09-15,0,Validation,1274,15:17:03.000,15:17:11.000,8,3055
2026-09-15,2026-09-15,0,Validation,1275,15:17:11.000,15:17:23.000,12,3965
2026-09-15,2026-09-15,0,Validation,1276,15:17:23.000,15:17:28.000,5,2665
2026-09-15,2026-09-15,0,Validation,1277,15:17:28.000,15:17:35.000,7,3185
2026-09-15,2026-09-15,0,Validation,1278,15:17:35.000,15:17:38.000,3,2600
2026-09-15,2026-09-15,0,Validation,1279,15:17:38.000,15:17:51.000,13,3185
2026-09-15,2026-09-15,0,Validation,1280,15:17:51.000,15:18:23.000,32,2600
2026-09-15,2026-09-15,0,Validation,1281,15:18:23.000,15:18:35.000,12,2600
2026-09-15,2026-09-15,0,Validation,1282,15:18:35.000,15:19:01.000,26,2795
2026-09-15,2026-09-15,0,Validation,1283,15:19:01.000,15:19:05.000,4,4355
2026-09-15,2026-09-15,0,Validation,1284,15:19:05.000,15:19:23.000,18,2795
2026-09-15,2026-09-15,0,Validation,1285,15:19:23.000,15:19:54.000,31,2860
2026-09-15,2026-09-15,0,Validation,1286,15:19:54.000,15:19:58.000,4,3965
2026-09-15,2026-09-15,0,Validation,1287,15:19:58.000,15:19:59.000,1,3250
2026-09-15,2026-09-15,0,Validation,1288,15:19:59.000,15:20:01.000,2,2665
2026-09-15,2026-09-15,0,Validation,1289,15:20:01.000,15:20:34.000,33,3315
2026-09-15,2026-09-15,0,Validation,1290,15:20:34.000,15:20:43.000,9,2730
2026-09-15,2026-09-15,0,Validation,1291,15:20:43.000,15:21:10.000,27,2600
2026-09-15,2026-09-15,0,Validation,1292,15:21:10.000,15:21:18.000,8,3055
2026-09-15,2026-09-15,0,Validation,1293,15:21:18.000,15:21:28.000,10,2600
2026-09-15,2026-09-15,0,Validation,1294,15:21:28.000,15:21:51.000,23,2795
2026-09-15,2026-09-15,0,Validation,1295,15:21:51.000,15:21:58.000,7,2860
2026-09-15,2026-09-15,0,Validation,1296,15:21:58.000,15:22:08.000,10,3120
2026-09-15,2026-09-15,0,Validation,1297,15:22:08.000,15:22:11.000,3,2665
2026-09-15,2026-09-15,0,Validation,1298,15:22:11.000,15:22:14.000,3,2600
2026-09-15,2026-09-15,0,Validation,1299,15:22:14.000,15:22:21.000,7,2925
2026-09-15,2026-09-15,0,Validation,1300,15:22:21.000,15:22:31.000,10,4225
2026-09-15,2026-09-15,0,Validation,1301,15:22:31.000,15:22:38.000,7,2730
2026-09-15,2026-09-15,0,Validation,1302,15:22:38.000,15:22:52.000,14,2730
2026-09-15,2026-09-15,0,Validation,1303,15:22:52.000,15:23:04.000,12,2795
2026-09-15,2026-09-15,0,Validation,1304,15:23:04.000,15:23:34.000,30,3120
2026-09-15,2026-09-15,0,Validation,1305,15:23:34.000,15:23:37.000,3,3640
2026-09-15,2026-09-15,0,Validation,1306,15:23:37.000,15:23:46.000,9,3120
2026-09-15,2026-09-15,0,Validation,1307,15:23:46.000,15:23:49.000,3,3250
2026-09-15,2026-09-15,0,Validation,1308,15:23:49.000,15:23:51.000,2,2795
2026-09-15,2026-09-15,0,Validation,1309,15:23:51.000,15:23:57.000,6,3250
2026-09-15,2026-09-15,0,Validation,1310,15:23:57.000,15:24:01.000,4,4875
2026-09-15,2026-09-15,0,Validation,1311,15:24:01.000,15:24:02.000,1,5265
2026-09-15,2026-09-15,0,Validation,1312,15:24:02.000,15:24:02.000,0,2665
2026-09-15,2026-09-15,0,Validation,1313,15:24:04.000,15:24:12.000,8,8190
2026-09-15,2026-09-15,0,Validation,1314,15:24:12.000,15:24:12.000,0,5590
2026-09-15,2026-09-15,0,Validation,1315,15:24:13.000,15:24:13.000,0,2990
2026-09-15,2026-09-15,0,Validation,1316,15:24:13.000,15:24:22.000,9,3315
2026-09-15,2026-09-15,0,Validation,1317,15:24:22.000,15:24:25.000,3,2665
2026-09-15,2026-09-15,0,Validation,1318,15:24:25.000,15:24:52.000,27,6630
2026-09-15,2026-09-15,0,Validation,1319,15:24:52.000,15:24:52.000,0,4030
2026-09-15,2026-09-15,0,Validation,1320,15:24:54.000,15:25:07.000,13,2600
2026-09-15,2026-09-15,0,Validation,1321,15:25:07.000,15:25:19.000,12,4940
2026-09-15,2026-09-15,0,Validation,1322,15:25:19.000,15:25:20.000,1,2730
2026-09-15,2026-09-15,0,Validation,1323,15:25:20.000,15:25:25.000,5,6760
2026-09-15,2026-09-15,0,Validation,1324,15:25:25.000,15:25:25.000,0,4160
2026-09-15,2026-09-15,0,Validation,1325,15:25:25.000,15:25:27.000,2,3445
2026-09-15,2026-09-15,0,Validation,1326,15:25:27.000,15:25:43.000,16,3380
2026-09-15,2026-09-15,0,Validation,1327,15:25:43.000,15:26:03.000,20,2665
2026-09-15,2026-09-15,0,Validation,1328,15:26:03.000,15:26:23.000,20,4160
2026-09-15,2026-09-15,0,Validation,1329,15:26:23.000,15:26:27.000,4,3120
2026-09-15,2026-09-15,0,Validation,1330,15:26:27.000,15:26:31.000,4,5460
2026-09-15,2026-09-15,0,Validation,1331,15:26:31.000,15:26:31.000,0,2860
2026-09-15,2026-09-15,0,Validation,1332,15:26:32.000,15:26:32.000,0,7865
2026-09-15,2026-09-15,0,Validation,1333,15:26:32.000,15:26:32.000,0,5265
2026-09-15,2026-09-15,0,Validation,1334,15:26:33.000,15:26:33.000,0,2665
2026-09-15,2026-09-15,0,Validation,1335,15:26:33.000,15:26:34.000,1,6045
2026-09-15,2026-09-15,0,Validation,1336,15:26:34.000,15:26:34.000,0,3445
2026-09-15,2026-09-15,0,Validation,1337,15:26:35.000,15:26:52.000,17,2600
2026-09-15,2026-09-15,0,Validation,1338,15:26:52.000,15:27:07.000,15,2925
2026-09-15,2026-09-15,0,Validation,1339,15:27:07.000,15:27:19.000,12,5200
2026-09-15,2026-09-15,0,Validation,1340,15:27:19.000,15:27:19.000,0,2600
2026-09-15,2026-09-15,0,Validation,1341,15:27:19.000,15:27:38.000,19,2600
2026-09-15,2026-09-15,0,Validation,1342,15:27:38.000,15:27:55.000,17,3250
2026-09-15,2026-09-15,0,Validation,1343,15:27:55.000,15:28:17.000,22,3900
2026-09-15,2026-09-15,0,Validation,1344,15:28:17.000,15:28:23.000,6,2925
2026-09-15,2026-09-15,0,Validation,1345,15:28:23.000,15:28:41.000,18,2665
2026-09-15,2026-09-15,0,Validation,1346,15:28:41.000,15:29:01.000,20,2665
2026-09-15,2026-09-15,0,Validation,1347,15:29:01.000,15:29:06.000,5,3120
2026-09-15,2026-09-15,0,Validation,1348,15:29:06.000,15:29:11.000,5,2990
2026-09-15,2026-09-15,0,Validation,1349,15:29:11.000,15:29:23.000,12,2860
2026-09-15,2026-09-15,0,Validation,1350,15:29:23.000,15:29:26.000,3,4160
2026-09-15,2026-09-15,0,Validation,1351,15:29:26.000,15:29:36.000,10,3445
2026-09-15,2026-09-15,0,Validation,1352,15:29:36.000,15:29:41.000,5,15080
2026-09-15,2026-09-15,0,Validation,1353,15:29:41.000,15:29:41.000,0,12480
2026-09-15,2026-09-15,0,Validation,1354,15:29:41.000,15:29:41.000,0,9880
2026-09-15,2026-09-15,0,Validation,1355,15:29:41.000,15:29:41.000,0,7280
2026-09-15,2026-09-15,0,Validation,1356,15:29:42.000,15:29:42.000,0,5395
2026-09-15,2026-09-15,0,Validation,1357,15:29:42.000,15:29:42.000,0,2795
2026-09-15,2026-09-15,0,Validation,1358,15:29:44.000,15:29:50.000,6,3575
2026-09-15,2026-09-15,0,Validation,1359,15:29:50.000,15:29:52.000,2,6240
2026-09-15,2026-09-15,0,Validation,1360,15:29:52.000,15:29:52.000,0,3640
2026-09-15,2026-09-15,0,Validation,1361,15:29:53.000,15:29:55.000,2,4095
2026-09-15,2026-09-15,0,Validation,1362,15:29:55.000,15:29:57.000,2,2730
2026-09-15,2026-09-15,0,Validation,1363,15:29:57.000,15:30:00.000,3,2405
2026-09-16,2026-09-22,6,Validation,0,09:15:00.000,09:15:03.000,3,3315
2026-09-16,2026-09-22,6,Validation,1,09:15:03.000,09:15:06.000,3,2600
2026-09-16,2026-09-22,6,Validation,2,09:15:06.000,09:15:14.000,8,3835
2026-09-16,2026-09-22,6,Validation,3,09:15:14.000,09:15:17.000,3,3315
2026-09-16,2026-09-22,6,Validation,4,09:15:17.000,09:15:23.000,6,2600
2026-09-16,2026-09-22,6,Validation,5,09:15:23.000,09:15:28.000,5,4030
2026-09-16,2026-09-22,6,Validation,6,09:15:28.000,09:15:30.000,2,4160
2026-09-16,2026-09-22,6,Validation,7,09:15:30.000,09:15:31.000,1,2730
2026-09-16,2026-09-22,6,Validation,8,09:15:31.000,09:15:35.000,4,3510
2026-09-16,2026-09-22,6,Validation,9,09:15:35.000,09:15:38.000,3,3510
2026-09-16,2026-09-22,6,Validation,10,09:15:38.000,09:15:41.000,3,4485
2026-09-16,2026-09-22,6,Validation,11,09:15:41.000,09:15:43.000,2,2600
2026-09-16,2026-09-22,6,Validation,12,09:15:43.000,09:15:46.000,3,3510
2026-09-16,2026-09-22,6,Validation,13,09:15:46.000,09:15:49.000,3,4940
2026-09-16,2026-09-22,6,Validation,14,09:15:49.000,09:15:50.000,1,6305
2026-09-16,2026-09-22,6,Validation,15,09:15:50.000,09:15:50.000,0,3705
2026-09-16,2026-09-22,6,Validation,16,09:15:51.000,09:15:54.000,3,2860
2026-09-16,2026-09-22,6,Validation,17,09:15:54.000,09:15:55.000,1,3250
2026-09-16,2026-09-22,6,Validation,18,09:15:55.000,09:16:00.000,5,2990
2026-09-16,2026-09-22,6,Validation,19,09:16:00.000,09:16:08.000,8,3835
2026-09-16,2026-09-22,6,Validation,20,09:16:08.000,09:16:10.000,2,2665
2026-09-16,2026-09-22,6,Validation,21,09:16:10.000,09:16:14.000,4,2600
2026-09-16,2026-09-22,6,Validation,22,09:16:14.000,09:16:28.000,14,6175
2026-09-16,2026-09-22,6,Validation,23,09:16:28.000,09:16:28.000,0,3575
2026-09-16,2026-09-22,6,Validation,24,09:16:28.000,09:16:36.000,8,3900
2026-09-16,2026-09-22,6,Validation,25,09:16:36.000,09:16:38.000,2,7345
2026-09-16,2026-09-22,6,Validation,26,09:16:38.000,09:16:38.000,0,4745
2026-09-16,2026-09-22,6,Validation,27,09:16:38.000,09:16:39.000,1,6240
2026-09-16,2026-09-22,6,Validation,28,09:16:39.000,09:16:39.000,0,3640
2026-09-16,2026-09-22,6,Validation,29,09:16:39.000,09:16:41.000,2,4680
2026-09-16,2026-09-22,6,Validation,30,09:16:41.000,09:16:43.000,2,4355
2026-09-16,2026-09-22,6,Validation,31,09:16:43.000,09:16:44.000,1,8320
2026-09-16,2026-09-22,6,Validation,32,09:16:44.000,09:16:44.000,0,5720
2026-09-16,2026-09-22,6,Validation,33,09:16:45.000,09:16:45.000,0,3120
2026-09-16,2026-09-22,6,Validation,34,09:16:45.000,09:16:48.000,3,2860
2026-09-16,2026-09-22,6,Validation,35,09:16:48.000,09:16:54.000,6,2860
2026-09-16,2026-09-22,6,Validation,36,09:16:54.000,09:16:59.000,5,3445
2026-09-16,2026-09-22,6,Validation,37,09:16:59.000,09:17:03.000,4,3510
2026-09-16,2026-09-22,6,Validation,38,09:17:03.000,09:17:04.000,1,3575
2026-09-16,2026-09-22,6,Validation,39,09:17:04.000,09:17:09.000,5,3120
2026-09-16,2026-09-22,6,Validation,40,09:17:09.000,09:17:14.000,5,5265
2026-09-16,2026-09-22,6,Validation,41,09:17:14.000,09:17:14.000,0,2665
2026-09-16,2026-09-22,6,Validation,42,09:17:15.000,09:17:21.000,6,4485
2026-09-16,2026-09-22,6,Validation,43,09:17:21.000,09:17:23.000,2,3640
2026-09-16,2026-09-22,6,Validation,44,09:17:23.000,09:17:24.000,1,4095
2026-09-16,2026-09-22,6,Validation,45,09:17:24.000,09:17:26.000,2,3185
2026-09-16,2026-09-22,6,Validation,46,09:17:26.000,09:17:28.000,2,3575
2026-09-16,2026-09-22,6,Validation,47,09:17:28.000,09:17:33.000,5,4095
2026-09-16,2026-09-22,6,Validation,48,09:17:33.000,09:17:34.000,1,2990
2026-09-16,2026-09-22,6,Validation,49,09:17:34.000,09:17:38.000,4,4355
2026-09-16,2026-09-22,6,Validation,50,09:17:38.000,09:17:41.000,3,3575
2026-09-16,2026-09-22,6,Validation,51,09:17:41.000,09:17:46.000,5,2925
2026-09-16,2026-09-22,6,Validation,52,09:17:46.000,09:17:54.000,8,3315
2026-09-16,2026-09-22,6,Validation,53,09:17:54.000,09:17:58.000,4,2665
2026-09-16,2026-09-22,6,Validation,54,09:17:58.000,09:18:01.000,3,4160
2026-09-16,2026-09-22,6,Validation,55,09:18:01.000,09:18:02.000,1,9165
2026-09-16,2026-09-22,6,Validation,56,09:18:02.000,09:18:02.000,0,6565
2026-09-16,2026-09-22,6,Validation,57,09:18:02.000,09:18:02.000,0,3965
2026-09-16,2026-09-22,6,Validation,58,09:18:02.000,09:18:04.000,2,3120
2026-09-16,2026-09-22,6,Validation,59,09:18:04.000,09:18:12.000,8,3315
2026-09-16,2026-09-22,6,Validation,60,09:18:12.000,09:18:16.000,4,3120
2026-09-16,2026-09-22,6,Validation,61,09:18:16.000,09:18:22.000,6,2665
2026-09-16,2026-09-22,6,Validation,62,09:18:22.000,09:18:31.000,9,3185
2026-09-16,2026-09-22,6,Validation,63,09:18:31.000,09:18:36.000,5,2665
2026-09-16,2026-09-22,6,Validation,64,09:18:36.000,09:18:44.000,8,2665
2026-09-16,2026-09-22,6,Validation,65,09:18:44.000,09:18:51.000,7,3380
2026-09-16,2026-09-22,6,Validation,66,09:18:51.000,09:18:54.000,3,2665
2026-09-16,2026-09-22,6,Validation,67,09:18:54.000,09:19:01.000,7,2665
2026-09-16,2026-09-22,6,Validation,68,09:19:01.000,09:19:09.000,8,2925
2026-09-16,2026-09-22,6,Validation,69,09:19:09.000,09:19:11.000,2,2665
2026-09-16,2026-09-22,6,Validation,70,09:19:11.000,09:19:19.000,8,2730
2026-09-16,2026-09-22,6,Validation,71,09:19:19.000,09:19:28.000,9,2600
2026-09-16,2026-09-22,6,Validation,72,09:19:28.000,09:19:44.000,16,3510
2026-09-16,2026-09-22,6,Validation,73,09:19:44.000,09:19:48.000,4,2665
2026-09-16,2026-09-22,6,Validation,74,09:19:48.000,09:19:59.000,11,3315
2026-09-16,2026-09-22,6,Validation,75,09:19:59.000,09:20:04.000,5,3185
2026-09-16,2026-09-22,6,Validation,76,09:20:04.000,09:20:09.000,5,5785
2026-09-16,2026-09-22,6,Validation,77,09:20:09.000,09:20:09.000,0,3185
2026-09-16,2026-09-22,6,Validation,78,09:20:10.000,09:20:19.000,9,3120
2026-09-16,2026-09-22,6,Validation,79,09:20:19.000,09:20:27.000,8,2795
2026-09-16,2026-09-22,6,Validation,80,09:20:27.000,09:20:37.000,10,3185
2026-09-16,2026-09-22,6,Validation,81,09:20:37.000,09:20:47.000,10,2665
2026-09-16,2026-09-22,6,Validation,82,09:20:47.000,09:20:56.000,9,2925
2026-09-16,2026-09-22,6,Validation,83,09:20:56.000,09:21:09.000,13,3770
2026-09-16,2026-09-22,6,Validation,84,09:21:09.000,09:21:26.000,17,2795
2026-09-16,2026-09-22,6,Validation,85,09:21:26.000,09:21:36.000,10,2665
2026-09-16,2026-09-22,6,Validation,86,09:21:36.000,09:21:57.000,21,3120
2026-09-16,2026-09-22,6,Validation,87,09:21:57.000,09:22:12.000,15,2600
2026-09-16,2026-09-22,6,Validation,88,09:22:12.000,09:22:14.000,2,3445
2026-09-16,2026-09-22,6,Validation,89,09:22:14.000,09:22:21.000,7,5720
2026-09-16,2026-09-22,6,Validation,90,09:22:21.000,09:22:21.000,0,3120
2026-09-16,2026-09-22,6,Validation,91,09:22:22.000,09:22:44.000,22,2600
2026-09-16,2026-09-22,6,Validation,92,09:22:44.000,09:22:49.000,5,2730
2026-09-16,2026-09-22,6,Validation,93,09:22:49.000,09:23:09.000,20,3380
2026-09-16,2026-09-22,6,Validation,94,09:23:09.000,09:23:12.000,3,4745
2026-09-16,2026-09-22,6,Validation,95,09:23:12.000,09:23:16.000,4,2925
2026-09-16,2026-09-22,6,Validation,96,09:23:16.000,09:23:41.000,25,2665
2026-09-16,2026-09-22,6,Validation,97,09:23:41.000,09:23:49.000,8,3250
2026-09-16,2026-09-22,6,Validation,98,09:23:49.000,09:24:01.000,12,3120
2026-09-16,2026-09-22,6,Validation,99,09:24:01.000,09:24:06.000,5,2860
2026-09-16,2026-09-22,6,Validation,100,09:24:06.000,09:24:14.000,8,3120
2026-09-16,2026-09-22,6,Validation,101,09:24:14.000,09:24:16.000,2,4550
2026-09-16,2026-09-22,6,Validation,102,09:24:16.000,09:24:21.000,5,3315
2026-09-16,2026-09-22,6,Validation,103,09:24:21.000,09:24:42.000,21,3770
2026-09-16,2026-09-22,6,Validation,104,09:24:42.000,09:24:57.000,15,2665
2026-09-16,2026-09-22,6,Validation,105,09:24:57.000,09:25:06.000,9,2990
2026-09-16,2026-09-22,6,Validation,106,09:25:06.000,09:25:29.000,23,2730
2026-09-16,2026-09-22,6,Validation,107,09:25:29.000,09:25:49.000,20,3965
2026-09-16,2026-09-22,6,Validation,108,09:25:49.000,09:26:01.000,12,3185
2026-09-16,2026-09-22,6,Validation,109,09:26:01.000,09:26:06.000,5,4030
2026-09-16,2026-09-22,6,Validation,110,09:26:06.000,09:26:16.000,10,2860
2026-09-16,2026-09-22,6,Validation,111,09:26:16.000,09:26:17.000,1,2730
2026-09-16,2026-09-22,6,Validation,112,09:26:17.000,09:26:19.000,2,3380
2026-09-16,2026-09-22,6,Validation,113,09:26:19.000,09:26:32.000,13,2600
2026-09-16,2026-09-22,6,Validation,114,09:26:32.000,09:26:34.000,2,3900
2026-09-16,2026-09-22,6,Validation,115,09:26:34.000,09:26:36.000,2,3770
2026-09-16,2026-09-22,6,Validation,116,09:26:36.000,09:26:52.000,16,2990
2026-09-16,2026-09-22,6,Validation,117,09:26:52.000,09:27:09.000,17,2730
2026-09-16,2026-09-22,6,Validation,118,09:27:09.000,09:27:34.000,25,2860
2026-09-16,2026-09-22,6,Validation,119,09:27:34.000,09:27:37.000,3,6175
2026-09-16,2026-09-22,6,Validation,120,09:27:37.000,09:27:37.000,0,3575
2026-09-16,2026-09-22,6,Validation,121,09:27:39.000,09:27:46.000,7,2795
2026-09-16,2026-09-22,6,Validation,122,09:27:46.000,09:27:59.000,13,2665
2026-09-16,2026-09-22,6,Validation,123,09:27:59.000,09:28:19.000,20,2665
2026-09-16,2026-09-22,6,Validation,124,09:28:19.000,09:28:32.000,13,2600
2026-09-16,2026-09-22,6,Validation,125,09:28:32.000,09:28:46.000,14,6630
2026-09-16,2026-09-22,6,Validation,126,09:28:46.000,09:28:46.000,0,4030
2026-09-16,2026-09-22,6,Validation,127,09:28:47.000,09:28:54.000,7,2600
2026-09-16,2026-09-22,6,Validation,128,09:28:54.000,09:29:12.000,18,2730
2026-09-16,2026-09-22,6,Validation,129,09:29:12.000,09:29:29.000,17,2730
2026-09-16,2026-09-22,6,Validation,130,09:29:29.000,09:29:41.000,12,2665
2026-09-16,2026-09-22,6,Validation,131,09:29:41.000,09:29:54.000,13,3575
2026-09-16,2026-09-22,6,Validation,132,09:29:54.000,09:30:04.000,10,2860
2026-09-16,2026-09-22,6,Validation,133,09:30:04.000,09:30:27.000,23,2665
2026-09-16,2026-09-22,6,Validation,134,09:30:27.000,09:30:44.000,17,3055
2026-09-16,2026-09-22,6,Validation,135,09:30:44.000,09:30:52.000,8,4355
2026-09-16,2026-09-22,6,Validation,136,09:30:52.000,09:30:56.000,4,3185
2026-09-16,2026-09-22,6,Validation,137,09:30:56.000,09:31:04.000,8,3185
2026-09-16,2026-09-22,6,Validation,138,09:31:04.000,09:31:11.000,7,2730
2026-09-16,2026-09-22,6,Validation,139,09:31:11.000,09:31:14.000,3,4095
2026-09-16,2026-09-22,6,Validation,140,09:31:14.000,09:31:26.000,12,2795
2026-09-16,2026-09-22,6,Validation,141,09:31:26.000,09:31:34.000,8,2600
2026-09-16,2026-09-22,6,Validation,142,09:31:34.000,09:31:39.000,5,3640
2026-09-16,2026-09-22,6,Validation,143,09:31:39.000,09:31:46.000,7,3640
2026-09-16,2026-09-22,6,Validation,144,09:31:46.000,09:31:52.000,6,3055
2026-09-16,2026-09-22,6,Validation,145,09:31:52.000,09:32:06.000,14,2730
2026-09-16,2026-09-22,6,Validation,146,09:32:06.000,09:32:11.000,5,3315
2026-09-16,2026-09-22,6,Validation,147,09:32:11.000,09:32:13.000,2,3835
2026-09-16,2026-09-22,6,Validation,148,09:32:13.000,09:32:23.000,10,2795
2026-09-16,2026-09-22,6,Validation,149,09:32:23.000,09:32:24.000,1,5980
2026-09-16,2026-09-22,6,Validation,150,09:32:24.000,09:32:24.000,0,3380
2026-09-16,2026-09-22,6,Validation,151,09:32:26.000,09:32:46.000,20,2730
2026-09-16,2026-09-22,6,Validation,152,09:32:46.000,09:33:06.000,20,2600
2026-09-16,2026-09-22,6,Validation,153,09:33:06.000,09:33:21.000,15,3185
2026-09-16,2026-09-22,6,Validation,154,09:33:21.000,09:33:39.000,18,3315
2026-09-16,2026-09-22,6,Validation,155,09:33:39.000,09:33:49.000,10,2925
2026-09-16,2026-09-22,6,Validation,156,09:33:49.000,09:33:57.000,8,2795
2026-09-16,2026-09-22,6,Validation,157,09:33:57.000,09:33:59.000,2,7670
2026-09-16,2026-09-22,6,Validation,158,09:33:59.000,09:33:59.000,0,5070
2026-09-16,2026-09-22,6,Validation,159,09:34:00.000,09:34:01.000,1,2990
2026-09-16,2026-09-22,6,Validation,160,09:34:01.000,09:34:19.000,18,3640
2026-09-16,2026-09-22,6,Validation,161,09:34:19.000,09:34:26.000,7,3185
2026-09-16,2026-09-22,6,Validation,162,09:34:26.000,09:34:38.000,12,3900
2026-09-16,2026-09-22,6,Validation,163,09:34:38.000,09:34:41.000,3,3250
2026-09-16,2026-09-22,6,Validation,164,09:34:41.000,09:34:53.000,12,3640
2026-09-16,2026-09-22,6,Validation,165,09:34:53.000,09:35:03.000,10,2600
2026-09-16,2026-09-22,6,Validation,166,09:35:03.000,09:35:19.000,16,2600
2026-09-16,2026-09-22,6,Validation,167,09:35:19.000,09:35:31.000,12,4160
2026-09-16,2026-09-22,6,Validation,168,09:35:31.000,09:35:42.000,11,2860
2026-09-16,2026-09-22,6,Validation,169,09:35:42.000,09:36:11.000,29,2600
2026-09-16,2026-09-22,6,Validation,170,09:36:11.000,09:36:36.000,25,2860
2026-09-16,2026-09-22,6,Validation,171,09:36:36.000,09:37:10.000,34,6760
2026-09-16,2026-09-22,6,Validation,172,09:37:10.000,09:37:10.000,0,4160
2026-09-16,2026-09-22,6,Validation,173,09:37:11.000,09:37:32.000,21,2600
2026-09-16,2026-09-22,6,Validation,174,09:37:32.000,09:37:42.000,10,2925
2026-09-16,2026-09-22,6,Validation,175,09:37:42.000,09:38:03.000,21,4290
2026-09-16,2026-09-22,6,Validation,176,09:38:03.000,09:38:10.000,7,2600
2026-09-16,2026-09-22,6,Validation,177,09:38:10.000,09:38:20.000,10,2665
2026-09-16,2026-09-22,6,Validation,178,09:38:20.000,09:38:27.000,7,2990
2026-09-16,2026-09-22,6,Validation,179,09:38:27.000,09:38:35.000,8,5785
2026-09-16,2026-09-22,6,Validation,180,09:38:35.000,09:38:35.000,0,3185
2026-09-16,2026-09-22,6,Validation,181,09:38:35.000,09:38:45.000,10,2665
2026-09-16,2026-09-22,6,Validation,182,09:38:45.000,09:38:58.000,13,3445
2026-09-16,2026-09-22,6,Validation,183,09:38:58.000,09:39:07.000,9,3900
2026-09-16,2026-09-22,6,Validation,184,09:39:07.000,09:39:10.000,3,3315
2026-09-16,2026-09-22,6,Validation,185,09:39:10.000,09:39:18.000,8,3900
2026-09-16,2026-09-22,6,Validation,186,09:39:18.000,09:39:23.000,5,2665
2026-09-16,2026-09-22,6,Validation,187,09:39:23.000,09:39:34.000,11,3055
2026-09-16,2026-09-22,6,Validation,188,09:39:34.000,09:39:46.000,12,2925
2026-09-16,2026-09-22,6,Validation,189,09:39:46.000,09:40:05.000,19,2665
2026-09-16,2026-09-22,6,Validation,190,09:40:05.000,09:40:12.000,7,2730
2026-09-16,2026-09-22,6,Validation,191,09:40:12.000,09:40:25.000,13,2795
2026-09-16,2026-09-22,6,Validation,192,09:40:25.000,09:40:39.000,14,2665
2026-09-16,2026-09-22,6,Validation,193,09:40:39.000,09:40:54.000,15,3380
2026-09-16,2026-09-22,6,Validation,194,09:40:54.000,09:41:04.000,10,2600
2026-09-16,2026-09-22,6,Validation,195,09:41:04.000,09:41:15.000,11,3575
2026-09-16,2026-09-22,6,Validation,196,09:41:15.000,09:41:19.000,4,3055
2026-09-16,2026-09-22,6,Validation,197,09:41:19.000,09:41:27.000,8,2795
2026-09-16,2026-09-22,6,Validation,198,09:41:27.000,09:41:44.000,17,2665
2026-09-16,2026-09-22,6,Validation,199,09:41:44.000,09:41:57.000,13,2925
2026-09-16,2026-09-22,6,Validation,200,09:41:57.000,09:42:12.000,15,2600
2026-09-16,2026-09-22,6,Validation,201,09:42:12.000,09:42:15.000,3,4355
2026-09-16,2026-09-22,6,Validation,202,09:42:15.000,09:42:19.000,4,3185
2026-09-16,2026-09-22,6,Validation,203,09:42:19.000,09:42:24.000,5,2730
2026-09-16,2026-09-22,6,Validation,204,09:42:24.000,09:42:31.000,7,2665
2026-09-16,2026-09-22,6,Validation,205,09:42:31.000,09:42:45.000,14,3445
2026-09-16,2026-09-22,6,Validation,206,09:42:45.000,09:42:52.000,7,5005
2026-09-16,2026-09-22,6,Validation,207,09:42:52.000,09:42:57.000,5,2665
2026-09-16,2026-09-22,6,Validation,208,09:42:57.000,09:43:14.000,17,2665
2026-09-16,2026-09-22,6,Validation,209,09:43:14.000,09:43:29.000,15,2600
2026-09-16,2026-09-22,6,Validation,210,09:43:29.000,09:43:47.000,18,4745
2026-09-16,2026-09-22,6,Validation,211,09:43:47.000,09:43:50.000,3,2730
2026-09-16,2026-09-22,6,Validation,212,09:43:50.000,09:44:02.000,12,2600
2026-09-16,2026-09-22,6,Validation,213,09:44:02.000,09:44:05.000,3,2730
2026-09-16,2026-09-22,6,Validation,214,09:44:05.000,09:44:22.000,17,3965
2026-09-16,2026-09-22,6,Validation,215,09:44:22.000,09:44:27.000,5,2730
2026-09-16,2026-09-22,6,Validation,216,09:44:27.000,09:44:52.000,25,4290
2026-09-16,2026-09-22,6,Validation,217,09:44:52.000,09:44:57.000,5,3120
2026-09-16,2026-09-22,6,Validation,218,09:44:57.000,09:45:04.000,7,2600
2026-09-16,2026-09-22,6,Validation,219,09:45:04.000,09:45:09.000,5,2730
2026-09-16,2026-09-22,6,Validation,220,09:45:09.000,09:45:16.000,7,4940
2026-09-16,2026-09-22,6,Validation,221,09:45:16.000,09:45:17.000,1,3250
2026-09-16,2026-09-22,6,Validation,222,09:45:17.000,09:45:26.000,9,2665
2026-09-16,2026-09-22,6,Validation,223,09:45:26.000,09:45:34.000,8,2925
2026-09-16,2026-09-22,6,Validation,224,09:45:34.000,09:45:37.000,3,2990
2026-09-16,2026-09-22,6,Validation,225,09:45:37.000,09:45:44.000,7,3510
2026-09-16,2026-09-22,6,Validation,226,09:45:44.000,09:45:56.000,12,2795
2026-09-16,2026-09-22,6,Validation,227,09:45:56.000,09:46:17.000,21,2600
2026-09-16,2026-09-22,6,Validation,228,09:46:17.000,09:46:24.000,7,3120
2026-09-16,2026-09-22,6,Validation,229,09:46:24.000,09:46:35.000,11,4485
2026-09-16,2026-09-22,6,Validation,230,09:46:35.000,09:46:39.000,4,2665
2026-09-16,2026-09-22,6,Validation,231,09:46:39.000,09:46:45.000,6,3900
2026-09-16,2026-09-22,6,Validation,232,09:46:45.000,09:46:56.000,11,3965
2026-09-16,2026-09-22,6,Validation,233,09:46:56.000,09:47:06.000,10,3510
2026-09-16,2026-09-22,6,Validation,234,09:47:06.000,09:47:14.000,8,2600
2026-09-16,2026-09-22,6,Validation,235,09:47:14.000,09:47:16.000,2,2990
2026-09-16,2026-09-22,6,Validation,236,09:47:16.000,09:47:26.000,10,2600
2026-09-16,2026-09-22,6,Validation,237,09:47:26.000,09:47:29.000,3,2795
2026-09-16,2026-09-22,6,Validation,238,09:47:29.000,09:47:39.000,10,2795
2026-09-16,2026-09-22,6,Validation,239,09:47:39.000,09:47:47.000,8,2600
2026-09-16,2026-09-22,6,Validation,240,09:47:47.000,09:48:07.000,20,2600
2026-09-16,2026-09-22,6,Validation,241,09:48:07.000,09:48:30.000,23,2665
2026-09-16,2026-09-22,6,Validation,242,09:48:30.000,09:48:55.000,25,2860
2026-09-16,2026-09-22,6,Validation,243,09:48:55.000,09:49:17.000,22,2600
2026-09-16,2026-09-22,6,Validation,244,09:49:17.000,09:49:35.000,18,2600
2026-09-16,2026-09-22,6,Validation,245,09:49:35.000,09:49:47.000,12,4095
2026-09-16,2026-09-22,6,Validation,246,09:49:47.000,09:49:55.000,8,3510
2026-09-16,2026-09-22,6,Validation,247,09:49:55.000,09:50:10.000,15,3380
2026-09-16,2026-09-22,6,Validation,248,09:50:10.000,09:50:24.000,14,3055
2026-09-16,2026-09-22,6,Validation,249,09:50:24.000,09:50:29.000,5,3770
2026-09-16,2026-09-22,6,Validation,250,09:50:29.000,09:50:34.000,5,2925
2026-09-16,2026-09-22,6,Validation,251,09:50:34.000,09:50:44.000,10,2860
2026-09-16,2026-09-22,6,Validation,252,09:50:44.000,09:50:59.000,15,2665
2026-09-16,2026-09-22,6,Validation,253,09:50:59.000,09:51:12.000,13,2990
2026-09-16,2026-09-22,6,Validation,254,09:51:12.000,09:51:27.000,15,2730
2026-09-16,2026-09-22,6,Validation,255,09:51:27.000,09:51:46.000,19,3705
2026-09-16,2026-09-22,6,Validation,256,09:51:46.000,09:52:02.000,16,2665
2026-09-16,2026-09-22,6,Validation,257,09:52:02.000,09:52:17.000,15,2600
2026-09-16,2026-09-22,6,Validation,258,09:52:17.000,09:52:22.000,5,3640
2026-09-16,2026-09-22,6,Validation,259,09:52:22.000,09:52:27.000,5,2860
2026-09-16,2026-09-22,6,Validation,260,09:52:27.000,09:52:40.000,13,2600
2026-09-16,2026-09-22,6,Validation,261,09:52:40.000,09:52:44.000,4,2990
2026-09-16,2026-09-22,6,Validation,262,09:52:44.000,09:52:52.000,8,2600
2026-09-16,2026-09-22,6,Validation,263,09:52:52.000,09:52:59.000,7,4290
2026-09-16,2026-09-22,6,Validation,264,09:52:59.000,09:53:05.000,6,3510
2026-09-16,2026-09-22,6,Validation,265,09:53:05.000,09:53:22.000,17,2730
2026-09-16,2026-09-22,6,Validation,266,09:53:22.000,09:53:37.000,15,2925
2026-09-16,2026-09-22,6,Validation,267,09:53:37.000,09:53:46.000,9,4160
2026-09-16,2026-09-22,6,Validation,268,09:53:46.000,09:53:49.000,3,2665
2026-09-16,2026-09-22,6,Validation,269,09:53:49.000,09:54:17.000,28,2795
2026-09-16,2026-09-22,6,Validation,270,09:54:17.000,09:54:39.000,22,3315
2026-09-16,2026-09-22,6,Validation,271,09:54:39.000,09:54:44.000,5,3835
2026-09-16,2026-09-22,6,Validation,272,09:54:44.000,09:54:47.000,3,4615
2026-09-16,2026-09-22,6,Validation,273,09:54:47.000,09:54:52.000,5,3770
2026-09-16,2026-09-22,6,Validation,274,09:54:52.000,09:54:56.000,4,3510
2026-09-16,2026-09-22,6,Validation,275,09:54:56.000,09:54:59.000,3,3965
2026-09-16,2026-09-22,6,Validation,276,09:54:59.000,09:55:02.000,3,4290
2026-09-16,2026-09-22,6,Validation,277,09:55:02.000,09:55:04.000,2,3835
2026-09-16,2026-09-22,6,Validation,278,09:55:04.000,09:55:06.000,2,2860
2026-09-16,2026-09-22,6,Validation,279,09:55:06.000,09:55:09.000,3,3380
2026-09-16,2026-09-22,6,Validation,280,09:55:09.000,09:55:12.000,3,3575
2026-09-16,2026-09-22,6,Validation,281,09:55:12.000,09:55:14.000,2,4615
2026-09-16,2026-09-22,6,Validation,282,09:55:14.000,09:55:16.000,2,4355
2026-09-16,2026-09-22,6,Validation,283,09:55:16.000,09:55:17.000,1,3250
2026-09-16,2026-09-22,6,Validation,284,09:55:17.000,09:55:22.000,5,2860
2026-09-16,2026-09-22,6,Validation,285,09:55:22.000,09:55:26.000,4,3120
2026-09-16,2026-09-22,6,Validation,286,09:55:26.000,09:55:29.000,3,3250
2026-09-16,2026-09-22,6,Validation,287,09:55:29.000,09:55:37.000,8,2990
2026-09-16,2026-09-22,6,Validation,288,09:55:37.000,09:55:46.000,9,3445
2026-09-16,2026-09-22,6,Validation,289,09:55:46.000,09:55:54.000,8,3185
2026-09-16,2026-09-22,6,Validation,290,09:55:54.000,09:55:59.000,5,3705
2026-09-16,2026-09-22,6,Validation,291,09:55:59.000,09:56:04.000,5,3250
2026-09-16,2026-09-22,6,Validation,292,09:56:04.000,09:56:09.000,5,2925
2026-09-16,2026-09-22,6,Validation,293,09:56:09.000,09:56:12.000,3,2730
2026-09-16,2026-09-22,6,Validation,294,09:56:12.000,09:56:17.000,5,3120
2026-09-16,2026-09-22,6,Validation,295,09:56:17.000,09:56:22.000,5,4485
2026-09-16,2026-09-22,6,Validation,296,09:56:22.000,09:56:24.000,2,3835
2026-09-16,2026-09-22,6,Validation,297,09:56:24.000,09:56:27.000,3,2665
2026-09-16,2026-09-22,6,Validation,298,09:56:27.000,09:56:32.000,5,2600
2026-09-16,2026-09-22,6,Validation,299,09:56:32.000,09:56:41.000,9,2730
2026-09-16,2026-09-22,6,Validation,300,09:56:41.000,09:57:02.000,21,2925
2026-09-16,2026-09-22,6,Validation,301,09:57:02.000,09:57:14.000,12,3380
2026-09-16,2026-09-22,6,Validation,302,09:57:14.000,09:57:19.000,5,3055
2026-09-16,2026-09-22,6,Validation,303,09:57:19.000,09:57:23.000,4,2730
2026-09-16,2026-09-22,6,Validation,304,09:57:23.000,09:57:33.000,10,2730
2026-09-16,2026-09-22,6,Validation,305,09:57:33.000,09:57:41.000,8,3705
2026-09-16,2026-09-22,6,Validation,306,09:57:41.000,09:57:46.000,5,2860
2026-09-16,2026-09-22,6,Validation,307,09:57:46.000,09:58:01.000,15,2730
2026-09-16,2026-09-22,6,Validation,308,09:58:01.000,09:58:08.000,7,2665
2026-09-16,2026-09-22,6,Validation,309,09:58:08.000,09:58:14.000,6,2730
2026-09-16,2026-09-22,6,Validation,310,09:58:14.000,09:58:26.000,12,2600
2026-09-16,2026-09-22,6,Validation,311,09:58:26.000,09:58:36.000,10,2730
2026-09-16,2026-09-22,6,Validation,312,09:58:36.000,09:59:03.000,27,2925
2026-09-16,2026-09-22,6,Validation,313,09:59:03.000,09:59:19.000,16,2925
2026-09-16,2026-09-22,6,Validation,314,09:59:19.000,09:59:31.000,12,2730
2026-09-16,2026-09-22,6,Validation,315,09:59:31.000,10:00:06.000,35,2925
2026-09-16,2026-09-22,6,Validation,316,10:00:06.000,10:00:28.000,22,2730
2026-09-16,2026-09-22,6,Validation,317,10:00:28.000,10:00:43.000,15,3055
2026-09-16,2026-09-22,6,Validation,318,10:00:43.000,10:01:03.000,20,2990
2026-09-16,2026-09-22,6,Validation,319,10:01:03.000,10:01:31.000,28,2600
2026-09-16,2026-09-22,6,Validation,320,10:01:31.000,10:01:50.000,19,2795
2026-09-16,2026-09-22,6,Validation,321,10:01:50.000,10:02:18.000,28,3185
2026-09-16,2026-09-22,6,Validation,322,10:02:18.000,10:02:23.000,5,3250
2026-09-16,2026-09-22,6,Validation,323,10:02:23.000,10:02:44.000,21,3380
2026-09-16,2026-09-22,6,Validation,324,10:02:44.000,10:02:59.000,15,2860
2026-09-16,2026-09-22,6,Validation,325,10:02:59.000,10:03:49.000,50,2665
2026-09-16,2026-09-22,6,Validation,326,10:03:49.000,10:04:43.000,54,4225
2026-09-16,2026-09-22,6,Validation,327,10:04:43.000,10:05:04.000,21,3315
2026-09-16,2026-09-22,6,Validation,328,10:05:04.000,10:05:21.000,17,2600
2026-09-16,2026-09-22,6,Validation,329,10:05:21.000,10:05:34.000,13,4095
2026-09-16,2026-09-22,6,Validation,330,10:05:34.000,10:05:44.000,10,3705
2026-09-16,2026-09-22,6,Validation,331,10:05:44.000,10:06:16.000,32,2665
2026-09-16,2026-09-22,6,Validation,332,10:06:16.000,10:06:44.000,28,3055
2026-09-16,2026-09-22,6,Validation,333,10:06:44.000,10:07:08.000,24,2600
2026-09-16,2026-09-22,6,Validation,334,10:07:08.000,10:07:51.000,43,2990
2026-09-16,2026-09-22,6,Validation,335,10:07:51.000,10:08:03.000,12,4680
2026-09-16,2026-09-22,6,Validation,336,10:08:03.000,10:08:13.000,10,2600
2026-09-16,2026-09-22,6,Validation,337,10:08:13.000,10:08:51.000,38,2860
2026-09-16,2026-09-22,6,Validation,338,10:08:51.000,10:10:06.000,75,2600
2026-09-16,2026-09-22,6,Validation,339,10:10:06.000,10:11:43.000,97,2600
2026-09-16,2026-09-22,6,Validation,340,10:11:43.000,10:12:29.000,46,2795
2026-09-16,2026-09-22,6,Validation,341,10:12:29.000,10:13:21.000,52,3510
2026-09-16,2026-09-22,6,Validation,342,10:13:21.000,10:13:28.000,7,2925
2026-09-16,2026-09-22,6,Validation,343,10:13:28.000,10:15:03.000,95,2925
2026-09-16,2026-09-22,6,Validation,344,10:15:03.000,10:15:36.000,33,2925
2026-09-16,2026-09-22,6,Validation,345,10:15:36.000,10:16:18.000,42,2600
2026-09-16,2026-09-22,6,Validation,346,10:16:18.000,10:17:13.000,55,2990
2026-09-16,2026-09-22,6,Validation,347,10:17:13.000,10:17:48.000,35,2600
2026-09-16,2026-09-22,6,Validation,348,10:17:48.000,10:18:38.000,50,2730
2026-09-16,2026-09-22,6,Validation,349,10:18:38.000,10:19:38.000,60,2925
2026-09-16,2026-09-22,6,Validation,350,10:19:38.000,10:20:53.000,75,3250
2026-09-16,2026-09-22,6,Validation,351,10:20:53.000,10:22:04.000,71,2795
2026-09-16,2026-09-22,6,Validation,352,10:22:04.000,10:22:26.000,22,2665
2026-09-16,2026-09-22,6,Validation,353,10:22:26.000,10:23:29.000,63,3835
2026-09-16,2026-09-22,6,Validation,354,10:23:29.000,10:24:06.000,37,2665
2026-09-16,2026-09-22,6,Validation,355,10:24:06.000,10:25:06.000,60,2600
2026-09-16,2026-09-22,6,Validation,356,10:25:06.000,10:25:47.000,41,4225
2026-09-16,2026-09-22,6,Validation,357,10:25:47.000,10:26:09.000,22,2600
2026-09-16,2026-09-22,6,Validation,358,10:26:09.000,10:26:36.000,27,3250
2026-09-16,2026-09-22,6,Validation,359,10:26:36.000,10:27:29.000,53,2600
2026-09-16,2026-09-22,6,Validation,360,10:27:29.000,10:28:28.000,59,2665
2026-09-16,2026-09-22,6,Validation,361,10:28:28.000,10:29:27.000,59,2600
2026-09-16,2026-09-22,6,Validation,362,10:29:27.000,10:30:34.000,67,3770
2026-09-16,2026-09-22,6,Validation,363,10:30:34.000,10:30:59.000,25,2600
2026-09-16,2026-09-22,6,Validation,364,10:30:59.000,10:32:37.000,98,2665
2026-09-16,2026-09-22,6,Validation,365,10:32:37.000,10:33:12.000,35,2600
2026-09-16,2026-09-22,6,Validation,366,10:33:12.000,10:33:49.000,37,3185
2026-09-16,2026-09-22,6,Validation,367,10:33:49.000,10:34:47.000,58,6435
2026-09-16,2026-09-22,6,Validation,368,10:34:47.000,10:34:47.000,0,3835
2026-09-16,2026-09-22,6,Validation,369,10:34:48.000,10:35:04.000,16,2665
2026-09-16,2026-09-22,6,Validation,370,10:35:04.000,10:35:37.000,33,2600
2026-09-16,2026-09-22,6,Validation,371,10:35:37.000,10:36:05.000,28,3120
2026-09-16,2026-09-22,6,Validation,372,10:36:05.000,10:36:18.000,13,2600
2026-09-16,2026-09-22,6,Validation,373,10:36:18.000,10:36:41.000,23,3575
2026-09-16,2026-09-22,6,Validation,374,10:36:41.000,10:36:58.000,17,3380
2026-09-16,2026-09-22,6,Validation,375,10:36:58.000,10:37:03.000,5,6565
2026-09-16,2026-09-22,6,Validation,376,10:37:03.000,10:37:03.000,0,3965
2026-09-16,2026-09-22,6,Validation,377,10:37:04.000,10:37:18.000,14,2990
2026-09-16,2026-09-22,6,Validation,378,10:37:18.000,10:38:09.000,51,2665
2026-09-16,2026-09-22,6,Validation,379,10:38:09.000,10:39:27.000,78,2600
2026-09-16,2026-09-22,6,Validation,380,10:39:27.000,10:40:04.000,37,2665
2026-09-16,2026-09-22,6,Validation,381,10:40:04.000,10:40:47.000,43,2795
2026-09-16,2026-09-22,6,Validation,382,10:40:47.000,10:42:06.000,79,3315
2026-09-16,2026-09-22,6,Validation,383,10:42:06.000,10:42:24.000,18,2665
2026-09-16,2026-09-22,6,Validation,384,10:42:24.000,10:43:19.000,55,3380
2026-09-16,2026-09-22,6,Validation,385,10:43:19.000,10:43:30.000,11,2665
2026-09-16,2026-09-22,6,Validation,386,10:43:30.000,10:43:55.000,25,3510
2026-09-16,2026-09-22,6,Validation,387,10:43:55.000,10:44:05.000,10,3445
2026-09-16,2026-09-22,6,Validation,388,10:44:05.000,10:45:03.000,58,3965
2026-09-16,2026-09-22,6,Validation,389,10:45:03.000,10:45:14.000,11,2665
2026-09-16,2026-09-22,6,Validation,390,10:45:14.000,10:45:51.000,37,2925
2026-09-16,2026-09-22,6,Validation,391,10:45:51.000,10:47:24.000,93,2795
2026-09-16,2026-09-22,6,Validation,392,10:47:24.000,10:48:28.000,64,3185
2026-09-16,2026-09-22,6,Validation,393,10:48:28.000,10:48:51.000,23,2795
2026-09-16,2026-09-22,6,Validation,394,10:48:51.000,10:48:54.000,3,3965
2026-09-16,2026-09-22,6,Validation,395,10:48:54.000,10:49:09.000,15,2600
2026-09-16,2026-09-22,6,Validation,396,10:49:09.000,10:49:36.000,27,5460
2026-09-16,2026-09-22,6,Validation,397,10:49:36.000,10:49:36.000,0,2860
2026-09-16,2026-09-22,6,Validation,398,10:49:37.000,10:49:46.000,9,3575
2026-09-16,2026-09-22,6,Validation,399,10:49:46.000,10:49:59.000,13,2860
2026-09-16,2026-09-22,6,Validation,400,10:49:59.000,10:50:46.000,47,2665
2026-09-16,2026-09-22,6,Validation,401,10:50:46.000,10:51:27.000,41,2795
2026-09-16,2026-09-22,6,Validation,402,10:51:27.000,10:52:22.000,55,3445
2026-09-16,2026-09-22,6,Validation,403,10:52:22.000,10:52:24.000,2,3445
2026-09-16,2026-09-22,6,Validation,404,10:52:24.000,10:52:49.000,25,2665
2026-09-16,2026-09-22,6,Validation,405,10:52:49.000,10:53:05.000,16,2600
2026-09-16,2026-09-22,6,Validation,406,10:53:05.000,10:54:13.000,68,2665
2026-09-16,2026-09-22,6,Validation,407,10:54:13.000,10:55:08.000,55,2925
2026-09-16,2026-09-22,6,Validation,408,10:55:08.000,10:55:45.000,37,2600
2026-09-16,2026-09-22,6,Validation,409,10:55:45.000,10:56:03.000,18,2600
2026-09-16,2026-09-22,6,Validation,410,10:56:03.000,10:57:13.000,70,2600
2026-09-16,2026-09-22,6,Validation,411,10:57:13.000,10:59:37.000,144,2600
2026-09-16,2026-09-22,6,Validation,412,10:59:37.000,11:00:20.000,43,2795
2026-09-16,2026-09-22,6,Validation,413,11:00:20.000,11:01:12.000,52,2600
2026-09-16,2026-09-22,6,Validation,414,11:01:12.000,11:02:30.000,78,3120
2026-09-16,2026-09-22,6,Validation,415,11:02:30.000,11:02:36.000,6,3315
2026-09-16,2026-09-22,6,Validation,416,11:02:36.000,11:03:16.000,40,4810
2026-09-16,2026-09-22,6,Validation,417,11:03:16.000,11:03:17.000,1,3250
2026-09-16,2026-09-22,6,Validation,418,11:03:17.000,11:03:19.000,2,3705
2026-09-16,2026-09-22,6,Validation,419,11:03:19.000,11:03:29.000,10,2665
2026-09-16,2026-09-22,6,Validation,420,11:03:29.000,11:03:55.000,26,2860
2026-09-16,2026-09-22,6,Validation,421,11:03:55.000,11:04:41.000,46,2600
2026-09-16,2026-09-22,6,Validation,422,11:04:41.000,11:05:08.000,27,6695
2026-09-16,2026-09-22,6,Validation,423,11:05:08.000,11:05:08.000,0,4095
2026-09-16,2026-09-22,6,Validation,424,11:05:08.000,11:05:36.000,28,2665
2026-09-16,2026-09-22,6,Validation,425,11:05:36.000,11:07:21.000,105,2600
2026-09-16,2026-09-22,6,Validation,426,11:07:21.000,11:08:35.000,74,2665
2026-09-16,2026-09-22,6,Validation,427,11:08:35.000,11:08:50.000,15,3770
2026-09-16,2026-09-22,6,Validation,428,11:08:50.000,11:08:55.000,5,2990
2026-09-16,2026-09-22,6,Validation,429,11:08:55.000,11:09:24.000,29,3250
2026-09-16,2026-09-22,6,Validation,430,11:09:24.000,11:10:07.000,43,2730
2026-09-16,2026-09-22,6,Validation,431,11:10:07.000,11:12:13.000,126,2665
2026-09-16,2026-09-22,6,Validation,432,11:12:13.000,11:14:33.000,140,2600
2026-09-16,2026-09-22,6,Validation,433,11:14:33.000,11:16:10.000,97,2730
2026-09-16,2026-09-22,6,Validation,434,11:16:10.000,11:17:31.000,81,2795
2026-09-16,2026-09-22,6,Validation,435,11:17:31.000,11:18:22.000,51,2600
2026-09-16,2026-09-22,6,Validation,436,11:18:22.000,11:19:28.000,66,2730
2026-09-16,2026-09-22,6,Validation,437,11:19:28.000,11:20:17.000,49,2730
2026-09-16,2026-09-22,6,Validation,438,11:20:17.000,11:20:48.000,31,2795
2026-09-16,2026-09-22,6,Validation,439,11:20:48.000,11:21:31.000,43,3705
2026-09-16,2026-09-22,6,Validation,440,11:21:31.000,11:22:11.000,40,2600
2026-09-16,2026-09-22,6,Validation,441,11:22:11.000,11:22:44.000,33,3380
2026-09-16,2026-09-22,6,Validation,442,11:22:44.000,11:22:48.000,4,5330
2026-09-16,2026-09-22,6,Validation,443,11:22:48.000,11:22:48.000,0,2730
2026-09-16,2026-09-22,6,Validation,444,11:22:49.000,11:22:49.000,0,8060
2026-09-16,2026-09-22,6,Validation,445,11:22:49.000,11:22:49.000,0,5460
2026-09-16,2026-09-22,6,Validation,446,11:22:50.000,11:22:50.000,0,2860
2026-09-16,2026-09-22,6,Validation,447,11:22:50.000,11:24:05.000,75,2665
2026-09-16,2026-09-22,6,Validation,448,11:24:05.000,11:25:16.000,71,2600
2026-09-16,2026-09-22,6,Validation,449,11:25:16.000,11:26:40.000,84,3900
2026-09-16,2026-09-22,6,Validation,450,11:26:40.000,11:27:17.000,37,3250
2026-09-16,2026-09-22,6,Validation,451,11:27:17.000,11:27:37.000,20,4940
2026-09-16,2026-09-22,6,Validation,452,11:27:37.000,11:27:45.000,8,2795
2026-09-16,2026-09-22,6,Validation,453,11:27:45.000,11:28:12.000,27,2600
2026-09-16,2026-09-22,6,Validation,454,11:28:12.000,11:29:11.000,59,2665
2026-09-16,2026-09-22,6,Validation,455,11:29:11.000,11:30:05.000,54,2600
2026-09-16,2026-09-22,6,Validation,456,11:30:05.000,11:30:49.000,44,2730
2026-09-16,2026-09-22,6,Validation,457,11:30:49.000,11:31:47.000,58,2600
2026-09-16,2026-09-22,6,Validation,458,11:31:47.000,11:32:41.000,54,2665
2026-09-16,2026-09-22,6,Validation,459,11:32:41.000,11:33:50.000,69,2730
2026-09-16,2026-09-22,6,Validation,460,11:33:50.000,11:34:09.000,19,2600
2026-09-16,2026-09-22,6,Validation,461,11:34:09.000,11:34:42.000,33,2730
2026-09-16,2026-09-22,6,Validation,462,11:34:42.000,11:34:56.000,14,3770
2026-09-16,2026-09-22,6,Validation,463,11:34:56.000,11:35:15.000,19,2990
2026-09-16,2026-09-22,6,Validation,464,11:35:15.000,11:36:31.000,76,2990
2026-09-16,2026-09-22,6,Validation,465,11:36:31.000,11:37:59.000,88,2795
2026-09-16,2026-09-22,6,Validation,466,11:37:59.000,11:38:43.000,44,2600
2026-09-16,2026-09-22,6,Validation,467,11:38:43.000,11:40:18.000,95,3055
2026-09-16,2026-09-22,6,Validation,468,11:40:18.000,11:41:38.000,80,2600
2026-09-16,2026-09-22,6,Validation,469,11:41:38.000,11:42:39.000,61,2665
2026-09-16,2026-09-22,6,Validation,470,11:42:39.000,11:45:35.000,176,2730
2026-09-16,2026-09-22,6,Validation,471,11:45:35.000,11:45:43.000,8,6890
2026-09-16,2026-09-22,6,Validation,472,11:45:43.000,11:45:43.000,0,4290
2026-09-16,2026-09-22,6,Validation,473,11:45:45.000,11:45:48.000,3,2795
2026-09-16,2026-09-22,6,Validation,474,11:45:48.000,11:45:52.000,4,3250
2026-09-16,2026-09-22,6,Validation,475,11:45:52.000,11:46:08.000,16,2925
2026-09-16,2026-09-22,6,Validation,476,11:46:08.000,11:47:41.000,93,2600
2026-09-16,2026-09-22,6,Validation,477,11:47:41.000,11:50:22.000,161,2795
2026-09-16,2026-09-22,6,Validation,478,11:50:22.000,11:51:00.000,38,2860
2026-09-16,2026-09-22,6,Validation,479,11:51:00.000,11:51:59.000,59,2665
2026-09-16,2026-09-22,6,Validation,480,11:51:59.000,11:52:27.000,28,2600
2026-09-16,2026-09-22,6,Validation,481,11:52:27.000,11:56:00.000,213,2600
2026-09-16,2026-09-22,6,Validation,482,11:56:00.000,11:56:23.000,23,2730
2026-09-16,2026-09-22,6,Validation,483,11:56:23.000,11:56:38.000,15,2730
2026-09-16,2026-09-22,6,Validation,484,11:56:38.000,11:57:00.000,22,2665
2026-09-16,2026-09-22,6,Validation,485,11:57:00.000,11:58:13.000,73,2665
2026-09-16,2026-09-22,6,Validation,486,11:58:13.000,11:59:45.000,92,3965
2026-09-16,2026-09-22,6,Validation,487,11:59:45.000,12:00:04.000,19,2665
2026-09-16,2026-09-22,6,Validation,488,12:00:04.000,12:00:09.000,5,2730
2026-09-16,2026-09-22,6,Validation,489,12:00:09.000,12:01:38.000,89,2665
2026-09-16,2026-09-22,6,Validation,490,12:01:38.000,12:03:10.000,92,2925
2026-09-16,2026-09-22,6,Validation,491,12:03:10.000,12:03:29.000,19,2990
2026-09-16,2026-09-22,6,Validation,492,12:03:29.000,12:03:44.000,15,3705
2026-09-16,2026-09-22,6,Validation,493,12:03:44.000,12:03:52.000,8,2925
2026-09-16,2026-09-22,6,Validation,494,12:03:52.000,12:04:36.000,44,3120
2026-09-16,2026-09-22,6,Validation,495,12:04:36.000,12:05:43.000,67,3055
2026-09-16,2026-09-22,6,Validation,496,12:05:43.000,12:06:25.000,42,2860
2026-09-16,2026-09-22,6,Validation,497,12:06:25.000,12:07:15.000,50,3315
2026-09-16,2026-09-22,6,Validation,498,12:07:15.000,12:07:25.000,10,2600
2026-09-16,2026-09-22,6,Validation,499,12:07:25.000,12:08:00.000,35,2665
2026-09-16,2026-09-22,6,Validation,500,12:08:00.000,12:09:01.000,61,2860
2026-09-16,2026-09-22,6,Validation,501,12:09:01.000,12:10:15.000,74,2600
2026-09-16,2026-09-22,6,Validation,502,12:10:15.000,12:10:27.000,12,6760
2026-09-16,2026-09-22,6,Validation,503,12:10:27.000,12:10:27.000,0,4160
2026-09-16,2026-09-22,6,Validation,504,12:10:28.000,12:11:00.000,32,2665
2026-09-16,2026-09-22,6,Validation,505,12:11:00.000,12:12:52.000,112,2600
2026-09-16,2026-09-22,6,Validation,506,12:12:52.000,12:14:25.000,93,2925
2026-09-16,2026-09-22,6,Validation,507,12:14:25.000,12:15:18.000,53,2990
2026-09-16,2026-09-22,6,Validation,508,12:15:18.000,12:16:45.000,87,2600
2026-09-16,2026-09-22,6,Validation,509,12:16:45.000,12:17:21.000,36,4485
2026-09-16,2026-09-22,6,Validation,510,12:17:21.000,12:17:22.000,1,4030
2026-09-16,2026-09-22,6,Validation,511,12:17:22.000,12:17:24.000,2,7995
2026-09-16,2026-09-22,6,Validation,512,12:17:24.000,12:17:24.000,0,5395
2026-09-16,2026-09-22,6,Validation,513,12:17:24.000,12:17:24.000,0,2795
2026-09-16,2026-09-22,6,Validation,514,12:17:24.000,12:17:26.000,2,19175
2026-09-16,2026-09-22,6,Validation,515,12:17:26.000,12:17:26.000,0,16575
2026-09-16,2026-09-22,6,Validation,516,12:17:27.000,12:17:27.000,0,13975
2026-09-16,2026-09-22,6,Validation,517,12:17:27.000,12:17:27.000,0,11375
2026-09-16,2026-09-22,6,Validation,518,12:17:29.000,12:17:29.000,0,8775
2026-09-16,2026-09-22,6,Validation,519,12:17:29.000,12:17:29.000,0,6175
2026-09-16,2026-09-22,6,Validation,520,12:17:30.000,12:17:30.000,0,3575
2026-09-16,2026-09-22,6,Validation,521,12:17:30.000,12:17:36.000,6,2600
2026-09-16,2026-09-22,6,Validation,522,12:17:36.000,12:20:02.000,146,2600
2026-09-16,2026-09-22,6,Validation,523,12:20:02.000,12:21:43.000,101,2600
2026-09-16,2026-09-22,6,Validation,524,12:21:43.000,12:23:32.000,109,2600
2026-09-16,2026-09-22,6,Validation,525,12:23:32.000,12:24:55.000,83,2600
2026-09-16,2026-09-22,6,Validation,526,12:24:55.000,12:27:54.000,179,2600
2026-09-16,2026-09-22,6,Validation,527,12:27:54.000,12:31:28.000,214,2600
2026-09-16,2026-09-22,6,Validation,528,12:31:28.000,12:31:48.000,20,5655
2026-09-16,2026-09-22,6,Validation,529,12:31:48.000,12:31:48.000,0,3055
2026-09-16,2026-09-22,6,Validation,530,12:31:48.000,12:31:59.000,11,2600
2026-09-16,2026-09-22,6,Validation,531,12:31:59.000,12:32:38.000,39,2730
2026-09-16,2026-09-22,6,Validation,532,12:32:38.000,12:33:12.000,34,5460
2026-09-16,2026-09-22,6,Validation,533,12:33:12.000,12:33:12.000,0,2860
2026-09-16,2026-09-22,6,Validation,534,12:33:14.000,12:33:27.000,13,2730
2026-09-16,2026-09-22,6,Validation,535,12:33:27.000,12:33:54.000,27,2600
2026-09-16,2026-09-22,6,Validation,536,12:33:54.000,12:34:40.000,46,2730
2026-09-16,2026-09-22,6,Validation,537,12:34:40.000,12:35:32.000,52,2600
2026-09-16,2026-09-22,6,Validation,538,12:35:32.000,12:36:22.000,50,3965
2026-09-16,2026-09-22,6,Validation,539,12:36:22.000,12:37:16.000,54,2665
2026-09-16,2026-09-22,6,Validation,540,12:37:16.000,12:39:17.000,121,2600
2026-09-16,2026-09-22,6,Validation,541,12:39:17.000,12:42:13.000,176,2600
2026-09-16,2026-09-22,6,Validation,542,12:42:13.000,12:43:29.000,76,2730
2026-09-16,2026-09-22,6,Validation,543,12:43:29.000,12:44:25.000,56,2600
2026-09-16,2026-09-22,6,Validation,544,12:44:25.000,12:45:44.000,79,2795
2026-09-16,2026-09-22,6,Validation,545,12:45:44.000,12:46:03.000,19,2600
2026-09-16,2026-09-22,6,Validation,546,12:46:03.000,12:47:20.000,77,2600
2026-09-16,2026-09-22,6,Validation,547,12:47:20.000,12:47:56.000,36,2600
2026-09-16,2026-09-22,6,Validation,548,12:47:56.000,12:48:17.000,21,4615
2026-09-16,2026-09-22,6,Validation,549,12:48:17.000,12:48:53.000,36,2600
2026-09-16,2026-09-22,6,Validation,550,12:48:53.000,12:50:54.000,121,2600
2026-09-16,2026-09-22,6,Validation,551,12:50:54.000,12:51:55.000,61,2795
2026-09-16,2026-09-22,6,Validation,552,12:51:55.000,12:52:39.000,44,2600
2026-09-16,2026-09-22,6,Validation,553,12:52:39.000,12:53:53.000,74,3770
2026-09-16,2026-09-22,6,Validation,554,12:53:53.000,12:54:51.000,58,2730
2026-09-16,2026-09-22,6,Validation,555,12:54:51.000,12:55:34.000,43,2925
2026-09-16,2026-09-22,6,Validation,556,12:55:34.000,12:56:29.000,55,2730
2026-09-16,2026-09-22,6,Validation,557,12:56:29.000,12:57:20.000,51,2600
2026-09-16,2026-09-22,6,Validation,558,12:57:20.000,12:59:26.000,126,2600
2026-09-16,2026-09-22,6,Validation,559,12:59:26.000,12:59:56.000,30,3120
2026-09-16,2026-09-22,6,Validation,560,12:59:56.000,13:00:17.000,21,2730
2026-09-16,2026-09-22,6,Validation,561,13:00:17.000,13:01:05.000,48,2665
2026-09-16,2026-09-22,6,Validation,562,13:01:05.000,13:01:46.000,41,2730
2026-09-16,2026-09-22,6,Validation,563,13:01:46.000,13:03:48.000,122,2925
2026-09-16,2026-09-22,6,Validation,564,13:03:48.000,13:05:04.000,76,2730
2026-09-16,2026-09-22,6,Validation,565,13:05:04.000,13:06:14.000,70,2925
2026-09-16,2026-09-22,6,Validation,566,13:06:14.000,13:07:06.000,52,3120
2026-09-16,2026-09-22,6,Validation,567,13:07:06.000,13:07:29.000,23,4680
2026-09-16,2026-09-22,6,Validation,568,13:07:29.000,13:07:44.000,15,2730
2026-09-16,2026-09-22,6,Validation,569,13:07:44.000,13:08:07.000,23,2795
2026-09-16,2026-09-22,6,Validation,570,13:08:07.000,13:08:39.000,32,2795
2026-09-16,2026-09-22,6,Validation,571,13:08:39.000,13:08:52.000,13,3380
2026-09-16,2026-09-22,6,Validation,572,13:08:52.000,13:09:05.000,13,3900
2026-09-16,2026-09-22,6,Validation,573,13:09:05.000,13:09:15.000,10,4355
2026-09-16,2026-09-22,6,Validation,574,13:09:15.000,13:09:20.000,5,8580
2026-09-16,2026-09-22,6,Validation,575,13:09:20.000,13:09:20.000,0,5980
2026-09-16,2026-09-22,6,Validation,576,13:09:21.000,13:09:21.000,0,3380
2026-09-16,2026-09-22,6,Validation,577,13:09:21.000,13:09:22.000,1,3770
2026-09-16,2026-09-22,6,Validation,578,13:09:22.000,13:09:27.000,5,2990
2026-09-16,2026-09-22,6,Validation,579,13:09:27.000,13:10:09.000,42,2600
2026-09-16,2026-09-22,6,Validation,580,13:10:09.000,13:10:33.000,24,2600
2026-09-16,2026-09-22,6,Validation,581,13:10:33.000,13:11:31.000,58,2665
2026-09-16,2026-09-22,6,Validation,582,13:11:31.000,13:11:38.000,7,2600
2026-09-16,2026-09-22,6,Validation,583,13:11:38.000,13:12:03.000,25,3705
2026-09-16,2026-09-22,6,Validation,584,13:12:03.000,13:12:46.000,43,3250
2026-09-16,2026-09-22,6,Validation,585,13:12:46.000,13:13:14.000,28,4355
2026-09-16,2026-09-22,6,Validation,586,13:13:14.000,13:13:16.000,2,2860
2026-09-16,2026-09-22,6,Validation,587,13:13:16.000,13:14:42.000,86,2730
2026-09-16,2026-09-22,6,Validation,588,13:14:42.000,13:15:00.000,18,4030
2026-09-16,2026-09-22,6,Validation,589,13:15:00.000,13:15:10.000,10,2860
2026-09-16,2026-09-22,6,Validation,590,13:15:10.000,13:15:20.000,10,3835
2026-09-16,2026-09-22,6,Validation,591,13:15:20.000,13:15:26.000,6,2730
2026-09-16,2026-09-22,6,Validation,592,13:15:26.000,13:15:49.000,23,2665
2026-09-16,2026-09-22,6,Validation,593,13:15:49.000,13:16:12.000,23,2860
2026-09-16,2026-09-22,6,Validation,594,13:16:12.000,13:16:22.000,10,4095
2026-09-16,2026-09-22,6,Validation,595,13:16:22.000,13:16:38.000,16,2925
2026-09-16,2026-09-22,6,Validation,596,13:16:38.000,13:16:47.000,9,2665
2026-09-16,2026-09-22,6,Validation,597,13:16:47.000,13:16:53.000,6,13780
2026-09-16,2026-09-22,6,Validation,598,13:16:53.000,13:16:53.000,0,11180
2026-09-16,2026-09-22,6,Validation,599,13:16:53.000,13:16:53.000,0,8580
2026-09-16,2026-09-22,6,Validation,600,13:16:53.000,13:16:53.000,0,5980
2026-09-16,2026-09-22,6,Validation,601,13:16:54.000,13:16:54.000,0,3380
2026-09-16,2026-09-22,6,Validation,602,13:16:54.000,13:16:55.000,1,5460
2026-09-16,2026-09-22,6,Validation,603,13:16:55.000,13:16:55.000,0,2860
2026-09-16,2026-09-22,6,Validation,604,13:16:55.000,13:17:05.000,10,2600
2026-09-16,2026-09-22,6,Validation,605,13:17:05.000,13:17:17.000,12,2730
2026-09-16,2026-09-22,6,Validation,606,13:17:17.000,13:18:10.000,53,2600
2026-09-16,2026-09-22,6,Validation,607,13:18:10.000,13:19:13.000,63,3185
2026-09-16,2026-09-22,6,Validation,608,13:19:13.000,13:20:04.000,51,2600
2026-09-16,2026-09-22,6,Validation,609,13:20:04.000,13:21:56.000,112,2990
2026-09-16,2026-09-22,6,Validation,610,13:21:56.000,13:23:15.000,79,2665
2026-09-16,2026-09-22,6,Validation,611,13:23:15.000,13:23:54.000,39,2665
2026-09-16,2026-09-22,6,Validation,612,13:23:54.000,13:24:57.000,63,3120
2026-09-16,2026-09-22,6,Validation,613,13:24:57.000,13:25:18.000,21,3510
2026-09-16,2026-09-22,6,Validation,614,13:25:18.000,13:25:53.000,35,2665
2026-09-16,2026-09-22,6,Validation,615,13:25:53.000,13:26:18.000,25,3315
2026-09-16,2026-09-22,6,Validation,616,13:26:18.000,13:27:11.000,53,5460
2026-09-16,2026-09-22,6,Validation,617,13:27:11.000,13:27:11.000,0,2860
2026-09-16,2026-09-22,6,Validation,618,13:27:12.000,13:27:44.000,32,2600
2026-09-16,2026-09-22,6,Validation,619,13:27:44.000,13:28:45.000,61,2665
2026-09-16,2026-09-22,6,Validation,620,13:28:45.000,13:28:47.000,2,4420
2026-09-16,2026-09-22,6,Validation,621,13:28:47.000,13:29:02.000,15,2665
2026-09-16,2026-09-22,6,Validation,622,13:29:02.000,13:29:27.000,25,2795
2026-09-16,2026-09-22,6,Validation,623,13:29:27.000,13:29:37.000,10,2600
2026-09-16,2026-09-22,6,Validation,624,13:29:37.000,13:30:27.000,50,2665
2026-09-16,2026-09-22,6,Validation,625,13:30:27.000,13:31:13.000,46,2860
2026-09-16,2026-09-22,6,Validation,626,13:31:13.000,13:31:25.000,12,2730
2026-09-16,2026-09-22,6,Validation,627,13:31:25.000,13:32:53.000,88,2600
2026-09-16,2026-09-22,6,Validation,628,13:32:53.000,13:33:17.000,24,2600
2026-09-16,2026-09-22,6,Validation,629,13:33:17.000,13:33:55.000,38,2925
2026-09-16,2026-09-22,6,Validation,630,13:33:55.000,13:34:12.000,17,2600
2026-09-16,2026-09-22,6,Validation,631,13:34:12.000,13:34:47.000,35,2600
2026-09-16,2026-09-22,6,Validation,632,13:34:47.000,13:35:38.000,51,2665
2026-09-16,2026-09-22,6,Validation,633,13:35:38.000,13:36:31.000,53,2990
2026-09-16,2026-09-22,6,Validation,634,13:36:31.000,13:37:39.000,68,2600
2026-09-16,2026-09-22,6,Validation,635,13:37:39.000,13:38:13.000,34,2665
2026-09-16,2026-09-22,6,Validation,636,13:38:13.000,13:38:49.000,36,2665
2026-09-16,2026-09-22,6,Validation,637,13:38:49.000,13:40:23.000,94,2600
2026-09-16,2026-09-22,6,Validation,638,13:40:23.000,13:40:26.000,3,3380
2026-09-16,2026-09-22,6,Validation,639,13:40:26.000,13:41:08.000,42,2600
2026-09-16,2026-09-22,6,Validation,640,13:41:08.000,13:41:47.000,39,2665
2026-09-16,2026-09-22,6,Validation,641,13:41:47.000,13:42:38.000,51,2795
2026-09-16,2026-09-22,6,Validation,642,13:42:38.000,13:43:16.000,38,3315
2026-09-16,2026-09-22,6,Validation,643,13:43:16.000,13:43:48.000,32,3120
2026-09-16,2026-09-22,6,Validation,644,13:43:48.000,13:44:22.000,34,3965
2026-09-16,2026-09-22,6,Validation,645,13:44:22.000,13:44:39.000,17,2600
2026-09-16,2026-09-22,6,Validation,646,13:44:39.000,13:44:47.000,8,2665
2026-09-16,2026-09-22,6,Validation,647,13:44:47.000,13:45:35.000,48,2730
2026-09-16,2026-09-22,6,Validation,648,13:45:35.000,13:46:41.000,66,2600
2026-09-16,2026-09-22,6,Validation,649,13:46:41.000,13:47:42.000,61,3185
2026-09-16,2026-09-22,6,Validation,650,13:47:42.000,13:48:02.000,20,2795
2026-09-16,2026-09-22,6,Validation,651,13:48:02.000,13:48:57.000,55,2600
2026-09-16,2026-09-22,6,Validation,652,13:48:57.000,13:50:04.000,67,2600
2026-09-16,2026-09-22,6,Validation,653,13:50:04.000,13:51:55.000,111,2730
2026-09-16,2026-09-22,6,Validation,654,13:51:55.000,13:53:17.000,82,2600
2026-09-16,2026-09-22,6,Validation,655,13:53:17.000,13:54:42.000,85,2925
2026-09-16,2026-09-22,6,Validation,656,13:54:42.000,13:56:43.000,121,2730
2026-09-16,2026-09-22,6,Validation,657,13:56:43.000,13:58:33.000,110,2730
2026-09-16,2026-09-22,6,Validation,658,13:58:33.000,14:00:00.000,87,2600
2026-09-16,2026-09-22,6,Validation,659,14:00:00.000,14:00:11.000,11,2730
2026-09-16,2026-09-22,6,Validation,660,14:00:11.000,14:01:29.000,78,2600
2026-09-16,2026-09-22,6,Validation,661,14:01:29.000,14:02:02.000,33,2925
2026-09-16,2026-09-22,6,Validation,662,14:02:02.000,14:02:37.000,35,2600
2026-09-16,2026-09-22,6,Validation,663,14:02:37.000,14:05:23.000,166,2795
2026-09-16,2026-09-22,6,Validation,664,14:05:23.000,14:06:34.000,71,2860
2026-09-16,2026-09-22,6,Validation,665,14:06:34.000,14:08:03.000,89,2860
2026-09-16,2026-09-22,6,Validation,666,14:08:03.000,14:09:24.000,81,2925
2026-09-16,2026-09-22,6,Validation,667,14:09:24.000,14:11:07.000,103,2665
2026-09-16,2026-09-22,6,Validation,668,14:11:07.000,14:12:18.000,71,2730
2026-09-16,2026-09-22,6,Validation,669,14:12:18.000,14:13:11.000,53,2600
2026-09-16,2026-09-22,6,Validation,670,14:13:11.000,14:14:00.000,49,2600
2026-09-16,2026-09-22,6,Validation,671,14:14:00.000,14:15:07.000,67,2665
2026-09-16,2026-09-22,6,Validation,672,14:15:07.000,14:15:24.000,17,2730
2026-09-16,2026-09-22,6,Validation,673,14:15:24.000,14:16:47.000,83,2600
2026-09-16,2026-09-22,6,Validation,674,14:16:47.000,14:17:56.000,69,2600
2026-09-16,2026-09-22,6,Validation,675,14:17:56.000,14:19:17.000,81,4225
2026-09-16,2026-09-22,6,Validation,676,14:19:17.000,14:19:29.000,12,3510
2026-09-16,2026-09-22,6,Validation,677,14:19:29.000,14:20:13.000,44,4030
2026-09-16,2026-09-22,6,Validation,678,14:20:13.000,14:20:25.000,12,2925
2026-09-16,2026-09-22,6,Validation,679,14:20:25.000,14:20:54.000,29,2600
2026-09-16,2026-09-22,6,Validation,680,14:20:54.000,14:22:26.000,92,2795
2026-09-16,2026-09-22,6,Validation,681,14:22:26.000,14:25:01.000,155,2600
2026-09-16,2026-09-22,6,Validation,682,14:25:01.000,14:27:58.000,177,2665
2026-09-16,2026-09-22,6,Validation,683,14:27:58.000,14:28:22.000,24,2665
2026-09-16,2026-09-22,6,Validation,684,14:28:22.000,14:29:16.000,54,2795
2026-09-16,2026-09-22,6,Validation,685,14:29:16.000,14:30:22.000,66,3055
2026-09-16,2026-09-22,6,Validation,686,14:30:22.000,14:31:37.000,75,2600
2026-09-16,2026-09-22,6,Validation,687,14:31:37.000,14:33:31.000,114,2600
2026-09-16,2026-09-22,6,Validation,688,14:33:31.000,14:35:12.000,101,2730
2026-09-16,2026-09-22,6,Validation,689,14:35:12.000,14:37:50.000,158,2730
2026-09-16,2026-09-22,6,Validation,690,14:37:50.000,14:38:40.000,50,3055
2026-09-16,2026-09-22,6,Validation,691,14:38:40.000,14:39:31.000,51,2730
2026-09-16,2026-09-22,6,Validation,692,14:39:31.000,14:41:15.000,104,2730
2026-09-16,2026-09-22,6,Validation,693,14:41:15.000,14:42:28.000,73,3705
2026-09-16,2026-09-22,6,Validation,694,14:42:28.000,14:43:09.000,41,2600
2026-09-16,2026-09-22,6,Validation,695,14:43:09.000,14:44:03.000,54,2600
2026-09-16,2026-09-22,6,Validation,696,14:44:03.000,14:45:52.000,109,2860
2026-09-16,2026-09-22,6,Validation,697,14:45:52.000,14:46:43.000,51,2795
2026-09-16,2026-09-22,6,Validation,698,14:46:43.000,14:48:17.000,94,2665
2026-09-16,2026-09-22,6,Validation,699,14:48:17.000,14:49:28.000,71,2600
2026-09-16,2026-09-22,6,Validation,700,14:49:28.000,14:51:52.000,144,2990
2026-09-16,2026-09-22,6,Validation,701,14:51:52.000,14:53:12.000,80,2665
2026-09-16,2026-09-22,6,Validation,702,14:53:12.000,14:54:39.000,87,3120
2026-09-16,2026-09-22,6,Validation,703,14:54:39.000,14:55:24.000,45,2795
2026-09-16,2026-09-22,6,Validation,704,14:55:24.000,14:56:12.000,48,2730
2026-09-16,2026-09-22,6,Validation,705,14:56:12.000,14:56:58.000,46,2665
2026-09-16,2026-09-22,6,Validation,706,14:56:58.000,14:57:08.000,10,4875
2026-09-16,2026-09-22,6,Validation,707,14:57:08.000,14:57:12.000,4,2990
2026-09-16,2026-09-22,6,Validation,708,14:57:12.000,14:57:43.000,31,2925
2026-09-16,2026-09-22,6,Validation,709,14:57:43.000,14:58:07.000,24,3055
2026-09-16,2026-09-22,6,Validation,710,14:58:07.000,14:58:38.000,31,3640
2026-09-16,2026-09-22,6,Validation,711,14:58:38.000,14:59:17.000,39,2665
2026-09-16,2026-09-22,6,Validation,712,14:59:17.000,14:59:47.000,30,2600
2026-09-16,2026-09-22,6,Validation,713,14:59:47.000,15:00:01.000,14,6240
2026-09-16,2026-09-22,6,Validation,714,15:00:01.000,15:00:01.000,0,3640
2026-09-16,2026-09-22,6,Validation,715,15:00:02.000,15:00:21.000,19,3510
2026-09-16,2026-09-22,6,Validation,716,15:00:21.000,15:00:30.000,9,2990
2026-09-16,2026-09-22,6,Validation,717,15:00:30.000,15:00:48.000,18,2795
2026-09-16,2026-09-22,6,Validation,718,15:00:48.000,15:01:50.000,62,2600
2026-09-16,2026-09-22,6,Validation,719,15:01:50.000,15:03:42.000,112,2600
2026-09-16,2026-09-22,6,Validation,720,15:03:42.000,15:04:32.000,50,2795
2026-09-16,2026-09-22,6,Validation,721,15:04:32.000,15:05:36.000,64,2600
2026-09-16,2026-09-22,6,Validation,722,15:05:36.000,15:06:11.000,35,3315
2026-09-16,2026-09-22,6,Validation,723,15:06:11.000,15:07:21.000,70,2730
2026-09-16,2026-09-22,6,Validation,724,15:07:21.000,15:08:04.000,43,2795
2026-09-16,2026-09-22,6,Validation,725,15:08:04.000,15:08:52.000,48,2730
2026-09-16,2026-09-22,6,Validation,726,15:08:52.000,15:09:38.000,46,2665
2026-09-16,2026-09-22,6,Validation,727,15:09:38.000,15:09:58.000,20,3510
2026-09-16,2026-09-22,6,Validation,728,15:09:58.000,15:10:16.000,18,2730
2026-09-16,2026-09-22,6,Validation,729,15:10:16.000,15:10:36.000,20,2925
2026-09-16,2026-09-22,6,Validation,730,15:10:36.000,15:10:51.000,15,2860
2026-09-16,2026-09-22,6,Validation,731,15:10:51.000,15:11:11.000,20,3445
2026-09-16,2026-09-22,6,Validation,732,15:11:11.000,15:11:24.000,13,2600
2026-09-16,2026-09-22,6,Validation,733,15:11:24.000,15:11:59.000,35,4355
2026-09-16,2026-09-22,6,Validation,734,15:11:59.000,15:12:01.000,2,7605
2026-09-16,2026-09-22,6,Validation,735,15:12:01.000,15:12:01.000,0,5005
2026-09-16,2026-09-22,6,Validation,736,15:12:02.000,15:12:07.000,5,2730
2026-09-16,2026-09-22,6,Validation,737,15:12:07.000,15:12:40.000,33,3055
2026-09-16,2026-09-22,6,Validation,738,15:12:40.000,15:13:25.000,45,2600
2026-09-16,2026-09-22,6,Validation,739,15:13:25.000,15:14:10.000,45,4290
2026-09-16,2026-09-22,6,Validation,740,15:14:10.000,15:14:23.000,13,2600
2026-09-16,2026-09-22,6,Validation,741,15:14:23.000,15:14:51.000,28,2665
2026-09-16,2026-09-22,6,Validation,742,15:14:51.000,15:15:22.000,31,2795
2026-09-16,2026-09-22,6,Validation,743,15:15:22.000,15:15:42.000,20,2925
2026-09-16,2026-09-22,6,Validation,744,15:15:42.000,15:15:57.000,15,3250
2026-09-16,2026-09-22,6,Validation,745,15:15:57.000,15:16:30.000,33,2600
2026-09-16,2026-09-22,6,Validation,746,15:16:30.000,15:17:06.000,36,2665
2026-09-16,2026-09-22,6,Validation,747,15:17:06.000,15:17:16.000,10,2990
2026-09-16,2026-09-22,6,Validation,748,15:17:16.000,15:17:33.000,17,2600
2026-09-16,2026-09-22,6,Validation,749,15:17:33.000,15:18:22.000,49,2795
2026-09-16,2026-09-22,6,Validation,750,15:18:22.000,15:19:12.000,50,3185
2026-09-16,2026-09-22,6,Validation,751,15:19:12.000,15:19:28.000,16,2795
2026-09-16,2026-09-22,6,Validation,752,15:19:28.000,15:19:53.000,25,2600
2026-09-16,2026-09-22,6,Validation,753,15:19:53.000,15:20:30.000,37,3380
2026-09-16,2026-09-22,6,Validation,754,15:20:30.000,15:21:36.000,66,2665
2026-09-16,2026-09-22,6,Validation,755,15:21:36.000,15:22:19.000,43,2730
2026-09-16,2026-09-22,6,Validation,756,15:22:19.000,15:23:56.000,97,3900
2026-09-16,2026-09-22,6,Validation,757,15:23:56.000,15:24:27.000,31,2600
2026-09-16,2026-09-22,6,Validation,758,15:24:27.000,15:25:15.000,48,2600
2026-09-16,2026-09-22,6,Validation,759,15:25:15.000,15:25:50.000,35,2600
2026-09-16,2026-09-22,6,Validation,760,15:25:50.000,15:26:13.000,23,3055
2026-09-16,2026-09-22,6,Validation,761,15:26:13.000,15:27:14.000,61,2600
2026-09-16,2026-09-22,6,Validation,762,15:27:14.000,15:27:37.000,23,2860
2026-09-16,2026-09-22,6,Validation,763,15:27:37.000,15:27:45.000,8,2990
2026-09-16,2026-09-22,6,Validation,764,15:27:45.000,15:28:09.000,24,2730
2026-09-16,2026-09-22,6,Validation,765,15:28:09.000,15:28:56.000,47,2795
2026-09-16,2026-09-22,6,Validation,766,15:28:56.000,15:29:10.000,14,2600
2026-09-16,2026-09-22,6,Validation,767,15:29:10.000,15:30:00.000,50,2340
2026-09-17,2026-09-22,5,Validation,0,09:15:00.000,09:15:00.000,0,3770
2026-09-17,2026-09-22,5,Validation,1,09:15:00.000,09:15:01.000,1,7540
2026-09-17,2026-09-22,5,Validation,2,09:15:01.000,09:15:01.000,0,4940
2026-09-17,2026-09-22,5,Validation,3,09:15:02.000,09:15:03.000,1,4875
2026-09-17,2026-09-22,5,Validation,4,09:15:03.000,09:15:04.000,1,3575
2026-09-17,2026-09-22,5,Validation,5,09:15:04.000,09:15:07.000,3,8580
2026-09-17,2026-09-22,5,Validation,6,09:15:07.000,09:15:07.000,0,5980
2026-09-17,2026-09-22,5,Validation,7,09:15:09.000,09:15:09.000,0,3380
2026-09-17,2026-09-22,5,Validation,8,09:15:09.000,09:15:12.000,3,2860
2026-09-17,2026-09-22,5,Validation,9,09:15:12.000,09:15:14.000,2,2925
2026-09-17,2026-09-22,5,Validation,10,09:15:14.000,09:15:20.000,6,2860
2026-09-17,2026-09-22,5,Validation,11,09:15:20.000,09:15:28.000,8,2600
2026-09-17,2026-09-22,5,Validation,12,09:15:28.000,09:15:36.000,8,4160
2026-09-17,2026-09-22,5,Validation,13,09:15:36.000,09:15:41.000,5,2730
2026-09-17,2026-09-22,5,Validation,14,09:15:41.000,09:15:51.000,10,2730
2026-09-17,2026-09-22,5,Validation,15,09:15:51.000,09:16:00.000,9,4030
2026-09-17,2026-09-22,5,Validation,16,09:16:00.000,09:16:07.000,7,2600
2026-09-17,2026-09-22,5,Validation,17,09:16:07.000,09:16:23.000,16,2600
2026-09-17,2026-09-22,5,Validation,18,09:16:23.000,09:16:35.000,12,2925
2026-09-17,2026-09-22,5,Validation,19,09:16:35.000,09:16:48.000,13,2795
2026-09-17,2026-09-22,5,Validation,20,09:16:48.000,09:17:00.000,12,2730
2026-09-17,2026-09-22,5,Validation,21,09:17:00.000,09:17:07.000,7,4485
2026-09-17,2026-09-22,5,Validation,22,09:17:07.000,09:17:13.000,6,2795
2026-09-17,2026-09-22,5,Validation,23,09:17:13.000,09:17:28.000,15,2665
2026-09-17,2026-09-22,5,Validation,24,09:17:28.000,09:17:43.000,15,2600
2026-09-17,2026-09-22,5,Validation,25,09:17:43.000,09:18:07.000,24,4420
2026-09-17,2026-09-22,5,Validation,26,09:18:07.000,09:18:09.000,2,3835
2026-09-17,2026-09-22,5,Validation,27,09:18:09.000,09:18:17.000,8,3185
2026-09-17,2026-09-22,5,Validation,28,09:18:17.000,09:18:27.000,10,3445
2026-09-17,2026-09-22,5,Validation,29,09:18:27.000,09:18:35.000,8,2860
2026-09-17,2026-09-22,5,Validation,30,09:18:35.000,09:18:50.000,15,3380
2026-09-17,2026-09-22,5,Validation,31,09:18:50.000,09:19:04.000,14,2665
2026-09-17,2026-09-22,5,Validation,32,09:19:04.000,09:19:37.000,33,3315
2026-09-17,2026-09-22,5,Validation,33,09:19:37.000,09:19:47.000,10,2600
2026-09-17,2026-09-22,5,Validation,34,09:19:47.000,09:20:12.000,25,2925
2026-09-17,2026-09-22,5,Validation,35,09:20:12.000,09:20:22.000,10,4615
2026-09-17,2026-09-22,5,Validation,36,09:20:22.000,09:20:24.000,2,3315
2026-09-17,2026-09-22,5,Validation,37,09:20:24.000,09:20:40.000,16,3250
2026-09-17,2026-09-22,5,Validation,38,09:20:40.000,09:20:57.000,17,2860
2026-09-17,2026-09-22,5,Validation,39,09:20:57.000,09:21:19.000,22,2600
2026-09-17,2026-09-22,5,Validation,40,09:21:19.000,09:21:32.000,13,3055
2026-09-17,2026-09-22,5,Validation,41,09:21:32.000,09:21:44.000,12,7605
2026-09-17,2026-09-22,5,Validation,42,09:21:44.000,09:21:44.000,0,5005
2026-09-17,2026-09-22,5,Validation,43,09:21:45.000,09:21:49.000,4,2860
2026-09-17,2026-09-22,5,Validation,44,09:21:49.000,09:22:07.000,18,2600
2026-09-17,2026-09-22,5,Validation,45,09:22:07.000,09:22:49.000,42,2600
2026-09-17,2026-09-22,5,Validation,46,09:22:49.000,09:23:39.000,50,2600
2026-09-17,2026-09-22,5,Validation,47,09:23:39.000,09:24:20.000,41,2600
2026-09-17,2026-09-22,5,Validation,48,09:24:20.000,09:24:54.000,34,4550
2026-09-17,2026-09-22,5,Validation,49,09:24:54.000,09:25:07.000,13,2860
2026-09-17,2026-09-22,5,Validation,50,09:25:07.000,09:25:36.000,29,2665
2026-09-17,2026-09-22,5,Validation,51,09:25:36.000,09:25:52.000,16,2600
2026-09-17,2026-09-22,5,Validation,52,09:25:52.000,09:26:06.000,14,2600
2026-09-17,2026-09-22,5,Validation,53,09:26:06.000,09:26:34.000,28,4225
2026-09-17,2026-09-22,5,Validation,54,09:26:34.000,09:26:41.000,7,4095
2026-09-17,2026-09-22,5,Validation,55,09:26:41.000,09:26:49.000,8,2795
2026-09-17,2026-09-22,5,Validation,56,09:26:49.000,09:26:56.000,7,2925
2026-09-17,2026-09-22,5,Validation,57,09:26:56.000,09:27:09.000,13,4940
2026-09-17,2026-09-22,5,Validation,58,09:27:09.000,09:27:16.000,7,2860
2026-09-17,2026-09-22,5,Validation,59,09:27:16.000,09:28:16.000,60,2600
2026-09-17,2026-09-22,5,Validation,60,09:28:16.000,09:29:28.000,72,2600
2026-09-17,2026-09-22,5,Validation,61,09:29:28.000,09:30:27.000,59,2730
2026-09-17,2026-09-22,5,Validation,62,09:30:27.000,09:31:04.000,37,2665
2026-09-17,2026-09-22,5,Validation,63,09:31:04.000,09:31:14.000,10,5265
2026-09-17,2026-09-22,5,Validation,64,09:31:14.000,09:31:14.000,0,2665
2026-09-17,2026-09-22,5,Validation,65,09:31:16.000,09:31:21.000,5,5395
2026-09-17,2026-09-22,5,Validation,66,09:31:21.000,09:31:21.000,0,2795
2026-09-17,2026-09-22,5,Validation,67,09:31:23.000,09:31:29.000,6,5395
2026-09-17,2026-09-22,5,Validation,68,09:31:29.000,09:31:29.000,0,2795
2026-09-17,2026-09-22,5,Validation,69,09:31:30.000,09:31:36.000,6,5330
2026-09-17,2026-09-22,5,Validation,70,09:31:36.000,09:31:36.000,0,2730
2026-09-17,2026-09-22,5,Validation,71,09:31:37.000,09:31:43.000,6,6240
2026-09-17,2026-09-22,5,Validation,72,09:31:43.000,09:31:43.000,0,3640
2026-09-17,2026-09-22,5,Validation,73,09:31:44.000,09:31:58.000,14,3250
2026-09-17,2026-09-22,5,Validation,74,09:31:58.000,09:32:21.000,23,2730
2026-09-17,2026-09-22,5,Validation,75,09:32:21.000,09:32:29.000,8,2730
2026-09-17,2026-09-22,5,Validation,76,09:32:29.000,09:32:47.000,18,2860
2026-09-17,2026-09-22,5,Validation,77,09:32:47.000,09:33:21.000,34,2665
2026-09-17,2026-09-22,5,Validation,78,09:33:21.000,09:33:29.000,8,3835
2026-09-17,2026-09-22,5,Validation,79,09:33:29.000,09:33:41.000,12,3185
2026-09-17,2026-09-22,5,Validation,80,09:33:41.000,09:33:56.000,15,2795
2026-09-17,2026-09-22,5,Validation,81,09:33:56.000,09:34:16.000,20,2795
2026-09-17,2026-09-22,5,Validation,82,09:34:16.000,09:34:31.000,15,2600
2026-09-17,2026-09-22,5,Validation,83,09:34:31.000,09:34:42.000,11,2665
2026-09-17,2026-09-22,5,Validation,84,09:34:42.000,09:35:11.000,29,3575
2026-09-17,2026-09-22,5,Validation,85,09:35:11.000,09:35:16.000,5,2925
2026-09-17,2026-09-22,5,Validation,86,09:35:16.000,09:35:19.000,3,3510
2026-09-17,2026-09-22,5,Validation,87,09:35:19.000,09:35:24.000,5,2730
2026-09-17,2026-09-22,5,Validation,88,09:35:24.000,09:35:33.000,9,6695
2026-09-17,2026-09-22,5,Validation,89,09:35:33.000,09:35:33.000,0,4095
2026-09-17,2026-09-22,5,Validation,90,09:35:33.000,09:35:34.000,1,3965
2026-09-17,2026-09-22,5,Validation,91,09:35:34.000,09:35:48.000,14,4420
2026-09-17,2026-09-22,5,Validation,92,09:35:48.000,09:35:49.000,1,5135
2026-09-17,2026-09-22,5,Validation,93,09:35:49.000,09:35:51.000,2,3055
2026-09-17,2026-09-22,5,Validation,94,09:35:51.000,09:35:56.000,5,3575
2026-09-17,2026-09-22,5,Validation,95,09:35:56.000,09:35:59.000,3,2600
2026-09-17,2026-09-22,5,Validation,96,09:35:59.000,09:36:01.000,2,2925
2026-09-17,2026-09-22,5,Validation,97,09:36:01.000,09:36:09.000,8,6760
2026-09-17,2026-09-22,5,Validation,98,09:36:09.000,09:36:09.000,0,4160
2026-09-17,2026-09-22,5,Validation,99,09:36:09.000,09:36:11.000,2,2795
2026-09-17,2026-09-22,5,Validation,100,09:36:11.000,09:36:16.000,5,6565
2026-09-17,2026-09-22,5,Validation,101,09:36:16.000,09:36:16.000,0,3965
2026-09-17,2026-09-22,5,Validation,102,09:36:16.000,09:36:19.000,3,2730
2026-09-17,2026-09-22,5,Validation,103,09:36:19.000,09:36:24.000,5,7605
2026-09-17,2026-09-22,5,Validation,104,09:36:24.000,09:36:24.000,0,5005
2026-09-17,2026-09-22,5,Validation,105,09:36:26.000,09:36:28.000,2,7735
2026-09-17,2026-09-22,5,Validation,106,09:36:28.000,09:36:28.000,0,5135
2026-09-17,2026-09-22,5,Validation,107,09:36:28.000,09:36:29.000,1,2665
2026-09-17,2026-09-22,5,Validation,108,09:36:29.000,09:36:43.000,14,3575
2026-09-17,2026-09-22,5,Validation,109,09:36:43.000,09:36:56.000,13,2860
2026-09-17,2026-09-22,5,Validation,110,09:36:56.000,09:37:03.000,7,4095
2026-09-17,2026-09-22,5,Validation,111,09:37:03.000,09:37:23.000,20,2665
2026-09-17,2026-09-22,5,Validation,112,09:37:23.000,09:38:19.000,56,3380
2026-09-17,2026-09-22,5,Validation,113,09:38:19.000,09:38:41.000,22,3965
2026-09-17,2026-09-22,5,Validation,114,09:38:41.000,09:39:01.000,20,3445
2026-09-17,2026-09-22,5,Validation,115,09:39:01.000,09:39:04.000,3,13520
2026-09-17,2026-09-22,5,Validation,116,09:39:04.000,09:39:04.000,0,10920
2026-09-17,2026-09-22,5,Validation,117,09:39:06.000,09:39:06.000,0,8450
2026-09-17,2026-09-22,5,Validation,118,09:39:06.000,09:39:06.000,0,5850
2026-09-17,2026-09-22,5,Validation,119,09:39:07.000,09:39:07.000,0,3250
2026-09-17,2026-09-22,5,Validation,120,09:39:07.000,09:39:12.000,5,2860
2026-09-17,2026-09-22,5,Validation,121,09:39:12.000,09:39:52.000,40,2860
2026-09-17,2026-09-22,5,Validation,122,09:39:52.000,09:40:26.000,34,2600
2026-09-17,2026-09-22,5,Validation,123,09:40:26.000,09:41:29.000,63,2600
2026-09-17,2026-09-22,5,Validation,124,09:41:29.000,09:42:01.000,32,3575
2026-09-17,2026-09-22,5,Validation,125,09:42:01.000,09:42:14.000,13,3640
2026-09-17,2026-09-22,5,Validation,126,09:42:14.000,09:42:40.000,26,2665
2026-09-17,2026-09-22,5,Validation,127,09:42:40.000,09:42:54.000,14,2990
2026-09-17,2026-09-22,5,Validation,128,09:42:54.000,09:43:02.000,8,2990
2026-09-17,2026-09-22,5,Validation,129,09:43:02.000,09:43:27.000,25,2925
2026-09-17,2026-09-22,5,Validation,130,09:43:27.000,09:43:57.000,30,2600
2026-09-17,2026-09-22,5,Validation,131,09:43:57.000,09:44:30.000,33,2665
2026-09-17,2026-09-22,5,Validation,132,09:44:30.000,09:45:21.000,51,2730
2026-09-17,2026-09-22,5,Validation,133,09:45:21.000,09:45:23.000,2,2925
2026-09-17,2026-09-22,5,Validation,134,09:45:23.000,09:46:01.000,38,2730
2026-09-17,2026-09-22,5,Validation,135,09:46:01.000,09:47:01.000,60,2600
2026-09-17,2026-09-22,5,Validation,136,09:47:01.000,09:48:28.000,87,2665
2026-09-17,2026-09-22,5,Validation,137,09:48:28.000,09:49:27.000,59,2600
2026-09-17,2026-09-22,5,Validation,138,09:49:27.000,09:50:05.000,38,2795
2026-09-17,2026-09-22,5,Validation,139,09:50:05.000,09:52:10.000,125,2665
2026-09-17,2026-09-22,5,Validation,140,09:52:10.000,09:52:40.000,30,2665
2026-09-17,2026-09-22,5,Validation,141,09:52:40.000,09:53:06.000,26,2990
2026-09-17,2026-09-22,5,Validation,142,09:53:06.000,09:54:10.000,64,2600
2026-09-17,2026-09-22,5,Validation,143,09:54:10.000,09:55:05.000,55,2600
2026-09-17,2026-09-22,5,Validation,144,09:55:05.000,09:56:05.000,60,2665
2026-09-17,2026-09-22,5,Validation,145,09:56:05.000,09:56:51.000,46,2600
2026-09-17,2026-09-22,5,Validation,146,09:56:51.000,09:58:13.000,82,2600
2026-09-17,2026-09-22,5,Validation,147,09:58:13.000,09:59:15.000,62,2600
2026-09-17,2026-09-22,5,Validation,148,09:59:15.000,10:00:19.000,64,2600
2026-09-17,2026-09-22,5,Validation,149,10:00:19.000,10:01:44.000,85,2795
2026-09-17,2026-09-22,5,Validation,150,10:01:44.000,10:02:47.000,63,3510
2026-09-17,2026-09-22,5,Validation,151,10:02:47.000,10:03:27.000,40,2730
2026-09-17,2026-09-22,5,Validation,152,10:03:27.000,10:03:57.000,30,2665
2026-09-17,2026-09-22,5,Validation,153,10:03:57.000,10:05:04.000,67,2600
2026-09-17,2026-09-22,5,Validation,154,10:05:04.000,10:05:11.000,7,2665
2026-09-17,2026-09-22,5,Validation,155,10:05:11.000,10:05:28.000,17,3120
2026-09-17,2026-09-22,5,Validation,156,10:05:28.000,10:05:30.000,2,2990
2026-09-17,2026-09-22,5,Validation,157,10:05:30.000,10:05:41.000,11,5785
2026-09-17,2026-09-22,5,Validation,158,10:05:41.000,10:05:41.000,0,3185
2026-09-17,2026-09-22,5,Validation,159,10:05:43.000,10:05:48.000,5,10725
2026-09-17,2026-09-22,5,Validation,160,10:05:48.000,10:05:48.000,0,8125
2026-09-17,2026-09-22,5,Validation,161,10:05:48.000,10:05:48.000,0,5525
2026-09-17,2026-09-22,5,Validation,162,10:05:48.000,10:05:48.000,0,2925
2026-09-17,2026-09-22,5,Validation,163,10:05:49.000,10:05:54.000,5,2925
2026-09-17,2026-09-22,5,Validation,164,10:05:54.000,10:05:56.000,2,4290
2026-09-17,2026-09-22,5,Validation,165,10:05:56.000,10:06:02.000,6,2730
2026-09-17,2026-09-22,5,Validation,166,10:06:02.000,10:06:25.000,23,2925
2026-09-17,2026-09-22,5,Validation,167,10:06:25.000,10:06:55.000,30,2730
2026-09-17,2026-09-22,5,Validation,168,10:06:55.000,10:07:09.000,14,3965
2026-09-17,2026-09-22,5,Validation,169,10:07:09.000,10:07:28.000,19,3250
2026-09-17,2026-09-22,5,Validation,170,10:07:28.000,10:08:27.000,59,2600
2026-09-17,2026-09-22,5,Validation,171,10:08:27.000,10:09:06.000,39,2600
2026-09-17,2026-09-22,5,Validation,172,10:09:06.000,10:09:36.000,30,2860
2026-09-17,2026-09-22,5,Validation,173,10:09:36.000,10:10:12.000,36,2730
2026-09-17,2026-09-22,5,Validation,174,10:10:12.000,10:10:42.000,30,2990
2026-09-17,2026-09-22,5,Validation,175,10:10:42.000,10:11:03.000,21,6630
2026-09-17,2026-09-22,5,Validation,176,10:11:03.000,10:11:03.000,0,4030
2026-09-17,2026-09-22,5,Validation,177,10:11:04.000,10:11:14.000,10,2860
2026-09-17,2026-09-22,5,Validation,178,10:11:14.000,10:11:42.000,28,3185
2026-09-17,2026-09-22,5,Validation,179,10:11:42.000,10:11:59.000,17,2860
2026-09-17,2026-09-22,5,Validation,180,10:11:59.000,10:12:02.000,3,3575
2026-09-17,2026-09-22,5,Validation,181,10:12:02.000,10:12:33.000,31,2600
2026-09-17,2026-09-22,5,Validation,182,10:12:33.000,10:13:21.000,48,2600
2026-09-17,2026-09-22,5,Validation,183,10:13:21.000,10:13:55.000,34,2600
2026-09-17,2026-09-22,5,Validation,184,10:13:55.000,10:14:14.000,19,3510
2026-09-17,2026-09-22,5,Validation,185,10:14:14.000,10:14:38.000,24,2925
2026-09-17,2026-09-22,5,Validation,186,10:14:38.000,10:14:54.000,16,3510
2026-09-17,2026-09-22,5,Validation,187,10:14:54.000,10:15:06.000,12,2860
2026-09-17,2026-09-22,5,Validation,188,10:15:06.000,10:15:09.000,3,2990
2026-09-17,2026-09-22,5,Validation,189,10:15:09.000,10:15:11.000,2,9360
2026-09-17,2026-09-22,5,Validation,190,10:15:11.000,10:15:11.000,0,6760
2026-09-17,2026-09-22,5,Validation,191,10:15:11.000,10:15:11.000,0,4160
2026-09-17,2026-09-22,5,Validation,192,10:15:11.000,10:15:19.000,8,2600
2026-09-17,2026-09-22,5,Validation,193,10:15:19.000,10:15:53.000,34,5330
2026-09-17,2026-09-22,5,Validation,194,10:15:53.000,10:15:53.000,0,2730
2026-09-17,2026-09-22,5,Validation,195,10:15:55.000,10:16:51.000,56,2600
2026-09-17,2026-09-22,5,Validation,196,10:16:51.000,10:17:32.000,41,2600
2026-09-17,2026-09-22,5,Validation,197,10:17:32.000,10:18:07.000,35,2990
2026-09-17,2026-09-22,5,Validation,198,10:18:07.000,10:18:20.000,13,3315
2026-09-17,2026-09-22,5,Validation,199,10:18:20.000,10:18:53.000,33,2795
2026-09-17,2026-09-22,5,Validation,200,10:18:53.000,10:19:28.000,35,3315
2026-09-17,2026-09-22,5,Validation,201,10:19:28.000,10:19:57.000,29,2665
2026-09-17,2026-09-22,5,Validation,202,10:19:57.000,10:20:09.000,12,2665
2026-09-17,2026-09-22,5,Validation,203,10:20:09.000,10:20:53.000,44,2600
2026-09-17,2026-09-22,5,Validation,204,10:20:53.000,10:21:30.000,37,2990
2026-09-17,2026-09-22,5,Validation,205,10:21:30.000,10:22:12.000,42,2665
2026-09-17,2026-09-22,5,Validation,206,10:22:12.000,10:23:33.000,81,2860
2026-09-17,2026-09-22,5,Validation,207,10:23:33.000,10:24:21.000,48,2600
2026-09-17,2026-09-22,5,Validation,208,10:24:21.000,10:25:45.000,84,2730
2026-09-17,2026-09-22,5,Validation,209,10:25:45.000,10:26:22.000,37,2665
2026-09-17,2026-09-22,5,Validation,210,10:26:22.000,10:27:57.000,95,3380
2026-09-17,2026-09-22,5,Validation,211,10:27:57.000,10:28:30.000,33,2665
2026-09-17,2026-09-22,5,Validation,212,10:28:30.000,10:30:12.000,102,2795
2026-09-17,2026-09-22,5,Validation,213,10:30:12.000,10:31:21.000,69,2925
2026-09-17,2026-09-22,5,Validation,214,10:31:21.000,10:32:11.000,50,2600
2026-09-17,2026-09-22,5,Validation,215,10:32:11.000,10:32:13.000,2,2600
2026-09-17,2026-09-22,5,Validation,216,10:32:13.000,10:32:31.000,18,2860
2026-09-17,2026-09-22,5,Validation,217,10:32:31.000,10:33:10.000,39,3510
2026-09-17,2026-09-22,5,Validation,218,10:33:10.000,10:33:16.000,6,2600
2026-09-17,2026-09-22,5,Validation,219,10:33:16.000,10:33:58.000,42,2795
2026-09-17,2026-09-22,5,Validation,220,10:33:58.000,10:35:13.000,75,2730
2026-09-17,2026-09-22,5,Validation,221,10:35:13.000,10:35:33.000,20,2860
2026-09-17,2026-09-22,5,Validation,222,10:35:33.000,10:36:42.000,69,2600
2026-09-17,2026-09-22,5,Validation,223,10:36:42.000,10:37:58.000,76,2600
2026-09-17,2026-09-22,5,Validation,224,10:37:58.000,10:39:31.000,93,2665
2026-09-17,2026-09-22,5,Validation,225,10:39:31.000,10:40:16.000,45,2925
2026-09-17,2026-09-22,5,Validation,226,10:40:16.000,10:42:17.000,121,2665
2026-09-17,2026-09-22,5,Validation,227,10:42:17.000,10:42:57.000,40,3185
2026-09-17,2026-09-22,5,Validation,228,10:42:57.000,10:43:55.000,58,2665
2026-09-17,2026-09-22,5,Validation,229,10:43:55.000,10:45:03.000,68,3640
2026-09-17,2026-09-22,5,Validation,230,10:45:03.000,10:45:18.000,15,2665
2026-09-17,2026-09-22,5,Validation,231,10:45:18.000,10:45:50.000,32,4095
2026-09-17,2026-09-22,5,Validation,232,10:45:50.000,10:45:51.000,1,3445
2026-09-17,2026-09-22,5,Validation,233,10:45:51.000,10:45:58.000,7,2730
2026-09-17,2026-09-22,5,Validation,234,10:45:58.000,10:46:20.000,22,2665
2026-09-17,2026-09-22,5,Validation,235,10:46:20.000,10:46:31.000,11,2600
2026-09-17,2026-09-22,5,Validation,236,10:46:31.000,10:48:10.000,99,3185
2026-09-17,2026-09-22,5,Validation,237,10:48:10.000,10:48:29.000,19,7995
2026-09-17,2026-09-22,5,Validation,238,10:48:29.000,10:48:29.000,0,5395
2026-09-17,2026-09-22,5,Validation,239,10:48:30.000,10:48:30.000,0,2795
2026-09-17,2026-09-22,5,Validation,240,10:48:30.000,10:48:44.000,14,3055
2026-09-17,2026-09-22,5,Validation,241,10:48:44.000,10:49:13.000,29,4030
2026-09-17,2026-09-22,5,Validation,242,10:49:13.000,10:50:18.000,65,2600
2026-09-17,2026-09-22,5,Validation,243,10:50:18.000,10:53:29.000,191,3510
2026-09-17,2026-09-22,5,Validation,244,10:53:29.000,10:53:45.000,16,2600
2026-09-17,2026-09-22,5,Validation,245,10:53:45.000,10:55:08.000,83,2730
2026-09-17,2026-09-22,5,Validation,246,10:55:08.000,10:56:55.000,107,2600
2026-09-17,2026-09-22,5,Validation,247,10:56:55.000,10:59:51.000,176,2600
2026-09-17,2026-09-22,5,Validation,248,10:59:51.000,11:01:07.000,76,2730
2026-09-17,2026-09-22,5,Validation,249,11:01:07.000,11:01:22.000,15,2665
2026-09-17,2026-09-22,5,Validation,250,11:01:22.000,11:01:37.000,15,2795
2026-09-17,2026-09-22,5,Validation,251,11:01:37.000,11:01:53.000,16,4160
2026-09-17,2026-09-22,5,Validation,252,11:01:53.000,11:01:55.000,2,9295
2026-09-17,2026-09-22,5,Validation,253,11:01:55.000,11:01:55.000,0,6695
2026-09-17,2026-09-22,5,Validation,254,11:01:57.000,11:01:57.000,0,4095
2026-09-17,2026-09-22,5,Validation,255,11:01:57.000,11:02:33.000,36,4030
2026-09-17,2026-09-22,5,Validation,256,11:02:33.000,11:02:37.000,4,3055
2026-09-17,2026-09-22,5,Validation,257,11:02:37.000,11:02:50.000,13,2665
2026-09-17,2026-09-22,5,Validation,258,11:02:50.000,11:03:10.000,20,3575
2026-09-17,2026-09-22,5,Validation,259,11:03:10.000,11:03:12.000,2,12350
2026-09-17,2026-09-22,5,Validation,260,11:03:12.000,11:03:12.000,0,9750
2026-09-17,2026-09-22,5,Validation,261,11:03:12.000,11:03:12.000,0,7150
2026-09-17,2026-09-22,5,Validation,262,11:03:12.000,11:03:12.000,0,4550
2026-09-17,2026-09-22,5,Validation,263,11:03:13.000,11:03:13.000,0,13520
2026-09-17,2026-09-22,5,Validation,264,11:03:13.000,11:03:13.000,0,10920
2026-09-17,2026-09-22,5,Validation,265,11:03:15.000,11:03:15.000,0,8320
2026-09-17,2026-09-22,5,Validation,266,11:03:15.000,11:03:15.000,0,5720
2026-09-17,2026-09-22,5,Validation,267,11:03:15.000,11:03:15.000,0,3120
2026-09-17,2026-09-22,5,Validation,268,11:03:15.000,11:04:11.000,56,2665
2026-09-17,2026-09-22,5,Validation,269,11:04:11.000,11:05:02.000,51,5330
2026-09-17,2026-09-22,5,Validation,270,11:05:02.000,11:05:02.000,0,2730
2026-09-17,2026-09-22,5,Validation,271,11:05:03.000,11:05:23.000,20,4225
2026-09-17,2026-09-22,5,Validation,272,11:05:23.000,11:05:39.000,16,3965
2026-09-17,2026-09-22,5,Validation,273,11:05:39.000,11:06:05.000,26,2665
2026-09-17,2026-09-22,5,Validation,274,11:06:05.000,11:06:21.000,16,4225
2026-09-17,2026-09-22,5,Validation,275,11:06:21.000,11:06:26.000,5,2600
2026-09-17,2026-09-22,5,Validation,276,11:06:26.000,11:06:31.000,5,2795
2026-09-17,2026-09-22,5,Validation,277,11:06:31.000,11:06:39.000,8,2990
2026-09-17,2026-09-22,5,Validation,278,11:06:39.000,11:06:48.000,9,3445
2026-09-17,2026-09-22,5,Validation,279,11:06:48.000,11:06:56.000,8,2860
2026-09-17,2026-09-22,5,Validation,280,11:06:56.000,11:07:22.000,26,2600
2026-09-17,2026-09-22,5,Validation,281,11:07:22.000,11:07:50.000,28,2600
2026-09-17,2026-09-22,5,Validation,282,11:07:50.000,11:08:02.000,12,8125
2026-09-17,2026-09-22,5,Validation,283,11:08:02.000,11:08:02.000,0,5525
2026-09-17,2026-09-22,5,Validation,284,11:08:03.000,11:08:03.000,0,2925
2026-09-17,2026-09-22,5,Validation,285,11:08:03.000,11:08:43.000,40,3185
2026-09-17,2026-09-22,5,Validation,286,11:08:43.000,11:08:58.000,15,2860
2026-09-17,2026-09-22,5,Validation,287,11:08:58.000,11:09:44.000,46,2600
2026-09-17,2026-09-22,5,Validation,288,11:09:44.000,11:10:12.000,28,2860
2026-09-17,2026-09-22,5,Validation,289,11:10:12.000,11:10:35.000,23,2600
2026-09-17,2026-09-22,5,Validation,290,11:10:35.000,11:10:45.000,10,2665
2026-09-17,2026-09-22,5,Validation,291,11:10:45.000,11:11:23.000,38,2665
2026-09-17,2026-09-22,5,Validation,292,11:11:23.000,11:12:00.000,37,2600
2026-09-17,2026-09-22,5,Validation,293,11:12:00.000,11:13:20.000,80,2665
2026-09-17,2026-09-22,5,Validation,294,11:13:20.000,11:13:51.000,31,2600
2026-09-17,2026-09-22,5,Validation,295,11:13:51.000,11:14:46.000,55,2665
2026-09-17,2026-09-22,5,Validation,296,11:14:46.000,11:15:12.000,26,2600
2026-09-17,2026-09-22,5,Validation,297,11:15:12.000,11:15:53.000,41,2600
2026-09-17,2026-09-22,5,Validation,298,11:15:53.000,11:17:31.000,98,2925
2026-09-17,2026-09-22,5,Validation,299,11:17:31.000,11:18:05.000,34,2860
2026-09-17,2026-09-22,5,Validation,300,11:18:05.000,11:18:15.000,10,3445
2026-09-17,2026-09-22,5,Validation,301,11:18:15.000,11:19:16.000,61,2730
2026-09-17,2026-09-22,5,Validation,302,11:19:16.000,11:20:48.000,92,3055
2026-09-17,2026-09-22,5,Validation,303,11:20:48.000,11:21:15.000,27,2665
2026-09-17,2026-09-22,5,Validation,304,11:21:15.000,11:21:48.000,33,2600
2026-09-17,2026-09-22,5,Validation,305,11:21:48.000,11:22:52.000,64,2600
2026-09-17,2026-09-22,5,Validation,306,11:22:52.000,11:23:15.000,23,3055
2026-09-17,2026-09-22,5,Validation,307,11:23:15.000,11:24:39.000,84,2860
2026-09-17,2026-09-22,5,Validation,308,11:24:39.000,11:27:13.000,154,2600
2026-09-17,2026-09-22,5,Validation,309,11:27:13.000,11:29:11.000,118,2665
2026-09-17,2026-09-22,5,Validation,310,11:29:11.000,11:30:43.000,92,2600
2026-09-17,2026-09-22,5,Validation,311,11:30:43.000,11:31:20.000,37,2730
2026-09-17,2026-09-22,5,Validation,312,11:31:20.000,11:33:07.000,107,2925
2026-09-17,2026-09-22,5,Validation,313,11:33:07.000,11:35:35.000,148,2600
2026-09-17,2026-09-22,5,Validation,314,11:35:35.000,11:38:38.000,183,2860
2026-09-17,2026-09-22,5,Validation,315,11:38:38.000,11:39:39.000,61,2600
2026-09-17,2026-09-22,5,Validation,316,11:39:39.000,11:40:45.000,66,2665
2026-09-17,2026-09-22,5,Validation,317,11:40:45.000,11:41:33.000,48,2665
2026-09-17,2026-09-22,5,Validation,318,11:41:33.000,11:42:16.000,43,4095
2026-09-17,2026-09-22,5,Validation,319,11:42:16.000,11:43:13.000,57,2600
2026-09-17,2026-09-22,5,Validation,320,11:43:13.000,11:43:36.000,23,3380
2026-09-17,2026-09-22,5,Validation,321,11:43:36.000,11:44:05.000,29,3640
2026-09-17,2026-09-22,5,Validation,322,11:44:05.000,11:44:38.000,33,2990
2026-09-17,2026-09-22,5,Validation,323,11:44:38.000,11:45:49.000,71,3640
2026-09-17,2026-09-22,5,Validation,324,11:45:49.000,11:46:42.000,53,2600
2026-09-17,2026-09-22,5,Validation,325,11:46:42.000,11:48:57.000,135,2600
2026-09-17,2026-09-22,5,Validation,326,11:48:57.000,11:51:35.000,158,2925
2026-09-17,2026-09-22,5,Validation,327,11:51:35.000,11:51:54.000,19,3770
2026-09-17,2026-09-22,5,Validation,328,11:51:54.000,11:52:27.000,33,2860
2026-09-17,2026-09-22,5,Validation,329,11:52:27.000,11:52:45.000,18,3575
2026-09-17,2026-09-22,5,Validation,330,11:52:45.000,11:53:08.000,23,2600
2026-09-17,2026-09-22,5,Validation,331,11:53:08.000,11:54:32.000,84,3965
2026-09-17,2026-09-22,5,Validation,332,11:54:32.000,11:54:57.000,25,2795
2026-09-17,2026-09-22,5,Validation,333,11:54:57.000,11:56:33.000,96,2600
2026-09-17,2026-09-22,5,Validation,334,11:56:33.000,11:57:07.000,34,2795
2026-09-17,2026-09-22,5,Validation,335,11:57:07.000,11:57:45.000,38,3055
2026-09-17,2026-09-22,5,Validation,336,11:57:45.000,11:57:46.000,1,2730
2026-09-17,2026-09-22,5,Validation,337,11:57:46.000,11:58:11.000,25,2730
2026-09-17,2026-09-22,5,Validation,338,11:58:11.000,11:58:52.000,41,2665
2026-09-17,2026-09-22,5,Validation,339,11:58:52.000,11:59:50.000,58,5005
2026-09-17,2026-09-22,5,Validation,340,11:59:50.000,11:59:55.000,5,2795
2026-09-17,2026-09-22,5,Validation,341,11:59:55.000,12:00:08.000,13,2990
2026-09-17,2026-09-22,5,Validation,342,12:00:08.000,12:00:28.000,20,2925
2026-09-17,2026-09-22,5,Validation,343,12:00:28.000,12:00:43.000,15,2600
2026-09-17,2026-09-22,5,Validation,344,12:00:43.000,12:00:53.000,10,2795
2026-09-17,2026-09-22,5,Validation,345,12:00:53.000,12:01:21.000,28,2600
2026-09-17,2026-09-22,5,Validation,346,12:01:21.000,12:01:26.000,5,2600
2026-09-17,2026-09-22,5,Validation,347,12:01:26.000,12:02:09.000,43,2730
2026-09-17,2026-09-22,5,Validation,348,12:02:09.000,12:02:37.000,28,3575
2026-09-17,2026-09-22,5,Validation,349,12:02:37.000,12:03:12.000,35,2795
2026-09-17,2026-09-22,5,Validation,350,12:03:12.000,12:04:35.000,83,2600
2026-09-17,2026-09-22,5,Validation,351,12:04:35.000,12:05:26.000,51,2990
2026-09-17,2026-09-22,5,Validation,352,12:05:26.000,12:06:01.000,35,4290
2026-09-17,2026-09-22,5,Validation,353,12:06:01.000,12:06:14.000,13,4225
2026-09-17,2026-09-22,5,Validation,354,12:06:14.000,12:06:24.000,10,5655
2026-09-17,2026-09-22,5,Validation,355,12:06:24.000,12:06:24.000,0,3055
2026-09-17,2026-09-22,5,Validation,356,12:06:25.000,12:06:32.000,7,5980
2026-09-17,2026-09-22,5,Validation,357,12:06:32.000,12:06:32.000,0,3380
2026-09-17,2026-09-22,5,Validation,358,12:06:34.000,12:06:45.000,11,3380
2026-09-17,2026-09-22,5,Validation,359,12:06:45.000,12:07:02.000,17,3315
2026-09-17,2026-09-22,5,Validation,360,12:07:02.000,12:07:04.000,2,8775
2026-09-17,2026-09-22,5,Validation,361,12:07:04.000,12:07:04.000,0,6175
2026-09-17,2026-09-22,5,Validation,362,12:07:05.000,12:07:05.000,0,3575
2026-09-17,2026-09-22,5,Validation,363,12:07:05.000,12:07:05.000,0,2665
2026-09-17,2026-09-22,5,Validation,364,12:07:05.000,12:07:07.000,2,4485
2026-09-17,2026-09-22,5,Validation,365,12:07:07.000,12:07:09.000,2,9230
2026-09-17,2026-09-22,5,Validation,366,12:07:09.000,12:07:09.000,0,6630
2026-09-17,2026-09-22,5,Validation,367,12:07:09.000,12:07:09.000,0,4030
2026-09-17,2026-09-22,5,Validation,368,12:07:09.000,12:07:10.000,1,3055
2026-09-17,2026-09-22,5,Validation,369,12:07:10.000,12:07:27.000,17,11635
2026-09-17,2026-09-22,5,Validation,370,12:07:27.000,12:07:27.000,0,9035
2026-09-17,2026-09-22,5,Validation,371,12:07:28.000,12:07:28.000,0,6435
2026-09-17,2026-09-22,5,Validation,372,12:07:28.000,12:07:28.000,0,3835
2026-09-17,2026-09-22,5,Validation,373,12:07:29.000,12:07:37.000,8,2730
2026-09-17,2026-09-22,5,Validation,374,12:07:37.000,12:07:57.000,20,3640
2026-09-17,2026-09-22,5,Validation,375,12:07:57.000,12:08:12.000,15,3835
2026-09-17,2026-09-22,5,Validation,376,12:08:12.000,12:08:25.000,13,3055
2026-09-17,2026-09-22,5,Validation,377,12:08:25.000,12:08:50.000,25,2600
2026-09-17,2026-09-22,5,Validation,378,12:08:50.000,12:09:23.000,33,3640
2026-09-17,2026-09-22,5,Validation,379,12:09:23.000,12:09:40.000,17,3575
2026-09-17,2026-09-22,5,Validation,380,12:09:40.000,12:10:25.000,45,3900
2026-09-17,2026-09-22,5,Validation,381,12:10:25.000,12:10:46.000,21,3185
2026-09-17,2026-09-22,5,Validation,382,12:10:46.000,12:11:02.000,16,2860
2026-09-17,2026-09-22,5,Validation,383,12:11:02.000,12:11:31.000,29,2600
2026-09-17,2026-09-22,5,Validation,384,12:11:31.000,12:11:44.000,13,4095
2026-09-17,2026-09-22,5,Validation,385,12:11:44.000,12:12:02.000,18,2730
2026-09-17,2026-09-22,5,Validation,386,12:12:02.000,12:12:27.000,25,2600
2026-09-17,2026-09-22,5,Validation,387,12:12:27.000,12:13:13.000,46,2860
2026-09-17,2026-09-22,5,Validation,388,12:13:13.000,12:13:50.000,37,2925
2026-09-17,2026-09-22,5,Validation,389,12:13:50.000,12:14:26.000,36,2730
2026-09-17,2026-09-22,5,Validation,390,12:14:26.000,12:14:58.000,32,3120
2026-09-17,2026-09-22,5,Validation,391,12:14:58.000,12:15:31.000,33,2665
2026-09-17,2026-09-22,5,Validation,392,12:15:31.000,12:15:58.000,27,2665
2026-09-17,2026-09-22,5,Validation,393,12:15:58.000,12:16:52.000,54,2665
2026-09-17,2026-09-22,5,Validation,394,12:16:52.000,12:17:28.000,36,4550
2026-09-17,2026-09-22,5,Validation,395,12:17:28.000,12:17:33.000,5,5070
2026-09-17,2026-09-22,5,Validation,396,12:17:33.000,12:17:41.000,8,5330
2026-09-17,2026-09-22,5,Validation,397,12:17:41.000,12:17:41.000,0,2730
2026-09-17,2026-09-22,5,Validation,398,12:17:42.000,12:17:53.000,11,2665
2026-09-17,2026-09-22,5,Validation,399,12:17:53.000,12:18:09.000,16,3770
2026-09-17,2026-09-22,5,Validation,400,12:18:09.000,12:18:11.000,2,5655
2026-09-17,2026-09-22,5,Validation,401,12:18:11.000,12:18:11.000,0,3055
2026-09-17,2026-09-22,5,Validation,402,12:18:12.000,12:18:16.000,4,2860
2026-09-17,2026-09-22,5,Validation,403,12:18:16.000,12:18:38.000,22,3445
2026-09-17,2026-09-22,5,Validation,404,12:18:38.000,12:18:57.000,19,2665
2026-09-17,2026-09-22,5,Validation,405,12:18:57.000,12:20:13.000,76,2665
2026-09-17,2026-09-22,5,Validation,406,12:20:13.000,12:20:56.000,43,4290
2026-09-17,2026-09-22,5,Validation,407,12:20:56.000,12:21:50.000,54,2600
2026-09-17,2026-09-22,5,Validation,408,12:21:50.000,12:22:35.000,45,3380
2026-09-17,2026-09-22,5,Validation,409,12:22:35.000,12:22:41.000,6,3510
2026-09-17,2026-09-22,5,Validation,410,12:22:41.000,12:22:48.000,7,16510
2026-09-17,2026-09-22,5,Validation,411,12:22:48.000,12:22:48.000,0,13910
2026-09-17,2026-09-22,5,Validation,412,12:22:48.000,12:22:48.000,0,11310
2026-09-17,2026-09-22,5,Validation,413,12:22:48.000,12:22:48.000,0,8710
2026-09-17,2026-09-22,5,Validation,414,12:22:50.000,12:22:50.000,0,6240
2026-09-17,2026-09-22,5,Validation,415,12:22:50.000,12:22:50.000,0,3640
2026-09-17,2026-09-22,5,Validation,416,12:22:50.000,12:22:51.000,1,2925
2026-09-17,2026-09-22,5,Validation,417,12:22:51.000,12:22:53.000,2,3770
2026-09-17,2026-09-22,5,Validation,418,12:22:53.000,12:22:55.000,2,7215
2026-09-17,2026-09-22,5,Validation,419,12:22:55.000,12:22:55.000,0,4615
2026-09-17,2026-09-22,5,Validation,420,12:22:56.000,12:23:01.000,5,3315
2026-09-17,2026-09-22,5,Validation,421,12:23:01.000,12:23:08.000,7,10920
2026-09-17,2026-09-22,5,Validation,422,12:23:08.000,12:23:08.000,0,8320
2026-09-17,2026-09-22,5,Validation,423,12:23:08.000,12:23:08.000,0,5720
2026-09-17,2026-09-22,5,Validation,424,12:23:08.000,12:23:08.000,0,3120
2026-09-17,2026-09-22,5,Validation,425,12:23:09.000,12:23:31.000,22,2860
2026-09-17,2026-09-22,5,Validation,426,12:23:31.000,12:23:56.000,25,3575
2026-09-17,2026-09-22,5,Validation,427,12:23:56.000,12:24:13.000,17,2665
2026-09-17,2026-09-22,5,Validation,428,12:24:13.000,12:24:18.000,5,2990
2026-09-17,2026-09-22,5,Validation,429,12:24:18.000,12:24:19.000,1,4290
2026-09-17,2026-09-22,5,Validation,430,12:24:19.000,12:24:21.000,2,2860
2026-09-17,2026-09-22,5,Validation,431,12:24:21.000,12:24:44.000,23,2600
2026-09-17,2026-09-22,5,Validation,432,12:24:44.000,12:25:27.000,43,3055
2026-09-17,2026-09-22,5,Validation,433,12:25:27.000,12:26:19.000,52,2600
2026-09-17,2026-09-22,5,Validation,434,12:26:19.000,12:27:17.000,58,2795
2026-09-17,2026-09-22,5,Validation,435,12:27:17.000,12:27:51.000,34,3055
2026-09-17,2026-09-22,5,Validation,436,12:27:51.000,12:28:04.000,13,2665
2026-09-17,2026-09-22,5,Validation,437,12:28:04.000,12:29:18.000,74,2600
2026-09-17,2026-09-22,5,Validation,438,12:29:18.000,12:30:29.000,71,2730
2026-09-17,2026-09-22,5,Validation,439,12:30:29.000,12:31:19.000,50,2860
2026-09-17,2026-09-22,5,Validation,440,12:31:19.000,12:31:43.000,24,2600
2026-09-17,2026-09-22,5,Validation,441,12:31:43.000,12:33:17.000,94,2925
2026-09-17,2026-09-22,5,Validation,442,12:33:17.000,12:33:25.000,8,3055
2026-09-17,2026-09-22,5,Validation,443,12:33:25.000,12:34:00.000,35,4160
2026-09-17,2026-09-22,5,Validation,444,12:34:00.000,12:34:13.000,13,2665
2026-09-17,2026-09-22,5,Validation,445,12:34:13.000,12:35:26.000,73,5525
2026-09-17,2026-09-22,5,Validation,446,12:35:26.000,12:35:26.000,0,2925
2026-09-17,2026-09-22,5,Validation,447,12:35:27.000,12:36:28.000,61,2600
2026-09-17,2026-09-22,5,Validation,448,12:36:28.000,12:37:34.000,66,3250
2026-09-17,2026-09-22,5,Validation,449,12:37:34.000,12:38:25.000,51,2600
2026-09-17,2026-09-22,5,Validation,450,12:38:25.000,12:39:59.000,94,2795
2026-09-17,2026-09-22,5,Validation,451,12:39:59.000,12:40:17.000,18,2600
2026-09-17,2026-09-22,5,Validation,452,12:40:17.000,12:41:46.000,89,3185
2026-09-17,2026-09-22,5,Validation,453,12:41:46.000,12:43:06.000,80,3055
2026-09-17,2026-09-22,5,Validation,454,12:43:06.000,12:43:52.000,46,2665
2026-09-17,2026-09-22,5,Validation,455,12:43:52.000,12:44:30.000,38,3120
2026-09-17,2026-09-22,5,Validation,456,12:44:30.000,12:45:13.000,43,4615
2026-09-17,2026-09-22,5,Validation,457,12:45:13.000,12:45:37.000,24,2600
2026-09-17,2026-09-22,5,Validation,458,12:45:37.000,12:46:50.000,73,3380
2026-09-17,2026-09-22,5,Validation,459,12:46:50.000,12:47:50.000,60,2600
2026-09-17,2026-09-22,5,Validation,460,12:47:50.000,12:49:05.000,75,2600
2026-09-17,2026-09-22,5,Validation,461,12:49:05.000,12:50:25.000,80,2665
2026-09-17,2026-09-22,5,Validation,462,12:50:25.000,12:51:17.000,52,2600
2026-09-17,2026-09-22,5,Validation,463,12:51:17.000,12:53:39.000,142,2730
2026-09-17,2026-09-22,5,Validation,464,12:53:39.000,12:55:20.000,101,2990
2026-09-17,2026-09-22,5,Validation,465,12:55:20.000,12:57:51.000,151,3510
2026-09-17,2026-09-22,5,Validation,466,12:57:51.000,12:58:21.000,30,2860
2026-09-17,2026-09-22,5,Validation,467,12:58:21.000,13:01:00.000,159,2990
2026-09-17,2026-09-22,5,Validation,468,13:01:00.000,13:02:23.000,83,3705
2026-09-17,2026-09-22,5,Validation,469,13:02:23.000,13:03:33.000,70,2665
2026-09-17,2026-09-22,5,Validation,470,13:03:33.000,13:04:36.000,63,2600
2026-09-17,2026-09-22,5,Validation,471,13:04:36.000,13:06:44.000,128,2600
2026-09-17,2026-09-22,5,Validation,472,13:06:44.000,13:08:05.000,81,2600
2026-09-17,2026-09-22,5,Validation,473,13:08:05.000,13:11:20.000,195,2600
2026-09-17,2026-09-22,5,Validation,474,13:11:20.000,13:13:52.000,152,2600
2026-09-17,2026-09-22,5,Validation,475,13:13:52.000,13:15:21.000,89,3445
2026-09-17,2026-09-22,5,Validation,476,13:15:21.000,13:16:08.000,47,2990
2026-09-17,2026-09-22,5,Validation,477,13:16:08.000,13:16:41.000,33,2600
2026-09-17,2026-09-22,5,Validation,478,13:16:41.000,13:18:13.000,92,4615
2026-09-17,2026-09-22,5,Validation,479,13:18:13.000,13:18:21.000,8,2860
2026-09-17,2026-09-22,5,Validation,480,13:18:21.000,13:20:09.000,108,2600
2026-09-17,2026-09-22,5,Validation,481,13:20:09.000,13:22:27.000,138,2665
2026-09-17,2026-09-22,5,Validation,482,13:22:27.000,13:22:59.000,32,3575
2026-09-17,2026-09-22,5,Validation,483,13:22:59.000,13:23:55.000,56,2665
2026-09-17,2026-09-22,5,Validation,484,13:23:55.000,13:24:44.000,49,2730
2026-09-17,2026-09-22,5,Validation,485,13:24:44.000,13:25:06.000,22,2600
2026-09-17,2026-09-22,5,Validation,486,13:25:06.000,13:25:22.000,16,4485
2026-09-17,2026-09-22,5,Validation,487,13:25:22.000,13:25:27.000,5,2600
2026-09-17,2026-09-22,5,Validation,488,13:25:27.000,13:25:32.000,5,2600
2026-09-17,2026-09-22,5,Validation,489,13:25:32.000,13:25:50.000,18,2795
2026-09-17,2026-09-22,5,Validation,490,13:25:50.000,13:25:57.000,7,3900
2026-09-17,2026-09-22,5,Validation,491,13:25:57.000,13:26:28.000,31,2600
2026-09-17,2026-09-22,5,Validation,492,13:26:28.000,13:27:07.000,39,2990
2026-09-17,2026-09-22,5,Validation,493,13:27:07.000,13:27:11.000,4,2730
2026-09-17,2026-09-22,5,Validation,494,13:27:11.000,13:27:21.000,10,2730
2026-09-17,2026-09-22,5,Validation,495,13:27:21.000,13:27:25.000,4,3770
2026-09-17,2026-09-22,5,Validation,496,13:27:25.000,13:27:26.000,1,5915
2026-09-17,2026-09-22,5,Validation,497,13:27:26.000,13:27:26.000,0,3315
2026-09-17,2026-09-22,5,Validation,498,13:27:28.000,13:27:33.000,5,5070
2026-09-17,2026-09-22,5,Validation,499,13:27:33.000,13:27:35.000,2,6175
2026-09-17,2026-09-22,5,Validation,500,13:27:35.000,13:27:35.000,0,3575
2026-09-17,2026-09-22,5,Validation,501,13:27:35.000,13:27:41.000,6,3315
2026-09-17,2026-09-22,5,Validation,502,13:27:41.000,13:27:48.000,7,3315
2026-09-17,2026-09-22,5,Validation,503,13:27:48.000,13:27:55.000,7,2730
2026-09-17,2026-09-22,5,Validation,504,13:27:55.000,13:28:16.000,21,2990
2026-09-17,2026-09-22,5,Validation,505,13:28:16.000,13:28:21.000,5,2665
2026-09-17,2026-09-22,5,Validation,506,13:28:21.000,13:28:58.000,37,3445
2026-09-17,2026-09-22,5,Validation,507,13:28:58.000,13:29:12.000,14,3185
2026-09-17,2026-09-22,5,Validation,508,13:29:12.000,13:29:45.000,33,2665
2026-09-17,2026-09-22,5,Validation,509,13:29:45.000,13:30:03.000,18,4420
2026-09-17,2026-09-22,5,Validation,510,13:30:03.000,13:30:05.000,2,12025
2026-09-17,2026-09-22,5,Validation,511,13:30:05.000,13:30:05.000,0,9425
2026-09-17,2026-09-22,5,Validation,512,13:30:06.000,13:30:06.000,0,6825
2026-09-17,2026-09-22,5,Validation,513,13:30:06.000,13:30:06.000,0,4225
2026-09-17,2026-09-22,5,Validation,514,13:30:06.000,13:30:06.000,0,12285
2026-09-17,2026-09-22,5,Validation,515,13:30:06.000,13:30:06.000,0,9685
2026-09-17,2026-09-22,5,Validation,516,13:30:07.000,13:30:07.000,0,7085
2026-09-17,2026-09-22,5,Validation,517,13:30:07.000,13:30:07.000,0,4485
2026-09-17,2026-09-22,5,Validation,518,13:30:08.000,13:30:08.000,0,2860
2026-09-17,2026-09-22,5,Validation,519,13:30:08.000,13:30:31.000,23,2600
2026-09-17,2026-09-22,5,Validation,520,13:30:31.000,13:31:02.000,31,2795
2026-09-17,2026-09-22,5,Validation,521,13:31:02.000,13:31:41.000,39,4550
2026-09-17,2026-09-22,5,Validation,522,13:31:41.000,13:32:04.000,23,2600
2026-09-17,2026-09-22,5,Validation,523,13:32:04.000,13:32:50.000,46,2600
2026-09-17,2026-09-22,5,Validation,524,13:32:50.000,13:33:10.000,20,3835
2026-09-17,2026-09-22,5,Validation,525,13:33:10.000,13:33:31.000,21,3055
2026-09-17,2026-09-22,5,Validation,526,13:33:31.000,13:34:09.000,38,3120
2026-09-17,2026-09-22,5,Validation,527,13:34:09.000,13:35:06.000,57,4095
2026-09-17,2026-09-22,5,Validation,528,13:35:06.000,13:35:09.000,3,3965
2026-09-17,2026-09-22,5,Validation,529,13:35:09.000,13:35:12.000,3,3575
2026-09-17,2026-09-22,5,Validation,530,13:35:12.000,13:35:37.000,25,2600
2026-09-17,2026-09-22,5,Validation,531,13:35:37.000,13:35:59.000,22,5655
2026-09-17,2026-09-22,5,Validation,532,13:35:59.000,13:35:59.000,0,3055
2026-09-17,2026-09-22,5,Validation,533,13:36:00.000,13:36:10.000,10,2730
2026-09-17,2026-09-22,5,Validation,534,13:36:10.000,13:37:14.000,64,2600
2026-09-17,2026-09-22,5,Validation,535,13:37:14.000,13:37:37.000,23,2730
2026-09-17,2026-09-22,5,Validation,536,13:37:37.000,13:38:58.000,81,3055
2026-09-17,2026-09-22,5,Validation,537,13:38:58.000,13:39:51.000,53,2730
2026-09-17,2026-09-22,5,Validation,538,13:39:51.000,13:40:11.000,20,2795
2026-09-17,2026-09-22,5,Validation,539,13:40:11.000,13:40:39.000,28,2665
2026-09-17,2026-09-22,5,Validation,540,13:40:39.000,13:41:03.000,24,2795
2026-09-17,2026-09-22,5,Validation,541,13:41:03.000,13:41:20.000,17,3575
2026-09-17,2026-09-22,5,Validation,542,13:41:20.000,13:41:38.000,18,2600
2026-09-17,2026-09-22,5,Validation,543,13:41:38.000,13:42:08.000,30,2600
2026-09-17,2026-09-22,5,Validation,544,13:42:08.000,13:42:16.000,8,2730
2026-09-17,2026-09-22,5,Validation,545,13:42:16.000,13:43:25.000,69,2600
2026-09-17,2026-09-22,5,Validation,546,13:43:25.000,13:43:52.000,27,3445
2026-09-17,2026-09-22,5,Validation,547,13:43:52.000,13:45:15.000,83,3575
2026-09-17,2026-09-22,5,Validation,548,13:45:15.000,13:46:28.000,73,2600
2026-09-17,2026-09-22,5,Validation,549,13:46:28.000,13:47:11.000,43,13780
2026-09-17,2026-09-22,5,Validation,550,13:47:11.000,13:47:11.000,0,11180
2026-09-17,2026-09-22,5,Validation,551,13:47:12.000,13:47:12.000,0,8580
2026-09-17,2026-09-22,5,Validation,552,13:47:12.000,13:47:12.000,0,5980
2026-09-17,2026-09-22,5,Validation,553,13:47:12.000,13:47:12.000,0,3380
2026-09-17,2026-09-22,5,Validation,554,13:47:12.000,13:47:34.000,22,14625
2026-09-17,2026-09-22,5,Validation,555,13:47:34.000,13:47:34.000,0,12025
2026-09-17,2026-09-22,5,Validation,556,13:47:34.000,13:47:34.000,0,9425
2026-09-17,2026-09-22,5,Validation,557,13:47:34.000,13:47:34.000,0,6825
2026-09-17,2026-09-22,5,Validation,558,13:47:35.000,13:47:35.000,0,4290
2026-09-17,2026-09-22,5,Validation,559,13:47:35.000,13:47:42.000,7,2990
2026-09-17,2026-09-22,5,Validation,560,13:47:42.000,13:48:34.000,52,11050
2026-09-17,2026-09-22,5,Validation,561,13:48:34.000,13:48:34.000,0,8450
2026-09-17,2026-09-22,5,Validation,562,13:48:34.000,13:48:34.000,0,5850
2026-09-17,2026-09-22,5,Validation,563,13:48:34.000,13:48:34.000,0,3250
2026-09-17,2026-09-22,5,Validation,564,13:48:35.000,13:48:54.000,19,2990
2026-09-17,2026-09-22,5,Validation,565,13:48:54.000,13:49:35.000,41,14430
2026-09-17,2026-09-22,5,Validation,566,13:49:35.000,13:49:35.000,0,11830
2026-09-17,2026-09-22,5,Validation,567,13:49:37.000,13:49:37.000,0,9230
2026-09-17,2026-09-22,5,Validation,568,13:49:37.000,13:49:37.000,0,6630
2026-09-17,2026-09-22,5,Validation,569,13:49:38.000,13:49:38.000,0,4030
2026-09-17,2026-09-22,5,Validation,570,13:49:38.000,13:50:16.000,38,2795
2026-09-17,2026-09-22,5,Validation,571,13:50:16.000,13:51:08.000,52,3120
2026-09-17,2026-09-22,5,Validation,572,13:51:08.000,13:51:31.000,23,5850
2026-09-17,2026-09-22,5,Validation,573,13:51:31.000,13:51:31.000,0,3250
2026-09-17,2026-09-22,5,Validation,574,13:51:32.000,13:53:38.000,126,2730
2026-09-17,2026-09-22,5,Validation,575,13:53:38.000,13:54:14.000,36,2600
2026-09-17,2026-09-22,5,Validation,576,13:54:14.000,13:56:58.000,164,2600
2026-09-17,2026-09-22,5,Validation,577,13:56:58.000,13:59:22.000,144,2860
2026-09-17,2026-09-22,5,Validation,578,13:59:22.000,14:01:47.000,145,2600
2026-09-17,2026-09-22,5,Validation,579,14:01:47.000,14:04:27.000,160,2600
2026-09-17,2026-09-22,5,Validation,580,14:04:27.000,14:06:43.000,136,3965
2026-09-17,2026-09-22,5,Validation,581,14:06:43.000,14:07:36.000,53,2990
2026-09-17,2026-09-22,5,Validation,582,14:07:36.000,14:08:01.000,25,2665
2026-09-17,2026-09-22,5,Validation,583,14:08:01.000,14:09:00.000,59,2600
2026-09-17,2026-09-22,5,Validation,584,14:09:00.000,14:11:07.000,127,2990
2026-09-17,2026-09-22,5,Validation,585,14:11:07.000,14:11:18.000,11,2795
2026-09-17,2026-09-22,5,Validation,586,14:11:18.000,14:12:25.000,67,2665
2026-09-17,2026-09-22,5,Validation,587,14:12:25.000,14:12:40.000,15,2925
2026-09-17,2026-09-22,5,Validation,588,14:12:40.000,14:14:56.000,136,2600
2026-09-17,2026-09-22,5,Validation,589,14:14:56.000,14:15:39.000,43,2600
2026-09-17,2026-09-22,5,Validation,590,14:15:39.000,14:16:42.000,63,2730
2026-09-17,2026-09-22,5,Validation,591,14:16:42.000,14:17:18.000,36,2665
2026-09-17,2026-09-22,5,Validation,592,14:17:18.000,14:18:16.000,58,2600
2026-09-17,2026-09-22,5,Validation,593,14:18:16.000,14:19:30.000,74,2600
2026-09-17,2026-09-22,5,Validation,594,14:19:30.000,14:20:29.000,59,4225
2026-09-17,2026-09-22,5,Validation,595,14:20:29.000,14:21:02.000,33,3640
2026-09-17,2026-09-22,5,Validation,596,14:21:02.000,14:21:53.000,51,2600
2026-09-17,2026-09-22,5,Validation,597,14:21:53.000,14:22:59.000,66,3120
2026-09-17,2026-09-22,5,Validation,598,14:22:59.000,14:23:31.000,32,3055
2026-09-17,2026-09-22,5,Validation,599,14:23:31.000,14:23:44.000,13,3770
2026-09-17,2026-09-22,5,Validation,600,14:23:44.000,14:24:25.000,41,2990
2026-09-17,2026-09-22,5,Validation,601,14:24:25.000,14:25:40.000,75,2600
2026-09-17,2026-09-22,5,Validation,602,14:25:40.000,14:26:46.000,66,2730
2026-09-17,2026-09-22,5,Validation,603,14:26:46.000,14:27:09.000,23,2600
2026-09-17,2026-09-22,5,Validation,604,14:27:09.000,14:27:16.000,7,2795
2026-09-17,2026-09-22,5,Validation,605,14:27:16.000,14:27:55.000,39,2665
2026-09-17,2026-09-22,5,Validation,606,14:27:55.000,14:28:25.000,30,2665
2026-09-17,2026-09-22,5,Validation,607,14:28:25.000,14:28:55.000,30,2795
2026-09-17,2026-09-22,5,Validation,608,14:28:55.000,14:29:18.000,23,3120
2026-09-17,2026-09-22,5,Validation,609,14:29:18.000,14:29:27.000,9,2665
2026-09-17,2026-09-22,5,Validation,610,14:29:27.000,14:29:43.000,16,2600
2026-09-17,2026-09-22,5,Validation,611,14:29:43.000,14:29:59.000,16,3510
2026-09-17,2026-09-22,5,Validation,612,14:29:59.000,14:30:19.000,20,3055
2026-09-17,2026-09-22,5,Validation,613,14:30:19.000,14:31:00.000,41,2665
2026-09-17,2026-09-22,5,Validation,614,14:31:00.000,14:31:41.000,41,2665
2026-09-17,2026-09-22,5,Validation,615,14:31:41.000,14:32:25.000,44,2730
2026-09-17,2026-09-22,5,Validation,616,14:32:25.000,14:33:17.000,52,2990
2026-09-17,2026-09-22,5,Validation,617,14:33:17.000,14:33:56.000,39,4615
2026-09-17,2026-09-22,5,Validation,618,14:33:56.000,14:34:03.000,7,3120
2026-09-17,2026-09-22,5,Validation,619,14:34:03.000,14:34:19.000,16,2795
2026-09-17,2026-09-22,5,Validation,620,14:34:19.000,14:34:35.000,16,3055
2026-09-17,2026-09-22,5,Validation,621,14:34:35.000,14:34:58.000,23,2600
2026-09-17,2026-09-22,5,Validation,622,14:34:58.000,14:36:05.000,67,2730
2026-09-17,2026-09-22,5,Validation,623,14:36:05.000,14:37:40.000,95,2600
2026-09-17,2026-09-22,5,Validation,624,14:37:40.000,14:37:45.000,5,7800
2026-09-17,2026-09-22,5,Validation,625,14:37:45.000,14:37:45.000,0,5200
2026-09-17,2026-09-22,5,Validation,626,14:37:46.000,14:37:46.000,0,2600
2026-09-17,2026-09-22,5,Validation,627,14:37:46.000,14:37:58.000,12,2730
2026-09-17,2026-09-22,5,Validation,628,14:37:58.000,14:38:30.000,32,2990
2026-09-17,2026-09-22,5,Validation,629,14:38:30.000,14:39:16.000,46,2665
2026-09-17,2026-09-22,5,Validation,630,14:39:16.000,14:40:12.000,56,2730
2026-09-17,2026-09-22,5,Validation,631,14:40:12.000,14:40:55.000,43,2600
2026-09-17,2026-09-22,5,Validation,632,14:40:55.000,14:42:43.000,108,2600
2026-09-17,2026-09-22,5,Validation,633,14:42:43.000,14:44:08.000,85,3055
2026-09-17,2026-09-22,5,Validation,634,14:44:08.000,14:45:05.000,57,2730
2026-09-17,2026-09-22,5,Validation,635,14:45:05.000,14:45:32.000,27,2665
2026-09-17,2026-09-22,5,Validation,636,14:45:32.000,14:46:04.000,32,3835
2026-09-17,2026-09-22,5,Validation,637,14:46:04.000,14:46:10.000,6,2600
2026-09-17,2026-09-22,5,Validation,638,14:46:10.000,14:46:48.000,38,2600
2026-09-17,2026-09-22,5,Validation,639,14:46:48.000,14:48:12.000,84,2795
2026-09-17,2026-09-22,5,Validation,640,14:48:12.000,14:49:31.000,79,3510
2026-09-17,2026-09-22,5,Validation,641,14:49:31.000,14:50:09.000,38,2600
2026-09-17,2026-09-22,5,Validation,642,14:50:09.000,14:51:22.000,73,2795
2026-09-17,2026-09-22,5,Validation,643,14:51:22.000,14:52:21.000,59,2600
2026-09-17,2026-09-22,5,Validation,644,14:52:21.000,14:53:21.000,60,2795
2026-09-17,2026-09-22,5,Validation,645,14:53:21.000,14:54:21.000,60,2730
2026-09-17,2026-09-22,5,Validation,646,14:54:21.000,14:54:28.000,7,3120
2026-09-17,2026-09-22,5,Validation,647,14:54:28.000,14:55:18.000,50,2600
2026-09-17,2026-09-22,5,Validation,648,14:55:18.000,14:56:11.000,53,2600
2026-09-17,2026-09-22,5,Validation,649,14:56:11.000,14:56:49.000,38,2665
2026-09-17,2026-09-22,5,Validation,650,14:56:49.000,14:57:25.000,36,2795
2026-09-17,2026-09-22,5,Validation,651,14:57:25.000,14:57:40.000,15,3835
2026-09-17,2026-09-22,5,Validation,652,14:57:40.000,14:57:52.000,12,2600
2026-09-17,2026-09-22,5,Validation,653,14:57:52.000,14:58:18.000,26,2665
2026-09-17,2026-09-22,5,Validation,654,14:58:18.000,14:59:25.000,67,2730
2026-09-17,2026-09-22,5,Validation,655,14:59:25.000,15:00:01.000,36,2600
2026-09-17,2026-09-22,5,Validation,656,15:00:01.000,15:00:33.000,32,2600
2026-09-17,2026-09-22,5,Validation,657,15:00:33.000,15:00:56.000,23,2600
2026-09-17,2026-09-22,5,Validation,658,15:00:56.000,15:01:56.000,60,2795
2026-09-17,2026-09-22,5,Validation,659,15:01:56.000,15:02:25.000,29,3120
2026-09-17,2026-09-22,5,Validation,660,15:02:25.000,15:02:29.000,4,3380
2026-09-17,2026-09-22,5,Validation,661,15:02:29.000,15:02:34.000,5,2925
2026-09-17,2026-09-22,5,Validation,662,15:02:34.000,15:03:05.000,31,2730
2026-09-17,2026-09-22,5,Validation,663,15:03:05.000,15:03:42.000,37,2600
2026-09-17,2026-09-22,5,Validation,664,15:03:42.000,15:04:47.000,65,2600
2026-09-17,2026-09-22,5,Validation,665,15:04:47.000,15:05:06.000,19,2665
2026-09-17,2026-09-22,5,Validation,666,15:05:06.000,15:05:46.000,40,2600
2026-09-17,2026-09-22,5,Validation,667,15:05:46.000,15:06:38.000,52,2860
2026-09-17,2026-09-22,5,Validation,668,15:06:38.000,15:07:12.000,34,2665
2026-09-17,2026-09-22,5,Validation,669,15:07:12.000,15:07:47.000,35,2600
2026-09-17,2026-09-22,5,Validation,670,15:07:47.000,15:08:40.000,53,2665
2026-09-17,2026-09-22,5,Validation,671,15:08:40.000,15:09:26.000,46,2730
2026-09-17,2026-09-22,5,Validation,672,15:09:26.000,15:09:46.000,20,2665
2026-09-17,2026-09-22,5,Validation,673,15:09:46.000,15:10:13.000,27,2600
2026-09-17,2026-09-22,5,Validation,674,15:10:13.000,15:10:53.000,40,2600
2026-09-17,2026-09-22,5,Validation,675,15:10:53.000,15:11:47.000,54,2600
2026-09-17,2026-09-22,5,Validation,676,15:11:47.000,15:12:38.000,51,2600
2026-09-17,2026-09-22,5,Validation,677,15:12:38.000,15:13:06.000,28,2730
2026-09-17,2026-09-22,5,Validation,678,15:13:06.000,15:13:25.000,19,2860
2026-09-17,2026-09-22,5,Validation,679,15:13:25.000,15:14:10.000,45,2730
2026-09-17,2026-09-22,5,Validation,680,15:14:10.000,15:14:33.000,23,4030
2026-09-17,2026-09-22,5,Validation,681,15:14:33.000,15:14:46.000,13,2600
2026-09-17,2026-09-22,5,Validation,682,15:14:46.000,15:15:24.000,38,2730
2026-09-17,2026-09-22,5,Validation,683,15:15:24.000,15:16:15.000,51,2600
2026-09-17,2026-09-22,5,Validation,684,15:16:15.000,15:17:11.000,56,2795
2026-09-17,2026-09-22,5,Validation,685,15:17:11.000,15:18:02.000,51,2600
2026-09-17,2026-09-22,5,Validation,686,15:18:02.000,15:18:19.000,17,2795
2026-09-17,2026-09-22,5,Validation,687,15:18:19.000,15:19:02.000,43,2600
2026-09-17,2026-09-22,5,Validation,688,15:19:02.000,15:20:01.000,59,2665
2026-09-17,2026-09-22,5,Validation,689,15:20:01.000,15:20:29.000,28,2665
2026-09-17,2026-09-22,5,Validation,690,15:20:29.000,15:20:54.000,25,6630
2026-09-17,2026-09-22,5,Validation,691,15:20:54.000,15:20:54.000,0,4030
2026-09-17,2026-09-22,5,Validation,692,15:20:55.000,15:21:06.000,11,2600
2026-09-17,2026-09-22,5,Validation,693,15:21:06.000,15:21:56.000,50,2600
2026-09-17,2026-09-22,5,Validation,694,15:21:56.000,15:22:23.000,27,2600
2026-09-17,2026-09-22,5,Validation,695,15:22:23.000,15:22:56.000,33,2860
2026-09-17,2026-09-22,5,Validation,696,15:22:56.000,15:23:01.000,5,3120
2026-09-17,2026-09-22,5,Validation,697,15:23:01.000,15:23:26.000,25,2600
2026-09-17,2026-09-22,5,Validation,698,15:23:26.000,15:24:06.000,40,2600
2026-09-17,2026-09-22,5,Validation,699,15:24:06.000,15:24:45.000,39,2860
2026-09-17,2026-09-22,5,Validation,700,15:24:45.000,15:24:54.000,9,2600
2026-09-17,2026-09-22,5,Validation,701,15:24:54.000,15:25:35.000,41,2600
2026-09-17,2026-09-22,5,Validation,702,15:25:35.000,15:26:14.000,39,2990
2026-09-17,2026-09-22,5,Validation,703,15:26:14.000,15:26:51.000,37,2600
2026-09-17,2026-09-22,5,Validation,704,15:26:51.000,15:27:09.000,18,2665
2026-09-17,2026-09-22,5,Validation,705,15:27:09.000,15:27:17.000,8,2990
2026-09-17,2026-09-22,5,Validation,706,15:27:17.000,15:27:45.000,28,2600
2026-09-17,2026-09-22,5,Validation,707,15:27:45.000,15:28:25.000,40,2730
2026-09-17,2026-09-22,5,Validation,708,15:28:25.000,15:29:14.000,49,2600
2026-09-17,2026-09-22,5,Validation,709,15:29:14.000,15:29:37.000,23,2600
2026-09-17,2026-09-22,5,Validation,710,15:29:37.000,15:30:00.000,23,2730
2026-09-17,2026-09-22,5,Validation,711,15:30:00.000,15:30:00.000,0,130
2026-09-18,2026-09-22,4,Validation,0,09:15:00.000,09:15:01.000,1,4615
2026-09-18,2026-09-22,4,Validation,1,09:15:01.000,09:15:03.000,2,3770
2026-09-18,2026-09-22,4,Validation,2,09:15:03.000,09:15:04.000,1,2730
2026-09-18,2026-09-22,4,Validation,3,09:15:04.000,09:15:12.000,8,3120
2026-09-18,2026-09-22,4,Validation,4,09:15:12.000,09:15:24.000,12,3185
2026-09-18,2026-09-22,4,Validation,5,09:15:24.000,09:15:38.000,14,2795
2026-09-18,2026-09-22,4,Validation,6,09:15:38.000,09:15:47.000,9,4225
2026-09-18,2026-09-22,4,Validation,7,09:15:47.000,09:15:50.000,3,4745
2026-09-18,2026-09-22,4,Validation,8,09:15:50.000,09:15:55.000,5,4225
2026-09-18,2026-09-22,4,Validation,9,09:15:55.000,09:16:00.000,5,3315
2026-09-18,2026-09-22,4,Validation,10,09:16:00.000,09:16:10.000,10,3705
2026-09-18,2026-09-22,4,Validation,11,09:16:10.000,09:16:25.000,15,2600
2026-09-18,2026-09-22,4,Validation,12,09:16:25.000,09:16:45.000,20,3705
2026-09-18,2026-09-22,4,Validation,13,09:16:45.000,09:17:03.000,18,2795
2026-09-18,2026-09-22,4,Validation,14,09:17:03.000,09:17:10.000,7,2860
2026-09-18,2026-09-22,4,Validation,15,09:17:10.000,09:17:23.000,13,2730
2026-09-18,2026-09-22,4,Validation,16,09:17:23.000,09:17:28.000,5,2665
2026-09-18,2026-09-22,4,Validation,17,09:17:28.000,09:17:43.000,15,2600
2026-09-18,2026-09-22,4,Validation,18,09:17:43.000,09:17:55.000,12,2730
2026-09-18,2026-09-22,4,Validation,19,09:17:55.000,09:18:08.000,13,2990
2026-09-18,2026-09-22,4,Validation,20,09:18:08.000,09:18:28.000,20,2600
2026-09-18,2026-09-22,4,Validation,21,09:18:28.000,09:18:49.000,21,2730
2026-09-18,2026-09-22,4,Validation,22,09:18:49.000,09:19:14.000,25,4225
2026-09-18,2026-09-22,4,Validation,23,09:19:14.000,09:19:19.000,5,2600
2026-09-18,2026-09-22,4,Validation,24,09:19:19.000,09:19:51.000,32,2925
2026-09-18,2026-09-22,4,Validation,25,09:19:51.000,09:20:38.000,47,2795
2026-09-18,2026-09-22,4,Validation,26,09:20:38.000,09:20:43.000,5,2860
2026-09-18,2026-09-22,4,Validation,27,09:20:43.000,09:21:01.000,18,2665
2026-09-18,2026-09-22,4,Validation,28,09:21:01.000,09:21:04.000,3,3900
2026-09-18,2026-09-22,4,Validation,29,09:21:04.000,09:21:24.000,20,4290
2026-09-18,2026-09-22,4,Validation,30,09:21:24.000,09:21:31.000,7,4095
2026-09-18,2026-09-22,4,Validation,31,09:21:31.000,09:21:39.000,8,2730
2026-09-18,2026-09-22,4,Validation,32,09:21:39.000,09:22:21.000,42,2600
2026-09-18,2026-09-22,4,Validation,33,09:22:21.000,09:22:49.000,28,2925
2026-09-18,2026-09-22,4,Validation,34,09:22:49.000,09:23:01.000,12,2925
2026-09-18,2026-09-22,4,Validation,35,09:23:01.000,09:23:24.000,23,3120
2026-09-18,2026-09-22,4,Validation,36,09:23:24.000,09:23:56.000,32,2730
2026-09-18,2026-09-22,4,Validation,37,09:23:56.000,09:24:09.000,13,2730
2026-09-18,2026-09-22,4,Validation,38,09:24:09.000,09:24:24.000,15,2860
2026-09-18,2026-09-22,4,Validation,39,09:24:24.000,09:25:15.000,51,3380
2026-09-18,2026-09-22,4,Validation,40,09:25:15.000,09:26:07.000,52,2730
2026-09-18,2026-09-22,4,Validation,41,09:26:07.000,09:26:16.000,9,3120
2026-09-18,2026-09-22,4,Validation,42,09:26:16.000,09:27:07.000,51,2730
2026-09-18,2026-09-22,4,Validation,43,09:27:07.000,09:27:20.000,13,5005
2026-09-18,2026-09-22,4,Validation,44,09:27:20.000,09:27:22.000,2,2730
2026-09-18,2026-09-22,4,Validation,45,09:27:22.000,09:27:45.000,23,2730
2026-09-18,2026-09-22,4,Validation,46,09:27:45.000,09:28:19.000,34,2990
2026-09-18,2026-09-22,4,Validation,47,09:28:19.000,09:28:32.000,13,2665
2026-09-18,2026-09-22,4,Validation,48,09:28:32.000,09:29:19.000,47,2730
2026-09-18,2026-09-22,4,Validation,49,09:29:19.000,09:29:57.000,38,5005
2026-09-18,2026-09-22,4,Validation,50,09:29:57.000,09:30:00.000,3,2665
2026-09-18,2026-09-22,4,Validation,51,09:30:00.000,09:30:24.000,24,2860
2026-09-18,2026-09-22,4,Validation,52,09:30:24.000,09:30:34.000,10,2600
2026-09-18,2026-09-22,4,Validation,53,09:30:34.000,09:31:02.000,28,3315
2026-09-18,2026-09-22,4,Validation,54,09:31:02.000,09:31:07.000,5,2600
2026-09-18,2026-09-22,4,Validation,55,09:31:07.000,09:31:37.000,30,2730
2026-09-18,2026-09-22,4,Validation,56,09:31:37.000,09:32:22.000,45,2600
2026-09-18,2026-09-22,4,Validation,57,09:32:22.000,09:32:37.000,15,2665
2026-09-18,2026-09-22,4,Validation,58,09:32:37.000,09:32:59.000,22,2795
2026-09-18,2026-09-22,4,Validation,59,09:32:59.000,09:33:15.000,16,2665
2026-09-18,2026-09-22,4,Validation,60,09:33:15.000,09:33:20.000,5,2600
2026-09-18,2026-09-22,4,Validation,61,09:33:20.000,09:33:42.000,22,2600
2026-09-18,2026-09-22,4,Validation,62,09:33:42.000,09:34:05.000,23,2665
2026-09-18,2026-09-22,4,Validation,63,09:34:05.000,09:34:42.000,37,3770
2026-09-18,2026-09-22,4,Validation,64,09:34:42.000,09:35:33.000,51,2600
2026-09-18,2026-09-22,4,Validation,65,09:35:33.000,09:36:18.000,45,2600
2026-09-18,2026-09-22,4,Validation,66,09:36:18.000,09:37:00.000,42,2925
2026-09-18,2026-09-22,4,Validation,67,09:37:00.000,09:37:57.000,57,2730
2026-09-18,2026-09-22,4,Validation,68,09:37:57.000,09:39:06.000,69,2665
2026-09-18,2026-09-22,4,Validation,69,09:39:06.000,09:39:57.000,51,2600
2026-09-18,2026-09-22,4,Validation,70,09:39:57.000,09:40:33.000,36,2730
2026-09-18,2026-09-22,4,Validation,71,09:40:33.000,09:41:13.000,40,2600
2026-09-18,2026-09-22,4,Validation,72,09:41:13.000,09:41:42.000,29,2795
2026-09-18,2026-09-22,4,Validation,73,09:41:42.000,09:42:15.000,33,2795
2026-09-18,2026-09-22,4,Validation,74,09:42:15.000,09:42:48.000,33,2665
2026-09-18,2026-09-22,4,Validation,75,09:42:48.000,09:43:43.000,55,2600
2026-09-18,2026-09-22,4,Validation,76,09:43:43.000,09:44:50.000,67,2665
2026-09-18,2026-09-22,4,Validation,77,09:44:50.000,09:45:30.000,40,2665
2026-09-18,2026-09-22,4,Validation,78,09:45:30.000,09:46:40.000,70,3055
2026-09-18,2026-09-22,4,Validation,79,09:46:40.000,09:47:12.000,32,3315
2026-09-18,2026-09-22,4,Validation,80,09:47:12.000,09:48:15.000,63,2730
2026-09-18,2026-09-22,4,Validation,81,09:48:15.000,09:49:46.000,91,2600
2026-09-18,2026-09-22,4,Validation,82,09:49:46.000,09:50:21.000,35,2795
2026-09-18,2026-09-22,4,Validation,83,09:50:21.000,09:51:01.000,40,3835
2026-09-18,2026-09-22,4,Validation,84,09:51:01.000,09:51:23.000,22,2665
2026-09-18,2026-09-22,4,Validation,85,09:51:23.000,09:52:28.000,65,2600
2026-09-18,2026-09-22,4,Validation,86,09:52:28.000,09:53:01.000,33,2665
2026-09-18,2026-09-22,4,Validation,87,09:53:01.000,09:54:44.000,103,2600
2026-09-18,2026-09-22,4,Validation,88,09:54:44.000,09:55:13.000,29,3055
2026-09-18,2026-09-22,4,Validation,89,09:55:13.000,09:56:14.000,61,2860
2026-09-18,2026-09-22,4,Validation,90,09:56:14.000,09:57:28.000,74,2860
2026-09-18,2026-09-22,4,Validation,91,09:57:28.000,09:57:49.000,21,2990
2026-09-18,2026-09-22,4,Validation,92,09:57:49.000,09:58:23.000,34,2730
2026-09-18,2026-09-22,4,Validation,93,09:58:23.000,09:59:38.000,75,2665
2026-09-18,2026-09-22,4,Validation,94,09:59:38.000,10:00:18.000,40,2925
2026-09-18,2026-09-22,4,Validation,95,10:00:18.000,10:01:11.000,53,2600
2026-09-18,2026-09-22,4,Validation,96,10:01:11.000,10:03:12.000,121,2600
2026-09-18,2026-09-22,4,Validation,97,10:03:12.000,10:03:51.000,39,2795
2026-09-18,2026-09-22,4,Validation,98,10:03:51.000,10:05:25.000,94,3185
2026-09-18,2026-09-22,4,Validation,99,10:05:25.000,10:07:05.000,100,2600
2026-09-18,2026-09-22,4,Validation,100,10:07:05.000,10:09:31.000,146,2665
2026-09-18,2026-09-22,4,Validation,101,10:09:31.000,10:11:06.000,95,2600
2026-09-18,2026-09-22,4,Validation,102,10:11:06.000,10:11:50.000,44,2730
2026-09-18,2026-09-22,4,Validation,103,10:11:50.000,10:13:15.000,85,2600
2026-09-18,2026-09-22,4,Validation,104,10:13:15.000,10:13:58.000,43,3250
2026-09-18,2026-09-22,4,Validation,105,10:13:58.000,10:14:58.000,60,2665
2026-09-18,2026-09-22,4,Validation,106,10:14:58.000,10:16:47.000,109,2600
2026-09-18,2026-09-22,4,Validation,107,10:16:47.000,10:19:25.000,158,2795
2026-09-18,2026-09-22,4,Validation,108,10:19:25.000,10:22:44.000,199,2665
2026-09-18,2026-09-22,4,Validation,109,10:22:44.000,10:24:48.000,124,2860
2026-09-18,2026-09-22,4,Validation,110,10:24:48.000,10:25:26.000,38,3575
2026-09-18,2026-09-22,4,Validation,111,10:25:26.000,10:27:06.000,100,2600
2026-09-18,2026-09-22,4,Validation,112,10:27:06.000,10:27:56.000,50,2665
2026-09-18,2026-09-22,4,Validation,113,10:27:56.000,10:29:19.000,83,3705
2026-09-18,2026-09-22,4,Validation,114,10:29:19.000,10:30:16.000,57,2925
2026-09-18,2026-09-22,4,Validation,115,10:30:16.000,10:31:47.000,91,3120
2026-09-18,2026-09-22,4,Validation,116,10:31:47.000,10:33:41.000,114,2795
2026-09-18,2026-09-22,4,Validation,117,10:33:41.000,10:34:33.000,52,3835
2026-09-18,2026-09-22,4,Validation,118,10:34:33.000,10:35:22.000,49,2795
2026-09-18,2026-09-22,4,Validation,119,10:35:22.000,10:36:03.000,41,2600
2026-09-18,2026-09-22,4,Validation,120,10:36:03.000,10:38:09.000,126,2665
2026-09-18,2026-09-22,4,Validation,121,10:38:09.000,10:38:42.000,33,2795
2026-09-18,2026-09-22,4,Validation,122,10:38:42.000,10:40:02.000,80,2860
2026-09-18,2026-09-22,4,Validation,123,10:40:02.000,10:40:23.000,21,4550
2026-09-18,2026-09-22,4,Validation,124,10:40:23.000,10:40:45.000,22,3380
2026-09-18,2026-09-22,4,Validation,125,10:40:45.000,10:41:57.000,72,3185
2026-09-18,2026-09-22,4,Validation,126,10:41:57.000,10:43:09.000,72,2600
2026-09-18,2026-09-22,4,Validation,127,10:43:09.000,10:46:34.000,205,2600
2026-09-18,2026-09-22,4,Validation,128,10:46:34.000,10:48:34.000,120,2665
2026-09-18,2026-09-22,4,Validation,129,10:48:34.000,10:49:37.000,63,2600
2026-09-18,2026-09-22,4,Validation,130,10:49:37.000,10:51:19.000,102,2730
2026-09-18,2026-09-22,4,Validation,131,10:51:19.000,10:52:17.000,58,3120
2026-09-18,2026-09-22,4,Validation,132,10:52:17.000,10:53:25.000,68,2795
2026-09-18,2026-09-22,4,Validation,133,10:53:25.000,10:54:27.000,62,2600
2026-09-18,2026-09-22,4,Validation,134,10:54:27.000,10:55:59.000,92,2795
2026-09-18,2026-09-22,4,Validation,135,10:55:59.000,10:58:37.000,158,2665
2026-09-18,2026-09-22,4,Validation,136,10:58:37.000,10:59:46.000,69,2860
2026-09-18,2026-09-22,4,Validation,137,10:59:46.000,11:00:31.000,45,3055
2026-09-18,2026-09-22,4,Validation,138,11:00:31.000,11:01:50.000,79,2665
2026-09-18,2026-09-22,4,Validation,139,11:01:50.000,11:05:09.000,199,2665
2026-09-18,2026-09-22,4,Validation,140,11:05:09.000,11:05:19.000,10,2990
2026-09-18,2026-09-22,4,Validation,141,11:05:19.000,11:07:25.000,126,2665
2026-09-18,2026-09-22,4,Validation,142,11:07:25.000,11:10:15.000,170,2600
2026-09-18,2026-09-22,4,Validation,143,11:10:15.000,11:12:57.000,162,3185
2026-09-18,2026-09-22,4,Validation,144,11:12:57.000,11:13:28.000,31,2990
2026-09-18,2026-09-22,4,Validation,145,11:13:28.000,11:17:15.000,227,2600
2026-09-18,2026-09-22,4,Validation,146,11:17:15.000,11:19:12.000,117,2600
2026-09-18,2026-09-22,4,Validation,147,11:19:12.000,11:21:43.000,151,2600
2026-09-18,2026-09-22,4,Validation,148,11:21:43.000,11:24:56.000,193,2600
2026-09-18,2026-09-22,4,Validation,149,11:24:56.000,11:26:14.000,78,2600
2026-09-18,2026-09-22,4,Validation,150,11:26:14.000,11:29:04.000,170,2795
2026-09-18,2026-09-22,4,Validation,151,11:29:04.000,11:30:04.000,60,3250
2026-09-18,2026-09-22,4,Validation,152,11:30:04.000,11:30:12.000,8,3380
2026-09-18,2026-09-22,4,Validation,153,11:30:12.000,11:30:15.000,3,5850
2026-09-18,2026-09-22,4,Validation,154,11:30:15.000,11:30:15.000,0,3250
2026-09-18,2026-09-22,4,Validation,155,11:30:16.000,11:30:19.000,3,3835
2026-09-18,2026-09-22,4,Validation,156,11:30:19.000,11:30:20.000,1,3510
2026-09-18,2026-09-22,4,Validation,157,11:30:20.000,11:30:22.000,2,2925
2026-09-18,2026-09-22,4,Validation,158,11:30:22.000,11:30:24.000,2,2795
2026-09-18,2026-09-22,4,Validation,159,11:30:24.000,11:30:25.000,1,2665
2026-09-18,2026-09-22,4,Validation,160,11:30:25.000,11:30:55.000,30,2730
2026-09-18,2026-09-22,4,Validation,161,11:30:55.000,11:32:06.000,71,2600
2026-09-18,2026-09-22,4,Validation,162,11:32:06.000,11:33:19.000,73,3380
2026-09-18,2026-09-22,4,Validation,163,11:33:19.000,11:33:30.000,11,2665
2026-09-18,2026-09-22,4,Validation,164,11:33:30.000,11:33:42.000,12,2600
2026-09-18,2026-09-22,4,Validation,165,11:33:42.000,11:34:53.000,71,2795
2026-09-18,2026-09-22,4,Validation,166,11:34:53.000,11:36:56.000,123,2665
2026-09-18,2026-09-22,4,Validation,167,11:36:56.000,11:38:25.000,89,2730
2026-09-18,2026-09-22,4,Validation,168,11:38:25.000,11:39:18.000,53,3120
2026-09-18,2026-09-22,4,Validation,169,11:39:18.000,11:40:29.000,71,2665
2026-09-18,2026-09-22,4,Validation,170,11:40:29.000,11:42:06.000,97,3185
2026-09-18,2026-09-22,4,Validation,171,11:42:06.000,11:44:58.000,172,2860
2026-09-18,2026-09-22,4,Validation,172,11:44:58.000,11:47:36.000,158,2600
2026-09-18,2026-09-22,4,Validation,173,11:47:36.000,11:50:25.000,169,2990
2026-09-18,2026-09-22,4,Validation,174,11:50:25.000,11:51:59.000,94,3965
2026-09-18,2026-09-22,4,Validation,175,11:51:59.000,11:52:10.000,11,2990
2026-09-18,2026-09-22,4,Validation,176,11:52:10.000,11:52:24.000,14,10335
2026-09-18,2026-09-22,4,Validation,177,11:52:24.000,11:52:24.000,0,7735
2026-09-18,2026-09-22,4,Validation,178,11:52:25.000,11:52:25.000,0,5135
2026-09-18,2026-09-22,4,Validation,179,11:52:25.000,11:52:25.000,0,2665
2026-09-18,2026-09-22,4,Validation,180,11:52:25.000,11:53:33.000,68,2730
2026-09-18,2026-09-22,4,Validation,181,11:53:33.000,11:54:15.000,42,3445
2026-09-18,2026-09-22,4,Validation,182,11:54:15.000,11:54:33.000,18,2730
2026-09-18,2026-09-22,4,Validation,183,11:54:33.000,11:55:50.000,77,2600
2026-09-18,2026-09-22,4,Validation,184,11:55:50.000,11:56:29.000,39,2600
2026-09-18,2026-09-22,4,Validation,185,11:56:29.000,11:59:54.000,205,2600
2026-09-18,2026-09-22,4,Validation,186,11:59:54.000,12:01:53.000,119,2600
2026-09-18,2026-09-22,4,Validation,187,12:01:53.000,12:03:37.000,104,2600
2026-09-18,2026-09-22,4,Validation,188,12:03:37.000,12:05:38.000,121,2600
2026-09-18,2026-09-22,4,Validation,189,12:05:38.000,12:07:37.000,119,2600
2026-09-18,2026-09-22,4,Validation,190,12:07:37.000,12:10:01.000,144,2600
2026-09-18,2026-09-22,4,Validation,191,12:10:01.000,12:13:16.000,195,2795
2026-09-18,2026-09-22,4,Validation,192,12:13:16.000,12:14:24.000,68,2600
2026-09-18,2026-09-22,4,Validation,193,12:14:24.000,12:15:48.000,84,2600
2026-09-18,2026-09-22,4,Validation,194,12:15:48.000,12:18:02.000,134,2600
2026-09-18,2026-09-22,4,Validation,195,12:18:02.000,12:19:01.000,59,2600
2026-09-18,2026-09-22,4,Validation,196,12:19:01.000,12:19:56.000,55,2730
2026-09-18,2026-09-22,4,Validation,197,12:19:56.000,12:20:41.000,45,2600
2026-09-18,2026-09-22,4,Validation,198,12:20:41.000,12:22:44.000,123,2795
2026-09-18,2026-09-22,4,Validation,199,12:22:44.000,12:25:51.000,187,2795
2026-09-18,2026-09-22,4,Validation,200,12:25:51.000,12:28:06.000,135,2990
2026-09-18,2026-09-22,4,Validation,201,12:28:06.000,12:29:58.000,112,2600
2026-09-18,2026-09-22,4,Validation,202,12:29:58.000,12:32:31.000,153,2600
2026-09-18,2026-09-22,4,Validation,203,12:32:31.000,12:34:39.000,128,2600
2026-09-18,2026-09-22,4,Validation,204,12:34:39.000,12:36:27.000,108,2600
2026-09-18,2026-09-22,4,Validation,205,12:36:27.000,12:37:03.000,36,2600
2026-09-18,2026-09-22,4,Validation,206,12:37:03.000,12:37:40.000,37,2665
2026-09-18,2026-09-22,4,Validation,207,12:37:40.000,12:38:15.000,35,3770
2026-09-18,2026-09-22,4,Validation,208,12:38:15.000,12:38:56.000,41,2795
2026-09-18,2026-09-22,4,Validation,209,12:38:56.000,12:41:28.000,152,2795
2026-09-18,2026-09-22,4,Validation,210,12:41:28.000,12:42:38.000,70,2600
2026-09-18,2026-09-22,4,Validation,211,12:42:38.000,12:44:42.000,124,2860
2026-09-18,2026-09-22,4,Validation,212,12:44:42.000,12:47:00.000,138,2600
2026-09-18,2026-09-22,4,Validation,213,12:47:00.000,12:48:22.000,82,2860
2026-09-18,2026-09-22,4,Validation,214,12:48:22.000,12:51:00.000,158,2600
2026-09-18,2026-09-22,4,Validation,215,12:51:00.000,12:53:26.000,146,2665
2026-09-18,2026-09-22,4,Validation,216,12:53:26.000,12:56:11.000,165,2600
2026-09-18,2026-09-22,4,Validation,217,12:56:11.000,12:58:23.000,132,2730
2026-09-18,2026-09-22,4,Validation,218,12:58:23.000,13:02:23.000,240,2600
2026-09-18,2026-09-22,4,Validation,219,13:02:23.000,13:02:50.000,27,2600
2026-09-18,2026-09-22,4,Validation,220,13:02:50.000,13:04:06.000,76,2665
2026-09-18,2026-09-22,4,Validation,221,13:04:06.000,13:04:09.000,3,6175
2026-09-18,2026-09-22,4,Validation,222,13:04:09.000,13:04:09.000,0,3575
2026-09-18,2026-09-22,4,Validation,223,13:04:10.000,13:04:18.000,8,3055
2026-09-18,2026-09-22,4,Validation,224,13:04:18.000,13:04:28.000,10,4615
2026-09-18,2026-09-22,4,Validation,225,13:04:28.000,13:04:43.000,15,2860
2026-09-18,2026-09-22,4,Validation,226,13:04:43.000,13:05:21.000,38,2665
2026-09-18,2026-09-22,4,Validation,227,13:05:21.000,13:07:38.000,137,3900
2026-09-18,2026-09-22,4,Validation,228,13:07:38.000,13:08:24.000,46,2600
2026-09-18,2026-09-22,4,Validation,229,13:08:24.000,13:10:27.000,123,2600
2026-09-18,2026-09-22,4,Validation,230,13:10:27.000,13:12:44.000,137,2665
2026-09-18,2026-09-22,4,Validation,231,13:12:44.000,13:14:06.000,82,2730
2026-09-18,2026-09-22,4,Validation,232,13:14:06.000,13:15:51.000,105,2665
2026-09-18,2026-09-22,4,Validation,233,13:15:51.000,13:16:06.000,15,3965
2026-09-18,2026-09-22,4,Validation,234,13:16:06.000,13:16:24.000,18,3315
2026-09-18,2026-09-22,4,Validation,235,13:16:24.000,13:16:34.000,10,2665
2026-09-18,2026-09-22,4,Validation,236,13:16:34.000,13:16:53.000,19,7800
2026-09-18,2026-09-22,4,Validation,237,13:16:53.000,13:16:53.000,0,5200
2026-09-18,2026-09-22,4,Validation,238,13:16:55.000,13:16:55.000,0,2600
2026-09-18,2026-09-22,4,Validation,239,13:16:55.000,13:19:35.000,160,2730
2026-09-18,2026-09-22,4,Validation,240,13:19:35.000,13:22:32.000,177,2665
2026-09-18,2026-09-22,4,Validation,241,13:22:32.000,13:26:19.000,227,2600
2026-09-18,2026-09-22,4,Validation,242,13:26:19.000,13:27:07.000,48,2925
2026-09-18,2026-09-22,4,Validation,243,13:27:07.000,13:29:22.000,135,2600
2026-09-18,2026-09-22,4,Validation,244,13:29:22.000,13:30:51.000,89,2665
2026-09-18,2026-09-22,4,Validation,245,13:30:51.000,13:32:50.000,119,2730
2026-09-18,2026-09-22,4,Validation,246,13:32:50.000,13:33:13.000,23,2860
2026-09-18,2026-09-22,4,Validation,247,13:33:13.000,13:34:17.000,64,2860
2026-09-18,2026-09-22,4,Validation,248,13:34:17.000,13:34:37.000,20,3120
2026-09-18,2026-09-22,4,Validation,249,13:34:37.000,13:35:47.000,70,4355
2026-09-18,2026-09-22,4,Validation,250,13:35:47.000,13:36:30.000,43,2600
2026-09-18,2026-09-22,4,Validation,251,13:36:30.000,13:39:19.000,169,2600
2026-09-18,2026-09-22,4,Validation,252,13:39:19.000,13:41:50.000,151,2600
2026-09-18,2026-09-22,4,Validation,253,13:41:50.000,13:43:14.000,84,3185
2026-09-18,2026-09-22,4,Validation,254,13:43:14.000,13:44:14.000,60,2665
2026-09-18,2026-09-22,4,Validation,255,13:44:14.000,13:44:52.000,38,2990
2026-09-18,2026-09-22,4,Validation,256,13:44:52.000,13:45:15.000,23,2795
2026-09-18,2026-09-22,4,Validation,257,13:45:15.000,13:45:40.000,25,2665
2026-09-18,2026-09-22,4,Validation,258,13:45:40.000,13:46:48.000,68,2600
2026-09-18,2026-09-22,4,Validation,259,13:46:48.000,13:47:35.000,47,2665
2026-09-18,2026-09-22,4,Validation,260,13:47:35.000,13:47:40.000,5,2795
2026-09-18,2026-09-22,4,Validation,261,13:47:40.000,13:48:05.000,25,3055
2026-09-18,2026-09-22,4,Validation,262,13:48:05.000,13:48:29.000,24,2600
2026-09-18,2026-09-22,4,Validation,263,13:48:29.000,13:48:37.000,8,2665
2026-09-18,2026-09-22,4,Validation,264,13:48:37.000,13:49:12.000,35,2860
2026-09-18,2026-09-22,4,Validation,265,13:49:12.000,13:49:48.000,36,3705
2026-09-18,2026-09-22,4,Validation,266,13:49:48.000,13:51:18.000,90,2730
2026-09-18,2026-09-22,4,Validation,267,13:51:18.000,13:52:16.000,58,3835
2026-09-18,2026-09-22,4,Validation,268,13:52:16.000,13:52:38.000,22,3120
2026-09-18,2026-09-22,4,Validation,269,13:52:38.000,13:53:19.000,41,2600
2026-09-18,2026-09-22,4,Validation,270,13:53:19.000,13:54:46.000,87,4485
2026-09-18,2026-09-22,4,Validation,271,13:54:46.000,13:55:07.000,21,3055
2026-09-18,2026-09-22,4,Validation,272,13:55:07.000,13:55:45.000,38,2665
2026-09-18,2026-09-22,4,Validation,273,13:55:45.000,13:57:02.000,77,2860
2026-09-18,2026-09-22,4,Validation,274,13:57:02.000,13:57:34.000,32,2600
2026-09-18,2026-09-22,4,Validation,275,13:57:34.000,13:58:54.000,80,2925
2026-09-18,2026-09-22,4,Validation,276,13:58:54.000,13:59:01.000,7,2600
2026-09-18,2026-09-22,4,Validation,277,13:59:01.000,13:59:55.000,54,2600
2026-09-18,2026-09-22,4,Validation,278,13:59:55.000,14:01:44.000,109,2860
2026-09-18,2026-09-22,4,Validation,279,14:01:44.000,14:04:51.000,187,2665
2026-09-18,2026-09-22,4,Validation,280,14:04:51.000,14:06:11.000,80,2600
2026-09-18,2026-09-22,4,Validation,281,14:06:11.000,14:06:49.000,38,3185
2026-09-18,2026-09-22,4,Validation,282,14:06:49.000,14:07:17.000,28,3965
2026-09-18,2026-09-22,4,Validation,283,14:07:17.000,14:08:01.000,44,2600
2026-09-18,2026-09-22,4,Validation,284,14:08:01.000,14:08:14.000,13,2600
2026-09-18,2026-09-22,4,Validation,285,14:08:14.000,14:08:16.000,2,3315
2026-09-18,2026-09-22,4,Validation,286,14:08:16.000,14:08:45.000,29,2665
2026-09-18,2026-09-22,4,Validation,287,14:08:45.000,14:08:50.000,5,2860
2026-09-18,2026-09-22,4,Validation,288,14:08:50.000,14:09:30.000,40,3120
2026-09-18,2026-09-22,4,Validation,289,14:09:30.000,14:09:35.000,5,7800
2026-09-18,2026-09-22,4,Validation,290,14:09:35.000,14:09:35.000,0,5200
2026-09-18,2026-09-22,4,Validation,291,14:09:37.000,14:09:37.000,0,2600
2026-09-18,2026-09-22,4,Validation,292,14:09:37.000,14:09:50.000,13,2600
2026-09-18,2026-09-22,4,Validation,293,14:09:50.000,14:09:55.000,5,5460
2026-09-18,2026-09-22,4,Validation,294,14:09:55.000,14:09:55.000,0,2860
2026-09-18,2026-09-22,4,Validation,295,14:09:57.000,14:10:15.000,18,3575
2026-09-18,2026-09-22,4,Validation,296,14:10:15.000,14:10:22.000,7,2990
2026-09-18,2026-09-22,4,Validation,297,14:10:22.000,14:10:27.000,5,2860
2026-09-18,2026-09-22,4,Validation,298,14:10:27.000,14:10:57.000,30,2665
2026-09-18,2026-09-22,4,Validation,299,14:10:57.000,14:11:54.000,57,3185
2026-09-18,2026-09-22,4,Validation,300,14:11:54.000,14:12:22.000,28,2665
2026-09-18,2026-09-22,4,Validation,301,14:12:22.000,14:12:37.000,15,3640
2026-09-18,2026-09-22,4,Validation,302,14:12:37.000,14:12:57.000,20,2860
2026-09-18,2026-09-22,4,Validation,303,14:12:57.000,14:13:05.000,8,2600
2026-09-18,2026-09-22,4,Validation,304,14:13:05.000,14:13:20.000,15,2925
2026-09-18,2026-09-22,4,Validation,305,14:13:20.000,14:13:37.000,17,3380
2026-09-18,2026-09-22,4,Validation,306,14:13:37.000,14:14:20.000,43,2665
2026-09-18,2026-09-22,4,Validation,307,14:14:20.000,14:14:58.000,38,2665
2026-09-18,2026-09-22,4,Validation,308,14:14:58.000,14:16:01.000,63,2665
2026-09-18,2026-09-22,4,Validation,309,14:16:01.000,14:16:56.000,55,2990
2026-09-18,2026-09-22,4,Validation,310,14:16:56.000,14:18:24.000,88,3640
2026-09-18,2026-09-22,4,Validation,311,14:18:24.000,14:18:32.000,8,3120
2026-09-18,2026-09-22,4,Validation,312,14:18:32.000,14:18:57.000,25,2795
2026-09-18,2026-09-22,4,Validation,313,14:18:57.000,14:20:32.000,95,2665
2026-09-18,2026-09-22,4,Validation,314,14:20:32.000,14:22:47.000,135,3055
2026-09-18,2026-09-22,4,Validation,315,14:22:47.000,14:22:53.000,6,3900
2026-09-18,2026-09-22,4,Validation,316,14:22:53.000,14:23:35.000,42,2600
2026-09-18,2026-09-22,4,Validation,317,14:23:35.000,14:24:56.000,81,2730
2026-09-18,2026-09-22,4,Validation,318,14:24:56.000,14:25:11.000,15,2795
2026-09-18,2026-09-22,4,Validation,319,14:25:11.000,14:26:33.000,82,2730
2026-09-18,2026-09-22,4,Validation,320,14:26:33.000,14:27:41.000,68,2925
2026-09-18,2026-09-22,4,Validation,321,14:27:41.000,14:28:41.000,60,2730
2026-09-18,2026-09-22,4,Validation,322,14:28:41.000,14:28:51.000,10,4810
2026-09-18,2026-09-22,4,Validation,323,14:28:51.000,14:28:52.000,1,3120
2026-09-18,2026-09-22,4,Validation,324,14:28:52.000,14:29:07.000,15,2925
2026-09-18,2026-09-22,4,Validation,325,14:29:07.000,14:29:41.000,34,2600
2026-09-18,2026-09-22,4,Validation,326,14:29:41.000,14:30:21.000,40,2730
2026-09-18,2026-09-22,4,Validation,327,14:30:21.000,14:31:03.000,42,3380
2026-09-18,2026-09-22,4,Validation,328,14:31:03.000,14:31:08.000,5,2795
2026-09-18,2026-09-22,4,Validation,329,14:31:08.000,14:31:16.000,8,2600
2026-09-18,2026-09-22,4,Validation,330,14:31:16.000,14:32:09.000,53,3185
2026-09-18,2026-09-22,4,Validation,331,14:32:09.000,14:32:34.000,25,2925
2026-09-18,2026-09-22,4,Validation,332,14:32:34.000,14:33:01.000,27,5850
2026-09-18,2026-09-22,4,Validation,333,14:33:01.000,14:33:01.000,0,3250
2026-09-18,2026-09-22,4,Validation,334,14:33:02.000,14:33:13.000,11,3185
2026-09-18,2026-09-22,4,Validation,335,14:33:13.000,14:33:18.000,5,9360
2026-09-18,2026-09-22,4,Validation,336,14:33:18.000,14:33:18.000,0,6760
2026-09-18,2026-09-22,4,Validation,337,14:33:19.000,14:33:19.000,0,8710
2026-09-18,2026-09-22,4,Validation,338,14:33:19.000,14:33:19.000,0,6110
2026-09-18,2026-09-22,4,Validation,339,14:33:20.000,14:33:20.000,0,3510
2026-09-18,2026-09-22,4,Validation,340,14:33:20.000,14:33:21.000,1,6695
2026-09-18,2026-09-22,4,Validation,341,14:33:21.000,14:33:21.000,0,4095
2026-09-18,2026-09-22,4,Validation,342,14:33:22.000,14:33:29.000,7,2600
2026-09-18,2026-09-22,4,Validation,343,14:33:29.000,14:33:46.000,17,2600
2026-09-18,2026-09-22,4,Validation,344,14:33:46.000,14:34:04.000,18,3120
2026-09-18,2026-09-22,4,Validation,345,14:34:04.000,14:34:29.000,25,2990
2026-09-18,2026-09-22,4,Validation,346,14:34:29.000,14:34:44.000,15,5460
2026-09-18,2026-09-22,4,Validation,347,14:34:44.000,14:34:44.000,0,2860
2026-09-18,2026-09-22,4,Validation,348,14:34:45.000,14:35:32.000,47,8840
2026-09-18,2026-09-22,4,Validation,349,14:35:32.000,14:35:32.000,0,6240
2026-09-18,2026-09-22,4,Validation,350,14:35:32.000,14:35:32.000,0,3640
2026-09-18,2026-09-22,4,Validation,351,14:35:32.000,14:35:39.000,7,2860
2026-09-18,2026-09-22,4,Validation,352,14:35:39.000,14:35:44.000,5,13390
2026-09-18,2026-09-22,4,Validation,353,14:35:44.000,14:35:44.000,0,10790
2026-09-18,2026-09-22,4,Validation,354,14:35:45.000,14:35:45.000,0,8190
2026-09-18,2026-09-22,4,Validation,355,14:35:45.000,14:35:45.000,0,5590
2026-09-18,2026-09-22,4,Validation,356,14:35:45.000,14:35:45.000,0,4160
2026-09-18,2026-09-22,4,Validation,357,14:35:45.000,14:35:50.000,5,2730
2026-09-18,2026-09-22,4,Validation,358,14:35:50.000,14:36:07.000,17,4225
2026-09-18,2026-09-22,4,Validation,359,14:36:07.000,14:36:29.000,22,2665
2026-09-18,2026-09-22,4,Validation,360,14:36:29.000,14:36:32.000,3,19565
2026-09-18,2026-09-22,4,Validation,361,14:36:32.000,14:36:32.000,0,16965
2026-09-18,2026-09-22,4,Validation,362,14:36:33.000,14:36:33.000,0,14365
2026-09-18,2026-09-22,4,Validation,363,14:36:33.000,14:36:33.000,0,11765
2026-09-18,2026-09-22,4,Validation,364,14:36:34.000,14:36:34.000,0,10595
2026-09-18,2026-09-22,4,Validation,365,14:36:34.000,14:36:34.000,0,7995
2026-09-18,2026-09-22,4,Validation,366,14:36:35.000,14:36:35.000,0,5395
2026-09-18,2026-09-22,4,Validation,367,14:36:35.000,14:36:35.000,0,2795
2026-09-18,2026-09-22,4,Validation,368,14:36:37.000,14:36:40.000,3,4030
2026-09-18,2026-09-22,4,Validation,369,14:36:40.000,14:36:47.000,7,3185
2026-09-18,2026-09-22,4,Validation,370,14:36:47.000,14:36:52.000,5,4095
2026-09-18,2026-09-22,4,Validation,371,14:36:52.000,14:36:53.000,1,24180
2026-09-18,2026-09-22,4,Validation,372,14:36:53.000,14:36:53.000,0,21580
2026-09-18,2026-09-22,4,Validation,373,14:36:53.000,14:36:53.000,0,18980
2026-09-18,2026-09-22,4,Validation,374,14:36:53.000,14:36:53.000,0,16380
2026-09-18,2026-09-22,4,Validation,375,14:36:54.000,14:36:54.000,0,13780
2026-09-18,2026-09-22,4,Validation,376,14:36:54.000,14:36:54.000,0,11180
2026-09-18,2026-09-22,4,Validation,377,14:36:55.000,14:36:55.000,0,10400
2026-09-18,2026-09-22,4,Validation,378,14:36:55.000,14:36:55.000,0,7800
2026-09-18,2026-09-22,4,Validation,379,14:36:55.000,14:36:55.000,0,5200
2026-09-18,2026-09-22,4,Validation,380,14:36:55.000,14:36:55.000,0,2600
2026-09-18,2026-09-22,4,Validation,381,14:36:56.000,14:37:05.000,9,29705
2026-09-18,2026-09-22,4,Validation,382,14:37:05.000,14:37:05.000,0,27105
2026-09-18,2026-09-22,4,Validation,383,14:37:06.000,14:37:06.000,0,27885
2026-09-18,2026-09-22,4,Validation,384,14:37:06.000,14:37:06.000,0,25285
2026-09-18,2026-09-22,4,Validation,385,14:37:08.000,14:37:08.000,0,22750
2026-09-18,2026-09-22,4,Validation,386,14:37:08.000,14:37:08.000,0,20150
2026-09-18,2026-09-22,4,Validation,387,14:37:10.000,14:37:10.000,0,17550
2026-09-18,2026-09-22,4,Validation,388,14:37:10.000,14:37:10.000,0,14950
2026-09-18,2026-09-22,4,Validation,389,14:37:11.000,14:37:11.000,0,12350
2026-09-18,2026-09-22,4,Validation,390,14:37:11.000,14:37:11.000,0,9750
2026-09-18,2026-09-22,4,Validation,391,14:37:13.000,14:37:13.000,0,7215
2026-09-18,2026-09-22,4,Validation,392,14:37:13.000,14:37:13.000,0,4615
2026-09-18,2026-09-22,4,Validation,393,14:37:15.000,14:37:21.000,6,4810
2026-09-18,2026-09-22,4,Validation,394,14:37:21.000,14:37:43.000,22,2600
2026-09-18,2026-09-22,4,Validation,395,14:37:43.000,14:38:16.000,33,2730
2026-09-18,2026-09-22,4,Validation,396,14:38:16.000,14:38:19.000,3,2990
2026-09-18,2026-09-22,4,Validation,397,14:38:19.000,14:39:12.000,53,3185
2026-09-18,2026-09-22,4,Validation,398,14:39:12.000,14:39:58.000,46,2860
2026-09-18,2026-09-22,4,Validation,399,14:39:58.000,14:40:22.000,24,3120
2026-09-18,2026-09-22,4,Validation,400,14:40:22.000,14:40:55.000,33,2600
2026-09-18,2026-09-22,4,Validation,401,14:40:55.000,14:41:45.000,50,2600
2026-09-18,2026-09-22,4,Validation,402,14:41:45.000,14:42:49.000,64,3315
2026-09-18,2026-09-22,4,Validation,403,14:42:49.000,14:43:07.000,18,2665
2026-09-18,2026-09-22,4,Validation,404,14:43:07.000,14:43:19.000,12,3185
2026-09-18,2026-09-22,4,Validation,405,14:43:19.000,14:44:01.000,42,2925
2026-09-18,2026-09-22,4,Validation,406,14:44:01.000,14:44:06.000,5,4615
2026-09-18,2026-09-22,4,Validation,407,14:44:06.000,14:44:09.000,3,2600
2026-09-18,2026-09-22,4,Validation,408,14:44:09.000,14:44:48.000,39,3380
2026-09-18,2026-09-22,4,Validation,409,14:44:48.000,14:44:55.000,7,4680
2026-09-18,2026-09-22,4,Validation,410,14:44:55.000,14:45:00.000,5,2860
2026-09-18,2026-09-22,4,Validation,411,14:45:00.000,14:45:25.000,25,3055
2026-09-18,2026-09-22,4,Validation,412,14:45:25.000,14:46:04.000,39,2665
2026-09-18,2026-09-22,4,Validation,413,14:46:04.000,14:46:39.000,35,2990
2026-09-18,2026-09-22,4,Validation,414,14:46:39.000,14:47:00.000,21,3055
2026-09-18,2026-09-22,4,Validation,415,14:47:00.000,14:47:20.000,20,2730
2026-09-18,2026-09-22,4,Validation,416,14:47:20.000,14:48:06.000,46,2730
2026-09-18,2026-09-22,4,Validation,417,14:48:06.000,14:48:41.000,35,2730
2026-09-18,2026-09-22,4,Validation,418,14:48:41.000,14:49:28.000,47,2795
2026-09-18,2026-09-22,4,Validation,419,14:49:28.000,14:50:17.000,49,2730
2026-09-18,2026-09-22,4,Validation,420,14:50:17.000,14:50:52.000,35,2665
2026-09-18,2026-09-22,4,Validation,421,14:50:52.000,14:51:10.000,18,2600
2026-09-18,2026-09-22,4,Validation,422,14:51:10.000,14:51:16.000,6,3770
2026-09-18,2026-09-22,4,Validation,423,14:51:16.000,14:51:36.000,20,2860
2026-09-18,2026-09-22,4,Validation,424,14:51:36.000,14:51:52.000,16,2665
2026-09-18,2026-09-22,4,Validation,425,14:51:52.000,14:52:31.000,39,2600
2026-09-18,2026-09-22,4,Validation,426,14:52:31.000,14:52:49.000,18,2600
2026-09-18,2026-09-22,4,Validation,427,14:52:49.000,14:53:01.000,12,2665
2026-09-18,2026-09-22,4,Validation,428,14:53:01.000,14:53:16.000,15,14170
2026-09-18,2026-09-22,4,Validation,429,14:53:16.000,14:53:16.000,0,11570
2026-09-18,2026-09-22,4,Validation,430,14:53:17.000,14:53:17.000,0,8970
2026-09-18,2026-09-22,4,Validation,431,14:53:17.000,14:53:17.000,0,6370
2026-09-18,2026-09-22,4,Validation,432,14:53:17.000,14:53:17.000,0,4745
2026-09-18,2026-09-22,4,Validation,433,14:53:17.000,14:53:22.000,5,2600
2026-09-18,2026-09-22,4,Validation,434,14:53:22.000,14:53:39.000,17,2665
2026-09-18,2026-09-22,4,Validation,435,14:53:39.000,14:54:20.000,41,11570
2026-09-18,2026-09-22,4,Validation,436,14:54:20.000,14:54:20.000,0,8970
2026-09-18,2026-09-22,4,Validation,437,14:54:22.000,14:54:22.000,0,8580
2026-09-18,2026-09-22,4,Validation,438,14:54:22.000,14:54:22.000,0,5980
2026-09-18,2026-09-22,4,Validation,439,14:54:23.000,14:54:23.000,0,3380
2026-09-18,2026-09-22,4,Validation,440,14:54:23.000,14:54:25.000,2,2990
2026-09-18,2026-09-22,4,Validation,441,14:54:25.000,14:54:49.000,24,2665
2026-09-18,2026-09-22,4,Validation,442,14:54:49.000,14:55:02.000,13,3770
2026-09-18,2026-09-22,4,Validation,443,14:55:02.000,14:55:07.000,5,5070
2026-09-18,2026-09-22,4,Validation,444,14:55:07.000,14:55:14.000,7,2730
2026-09-18,2026-09-22,4,Validation,445,14:55:14.000,14:56:11.000,57,2860
2026-09-18,2026-09-22,4,Validation,446,14:56:11.000,14:56:19.000,8,6370
2026-09-18,2026-09-22,4,Validation,447,14:56:19.000,14:56:19.000,0,3770
2026-09-18,2026-09-22,4,Validation,448,14:56:20.000,14:56:35.000,15,2925
2026-09-18,2026-09-22,4,Validation,449,14:56:35.000,14:57:02.000,27,5135
2026-09-18,2026-09-22,4,Validation,450,14:57:02.000,14:57:05.000,3,2665
2026-09-18,2026-09-22,4,Validation,451,14:57:05.000,14:57:54.000,49,2600
2026-09-18,2026-09-22,4,Validation,452,14:57:54.000,14:58:41.000,47,3705
2026-09-18,2026-09-22,4,Validation,453,14:58:41.000,14:58:46.000,5,3510
2026-09-18,2026-09-22,4,Validation,454,14:58:46.000,14:59:04.000,18,2665
2026-09-18,2026-09-22,4,Validation,455,14:59:04.000,15:00:02.000,58,2795
2026-09-18,2026-09-22,4,Validation,456,15:00:02.000,15:00:44.000,42,2665
2026-09-18,2026-09-22,4,Validation,457,15:00:44.000,15:01:04.000,20,2665
2026-09-18,2026-09-22,4,Validation,458,15:01:04.000,15:02:20.000,76,2925
2026-09-18,2026-09-22,4,Validation,459,15:02:20.000,15:03:17.000,57,2730
2026-09-18,2026-09-22,4,Validation,460,15:03:17.000,15:03:42.000,25,4160
2026-09-18,2026-09-22,4,Validation,461,15:03:42.000,15:04:05.000,23,2600
2026-09-18,2026-09-22,4,Validation,462,15:04:05.000,15:04:57.000,52,5655
2026-09-18,2026-09-22,4,Validation,463,15:04:57.000,15:04:57.000,0,3055
2026-09-18,2026-09-22,4,Validation,464,15:04:58.000,15:05:31.000,33,2665
2026-09-18,2026-09-22,4,Validation,465,15:05:31.000,15:06:04.000,33,2795
2026-09-18,2026-09-22,4,Validation,466,15:06:04.000,15:07:19.000,75,2665
2026-09-18,2026-09-22,4,Validation,467,15:07:19.000,15:08:12.000,53,2730
2026-09-18,2026-09-22,4,Validation,468,15:08:12.000,15:08:59.000,47,2925
2026-09-18,2026-09-22,4,Validation,469,15:08:59.000,15:09:14.000,15,2990
2026-09-18,2026-09-22,4,Validation,470,15:09:14.000,15:09:32.000,18,2730
2026-09-18,2026-09-22,4,Validation,471,15:09:32.000,15:10:18.000,46,2665
2026-09-18,2026-09-22,4,Validation,472,15:10:18.000,15:10:37.000,19,3640
2026-09-18,2026-09-22,4,Validation,473,15:10:37.000,15:10:45.000,8,3315
2026-09-18,2026-09-22,4,Validation,474,15:10:45.000,15:10:53.000,8,3445
2026-09-18,2026-09-22,4,Validation,475,15:10:53.000,15:11:26.000,33,3185
2026-09-18,2026-09-22,4,Validation,476,15:11:26.000,15:11:31.000,5,2860
2026-09-18,2026-09-22,4,Validation,477,15:11:31.000,15:12:04.000,33,3055
2026-09-18,2026-09-22,4,Validation,478,15:12:04.000,15:12:14.000,10,7085
2026-09-18,2026-09-22,4,Validation,479,15:12:14.000,15:12:14.000,0,4485
2026-09-18,2026-09-22,4,Validation,480,15:12:14.000,15:12:15.000,1,6370
2026-09-18,2026-09-22,4,Validation,481,15:12:15.000,15:12:15.000,0,3770
2026-09-18,2026-09-22,4,Validation,482,15:12:16.000,15:12:23.000,7,3185
2026-09-18,2026-09-22,4,Validation,483,15:12:23.000,15:12:38.000,15,2665
2026-09-18,2026-09-22,4,Validation,484,15:12:38.000,15:12:50.000,12,3120
2026-09-18,2026-09-22,4,Validation,485,15:12:50.000,15:13:06.000,16,2665
2026-09-18,2026-09-22,4,Validation,486,15:13:06.000,15:13:15.000,9,3835
2026-09-18,2026-09-22,4,Validation,487,15:13:15.000,15:13:16.000,1,2730
2026-09-18,2026-09-22,4,Validation,488,15:13:16.000,15:13:26.000,10,2795
2026-09-18,2026-09-22,4,Validation,489,15:13:26.000,15:13:46.000,20,2990
2026-09-18,2026-09-22,4,Validation,490,15:13:46.000,15:14:01.000,15,4030
2026-09-18,2026-09-22,4,Validation,491,15:14:01.000,15:14:08.000,7,4095
2026-09-18,2026-09-22,4,Validation,492,15:14:08.000,15:14:13.000,5,2925
2026-09-18,2026-09-22,4,Validation,493,15:14:13.000,15:14:19.000,6,3120
2026-09-18,2026-09-22,4,Validation,494,15:14:19.000,15:14:21.000,2,3185
2026-09-18,2026-09-22,4,Validation,495,15:14:21.000,15:14:24.000,3,4290
2026-09-18,2026-09-22,4,Validation,496,15:14:24.000,15:14:31.000,7,5785
2026-09-18,2026-09-22,4,Validation,497,15:14:31.000,15:14:31.000,0,3185
2026-09-18,2026-09-22,4,Validation,498,15:14:32.000,15:14:32.000,0,4030
2026-09-18,2026-09-22,4,Validation,499,15:14:32.000,15:14:34.000,2,3055
2026-09-18,2026-09-22,4,Validation,500,15:14:34.000,15:14:35.000,1,2795
2026-09-18,2026-09-22,4,Validation,501,15:14:35.000,15:14:52.000,17,5070
2026-09-18,2026-09-22,4,Validation,502,15:14:52.000,15:14:54.000,2,3315
2026-09-18,2026-09-22,4,Validation,503,15:14:54.000,15:15:15.000,21,3380
2026-09-18,2026-09-22,4,Validation,504,15:15:15.000,15:15:40.000,25,2925
2026-09-18,2026-09-22,4,Validation,505,15:15:40.000,15:16:09.000,29,3510
2026-09-18,2026-09-22,4,Validation,506,15:16:09.000,15:16:33.000,24,2795
2026-09-18,2026-09-22,4,Validation,507,15:16:33.000,15:17:14.000,41,8060
2026-09-18,2026-09-22,4,Validation,508,15:17:14.000,15:17:14.000,0,5460
2026-09-18,2026-09-22,4,Validation,509,15:17:15.000,15:17:15.000,0,2860
2026-09-18,2026-09-22,4,Validation,510,15:17:15.000,15:17:34.000,19,2665
2026-09-18,2026-09-22,4,Validation,511,15:17:34.000,15:18:07.000,33,3770
2026-09-18,2026-09-22,4,Validation,512,15:18:07.000,15:18:21.000,14,2795
2026-09-18,2026-09-22,4,Validation,513,15:18:21.000,15:18:55.000,34,3640
2026-09-18,2026-09-22,4,Validation,514,15:18:55.000,15:19:11.000,16,2990
2026-09-18,2026-09-22,4,Validation,515,15:19:11.000,15:19:16.000,5,2795
2026-09-18,2026-09-22,4,Validation,516,15:19:16.000,15:19:18.000,2,2730
2026-09-18,2026-09-22,4,Validation,517,15:19:18.000,15:19:32.000,14,2795
2026-09-18,2026-09-22,4,Validation,518,15:19:32.000,15:19:58.000,26,3510
2026-09-18,2026-09-22,4,Validation,519,15:19:58.000,15:20:03.000,5,3380
2026-09-18,2026-09-22,4,Validation,520,15:20:03.000,15:20:08.000,5,11310
2026-09-18,2026-09-22,4,Validation,521,15:20:08.000,15:20:08.000,0,8710
2026-09-18,2026-09-22,4,Validation,522,15:20:09.000,15:20:09.000,0,6110
2026-09-18,2026-09-22,4,Validation,523,15:20:09.000,15:20:09.000,0,3510
2026-09-18,2026-09-22,4,Validation,524,15:20:10.000,15:20:10.000,0,7215
2026-09-18,2026-09-22,4,Validation,525,15:20:10.000,15:20:10.000,0,4615
2026-09-18,2026-09-22,4,Validation,526,15:20:12.000,15:20:27.000,15,2730
2026-09-18,2026-09-22,4,Validation,527,15:20:27.000,15:21:10.000,43,3120
2026-09-18,2026-09-22,4,Validation,528,15:21:10.000,15:21:39.000,29,2795
2026-09-18,2026-09-22,4,Validation,529,15:21:39.000,15:21:59.000,20,3705
2026-09-18,2026-09-22,4,Validation,530,15:21:59.000,15:22:03.000,4,3575
2026-09-18,2026-09-22,4,Validation,531,15:22:03.000,15:22:06.000,3,2795
2026-09-18,2026-09-22,4,Validation,532,15:22:06.000,15:22:41.000,35,2665
2026-09-18,2026-09-22,4,Validation,533,15:22:41.000,15:22:54.000,13,3835
2026-09-18,2026-09-22,4,Validation,534,15:22:54.000,15:23:11.000,17,2860
2026-09-18,2026-09-22,4,Validation,535,15:23:11.000,15:23:27.000,16,2730
2026-09-18,2026-09-22,4,Validation,536,15:23:27.000,15:23:43.000,16,2795
2026-09-18,2026-09-22,4,Validation,537,15:23:43.000,15:24:23.000,40,3120
2026-09-18,2026-09-22,4,Validation,538,15:24:23.000,15:24:59.000,36,2730
2026-09-18,2026-09-22,4,Validation,539,15:24:59.000,15:25:34.000,35,2925
2026-09-18,2026-09-22,4,Validation,540,15:25:34.000,15:26:05.000,31,3120
2026-09-18,2026-09-22,4,Validation,541,15:26:05.000,15:26:26.000,21,2990
2026-09-18,2026-09-22,4,Validation,542,15:26:26.000,15:26:29.000,3,4355
2026-09-18,2026-09-22,4,Validation,543,15:26:29.000,15:26:46.000,17,2730
2026-09-18,2026-09-22,4,Validation,544,15:26:46.000,15:26:52.000,6,4680
2026-09-18,2026-09-22,4,Validation,545,15:26:52.000,15:26:54.000,2,3380
2026-09-18,2026-09-22,4,Validation,546,15:26:54.000,15:26:59.000,5,3055
2026-09-18,2026-09-22,4,Validation,547,15:26:59.000,15:27:19.000,20,2730
2026-09-18,2026-09-22,4,Validation,548,15:27:19.000,15:27:27.000,8,2730
2026-09-18,2026-09-22,4,Validation,549,15:27:27.000,15:27:39.000,12,2730
2026-09-18,2026-09-22,4,Validation,550,15:27:39.000,15:27:54.000,15,2665
2026-09-18,2026-09-22,4,Validation,551,15:27:54.000,15:28:10.000,16,2730
2026-09-18,2026-09-22,4,Validation,552,15:28:10.000,15:28:17.000,7,2860
2026-09-18,2026-09-22,4,Validation,553,15:28:17.000,15:28:27.000,10,3380
2026-09-18,2026-09-22,4,Validation,554,15:28:27.000,15:28:47.000,20,2795
2026-09-18,2026-09-22,4,Validation,555,15:28:47.000,15:29:02.000,15,3055
2026-09-18,2026-09-22,4,Validation,556,15:29:02.000,15:29:17.000,15,3185
2026-09-18,2026-09-22,4,Validation,557,15:29:17.000,15:29:24.000,7,2860
2026-09-18,2026-09-22,4,Validation,558,15:29:24.000,15:29:40.000,16,2990
2026-09-18,2026-09-22,4,Validation,559,15:29:40.000,15:29:57.000,17,2795
2026-09-18,2026-09-22,4,Validation,560,15:29:57.000,15:30:00.000,3,520
2026-09-21,2026-09-22,1,Validation,0,09:15:00.000,09:15:01.000,1,2990
2026-09-21,2026-09-22,1,Validation,1,09:15:01.000,09:15:06.000,5,3055
2026-09-21,2026-09-22,1,Validation,2,09:15:06.000,09:15:12.000,6,3250
2026-09-21,2026-09-22,1,Validation,3,09:15:12.000,09:15:19.000,7,3770
2026-09-21,2026-09-22,1,Validation,4,09:15:19.000,09:15:25.000,6,2730
2026-09-21,2026-09-22,1,Validation,5,09:15:25.000,09:15:40.000,15,2730
2026-09-21,2026-09-22,1,Validation,6,09:15:40.000,09:15:48.000,8,3445
2026-09-21,2026-09-22,1,Validation,7,09:15:48.000,09:15:56.000,8,2600
2026-09-21,2026-09-22,1,Validation,8,09:15:56.000,09:16:06.000,10,2730
2026-09-21,2026-09-22,1,Validation,9,09:16:06.000,09:16:29.000,23,2665
2026-09-21,2026-09-22,1,Validation,10,09:16:29.000,09:16:55.000,26,2730
2026-09-21,2026-09-22,1,Validation,11,09:16:55.000,09:17:05.000,10,2795
2026-09-21,2026-09-22,1,Validation,12,09:17:05.000,09:17:08.000,3,3315
2026-09-21,2026-09-22,1,Validation,13,09:17:08.000,09:17:11.000,3,3705
2026-09-21,2026-09-22,1,Validation,14,09:17:11.000,09:17:13.000,2,2925
2026-09-21,2026-09-22,1,Validation,15,09:17:13.000,09:17:16.000,3,3185
2026-09-21,2026-09-22,1,Validation,16,09:17:16.000,09:17:21.000,5,2665
2026-09-21,2026-09-22,1,Validation,17,09:17:21.000,09:17:33.000,12,2860
2026-09-21,2026-09-22,1,Validation,18,09:17:33.000,09:17:55.000,22,2600
2026-09-21,2026-09-22,1,Validation,19,09:17:55.000,09:18:10.000,15,2600
2026-09-21,2026-09-22,1,Validation,20,09:18:10.000,09:18:27.000,17,2795
2026-09-21,2026-09-22,1,Validation,21,09:18:27.000,09:18:44.000,17,2600
2026-09-21,2026-09-22,1,Validation,22,09:18:44.000,09:19:02.000,18,2665
2026-09-21,2026-09-22,1,Validation,23,09:19:02.000,09:19:17.000,15,2795
2026-09-21,2026-09-22,1,Validation,24,09:19:17.000,09:19:38.000,21,2665
2026-09-21,2026-09-22,1,Validation,25,09:19:38.000,09:19:51.000,13,2665
2026-09-21,2026-09-22,1,Validation,26,09:19:51.000,09:20:23.000,32,2600
2026-09-21,2026-09-22,1,Validation,27,09:20:23.000,09:20:44.000,21,2730
2026-09-21,2026-09-22,1,Validation,28,09:20:44.000,09:20:56.000,12,3380
2026-09-21,2026-09-22,1,Validation,29,09:20:56.000,09:21:34.000,38,2600
2026-09-21,2026-09-22,1,Validation,30,09:21:34.000,09:22:13.000,39,2600
2026-09-21,2026-09-22,1,Validation,31,09:22:13.000,09:23:22.000,69,2600
2026-09-21,2026-09-22,1,Validation,32,09:23:22.000,09:23:35.000,13,2665
2026-09-21,2026-09-22,1,Validation,33,09:23:35.000,09:24:04.000,29,2860
2026-09-21,2026-09-22,1,Validation,34,09:24:04.000,09:24:29.000,25,2600
2026-09-21,2026-09-22,1,Validation,35,09:24:29.000,09:25:09.000,40,3315
2026-09-21,2026-09-22,1,Validation,36,09:25:09.000,09:25:15.000,6,4485
2026-09-21,2026-09-22,1,Validation,37,09:25:15.000,09:25:17.000,2,4030
2026-09-21,2026-09-22,1,Validation,38,09:25:17.000,09:25:25.000,8,2665
2026-09-21,2026-09-22,1,Validation,39,09:25:25.000,09:25:47.000,22,3055
2026-09-21,2026-09-22,1,Validation,40,09:25:47.000,09:26:07.000,20,2600
2026-09-21,2026-09-22,1,Validation,41,09:26:07.000,09:26:10.000,3,2665
2026-09-21,2026-09-22,1,Validation,42,09:26:10.000,09:26:32.000,22,2795
2026-09-21,2026-09-22,1,Validation,43,09:26:32.000,09:26:35.000,3,2600
2026-09-21,2026-09-22,1,Validation,44,09:26:35.000,09:27:01.000,26,3055
2026-09-21,2026-09-22,1,Validation,45,09:27:01.000,09:27:18.000,17,2730
2026-09-21,2026-09-22,1,Validation,46,09:27:18.000,09:27:42.000,24,2730
2026-09-21,2026-09-22,1,Validation,47,09:27:42.000,09:27:57.000,15,2730
2026-09-21,2026-09-22,1,Validation,48,09:27:57.000,09:28:20.000,23,2600
2026-09-21,2026-09-22,1,Validation,49,09:28:20.000,09:28:50.000,30,2600
2026-09-21,2026-09-22,1,Validation,50,09:28:50.000,09:29:06.000,16,2925
2026-09-21,2026-09-22,1,Validation,51,09:29:06.000,09:29:21.000,15,3055
2026-09-21,2026-09-22,1,Validation,52,09:29:21.000,09:29:47.000,26,3380
2026-09-21,2026-09-22,1,Validation,53,09:29:47.000,09:30:07.000,20,2860
2026-09-21,2026-09-22,1,Validation,54,09:30:07.000,09:30:27.000,20,2860
2026-09-21,2026-09-22,1,Validation,55,09:30:27.000,09:30:37.000,10,2665
2026-09-21,2026-09-22,1,Validation,56,09:30:37.000,09:31:12.000,35,3185
2026-09-21,2026-09-22,1,Validation,57,09:31:12.000,09:31:21.000,9,2795
2026-09-21,2026-09-22,1,Validation,58,09:31:21.000,09:31:47.000,26,2665
2026-09-21,2026-09-22,1,Validation,59,09:31:47.000,09:32:29.000,42,2665
2026-09-21,2026-09-22,1,Validation,60,09:32:29.000,09:32:58.000,29,2665
2026-09-21,2026-09-22,1,Validation,61,09:32:58.000,09:33:23.000,25,2600
2026-09-21,2026-09-22,1,Validation,62,09:33:23.000,09:34:01.000,38,2600
2026-09-21,2026-09-22,1,Validation,63,09:34:01.000,09:34:50.000,49,3250
2026-09-21,2026-09-22,1,Validation,64,09:34:50.000,09:35:29.000,39,2860
2026-09-21,2026-09-22,1,Validation,65,09:35:29.000,09:35:57.000,28,2860
2026-09-21,2026-09-22,1,Validation,66,09:35:57.000,09:36:05.000,8,4485
2026-09-21,2026-09-22,1,Validation,67,09:36:05.000,09:36:07.000,2,9035
2026-09-21,2026-09-22,1,Validation,68,09:36:07.000,09:36:07.000,0,6435
2026-09-21,2026-09-22,1,Validation,69,09:36:08.000,09:36:08.000,0,3835
2026-09-21,2026-09-22,1,Validation,70,09:36:08.000,09:36:19.000,11,2860
2026-09-21,2026-09-22,1,Validation,71,09:36:19.000,09:36:45.000,26,2925
2026-09-21,2026-09-22,1,Validation,72,09:36:45.000,09:37:14.000,29,2730
2026-09-21,2026-09-22,1,Validation,73,09:37:14.000,09:38:04.000,50,2860
2026-09-21,2026-09-22,1,Validation,74,09:38:04.000,09:38:30.000,26,2665
2026-09-21,2026-09-22,1,Validation,75,09:38:30.000,09:39:13.000,43,2600
2026-09-21,2026-09-22,1,Validation,76,09:39:13.000,09:40:57.000,104,2600
2026-09-21,2026-09-22,1,Validation,77,09:40:57.000,09:41:30.000,33,2600
2026-09-21,2026-09-22,1,Validation,78,09:41:30.000,09:42:51.000,81,2665
2026-09-21,2026-09-22,1,Validation,79,09:42:51.000,09:44:04.000,73,2730
2026-09-21,2026-09-22,1,Validation,80,09:44:04.000,09:44:26.000,22,3770
2026-09-21,2026-09-22,1,Validation,81,09:44:26.000,09:45:19.000,53,2665
2026-09-21,2026-09-22,1,Validation,82,09:45:19.000,09:46:24.000,65,2795
2026-09-21,2026-09-22,1,Validation,83,09:46:24.000,09:47:00.000,36,2665
2026-09-21,2026-09-22,1,Validation,84,09:47:00.000,09:48:15.000,75,3250
2026-09-21,2026-09-22,1,Validation,85,09:48:15.000,09:49:08.000,53,3640
2026-09-21,2026-09-22,1,Validation,86,09:49:08.000,09:49:35.000,27,2600
2026-09-21,2026-09-22,1,Validation,87,09:49:35.000,09:50:24.000,49,3120
2026-09-21,2026-09-22,1,Validation,88,09:50:24.000,09:51:10.000,46,2600
2026-09-21,2026-09-22,1,Validation,89,09:51:10.000,09:53:01.000,111,2665
2026-09-21,2026-09-22,1,Validation,90,09:53:01.000,09:54:28.000,87,2600
2026-09-21,2026-09-22,1,Validation,91,09:54:28.000,09:54:58.000,30,2730
2026-09-21,2026-09-22,1,Validation,92,09:54:58.000,09:55:33.000,35,2665
2026-09-21,2026-09-22,1,Validation,93,09:55:33.000,09:56:14.000,41,3835
2026-09-21,2026-09-22,1,Validation,94,09:56:14.000,09:56:47.000,33,2795
2026-09-21,2026-09-22,1,Validation,95,09:56:47.000,09:57:15.000,28,2795
2026-09-21,2026-09-22,1,Validation,96,09:57:15.000,09:58:09.000,54,2795
2026-09-21,2026-09-22,1,Validation,97,09:58:09.000,09:58:59.000,50,2600
2026-09-21,2026-09-22,1,Validation,98,09:58:59.000,10:00:31.000,92,2860
2026-09-21,2026-09-22,1,Validation,99,10:00:31.000,10:01:20.000,49,2990
2026-09-21,2026-09-22,1,Validation,100,10:01:20.000,10:01:46.000,26,2665
2026-09-21,2026-09-22,1,Validation,101,10:01:46.000,10:03:39.000,113,3055
2026-09-21,2026-09-22,1,Validation,102,10:03:39.000,10:04:26.000,47,3705
2026-09-21,2026-09-22,1,Validation,103,10:04:26.000,10:04:42.000,16,2600
2026-09-21,2026-09-22,1,Validation,104,10:04:42.000,10:05:12.000,30,2665
2026-09-21,2026-09-22,1,Validation,105,10:05:12.000,10:05:59.000,47,2795
2026-09-21,2026-09-22,1,Validation,106,10:05:59.000,10:07:14.000,75,2990
2026-09-21,2026-09-22,1,Validation,107,10:07:14.000,10:07:39.000,25,2795
2026-09-21,2026-09-22,1,Validation,108,10:07:39.000,10:08:01.000,22,5330
2026-09-21,2026-09-22,1,Validation,109,10:08:01.000,10:08:01.000,0,2730
2026-09-21,2026-09-22,1,Validation,110,10:08:02.000,10:09:14.000,72,2600
2026-09-21,2026-09-22,1,Validation,111,10:09:14.000,10:10:19.000,65,3380
2026-09-21,2026-09-22,1,Validation,112,10:10:19.000,10:10:29.000,10,2730
2026-09-21,2026-09-22,1,Validation,113,10:10:29.000,10:11:34.000,65,2665
2026-09-21,2026-09-22,1,Validation,114,10:11:34.000,10:13:17.000,103,3120
2026-09-21,2026-09-22,1,Validation,115,10:13:17.000,10:13:23.000,6,3510
2026-09-21,2026-09-22,1,Validation,116,10:13:23.000,10:13:46.000,23,2860
2026-09-21,2026-09-22,1,Validation,117,10:13:46.000,10:14:45.000,59,2600
2026-09-21,2026-09-22,1,Validation,118,10:14:45.000,10:16:14.000,89,2730
2026-09-21,2026-09-22,1,Validation,119,10:16:14.000,10:16:24.000,10,2665
2026-09-21,2026-09-22,1,Validation,120,10:16:24.000,10:16:45.000,21,2925
2026-09-21,2026-09-22,1,Validation,121,10:16:45.000,10:17:54.000,69,2665
2026-09-21,2026-09-22,1,Validation,122,10:17:54.000,10:20:24.000,150,3770
2026-09-21,2026-09-22,1,Validation,123,10:20:24.000,10:21:25.000,61,2990
2026-09-21,2026-09-22,1,Validation,124,10:21:25.000,10:22:03.000,38,3445
2026-09-21,2026-09-22,1,Validation,125,10:22:03.000,10:22:21.000,18,2600
2026-09-21,2026-09-22,1,Validation,126,10:22:21.000,10:24:32.000,131,2795
2026-09-21,2026-09-22,1,Validation,127,10:24:32.000,10:24:48.000,16,2600
2026-09-21,2026-09-22,1,Validation,128,10:24:48.000,10:25:42.000,54,3120
2026-09-21,2026-09-22,1,Validation,129,10:25:42.000,10:26:00.000,18,2990
2026-09-21,2026-09-22,1,Validation,130,10:26:00.000,10:27:01.000,61,2600
2026-09-21,2026-09-22,1,Validation,131,10:27:01.000,10:27:27.000,26,3315
2026-09-21,2026-09-22,1,Validation,132,10:27:27.000,10:28:24.000,57,2600
2026-09-21,2026-09-22,1,Validation,133,10:28:24.000,10:29:18.000,54,2860
2026-09-21,2026-09-22,1,Validation,134,10:29:18.000,10:30:24.000,66,3705
2026-09-21,2026-09-22,1,Validation,135,10:30:24.000,10:30:36.000,12,2600
2026-09-21,2026-09-22,1,Validation,136,10:30:36.000,10:31:24.000,48,3250
2026-09-21,2026-09-22,1,Validation,137,10:31:24.000,10:32:07.000,43,3835
2026-09-21,2026-09-22,1,Validation,138,10:32:07.000,10:32:11.000,4,3835
2026-09-21,2026-09-22,1,Validation,139,10:32:11.000,10:32:13.000,2,2665
2026-09-21,2026-09-22,1,Validation,140,10:32:13.000,10:32:18.000,5,3055
2026-09-21,2026-09-22,1,Validation,141,10:32:18.000,10:32:21.000,3,3055
2026-09-21,2026-09-22,1,Validation,142,10:32:21.000,10:33:20.000,59,2600
2026-09-21,2026-09-22,1,Validation,143,10:33:20.000,10:33:49.000,29,3185
2026-09-21,2026-09-22,1,Validation,144,10:33:49.000,10:35:37.000,108,2665
2026-09-21,2026-09-22,1,Validation,145,10:35:37.000,10:37:17.000,100,2600
2026-09-21,2026-09-22,1,Validation,146,10:37:17.000,10:38:45.000,88,2860
2026-09-21,2026-09-22,1,Validation,147,10:38:45.000,10:39:30.000,45,2730
2026-09-21,2026-09-22,1,Validation,148,10:39:30.000,10:41:32.000,122,2600
2026-09-21,2026-09-22,1,Validation,149,10:41:32.000,10:43:57.000,145,2600
2026-09-21,2026-09-22,1,Validation,150,10:43:57.000,10:45:47.000,110,2795
2026-09-21,2026-09-22,1,Validation,151,10:45:47.000,10:46:20.000,33,2600
2026-09-21,2026-09-22,1,Validation,152,10:46:20.000,10:48:17.000,117,3250
2026-09-21,2026-09-22,1,Validation,153,10:48:17.000,10:50:13.000,116,2730
2026-09-21,2026-09-22,1,Validation,154,10:50:13.000,10:52:42.000,149,2600
2026-09-21,2026-09-22,1,Validation,155,10:52:42.000,10:55:06.000,144,2600
2026-09-21,2026-09-22,1,Validation,156,10:55:06.000,10:56:55.000,109,2860
2026-09-21,2026-09-22,1,Validation,157,10:56:55.000,10:58:16.000,81,2990
2026-09-21,2026-09-22,1,Validation,158,10:58:16.000,10:59:27.000,71,2665
2026-09-21,2026-09-22,1,Validation,159,10:59:27.000,11:00:58.000,91,2600
2026-09-21,2026-09-22,1,Validation,160,11:00:58.000,11:03:10.000,132,2730
2026-09-21,2026-09-22,1,Validation,161,11:03:10.000,11:03:53.000,43,2600
2026-09-21,2026-09-22,1,Validation,162,11:03:53.000,11:04:41.000,48,3575
2026-09-21,2026-09-22,1,Validation,163,11:04:41.000,11:05:09.000,28,2990
2026-09-21,2026-09-22,1,Validation,164,11:05:09.000,11:05:45.000,36,2730
2026-09-21,2026-09-22,1,Validation,165,11:05:45.000,11:05:53.000,8,5395
2026-09-21,2026-09-22,1,Validation,166,11:05:53.000,11:05:53.000,0,2795
2026-09-21,2026-09-22,1,Validation,167,11:05:54.000,11:07:15.000,81,3965
2026-09-21,2026-09-22,1,Validation,168,11:07:15.000,11:07:22.000,7,2665
2026-09-21,2026-09-22,1,Validation,169,11:07:22.000,11:08:12.000,50,5070
2026-09-21,2026-09-22,1,Validation,170,11:08:12.000,11:08:14.000,2,2600
2026-09-21,2026-09-22,1,Validation,171,11:08:14.000,11:08:17.000,3,2665
2026-09-21,2026-09-22,1,Validation,172,11:08:17.000,11:08:25.000,8,5330
2026-09-21,2026-09-22,1,Validation,173,11:08:25.000,11:08:25.000,0,2730
2026-09-21,2026-09-22,1,Validation,174,11:08:27.000,11:08:30.000,3,2730
2026-09-21,2026-09-22,1,Validation,175,11:08:30.000,11:08:36.000,6,3445
2026-09-21,2026-09-22,1,Validation,176,11:08:36.000,11:09:02.000,26,2600
2026-09-21,2026-09-22,1,Validation,177,11:09:02.000,11:11:14.000,132,2730
2026-09-21,2026-09-22,1,Validation,178,11:11:14.000,11:11:44.000,30,5590
2026-09-21,2026-09-22,1,Validation,179,11:11:44.000,11:11:44.000,0,2990
2026-09-21,2026-09-22,1,Validation,180,11:11:46.000,11:12:53.000,67,2600
2026-09-21,2026-09-22,1,Validation,181,11:12:53.000,11:14:35.000,102,2600
2026-09-21,2026-09-22,1,Validation,182,11:14:35.000,11:15:26.000,51,2600
2026-09-21,2026-09-22,1,Validation,183,11:15:26.000,11:17:13.000,107,2795
2026-09-21,2026-09-22,1,Validation,184,11:17:13.000,11:18:53.000,100,2860
2026-09-21,2026-09-22,1,Validation,185,11:18:53.000,11:20:13.000,80,2600
2026-09-21,2026-09-22,1,Validation,186,11:20:13.000,11:21:51.000,98,3835
2026-09-21,2026-09-22,1,Validation,187,11:21:51.000,11:22:07.000,16,3250
2026-09-21,2026-09-22,1,Validation,188,11:22:07.000,11:24:06.000,119,2730
2026-09-21,2026-09-22,1,Validation,189,11:24:06.000,11:27:38.000,212,2925
2026-09-21,2026-09-22,1,Validation,190,11:27:38.000,11:29:18.000,100,2730
2026-09-21,2026-09-22,1,Validation,191,11:29:18.000,11:32:10.000,172,2860
2026-09-21,2026-09-22,1,Validation,192,11:32:10.000,11:34:00.000,110,2665
2026-09-21,2026-09-22,1,Validation,193,11:34:00.000,11:34:41.000,41,2730
2026-09-21,2026-09-22,1,Validation,194,11:34:41.000,11:35:30.000,49,2665
2026-09-21,2026-09-22,1,Validation,195,11:35:30.000,11:37:49.000,139,2665
2026-09-21,2026-09-22,1,Validation,196,11:37:49.000,11:38:55.000,66,2600
2026-09-21,2026-09-22,1,Validation,197,11:38:55.000,11:42:14.000,199,2730
2026-09-21,2026-09-22,1,Validation,198,11:42:14.000,11:44:01.000,107,2665
2026-09-21,2026-09-22,1,Validation,199,11:44:01.000,11:46:47.000,166,2795
2026-09-21,2026-09-22,1,Validation,200,11:46:47.000,11:48:42.000,115,2600
2026-09-21,2026-09-22,1,Validation,201,11:48:42.000,11:49:30.000,48,2860
2026-09-21,2026-09-22,1,Validation,202,11:49:30.000,11:51:27.000,117,2600
2026-09-21,2026-09-22,1,Validation,203,11:51:27.000,11:52:57.000,90,2795
2026-09-21,2026-09-22,1,Validation,204,11:52:57.000,11:53:23.000,26,2600
2026-09-21,2026-09-22,1,Validation,205,11:53:23.000,11:54:03.000,40,12480
2026-09-21,2026-09-22,1,Validation,206,11:54:03.000,11:54:03.000,0,9880
2026-09-21,2026-09-22,1,Validation,207,11:54:03.000,11:54:03.000,0,7280
2026-09-21,2026-09-22,1,Validation,208,11:54:03.000,11:54:03.000,0,4680
2026-09-21,2026-09-22,1,Validation,209,11:54:04.000,11:54:05.000,1,3575
2026-09-21,2026-09-22,1,Validation,210,11:54:05.000,11:54:06.000,1,3510
2026-09-21,2026-09-22,1,Validation,211,11:54:06.000,11:54:11.000,5,2925
2026-09-21,2026-09-22,1,Validation,212,11:54:11.000,11:54:21.000,10,3380
2026-09-21,2026-09-22,1,Validation,213,11:54:21.000,11:54:38.000,17,2990
2026-09-21,2026-09-22,1,Validation,214,11:54:38.000,11:54:49.000,11,3185
2026-09-21,2026-09-22,1,Validation,215,11:54:49.000,11:54:54.000,5,2860
2026-09-21,2026-09-22,1,Validation,216,11:54:54.000,11:55:03.000,9,2600
2026-09-21,2026-09-22,1,Validation,217,11:55:03.000,11:55:56.000,53,3510
2026-09-21,2026-09-22,1,Validation,218,11:55:56.000,11:56:13.000,17,5135
2026-09-21,2026-09-22,1,Validation,219,11:56:13.000,11:56:15.000,2,2665
2026-09-21,2026-09-22,1,Validation,220,11:56:15.000,11:56:35.000,20,2730
2026-09-21,2026-09-22,1,Validation,221,11:56:35.000,11:56:55.000,20,2665
2026-09-21,2026-09-22,1,Validation,222,11:56:55.000,11:57:08.000,13,2665
2026-09-21,2026-09-22,1,Validation,223,11:57:08.000,11:57:49.000,41,2860
2026-09-21,2026-09-22,1,Validation,224,11:57:49.000,11:58:15.000,26,2665
2026-09-21,2026-09-22,1,Validation,225,11:58:15.000,11:59:16.000,61,2795
2026-09-21,2026-09-22,1,Validation,226,11:59:16.000,11:59:19.000,3,7475
2026-09-21,2026-09-22,1,Validation,227,11:59:19.000,11:59:19.000,0,4875
2026-09-21,2026-09-22,1,Validation,228,11:59:20.000,11:59:21.000,1,8840
2026-09-21,2026-09-22,1,Validation,229,11:59:21.000,11:59:21.000,0,6240
2026-09-21,2026-09-22,1,Validation,230,11:59:23.000,11:59:23.000,0,3640
2026-09-21,2026-09-22,1,Validation,231,11:59:23.000,12:00:00.000,37,2600
2026-09-21,2026-09-22,1,Validation,232,12:00:00.000,12:00:22.000,22,2600
2026-09-21,2026-09-22,1,Validation,233,12:00:22.000,12:00:37.000,15,2600
2026-09-21,2026-09-22,1,Validation,234,12:00:37.000,12:01:10.000,33,4680
2026-09-21,2026-09-22,1,Validation,235,12:01:10.000,12:01:13.000,3,2730
2026-09-21,2026-09-22,1,Validation,236,12:01:13.000,12:01:57.000,44,2665
2026-09-21,2026-09-22,1,Validation,237,12:01:57.000,12:02:47.000,50,2665
2026-09-21,2026-09-22,1,Validation,238,12:02:47.000,12:03:30.000,43,2600
2026-09-21,2026-09-22,1,Validation,239,12:03:30.000,12:04:09.000,39,2600
2026-09-21,2026-09-22,1,Validation,240,12:04:09.000,12:04:58.000,49,2665
2026-09-21,2026-09-22,1,Validation,241,12:04:58.000,12:05:24.000,26,2860
2026-09-21,2026-09-22,1,Validation,242,12:05:24.000,12:05:33.000,9,2600
2026-09-21,2026-09-22,1,Validation,243,12:05:33.000,12:05:55.000,22,2665
2026-09-21,2026-09-22,1,Validation,244,12:05:55.000,12:06:19.000,24,3705
2026-09-21,2026-09-22,1,Validation,245,12:06:19.000,12:06:22.000,3,2990
2026-09-21,2026-09-22,1,Validation,246,12:06:22.000,12:06:50.000,28,2600
2026-09-21,2026-09-22,1,Validation,247,12:06:50.000,12:07:41.000,51,2665
2026-09-21,2026-09-22,1,Validation,248,12:07:41.000,12:07:54.000,13,3055
2026-09-21,2026-09-22,1,Validation,249,12:07:54.000,12:08:49.000,55,2665
2026-09-21,2026-09-22,1,Validation,250,12:08:49.000,12:09:42.000,53,2600
2026-09-21,2026-09-22,1,Validation,251,12:09:42.000,12:10:29.000,47,8515
2026-09-21,2026-09-22,1,Validation,252,12:10:29.000,12:10:29.000,0,5915
2026-09-21,2026-09-22,1,Validation,253,12:10:30.000,12:10:30.000,0,3315
2026-09-21,2026-09-22,1,Validation,254,12:10:30.000,12:11:25.000,55,13325
2026-09-21,2026-09-22,1,Validation,255,12:11:25.000,12:11:25.000,0,10725
2026-09-21,2026-09-22,1,Validation,256,12:11:26.000,12:11:26.000,0,8125
2026-09-21,2026-09-22,1,Validation,257,12:11:26.000,12:11:26.000,0,5525
2026-09-21,2026-09-22,1,Validation,258,12:11:26.000,12:11:26.000,0,3510
2026-09-21,2026-09-22,1,Validation,259,12:11:26.000,12:11:46.000,20,2795
2026-09-21,2026-09-22,1,Validation,260,12:11:46.000,12:13:02.000,76,3640
2026-09-21,2026-09-22,1,Validation,261,12:13:02.000,12:13:09.000,7,4875
2026-09-21,2026-09-22,1,Validation,262,12:13:09.000,12:13:14.000,5,2665
2026-09-21,2026-09-22,1,Validation,263,12:13:14.000,12:13:48.000,34,2600
2026-09-21,2026-09-22,1,Validation,264,12:13:48.000,12:14:02.000,14,3055
2026-09-21,2026-09-22,1,Validation,265,12:14:02.000,12:14:19.000,17,3705
2026-09-21,2026-09-22,1,Validation,266,12:14:19.000,12:14:44.000,25,4160
2026-09-21,2026-09-22,1,Validation,267,12:14:44.000,12:15:03.000,19,2730
2026-09-21,2026-09-22,1,Validation,268,12:15:03.000,12:15:50.000,47,2665
2026-09-21,2026-09-22,1,Validation,269,12:15:50.000,12:17:06.000,76,2600
2026-09-21,2026-09-22,1,Validation,270,12:17:06.000,12:18:18.000,72,2665
2026-09-21,2026-09-22,1,Validation,271,12:18:18.000,12:19:39.000,81,2600
2026-09-21,2026-09-22,1,Validation,272,12:19:39.000,12:21:32.000,113,2730
2026-09-21,2026-09-22,1,Validation,273,12:21:32.000,12:22:17.000,45,3120
2026-09-21,2026-09-22,1,Validation,274,12:22:17.000,12:23:25.000,68,2665
2026-09-21,2026-09-22,1,Validation,275,12:23:25.000,12:24:15.000,50,2860
2026-09-21,2026-09-22,1,Validation,276,12:24:15.000,12:26:39.000,144,2665
2026-09-21,2026-09-22,1,Validation,277,12:26:39.000,12:28:47.000,128,2600
2026-09-21,2026-09-22,1,Validation,278,12:28:47.000,12:29:24.000,37,2795
2026-09-21,2026-09-22,1,Validation,279,12:29:24.000,12:29:59.000,35,4420
2026-09-21,2026-09-22,1,Validation,280,12:29:59.000,12:30:15.000,16,4095
2026-09-21,2026-09-22,1,Validation,281,12:30:15.000,12:30:36.000,21,3575
2026-09-21,2026-09-22,1,Validation,282,12:30:36.000,12:30:46.000,10,2795
2026-09-21,2026-09-22,1,Validation,283,12:30:46.000,12:31:09.000,23,4095
2026-09-21,2026-09-22,1,Validation,284,12:31:09.000,12:32:02.000,53,2665
2026-09-21,2026-09-22,1,Validation,285,12:32:02.000,12:32:31.000,29,3380
2026-09-21,2026-09-22,1,Validation,286,12:32:31.000,12:34:06.000,95,2600
2026-09-21,2026-09-22,1,Validation,287,12:34:06.000,12:36:24.000,138,2600
2026-09-21,2026-09-22,1,Validation,288,12:36:24.000,12:37:19.000,55,2860
2026-09-21,2026-09-22,1,Validation,289,12:37:19.000,12:37:57.000,38,2665
2026-09-21,2026-09-22,1,Validation,290,12:37:57.000,12:38:24.000,27,2795
2026-09-21,2026-09-22,1,Validation,291,12:38:24.000,12:39:05.000,41,4160
2026-09-21,2026-09-22,1,Validation,292,12:39:05.000,12:40:18.000,73,3120
2026-09-21,2026-09-22,1,Validation,293,12:40:18.000,12:40:41.000,23,2665
2026-09-21,2026-09-22,1,Validation,294,12:40:41.000,12:42:03.000,82,2730
2026-09-21,2026-09-22,1,Validation,295,12:42:03.000,12:43:27.000,84,2795
2026-09-21,2026-09-22,1,Validation,296,12:43:27.000,12:44:50.000,83,2730
2026-09-21,2026-09-22,1,Validation,297,12:44:50.000,12:45:54.000,64,2600
2026-09-21,2026-09-22,1,Validation,298,12:45:54.000,12:47:02.000,68,2860
2026-09-21,2026-09-22,1,Validation,299,12:47:02.000,12:50:02.000,180,3575
2026-09-21,2026-09-22,1,Validation,300,12:50:02.000,12:51:15.000,73,2665
2026-09-21,2026-09-22,1,Validation,301,12:51:15.000,12:54:19.000,184,2600
2026-09-21,2026-09-22,1,Validation,302,12:54:19.000,12:56:21.000,122,2925
2026-09-21,2026-09-22,1,Validation,303,12:56:21.000,12:58:08.000,107,2860
2026-09-21,2026-09-22,1,Validation,304,12:58:08.000,12:58:50.000,42,2600
2026-09-21,2026-09-22,1,Validation,305,12:58:50.000,12:59:49.000,59,2665
2026-09-21,2026-09-22,1,Validation,306,12:59:49.000,13:01:18.000,89,2860
2026-09-21,2026-09-22,1,Validation,307,13:01:18.000,13:03:13.000,115,2730
2026-09-21,2026-09-22,1,Validation,308,13:03:13.000,13:03:57.000,44,2860
2026-09-21,2026-09-22,1,Validation,309,13:03:57.000,13:05:17.000,80,3445
2026-09-21,2026-09-22,1,Validation,310,13:05:17.000,13:05:43.000,26,2795
2026-09-21,2026-09-22,1,Validation,311,13:05:43.000,13:05:48.000,5,2600
2026-09-21,2026-09-22,1,Validation,312,13:05:48.000,13:06:01.000,13,2600
2026-09-21,2026-09-22,1,Validation,313,13:06:01.000,13:06:59.000,58,2600
2026-09-21,2026-09-22,1,Validation,314,13:06:59.000,13:07:33.000,34,3380
2026-09-21,2026-09-22,1,Validation,315,13:07:33.000,13:08:02.000,29,2665
2026-09-21,2026-09-22,1,Validation,316,13:08:02.000,13:08:19.000,17,4225
2026-09-21,2026-09-22,1,Validation,317,13:08:19.000,13:08:21.000,2,3185
2026-09-21,2026-09-22,1,Validation,318,13:08:21.000,13:08:37.000,16,2600
2026-09-21,2026-09-22,1,Validation,319,13:08:37.000,13:09:16.000,39,2600
2026-09-21,2026-09-22,1,Validation,320,13:09:16.000,13:09:55.000,39,3250
2026-09-21,2026-09-22,1,Validation,321,13:09:55.000,13:11:20.000,85,2730
2026-09-21,2026-09-22,1,Validation,322,13:11:20.000,13:11:56.000,36,2600
2026-09-21,2026-09-22,1,Validation,323,13:11:56.000,13:12:52.000,56,2665
2026-09-21,2026-09-22,1,Validation,324,13:12:52.000,13:13:21.000,29,3640
2026-09-21,2026-09-22,1,Validation,325,13:13:21.000,13:13:51.000,30,2990
2026-09-21,2026-09-22,1,Validation,326,13:13:51.000,13:14:53.000,62,2795
2026-09-21,2026-09-22,1,Validation,327,13:14:53.000,13:15:31.000,38,2665
2026-09-21,2026-09-22,1,Validation,328,13:15:31.000,13:16:18.000,47,3185
2026-09-21,2026-09-22,1,Validation,329,13:16:18.000,13:17:08.000,50,8580
2026-09-21,2026-09-22,1,Validation,330,13:17:08.000,13:17:08.000,0,5980
2026-09-21,2026-09-22,1,Validation,331,13:17:09.000,13:17:09.000,0,3380
2026-09-21,2026-09-22,1,Validation,332,13:17:09.000,13:17:10.000,1,3770
2026-09-21,2026-09-22,1,Validation,333,13:17:10.000,13:17:13.000,3,2990
2026-09-21,2026-09-22,1,Validation,334,13:17:13.000,13:17:57.000,44,2600
2026-09-21,2026-09-22,1,Validation,335,13:17:57.000,13:19:06.000,69,3185
2026-09-21,2026-09-22,1,Validation,336,13:19:06.000,13:19:32.000,26,3120
2026-09-21,2026-09-22,1,Validation,337,13:19:32.000,13:19:45.000,13,2600
2026-09-21,2026-09-22,1,Validation,338,13:19:45.000,13:20:22.000,37,3445
2026-09-21,2026-09-22,1,Validation,339,13:20:22.000,13:20:32.000,10,2600
2026-09-21,2026-09-22,1,Validation,340,13:20:32.000,13:21:17.000,45,2600
2026-09-21,2026-09-22,1,Validation,341,13:21:17.000,13:22:13.000,56,2600
2026-09-21,2026-09-22,1,Validation,342,13:22:13.000,13:22:56.000,43,2665
2026-09-21,2026-09-22,1,Validation,343,13:22:56.000,13:24:00.000,64,2925
2026-09-21,2026-09-22,1,Validation,344,13:24:00.000,13:24:27.000,27,2600
2026-09-21,2026-09-22,1,Validation,345,13:24:27.000,13:26:18.000,111,2600
2026-09-21,2026-09-22,1,Validation,346,13:26:18.000,13:27:54.000,96,2600
2026-09-21,2026-09-22,1,Validation,347,13:27:54.000,13:29:03.000,69,2665
2026-09-21,2026-09-22,1,Validation,348,13:29:03.000,13:30:58.000,115,2600
2026-09-21,2026-09-22,1,Validation,349,13:30:58.000,13:31:23.000,25,2795
2026-09-21,2026-09-22,1,Validation,350,13:31:23.000,13:33:13.000,110,2600
2026-09-21,2026-09-22,1,Validation,351,13:33:13.000,13:34:17.000,64,2665
2026-09-21,2026-09-22,1,Validation,352,13:34:17.000,13:34:59.000,42,4160
2026-09-21,2026-09-22,1,Validation,353,13:34:59.000,13:35:12.000,13,2600
2026-09-21,2026-09-22,1,Validation,354,13:35:12.000,13:36:00.000,48,2795
2026-09-21,2026-09-22,1,Validation,355,13:36:00.000,13:36:26.000,26,2600
2026-09-21,2026-09-22,1,Validation,356,13:36:26.000,13:36:43.000,17,2665
2026-09-21,2026-09-22,1,Validation,357,13:36:43.000,13:37:01.000,18,2730
2026-09-21,2026-09-22,1,Validation,358,13:37:01.000,13:37:02.000,1,4745
2026-09-21,2026-09-22,1,Validation,359,13:37:02.000,13:37:06.000,4,2600
2026-09-21,2026-09-22,1,Validation,360,13:37:06.000,13:39:12.000,126,2730
2026-09-21,2026-09-22,1,Validation,361,13:39:12.000,13:40:57.000,105,2990
2026-09-21,2026-09-22,1,Validation,362,13:40:57.000,13:42:45.000,108,2990
2026-09-21,2026-09-22,1,Validation,363,13:42:45.000,13:43:40.000,55,2600
2026-09-21,2026-09-22,1,Validation,364,13:43:40.000,13:44:55.000,75,3055
2026-09-21,2026-09-22,1,Validation,365,13:44:55.000,13:46:15.000,80,2600
2026-09-21,2026-09-22,1,Validation,366,13:46:15.000,13:48:42.000,147,2665
2026-09-21,2026-09-22,1,Validation,367,13:48:42.000,13:50:14.000,92,2665
2026-09-21,2026-09-22,1,Validation,368,13:50:14.000,13:51:16.000,62,4355
2026-09-21,2026-09-22,1,Validation,369,13:51:16.000,13:51:30.000,14,5070
2026-09-21,2026-09-22,1,Validation,370,13:51:30.000,13:51:35.000,5,2600
2026-09-21,2026-09-22,1,Validation,371,13:51:35.000,13:52:03.000,28,2600
2026-09-21,2026-09-22,1,Validation,372,13:52:03.000,13:52:10.000,7,2665
2026-09-21,2026-09-22,1,Validation,373,13:52:10.000,13:53:17.000,67,3510
2026-09-21,2026-09-22,1,Validation,374,13:53:17.000,13:53:51.000,34,2600
2026-09-21,2026-09-22,1,Validation,375,13:53:51.000,13:55:54.000,123,2600
2026-09-21,2026-09-22,1,Validation,376,13:55:54.000,13:56:32.000,38,2925
2026-09-21,2026-09-22,1,Validation,377,13:56:32.000,13:56:49.000,17,2665
2026-09-21,2026-09-22,1,Validation,378,13:56:49.000,13:57:15.000,26,5590
2026-09-21,2026-09-22,1,Validation,379,13:57:15.000,13:57:15.000,0,2990
2026-09-21,2026-09-22,1,Validation,380,13:57:17.000,13:57:34.000,17,13390
2026-09-21,2026-09-22,1,Validation,381,13:57:34.000,13:57:34.000,0,10790
2026-09-21,2026-09-22,1,Validation,382,13:57:35.000,13:57:35.000,0,8190
2026-09-21,2026-09-22,1,Validation,383,13:57:35.000,13:57:35.000,0,5590
2026-09-21,2026-09-22,1,Validation,384,13:57:35.000,13:57:35.000,0,6305
2026-09-21,2026-09-22,1,Validation,385,13:57:35.000,13:57:35.000,0,3705
2026-09-21,2026-09-22,1,Validation,386,13:57:36.000,13:57:37.000,1,5135
2026-09-21,2026-09-22,1,Validation,387,13:57:37.000,13:57:39.000,2,5200
2026-09-21,2026-09-22,1,Validation,388,13:57:39.000,13:57:39.000,0,2600
2026-09-21,2026-09-22,1,Validation,389,13:57:40.000,13:57:54.000,14,3510
2026-09-21,2026-09-22,1,Validation,390,13:57:54.000,13:57:57.000,3,2925
2026-09-21,2026-09-22,1,Validation,391,13:57:57.000,13:58:02.000,5,3705
2026-09-21,2026-09-22,1,Validation,392,13:58:02.000,13:58:05.000,3,3380
2026-09-21,2026-09-22,1,Validation,393,13:58:05.000,13:58:17.000,12,3770
2026-09-21,2026-09-22,1,Validation,394,13:58:17.000,13:58:20.000,3,4290
2026-09-21,2026-09-22,1,Validation,395,13:58:20.000,13:58:30.000,10,2665
2026-09-21,2026-09-22,1,Validation,396,13:58:30.000,13:59:06.000,36,2600
2026-09-21,2026-09-22,1,Validation,397,13:59:06.000,13:59:13.000,7,2860
2026-09-21,2026-09-22,1,Validation,398,13:59:13.000,13:59:21.000,8,3120
2026-09-21,2026-09-22,1,Validation,399,13:59:21.000,13:59:31.000,10,2730
2026-09-21,2026-09-22,1,Validation,400,13:59:31.000,13:59:34.000,3,6695
2026-09-21,2026-09-22,1,Validation,401,13:59:34.000,13:59:34.000,0,4095
2026-09-21,2026-09-22,1,Validation,402,13:59:35.000,13:59:36.000,1,4810
2026-09-21,2026-09-22,1,Validation,403,13:59:36.000,13:59:37.000,1,10725
2026-09-21,2026-09-22,1,Validation,404,13:59:37.000,13:59:37.000,0,8125
2026-09-21,2026-09-22,1,Validation,405,13:59:39.000,13:59:39.000,0,5525
2026-09-21,2026-09-22,1,Validation,406,13:59:39.000,13:59:39.000,0,2925
2026-09-21,2026-09-22,1,Validation,407,13:59:39.000,13:59:41.000,2,2600
2026-09-21,2026-09-22,1,Validation,408,13:59:41.000,13:59:56.000,15,3445
2026-09-21,2026-09-22,1,Validation,409,13:59:56.000,13:59:59.000,3,3315
2026-09-21,2026-09-22,1,Validation,410,13:59:59.000,14:00:17.000,18,3185
2026-09-21,2026-09-22,1,Validation,411,14:00:17.000,14:00:31.000,14,2730
2026-09-21,2026-09-22,1,Validation,412,14:00:31.000,14:00:57.000,26,2665
2026-09-21,2026-09-22,1,Validation,413,14:00:57.000,14:01:10.000,13,3770
2026-09-21,2026-09-22,1,Validation,414,14:01:10.000,14:01:42.000,32,2665
2026-09-21,2026-09-22,1,Validation,415,14:01:42.000,14:02:35.000,53,2600
2026-09-21,2026-09-22,1,Validation,416,14:02:35.000,14:02:56.000,21,2730
2026-09-21,2026-09-22,1,Validation,417,14:02:56.000,14:03:03.000,7,2665
2026-09-21,2026-09-22,1,Validation,418,14:03:03.000,14:03:06.000,3,3900
2026-09-21,2026-09-22,1,Validation,419,14:03:06.000,14:03:43.000,37,2860
2026-09-21,2026-09-22,1,Validation,420,14:03:43.000,14:04:27.000,44,2990
2026-09-21,2026-09-22,1,Validation,421,14:04:27.000,14:04:55.000,28,2600
2026-09-21,2026-09-22,1,Validation,422,14:04:55.000,14:05:54.000,59,2730
2026-09-21,2026-09-22,1,Validation,423,14:05:54.000,14:07:01.000,67,2925
2026-09-21,2026-09-22,1,Validation,424,14:07:01.000,14:07:33.000,32,2600
2026-09-21,2026-09-22,1,Validation,425,14:07:33.000,14:08:53.000,80,3055
2026-09-21,2026-09-22,1,Validation,426,14:08:53.000,14:09:30.000,37,2665
2026-09-21,2026-09-22,1,Validation,427,14:09:30.000,14:10:50.000,80,2665
2026-09-21,2026-09-22,1,Validation,428,14:10:50.000,14:11:45.000,55,2665
2026-09-21,2026-09-22,1,Validation,429,14:11:45.000,14:12:50.000,65,2665
2026-09-21,2026-09-22,1,Validation,430,14:12:50.000,14:13:00.000,10,3055
2026-09-21,2026-09-22,1,Validation,431,14:13:00.000,14:13:23.000,23,2860
2026-09-21,2026-09-22,1,Validation,432,14:13:23.000,14:14:16.000,53,2730
2026-09-21,2026-09-22,1,Validation,433,14:14:16.000,14:14:51.000,35,2600
2026-09-21,2026-09-22,1,Validation,434,14:14:51.000,14:15:53.000,62,2665
2026-09-21,2026-09-22,1,Validation,435,14:15:53.000,14:16:34.000,41,3315
2026-09-21,2026-09-22,1,Validation,436,14:16:34.000,14:17:16.000,42,2730
2026-09-21,2026-09-22,1,Validation,437,14:17:16.000,14:18:33.000,77,2600
2026-09-21,2026-09-22,1,Validation,438,14:18:33.000,14:19:06.000,33,4420
2026-09-21,2026-09-22,1,Validation,439,14:19:06.000,14:19:08.000,2,2925
2026-09-21,2026-09-22,1,Validation,440,14:19:08.000,14:19:57.000,49,3445
2026-09-21,2026-09-22,1,Validation,441,14:19:57.000,14:20:02.000,5,4680
2026-09-21,2026-09-22,1,Validation,442,14:20:02.000,14:20:03.000,1,9100
2026-09-21,2026-09-22,1,Validation,443,14:20:03.000,14:20:03.000,0,6500
2026-09-21,2026-09-22,1,Validation,444,14:20:05.000,14:20:05.000,0,4875
2026-09-21,2026-09-22,1,Validation,445,14:20:05.000,14:20:07.000,2,2600
2026-09-21,2026-09-22,1,Validation,446,14:20:07.000,14:21:01.000,54,2600
2026-09-21,2026-09-22,1,Validation,447,14:21:01.000,14:21:53.000,52,2600
2026-09-21,2026-09-22,1,Validation,448,14:21:53.000,14:22:56.000,63,3250
2026-09-21,2026-09-22,1,Validation,449,14:22:56.000,14:24:32.000,96,2925
2026-09-21,2026-09-22,1,Validation,450,14:24:32.000,14:25:02.000,30,3445
2026-09-21,2026-09-22,1,Validation,451,14:25:02.000,14:25:20.000,18,2925
2026-09-21,2026-09-22,1,Validation,452,14:25:20.000,14:25:47.000,27,2795
2026-09-21,2026-09-22,1,Validation,453,14:25:47.000,14:25:55.000,8,3185
2026-09-21,2026-09-22,1,Validation,454,14:25:55.000,14:26:06.000,11,2860
2026-09-21,2026-09-22,1,Validation,455,14:26:06.000,14:26:37.000,31,3250
2026-09-21,2026-09-22,1,Validation,456,14:26:37.000,14:27:30.000,53,2925
2026-09-21,2026-09-22,1,Validation,457,14:27:30.000,14:28:00.000,30,3055
2026-09-21,2026-09-22,1,Validation,458,14:28:00.000,14:28:26.000,26,2730
2026-09-21,2026-09-22,1,Validation,459,14:28:26.000,14:29:02.000,36,2730
2026-09-21,2026-09-22,1,Validation,460,14:29:02.000,14:29:47.000,45,2600
2026-09-21,2026-09-22,1,Validation,461,14:29:47.000,14:30:26.000,39,2665
2026-09-21,2026-09-22,1,Validation,462,14:30:26.000,14:30:43.000,17,3055
2026-09-21,2026-09-22,1,Validation,463,14:30:43.000,14:30:57.000,14,2600
2026-09-21,2026-09-22,1,Validation,464,14:30:57.000,14:31:11.000,14,4095
2026-09-21,2026-09-22,1,Validation,465,14:31:11.000,14:31:48.000,37,2600
2026-09-21,2026-09-22,1,Validation,466,14:31:48.000,14:32:47.000,59,2665
2026-09-21,2026-09-22,1,Validation,467,14:32:47.000,14:33:11.000,24,2665
2026-09-21,2026-09-22,1,Validation,468,14:33:11.000,14:35:03.000,112,2600
2026-09-21,2026-09-22,1,Validation,469,14:35:03.000,14:36:23.000,80,2730
2026-09-21,2026-09-22,1,Validation,470,14:36:23.000,14:37:31.000,68,2600
2026-09-21,2026-09-22,1,Validation,471,14:37:31.000,14:38:57.000,86,2860
2026-09-21,2026-09-22,1,Validation,472,14:38:57.000,14:40:23.000,86,2730
2026-09-21,2026-09-22,1,Validation,473,14:40:23.000,14:41:59.000,96,3250
2026-09-21,2026-09-22,1,Validation,474,14:41:59.000,14:42:07.000,8,2600
2026-09-21,2026-09-22,1,Validation,475,14:42:07.000,14:42:55.000,48,2665
2026-09-21,2026-09-22,1,Validation,476,14:42:55.000,14:43:45.000,50,2990
2026-09-21,2026-09-22,1,Validation,477,14:43:45.000,14:45:55.000,130,2795
2026-09-21,2026-09-22,1,Validation,478,14:45:55.000,14:46:52.000,57,2600
2026-09-21,2026-09-22,1,Validation,479,14:46:52.000,14:47:22.000,30,2860
2026-09-21,2026-09-22,1,Validation,480,14:47:22.000,14:48:39.000,77,2665
2026-09-21,2026-09-22,1,Validation,481,14:48:39.000,14:50:08.000,89,2730
2026-09-21,2026-09-22,1,Validation,482,14:50:08.000,14:50:54.000,46,2860
2026-09-21,2026-09-22,1,Validation,483,14:50:54.000,14:52:15.000,81,2600
2026-09-21,2026-09-22,1,Validation,484,14:52:15.000,14:53:28.000,73,3055
2026-09-21,2026-09-22,1,Validation,485,14:53:28.000,14:56:10.000,162,2600
2026-09-21,2026-09-22,1,Validation,486,14:56:10.000,14:57:04.000,54,3705
2026-09-21,2026-09-22,1,Validation,487,14:57:04.000,14:57:12.000,8,3120
2026-09-21,2026-09-22,1,Validation,488,14:57:12.000,14:57:14.000,2,4420
2026-09-21,2026-09-22,1,Validation,489,14:57:14.000,14:57:20.000,6,2600
2026-09-21,2026-09-22,1,Validation,490,14:57:20.000,14:57:38.000,18,3185
2026-09-21,2026-09-22,1,Validation,491,14:57:38.000,14:57:50.000,12,2730
2026-09-21,2026-09-22,1,Validation,492,14:57:50.000,14:58:45.000,55,2600
2026-09-21,2026-09-22,1,Validation,493,14:58:45.000,14:59:01.000,16,2860
2026-09-21,2026-09-22,1,Validation,494,14:59:01.000,14:59:09.000,8,2730
2026-09-21,2026-09-22,1,Validation,495,14:59:09.000,15:00:20.000,71,4745
2026-09-21,2026-09-22,1,Validation,496,15:00:20.000,15:00:37.000,17,2600
2026-09-21,2026-09-22,1,Validation,497,15:00:37.000,15:01:22.000,45,2665
2026-09-21,2026-09-22,1,Validation,498,15:01:22.000,15:03:13.000,111,4615
2026-09-21,2026-09-22,1,Validation,499,15:03:13.000,15:03:20.000,7,2860
2026-09-21,2026-09-22,1,Validation,500,15:03:20.000,15:04:00.000,40,2600
2026-09-21,2026-09-22,1,Validation,501,15:04:00.000,15:04:43.000,43,3250
2026-09-21,2026-09-22,1,Validation,502,15:04:43.000,15:05:05.000,22,4290
2026-09-21,2026-09-22,1,Validation,503,15:05:05.000,15:05:07.000,2,2600
2026-09-21,2026-09-22,1,Validation,504,15:05:07.000,15:05:33.000,26,5525
2026-09-21,2026-09-22,1,Validation,505,15:05:33.000,15:05:33.000,0,2925
2026-09-21,2026-09-22,1,Validation,506,15:05:34.000,15:05:39.000,5,3640
2026-09-21,2026-09-22,1,Validation,507,15:05:39.000,15:05:47.000,8,2665
2026-09-21,2026-09-22,1,Validation,508,15:05:47.000,15:06:15.000,28,2600
2026-09-21,2026-09-22,1,Validation,509,15:06:15.000,15:06:37.000,22,2665
2026-09-21,2026-09-22,1,Validation,510,15:06:37.000,15:07:09.000,32,2925
2026-09-21,2026-09-22,1,Validation,511,15:07:09.000,15:07:33.000,24,3185
2026-09-21,2026-09-22,1,Validation,512,15:07:33.000,15:08:18.000,45,4810
2026-09-21,2026-09-22,1,Validation,513,15:08:18.000,15:08:36.000,18,2600
2026-09-21,2026-09-22,1,Validation,514,15:08:36.000,15:09:09.000,33,3055
2026-09-21,2026-09-22,1,Validation,515,15:09:09.000,15:09:13.000,4,6760
2026-09-21,2026-09-22,1,Validation,516,15:09:13.000,15:09:13.000,0,4160
2026-09-21,2026-09-22,1,Validation,517,15:09:13.000,15:09:16.000,3,4095
2026-09-21,2026-09-22,1,Validation,518,15:09:16.000,15:09:17.000,1,2665
2026-09-21,2026-09-22,1,Validation,519,15:09:17.000,15:09:29.000,12,3120
2026-09-21,2026-09-22,1,Validation,520,15:09:29.000,15:09:37.000,8,2600
2026-09-21,2026-09-22,1,Validation,521,15:09:37.000,15:10:12.000,35,2665
2026-09-21,2026-09-22,1,Validation,522,15:10:12.000,15:10:47.000,35,2730
2026-09-21,2026-09-22,1,Validation,523,15:10:47.000,15:11:11.000,24,2665
2026-09-21,2026-09-22,1,Validation,524,15:11:11.000,15:11:33.000,22,3055
2026-09-21,2026-09-22,1,Validation,525,15:11:33.000,15:11:43.000,10,3900
2026-09-21,2026-09-22,1,Validation,526,15:11:43.000,15:11:51.000,8,3185
2026-09-21,2026-09-22,1,Validation,527,15:11:51.000,15:12:09.000,18,2665
2026-09-21,2026-09-22,1,Validation,528,15:12:09.000,15:12:19.000,10,3055
2026-09-21,2026-09-22,1,Validation,529,15:12:19.000,15:12:32.000,13,2665
2026-09-21,2026-09-22,1,Validation,530,15:12:32.000,15:12:48.000,16,2665
2026-09-21,2026-09-22,1,Validation,531,15:12:48.000,15:13:11.000,23,2665
2026-09-21,2026-09-22,1,Validation,532,15:13:11.000,15:13:29.000,18,3055
2026-09-21,2026-09-22,1,Validation,533,15:13:29.000,15:13:39.000,10,3965
2026-09-21,2026-09-22,1,Validation,534,15:13:39.000,15:13:42.000,3,2730
2026-09-21,2026-09-22,1,Validation,535,15:13:42.000,15:13:55.000,13,3900
2026-09-21,2026-09-22,1,Validation,536,15:13:55.000,15:14:13.000,18,2665
2026-09-21,2026-09-22,1,Validation,537,15:14:13.000,15:14:58.000,45,2990
2026-09-21,2026-09-22,1,Validation,538,15:14:58.000,15:15:08.000,10,2860
2026-09-21,2026-09-22,1,Validation,539,15:15:08.000,15:15:13.000,5,4420
2026-09-21,2026-09-22,1,Validation,540,15:15:13.000,15:15:17.000,4,4095
2026-09-21,2026-09-22,1,Validation,541,15:15:17.000,15:15:18.000,1,3445
2026-09-21,2026-09-22,1,Validation,542,15:15:18.000,15:15:28.000,10,3185
2026-09-21,2026-09-22,1,Validation,543,15:15:28.000,15:15:39.000,11,3315
2026-09-21,2026-09-22,1,Validation,544,15:15:39.000,15:15:49.000,10,2600
2026-09-21,2026-09-22,1,Validation,545,15:15:49.000,15:15:57.000,8,2665
2026-09-21,2026-09-22,1,Validation,546,15:15:57.000,15:16:13.000,16,2600
2026-09-21,2026-09-22,1,Validation,547,15:16:13.000,15:16:17.000,4,4485
2026-09-21,2026-09-22,1,Validation,548,15:16:17.000,15:16:39.000,22,2730
2026-09-21,2026-09-22,1,Validation,549,15:16:39.000,15:17:22.000,43,3380
2026-09-21,2026-09-22,1,Validation,550,15:17:22.000,15:17:48.000,26,2730
2026-09-21,2026-09-22,1,Validation,551,15:17:48.000,15:17:54.000,6,7410
2026-09-21,2026-09-22,1,Validation,552,15:17:54.000,15:17:54.000,0,4810
2026-09-21,2026-09-22,1,Validation,553,15:17:56.000,15:17:56.000,0,3835
2026-09-21,2026-09-22,1,Validation,554,15:17:56.000,15:17:58.000,2,3055
2026-09-21,2026-09-22,1,Validation,555,15:17:58.000,15:18:01.000,3,4485
2026-09-21,2026-09-22,1,Validation,556,15:18:01.000,15:18:14.000,13,2665
2026-09-21,2026-09-22,1,Validation,557,15:18:14.000,15:18:43.000,29,2600
2026-09-21,2026-09-22,1,Validation,558,15:18:43.000,15:19:11.000,28,2600
2026-09-21,2026-09-22,1,Validation,559,15:19:11.000,15:19:36.000,25,2600
2026-09-21,2026-09-22,1,Validation,560,15:19:36.000,15:20:01.000,25,3575
2026-09-21,2026-09-22,1,Validation,561,15:20:01.000,15:20:04.000,3,3120
2026-09-21,2026-09-22,1,Validation,562,15:20:04.000,15:20:25.000,21,2665
2026-09-21,2026-09-22,1,Validation,563,15:20:25.000,15:20:37.000,12,2600
2026-09-21,2026-09-22,1,Validation,564,15:20:37.000,15:21:01.000,24,2860
2026-09-21,2026-09-22,1,Validation,565,15:21:01.000,15:21:49.000,48,2600
2026-09-21,2026-09-22,1,Validation,566,15:21:49.000,15:22:39.000,50,2730
2026-09-21,2026-09-22,1,Validation,567,15:22:39.000,15:23:06.000,27,3120
2026-09-21,2026-09-22,1,Validation,568,15:23:06.000,15:23:10.000,4,2990
2026-09-21,2026-09-22,1,Validation,569,15:23:10.000,15:23:31.000,21,3315
2026-09-21,2026-09-22,1,Validation,570,15:23:31.000,15:23:44.000,13,2600
2026-09-21,2026-09-22,1,Validation,571,15:23:44.000,15:24:27.000,43,2925
2026-09-21,2026-09-22,1,Validation,572,15:24:27.000,15:25:05.000,38,2600
2026-09-21,2026-09-22,1,Validation,573,15:25:05.000,15:25:16.000,11,2600
2026-09-21,2026-09-22,1,Validation,574,15:25:16.000,15:25:21.000,5,2925
2026-09-21,2026-09-22,1,Validation,575,15:25:21.000,15:25:26.000,5,3185
2026-09-21,2026-09-22,1,Validation,576,15:25:26.000,15:25:31.000,5,2990
2026-09-21,2026-09-22,1,Validation,577,15:25:31.000,15:26:06.000,35,3640
2026-09-21,2026-09-22,1,Validation,578,15:26:06.000,15:26:07.000,1,3965
2026-09-21,2026-09-22,1,Validation,579,15:26:07.000,15:26:11.000,4,2600
2026-09-21,2026-09-22,1,Validation,580,15:26:11.000,15:26:39.000,28,3575
2026-09-21,2026-09-22,1,Validation,581,15:26:39.000,15:27:01.000,22,3380
2026-09-21,2026-09-22,1,Validation,582,15:27:01.000,15:27:04.000,3,4550
2026-09-21,2026-09-22,1,Validation,583,15:27:04.000,15:27:05.000,1,6240
2026-09-21,2026-09-22,1,Validation,584,15:27:05.000,15:27:05.000,0,3640
2026-09-21,2026-09-22,1,Validation,585,15:27:07.000,15:27:07.000,0,3900
2026-09-21,2026-09-22,1,Validation,586,15:27:07.000,15:27:09.000,2,4615
2026-09-21,2026-09-22,1,Validation,587,15:27:09.000,15:27:10.000,1,3705
2026-09-21,2026-09-22,1,Validation,588,15:27:10.000,15:27:12.000,2,4160
2026-09-21,2026-09-22,1,Validation,589,15:27:12.000,15:27:13.000,1,4160
2026-09-21,2026-09-22,1,Validation,590,15:27:13.000,15:27:15.000,2,2795
2026-09-21,2026-09-22,1,Validation,591,15:27:15.000,15:27:18.000,3,2925
2026-09-21,2026-09-22,1,Validation,592,15:27:18.000,15:27:20.000,2,2925
2026-09-21,2026-09-22,1,Validation,593,15:27:20.000,15:27:23.000,3,3120
2026-09-21,2026-09-22,1,Validation,594,15:27:23.000,15:28:17.000,54,2600
2026-09-21,2026-09-22,1,Validation,595,15:28:17.000,15:28:48.000,31,2600
2026-09-21,2026-09-22,1,Validation,596,15:28:48.000,15:28:57.000,9,2925
2026-09-21,2026-09-22,1,Validation,597,15:28:57.000,15:29:27.000,30,3965
2026-09-21,2026-09-22,1,Validation,598,15:29:27.000,15:29:37.000,10,3315
2026-09-21,2026-09-22,1,Validation,599,15:29:37.000,15:29:52.000,15,2665
2026-09-21,2026-09-22,1,Validation,600,15:29:52.000,15:30:00.000,8,780
2026-09-22,2026-09-22,0,Design,0,09:15:00.000,09:15:01.000,1,5330
2026-09-22,2026-09-22,0,Design,1,09:15:01.000,09:15:01.000,0,2730
2026-09-22,2026-09-22,0,Design,2,09:15:02.000,09:15:04.000,2,2730
2026-09-22,2026-09-22,0,Design,3,09:15:04.000,09:15:07.000,3,15730
2026-09-22,2026-09-22,0,Design,4,09:15:07.000,09:15:07.000,0,13130
2026-09-22,2026-09-22,0,Design,5,09:15:09.000,09:15:09.000,0,11310
2026-09-22,2026-09-22,0,Design,6,09:15:09.000,09:15:09.000,0,8710
2026-09-22,2026-09-22,0,Design,7,09:15:09.000,09:15:09.000,0,6110
2026-09-22,2026-09-22,0,Design,8,09:15:09.000,09:15:09.000,0,3510
2026-09-22,2026-09-22,0,Design,9,09:15:10.000,09:15:17.000,7,2600
2026-09-22,2026-09-22,0,Design,10,09:15:17.000,09:15:23.000,6,2730
2026-09-22,2026-09-22,0,Design,11,09:15:23.000,09:15:28.000,5,2925
2026-09-22,2026-09-22,0,Design,12,09:15:28.000,09:15:33.000,5,3055
2026-09-22,2026-09-22,0,Design,13,09:15:33.000,09:15:49.000,16,3900
2026-09-22,2026-09-22,0,Design,14,09:15:49.000,09:16:03.000,14,2600
2026-09-22,2026-09-22,0,Design,15,09:16:03.000,09:16:25.000,22,2795
2026-09-22,2026-09-22,0,Design,16,09:16:25.000,09:16:33.000,8,3445
2026-09-22,2026-09-22,0,Design,17,09:16:33.000,09:16:48.000,15,2730
2026-09-22,2026-09-22,0,Design,18,09:16:48.000,09:16:56.000,8,2600
2026-09-22,2026-09-22,0,Design,19,09:16:56.000,09:17:10.000,14,3120
2026-09-22,2026-09-22,0,Design,20,09:17:10.000,09:17:31.000,21,2600
2026-09-22,2026-09-22,0,Design,21,09:17:31.000,09:17:58.000,27,2600
2026-09-22,2026-09-22,0,Design,22,09:17:58.000,09:18:09.000,11,2795
2026-09-22,2026-09-22,0,Design,23,09:18:09.000,09:19:03.000,54,2730
2026-09-22,2026-09-22,0,Design,24,09:19:03.000,09:19:46.000,43,2925
2026-09-22,2026-09-22,0,Design,25,09:19:46.000,09:20:01.000,15,4095
2026-09-22,2026-09-22,0,Design,26,09:20:01.000,09:20:14.000,13,2730
2026-09-22,2026-09-22,0,Design,27,09:20:14.000,09:20:23.000,9,2730
2026-09-22,2026-09-22,0,Design,28,09:20:23.000,09:20:36.000,13,3055
2026-09-22,2026-09-22,0,Design,29,09:20:36.000,09:20:59.000,23,2600
2026-09-22,2026-09-22,0,Design,30,09:20:59.000,09:21:43.000,44,4290
2026-09-22,2026-09-22,0,Design,31,09:21:43.000,09:22:03.000,20,2730
2026-09-22,2026-09-22,0,Design,32,09:22:03.000,09:22:16.000,13,2860
2026-09-22,2026-09-22,0,Design,33,09:22:16.000,09:22:26.000,10,2795
2026-09-22,2026-09-22,0,Design,34,09:22:26.000,09:22:46.000,20,2665
2026-09-22,2026-09-22,0,Design,35,09:22:46.000,09:23:09.000,23,2665
2026-09-22,2026-09-22,0,Design,36,09:23:09.000,09:23:22.000,13,3315
2026-09-22,2026-09-22,0,Design,37,09:23:22.000,09:23:49.000,27,2600
2026-09-22,2026-09-22,0,Design,38,09:23:49.000,09:24:34.000,45,2665
2026-09-22,2026-09-22,0,Design,39,09:24:34.000,09:24:42.000,8,4680
2026-09-22,2026-09-22,0,Design,40,09:24:42.000,09:24:44.000,2,2925
2026-09-22,2026-09-22,0,Design,41,09:24:44.000,09:25:10.000,26,2730
2026-09-22,2026-09-22,0,Design,42,09:25:10.000,09:25:30.000,20,2600
2026-09-22,2026-09-22,0,Design,43,09:25:30.000,09:25:33.000,3,3640
2026-09-22,2026-09-22,0,Design,44,09:25:33.000,09:25:38.000,5,2665
2026-09-22,2026-09-22,0,Design,45,09:25:38.000,09:25:49.000,11,3380
2026-09-22,2026-09-22,0,Design,46,09:25:49.000,09:25:52.000,3,2665
2026-09-22,2026-09-22,0,Design,47,09:25:52.000,09:26:07.000,15,2665
2026-09-22,2026-09-22,0,Design,48,09:26:07.000,09:26:21.000,14,2730
2026-09-22,2026-09-22,0,Design,49,09:26:21.000,09:26:35.000,14,2600
2026-09-22,2026-09-22,0,Design,50,09:26:35.000,09:26:53.000,18,2925
2026-09-22,2026-09-22,0,Design,51,09:26:53.000,09:27:05.000,12,2795
2026-09-22,2026-09-22,0,Design,52,09:27:05.000,09:27:23.000,18,2990
2026-09-22,2026-09-22,0,Design,53,09:27:23.000,09:27:33.000,10,2730
2026-09-22,2026-09-22,0,Design,54,09:27:33.000,09:27:41.000,8,2925
2026-09-22,2026-09-22,0,Design,55,09:27:41.000,09:27:45.000,4,2600
2026-09-22,2026-09-22,0,Design,56,09:27:45.000,09:27:53.000,8,2600
2026-09-22,2026-09-22,0,Design,57,09:27:53.000,09:27:55.000,2,3445
2026-09-22,2026-09-22,0,Design,58,09:27:55.000,09:28:21.000,26,2600
2026-09-22,2026-09-22,0,Design,59,09:28:21.000,09:28:55.000,34,2665
2026-09-22,2026-09-22,0,Design,60,09:28:55.000,09:29:25.000,30,2600
2026-09-22,2026-09-22,0,Design,61,09:29:25.000,09:30:23.000,58,2600
2026-09-22,2026-09-22,0,Design,62,09:30:23.000,09:30:26.000,3,2600
2026-09-22,2026-09-22,0,Design,63,09:30:26.000,09:30:48.000,22,2860
2026-09-22,2026-09-22,0,Design,64,09:30:48.000,09:31:11.000,23,2665
2026-09-22,2026-09-22,0,Design,65,09:31:11.000,09:31:47.000,36,3055
2026-09-22,2026-09-22,0,Design,66,09:31:47.000,09:32:17.000,30,2665
2026-09-22,2026-09-22,0,Design,67,09:32:17.000,09:32:45.000,28,2730
2026-09-22,2026-09-22,0,Design,68,09:32:45.000,09:32:55.000,10,2600
2026-09-22,2026-09-22,0,Design,69,09:32:55.000,09:32:57.000,2,3250
2026-09-22,2026-09-22,0,Design,70,09:32:57.000,09:33:00.000,3,3120
2026-09-22,2026-09-22,0,Design,71,09:33:00.000,09:33:04.000,4,3510
2026-09-22,2026-09-22,0,Design,72,09:33:04.000,09:33:10.000,6,3965
2026-09-22,2026-09-22,0,Design,73,09:33:10.000,09:33:22.000,12,3250
2026-09-22,2026-09-22,0,Design,74,09:33:22.000,09:33:36.000,14,2990
2026-09-22,2026-09-22,0,Design,75,09:33:36.000,09:33:38.000,2,2730
2026-09-22,2026-09-22,0,Design,76,09:33:38.000,09:33:48.000,10,2665
2026-09-22,2026-09-22,0,Design,77,09:33:48.000,09:34:24.000,36,2600
2026-09-22,2026-09-22,0,Design,78,09:34:24.000,09:35:03.000,39,3120
2026-09-22,2026-09-22,0,Design,79,09:35:03.000,09:35:35.000,32,2665
2026-09-22,2026-09-22,0,Design,80,09:35:35.000,09:36:21.000,46,3120
2026-09-22,2026-09-22,0,Design,81,09:36:21.000,09:36:52.000,31,2600
2026-09-22,2026-09-22,0,Design,82,09:36:52.000,09:37:10.000,18,2665
2026-09-22,2026-09-22,0,Design,83,09:37:10.000,09:37:54.000,44,2600
2026-09-22,2026-09-22,0,Design,84,09:37:54.000,09:38:37.000,43,4030
2026-09-22,2026-09-22,0,Design,85,09:38:37.000,09:38:39.000,2,2925
2026-09-22,2026-09-22,0,Design,86,09:38:39.000,09:39:21.000,42,2665
2026-09-22,2026-09-22,0,Design,87,09:39:21.000,09:39:56.000,35,2600
2026-09-22,2026-09-22,0,Design,88,09:39:56.000,09:40:17.000,21,2730
2026-09-22,2026-09-22,0,Design,89,09:40:17.000,09:41:05.000,48,3055
2026-09-22,2026-09-22,0,Design,90,09:41:05.000,09:41:18.000,13,2925
2026-09-22,2026-09-22,0,Design,91,09:41:18.000,09:41:43.000,25,2600
2026-09-22,2026-09-22,0,Design,92,09:41:43.000,09:42:24.000,41,2860
2026-09-22,2026-09-22,0,Design,93,09:42:24.000,09:43:03.000,39,2990
2026-09-22,2026-09-22,0,Design,94,09:43:03.000,09:43:16.000,13,2860
2026-09-22,2026-09-22,0,Design,95,09:43:16.000,09:43:37.000,21,4485
2026-09-22,2026-09-22,0,Design,96,09:43:37.000,09:43:39.000,2,4420
2026-09-22,2026-09-22,0,Design,97,09:43:39.000,09:43:41.000,2,3770
2026-09-22,2026-09-22,0,Design,98,09:43:41.000,09:43:42.000,1,2860
2026-09-22,2026-09-22,0,Design,99,09:43:42.000,09:44:04.000,22,2730
2026-09-22,2026-09-22,0,Design,100,09:44:04.000,09:44:12.000,8,3705
2026-09-22,2026-09-22,0,Design,101,09:44:12.000,09:44:14.000,2,5200
2026-09-22,2026-09-22,0,Design,102,09:44:14.000,09:44:14.000,0,2600
2026-09-22,2026-09-22,0,Design,103,09:44:16.000,09:44:16.000,0,4095
2026-09-22,2026-09-22,0,Design,104,09:44:16.000,09:44:17.000,1,5395
2026-09-22,2026-09-22,0,Design,105,09:44:17.000,09:44:17.000,0,2795
2026-09-22,2026-09-22,0,Design,106,09:44:18.000,09:44:19.000,1,2860
2026-09-22,2026-09-22,0,Design,107,09:44:19.000,09:44:46.000,27,2600
2026-09-22,2026-09-22,0,Design,108,09:44:46.000,09:45:25.000,39,2665
2026-09-22,2026-09-22,0,Design,109,09:45:25.000,09:45:54.000,29,2990
2026-09-22,2026-09-22,0,Design,110,09:45:54.000,09:46:22.000,28,3900
2026-09-22,2026-09-22,0,Design,111,09:46:22.000,09:46:27.000,5,2860
2026-09-22,2026-09-22,0,Design,112,09:46:27.000,09:46:35.000,8,2600
2026-09-22,2026-09-22,0,Design,113,09:46:35.000,09:46:42.000,7,4680
2026-09-22,2026-09-22,0,Design,114,09:46:42.000,09:46:43.000,1,2730
2026-09-22,2026-09-22,0,Design,115,09:46:43.000,09:46:50.000,7,4095
2026-09-22,2026-09-22,0,Design,116,09:46:50.000,09:46:53.000,3,2665
2026-09-22,2026-09-22,0,Design,117,09:46:53.000,09:47:23.000,30,2795
2026-09-22,2026-09-22,0,Design,118,09:47:23.000,09:47:27.000,4,4355
2026-09-22,2026-09-22,0,Design,119,09:47:27.000,09:47:28.000,1,2860
2026-09-22,2026-09-22,0,Design,120,09:47:28.000,09:47:42.000,14,2665
2026-09-22,2026-09-22,0,Design,121,09:47:42.000,09:48:02.000,20,2730
2026-09-22,2026-09-22,0,Design,122,09:48:02.000,09:48:41.000,39,2600
2026-09-22,2026-09-22,0,Design,123,09:48:41.000,09:48:55.000,14,2665
2026-09-22,2026-09-22,0,Design,124,09:48:55.000,09:49:12.000,17,2795
2026-09-22,2026-09-22,0,Design,125,09:49:12.000,09:49:27.000,15,2795
2026-09-22,2026-09-22,0,Design,126,09:49:27.000,09:49:35.000,8,2860
2026-09-22,2026-09-22,0,Design,127,09:49:35.000,09:49:40.000,5,2860
2026-09-22,2026-09-22,0,Design,128,09:49:40.000,09:50:24.000,44,2665
2026-09-22,2026-09-22,0,Design,129,09:50:24.000,09:50:46.000,22,2730
2026-09-22,2026-09-22,0,Design,130,09:50:46.000,09:51:37.000,51,2730
2026-09-22,2026-09-22,0,Design,131,09:51:37.000,09:52:01.000,24,3120
2026-09-22,2026-09-22,0,Design,132,09:52:01.000,09:52:19.000,18,2665
2026-09-22,2026-09-22,0,Design,133,09:52:19.000,09:53:32.000,73,4810
2026-09-22,2026-09-22,0,Design,134,09:53:32.000,09:53:34.000,2,3835
2026-09-22,2026-09-22,0,Design,135,09:53:34.000,09:53:41.000,7,2730
2026-09-22,2026-09-22,0,Design,136,09:53:41.000,09:53:52.000,11,2600
2026-09-22,2026-09-22,0,Design,137,09:53:52.000,09:54:16.000,24,2600
2026-09-22,2026-09-22,0,Design,138,09:54:16.000,09:55:10.000,54,2925
2026-09-22,2026-09-22,0,Design,139,09:55:10.000,09:55:30.000,20,2665
2026-09-22,2026-09-22,0,Design,140,09:55:30.000,09:56:08.000,38,2860
2026-09-22,2026-09-22,0,Design,141,09:56:08.000,09:56:54.000,46,2600
2026-09-22,2026-09-22,0,Design,142,09:56:54.000,09:57:29.000,35,3315
2026-09-22,2026-09-22,0,Design,143,09:57:29.000,09:58:40.000,71,3575
2026-09-22,2026-09-22,0,Design,144,09:58:40.000,09:59:39.000,59,2600
2026-09-22,2026-09-22,0,Design,145,09:59:39.000,10:00:46.000,67,2600
2026-09-22,2026-09-22,0,Design,146,10:00:46.000,10:01:06.000,20,2730
2026-09-22,2026-09-22,0,Design,147,10:01:06.000,10:01:56.000,50,2990
2026-09-22,2026-09-22,0,Design,148,10:01:56.000,10:02:34.000,38,2600
2026-09-22,2026-09-22,0,Design,149,10:02:34.000,10:04:18.000,104,2925
2026-09-22,2026-09-22,0,Design,150,10:04:18.000,10:04:36.000,18,2795
2026-09-22,2026-09-22,0,Design,151,10:04:36.000,10:05:22.000,46,3120
2026-09-22,2026-09-22,0,Design,152,10:05:22.000,10:05:29.000,7,3120
2026-09-22,2026-09-22,0,Design,153,10:05:29.000,10:05:30.000,1,3120
2026-09-22,2026-09-22,0,Design,154,10:05:30.000,10:05:32.000,2,3185
2026-09-22,2026-09-22,0,Design,155,10:05:32.000,10:05:33.000,1,4680
2026-09-22,2026-09-22,0,Design,156,10:05:33.000,10:05:35.000,2,5590
2026-09-22,2026-09-22,0,Design,157,10:05:35.000,10:05:35.000,0,2990
2026-09-22,2026-09-22,0,Design,158,10:05:37.000,10:05:38.000,1,2600
2026-09-22,2026-09-22,0,Design,159,10:05:38.000,10:06:26.000,48,2795
2026-09-22,2026-09-22,0,Design,160,10:06:26.000,10:07:20.000,54,2730
2026-09-22,2026-09-22,0,Design,161,10:07:20.000,10:08:09.000,49,2600
2026-09-22,2026-09-22,0,Design,162,10:08:09.000,10:08:55.000,46,3640
2026-09-22,2026-09-22,0,Design,163,10:08:55.000,10:09:04.000,9,3315
2026-09-22,2026-09-22,0,Design,164,10:09:04.000,10:09:17.000,13,4290
2026-09-22,2026-09-22,0,Design,165,10:09:17.000,10:09:28.000,11,2600
2026-09-22,2026-09-22,0,Design,166,10:09:28.000,10:09:55.000,27,2665
2026-09-22,2026-09-22,0,Design,167,10:09:55.000,10:10:31.000,36,3055
2026-09-22,2026-09-22,0,Design,168,10:10:31.000,10:10:50.000,19,3055
2026-09-22,2026-09-22,0,Design,169,10:10:50.000,10:11:04.000,14,2600
2026-09-22,2026-09-22,0,Design,170,10:11:04.000,10:11:49.000,45,2600
2026-09-22,2026-09-22,0,Design,171,10:11:49.000,10:12:34.000,45,2730
2026-09-22,2026-09-22,0,Design,172,10:12:34.000,10:13:10.000,36,2600
2026-09-22,2026-09-22,0,Design,173,10:13:10.000,10:14:32.000,82,2665
2026-09-22,2026-09-22,0,Design,174,10:14:32.000,10:15:13.000,41,3055
2026-09-22,2026-09-22,0,Design,175,10:15:13.000,10:15:45.000,32,4810
2026-09-22,2026-09-22,0,Design,176,10:15:45.000,10:16:01.000,16,3185
2026-09-22,2026-09-22,0,Design,177,10:16:01.000,10:16:51.000,50,3185
2026-09-22,2026-09-22,0,Design,178,10:16:51.000,10:18:51.000,120,2600
2026-09-22,2026-09-22,0,Design,179,10:18:51.000,10:19:31.000,40,4810
2026-09-22,2026-09-22,0,Design,180,10:19:31.000,10:19:57.000,26,3055
2026-09-22,2026-09-22,0,Design,181,10:19:57.000,10:20:45.000,48,4030
2026-09-22,2026-09-22,0,Design,182,10:20:45.000,10:20:54.000,9,2925
2026-09-22,2026-09-22,0,Design,183,10:20:54.000,10:20:59.000,5,3055
2026-09-22,2026-09-22,0,Design,184,10:20:59.000,10:21:37.000,38,2925
2026-09-22,2026-09-22,0,Design,185,10:21:37.000,10:22:03.000,26,2860
2026-09-22,2026-09-22,0,Design,186,10:22:03.000,10:22:41.000,38,3900
2026-09-22,2026-09-22,0,Design,187,10:22:41.000,10:23:08.000,27,2860
2026-09-22,2026-09-22,0,Design,188,10:23:08.000,10:23:26.000,18,2600
2026-09-22,2026-09-22,0,Design,189,10:23:26.000,10:23:44.000,18,2795
2026-09-22,2026-09-22,0,Design,190,10:23:44.000,10:23:51.000,7,2990
2026-09-22,2026-09-22,0,Design,191,10:23:51.000,10:24:06.000,15,4225
2026-09-22,2026-09-22,0,Design,192,10:24:06.000,10:24:09.000,3,2600
2026-09-22,2026-09-22,0,Design,193,10:24:09.000,10:25:23.000,74,2665
2026-09-22,2026-09-22,0,Design,194,10:25:23.000,10:26:14.000,51,2795
2026-09-22,2026-09-22,0,Design,195,10:26:14.000,10:26:51.000,37,2665
2026-09-22,2026-09-22,0,Design,196,10:26:51.000,10:27:31.000,40,2795
2026-09-22,2026-09-22,0,Design,197,10:27:31.000,10:28:22.000,51,4030
2026-09-22,2026-09-22,0,Design,198,10:28:22.000,10:28:45.000,23,3575
2026-09-22,2026-09-22,0,Design,199,10:28:45.000,10:29:14.000,29,2665
2026-09-22,2026-09-22,0,Design,200,10:29:14.000,10:29:32.000,18,2600
2026-09-22,2026-09-22,0,Design,201,10:29:32.000,10:30:03.000,31,3705
2026-09-22,2026-09-22,0,Design,202,10:30:03.000,10:30:11.000,8,2600
2026-09-22,2026-09-22,0,Design,203,10:30:11.000,10:30:33.000,22,9165
2026-09-22,2026-09-22,0,Design,204,10:30:33.000,10:30:33.000,0,6565
2026-09-22,2026-09-22,0,Design,205,10:30:34.000,10:30:34.000,0,3965
2026-09-22,2026-09-22,0,Design,206,10:30:34.000,10:30:35.000,1,2860
2026-09-22,2026-09-22,0,Design,207,10:30:35.000,10:30:43.000,8,3575
2026-09-22,2026-09-22,0,Design,208,10:30:43.000,10:30:55.000,12,5070
2026-09-22,2026-09-22,0,Design,209,10:30:55.000,10:30:56.000,1,4160
2026-09-22,2026-09-22,0,Design,210,10:30:56.000,10:30:59.000,3,2730
2026-09-22,2026-09-22,0,Design,211,10:30:59.000,10:31:06.000,7,5395
2026-09-22,2026-09-22,0,Design,212,10:31:06.000,10:31:06.000,0,2795
2026-09-22,2026-09-22,0,Design,213,10:31:07.000,10:31:14.000,7,2795
2026-09-22,2026-09-22,0,Design,214,10:31:14.000,10:31:22.000,8,2600
2026-09-22,2026-09-22,0,Design,215,10:31:22.000,10:31:37.000,15,3835
2026-09-22,2026-09-22,0,Design,216,10:31:37.000,10:31:44.000,7,2600
2026-09-22,2026-09-22,0,Design,217,10:31:44.000,10:32:10.000,26,3445
2026-09-22,2026-09-22,0,Design,218,10:32:10.000,10:32:29.000,19,2665
2026-09-22,2026-09-22,0,Design,219,10:32:29.000,10:32:45.000,16,2600
2026-09-22,2026-09-22,0,Design,220,10:32:45.000,10:32:49.000,4,2730
2026-09-22,2026-09-22,0,Design,221,10:32:49.000,10:32:57.000,8,4615
2026-09-22,2026-09-22,0,Design,222,10:32:57.000,10:32:59.000,2,3055
2026-09-22,2026-09-22,0,Design,223,10:32:59.000,10:33:04.000,5,9295
2026-09-22,2026-09-22,0,Design,224,10:33:04.000,10:33:04.000,0,6695
2026-09-22,2026-09-22,0,Design,225,10:33:05.000,10:33:05.000,0,4095
2026-09-22,2026-09-22,0,Design,226,10:33:05.000,10:33:05.000,0,8970
2026-09-22,2026-09-22,0,Design,227,10:33:05.000,10:33:05.000,0,6370
2026-09-22,2026-09-22,0,Design,228,10:33:07.000,10:33:07.000,0,3770
2026-09-22,2026-09-22,0,Design,229,10:33:07.000,10:33:12.000,5,3770
2026-09-22,2026-09-22,0,Design,230,10:33:12.000,10:33:29.000,17,2860
2026-09-22,2026-09-22,0,Design,231,10:33:29.000,10:33:40.000,11,2600
2026-09-22,2026-09-22,0,Design,232,10:33:40.000,10:34:12.000,32,2600
2026-09-22,2026-09-22,0,Design,233,10:34:12.000,10:34:46.000,34,2600
2026-09-22,2026-09-22,0,Design,234,10:34:46.000,10:35:00.000,14,4030
2026-09-22,2026-09-22,0,Design,235,10:35:00.000,10:35:03.000,3,2600
2026-09-22,2026-09-22,0,Design,236,10:35:03.000,10:35:11.000,8,7800
2026-09-22,2026-09-22,0,Design,237,10:35:11.000,10:35:11.000,0,5200
2026-09-22,2026-09-22,0,Design,238,10:35:13.000,10:35:13.000,0,2600
2026-09-22,2026-09-22,0,Design,239,10:35:13.000,10:35:25.000,12,4550
2026-09-22,2026-09-22,0,Design,240,10:35:25.000,10:35:26.000,1,10790
2026-09-22,2026-09-22,0,Design,241,10:35:26.000,10:35:26.000,0,8190
2026-09-22,2026-09-22,0,Design,242,10:35:28.000,10:35:28.000,0,5590
2026-09-22,2026-09-22,0,Design,243,10:35:28.000,10:35:28.000,0,2990
2026-09-22,2026-09-22,0,Design,244,10:35:28.000,10:35:30.000,2,3900
2026-09-22,2026-09-22,0,Design,245,10:35:30.000,10:35:46.000,16,2795
2026-09-22,2026-09-22,0,Design,246,10:35:46.000,10:35:53.000,7,3380
2026-09-22,2026-09-22,0,Design,247,10:35:53.000,10:36:01.000,8,4875
2026-09-22,2026-09-22,0,Design,248,10:36:01.000,10:36:05.000,4,2600
2026-09-22,2026-09-22,0,Design,249,10:36:05.000,10:36:53.000,48,2600
2026-09-22,2026-09-22,0,Design,250,10:36:53.000,10:37:34.000,41,2665
2026-09-22,2026-09-22,0,Design,251,10:37:34.000,10:38:09.000,35,2600
2026-09-22,2026-09-22,0,Design,252,10:38:09.000,10:38:49.000,40,2600
2026-09-22,2026-09-22,0,Design,253,10:38:49.000,10:39:17.000,28,2925
2026-09-22,2026-09-22,0,Design,254,10:39:17.000,10:39:27.000,10,4030
2026-09-22,2026-09-22,0,Design,255,10:39:27.000,10:39:42.000,15,3120
2026-09-22,2026-09-22,0,Design,256,10:39:42.000,10:39:56.000,14,3315
2026-09-22,2026-09-22,0,Design,257,10:39:56.000,10:40:02.000,6,3705
2026-09-22,2026-09-22,0,Design,258,10:40:02.000,10:40:10.000,8,2925
2026-09-22,2026-09-22,0,Design,259,10:40:10.000,10:40:25.000,15,3315
2026-09-22,2026-09-22,0,Design,260,10:40:25.000,10:40:34.000,9,2665
2026-09-22,2026-09-22,0,Design,261,10:40:34.000,10:40:47.000,13,3705
2026-09-22,2026-09-22,0,Design,262,10:40:47.000,10:40:55.000,8,2665
2026-09-22,2026-09-22,0,Design,263,10:40:55.000,10:41:45.000,50,3185
2026-09-22,2026-09-22,0,Design,264,10:41:45.000,10:41:55.000,10,11570
2026-09-22,2026-09-22,0,Design,265,10:41:55.000,10:41:55.000,0,8970
2026-09-22,2026-09-22,0,Design,266,10:41:56.000,10:41:56.000,0,6370
2026-09-22,2026-09-22,0,Design,267,10:41:56.000,10:41:56.000,0,3770
2026-09-22,2026-09-22,0,Design,268,10:41:57.000,10:42:00.000,3,3510
2026-09-22,2026-09-22,0,Design,269,10:42:00.000,10:42:03.000,3,10660
2026-09-22,2026-09-22,0,Design,270,10:42:03.000,10:42:03.000,0,8060
2026-09-22,2026-09-22,0,Design,271,10:42:04.000,10:42:04.000,0,5460
2026-09-22,2026-09-22,0,Design,272,10:42:04.000,10:42:04.000,0,2860
2026-09-22,2026-09-22,0,Design,273,10:42:05.000,10:42:10.000,5,3315
2026-09-22,2026-09-22,0,Design,274,10:42:10.000,10:42:18.000,8,3315
2026-09-22,2026-09-22,0,Design,275,10:42:18.000,10:42:23.000,5,19695
2026-09-22,2026-09-22,0,Design,276,10:42:23.000,10:42:23.000,0,17095
2026-09-22,2026-09-22,0,Design,277,10:42:24.000,10:42:24.000,0,14495
2026-09-22,2026-09-22,0,Design,278,10:42:24.000,10:42:24.000,0,11895
2026-09-22,2026-09-22,0,Design,279,10:42:25.000,10:42:25.000,0,9295
2026-09-22,2026-09-22,0,Design,280,10:42:25.000,10:42:25.000,0,6695
2026-09-22,2026-09-22,0,Design,281,10:42:25.000,10:42:25.000,0,4225
2026-09-22,2026-09-22,0,Design,282,10:42:25.000,10:42:30.000,5,2990
2026-09-22,2026-09-22,0,Design,283,10:42:30.000,10:42:33.000,3,4030
2026-09-22,2026-09-22,0,Design,284,10:42:33.000,10:42:55.000,22,3835
2026-09-22,2026-09-22,0,Design,285,10:42:55.000,10:42:58.000,3,3705
2026-09-22,2026-09-22,0,Design,286,10:42:58.000,10:43:13.000,15,2795
2026-09-22,2026-09-22,0,Design,287,10:43:13.000,10:43:30.000,17,2730
2026-09-22,2026-09-22,0,Design,288,10:43:30.000,10:43:53.000,23,4290
2026-09-22,2026-09-22,0,Design,289,10:43:53.000,10:44:06.000,13,3640
2026-09-22,2026-09-22,0,Design,290,10:44:06.000,10:44:18.000,12,5915
2026-09-22,2026-09-22,0,Design,291,10:44:18.000,10:44:18.000,0,3315
2026-09-22,2026-09-22,0,Design,292,10:44:19.000,10:44:28.000,9,2665
2026-09-22,2026-09-22,0,Design,293,10:44:28.000,10:44:46.000,18,2795
2026-09-22,2026-09-22,0,Design,294,10:44:46.000,10:44:56.000,10,5265
2026-09-22,2026-09-22,0,Design,295,10:44:56.000,10:44:56.000,0,2665
2026-09-22,2026-09-22,0,Design,296,10:44:57.000,10:45:08.000,11,2860
2026-09-22,2026-09-22,0,Design,297,10:45:08.000,10:45:14.000,6,2860
2026-09-22,2026-09-22,0,Design,298,10:45:14.000,10:45:23.000,9,2990
2026-09-22,2026-09-22,0,Design,299,10:45:23.000,10:45:28.000,5,2730
2026-09-22,2026-09-22,0,Design,300,10:45:28.000,10:45:33.000,5,2600
2026-09-22,2026-09-22,0,Design,301,10:45:33.000,10:45:43.000,10,3055
2026-09-22,2026-09-22,0,Design,302,10:45:43.000,10:45:51.000,8,3965
2026-09-22,2026-09-22,0,Design,303,10:45:51.000,10:46:01.000,10,2730
2026-09-22,2026-09-22,0,Design,304,10:46:01.000,10:46:08.000,7,3640
2026-09-22,2026-09-22,0,Design,305,10:46:08.000,10:46:26.000,18,2600
2026-09-22,2026-09-22,0,Design,306,10:46:26.000,10:46:39.000,13,2600
2026-09-22,2026-09-22,0,Design,307,10:46:39.000,10:47:18.000,39,2860
2026-09-22,2026-09-22,0,Design,308,10:47:18.000,10:47:28.000,10,4680
2026-09-22,2026-09-22,0,Design,309,10:47:28.000,10:47:44.000,16,2665
2026-09-22,2026-09-22,0,Design,310,10:47:44.000,10:48:01.000,17,2600
2026-09-22,2026-09-22,0,Design,311,10:48:01.000,10:48:16.000,15,5590
2026-09-22,2026-09-22,0,Design,312,10:48:16.000,10:48:16.000,0,2990
2026-09-22,2026-09-22,0,Design,313,10:48:16.000,10:48:32.000,16,2600
2026-09-22,2026-09-22,0,Design,314,10:48:32.000,10:48:51.000,19,2990
2026-09-22,2026-09-22,0,Design,315,10:48:51.000,10:49:45.000,54,3770
2026-09-22,2026-09-22,0,Design,316,10:49:45.000,10:50:02.000,17,2665
2026-09-22,2026-09-22,0,Design,317,10:50:02.000,10:50:45.000,43,4290
2026-09-22,2026-09-22,0,Design,318,10:50:45.000,10:50:47.000,2,3835
2026-09-22,2026-09-22,0,Design,319,10:50:47.000,10:50:49.000,2,4745
2026-09-22,2026-09-22,0,Design,320,10:50:49.000,10:50:54.000,5,2665
2026-09-22,2026-09-22,0,Design,321,10:50:54.000,10:51:15.000,21,3315
2026-09-22,2026-09-22,0,Design,322,10:51:15.000,10:51:32.000,17,2665
2026-09-22,2026-09-22,0,Design,323,10:51:32.000,10:52:05.000,33,2600
2026-09-22,2026-09-22,0,Design,324,10:52:05.000,10:52:23.000,18,2600
2026-09-22,2026-09-22,0,Design,325,10:52:23.000,10:52:38.000,15,2730
2026-09-22,2026-09-22,0,Design,326,10:52:38.000,10:52:53.000,15,2600
2026-09-22,2026-09-22,0,Design,327,10:52:53.000,10:53:10.000,17,2665
2026-09-22,2026-09-22,0,Design,328,10:53:10.000,10:53:31.000,21,2795
2026-09-22,2026-09-22,0,Design,329,10:53:31.000,10:53:56.000,25,2600
2026-09-22,2026-09-22,0,Design,330,10:53:56.000,10:54:25.000,29,2600
2026-09-22,2026-09-22,0,Design,331,10:54:25.000,10:54:51.000,26,2600
2026-09-22,2026-09-22,0,Design,332,10:54:51.000,10:55:31.000,40,2665
2026-09-22,2026-09-22,0,Design,333,10:55:31.000,10:55:51.000,20,3835
2026-09-22,2026-09-22,0,Design,334,10:55:51.000,10:55:56.000,5,3315
2026-09-22,2026-09-22,0,Design,335,10:55:56.000,10:56:04.000,8,2860
2026-09-22,2026-09-22,0,Design,336,10:56:04.000,10:56:25.000,21,2860
2026-09-22,2026-09-22,0,Design,337,10:56:25.000,10:56:42.000,17,3315
2026-09-22,2026-09-22,0,Design,338,10:56:42.000,10:56:58.000,16,4160
2026-09-22,2026-09-22,0,Design,339,10:56:58.000,10:57:06.000,8,2665
2026-09-22,2026-09-22,0,Design,340,10:57:06.000,10:57:45.000,39,2600
2026-09-22,2026-09-22,0,Design,341,10:57:45.000,10:58:03.000,18,2600
2026-09-22,2026-09-22,0,Design,342,10:58:03.000,10:58:22.000,19,3185
2026-09-22,2026-09-22,0,Design,343,10:58:22.000,10:58:43.000,21,2925
2026-09-22,2026-09-22,0,Design,344,10:58:43.000,10:59:14.000,31,2860
2026-09-22,2026-09-22,0,Design,345,10:59:14.000,10:59:38.000,24,2795
2026-09-22,2026-09-22,0,Design,346,10:59:38.000,10:59:52.000,14,2600
2026-09-22,2026-09-22,0,Design,347,10:59:52.000,11:00:14.000,22,3055
2026-09-22,2026-09-22,0,Design,348,11:00:14.000,11:00:22.000,8,3120
2026-09-22,2026-09-22,0,Design,349,11:00:22.000,11:00:32.000,10,2730
2026-09-22,2026-09-22,0,Design,350,11:00:32.000,11:00:54.000,22,2600
2026-09-22,2026-09-22,0,Design,351,11:00:54.000,11:01:08.000,14,2925
2026-09-22,2026-09-22,0,Design,352,11:01:08.000,11:01:29.000,21,2795
2026-09-22,2026-09-22,0,Design,353,11:01:29.000,11:01:56.000,27,2730
2026-09-22,2026-09-22,0,Design,354,11:01:56.000,11:03:02.000,66,2600
2026-09-22,2026-09-22,0,Design,355,11:03:02.000,11:04:05.000,63,2730
2026-09-22,2026-09-22,0,Design,356,11:04:05.000,11:05:14.000,69,2600
2026-09-22,2026-09-22,0,Design,357,11:05:14.000,11:06:14.000,60,2600
2026-09-22,2026-09-22,0,Design,358,11:06:14.000,11:06:43.000,29,3575
2026-09-22,2026-09-22,0,Design,359,11:06:43.000,11:06:59.000,16,2600
2026-09-22,2026-09-22,0,Design,360,11:06:59.000,11:07:36.000,37,2600
2026-09-22,2026-09-22,0,Design,361,11:07:36.000,11:08:08.000,32,2665
2026-09-22,2026-09-22,0,Design,362,11:08:08.000,11:09:31.000,83,2600
2026-09-22,2026-09-22,0,Design,363,11:09:31.000,11:10:01.000,30,3185
2026-09-22,2026-09-22,0,Design,364,11:10:01.000,11:10:55.000,54,2925
2026-09-22,2026-09-22,0,Design,365,11:10:55.000,11:12:15.000,80,2600
2026-09-22,2026-09-22,0,Design,366,11:12:15.000,11:12:52.000,37,2795
2026-09-22,2026-09-22,0,Design,367,11:12:52.000,11:13:30.000,38,2665
2026-09-22,2026-09-22,0,Design,368,11:13:30.000,11:14:23.000,53,2665
2026-09-22,2026-09-22,0,Design,369,11:14:23.000,11:15:49.000,86,2665
2026-09-22,2026-09-22,0,Design,370,11:15:49.000,11:16:55.000,66,3055
2026-09-22,2026-09-22,0,Design,371,11:16:55.000,11:17:43.000,48,3900
2026-09-22,2026-09-22,0,Design,372,11:17:43.000,11:17:46.000,3,2600
2026-09-22,2026-09-22,0,Design,373,11:17:46.000,11:18:13.000,27,3120
2026-09-22,2026-09-22,0,Design,374,11:18:13.000,11:18:28.000,15,2925
2026-09-22,2026-09-22,0,Design,375,11:18:28.000,11:19:02.000,34,2665
2026-09-22,2026-09-22,0,Design,376,11:19:02.000,11:19:27.000,25,3705
2026-09-22,2026-09-22,0,Design,377,11:19:27.000,11:20:16.000,49,2600
2026-09-22,2026-09-22,0,Design,378,11:20:16.000,11:21:50.000,94,2600
2026-09-22,2026-09-22,0,Design,379,11:21:50.000,11:23:02.000,72,2990
2026-09-22,2026-09-22,0,Design,380,11:23:02.000,11:23:46.000,44,2600
2026-09-22,2026-09-22,0,Design,381,11:23:46.000,11:24:46.000,60,2600
2026-09-22,2026-09-22,0,Design,382,11:24:46.000,11:25:40.000,54,2730
2026-09-22,2026-09-22,0,Design,383,11:25:40.000,11:26:38.000,58,2600
2026-09-22,2026-09-22,0,Design,384,11:26:38.000,11:27:50.000,72,5525
2026-09-22,2026-09-22,0,Design,385,11:27:50.000,11:27:50.000,0,2925
2026-09-22,2026-09-22,0,Design,386,11:27:51.000,11:28:28.000,37,2795
2026-09-22,2026-09-22,0,Design,387,11:28:28.000,11:29:13.000,45,2665
2026-09-22,2026-09-22,0,Design,388,11:29:13.000,11:30:05.000,52,2990
2026-09-22,2026-09-22,0,Design,389,11:30:05.000,11:30:23.000,18,2665
2026-09-22,2026-09-22,0,Design,390,11:30:23.000,11:31:14.000,51,3380
2026-09-22,2026-09-22,0,Design,391,11:31:14.000,11:32:17.000,63,2665
2026-09-22,2026-09-22,0,Design,392,11:32:17.000,11:33:48.000,91,2730
2026-09-22,2026-09-22,0,Design,393,11:33:48.000,11:35:06.000,78,2730
2026-09-22,2026-09-22,0,Design,394,11:35:06.000,11:36:05.000,59,2600
2026-09-22,2026-09-22,0,Design,395,11:36:05.000,11:36:25.000,20,3250
2026-09-22,2026-09-22,0,Design,396,11:36:25.000,11:38:00.000,95,3965
2026-09-22,2026-09-22,0,Design,397,11:38:00.000,11:39:27.000,87,2600
2026-09-22,2026-09-22,0,Design,398,11:39:27.000,11:39:45.000,18,2665
2026-09-22,2026-09-22,0,Design,399,11:39:45.000,11:39:50.000,5,2795
2026-09-22,2026-09-22,0,Design,400,11:39:50.000,11:42:23.000,153,3250
2026-09-22,2026-09-22,0,Design,401,11:42:23.000,11:43:36.000,73,2600
2026-09-22,2026-09-22,0,Design,402,11:43:36.000,11:44:58.000,82,2600
2026-09-22,2026-09-22,0,Design,403,11:44:58.000,11:46:10.000,72,3250
2026-09-22,2026-09-22,0,Design,404,11:46:10.000,11:46:13.000,3,3380
2026-09-22,2026-09-22,0,Design,405,11:46:13.000,11:46:31.000,18,2860
2026-09-22,2026-09-22,0,Design,406,11:46:31.000,11:46:36.000,5,17095
2026-09-22,2026-09-22,0,Design,407,11:46:36.000,11:46:36.000,0,14495
2026-09-22,2026-09-22,0,Design,408,11:46:37.000,11:46:37.000,0,11895
2026-09-22,2026-09-22,0,Design,409,11:46:37.000,11:46:37.000,0,9295
2026-09-22,2026-09-22,0,Design,410,11:46:38.000,11:46:38.000,0,6890
2026-09-22,2026-09-22,0,Design,411,11:46:38.000,11:46:38.000,0,4290
2026-09-22,2026-09-22,0,Design,412,11:46:38.000,11:46:39.000,1,3575
2026-09-22,2026-09-22,0,Design,413,11:46:39.000,11:46:44.000,5,3640
2026-09-22,2026-09-22,0,Design,414,11:46:44.000,11:46:46.000,2,3965
2026-09-22,2026-09-22,0,Design,415,11:46:46.000,11:46:49.000,3,3575
2026-09-22,2026-09-22,0,Design,416,11:46:49.000,11:47:03.000,14,2860
2026-09-22,2026-09-22,0,Design,417,11:47:03.000,11:47:09.000,6,8970
2026-09-22,2026-09-22,0,Design,418,11:47:09.000,11:47:09.000,0,6370
2026-09-22,2026-09-22,0,Design,419,11:47:10.000,11:47:10.000,0,3770
2026-09-22,2026-09-22,0,Design,420,11:47:10.000,11:47:21.000,11,2925
2026-09-22,2026-09-22,0,Design,421,11:47:21.000,11:47:32.000,11,2665
2026-09-22,2026-09-22,0,Design,422,11:47:32.000,11:48:39.000,67,2600
2026-09-22,2026-09-22,0,Design,423,11:48:39.000,11:49:03.000,24,2600
2026-09-22,2026-09-22,0,Design,424,11:49:03.000,11:50:10.000,67,2600
2026-09-22,2026-09-22,0,Design,425,11:50:10.000,11:51:04.000,54,3770
2026-09-22,2026-09-22,0,Design,426,11:51:04.000,11:51:07.000,3,3055
2026-09-22,2026-09-22,0,Design,427,11:51:07.000,11:51:30.000,23,3965
2026-09-22,2026-09-22,0,Design,428,11:51:30.000,11:51:32.000,2,5850
2026-09-22,2026-09-22,0,Design,429,11:51:32.000,11:51:32.000,0,3250
2026-09-22,2026-09-22,0,Design,430,11:51:33.000,11:52:13.000,40,5915
2026-09-22,2026-09-22,0,Design,431,11:52:13.000,11:52:13.000,0,3315
2026-09-22,2026-09-22,0,Design,432,11:52:14.000,11:52:20.000,6,5785
2026-09-22,2026-09-22,0,Design,433,11:52:20.000,11:52:20.000,0,3185
2026-09-22,2026-09-22,0,Design,434,11:52:21.000,11:53:02.000,41,2600
2026-09-22,2026-09-22,0,Design,435,11:53:02.000,11:53:17.000,15,2925
2026-09-22,2026-09-22,0,Design,436,11:53:17.000,11:53:30.000,13,2600
2026-09-22,2026-09-22,0,Design,437,11:53:30.000,11:54:33.000,63,2600
2026-09-22,2026-09-22,0,Design,438,11:54:33.000,11:55:15.000,42,2990
2026-09-22,2026-09-22,0,Design,439,11:55:15.000,11:55:36.000,21,5395
2026-09-22,2026-09-22,0,Design,440,11:55:36.000,11:55:36.000,0,2795
2026-09-22,2026-09-22,0,Design,441,11:55:36.000,11:56:19.000,43,3185
2026-09-22,2026-09-22,0,Design,442,11:56:19.000,11:56:32.000,13,3575
2026-09-22,2026-09-22,0,Design,443,11:56:32.000,11:56:35.000,3,3120
2026-09-22,2026-09-22,0,Design,444,11:56:35.000,11:56:49.000,14,3120
2026-09-22,2026-09-22,0,Design,445,11:56:49.000,11:57:15.000,26,2600
2026-09-22,2026-09-22,0,Design,446,11:57:15.000,11:58:51.000,96,2600
2026-09-22,2026-09-22,0,Design,447,11:58:51.000,11:59:38.000,47,2860
2026-09-22,2026-09-22,0,Design,448,11:59:38.000,11:59:49.000,11,2925
2026-09-22,2026-09-22,0,Design,449,11:59:49.000,12:00:27.000,38,2925
2026-09-22,2026-09-22,0,Design,450,12:00:27.000,12:01:05.000,38,2600
2026-09-22,2026-09-22,0,Design,451,12:01:05.000,12:01:42.000,37,2665
2026-09-22,2026-09-22,0,Design,452,12:01:42.000,12:01:54.000,12,3900
2026-09-22,2026-09-22,0,Design,453,12:01:54.000,12:02:30.000,36,2600
2026-09-22,2026-09-22,0,Design,454,12:02:30.000,12:03:50.000,80,4030
2026-09-22,2026-09-22,0,Design,455,12:03:50.000,12:04:11.000,21,2665
2026-09-22,2026-09-22,0,Design,456,12:04:11.000,12:05:14.000,63,2730
2026-09-22,2026-09-22,0,Design,457,12:05:14.000,12:06:28.000,74,2795
2026-09-22,2026-09-22,0,Design,458,12:06:28.000,12:08:32.000,124,2665
2026-09-22,2026-09-22,0,Design,459,12:08:32.000,12:09:05.000,33,2600
2026-09-22,2026-09-22,0,Design,460,12:09:05.000,12:10:47.000,102,2795
2026-09-22,2026-09-22,0,Design,461,12:10:47.000,12:12:18.000,91,2600
2026-09-22,2026-09-22,0,Design,462,12:12:18.000,12:12:56.000,38,2730
2026-09-22,2026-09-22,0,Design,463,12:12:56.000,12:13:11.000,15,2665
2026-09-22,2026-09-22,0,Design,464,12:13:11.000,12:13:34.000,23,2665
2026-09-22,2026-09-22,0,Design,465,12:13:34.000,12:13:54.000,20,2730
2026-09-22,2026-09-22,0,Design,466,12:13:54.000,12:14:11.000,17,2600
2026-09-22,2026-09-22,0,Design,467,12:14:11.000,12:14:30.000,19,2990
2026-09-22,2026-09-22,0,Design,468,12:14:30.000,12:14:50.000,20,2665
2026-09-22,2026-09-22,0,Design,469,12:14:50.000,12:15:05.000,15,3965
2026-09-22,2026-09-22,0,Design,470,12:15:05.000,12:15:10.000,5,2795
2026-09-22,2026-09-22,0,Design,471,12:15:10.000,12:15:27.000,17,3705
2026-09-22,2026-09-22,0,Design,472,12:15:27.000,12:15:28.000,1,5980
2026-09-22,2026-09-22,0,Design,473,12:15:28.000,12:15:28.000,0,3380
2026-09-22,2026-09-22,0,Design,474,12:15:30.000,12:15:45.000,15,2990
2026-09-22,2026-09-22,0,Design,475,12:15:45.000,12:16:22.000,37,2730
2026-09-22,2026-09-22,0,Design,476,12:16:22.000,12:16:25.000,3,3445
2026-09-22,2026-09-22,0,Design,477,12:16:25.000,12:16:55.000,30,3185
2026-09-22,2026-09-22,0,Design,478,12:16:55.000,12:18:20.000,85,2795
2026-09-22,2026-09-22,0,Design,479,12:18:20.000,12:18:43.000,23,2600
2026-09-22,2026-09-22,0,Design,480,12:18:43.000,12:19:04.000,21,4875
2026-09-22,2026-09-22,0,Design,481,12:19:04.000,12:19:19.000,15,2600
2026-09-22,2026-09-22,0,Design,482,12:19:19.000,12:19:41.000,22,10725
2026-09-22,2026-09-22,0,Design,483,12:19:41.000,12:19:41.000,0,8125
2026-09-22,2026-09-22,0,Design,484,12:19:43.000,12:19:43.000,0,5525
2026-09-22,2026-09-22,0,Design,485,12:19:43.000,12:19:43.000,0,2925
2026-09-22,2026-09-22,0,Design,486,12:19:44.000,12:20:35.000,51,2600
2026-09-22,2026-09-22,0,Design,487,12:20:35.000,12:21:06.000,31,4420
2026-09-22,2026-09-22,0,Design,488,12:21:06.000,12:21:38.000,32,2665
2026-09-22,2026-09-22,0,Design,489,12:21:38.000,12:24:03.000,145,2600
2026-09-22,2026-09-22,0,Design,490,12:24:03.000,12:25:49.000,106,2925
2026-09-22,2026-09-22,0,Design,491,12:25:49.000,12:26:01.000,12,2990
2026-09-22,2026-09-22,0,Design,492,12:26:01.000,12:28:22.000,141,2665
2026-09-22,2026-09-22,0,Design,493,12:28:22.000,12:30:26.000,124,2925
2026-09-22,2026-09-22,0,Design,494,12:30:26.000,12:30:56.000,30,2730
2026-09-22,2026-09-22,0,Design,495,12:30:56.000,12:33:25.000,149,2600
2026-09-22,2026-09-22,0,Design,496,12:33:25.000,12:34:14.000,49,2730
2026-09-22,2026-09-22,0,Design,497,12:34:14.000,12:36:43.000,149,2730
2026-09-22,2026-09-22,0,Design,498,12:36:43.000,12:40:03.000,200,2600
2026-09-22,2026-09-22,0,Design,499,12:40:03.000,12:41:43.000,100,2665
2026-09-22,2026-09-22,0,Design,500,12:41:43.000,12:42:57.000,74,2600
2026-09-22,2026-09-22,0,Design,501,12:42:57.000,12:44:29.000,92,2600
2026-09-22,2026-09-22,0,Design,502,12:44:29.000,12:45:00.000,31,3120
2026-09-22,2026-09-22,0,Design,503,12:45:00.000,12:45:12.000,12,3835
2026-09-22,2026-09-22,0,Design,504,12:45:12.000,12:45:17.000,5,2795
2026-09-22,2026-09-22,0,Design,505,12:45:17.000,12:45:18.000,1,2860
2026-09-22,2026-09-22,0,Design,506,12:45:18.000,12:45:45.000,27,2925
2026-09-22,2026-09-22,0,Design,507,12:45:45.000,12:46:38.000,53,2730
2026-09-22,2026-09-22,0,Design,508,12:46:38.000,12:47:13.000,35,3185
2026-09-22,2026-09-22,0,Design,509,12:47:13.000,12:47:55.000,42,2665
2026-09-22,2026-09-22,0,Design,510,12:47:55.000,12:48:20.000,25,2665
2026-09-22,2026-09-22,0,Design,511,12:48:20.000,12:49:22.000,62,3640
2026-09-22,2026-09-22,0,Design,512,12:49:22.000,12:49:37.000,15,2600
2026-09-22,2026-09-22,0,Design,513,12:49:37.000,12:50:01.000,24,2990
2026-09-22,2026-09-22,0,Design,514,12:50:01.000,12:50:08.000,7,12025
2026-09-22,2026-09-22,0,Design,515,12:50:08.000,12:50:08.000,0,9425
2026-09-22,2026-09-22,0,Design,516,12:50:09.000,12:50:09.000,0,6825
2026-09-22,2026-09-22,0,Design,517,12:50:09.000,12:50:09.000,0,4225
2026-09-22,2026-09-22,0,Design,518,12:50:10.000,12:50:10.000,0,6695
2026-09-22,2026-09-22,0,Design,519,12:50:10.000,12:50:10.000,0,4095
2026-09-22,2026-09-22,0,Design,520,12:50:11.000,12:50:27.000,16,3315
2026-09-22,2026-09-22,0,Design,521,12:50:27.000,12:50:50.000,23,8905
2026-09-22,2026-09-22,0,Design,522,12:50:50.000,12:50:50.000,0,6305
2026-09-22,2026-09-22,0,Design,523,12:50:51.000,12:50:51.000,0,3705
2026-09-22,2026-09-22,0,Design,524,12:50:51.000,12:50:52.000,1,4290
2026-09-22,2026-09-22,0,Design,525,12:50:52.000,12:51:17.000,25,3120
2026-09-22,2026-09-22,0,Design,526,12:51:17.000,12:51:35.000,18,2600
2026-09-22,2026-09-22,0,Design,527,12:51:35.000,12:51:40.000,5,2665
2026-09-22,2026-09-22,0,Design,528,12:51:40.000,12:52:33.000,53,2795
2026-09-22,2026-09-22,0,Design,529,12:52:33.000,12:53:10.000,37,2665
2026-09-22,2026-09-22,0,Design,530,12:53:10.000,12:53:48.000,38,2730
2026-09-22,2026-09-22,0,Design,531,12:53:48.000,12:54:11.000,23,3120
2026-09-22,2026-09-22,0,Design,532,12:54:11.000,12:54:31.000,20,2730
2026-09-22,2026-09-22,0,Design,533,12:54:31.000,12:55:03.000,32,2795
2026-09-22,2026-09-22,0,Design,534,12:55:03.000,12:55:06.000,3,2925
2026-09-22,2026-09-22,0,Design,535,12:55:06.000,12:55:16.000,10,2730
2026-09-22,2026-09-22,0,Design,536,12:55:16.000,12:55:48.000,32,4290
2026-09-22,2026-09-22,0,Design,537,12:55:48.000,12:56:00.000,12,5070
2026-09-22,2026-09-22,0,Design,538,12:56:00.000,12:56:03.000,3,2860
2026-09-22,2026-09-22,0,Design,539,12:56:03.000,12:56:56.000,53,3250
2026-09-22,2026-09-22,0,Design,540,12:56:56.000,12:57:07.000,11,2990
2026-09-22,2026-09-22,0,Design,541,12:57:07.000,12:57:41.000,34,3705
2026-09-22,2026-09-22,0,Design,542,12:57:41.000,12:57:58.000,17,3120
2026-09-22,2026-09-22,0,Design,543,12:57:58.000,12:58:07.000,9,3185
2026-09-22,2026-09-22,0,Design,544,12:58:07.000,12:58:28.000,21,2730
2026-09-22,2026-09-22,0,Design,545,12:58:28.000,12:59:05.000,37,3380
2026-09-22,2026-09-22,0,Design,546,12:59:05.000,12:59:30.000,25,2730
2026-09-22,2026-09-22,0,Design,547,12:59:30.000,12:59:55.000,25,2600
2026-09-22,2026-09-22,0,Design,548,12:59:55.000,13:00:06.000,11,2665
2026-09-22,2026-09-22,0,Design,549,13:00:06.000,13:00:08.000,2,3315
2026-09-22,2026-09-22,0,Design,550,13:00:08.000,13:00:16.000,8,3510
2026-09-22,2026-09-22,0,Design,551,13:00:16.000,13:00:25.000,9,2795
2026-09-22,2026-09-22,0,Design,552,13:00:25.000,13:00:30.000,5,5980
2026-09-22,2026-09-22,0,Design,553,13:00:30.000,13:00:30.000,0,3380
2026-09-22,2026-09-22,0,Design,554,13:00:30.000,13:00:32.000,2,2860
2026-09-22,2026-09-22,0,Design,555,13:00:32.000,13:00:40.000,8,2990
2026-09-22,2026-09-22,0,Design,556,13:00:40.000,13:00:48.000,8,3055
2026-09-22,2026-09-22,0,Design,557,13:00:48.000,13:01:08.000,20,5655
2026-09-22,2026-09-22,0,Design,558,13:01:08.000,13:01:08.000,0,3055
2026-09-22,2026-09-22,0,Design,559,13:01:09.000,13:01:19.000,10,2860
2026-09-22,2026-09-22,0,Design,560,13:01:19.000,13:01:37.000,18,2860
2026-09-22,2026-09-22,0,Design,561,13:01:37.000,13:01:40.000,3,2600
2026-09-22,2026-09-22,0,Design,562,13:01:40.000,13:01:44.000,4,4615
2026-09-22,2026-09-22,0,Design,563,13:01:44.000,13:01:45.000,1,3055
2026-09-22,2026-09-22,0,Design,564,13:01:45.000,13:01:55.000,10,2925
2026-09-22,2026-09-22,0,Design,565,13:01:55.000,13:02:00.000,5,2600
2026-09-22,2026-09-22,0,Design,566,13:02:00.000,13:02:18.000,18,2600
2026-09-22,2026-09-22,0,Design,567,13:02:18.000,13:02:43.000,25,2600
2026-09-22,2026-09-22,0,Design,568,13:02:43.000,13:02:54.000,11,2600
2026-09-22,2026-09-22,0,Design,569,13:02:54.000,13:03:01.000,7,2860
2026-09-22,2026-09-22,0,Design,570,13:03:01.000,13:03:09.000,8,3250
2026-09-22,2026-09-22,0,Design,571,13:03:09.000,13:03:20.000,11,2730
2026-09-22,2026-09-22,0,Design,572,13:03:20.000,13:03:35.000,15,3185
2026-09-22,2026-09-22,0,Design,573,13:03:35.000,13:03:41.000,6,2600
2026-09-22,2026-09-22,0,Design,574,13:03:41.000,13:03:51.000,10,3120
2026-09-22,2026-09-22,0,Design,575,13:03:51.000,13:04:01.000,10,4030
2026-09-22,2026-09-22,0,Design,576,13:04:01.000,13:04:08.000,7,2665
2026-09-22,2026-09-22,0,Design,577,13:04:08.000,13:04:34.000,26,3380
2026-09-22,2026-09-22,0,Design,578,13:04:34.000,13:04:45.000,11,2730
2026-09-22,2026-09-22,0,Design,579,13:04:45.000,13:05:16.000,31,2600
2026-09-22,2026-09-22,0,Design,580,13:05:16.000,13:05:21.000,5,3055
2026-09-22,2026-09-22,0,Design,581,13:05:21.000,13:05:29.000,8,3445
2026-09-22,2026-09-22,0,Design,582,13:05:29.000,13:06:07.000,38,2600
2026-09-22,2026-09-22,0,Design,583,13:06:07.000,13:06:28.000,21,2990
2026-09-22,2026-09-22,0,Design,584,13:06:28.000,13:06:34.000,6,2600
2026-09-22,2026-09-22,0,Design,585,13:06:34.000,13:07:05.000,31,2665
2026-09-22,2026-09-22,0,Design,586,13:07:05.000,13:07:29.000,24,2925
2026-09-22,2026-09-22,0,Design,587,13:07:29.000,13:08:02.000,33,2860
2026-09-22,2026-09-22,0,Design,588,13:08:02.000,13:08:10.000,8,3705
2026-09-22,2026-09-22,0,Design,589,13:08:10.000,13:08:31.000,21,3575
2026-09-22,2026-09-22,0,Design,590,13:08:31.000,13:09:08.000,37,2730
2026-09-22,2026-09-22,0,Design,591,13:09:08.000,13:10:04.000,56,4810
2026-09-22,2026-09-22,0,Design,592,13:10:04.000,13:10:09.000,5,4030
2026-09-22,2026-09-22,0,Design,593,13:10:09.000,13:10:34.000,25,4160
2026-09-22,2026-09-22,0,Design,594,13:10:34.000,13:10:43.000,9,3445
2026-09-22,2026-09-22,0,Design,595,13:10:43.000,13:11:07.000,24,2600
2026-09-22,2026-09-22,0,Design,596,13:11:07.000,13:11:44.000,37,2665
2026-09-22,2026-09-22,0,Design,597,13:11:44.000,13:11:59.000,15,4355
2026-09-22,2026-09-22,0,Design,598,13:11:59.000,13:12:50.000,51,2795
2026-09-22,2026-09-22,0,Design,599,13:12:50.000,13:13:32.000,42,2860
2026-09-22,2026-09-22,0,Design,600,13:13:32.000,13:14:00.000,28,3055
2026-09-22,2026-09-22,0,Design,601,13:14:00.000,13:14:52.000,52,3120
2026-09-22,2026-09-22,0,Design,602,13:14:52.000,13:15:29.000,37,2600
2026-09-22,2026-09-22,0,Design,603,13:15:29.000,13:16:10.000,41,2600
2026-09-22,2026-09-22,0,Design,604,13:16:10.000,13:16:26.000,16,3250
2026-09-22,2026-09-22,0,Design,605,13:16:26.000,13:16:42.000,16,2600
2026-09-22,2026-09-22,0,Design,606,13:16:42.000,13:17:18.000,36,2600
2026-09-22,2026-09-22,0,Design,607,13:17:18.000,13:17:54.000,36,2665
2026-09-22,2026-09-22,0,Design,608,13:17:54.000,13:18:37.000,43,2925
2026-09-22,2026-09-22,0,Design,609,13:18:37.000,13:19:37.000,60,2600
2026-09-22,2026-09-22,0,Design,610,13:19:37.000,13:20:30.000,53,2925
2026-09-22,2026-09-22,0,Design,611,13:20:30.000,13:21:05.000,35,2925
2026-09-22,2026-09-22,0,Design,612,13:21:05.000,13:22:09.000,64,2665
2026-09-22,2026-09-22,0,Design,613,13:22:09.000,13:22:58.000,49,2925
2026-09-22,2026-09-22,0,Design,614,13:22:58.000,13:23:59.000,61,3120
2026-09-22,2026-09-22,0,Design,615,13:23:59.000,13:24:46.000,47,2795
2026-09-22,2026-09-22,0,Design,616,13:24:46.000,13:25:32.000,46,2600
2026-09-22,2026-09-22,0,Design,617,13:25:32.000,13:26:38.000,66,3120
2026-09-22,2026-09-22,0,Design,618,13:26:38.000,13:27:00.000,22,3380
2026-09-22,2026-09-22,0,Design,619,13:27:00.000,13:28:20.000,80,2600
2026-09-22,2026-09-22,0,Design,620,13:28:20.000,13:29:18.000,58,2925
2026-09-22,2026-09-22,0,Design,621,13:29:18.000,13:30:13.000,55,3055
2026-09-22,2026-09-22,0,Design,622,13:30:13.000,13:31:32.000,79,2665
2026-09-22,2026-09-22,0,Design,623,13:31:32.000,13:32:38.000,66,2600
2026-09-22,2026-09-22,0,Design,624,13:32:38.000,13:33:36.000,58,2600
2026-09-22,2026-09-22,0,Design,625,13:33:36.000,13:35:03.000,87,4290
2026-09-22,2026-09-22,0,Design,626,13:35:03.000,13:35:51.000,48,2665
2026-09-22,2026-09-22,0,Design,627,13:35:51.000,13:38:27.000,156,2860
2026-09-22,2026-09-22,0,Design,628,13:38:27.000,13:38:52.000,25,2665
2026-09-22,2026-09-22,0,Design,629,13:38:52.000,13:40:43.000,111,3250
2026-09-22,2026-09-22,0,Design,630,13:40:43.000,13:41:42.000,59,2600
2026-09-22,2026-09-22,0,Design,631,13:41:42.000,13:42:24.000,42,3055
2026-09-22,2026-09-22,0,Design,632,13:42:24.000,13:42:32.000,8,2795
2026-09-22,2026-09-22,0,Design,633,13:42:32.000,13:43:01.000,29,3250
2026-09-22,2026-09-22,0,Design,634,13:43:01.000,13:43:48.000,47,3250
2026-09-22,2026-09-22,0,Design,635,13:43:48.000,13:44:41.000,53,2730
2026-09-22,2026-09-22,0,Design,636,13:44:41.000,13:45:04.000,23,2665
2026-09-22,2026-09-22,0,Design,637,13:45:04.000,13:45:55.000,51,3250
2026-09-22,2026-09-22,0,Design,638,13:45:55.000,13:46:33.000,38,2600
2026-09-22,2026-09-22,0,Design,639,13:46:33.000,13:47:52.000,79,2925
2026-09-22,2026-09-22,0,Design,640,13:47:52.000,13:48:25.000,33,2730
2026-09-22,2026-09-22,0,Design,641,13:48:25.000,13:49:00.000,35,7540
2026-09-22,2026-09-22,0,Design,642,13:49:00.000,13:49:00.000,0,4940
2026-09-22,2026-09-22,0,Design,643,13:49:01.000,13:49:02.000,1,5785
2026-09-22,2026-09-22,0,Design,644,13:49:02.000,13:49:02.000,0,3185
2026-09-22,2026-09-22,0,Design,645,13:49:04.000,13:49:05.000,1,3445
2026-09-22,2026-09-22,0,Design,646,13:49:05.000,13:49:56.000,51,2600
2026-09-22,2026-09-22,0,Design,647,13:49:56.000,13:50:20.000,24,3250
2026-09-22,2026-09-22,0,Design,648,13:50:20.000,13:50:43.000,23,2600
2026-09-22,2026-09-22,0,Design,649,13:50:43.000,13:51:09.000,26,2860
2026-09-22,2026-09-22,0,Design,650,13:51:09.000,13:51:43.000,34,6630
2026-09-22,2026-09-22,0,Design,651,13:51:43.000,13:51:43.000,0,4030
2026-09-22,2026-09-22,0,Design,652,13:51:43.000,13:52:02.000,19,3965
2026-09-22,2026-09-22,0,Design,653,13:52:02.000,13:52:35.000,33,2730
2026-09-22,2026-09-22,0,Design,654,13:52:35.000,13:52:40.000,5,6240
2026-09-22,2026-09-22,0,Design,655,13:52:40.000,13:52:40.000,0,3640
2026-09-22,2026-09-22,0,Design,656,13:52:41.000,13:53:38.000,57,2730
2026-09-22,2026-09-22,0,Design,657,13:53:38.000,13:53:50.000,12,9815
2026-09-22,2026-09-22,0,Design,658,13:53:50.000,13:53:50.000,0,7215
2026-09-22,2026-09-22,0,Design,659,13:53:51.000,13:53:51.000,0,4615
2026-09-22,2026-09-22,0,Design,660,13:53:51.000,13:53:52.000,1,3965
2026-09-22,2026-09-22,0,Design,661,13:53:52.000,13:54:02.000,10,2860
2026-09-22,2026-09-22,0,Design,662,13:54:02.000,13:54:11.000,9,4290
2026-09-22,2026-09-22,0,Design,663,13:54:11.000,13:54:15.000,4,3055
2026-09-22,2026-09-22,0,Design,664,13:54:15.000,13:54:35.000,20,2600
2026-09-22,2026-09-22,0,Design,665,13:54:35.000,13:54:47.000,12,5070
2026-09-22,2026-09-22,0,Design,666,13:54:47.000,13:54:48.000,1,5720
2026-09-22,2026-09-22,0,Design,667,13:54:48.000,13:54:48.000,0,3120
2026-09-22,2026-09-22,0,Design,668,13:54:50.000,13:55:25.000,35,3120
2026-09-22,2026-09-22,0,Design,669,13:55:25.000,13:55:53.000,28,2600
2026-09-22,2026-09-22,0,Design,670,13:55:53.000,13:56:08.000,15,2925
2026-09-22,2026-09-22,0,Design,671,13:56:08.000,13:56:48.000,40,2600
2026-09-22,2026-09-22,0,Design,672,13:56:48.000,13:57:11.000,23,2925
2026-09-22,2026-09-22,0,Design,673,13:57:11.000,13:57:52.000,41,2990
2026-09-22,2026-09-22,0,Design,674,13:57:52.000,13:58:27.000,35,2925
2026-09-22,2026-09-22,0,Design,675,13:58:27.000,13:59:20.000,53,2860
2026-09-22,2026-09-22,0,Design,676,13:59:20.000,14:00:00.000,40,3965
2026-09-22,2026-09-22,0,Design,677,14:00:00.000,14:00:08.000,8,2860
2026-09-22,2026-09-22,0,Design,678,14:00:08.000,14:00:13.000,5,2925
2026-09-22,2026-09-22,0,Design,679,14:00:13.000,14:00:18.000,5,5655
2026-09-22,2026-09-22,0,Design,680,14:00:18.000,14:00:18.000,0,3055
2026-09-22,2026-09-22,0,Design,681,14:00:19.000,14:00:25.000,6,2990
2026-09-22,2026-09-22,0,Design,682,14:00:25.000,14:00:26.000,1,5265
2026-09-22,2026-09-22,0,Design,683,14:00:26.000,14:00:26.000,0,2665
2026-09-22,2026-09-22,0,Design,684,14:00:27.000,14:00:35.000,8,4225
2026-09-22,2026-09-22,0,Design,685,14:00:35.000,14:00:38.000,3,3445
2026-09-22,2026-09-22,0,Design,686,14:00:38.000,14:01:01.000,23,2730
2026-09-22,2026-09-22,0,Design,687,14:01:01.000,14:01:16.000,15,3510
2026-09-22,2026-09-22,0,Design,688,14:01:16.000,14:01:46.000,30,2860
2026-09-22,2026-09-22,0,Design,689,14:01:46.000,14:02:31.000,45,2665
2026-09-22,2026-09-22,0,Design,690,14:02:31.000,14:03:27.000,56,2665
2026-09-22,2026-09-22,0,Design,691,14:03:27.000,14:04:17.000,50,2990
2026-09-22,2026-09-22,0,Design,692,14:04:17.000,14:05:06.000,49,3380
2026-09-22,2026-09-22,0,Design,693,14:05:06.000,14:05:34.000,28,3315
2026-09-22,2026-09-22,0,Design,694,14:05:34.000,14:06:10.000,36,2600
2026-09-22,2026-09-22,0,Design,695,14:06:10.000,14:07:24.000,74,2925
2026-09-22,2026-09-22,0,Design,696,14:07:24.000,14:08:05.000,41,5135
2026-09-22,2026-09-22,0,Design,697,14:08:05.000,14:08:07.000,2,2730
2026-09-22,2026-09-22,0,Design,698,14:08:07.000,14:08:46.000,39,2925
2026-09-22,2026-09-22,0,Design,699,14:08:46.000,14:09:18.000,32,2600
2026-09-22,2026-09-22,0,Design,700,14:09:18.000,14:09:47.000,29,2600
2026-09-22,2026-09-22,0,Design,701,14:09:47.000,14:10:06.000,19,3185
2026-09-22,2026-09-22,0,Design,702,14:10:06.000,14:10:37.000,31,2600
2026-09-22,2026-09-22,0,Design,703,14:10:37.000,14:11:00.000,23,2665
2026-09-22,2026-09-22,0,Design,704,14:11:00.000,14:11:27.000,27,2600
2026-09-22,2026-09-22,0,Design,705,14:11:27.000,14:11:52.000,25,2860
2026-09-22,2026-09-22,0,Design,706,14:11:52.000,14:12:23.000,31,2600
2026-09-22,2026-09-22,0,Design,707,14:12:23.000,14:12:53.000,30,2860
2026-09-22,2026-09-22,0,Design,708,14:12:53.000,14:12:56.000,3,3575
2026-09-22,2026-09-22,0,Design,709,14:12:56.000,14:13:08.000,12,2600
2026-09-22,2026-09-22,0,Design,710,14:13:08.000,14:13:40.000,32,2600
2026-09-22,2026-09-22,0,Design,711,14:13:40.000,14:14:01.000,21,14300
2026-09-22,2026-09-22,0,Design,712,14:14:01.000,14:14:01.000,0,11700
2026-09-22,2026-09-22,0,Design,713,14:14:02.000,14:14:02.000,0,9100
2026-09-22,2026-09-22,0,Design,714,14:14:02.000,14:14:02.000,0,6500
2026-09-22,2026-09-22,0,Design,715,14:14:03.000,14:14:03.000,0,4225
2026-09-22,2026-09-22,0,Design,716,14:14:03.000,14:14:18.000,15,2730
2026-09-22,2026-09-22,0,Design,717,14:14:18.000,14:14:34.000,16,2730
2026-09-22,2026-09-22,0,Design,718,14:14:34.000,14:14:43.000,9,2730
2026-09-22,2026-09-22,0,Design,719,14:14:43.000,14:14:49.000,6,3055
2026-09-22,2026-09-22,0,Design,720,14:14:49.000,14:14:51.000,2,3380
2026-09-22,2026-09-22,0,Design,721,14:14:51.000,14:14:53.000,2,2795
2026-09-22,2026-09-22,0,Design,722,14:14:53.000,14:14:54.000,1,9620
2026-09-22,2026-09-22,0,Design,723,14:14:54.000,14:14:54.000,0,7020
2026-09-22,2026-09-22,0,Design,724,14:14:55.000,14:14:55.000,0,4420
2026-09-22,2026-09-22,0,Design,725,14:14:55.000,14:14:56.000,1,2665
2026-09-22,2026-09-22,0,Design,726,14:14:56.000,14:15:01.000,5,6435
2026-09-22,2026-09-22,0,Design,727,14:15:01.000,14:15:01.000,0,3835
2026-09-22,2026-09-22,0,Design,728,14:15:01.000,14:15:03.000,2,4095
2026-09-22,2026-09-22,0,Design,729,14:15:03.000,14:15:04.000,1,4745
2026-09-22,2026-09-22,0,Design,730,14:15:04.000,14:15:06.000,2,3900
2026-09-22,2026-09-22,0,Design,731,14:15:06.000,14:15:09.000,3,3900
2026-09-22,2026-09-22,0,Design,732,14:15:09.000,14:15:13.000,4,3510
2026-09-22,2026-09-22,0,Design,733,14:15:13.000,14:15:18.000,5,3510
2026-09-22,2026-09-22,0,Design,734,14:15:18.000,14:15:19.000,1,3445
2026-09-22,2026-09-22,0,Design,735,14:15:19.000,14:15:24.000,5,4030
2026-09-22,2026-09-22,0,Design,736,14:15:24.000,14:15:26.000,2,4160
2026-09-22,2026-09-22,0,Design,737,14:15:26.000,14:15:31.000,5,3835
2026-09-22,2026-09-22,0,Design,738,14:15:31.000,14:15:34.000,3,2990
2026-09-22,2026-09-22,0,Design,739,14:15:34.000,14:15:39.000,5,2665
2026-09-22,2026-09-22,0,Design,740,14:15:39.000,14:15:48.000,9,2795
2026-09-22,2026-09-22,0,Design,741,14:15:48.000,14:16:01.000,13,4290
2026-09-22,2026-09-22,0,Design,742,14:16:01.000,14:16:03.000,2,3250
2026-09-22,2026-09-22,0,Design,743,14:16:03.000,14:16:21.000,18,2730
2026-09-22,2026-09-22,0,Design,744,14:16:21.000,14:16:46.000,25,2665
2026-09-22,2026-09-22,0,Design,745,14:16:46.000,14:17:07.000,21,3445
2026-09-22,2026-09-22,0,Design,746,14:17:07.000,14:17:19.000,12,5655
2026-09-22,2026-09-22,0,Design,747,14:17:19.000,14:17:19.000,0,3055
2026-09-22,2026-09-22,0,Design,748,14:17:20.000,14:17:27.000,7,3055
2026-09-22,2026-09-22,0,Design,749,14:17:27.000,14:17:42.000,15,2600
2026-09-22,2026-09-22,0,Design,750,14:17:42.000,14:17:52.000,10,3510
2026-09-22,2026-09-22,0,Design,751,14:17:52.000,14:17:54.000,2,3705
2026-09-22,2026-09-22,0,Design,752,14:17:54.000,14:17:55.000,1,2990
2026-09-22,2026-09-22,0,Design,753,14:17:55.000,14:17:57.000,2,2730
2026-09-22,2026-09-22,0,Design,754,14:17:57.000,14:18:04.000,7,3510
2026-09-22,2026-09-22,0,Design,755,14:18:04.000,14:18:20.000,16,2795
2026-09-22,2026-09-22,0,Design,756,14:18:20.000,14:19:00.000,40,4420
2026-09-22,2026-09-22,0,Design,757,14:19:00.000,14:19:02.000,2,2600
2026-09-22,2026-09-22,0,Design,758,14:19:02.000,14:19:55.000,53,2925
2026-09-22,2026-09-22,0,Design,759,14:19:55.000,14:19:58.000,3,5980
2026-09-22,2026-09-22,0,Design,760,14:19:58.000,14:19:58.000,0,3380
2026-09-22,2026-09-22,0,Design,761,14:20:00.000,14:20:21.000,21,2795
2026-09-22,2026-09-22,0,Design,762,14:20:21.000,14:20:31.000,10,2730
2026-09-22,2026-09-22,0,Design,763,14:20:31.000,14:20:51.000,20,3965
2026-09-22,2026-09-22,0,Design,764,14:20:51.000,14:21:01.000,10,2665
2026-09-22,2026-09-22,0,Design,765,14:21:01.000,14:21:04.000,3,2860
2026-09-22,2026-09-22,0,Design,766,14:21:04.000,14:21:17.000,13,2925
2026-09-22,2026-09-22,0,Design,767,14:21:17.000,14:21:29.000,12,4030
2026-09-22,2026-09-22,0,Design,768,14:21:29.000,14:21:35.000,6,3965
2026-09-22,2026-09-22,0,Design,769,14:21:35.000,14:21:39.000,4,2795
2026-09-22,2026-09-22,0,Design,770,14:21:39.000,14:21:49.000,10,3640
2026-09-22,2026-09-22,0,Design,771,14:21:49.000,14:21:59.000,10,3770
2026-09-22,2026-09-22,0,Design,772,14:21:59.000,14:22:12.000,13,2730
2026-09-22,2026-09-22,0,Design,773,14:22:12.000,14:22:45.000,33,2665
2026-09-22,2026-09-22,0,Design,774,14:22:45.000,14:23:25.000,40,2925
2026-09-22,2026-09-22,0,Design,775,14:23:25.000,14:23:37.000,12,7475
2026-09-22,2026-09-22,0,Design,776,14:23:37.000,14:23:37.000,0,4875
2026-09-22,2026-09-22,0,Design,777,14:23:37.000,14:23:39.000,2,3120
2026-09-22,2026-09-22,0,Design,778,14:23:39.000,14:23:55.000,16,2600
2026-09-22,2026-09-22,0,Design,779,14:23:55.000,14:24:02.000,7,2860
2026-09-22,2026-09-22,0,Design,780,14:24:02.000,14:24:03.000,1,2730
2026-09-22,2026-09-22,0,Design,781,14:24:03.000,14:24:10.000,7,5460
2026-09-22,2026-09-22,0,Design,782,14:24:10.000,14:24:10.000,0,2860
2026-09-22,2026-09-22,0,Design,783,14:24:11.000,14:24:12.000,1,5655
2026-09-22,2026-09-22,0,Design,784,14:24:12.000,14:24:12.000,0,3055
2026-09-22,2026-09-22,0,Design,785,14:24:13.000,14:24:45.000,32,3250
2026-09-22,2026-09-22,0,Design,786,14:24:45.000,14:24:54.000,9,2925
2026-09-22,2026-09-22,0,Design,787,14:24:54.000,14:24:55.000,1,3575
2026-09-22,2026-09-22,0,Design,788,14:24:55.000,14:24:59.000,4,3575
2026-09-22,2026-09-22,0,Design,789,14:24:59.000,14:25:29.000,30,2600
2026-09-22,2026-09-22,0,Design,790,14:25:29.000,14:25:47.000,18,2730
2026-09-22,2026-09-22,0,Design,791,14:25:47.000,14:26:42.000,55,3770
2026-09-22,2026-09-22,0,Design,792,14:26:42.000,14:27:05.000,23,2925
2026-09-22,2026-09-22,0,Design,793,14:27:05.000,14:27:08.000,3,2925
2026-09-22,2026-09-22,0,Design,794,14:27:08.000,14:27:48.000,40,2730
2026-09-22,2026-09-22,0,Design,795,14:27:48.000,14:28:09.000,21,2665
2026-09-22,2026-09-22,0,Design,796,14:28:09.000,14:28:51.000,42,2795
2026-09-22,2026-09-22,0,Design,797,14:28:51.000,14:29:22.000,31,2730
2026-09-22,2026-09-22,0,Design,798,14:29:22.000,14:29:33.000,11,2730
2026-09-22,2026-09-22,0,Design,799,14:29:33.000,14:29:52.000,19,2990
2026-09-22,2026-09-22,0,Design,800,14:29:52.000,14:30:03.000,11,4160
2026-09-22,2026-09-22,0,Design,801,14:30:03.000,14:30:15.000,12,2730
2026-09-22,2026-09-22,0,Design,802,14:30:15.000,14:30:50.000,35,4420
2026-09-22,2026-09-22,0,Design,803,14:30:50.000,14:30:53.000,3,2730
2026-09-22,2026-09-22,0,Design,804,14:30:53.000,14:31:35.000,42,3380
2026-09-22,2026-09-22,0,Design,805,14:31:35.000,14:32:04.000,29,2600
2026-09-22,2026-09-22,0,Design,806,14:32:04.000,14:32:39.000,35,2925
2026-09-22,2026-09-22,0,Design,807,14:32:39.000,14:33:04.000,25,2665
2026-09-22,2026-09-22,0,Design,808,14:33:04.000,14:33:28.000,24,2925
2026-09-22,2026-09-22,0,Design,809,14:33:28.000,14:33:50.000,22,2665
2026-09-22,2026-09-22,0,Design,810,14:33:50.000,14:33:55.000,5,5005
2026-09-22,2026-09-22,0,Design,811,14:33:55.000,14:33:57.000,2,3510
2026-09-22,2026-09-22,0,Design,812,14:33:57.000,14:34:22.000,25,2990
2026-09-22,2026-09-22,0,Design,813,14:34:22.000,14:34:24.000,2,5135
2026-09-22,2026-09-22,0,Design,814,14:34:24.000,14:34:26.000,2,3640
2026-09-22,2026-09-22,0,Design,815,14:34:26.000,14:34:31.000,5,5265
2026-09-22,2026-09-22,0,Design,816,14:34:31.000,14:34:31.000,0,2665
2026-09-22,2026-09-22,0,Design,817,14:34:32.000,14:34:45.000,13,3770
2026-09-22,2026-09-22,0,Design,818,14:34:45.000,14:35:01.000,16,3835
2026-09-22,2026-09-22,0,Design,819,14:35:01.000,14:35:06.000,5,2600
2026-09-22,2026-09-22,0,Design,820,14:35:06.000,14:35:39.000,33,3250
2026-09-22,2026-09-22,0,Design,821,14:35:39.000,14:35:47.000,8,2665
2026-09-22,2026-09-22,0,Design,822,14:35:47.000,14:36:10.000,23,3510
2026-09-22,2026-09-22,0,Design,823,14:36:10.000,14:36:24.000,14,2795
2026-09-22,2026-09-22,0,Design,824,14:36:24.000,14:36:50.000,26,2730
2026-09-22,2026-09-22,0,Design,825,14:36:50.000,14:37:07.000,17,2665
2026-09-22,2026-09-22,0,Design,826,14:37:07.000,14:37:27.000,20,2665
2026-09-22,2026-09-22,0,Design,827,14:37:27.000,14:37:48.000,21,3445
2026-09-22,2026-09-22,0,Design,828,14:37:48.000,14:38:04.000,16,3380
2026-09-22,2026-09-22,0,Design,829,14:38:04.000,14:38:22.000,18,2600
2026-09-22,2026-09-22,0,Design,830,14:38:22.000,14:38:50.000,28,2990
2026-09-22,2026-09-22,0,Design,831,14:38:50.000,14:39:02.000,12,2600
2026-09-22,2026-09-22,0,Design,832,14:39:02.000,14:39:42.000,40,2600
2026-09-22,2026-09-22,0,Design,833,14:39:42.000,14:40:22.000,40,3770
2026-09-22,2026-09-22,0,Design,834,14:40:22.000,14:40:42.000,20,2990
2026-09-22,2026-09-22,0,Design,835,14:40:42.000,14:41:13.000,31,2860
2026-09-22,2026-09-22,0,Design,836,14:41:13.000,14:41:37.000,24,2730
2026-09-22,2026-09-22,0,Design,837,14:41:37.000,14:41:57.000,20,2730
2026-09-22,2026-09-22,0,Design,838,14:41:57.000,14:42:15.000,18,3965
2026-09-22,2026-09-22,0,Design,839,14:42:15.000,14:42:18.000,3,2600
2026-09-22,2026-09-22,0,Design,840,14:42:18.000,14:42:23.000,5,3640
2026-09-22,2026-09-22,0,Design,841,14:42:23.000,14:42:38.000,15,3900
2026-09-22,2026-09-22,0,Design,842,14:42:38.000,14:42:45.000,7,2600
2026-09-22,2026-09-22,0,Design,843,14:42:45.000,14:43:21.000,36,2860
2026-09-22,2026-09-22,0,Design,844,14:43:21.000,14:43:38.000,17,3315
2026-09-22,2026-09-22,0,Design,845,14:43:38.000,14:43:43.000,5,4420
2026-09-22,2026-09-22,0,Design,846,14:43:43.000,14:43:55.000,12,2665
2026-09-22,2026-09-22,0,Design,847,14:43:55.000,14:45:05.000,70,3185
2026-09-22,2026-09-22,0,Design,848,14:45:05.000,14:45:40.000,35,6890
2026-09-22,2026-09-22,0,Design,849,14:45:40.000,14:45:40.000,0,4290
2026-09-22,2026-09-22,0,Design,850,14:45:41.000,14:45:47.000,6,2795
2026-09-22,2026-09-22,0,Design,851,14:45:47.000,14:46:09.000,22,2665
2026-09-22,2026-09-22,0,Design,852,14:46:09.000,14:46:23.000,14,3445
2026-09-22,2026-09-22,0,Design,853,14:46:23.000,14:46:30.000,7,2990
2026-09-22,2026-09-22,0,Design,854,14:46:30.000,14:47:56.000,86,2600
2026-09-22,2026-09-22,0,Design,855,14:47:56.000,14:49:31.000,95,2990
2026-09-22,2026-09-22,0,Design,856,14:49:31.000,14:49:41.000,10,2795
2026-09-22,2026-09-22,0,Design,857,14:49:41.000,14:50:01.000,20,2730
2026-09-22,2026-09-22,0,Design,858,14:50:01.000,14:50:17.000,16,2795
2026-09-22,2026-09-22,0,Design,859,14:50:17.000,14:50:57.000,40,2600
2026-09-22,2026-09-22,0,Design,860,14:50:57.000,14:51:36.000,39,2795
2026-09-22,2026-09-22,0,Design,861,14:51:36.000,14:52:07.000,31,3185
2026-09-22,2026-09-22,0,Design,862,14:52:07.000,14:52:27.000,20,3380
2026-09-22,2026-09-22,0,Design,863,14:52:27.000,14:52:50.000,23,3055
2026-09-22,2026-09-22,0,Design,864,14:52:50.000,14:53:08.000,18,2860
2026-09-22,2026-09-22,0,Design,865,14:53:08.000,14:53:29.000,21,2860
2026-09-22,2026-09-22,0,Design,866,14:53:29.000,14:53:35.000,6,3510
2026-09-22,2026-09-22,0,Design,867,14:53:35.000,14:53:40.000,5,2600
2026-09-22,2026-09-22,0,Design,868,14:53:40.000,14:54:00.000,20,2860
2026-09-22,2026-09-22,0,Design,869,14:54:00.000,14:54:34.000,34,2665
2026-09-22,2026-09-22,0,Design,870,14:54:34.000,14:54:57.000,23,2925
2026-09-22,2026-09-22,0,Design,871,14:54:57.000,14:55:10.000,13,2925
2026-09-22,2026-09-22,0,Design,872,14:55:10.000,14:55:26.000,16,3900
2026-09-22,2026-09-22,0,Design,873,14:55:26.000,14:55:36.000,10,3380
2026-09-22,2026-09-22,0,Design,874,14:55:36.000,14:55:52.000,16,2665
2026-09-22,2026-09-22,0,Design,875,14:55:52.000,14:56:08.000,16,3055
2026-09-22,2026-09-22,0,Design,876,14:56:08.000,14:56:16.000,8,3445
2026-09-22,2026-09-22,0,Design,877,14:56:16.000,14:56:22.000,6,2665
2026-09-22,2026-09-22,0,Design,878,14:56:22.000,14:56:42.000,20,2795
2026-09-22,2026-09-22,0,Design,879,14:56:42.000,14:56:47.000,5,3315
2026-09-22,2026-09-22,0,Design,880,14:56:47.000,14:56:49.000,2,3770
2026-09-22,2026-09-22,0,Design,881,14:56:49.000,14:57:02.000,13,2600
2026-09-22,2026-09-22,0,Design,882,14:57:02.000,14:57:08.000,6,4355
2026-09-22,2026-09-22,0,Design,883,14:57:08.000,14:57:13.000,5,4095
2026-09-22,2026-09-22,0,Design,884,14:57:13.000,14:57:15.000,2,2990
2026-09-22,2026-09-22,0,Design,885,14:57:15.000,14:57:17.000,2,4290
2026-09-22,2026-09-22,0,Design,886,14:57:17.000,14:57:18.000,1,2600
2026-09-22,2026-09-22,0,Design,887,14:57:18.000,14:57:20.000,2,3640
2026-09-22,2026-09-22,0,Design,888,14:57:20.000,14:57:23.000,3,2600
2026-09-22,2026-09-22,0,Design,889,14:57:23.000,14:57:43.000,20,2990
2026-09-22,2026-09-22,0,Design,890,14:57:43.000,14:57:47.000,4,3900
2026-09-22,2026-09-22,0,Design,891,14:57:47.000,14:57:49.000,2,4095
2026-09-22,2026-09-22,0,Design,892,14:57:49.000,14:57:54.000,5,6175
2026-09-22,2026-09-22,0,Design,893,14:57:54.000,14:57:54.000,0,3575
2026-09-22,2026-09-22,0,Design,894,14:57:55.000,14:57:57.000,2,4615
2026-09-22,2026-09-22,0,Design,895,14:57:57.000,14:57:59.000,2,3445
2026-09-22,2026-09-22,0,Design,896,14:57:59.000,14:58:02.000,3,3185
2026-09-22,2026-09-22,0,Design,897,14:58:02.000,14:58:06.000,4,5850
2026-09-22,2026-09-22,0,Design,898,14:58:06.000,14:58:06.000,0,3250
2026-09-22,2026-09-22,0,Design,899,14:58:06.000,14:58:07.000,1,10855
2026-09-22,2026-09-22,0,Design,900,14:58:07.000,14:58:07.000,0,8255
2026-09-22,2026-09-22,0,Design,901,14:58:08.000,14:58:08.000,0,5655
2026-09-22,2026-09-22,0,Design,902,14:58:08.000,14:58:08.000,0,3055
2026-09-22,2026-09-22,0,Design,903,14:58:09.000,14:58:09.000,0,2600
2026-09-22,2026-09-22,0,Design,904,14:58:09.000,14:58:17.000,8,3835
2026-09-22,2026-09-22,0,Design,905,14:58:17.000,14:58:20.000,3,3445
2026-09-22,2026-09-22,0,Design,906,14:58:20.000,14:58:22.000,2,9815
2026-09-22,2026-09-22,0,Design,907,14:58:22.000,14:58:22.000,0,7215
2026-09-22,2026-09-22,0,Design,908,14:58:23.000,14:58:23.000,0,4615
2026-09-22,2026-09-22,0,Design,909,14:58:23.000,14:58:24.000,1,10530
2026-09-22,2026-09-22,0,Design,910,14:58:24.000,14:58:24.000,0,7930
2026-09-22,2026-09-22,0,Design,911,14:58:25.000,14:58:25.000,0,5330
2026-09-22,2026-09-22,0,Design,912,14:58:25.000,14:58:25.000,0,2730
2026-09-22,2026-09-22,0,Design,913,14:58:25.000,14:58:25.000,0,3640
2026-09-22,2026-09-22,0,Design,914,14:58:25.000,14:58:29.000,4,3250
2026-09-22,2026-09-22,0,Design,915,14:58:29.000,14:58:30.000,1,4680
2026-09-22,2026-09-22,0,Design,916,14:58:30.000,14:58:32.000,2,2925
2026-09-22,2026-09-22,0,Design,917,14:58:32.000,14:58:35.000,3,5200
2026-09-22,2026-09-22,0,Design,918,14:58:35.000,14:58:35.000,0,2600
2026-09-22,2026-09-22,0,Design,919,14:58:37.000,14:58:37.000,0,3640
2026-09-22,2026-09-22,0,Design,920,14:58:37.000,14:58:38.000,1,4095
2026-09-22,2026-09-22,0,Design,921,14:58:38.000,14:58:40.000,2,3185
2026-09-22,2026-09-22,0,Design,922,14:58:40.000,14:58:42.000,2,2600
2026-09-22,2026-09-22,0,Design,923,14:58:42.000,14:58:45.000,3,3640
2026-09-22,2026-09-22,0,Design,924,14:58:45.000,14:58:48.000,3,3185
2026-09-22,2026-09-22,0,Design,925,14:58:48.000,14:58:50.000,2,2795
2026-09-22,2026-09-22,0,Design,926,14:58:50.000,14:58:53.000,3,3380
2026-09-22,2026-09-22,0,Design,927,14:58:53.000,14:58:58.000,5,2665
2026-09-22,2026-09-22,0,Design,928,14:58:58.000,14:59:00.000,2,20020
2026-09-22,2026-09-22,0,Design,929,14:59:00.000,14:59:00.000,0,17420
2026-09-22,2026-09-22,0,Design,930,14:59:00.000,14:59:00.000,0,14820
2026-09-22,2026-09-22,0,Design,931,14:59:00.000,14:59:00.000,0,12220
2026-09-22,2026-09-22,0,Design,932,14:59:00.000,14:59:00.000,0,9620
2026-09-22,2026-09-22,0,Design,933,14:59:01.000,14:59:01.000,0,7020
2026-09-22,2026-09-22,0,Design,934,14:59:01.000,14:59:01.000,0,4420
2026-09-22,2026-09-22,0,Design,935,14:59:01.000,14:59:01.000,0,15795
2026-09-22,2026-09-22,0,Design,936,14:59:01.000,14:59:01.000,0,13195
2026-09-22,2026-09-22,0,Design,937,14:59:03.000,14:59:03.000,0,10595
2026-09-22,2026-09-22,0,Design,938,14:59:03.000,14:59:03.000,0,7995
2026-09-22,2026-09-22,0,Design,939,14:59:03.000,14:59:03.000,0,5525
2026-09-22,2026-09-22,0,Design,940,14:59:03.000,14:59:03.000,0,2925
2026-09-22,2026-09-22,0,Design,941,14:59:05.000,14:59:15.000,10,2600
2026-09-22,2026-09-22,0,Design,942,14:59:15.000,14:59:20.000,5,5265
2026-09-22,2026-09-22,0,Design,943,14:59:20.000,14:59:20.000,0,2665
2026-09-22,2026-09-22,0,Design,944,14:59:21.000,14:59:54.000,33,2665
2026-09-22,2026-09-22,0,Design,945,14:59:54.000,15:00:17.000,23,2990
2026-09-22,2026-09-22,0,Design,946,15:00:17.000,15:00:36.000,19,5460
2026-09-22,2026-09-22,0,Design,947,15:00:36.000,15:00:36.000,0,2860
2026-09-22,2026-09-22,0,Design,948,15:00:37.000,15:00:38.000,1,3640
2026-09-22,2026-09-22,0,Design,949,15:00:38.000,15:00:39.000,1,4225
2026-09-22,2026-09-22,0,Design,950,15:00:39.000,15:00:41.000,2,3835
2026-09-22,2026-09-22,0,Design,951,15:00:41.000,15:00:44.000,3,3250
2026-09-22,2026-09-22,0,Design,952,15:00:44.000,15:00:57.000,13,4030
2026-09-22,2026-09-22,0,Design,953,15:00:57.000,15:01:01.000,4,3770
2026-09-22,2026-09-22,0,Design,954,15:01:01.000,15:01:07.000,6,12740
2026-09-22,2026-09-22,0,Design,955,15:01:07.000,15:01:07.000,0,10140
2026-09-22,2026-09-22,0,Design,956,15:01:08.000,15:01:08.000,0,7540
2026-09-22,2026-09-22,0,Design,957,15:01:08.000,15:01:08.000,0,4940
2026-09-22,2026-09-22,0,Design,958,15:01:09.000,15:01:09.000,0,13000
2026-09-22,2026-09-22,0,Design,959,15:01:09.000,15:01:09.000,0,10400
2026-09-22,2026-09-22,0,Design,960,15:01:09.000,15:01:09.000,0,7800
2026-09-22,2026-09-22,0,Design,961,15:01:09.000,15:01:09.000,0,5200
2026-09-22,2026-09-22,0,Design,962,15:01:10.000,15:01:10.000,0,2600
2026-09-22,2026-09-22,0,Design,963,15:01:10.000,15:01:14.000,4,4810
2026-09-22,2026-09-22,0,Design,964,15:01:14.000,15:01:17.000,3,3250
2026-09-22,2026-09-22,0,Design,965,15:01:17.000,15:01:29.000,12,3445
2026-09-22,2026-09-22,0,Design,966,15:01:29.000,15:01:43.000,14,3250
2026-09-22,2026-09-22,0,Design,967,15:01:43.000,15:01:45.000,2,2600
2026-09-22,2026-09-22,0,Design,968,15:01:45.000,15:01:47.000,2,3510
2026-09-22,2026-09-22,0,Design,969,15:01:47.000,15:01:48.000,1,3575
2026-09-22,2026-09-22,0,Design,970,15:01:48.000,15:01:51.000,3,4420
2026-09-22,2026-09-22,0,Design,971,15:01:51.000,15:01:53.000,2,5070
2026-09-22,2026-09-22,0,Design,972,15:01:53.000,15:01:55.000,2,5005
2026-09-22,2026-09-22,0,Design,973,15:01:55.000,15:01:56.000,1,2795
2026-09-22,2026-09-22,0,Design,974,15:01:56.000,15:02:03.000,7,3965
2026-09-22,2026-09-22,0,Design,975,15:02:03.000,15:02:04.000,1,4355
2026-09-22,2026-09-22,0,Design,976,15:02:04.000,15:02:06.000,2,4355
2026-09-22,2026-09-22,0,Design,977,15:02:06.000,15:02:08.000,2,3250
2026-09-22,2026-09-22,0,Design,978,15:02:08.000,15:02:09.000,1,7865
2026-09-22,2026-09-22,0,Design,979,15:02:09.000,15:02:09.000,0,5265
2026-09-22,2026-09-22,0,Design,980,15:02:11.000,15:02:11.000,0,2665
2026-09-22,2026-09-22,0,Design,981,15:02:11.000,15:02:17.000,6,6565
2026-09-22,2026-09-22,0,Design,982,15:02:17.000,15:02:17.000,0,3965
2026-09-22,2026-09-22,0,Design,983,15:02:18.000,15:02:19.000,1,15340
2026-09-22,2026-09-22,0,Design,984,15:02:19.000,15:02:19.000,0,12740
2026-09-22,2026-09-22,0,Design,985,15:02:20.000,15:02:20.000,0,10140
2026-09-22,2026-09-22,0,Design,986,15:02:20.000,15:02:20.000,0,7540
2026-09-22,2026-09-22,0,Design,987,15:02:21.000,15:02:21.000,0,4940
2026-09-22,2026-09-22,0,Design,988,15:02:21.000,15:02:21.000,0,8450
2026-09-22,2026-09-22,0,Design,989,15:02:21.000,15:02:21.000,0,5850
2026-09-22,2026-09-22,0,Design,990,15:02:22.000,15:02:22.000,0,3250
2026-09-22,2026-09-22,0,Design,991,15:02:22.000,15:02:22.000,0,3835
2026-09-22,2026-09-22,0,Design,992,15:02:22.000,15:02:29.000,7,8450
2026-09-22,2026-09-22,0,Design,993,15:02:29.000,15:02:29.000,0,5850
2026-09-22,2026-09-22,0,Design,994,15:02:30.000,15:02:30.000,0,3250
2026-09-22,2026-09-22,0,Design,995,15:02:30.000,15:02:32.000,2,2600
2026-09-22,2026-09-22,0,Design,996,15:02:32.000,15:03:00.000,28,3120
2026-09-22,2026-09-22,0,Design,997,15:03:00.000,15:03:04.000,4,5655
2026-09-22,2026-09-22,0,Design,998,15:03:04.000,15:03:04.000,0,3055
2026-09-22,2026-09-22,0,Design,999,15:03:04.000,15:03:23.000,19,3510
2026-09-22,2026-09-22,0,Design,1000,15:03:23.000,15:03:49.000,26,8060
2026-09-22,2026-09-22,0,Design,1001,15:03:49.000,15:03:49.000,0,5460
2026-09-22,2026-09-22,0,Design,1002,15:03:50.000,15:03:50.000,0,2860
2026-09-22,2026-09-22,0,Design,1003,15:03:50.000,15:05:04.000,74,2600
2026-09-22,2026-09-22,0,Design,1004,15:05:04.000,15:05:55.000,51,2860
2026-09-22,2026-09-22,0,Design,1005,15:05:55.000,15:07:11.000,76,2600
2026-09-22,2026-09-22,0,Design,1006,15:07:11.000,15:07:27.000,16,2600
2026-09-22,2026-09-22,0,Design,1007,15:07:27.000,15:07:57.000,30,3315
2026-09-22,2026-09-22,0,Design,1008,15:07:57.000,15:08:28.000,31,4875
2026-09-22,2026-09-22,0,Design,1009,15:08:28.000,15:08:46.000,18,2665
2026-09-22,2026-09-22,0,Design,1010,15:08:46.000,15:09:34.000,48,2600
2026-09-22,2026-09-22,0,Design,1011,15:09:34.000,15:10:04.000,30,3510
2026-09-22,2026-09-22,0,Design,1012,15:10:04.000,15:10:33.000,29,2860
2026-09-22,2026-09-22,0,Design,1013,15:10:33.000,15:11:19.000,46,3510
2026-09-22,2026-09-22,0,Design,1014,15:11:19.000,15:11:29.000,10,3380
2026-09-22,2026-09-22,0,Design,1015,15:11:29.000,15:11:32.000,3,2600
2026-09-22,2026-09-22,0,Design,1016,15:11:32.000,15:11:36.000,4,7020
2026-09-22,2026-09-22,0,Design,1017,15:11:36.000,15:11:36.000,0,4420
2026-09-22,2026-09-22,0,Design,1018,15:11:36.000,15:11:37.000,1,4030
2026-09-22,2026-09-22,0,Design,1019,15:11:37.000,15:11:57.000,20,2665
2026-09-22,2026-09-22,0,Design,1020,15:11:57.000,15:12:20.000,23,2600
2026-09-22,2026-09-22,0,Design,1021,15:12:20.000,15:13:42.000,82,2600
2026-09-22,2026-09-22,0,Design,1022,15:13:42.000,15:14:53.000,71,3055
2026-09-22,2026-09-22,0,Design,1023,15:14:53.000,15:16:46.000,113,2600
2026-09-22,2026-09-22,0,Design,1024,15:16:46.000,15:18:17.000,91,2665
2026-09-22,2026-09-22,0,Design,1025,15:18:17.000,15:19:30.000,73,29510
2026-09-22,2026-09-22,0,Design,1026,15:19:30.000,15:19:30.000,0,26910
2026-09-22,2026-09-22,0,Design,1027,15:19:30.000,15:19:30.000,0,24310
2026-09-22,2026-09-22,0,Design,1028,15:19:31.000,15:19:31.000,0,21710
2026-09-22,2026-09-22,0,Design,1029,15:19:31.000,15:19:31.000,0,19110
2026-09-22,2026-09-22,0,Design,1030,15:19:32.000,15:19:32.000,0,16510
2026-09-22,2026-09-22,0,Design,1031,15:19:32.000,15:19:32.000,0,13910
2026-09-22,2026-09-22,0,Design,1032,15:19:33.000,15:19:33.000,0,11505
2026-09-22,2026-09-22,0,Design,1033,15:19:33.000,15:19:33.000,0,8905
2026-09-22,2026-09-22,0,Design,1034,15:19:35.000,15:19:35.000,0,6305
2026-09-22,2026-09-22,0,Design,1035,15:19:35.000,15:19:35.000,0,3705
2026-09-22,2026-09-22,0,Design,1036,15:19:36.000,15:20:02.000,26,2665
2026-09-22,2026-09-22,0,Design,1037,15:20:02.000,15:20:17.000,15,2795
2026-09-22,2026-09-22,0,Design,1038,15:20:17.000,15:20:27.000,10,2665
2026-09-22,2026-09-22,0,Design,1039,15:20:27.000,15:22:07.000,100,2730
2026-09-22,2026-09-22,0,Design,1040,15:22:07.000,15:23:04.000,57,3445
2026-09-22,2026-09-22,0,Design,1041,15:23:04.000,15:23:36.000,32,3120
2026-09-22,2026-09-22,0,Design,1042,15:23:36.000,15:24:36.000,60,2600
2026-09-22,2026-09-22,0,Design,1043,15:24:36.000,15:24:46.000,10,3835
2026-09-22,2026-09-22,0,Design,1044,15:24:46.000,15:24:56.000,10,2925
2026-09-22,2026-09-22,0,Design,1045,15:24:56.000,15:25:27.000,31,3315
2026-09-22,2026-09-22,0,Design,1046,15:25:27.000,15:25:38.000,11,2730
2026-09-22,2026-09-22,0,Design,1047,15:25:38.000,15:25:52.000,14,2795
2026-09-22,2026-09-22,0,Design,1048,15:25:52.000,15:26:08.000,16,3965
2026-09-22,2026-09-22,0,Design,1049,15:26:08.000,15:26:13.000,5,2990
2026-09-22,2026-09-22,0,Design,1050,15:26:13.000,15:26:23.000,10,2860
2026-09-22,2026-09-22,0,Design,1051,15:26:23.000,15:27:02.000,39,3445
2026-09-22,2026-09-22,0,Design,1052,15:27:02.000,15:27:17.000,15,2795
2026-09-22,2026-09-22,0,Design,1053,15:27:17.000,15:27:38.000,21,3185
2026-09-22,2026-09-22,0,Design,1054,15:27:38.000,15:28:16.000,38,2990
2026-09-22,2026-09-22,0,Design,1055,15:28:16.000,15:28:58.000,42,2730
2026-09-22,2026-09-22,0,Design,1056,15:28:58.000,15:29:22.000,24,2600
2026-09-22,2026-09-22,0,Design,1057,15:29:22.000,15:29:30.000,8,2600
2026-09-22,2026-09-22,0,Design,1058,15:29:30.000,15:29:44.000,14,2665
2026-09-22,2026-09-22,0,Design,1059,15:29:44.000,15:29:55.000,11,4225
2026-09-22,2026-09-22,0,Design,1060,15:29:55.000,15:29:58.000,3,2860
2026-09-22,2026-09-22,0,Design,1061,15:29:58.000,15:30:00.000,2,585
2026-09-23,2026-09-29,6,Design,0,09:15:00.000,09:15:01.000,1,6825
2026-09-23,2026-09-29,6,Design,1,09:15:01.000,09:15:01.000,0,4225
2026-09-23,2026-09-29,6,Design,2,09:15:01.000,09:15:03.000,2,2665
2026-09-23,2026-09-29,6,Design,3,09:15:03.000,09:15:05.000,2,3380
2026-09-23,2026-09-29,6,Design,4,09:15:05.000,09:15:14.000,9,2600
2026-09-23,2026-09-29,6,Design,5,09:15:14.000,09:15:24.000,10,2795
2026-09-23,2026-09-29,6,Design,6,09:15:24.000,09:15:37.000,13,2600
2026-09-23,2026-09-29,6,Design,7,09:15:37.000,09:15:52.000,15,3185
2026-09-23,2026-09-29,6,Design,8,09:15:52.000,09:16:01.000,9,2600
2026-09-23,2026-09-29,6,Design,9,09:16:01.000,09:16:09.000,8,3120
2026-09-23,2026-09-29,6,Design,10,09:16:09.000,09:16:26.000,17,5265
2026-09-23,2026-09-29,6,Design,11,09:16:26.000,09:16:26.000,0,2665
2026-09-23,2026-09-29,6,Design,12,09:16:27.000,09:16:46.000,19,4615
2026-09-23,2026-09-29,6,Design,13,09:16:46.000,09:16:52.000,6,2665
2026-09-23,2026-09-29,6,Design,14,09:16:52.000,09:17:06.000,14,2990
2026-09-23,2026-09-29,6,Design,15,09:17:06.000,09:17:09.000,3,3185
2026-09-23,2026-09-29,6,Design,16,09:17:09.000,09:17:11.000,2,2795
2026-09-23,2026-09-29,6,Design,17,09:17:11.000,09:17:24.000,13,2925
2026-09-23,2026-09-29,6,Design,18,09:17:24.000,09:17:38.000,14,2665
2026-09-23,2026-09-29,6,Design,19,09:17:38.000,09:17:52.000,14,4030
2026-09-23,2026-09-29,6,Design,20,09:17:52.000,09:18:01.000,9,2665
2026-09-23,2026-09-29,6,Design,21,09:18:01.000,09:18:06.000,5,5850
2026-09-23,2026-09-29,6,Design,22,09:18:06.000,09:18:06.000,0,3250
2026-09-23,2026-09-29,6,Design,23,09:18:07.000,09:18:17.000,10,2600
2026-09-23,2026-09-29,6,Design,24,09:18:17.000,09:18:41.000,24,3640
2026-09-23,2026-09-29,6,Design,25,09:18:41.000,09:19:01.000,20,2600
2026-09-23,2026-09-29,6,Design,26,09:19:01.000,09:19:16.000,15,3055
2026-09-23,2026-09-29,6,Design,27,09:19:16.000,09:19:34.000,18,2665
2026-09-23,2026-09-29,6,Design,28,09:19:34.000,09:19:49.000,15,4745
2026-09-23,2026-09-29,6,Design,29,09:19:49.000,09:19:52.000,3,5460
2026-09-23,2026-09-29,6,Design,30,09:19:52.000,09:19:52.000,0,2860
2026-09-23,2026-09-29,6,Design,31,09:19:54.000,09:20:02.000,8,4355
2026-09-23,2026-09-29,6,Design,32,09:20:02.000,09:20:04.000,2,2665
2026-09-23,2026-09-29,6,Design,33,09:20:04.000,09:20:16.000,12,2860
2026-09-23,2026-09-29,6,Design,34,09:20:16.000,09:20:32.000,16,2730
2026-09-23,2026-09-29,6,Design,35,09:20:32.000,09:20:44.000,12,2600
2026-09-23,2026-09-29,6,Design,36,09:20:44.000,09:21:04.000,20,11635
2026-09-23,2026-09-29,6,Design,37,09:21:04.000,09:21:04.000,0,9035
2026-09-23,2026-09-29,6,Design,38,09:21:06.000,09:21:06.000,0,6435
2026-09-23,2026-09-29,6,Design,39,09:21:06.000,09:21:06.000,0,3835
2026-09-23,2026-09-29,6,Design,40,09:21:06.000,09:21:07.000,1,3250
2026-09-23,2026-09-29,6,Design,41,09:21:07.000,09:21:17.000,10,2730
2026-09-23,2026-09-29,6,Design,42,09:21:17.000,09:21:31.000,14,4030
2026-09-23,2026-09-29,6,Design,43,09:21:31.000,09:21:39.000,8,3770
2026-09-23,2026-09-29,6,Design,44,09:21:39.000,09:21:41.000,2,2990
2026-09-23,2026-09-29,6,Design,45,09:21:41.000,09:21:54.000,13,3380
2026-09-23,2026-09-29,6,Design,46,09:21:54.000,09:22:04.000,10,2665
2026-09-23,2026-09-29,6,Design,47,09:22:04.000,09:22:21.000,17,2990
2026-09-23,2026-09-29,6,Design,48,09:22:21.000,09:22:29.000,8,3770
2026-09-23,2026-09-29,6,Design,49,09:22:29.000,09:22:42.000,13,2990
2026-09-23,2026-09-29,6,Design,50,09:22:42.000,09:22:51.000,9,2925
2026-09-23,2026-09-29,6,Design,51,09:22:51.000,09:22:54.000,3,3575
2026-09-23,2026-09-29,6,Design,52,09:22:54.000,09:23:02.000,8,2600
2026-09-23,2026-09-29,6,Design,53,09:23:02.000,09:23:14.000,12,2795
2026-09-23,2026-09-29,6,Design,54,09:23:14.000,09:23:27.000,13,2990
2026-09-23,2026-09-29,6,Design,55,09:23:27.000,09:23:41.000,14,3510
2026-09-23,2026-09-29,6,Design,56,09:23:41.000,09:23:53.000,12,2795
2026-09-23,2026-09-29,6,Design,57,09:23:53.000,09:24:19.000,26,2665
2026-09-23,2026-09-29,6,Design,58,09:24:19.000,09:24:46.000,27,2600
2026-09-23,2026-09-29,6,Design,59,09:24:46.000,09:25:02.000,16,3640
2026-09-23,2026-09-29,6,Design,60,09:25:02.000,09:25:19.000,17,2925
2026-09-23,2026-09-29,6,Design,61,09:25:19.000,09:25:41.000,22,2665
2026-09-23,2026-09-29,6,Design,62,09:25:41.000,09:26:19.000,38,2795
2026-09-23,2026-09-29,6,Design,63,09:26:19.000,09:26:36.000,17,2600
2026-09-23,2026-09-29,6,Design,64,09:26:36.000,09:26:59.000,23,2600
2026-09-23,2026-09-29,6,Design,65,09:26:59.000,09:27:02.000,3,3510
2026-09-23,2026-09-29,6,Design,66,09:27:02.000,09:27:21.000,19,2600
2026-09-23,2026-09-29,6,Design,67,09:27:21.000,09:27:49.000,28,2600
2026-09-23,2026-09-29,6,Design,68,09:27:49.000,09:27:59.000,10,2665
2026-09-23,2026-09-29,6,Design,69,09:27:59.000,09:28:21.000,22,2795
2026-09-23,2026-09-29,6,Design,70,09:28:21.000,09:28:27.000,6,2600
2026-09-23,2026-09-29,6,Design,71,09:28:27.000,09:29:05.000,38,2925
2026-09-23,2026-09-29,6,Design,72,09:29:05.000,09:29:10.000,5,2925
2026-09-23,2026-09-29,6,Design,73,09:29:10.000,09:29:44.000,34,2600
2026-09-23,2026-09-29,6,Design,74,09:29:44.000,09:29:54.000,10,2600
2026-09-23,2026-09-29,6,Design,75,09:29:54.000,09:30:10.000,16,2600
2026-09-23,2026-09-29,6,Design,76,09:30:10.000,09:30:57.000,47,3120
2026-09-23,2026-09-29,6,Design,77,09:30:57.000,09:31:23.000,26,2600
2026-09-23,2026-09-29,6,Design,78,09:31:23.000,09:31:40.000,17,4290
2026-09-23,2026-09-29,6,Design,79,09:31:40.000,09:31:42.000,2,2990
2026-09-23,2026-09-29,6,Design,80,09:31:42.000,09:31:52.000,10,4160
2026-09-23,2026-09-29,6,Design,81,09:31:52.000,09:31:58.000,6,2600
2026-09-23,2026-09-29,6,Design,82,09:31:58.000,09:32:40.000,42,2665
2026-09-23,2026-09-29,6,Design,83,09:32:40.000,09:33:13.000,33,2795
2026-09-23,2026-09-29,6,Design,84,09:33:13.000,09:33:36.000,23,3250
2026-09-23,2026-09-29,6,Design,85,09:33:36.000,09:33:40.000,4,2665
2026-09-23,2026-09-29,6,Design,86,09:33:40.000,09:33:51.000,11,2795
2026-09-23,2026-09-29,6,Design,87,09:33:51.000,09:34:05.000,14,2600
2026-09-23,2026-09-29,6,Design,88,09:34:05.000,09:34:46.000,41,2665
2026-09-23,2026-09-29,6,Design,89,09:34:46.000,09:35:00.000,14,3250
2026-09-23,2026-09-29,6,Design,90,09:35:00.000,09:35:05.000,5,2925
2026-09-23,2026-09-29,6,Design,91,09:35:05.000,09:35:11.000,6,2730
2026-09-23,2026-09-29,6,Design,92,09:35:11.000,09:35:16.000,5,3055
2026-09-23,2026-09-29,6,Design,93,09:35:16.000,09:35:33.000,17,2925
2026-09-23,2026-09-29,6,Design,94,09:35:33.000,09:35:48.000,15,3445
2026-09-23,2026-09-29,6,Design,95,09:35:48.000,09:35:55.000,7,4550
2026-09-23,2026-09-29,6,Design,96,09:35:55.000,09:36:18.000,23,2665
2026-09-23,2026-09-29,6,Design,97,09:36:18.000,09:36:34.000,16,3900
2026-09-23,2026-09-29,6,Design,98,09:36:34.000,09:36:46.000,12,3965
2026-09-23,2026-09-29,6,Design,99,09:36:46.000,09:36:53.000,7,2730
2026-09-23,2026-09-29,6,Design,100,09:36:53.000,09:37:59.000,66,2600
2026-09-23,2026-09-29,6,Design,101,09:37:59.000,09:39:06.000,67,2665
2026-09-23,2026-09-29,6,Design,102,09:39:06.000,09:39:32.000,26,2795
2026-09-23,2026-09-29,6,Design,103,09:39:32.000,09:40:11.000,39,2665
2026-09-23,2026-09-29,6,Design,104,09:40:11.000,09:40:27.000,16,2665
2026-09-23,2026-09-29,6,Design,105,09:40:27.000,09:41:10.000,43,2730
2026-09-23,2026-09-29,6,Design,106,09:41:10.000,09:41:40.000,30,2665
2026-09-23,2026-09-29,6,Design,107,09:41:40.000,09:42:27.000,47,3315
2026-09-23,2026-09-29,6,Design,108,09:42:27.000,09:42:38.000,11,2860
2026-09-23,2026-09-29,6,Design,109,09:42:38.000,09:43:28.000,50,2600
2026-09-23,2026-09-29,6,Design,110,09:43:28.000,09:44:13.000,45,2665
2026-09-23,2026-09-29,6,Design,111,09:44:13.000,09:44:20.000,7,3380
2026-09-23,2026-09-29,6,Design,112,09:44:20.000,09:45:06.000,46,2925
2026-09-23,2026-09-29,6,Design,113,09:45:06.000,09:45:18.000,12,2730
2026-09-23,2026-09-29,6,Design,114,09:45:18.000,09:45:31.000,13,2730
2026-09-23,2026-09-29,6,Design,115,09:45:31.000,09:45:35.000,4,4485
2026-09-23,2026-09-29,6,Design,116,09:45:35.000,09:45:55.000,20,3185
2026-09-23,2026-09-29,6,Design,117,09:45:55.000,09:48:28.000,153,2795
2026-09-23,2026-09-29,6,Design,118,09:48:28.000,09:48:55.000,27,2990
2026-09-23,2026-09-29,6,Design,119,09:48:55.000,09:49:23.000,28,2600
2026-09-23,2026-09-29,6,Design,120,09:49:23.000,09:49:30.000,7,2730
2026-09-23,2026-09-29,6,Design,121,09:49:30.000,09:50:11.000,41,2665
2026-09-23,2026-09-29,6,Design,122,09:50:11.000,09:51:11.000,60,3770
2026-09-23,2026-09-29,6,Design,123,09:51:11.000,09:51:18.000,7,2795
2026-09-23,2026-09-29,6,Design,124,09:51:18.000,09:51:38.000,20,2665
2026-09-23,2026-09-29,6,Design,125,09:51:38.000,09:53:24.000,106,2665
2026-09-23,2026-09-29,6,Design,126,09:53:24.000,09:54:06.000,42,3120
2026-09-23,2026-09-29,6,Design,127,09:54:06.000,09:54:08.000,2,3120
2026-09-23,2026-09-29,6,Design,128,09:54:08.000,09:54:27.000,19,2600
2026-09-23,2026-09-29,6,Design,129,09:54:27.000,09:54:42.000,15,2860
2026-09-23,2026-09-29,6,Design,130,09:54:42.000,09:55:21.000,39,2600
2026-09-23,2026-09-29,6,Design,131,09:55:21.000,09:56:07.000,46,3445
2026-09-23,2026-09-29,6,Design,132,09:56:07.000,09:57:02.000,55,2600
2026-09-23,2026-09-29,6,Design,133,09:57:02.000,09:57:29.000,27,3380
2026-09-23,2026-09-29,6,Design,134,09:57:29.000,09:57:45.000,16,2600
2026-09-23,2026-09-29,6,Design,135,09:57:45.000,09:58:02.000,17,2795
2026-09-23,2026-09-29,6,Design,136,09:58:02.000,09:59:14.000,72,3055
2026-09-23,2026-09-29,6,Design,137,09:59:14.000,09:59:44.000,30,2665
2026-09-23,2026-09-29,6,Design,138,09:59:44.000,10:00:49.000,65,3055
2026-09-23,2026-09-29,6,Design,139,10:00:49.000,10:01:07.000,18,2600
2026-09-23,2026-09-29,6,Design,140,10:01:07.000,10:02:31.000,84,3185
2026-09-23,2026-09-29,6,Design,141,10:02:31.000,10:03:05.000,34,2665
2026-09-23,2026-09-29,6,Design,142,10:03:05.000,10:04:15.000,70,2600
2026-09-23,2026-09-29,6,Design,143,10:04:15.000,10:05:59.000,104,2795
2026-09-23,2026-09-29,6,Design,144,10:05:59.000,10:06:59.000,60,2665
2026-09-23,2026-09-29,6,Design,145,10:06:59.000,10:07:44.000,45,2795
2026-09-23,2026-09-29,6,Design,146,10:07:44.000,10:08:56.000,72,2665
2026-09-23,2026-09-29,6,Design,147,10:08:56.000,10:09:42.000,46,2665
2026-09-23,2026-09-29,6,Design,148,10:09:42.000,10:10:24.000,42,2600
2026-09-23,2026-09-29,6,Design,149,10:10:24.000,10:11:31.000,67,2730
2026-09-23,2026-09-29,6,Design,150,10:11:31.000,10:12:16.000,45,3120
2026-09-23,2026-09-29,6,Design,151,10:12:16.000,10:12:19.000,3,2990
2026-09-23,2026-09-29,6,Design,152,10:12:19.000,10:12:59.000,40,2665
2026-09-23,2026-09-29,6,Design,153,10:12:59.000,10:14:11.000,72,2665
2026-09-23,2026-09-29,6,Design,154,10:14:11.000,10:15:01.000,50,3250
2026-09-23,2026-09-29,6,Design,155,10:15:01.000,10:16:09.000,68,2600
2026-09-23,2026-09-29,6,Design,156,10:16:09.000,10:16:48.000,39,2665
2026-09-23,2026-09-29,6,Design,157,10:16:48.000,10:17:43.000,55,3250
2026-09-23,2026-09-29,6,Design,158,10:17:43.000,10:18:00.000,17,2730
2026-09-23,2026-09-29,6,Design,159,10:18:00.000,10:18:32.000,32,2665
2026-09-23,2026-09-29,6,Design,160,10:18:32.000,10:18:48.000,16,3055
2026-09-23,2026-09-29,6,Design,161,10:18:48.000,10:19:00.000,12,2990
2026-09-23,2026-09-29,6,Design,162,10:19:00.000,10:19:36.000,36,2795
2026-09-23,2026-09-29,6,Design,163,10:19:36.000,10:20:08.000,32,3185
2026-09-23,2026-09-29,6,Design,164,10:20:08.000,10:20:18.000,10,3510
2026-09-23,2026-09-29,6,Design,165,10:20:18.000,10:20:25.000,7,3315
2026-09-23,2026-09-29,6,Design,166,10:20:25.000,10:20:38.000,13,2860
2026-09-23,2026-09-29,6,Design,167,10:20:38.000,10:20:41.000,3,3055
2026-09-23,2026-09-29,6,Design,168,10:20:41.000,10:21:04.000,23,2925
2026-09-23,2026-09-29,6,Design,169,10:21:04.000,10:21:14.000,10,2730
2026-09-23,2026-09-29,6,Design,170,10:21:14.000,10:21:49.000,35,2600
2026-09-23,2026-09-29,6,Design,171,10:21:49.000,10:22:41.000,52,2600
2026-09-23,2026-09-29,6,Design,172,10:22:41.000,10:24:14.000,93,2600
2026-09-23,2026-09-29,6,Design,173,10:24:14.000,10:24:52.000,38,2600
2026-09-23,2026-09-29,6,Design,174,10:24:52.000,10:25:16.000,24,2730
2026-09-23,2026-09-29,6,Design,175,10:25:16.000,10:25:35.000,19,2860
2026-09-23,2026-09-29,6,Design,176,10:25:35.000,10:26:04.000,29,3900
2026-09-23,2026-09-29,6,Design,177,10:26:04.000,10:26:25.000,21,3445
2026-09-23,2026-09-29,6,Design,178,10:26:25.000,10:26:46.000,21,2600
2026-09-23,2026-09-29,6,Design,179,10:26:46.000,10:27:01.000,15,2795
2026-09-23,2026-09-29,6,Design,180,10:27:01.000,10:27:49.000,48,2860
2026-09-23,2026-09-29,6,Design,181,10:27:49.000,10:28:22.000,33,2730
2026-09-23,2026-09-29,6,Design,182,10:28:22.000,10:28:45.000,23,2600
2026-09-23,2026-09-29,6,Design,183,10:28:45.000,10:29:26.000,41,2860
2026-09-23,2026-09-29,6,Design,184,10:29:26.000,10:30:13.000,47,2730
2026-09-23,2026-09-29,6,Design,185,10:30:13.000,10:30:53.000,40,2665
2026-09-23,2026-09-29,6,Design,186,10:30:53.000,10:31:33.000,40,3770
2026-09-23,2026-09-29,6,Design,187,10:31:33.000,10:31:51.000,18,2600
2026-09-23,2026-09-29,6,Design,188,10:31:51.000,10:32:26.000,35,2925
2026-09-23,2026-09-29,6,Design,189,10:32:26.000,10:33:24.000,58,2665
2026-09-23,2026-09-29,6,Design,190,10:33:24.000,10:33:44.000,20,3120
2026-09-23,2026-09-29,6,Design,191,10:33:44.000,10:34:17.000,33,3120
2026-09-23,2026-09-29,6,Design,192,10:34:17.000,10:34:50.000,33,2665
2026-09-23,2026-09-29,6,Design,193,10:34:50.000,10:36:00.000,70,2600
2026-09-23,2026-09-29,6,Design,194,10:36:00.000,10:37:10.000,70,2665
2026-09-23,2026-09-29,6,Design,195,10:37:10.000,10:37:51.000,41,2795
2026-09-23,2026-09-29,6,Design,196,10:37:51.000,10:38:01.000,10,6045
2026-09-23,2026-09-29,6,Design,197,10:38:01.000,10:38:01.000,0,3445
2026-09-23,2026-09-29,6,Design,198,10:38:03.000,10:38:04.000,1,40625
2026-09-23,2026-09-29,6,Design,199,10:38:04.000,10:38:04.000,0,38025
2026-09-23,2026-09-29,6,Design,200,10:38:06.000,10:38:06.000,0,37960
2026-09-23,2026-09-29,6,Design,201,10:38:06.000,10:38:06.000,0,35360
2026-09-23,2026-09-29,6,Design,202,10:38:07.000,10:38:07.000,0,32760
2026-09-23,2026-09-29,6,Design,203,10:38:07.000,10:38:07.000,0,30160
2026-09-23,2026-09-29,6,Design,204,10:38:08.000,10:38:08.000,0,29575
2026-09-23,2026-09-29,6,Design,205,10:38:08.000,10:38:08.000,0,26975
2026-09-23,2026-09-29,6,Design,206,10:38:09.000,10:38:09.000,0,25675
2026-09-23,2026-09-29,6,Design,207,10:38:09.000,10:38:09.000,0,23075
2026-09-23,2026-09-29,6,Design,208,10:38:10.000,10:38:10.000,0,20475
2026-09-23,2026-09-29,6,Design,209,10:38:10.000,10:38:10.000,0,17875
2026-09-23,2026-09-29,6,Design,210,10:38:11.000,10:38:11.000,0,15990
2026-09-23,2026-09-29,6,Design,211,10:38:11.000,10:38:11.000,0,13390
2026-09-23,2026-09-29,6,Design,212,10:38:12.000,10:38:12.000,0,10790
2026-09-23,2026-09-29,6,Design,213,10:38:12.000,10:38:12.000,0,8190
2026-09-23,2026-09-29,6,Design,214,10:38:13.000,10:38:13.000,0,5720
2026-09-23,2026-09-29,6,Design,215,10:38:13.000,10:38:13.000,0,3120
2026-09-23,2026-09-29,6,Design,216,10:38:13.000,10:38:49.000,36,3770
2026-09-23,2026-09-29,6,Design,217,10:38:49.000,10:39:14.000,25,2730
2026-09-23,2026-09-29,6,Design,218,10:39:14.000,10:40:06.000,52,2795
2026-09-23,2026-09-29,6,Design,219,10:40:06.000,10:41:25.000,79,2600
2026-09-23,2026-09-29,6,Design,220,10:41:25.000,10:42:11.000,46,2600
2026-09-23,2026-09-29,6,Design,221,10:42:11.000,10:43:21.000,70,2665
2026-09-23,2026-09-29,6,Design,222,10:43:21.000,10:44:21.000,60,2795
2026-09-23,2026-09-29,6,Design,223,10:44:21.000,10:45:03.000,42,2600
2026-09-23,2026-09-29,6,Design,224,10:45:03.000,10:45:21.000,18,3640
2026-09-23,2026-09-29,6,Design,225,10:45:21.000,10:45:54.000,33,3120
2026-09-23,2026-09-29,6,Design,226,10:45:54.000,10:46:12.000,18,2925
2026-09-23,2026-09-29,6,Design,227,10:46:12.000,10:46:47.000,35,2730
2026-09-23,2026-09-29,6,Design,228,10:46:47.000,10:47:10.000,23,2990
2026-09-23,2026-09-29,6,Design,229,10:47:10.000,10:47:30.000,20,2665
2026-09-23,2026-09-29,6,Design,230,10:47:30.000,10:47:58.000,28,2990
2026-09-23,2026-09-29,6,Design,231,10:47:58.000,10:48:54.000,56,2665
2026-09-23,2026-09-29,6,Design,232,10:48:54.000,10:49:42.000,48,3055
2026-09-23,2026-09-29,6,Design,233,10:49:42.000,10:50:15.000,33,2795
2026-09-23,2026-09-29,6,Design,234,10:50:15.000,10:50:49.000,34,2730
2026-09-23,2026-09-29,6,Design,235,10:50:49.000,10:52:28.000,99,2600
2026-09-23,2026-09-29,6,Design,236,10:52:28.000,10:53:33.000,65,2925
2026-09-23,2026-09-29,6,Design,237,10:53:33.000,10:53:50.000,17,2600
2026-09-23,2026-09-29,6,Design,238,10:53:50.000,10:54:43.000,53,3185
2026-09-23,2026-09-29,6,Design,239,10:54:43.000,10:54:50.000,7,2600
2026-09-23,2026-09-29,6,Design,240,10:54:50.000,10:55:11.000,21,2600
2026-09-23,2026-09-29,6,Design,241,10:55:11.000,10:55:50.000,39,2600
2026-09-23,2026-09-29,6,Design,242,10:55:50.000,10:56:20.000,30,2990
2026-09-23,2026-09-29,6,Design,243,10:56:20.000,10:56:31.000,11,5395
2026-09-23,2026-09-29,6,Design,244,10:56:31.000,10:56:31.000,0,2795
2026-09-23,2026-09-29,6,Design,245,10:56:33.000,10:57:14.000,41,2795
2026-09-23,2026-09-29,6,Design,246,10:57:14.000,10:58:29.000,75,2730
2026-09-23,2026-09-29,6,Design,247,10:58:29.000,10:59:12.000,43,2730
2026-09-23,2026-09-29,6,Design,248,10:59:12.000,10:59:25.000,13,2600
2026-09-23,2026-09-29,6,Design,249,10:59:25.000,11:00:42.000,77,2600
2026-09-23,2026-09-29,6,Design,250,11:00:42.000,11:02:43.000,121,2600
2026-09-23,2026-09-29,6,Design,251,11:02:43.000,11:04:14.000,91,4745
2026-09-23,2026-09-29,6,Design,252,11:04:14.000,11:04:22.000,8,2860
2026-09-23,2026-09-29,6,Design,253,11:04:22.000,11:05:09.000,47,2665
2026-09-23,2026-09-29,6,Design,254,11:05:09.000,11:06:16.000,67,3055
2026-09-23,2026-09-29,6,Design,255,11:06:16.000,11:06:48.000,32,2990
2026-09-23,2026-09-29,6,Design,256,11:06:48.000,11:06:57.000,9,2860
2026-09-23,2026-09-29,6,Design,257,11:06:57.000,11:07:09.000,12,3640
2026-09-23,2026-09-29,6,Design,258,11:07:09.000,11:07:20.000,11,2665
2026-09-23,2026-09-29,6,Design,259,11:07:20.000,11:07:25.000,5,2665
2026-09-23,2026-09-29,6,Design,260,11:07:25.000,11:07:34.000,9,3835
2026-09-23,2026-09-29,6,Design,261,11:07:34.000,11:07:35.000,1,2665
2026-09-23,2026-09-29,6,Design,262,11:07:35.000,11:07:43.000,8,3380
2026-09-23,2026-09-29,6,Design,263,11:07:43.000,11:08:08.000,25,2665
2026-09-23,2026-09-29,6,Design,264,11:08:08.000,11:09:21.000,73,5395
2026-09-23,2026-09-29,6,Design,265,11:09:21.000,11:09:21.000,0,2795
2026-09-23,2026-09-29,6,Design,266,11:09:23.000,11:10:36.000,73,3055
2026-09-23,2026-09-29,6,Design,267,11:10:36.000,11:11:11.000,35,2795
2026-09-23,2026-09-29,6,Design,268,11:11:11.000,11:11:51.000,40,2600
2026-09-23,2026-09-29,6,Design,269,11:11:51.000,11:13:22.000,91,2795
2026-09-23,2026-09-29,6,Design,270,11:13:22.000,11:14:25.000,63,2600
2026-09-23,2026-09-29,6,Design,271,11:14:25.000,11:15:05.000,40,2730
2026-09-23,2026-09-29,6,Design,272,11:15:05.000,11:15:37.000,32,2600
2026-09-23,2026-09-29,6,Design,273,11:15:37.000,11:16:16.000,39,2665
2026-09-23,2026-09-29,6,Design,274,11:16:16.000,11:17:22.000,66,2600
2026-09-23,2026-09-29,6,Design,275,11:17:22.000,11:18:12.000,50,4290
2026-09-23,2026-09-29,6,Design,276,11:18:12.000,11:18:44.000,32,2600
2026-09-23,2026-09-29,6,Design,277,11:18:44.000,11:19:33.000,49,2925
2026-09-23,2026-09-29,6,Design,278,11:19:33.000,11:19:59.000,26,2925
2026-09-23,2026-09-29,6,Design,279,11:19:59.000,11:20:16.000,17,2795
2026-09-23,2026-09-29,6,Design,280,11:20:16.000,11:20:45.000,29,3315
2026-09-23,2026-09-29,6,Design,281,11:20:45.000,11:21:41.000,56,2600
2026-09-23,2026-09-29,6,Design,282,11:21:41.000,11:23:25.000,104,3445
2026-09-23,2026-09-29,6,Design,283,11:23:25.000,11:23:56.000,31,2730
2026-09-23,2026-09-29,6,Design,284,11:23:56.000,11:25:11.000,75,2665
2026-09-23,2026-09-29,6,Design,285,11:25:11.000,11:26:29.000,78,2600
2026-09-23,2026-09-29,6,Design,286,11:26:29.000,11:27:50.000,81,2730
2026-09-23,2026-09-29,6,Design,287,11:27:50.000,11:29:07.000,77,2600
2026-09-23,2026-09-29,6,Design,288,11:29:07.000,11:30:05.000,58,3185
2026-09-23,2026-09-29,6,Design,289,11:30:05.000,11:30:43.000,38,2795
2026-09-23,2026-09-29,6,Design,290,11:30:43.000,11:31:30.000,47,2600
2026-09-23,2026-09-29,6,Design,291,11:31:30.000,11:32:10.000,40,2600
2026-09-23,2026-09-29,6,Design,292,11:32:10.000,11:32:20.000,10,4550
2026-09-23,2026-09-29,6,Design,293,11:32:20.000,11:32:21.000,1,3120
2026-09-23,2026-09-29,6,Design,294,11:32:21.000,11:32:26.000,5,4745
2026-09-23,2026-09-29,6,Design,295,11:32:26.000,11:32:30.000,4,3835
2026-09-23,2026-09-29,6,Design,296,11:32:30.000,11:33:06.000,36,2990
2026-09-23,2026-09-29,6,Design,297,11:33:06.000,11:34:15.000,69,2665
2026-09-23,2026-09-29,6,Design,298,11:34:15.000,11:35:03.000,48,3120
2026-09-23,2026-09-29,6,Design,299,11:35:03.000,11:36:23.000,80,3835
2026-09-23,2026-09-29,6,Design,300,11:36:23.000,11:36:46.000,23,2925
2026-09-23,2026-09-29,6,Design,301,11:36:46.000,11:38:47.000,121,2665
2026-09-23,2026-09-29,6,Design,302,11:38:47.000,11:39:52.000,65,2600
2026-09-23,2026-09-29,6,Design,303,11:39:52.000,11:40:02.000,10,2665
2026-09-23,2026-09-29,6,Design,304,11:40:02.000,11:40:05.000,3,2665
2026-09-23,2026-09-29,6,Design,305,11:40:05.000,11:40:29.000,24,2600
2026-09-23,2026-09-29,6,Design,306,11:40:29.000,11:41:00.000,31,3120
2026-09-23,2026-09-29,6,Design,307,11:41:00.000,11:41:28.000,28,3120
2026-09-23,2026-09-29,6,Design,308,11:41:28.000,11:41:53.000,25,2795
2026-09-23,2026-09-29,6,Design,309,11:41:53.000,11:42:56.000,63,2600
2026-09-23,2026-09-29,6,Design,310,11:42:56.000,11:44:16.000,80,2600
2026-09-23,2026-09-29,6,Design,311,11:44:16.000,11:44:53.000,37,3315
2026-09-23,2026-09-29,6,Design,312,11:44:53.000,11:45:36.000,43,2600
2026-09-23,2026-09-29,6,Design,313,11:45:36.000,11:46:49.000,73,2730
2026-09-23,2026-09-29,6,Design,314,11:46:49.000,11:47:34.000,45,2600
2026-09-23,2026-09-29,6,Design,315,11:47:34.000,11:47:49.000,15,2600
2026-09-23,2026-09-29,6,Design,316,11:47:49.000,11:48:11.000,22,4030
2026-09-23,2026-09-29,6,Design,317,11:48:11.000,11:48:21.000,10,2600
2026-09-23,2026-09-29,6,Design,318,11:48:21.000,11:49:22.000,61,2600
2026-09-23,2026-09-29,6,Design,319,11:49:22.000,11:50:31.000,69,2665
2026-09-23,2026-09-29,6,Design,320,11:50:31.000,11:51:13.000,42,2795
2026-09-23,2026-09-29,6,Design,321,11:51:13.000,11:52:11.000,58,2730
2026-09-23,2026-09-29,6,Design,322,11:52:11.000,11:53:32.000,81,2730
2026-09-23,2026-09-29,6,Design,323,11:53:32.000,11:54:55.000,83,2600
2026-09-23,2026-09-29,6,Design,324,11:54:55.000,11:55:51.000,56,2600
2026-09-23,2026-09-29,6,Design,325,11:55:51.000,11:56:48.000,57,2730
2026-09-23,2026-09-29,6,Design,326,11:56:48.000,11:57:26.000,38,2600
2026-09-23,2026-09-29,6,Design,327,11:57:26.000,11:57:51.000,25,2665
2026-09-23,2026-09-29,6,Design,328,11:57:51.000,11:58:07.000,16,2730
2026-09-23,2026-09-29,6,Design,329,11:58:07.000,11:59:02.000,55,2600
2026-09-23,2026-09-29,6,Design,330,11:59:02.000,11:59:44.000,42,2860
2026-09-23,2026-09-29,6,Design,331,11:59:44.000,12:00:18.000,34,3185
2026-09-23,2026-09-29,6,Design,332,12:00:18.000,12:01:12.000,54,2600
2026-09-23,2026-09-29,6,Design,333,12:01:12.000,12:01:58.000,46,2600
2026-09-23,2026-09-29,6,Design,334,12:01:58.000,12:02:16.000,18,14235
2026-09-23,2026-09-29,6,Design,335,12:02:16.000,12:02:16.000,0,11635
2026-09-23,2026-09-29,6,Design,336,12:02:18.000,12:02:18.000,0,9035
2026-09-23,2026-09-29,6,Design,337,12:02:18.000,12:02:18.000,0,6435
2026-09-23,2026-09-29,6,Design,338,12:02:19.000,12:02:19.000,0,3835
2026-09-23,2026-09-29,6,Design,339,12:02:19.000,12:02:21.000,2,2990
2026-09-23,2026-09-29,6,Design,340,12:02:21.000,12:03:04.000,43,2665
2026-09-23,2026-09-29,6,Design,341,12:03:04.000,12:03:21.000,17,2860
2026-09-23,2026-09-29,6,Design,342,12:03:21.000,12:04:22.000,61,2665
2026-09-23,2026-09-29,6,Design,343,12:04:22.000,12:04:57.000,35,4875
2026-09-23,2026-09-29,6,Design,344,12:04:57.000,12:05:02.000,5,2860
2026-09-23,2026-09-29,6,Design,345,12:05:02.000,12:05:06.000,4,3380
2026-09-23,2026-09-29,6,Design,346,12:05:06.000,12:05:26.000,20,4225
2026-09-23,2026-09-29,6,Design,347,12:05:26.000,12:05:27.000,1,2665
2026-09-23,2026-09-29,6,Design,348,12:05:27.000,12:05:42.000,15,3445
2026-09-23,2026-09-29,6,Design,349,12:05:42.000,12:06:17.000,35,2600
2026-09-23,2026-09-29,6,Design,350,12:06:17.000,12:06:24.000,7,3770
2026-09-23,2026-09-29,6,Design,351,12:06:24.000,12:06:44.000,20,6110
2026-09-23,2026-09-29,6,Design,352,12:06:44.000,12:06:44.000,0,3510
2026-09-23,2026-09-29,6,Design,353,12:06:45.000,12:06:49.000,4,10595
2026-09-23,2026-09-29,6,Design,354,12:06:49.000,12:06:49.000,0,7995
2026-09-23,2026-09-29,6,Design,355,12:06:50.000,12:06:50.000,0,5395
2026-09-23,2026-09-29,6,Design,356,12:06:50.000,12:06:50.000,0,2795
2026-09-23,2026-09-29,6,Design,357,12:06:50.000,12:07:04.000,14,2795
2026-09-23,2026-09-29,6,Design,358,12:07:04.000,12:07:19.000,15,3770
2026-09-23,2026-09-29,6,Design,359,12:07:19.000,12:07:20.000,1,2730
2026-09-23,2026-09-29,6,Design,360,12:07:20.000,12:08:05.000,45,3705
2026-09-23,2026-09-29,6,Design,361,12:08:05.000,12:08:32.000,27,2600
2026-09-23,2026-09-29,6,Design,362,12:08:32.000,12:08:48.000,16,2600
2026-09-23,2026-09-29,6,Design,363,12:08:48.000,12:09:25.000,37,2600
2026-09-23,2026-09-29,6,Design,364,12:09:25.000,12:09:54.000,29,2665
2026-09-23,2026-09-29,6,Design,365,12:09:54.000,12:10:36.000,42,2600
2026-09-23,2026-09-29,6,Design,366,12:10:36.000,12:11:14.000,38,2600
2026-09-23,2026-09-29,6,Design,367,12:11:14.000,12:11:37.000,23,2600
2026-09-23,2026-09-29,6,Design,368,12:11:37.000,12:12:09.000,32,2600
2026-09-23,2026-09-29,6,Design,369,12:12:09.000,12:13:12.000,63,6240
2026-09-23,2026-09-29,6,Design,370,12:13:12.000,12:13:12.000,0,3640
2026-09-23,2026-09-29,6,Design,371,12:13:12.000,12:13:37.000,25,2665
2026-09-23,2026-09-29,6,Design,372,12:13:37.000,12:14:06.000,29,2665
2026-09-23,2026-09-29,6,Design,373,12:14:06.000,12:14:41.000,35,4485
2026-09-23,2026-09-29,6,Design,374,12:14:41.000,12:14:43.000,2,3770
2026-09-23,2026-09-29,6,Design,375,12:14:43.000,12:14:48.000,5,3120
2026-09-23,2026-09-29,6,Design,376,12:14:48.000,12:15:06.000,18,2795
2026-09-23,2026-09-29,6,Design,377,12:15:06.000,12:16:07.000,61,2795
2026-09-23,2026-09-29,6,Design,378,12:16:07.000,12:16:42.000,35,2600
2026-09-23,2026-09-29,6,Design,379,12:16:42.000,12:18:00.000,78,3185
2026-09-23,2026-09-29,6,Design,380,12:18:00.000,12:19:01.000,61,2600
2026-09-23,2026-09-29,6,Design,381,12:19:01.000,12:19:35.000,34,2795
2026-09-23,2026-09-29,6,Design,382,12:19:35.000,12:20:15.000,40,2600
2026-09-23,2026-09-29,6,Design,383,12:20:15.000,12:21:21.000,66,2600
2026-09-23,2026-09-29,6,Design,384,12:21:21.000,12:21:51.000,30,2665
2026-09-23,2026-09-29,6,Design,385,12:21:51.000,12:21:56.000,5,3185
2026-09-23,2026-09-29,6,Design,386,12:21:56.000,12:22:00.000,4,3510
2026-09-23,2026-09-29,6,Design,387,12:22:00.000,12:22:03.000,3,3900
2026-09-23,2026-09-29,6,Design,388,12:22:03.000,12:22:06.000,3,3900
2026-09-23,2026-09-29,6,Design,389,12:22:06.000,12:22:11.000,5,2600
2026-09-23,2026-09-29,6,Design,390,12:22:11.000,12:22:18.000,7,2990
2026-09-23,2026-09-29,6,Design,391,12:22:18.000,12:23:15.000,57,2925
2026-09-23,2026-09-29,6,Design,392,12:23:15.000,12:23:29.000,14,9230
2026-09-23,2026-09-29,6,Design,393,12:23:29.000,12:23:29.000,0,6630
2026-09-23,2026-09-29,6,Design,394,12:23:30.000,12:23:30.000,0,4030
2026-09-23,2026-09-29,6,Design,395,12:23:31.000,12:24:00.000,29,2730
2026-09-23,2026-09-29,6,Design,396,12:24:00.000,12:24:21.000,21,2665
2026-09-23,2026-09-29,6,Design,397,12:24:21.000,12:24:47.000,26,2600
2026-09-23,2026-09-29,6,Design,398,12:24:47.000,12:25:44.000,57,2665
2026-09-23,2026-09-29,6,Design,399,12:25:44.000,12:26:21.000,37,3575
2026-09-23,2026-09-29,6,Design,400,12:26:21.000,12:27:13.000,52,3120
2026-09-23,2026-09-29,6,Design,401,12:27:13.000,12:27:36.000,23,2665
2026-09-23,2026-09-29,6,Design,402,12:27:36.000,12:29:02.000,86,3055
2026-09-23,2026-09-29,6,Design,403,12:29:02.000,12:30:05.000,63,2665
2026-09-23,2026-09-29,6,Design,404,12:30:05.000,12:30:54.000,49,2730
2026-09-23,2026-09-29,6,Design,405,12:30:54.000,12:31:24.000,30,2860
2026-09-23,2026-09-29,6,Design,406,12:31:24.000,12:31:50.000,26,2990
2026-09-23,2026-09-29,6,Design,407,12:31:50.000,12:32:44.000,54,3835
2026-09-23,2026-09-29,6,Design,408,12:32:44.000,12:32:49.000,5,3250
2026-09-23,2026-09-29,6,Design,409,12:32:49.000,12:33:14.000,25,4550
2026-09-23,2026-09-29,6,Design,410,12:33:14.000,12:33:17.000,3,3835
2026-09-23,2026-09-29,6,Design,411,12:33:17.000,12:33:42.000,25,2730
2026-09-23,2026-09-29,6,Design,412,12:33:42.000,12:34:13.000,31,3510
2026-09-23,2026-09-29,6,Design,413,12:34:13.000,12:34:52.000,39,2665
2026-09-23,2026-09-29,6,Design,414,12:34:52.000,12:35:57.000,65,2600
2026-09-23,2026-09-29,6,Design,415,12:35:57.000,12:39:24.000,207,2795
2026-09-23,2026-09-29,6,Design,416,12:39:24.000,12:40:58.000,94,3055
2026-09-23,2026-09-29,6,Design,417,12:40:58.000,12:42:29.000,91,2600
2026-09-23,2026-09-29,6,Design,418,12:42:29.000,12:43:59.000,90,2600
2026-09-23,2026-09-29,6,Design,419,12:43:59.000,12:46:25.000,146,2600
2026-09-23,2026-09-29,6,Design,420,12:46:25.000,12:47:39.000,74,3055
2026-09-23,2026-09-29,6,Design,421,12:47:39.000,12:48:14.000,35,2600
2026-09-23,2026-09-29,6,Design,422,12:48:14.000,12:48:53.000,39,2600
2026-09-23,2026-09-29,6,Design,423,12:48:53.000,12:50:30.000,97,2925
2026-09-23,2026-09-29,6,Design,424,12:50:30.000,12:51:29.000,59,3250
2026-09-23,2026-09-29,6,Design,425,12:51:29.000,12:52:40.000,71,2665
2026-09-23,2026-09-29,6,Design,426,12:52:40.000,12:54:36.000,116,2990
2026-09-23,2026-09-29,6,Design,427,12:54:36.000,12:56:09.000,93,2860
2026-09-23,2026-09-29,6,Design,428,12:56:09.000,12:58:17.000,128,2730
2026-09-23,2026-09-29,6,Design,429,12:58:17.000,12:58:50.000,33,2600
2026-09-23,2026-09-29,6,Design,430,12:58:50.000,13:00:21.000,91,2795
2026-09-23,2026-09-29,6,Design,431,13:00:21.000,13:01:24.000,63,2665
2026-09-23,2026-09-29,6,Design,432,13:01:24.000,13:02:31.000,67,2795
2026-09-23,2026-09-29,6,Design,433,13:02:31.000,13:03:15.000,44,2730
2026-09-23,2026-09-29,6,Design,434,13:03:15.000,13:03:42.000,27,2795
2026-09-23,2026-09-29,6,Design,435,13:03:42.000,13:04:17.000,35,2600
2026-09-23,2026-09-29,6,Design,436,13:04:17.000,13:06:50.000,153,2600
2026-09-23,2026-09-29,6,Design,437,13:06:50.000,13:08:13.000,83,3705
2026-09-23,2026-09-29,6,Design,438,13:08:13.000,13:08:18.000,5,3120
2026-09-23,2026-09-29,6,Design,439,13:08:18.000,13:08:59.000,41,2665
2026-09-23,2026-09-29,6,Design,440,13:08:59.000,13:09:32.000,33,3380
2026-09-23,2026-09-29,6,Design,441,13:09:32.000,13:10:54.000,82,2665
2026-09-23,2026-09-29,6,Design,442,13:10:54.000,13:11:32.000,38,2730
2026-09-23,2026-09-29,6,Design,443,13:11:32.000,13:12:22.000,50,2600
2026-09-23,2026-09-29,6,Design,444,13:12:22.000,13:14:56.000,154,2665
2026-09-23,2026-09-29,6,Design,445,13:14:56.000,13:16:17.000,81,2860
2026-09-23,2026-09-29,6,Design,446,13:16:17.000,13:18:40.000,143,3445
2026-09-23,2026-09-29,6,Design,447,13:18:40.000,13:20:14.000,94,2600
2026-09-23,2026-09-29,6,Design,448,13:20:14.000,13:22:43.000,149,19695
2026-09-23,2026-09-29,6,Design,449,13:22:43.000,13:22:43.000,0,17095
2026-09-23,2026-09-29,6,Design,450,13:22:44.000,13:22:44.000,0,14495
2026-09-23,2026-09-29,6,Design,451,13:22:44.000,13:22:44.000,0,11895
2026-09-23,2026-09-29,6,Design,452,13:22:45.000,13:22:45.000,0,10140
2026-09-23,2026-09-29,6,Design,453,13:22:45.000,13:22:45.000,0,7540
2026-09-23,2026-09-29,6,Design,454,13:22:45.000,13:22:45.000,0,4940
2026-09-23,2026-09-29,6,Design,455,13:22:45.000,13:22:51.000,6,2600
2026-09-23,2026-09-29,6,Design,456,13:22:51.000,13:22:58.000,7,2860
2026-09-23,2026-09-29,6,Design,457,13:22:58.000,13:23:01.000,3,2730
2026-09-23,2026-09-29,6,Design,458,13:23:01.000,13:23:12.000,11,2730
2026-09-23,2026-09-29,6,Design,459,13:23:12.000,13:23:56.000,44,2730
2026-09-23,2026-09-29,6,Design,460,13:23:56.000,13:25:36.000,100,4550
2026-09-23,2026-09-29,6,Design,461,13:25:36.000,13:25:53.000,17,2600
2026-09-23,2026-09-29,6,Design,462,13:25:53.000,13:28:28.000,155,2925
2026-09-23,2026-09-29,6,Design,463,13:28:28.000,13:29:32.000,64,2665
2026-09-23,2026-09-29,6,Design,464,13:29:32.000,13:29:42.000,10,2600
2026-09-23,2026-09-29,6,Design,465,13:29:42.000,13:30:17.000,35,4810
2026-09-23,2026-09-29,6,Design,466,13:30:17.000,13:30:18.000,1,3120
2026-09-23,2026-09-29,6,Design,467,13:30:18.000,13:30:38.000,20,2795
2026-09-23,2026-09-29,6,Design,468,13:30:38.000,13:30:41.000,3,8060
2026-09-23,2026-09-29,6,Design,469,13:30:41.000,13:30:41.000,0,5460
2026-09-23,2026-09-29,6,Design,470,13:30:42.000,13:30:42.000,0,2860
2026-09-23,2026-09-29,6,Design,471,13:30:42.000,13:30:48.000,6,2860
2026-09-23,2026-09-29,6,Design,472,13:30:48.000,13:31:32.000,44,2665
2026-09-23,2026-09-29,6,Design,473,13:31:32.000,13:32:05.000,33,4030
2026-09-23,2026-09-29,6,Design,474,13:32:05.000,13:32:15.000,10,3055
2026-09-23,2026-09-29,6,Design,475,13:32:15.000,13:32:47.000,32,3445
2026-09-23,2026-09-29,6,Design,476,13:32:47.000,13:33:08.000,21,3640
2026-09-23,2026-09-29,6,Design,477,13:33:08.000,13:33:51.000,43,2665
2026-09-23,2026-09-29,6,Design,478,13:33:51.000,13:35:00.000,69,2665
2026-09-23,2026-09-29,6,Design,479,13:35:00.000,13:35:43.000,43,2665
2026-09-23,2026-09-29,6,Design,480,13:35:43.000,13:35:53.000,10,3380
2026-09-23,2026-09-29,6,Design,481,13:35:53.000,13:36:08.000,15,2795
2026-09-23,2026-09-29,6,Design,482,13:36:08.000,13:36:37.000,29,2600
2026-09-23,2026-09-29,6,Design,483,13:36:37.000,13:37:14.000,37,2600
2026-09-23,2026-09-29,6,Design,484,13:37:14.000,13:38:20.000,66,3250
2026-09-23,2026-09-29,6,Design,485,13:38:20.000,13:39:11.000,51,2730
2026-09-23,2026-09-29,6,Design,486,13:39:11.000,13:42:01.000,170,3315
2026-09-23,2026-09-29,6,Design,487,13:42:01.000,13:42:24.000,23,2665
2026-09-23,2026-09-29,6,Design,488,13:42:24.000,13:44:36.000,132,2795
2026-09-23,2026-09-29,6,Design,489,13:44:36.000,13:46:53.000,137,2600
2026-09-23,2026-09-29,6,Design,490,13:46:53.000,13:47:27.000,34,2665
2026-09-23,2026-09-29,6,Design,491,13:47:27.000,13:49:01.000,94,2795
2026-09-23,2026-09-29,6,Design,492,13:49:01.000,13:50:34.000,93,2860
2026-09-23,2026-09-29,6,Design,493,13:50:34.000,13:51:13.000,39,2600
2026-09-23,2026-09-29,6,Design,494,13:51:13.000,13:52:26.000,73,2665
2026-09-23,2026-09-29,6,Design,495,13:52:26.000,13:54:01.000,95,3055
2026-09-23,2026-09-29,6,Design,496,13:54:01.000,13:54:17.000,16,2600
2026-09-23,2026-09-29,6,Design,497,13:54:17.000,13:54:35.000,18,2665
2026-09-23,2026-09-29,6,Design,498,13:54:35.000,13:54:51.000,16,3315
2026-09-23,2026-09-29,6,Design,499,13:54:51.000,13:55:02.000,11,2600
2026-09-23,2026-09-29,6,Design,500,13:55:02.000,13:57:05.000,123,2600
2026-09-23,2026-09-29,6,Design,501,13:57:05.000,13:58:42.000,97,2860
2026-09-23,2026-09-29,6,Design,502,13:58:42.000,14:00:01.000,79,2665
2026-09-23,2026-09-29,6,Design,503,14:00:01.000,14:01:43.000,102,2600
2026-09-23,2026-09-29,6,Design,504,14:01:43.000,14:03:28.000,105,3055
2026-09-23,2026-09-29,6,Design,505,14:03:28.000,14:03:39.000,11,5590
2026-09-23,2026-09-29,6,Design,506,14:03:39.000,14:03:39.000,0,2990
2026-09-23,2026-09-29,6,Design,507,14:03:41.000,14:05:15.000,94,2795
2026-09-23,2026-09-29,6,Design,508,14:05:15.000,14:06:59.000,104,2600
2026-09-23,2026-09-29,6,Design,509,14:06:59.000,14:07:52.000,53,2600
2026-09-23,2026-09-29,6,Design,510,14:07:52.000,14:08:51.000,59,2860
2026-09-23,2026-09-29,6,Design,511,14:08:51.000,14:09:03.000,12,3185
2026-09-23,2026-09-29,6,Design,512,14:09:03.000,14:09:19.000,16,2665
2026-09-23,2026-09-29,6,Design,513,14:09:19.000,14:09:30.000,11,2925
2026-09-23,2026-09-29,6,Design,514,14:09:30.000,14:10:08.000,38,14105
2026-09-23,2026-09-29,6,Design,515,14:10:08.000,14:10:08.000,0,11505
2026-09-23,2026-09-29,6,Design,516,14:10:08.000,14:10:08.000,0,8905
2026-09-23,2026-09-29,6,Design,517,14:10:08.000,14:10:08.000,0,6305
2026-09-23,2026-09-29,6,Design,518,14:10:09.000,14:10:09.000,0,3770
2026-09-23,2026-09-29,6,Design,519,14:10:09.000,14:10:16.000,7,3250
2026-09-23,2026-09-29,6,Design,520,14:10:16.000,14:10:22.000,6,2730
2026-09-23,2026-09-29,6,Design,521,14:10:22.000,14:10:32.000,10,5330
2026-09-23,2026-09-29,6,Design,522,14:10:32.000,14:10:32.000,0,2730
2026-09-23,2026-09-29,6,Design,523,14:10:33.000,14:10:46.000,13,3120
2026-09-23,2026-09-29,6,Design,524,14:10:46.000,14:11:19.000,33,2665
2026-09-23,2026-09-29,6,Design,525,14:11:19.000,14:12:39.000,80,2795
2026-09-23,2026-09-29,6,Design,526,14:12:39.000,14:13:04.000,25,2600
2026-09-23,2026-09-29,6,Design,527,14:13:04.000,14:15:15.000,131,2600
2026-09-23,2026-09-29,6,Design,528,14:15:15.000,14:16:58.000,103,2665
2026-09-23,2026-09-29,6,Design,529,14:16:58.000,14:17:38.000,40,2860
2026-09-23,2026-09-29,6,Design,530,14:17:38.000,14:18:46.000,68,2600
2026-09-23,2026-09-29,6,Design,531,14:18:46.000,14:20:33.000,107,2665
2026-09-23,2026-09-29,6,Design,532,14:20:33.000,14:21:36.000,63,2665
2026-09-23,2026-09-29,6,Design,533,14:21:36.000,14:22:38.000,62,2795
2026-09-23,2026-09-29,6,Design,534,14:22:38.000,14:23:46.000,68,2600
2026-09-23,2026-09-29,6,Design,535,14:23:46.000,14:24:19.000,33,2665
2026-09-23,2026-09-29,6,Design,536,14:24:19.000,14:25:55.000,96,3250
2026-09-23,2026-09-29,6,Design,537,14:25:55.000,14:26:48.000,53,2990
2026-09-23,2026-09-29,6,Design,538,14:26:48.000,14:27:43.000,55,2665
2026-09-23,2026-09-29,6,Design,539,14:27:43.000,14:28:32.000,49,4095
2026-09-23,2026-09-29,6,Design,540,14:28:32.000,14:28:47.000,15,2600
2026-09-23,2026-09-29,6,Design,541,14:28:47.000,14:28:52.000,5,21710
2026-09-23,2026-09-29,6,Design,542,14:28:52.000,14:28:52.000,0,19110
2026-09-23,2026-09-29,6,Design,543,14:28:53.000,14:28:53.000,0,16510
2026-09-23,2026-09-29,6,Design,544,14:28:53.000,14:28:53.000,0,13910
2026-09-23,2026-09-29,6,Design,545,14:28:54.000,14:28:54.000,0,11375
2026-09-23,2026-09-29,6,Design,546,14:28:54.000,14:28:54.000,0,8775
2026-09-23,2026-09-29,6,Design,547,14:28:55.000,14:28:55.000,0,6175
2026-09-23,2026-09-29,6,Design,548,14:28:55.000,14:28:55.000,0,3575
2026-09-23,2026-09-29,6,Design,549,14:28:55.000,14:29:07.000,12,3315
2026-09-23,2026-09-29,6,Design,550,14:29:07.000,14:29:28.000,21,2600
2026-09-23,2026-09-29,6,Design,551,14:29:28.000,14:29:38.000,10,2925
2026-09-23,2026-09-29,6,Design,552,14:29:38.000,14:29:40.000,2,6175
2026-09-23,2026-09-29,6,Design,553,14:29:40.000,14:29:40.000,0,3575
2026-09-23,2026-09-29,6,Design,554,14:29:41.000,14:29:42.000,1,8190
2026-09-23,2026-09-29,6,Design,555,14:29:42.000,14:29:42.000,0,5590
2026-09-23,2026-09-29,6,Design,556,14:29:43.000,14:29:43.000,0,2990
2026-09-23,2026-09-29,6,Design,557,14:29:43.000,14:29:43.000,0,2730
2026-09-23,2026-09-29,6,Design,558,14:29:43.000,14:29:52.000,9,2600
2026-09-23,2026-09-29,6,Design,559,14:29:52.000,14:30:12.000,20,2600
2026-09-23,2026-09-29,6,Design,560,14:30:12.000,14:31:23.000,71,2600
2026-09-23,2026-09-29,6,Design,561,14:31:23.000,14:32:06.000,43,2600
2026-09-23,2026-09-29,6,Design,562,14:32:06.000,14:32:39.000,33,3055
2026-09-23,2026-09-29,6,Design,563,14:32:39.000,14:33:30.000,51,2600
2026-09-23,2026-09-29,6,Design,564,14:33:30.000,14:35:16.000,106,2600
2026-09-23,2026-09-29,6,Design,565,14:35:16.000,14:36:55.000,99,2600
2026-09-23,2026-09-29,6,Design,566,14:36:55.000,14:37:45.000,50,3120
2026-09-23,2026-09-29,6,Design,567,14:37:45.000,14:38:43.000,58,2600
2026-09-23,2026-09-29,6,Design,568,14:38:43.000,14:39:11.000,28,2665
2026-09-23,2026-09-29,6,Design,569,14:39:11.000,14:40:27.000,76,2860
2026-09-23,2026-09-29,6,Design,570,14:40:27.000,14:41:09.000,42,3055
2026-09-23,2026-09-29,6,Design,571,14:41:09.000,14:41:43.000,34,2925
2026-09-23,2026-09-29,6,Design,572,14:41:43.000,14:42:10.000,27,2600
2026-09-23,2026-09-29,6,Design,573,14:42:10.000,14:42:28.000,18,2600
2026-09-23,2026-09-29,6,Design,574,14:42:28.000,14:42:47.000,19,4160
2026-09-23,2026-09-29,6,Design,575,14:42:47.000,14:42:56.000,9,2730
2026-09-23,2026-09-29,6,Design,576,14:42:56.000,14:43:23.000,27,2730
2026-09-23,2026-09-29,6,Design,577,14:43:23.000,14:44:18.000,55,3510
2026-09-23,2026-09-29,6,Design,578,14:44:18.000,14:44:30.000,12,2600
2026-09-23,2026-09-29,6,Design,579,14:44:30.000,14:44:58.000,28,2730
2026-09-23,2026-09-29,6,Design,580,14:44:58.000,14:45:12.000,14,2860
2026-09-23,2026-09-29,6,Design,581,14:45:12.000,14:45:29.000,17,2600
2026-09-23,2026-09-29,6,Design,582,14:45:29.000,14:45:47.000,18,2860
2026-09-23,2026-09-29,6,Design,583,14:45:47.000,14:46:04.000,17,3055
2026-09-23,2026-09-29,6,Design,584,14:46:04.000,14:46:19.000,15,2665
2026-09-23,2026-09-29,6,Design,585,14:46:19.000,14:46:49.000,30,2795
2026-09-23,2026-09-29,6,Design,586,14:46:49.000,14:46:59.000,10,2925
2026-09-23,2026-09-29,6,Design,587,14:46:59.000,14:47:20.000,21,2925
2026-09-23,2026-09-29,6,Design,588,14:47:20.000,14:47:25.000,5,4680
2026-09-23,2026-09-29,6,Design,589,14:47:25.000,14:47:26.000,1,3380
2026-09-23,2026-09-29,6,Design,590,14:47:26.000,14:47:31.000,5,3770
2026-09-23,2026-09-29,6,Design,591,14:47:31.000,14:47:36.000,5,2600
2026-09-23,2026-09-29,6,Design,592,14:47:36.000,14:47:48.000,12,3055
2026-09-23,2026-09-29,6,Design,593,14:47:48.000,14:48:03.000,15,2925
2026-09-23,2026-09-29,6,Design,594,14:48:03.000,14:48:35.000,32,3055
2026-09-23,2026-09-29,6,Design,595,14:48:35.000,14:48:45.000,10,2730
2026-09-23,2026-09-29,6,Design,596,14:48:45.000,14:48:59.000,14,2795
2026-09-23,2026-09-29,6,Design,597,14:48:59.000,14:49:13.000,14,3055
2026-09-23,2026-09-29,6,Design,598,14:49:13.000,14:49:32.000,19,2665
2026-09-23,2026-09-29,6,Design,599,14:49:32.000,14:49:50.000,18,2730
2026-09-23,2026-09-29,6,Design,600,14:49:50.000,14:50:03.000,13,2925
2026-09-23,2026-09-29,6,Design,601,14:50:03.000,14:50:19.000,16,2665
2026-09-23,2026-09-29,6,Design,602,14:50:19.000,14:51:10.000,51,2990
2026-09-23,2026-09-29,6,Design,603,14:51:10.000,14:51:24.000,14,2600
2026-09-23,2026-09-29,6,Design,604,14:51:24.000,14:51:51.000,27,2795
2026-09-23,2026-09-29,6,Design,605,14:51:51.000,14:52:08.000,17,2730
2026-09-23,2026-09-29,6,Design,606,14:52:08.000,14:52:14.000,6,2600
2026-09-23,2026-09-29,6,Design,607,14:52:14.000,14:52:26.000,12,2925
2026-09-23,2026-09-29,6,Design,608,14:52:26.000,14:52:43.000,17,2665
2026-09-23,2026-09-29,6,Design,609,14:52:43.000,14:53:11.000,28,2730
2026-09-23,2026-09-29,6,Design,610,14:53:11.000,14:53:18.000,7,2600
2026-09-23,2026-09-29,6,Design,611,14:53:18.000,14:53:30.000,12,2665
2026-09-23,2026-09-29,6,Design,612,14:53:30.000,14:54:26.000,56,2665
2026-09-23,2026-09-29,6,Design,613,14:54:26.000,14:54:38.000,12,2795
2026-09-23,2026-09-29,6,Design,614,14:54:38.000,14:54:58.000,20,2860
2026-09-23,2026-09-29,6,Design,615,14:54:58.000,14:55:06.000,8,2730
2026-09-23,2026-09-29,6,Design,616,14:55:06.000,14:55:17.000,11,2665
2026-09-23,2026-09-29,6,Design,617,14:55:17.000,14:55:36.000,19,2730
2026-09-23,2026-09-29,6,Design,618,14:55:36.000,14:55:49.000,13,2860
2026-09-23,2026-09-29,6,Design,619,14:55:49.000,14:56:22.000,33,2600
2026-09-23,2026-09-29,6,Design,620,14:56:22.000,14:57:00.000,38,2730
2026-09-23,2026-09-29,6,Design,621,14:57:00.000,14:57:32.000,32,3770
2026-09-23,2026-09-29,6,Design,622,14:57:32.000,14:57:45.000,13,2795
2026-09-23,2026-09-29,6,Design,623,14:57:45.000,14:58:03.000,18,2925
2026-09-23,2026-09-29,6,Design,624,14:58:03.000,14:58:13.000,10,3705
2026-09-23,2026-09-29,6,Design,625,14:58:13.000,14:58:20.000,7,2795
2026-09-23,2026-09-29,6,Design,626,14:58:20.000,14:58:35.000,15,2795
2026-09-23,2026-09-29,6,Design,627,14:58:35.000,14:58:38.000,3,2665
2026-09-23,2026-09-29,6,Design,628,14:58:38.000,14:59:23.000,45,2990
2026-09-23,2026-09-29,6,Design,629,14:59:23.000,14:59:46.000,23,2860
2026-09-23,2026-09-29,6,Design,630,14:59:46.000,14:59:57.000,11,2600
2026-09-23,2026-09-29,6,Design,631,14:59:57.000,15:00:12.000,15,2730
2026-09-23,2026-09-29,6,Design,632,15:00:12.000,15:00:18.000,6,2795
2026-09-23,2026-09-29,6,Design,633,15:00:18.000,15:00:27.000,9,2730
2026-09-23,2026-09-29,6,Design,634,15:00:27.000,15:00:46.000,19,2600
2026-09-23,2026-09-29,6,Design,635,15:00:46.000,15:01:14.000,28,2600
2026-09-23,2026-09-29,6,Design,636,15:01:14.000,15:01:50.000,36,2795
2026-09-23,2026-09-29,6,Design,637,15:01:50.000,15:02:03.000,13,3510
2026-09-23,2026-09-29,6,Design,638,15:02:03.000,15:02:11.000,8,3640
2026-09-23,2026-09-29,6,Design,639,15:02:11.000,15:02:16.000,5,5200
2026-09-23,2026-09-29,6,Design,640,15:02:16.000,15:02:16.000,0,2600
2026-09-23,2026-09-29,6,Design,641,15:02:18.000,15:02:37.000,19,2730
2026-09-23,2026-09-29,6,Design,642,15:02:37.000,15:03:34.000,57,2795
2026-09-23,2026-09-29,6,Design,643,15:03:34.000,15:04:30.000,56,2600
2026-09-23,2026-09-29,6,Design,644,15:04:30.000,15:05:14.000,44,2665
2026-09-23,2026-09-29,6,Design,645,15:05:14.000,15:05:34.000,20,2665
2026-09-23,2026-09-29,6,Design,646,15:05:34.000,15:06:33.000,59,2600
2026-09-23,2026-09-29,6,Design,647,15:06:33.000,15:06:56.000,23,2600
2026-09-23,2026-09-29,6,Design,648,15:06:56.000,15:08:39.000,103,2600
2026-09-23,2026-09-29,6,Design,649,15:08:39.000,15:09:12.000,33,4225
2026-09-23,2026-09-29,6,Design,650,15:09:12.000,15:09:30.000,18,2600
2026-09-23,2026-09-29,6,Design,651,15:09:30.000,15:10:01.000,31,3640
2026-09-23,2026-09-29,6,Design,652,15:10:01.000,15:10:08.000,7,2600
2026-09-23,2026-09-29,6,Design,653,15:10:08.000,15:10:49.000,41,2665
2026-09-23,2026-09-29,6,Design,654,15:10:49.000,15:12:12.000,83,2990
2026-09-23,2026-09-29,6,Design,655,15:12:12.000,15:13:08.000,56,2665
2026-09-23,2026-09-29,6,Design,656,15:13:08.000,15:14:06.000,58,2925
2026-09-23,2026-09-29,6,Design,657,15:14:06.000,15:15:25.000,79,2600
2026-09-23,2026-09-29,6,Design,658,15:15:25.000,15:16:46.000,81,3185
2026-09-23,2026-09-29,6,Design,659,15:16:46.000,15:17:01.000,15,3380
2026-09-23,2026-09-29,6,Design,660,15:17:01.000,15:17:26.000,25,2730
2026-09-23,2026-09-29,6,Design,661,15:17:26.000,15:18:22.000,56,2600
2026-09-23,2026-09-29,6,Design,662,15:18:22.000,15:19:03.000,41,2600
2026-09-23,2026-09-29,6,Design,663,15:19:03.000,15:20:02.000,59,2860
2026-09-23,2026-09-29,6,Design,664,15:20:02.000,15:20:07.000,5,2600
2026-09-23,2026-09-29,6,Design,665,15:20:07.000,15:21:18.000,71,2600
2026-09-23,2026-09-29,6,Design,666,15:21:18.000,15:22:32.000,74,2600
2026-09-23,2026-09-29,6,Design,667,15:22:32.000,15:23:55.000,83,3510
2026-09-23,2026-09-29,6,Design,668,15:23:55.000,15:24:29.000,34,2665
2026-09-23,2026-09-29,6,Design,669,15:24:29.000,15:25:50.000,81,2665
2026-09-23,2026-09-29,6,Design,670,15:25:50.000,15:26:49.000,59,2600
2026-09-23,2026-09-29,6,Design,671,15:26:49.000,15:27:37.000,48,2600
2026-09-23,2026-09-29,6,Design,672,15:27:37.000,15:28:59.000,82,2860
2026-09-23,2026-09-29,6,Design,673,15:28:59.000,15:29:54.000,55,2795
2026-09-23,2026-09-29,6,Design,674,15:29:54.000,15:30:00.000,6,845
