TradingDate,ExpiryDate,Dte,BaseBarIndex,WindowStartBaseBarIndex,WindowEndBaseBarIndex,WindowStartTimestamp,WindowEndTimestamp,WindowDurationSeconds,ApproxWindowVolume,FuturesStart,FuturesEnd,FuturesChangePoints,FuturesReturnPct,SelectedATMStrike,CeStart,CeEnd,CeChangePoints,CeReturnPct,PeStart,PeEnd,PeChangePoints,PeReturnPct,RollingState,PreviousRollingState,IsStateEntry,IsStateContinuation,IsStateExit,StateAge,StateEpisodeId,Missing,BaseBar1,BaseBar2,BaseBar3,BaseBar4,BaseBar5,BaseBar6,BaseBar7,BaseBar8,BaseBar9,BaseBar10
2026-09-22,2026-09-22,0,9,0,9,09:15:00.000,09:15:17.000,17,71890,23465.0000,23472.0000,7.0000,0.0298316641806946516087790300,23450.0000,59.5000,59.6000,0.1000,0.168067226890756302521008400,44.6000,42.4000,-2.2000,-4.9327354260089686098654708500,Other,Other,False,False,False,0,-1,False,Other,Other,Other,Other,Other,Other,Other,Other,Other,Other
2026-09-22,2026-09-22,0,10,1,10,09:15:01.000,09:15:23.000,22,69290,23470.0000,23470.8000,0.8000,0.00340860673199829569663400,23450.0000,64.8000,57.8500,-6.9500,-10.725308641975308641975308640,35.1500,45.4500,10.3000,29.302987197724039829302987200,A,Other,True,False,False,1,0,False,Other,Other,Other,Other,Other,Other,Other,Other,Other,Other
2026-09-22,2026-09-22,0,11,2,11,09:15:02.000,09:15:28.000,26,69485,23468.8000,23457.9000,-10.9000,-0.0464446413962367057540223600,23450.0000,61.9500,55.5500,-6.4000,-10.330912025827280064568200160,40.1000,47.1000,7.0000,17.456359102244389027431421450,Other,A,False,False,True,0,-1,False,Other,Other,Other,Other,Other,Other,Other,Other,Other,Other
2026-09-22,2026-09-22,0,12,3,12,09:15:04.000,09:15:33.000,29,69810,23470.0000,23469.4000,-0.6000,-0.002556455048998721772475500,23450.0000,59.7500,52.6000,-7.1500,-11.966527196652719665271966530,40.4000,48.0500,7.6500,18.935643564356435643564356440,Other,Other,False,False,False,0,-1,False,Other,Other,Other,Other,Other,Other,Other,Other,Other,A
2026-09-22,2026-09-22,0,13,4,13,09:15:07.000,09:15:49.000,42,57980,23477.6000,23464.0000,-13.6000,-0.057927556479367567383378200,23450.0000,65.9500,52.3500,-13.6000,-20.621683093252463987869598180,38.3500,49.9000,11.5500,30.117340286831812255541069100,Other,Other,False,False,False,0,-1,False,Other,Other,Other,Other,Other,Other,Other,Other,A,Other
2026-09-22,2026-09-22,0,14,5,14,09:15:09.000,09:16:03.000,54,47450,23474.2000,23457.3000,-16.9000,-0.0719939337655809356655391900,23450.0000,68.3500,55.1000,-13.2500,-19.385515727871250914411119240,36.6000,46.8000,10.2000,27.868852459016393442622950820,Other,Other,False,False,False,0,-1,False,Other,Other,Other,Other,Other,Other,Other,A,Other,Other
2026-09-22,2026-09-22,0,15,6,15,09:15:09.000,09:16:25.000,76,38935,23474.2000,23464.0000,-10.2000,-0.0434519600241967777389644800,23450.0000,68.3500,52.8500,-15.5000,-22.677395757132406730065837600,36.6000,50.9500,14.3500,39.207650273224043715846994540,Other,Other,False,False,False,0,-1,False,Other,Other,Other,Other,Other,Other,A,Other,Other,Other
2026-09-22,2026-09-22,0,16,7,16,09:15:09.000,09:16:33.000,84,33670,23474.4000,23460.0000,-14.4000,-0.0613434209181065330743277800,23450.0000,68.3500,53.7500,-14.6000,-21.360643745427944403803950260,36.6000,48.8500,12.2500,33.469945355191256830601092900,Other,Other,False,False,False,0,-1,False,Other,Other,Other,Other,Other,A,Other,Other,Other,Other
2026-09-22,2026-09-22,0,17,8,17,09:15:09.000,09:16:48.000,99,30290,23474.4000,23455.5000,-18.9000,-0.0805132399550148246600552100,23450.0000,68.3500,51.0000,-17.3500,-25.384052670080468178493050480,36.6000,53.5500,16.9500,46.311475409836065573770491800,Other,Other,False,False,False,0,-1,False,Other,Other,Other,Other,A,Other,Other,Other,Other,Other
2026-09-22,2026-09-22,0,18,9,18,09:15:10.000,09:16:56.000,106,29380,23472.6000,23448.0000,-24.6000,-0.1048030469568773804350604500,23450.0000,64.4000,47.5500,-16.8500,-26.164596273291925465838509320,38.1000,59.0000,20.9000,54.855643044619422572178477690,Other,Other,False,False,False,0,-1,False,Other,Other,Other,A,Other,Other,Other,Other,Other,Other
2026-09-22,2026-09-22,0,19,10,19,09:15:17.000,09:17:10.000,113,29900,23472.0000,23441.2000,-30.8000,-0.1312201772324471710974778500,23450.0000,59.6000,46.8500,-12.7500,-21.392617449664429530201342280,42.4000,60.9500,18.5500,43.7500,Other,Other,False,False,False,0,-1,False,Other,Other,A,Other,Other,Other,Other,Other,Other,Other
2026-09-22,2026-09-22,0,20,11,20,09:15:23.000,09:17:31.000,128,29770,23470.8000,23440.0000,-30.8000,-0.1312268861734580840874618700,23450.0000,57.8500,47.3000,-10.5500,-18.236819360414866032843560930,45.4500,60.1500,14.7000,32.343234323432343234323432340,Other,Other,False,False,False,0,-1,False,Other,A,Other,Other,Other,Other,Other,Other,Other,Other
2026-09-22,2026-09-22,0,21,12,21,09:15:28.000,09:17:58.000,150,29445,23457.9000,23450.0000,-7.9000,-0.0336773538978339919600646300,23450.0000,55.5500,46.4000,-9.1500,-16.471647164716471647164716470,47.1000,59.6500,12.5500,26.645435244161358811040339700,Other,Other,False,False,False,0,-1,False,A,Other,Other,Other,Other,Other,Other,Other,Other,Other
2026-09-22,2026-09-22,0,22,13,22,09:15:33.000,09:18:09.000,156,29185,23469.4000,23459.0000,-10.4000,-0.0443130203584241608221769600,23450.0000,52.6000,50.9000,-1.7000,-3.2319391634980988593155893500,48.0500,53.5000,5.4500,11.342351716961498439125910510,Other,Other,False,False,False,0,-1,False,Other,Other,Other,Other,Other,Other,Other,Other,Other,Other
2026-09-22,2026-09-22,0,23,14,23,09:15:49.000,09:19:03.000,194,28015,23464.0000,23455.0000,-9.0000,-0.0383566314353903852710535300,23450.0000,52.3500,48.3500,-4.0000,-7.6408787010506208213944603600,49.9000,52.8000,2.9000,5.8116232464929859719438877800,Other,Other,False,False,False,0,-1,False,Other,Other,Other,Other,Other,Other,Other,Other,Other,B
2026-09-22,2026-09-22,0,24,15,24,09:16:03.000,09:19:46.000,223,28340,23457.3000,23452.0000,-5.3000,-0.0225942457145536783858329800,23450.0000,55.1000,47.4000,-7.7000,-13.974591651542649727767695100,46.8000,53.7000,6.9000,14.743589743589743589743589740,Other,Other,False,False,False,0,-1,False,Other,Other,Other,Other,Other,Other,Other,Other,B,Other
2026-09-22,2026-09-22,0,25,16,25,09:16:25.000,09:20:01.000,216,29640,23464.0000,23451.5000,-12.5000,-0.053273099215819979543129900,23450.0000,52.8500,45.7500,-7.1000,-13.434247871333964049195837280,50.9500,54.5500,3.6000,7.0657507360157016683022571100,Other,Other,False,False,False,0,-1,False,Other,Other,Other,Other,Other,Other,Other,B,Other,Other
2026-09-22,2026-09-22,0,26,17,26,09:16:33.000,09:20:14.000,221,28925,23460.0000,23447.0000,-13.0000,-0.0554134697357203751065643600,23450.0000,53.7500,46.7000,-7.0500,-13.116279069767441860465116280,48.8500,54.2500,5.4000,11.054247697031729785056294780,Other,Other,False,False,False,0,-1,False,Other,Other,Other,Other,Other,Other,B,Other,Other,Other
2026-09-22,2026-09-22,0,27,18,27,09:16:48.000,09:20:23.000,215,28925,23455.5000,23452.6000,-2.9000,-0.0123638379058216622966894800,23450.0000,51.0000,49.6500,-1.3500,-2.6470588235294117647058823500,53.5500,51.1000,-2.4500,-4.5751633986928104575163398700,Other,Other,False,False,False,0,-1,False,Other,Other,Other,Other,Other,B,Other,Other,Other,Other
2026-09-22,2026-09-22,0,28,19,28,09:16:56.000,09:20:36.000,220,29380,23448.0000,23445.1000,-2.9000,-0.0123677925622654384169225500,23450.0000,47.5500,45.1500,-2.4000,-5.0473186119873817034700315500,59.0000,57.4000,-1.6000,-2.7118644067796610169491525400,Other,Other,False,False,False,0,-1,False,Other,Other,Other,Other,B,Other,Other,Other,Other,Other
2026-09-22,2026-09-22,0,29,20,29,09:17:10.000,09:20:59.000,229,28860,23441.2000,23440.0000,-1.2000,-0.0051191918502465744074535400,23450.0000,46.8500,45.1500,-1.7000,-3.6286019210245464247598719300,60.9500,57.6000,-3.3500,-5.4963084495488105004101722700,Other,Other,False,False,False,0,-1,False,Other,Other,Other,B,Other,Other,Other,Other,Other,Other
2026-09-22,2026-09-22,0,30,21,30,09:17:31.000,09:21:43.000,252,30550,23440.0000,23447.0000,7.0000,0.0298634812286689419795221800,23450.0000,47.3000,45.2000,-2.1000,-4.4397463002114164904862579300,60.1500,54.9500,-5.2000,-8.645054031587697423108894430,Other,Other,False,False,False,0,-1,False,Other,Other,B,Other,Other,Other,Other,Other,Other,Other
2026-09-22,2026-09-22,0,31,22,31,09:17:58.000,09:22:03.000,245,30680,23450.0000,23448.0000,-2.0000,-0.0085287846481876332622601300,23450.0000,46.4000,46.7500,0.3500,0.7543103448275862068965517200,59.6500,52.1000,-7.5500,-12.657166806370494551550712490,B,Other,True,False,False,1,1,False,Other,B,Other,Other,Other,Other,Other,Other,Other,Other
2026-09-22,2026-09-22,0,32,23,32,09:18:09.000,09:22:16.000,247,30745,23459.0000,23452.0000,-7.0000,-0.0298392940875570143654887300,23450.0000,50.9000,46.8000,-4.1000,-8.055009823182711198428290770,53.5000,51.8000,-1.7000,-3.1775700934579439252336448600,Other,B,False,False,True,0,-1,False,B,Other,Other,Other,Other,Other,Other,Other,Other,Other
2026-09-22,2026-09-22,0,33,24,33,09:19:03.000,09:22:26.000,203,30810,23455.0000,23457.9000,2.9000,0.0123641014709017267107226600,23450.0000,48.3500,47.8500,-0.5000,-1.0341261633919338159255429200,52.8000,50.4000,-2.4000,-4.5454545454545454545454545500,Other,Other,False,False,False,0,-1,False,Other,Other,Other,Other,Other,Other,Other,Other,Other,Other
2026-09-22,2026-09-22,0,34,25,34,09:19:46.000,09:22:46.000,180,30550,23452.0000,23460.0000,8.0000,0.0341122292341804536926488100,23450.0000,47.4000,47.5500,0.1500,0.3164556962025316455696202500,53.7000,50.7500,-2.9500,-5.4934823091247672253258845400,Other,Other,False,False,False,0,-1,False,Other,Other,Other,Other,Other,Other,Other,Other,Other,Other
2026-09-22,2026-09-22,0,35,26,35,09:20:01.000,09:23:09.000,188,29120,23451.5000,23450.0000,-1.5000,-0.0063961793488689422851416800,23450.0000,45.7500,45.7500,0.0000,0,54.5500,54.3500,-0.2000,-0.3666361136571952337305224600,Other,Other,False,False,False,0,-1,False,Other,Other,Other,Other,Other,Other,Other,Other,Other,Other
2026-09-22,2026-09-22,0,36,27,36,09:20:14.000,09:23:22.000,188,29705,23447.0000,23452.0000,5.0000,0.0213246897257644901266686600,23450.0000,46.7000,45.8500,-0.8500,-1.8201284796573875802997858700,54.2500,53.7500,-0.5000,-0.9216589861751152073732718900,Other,Other,False,False,False,0,-1,False,Other,Other,Other,Other,Other,Other,Other,Other,Other,A
2026-09-22,2026-09-22,0,37,28,37,09:20:23.000,09:23:49.000,206,29575,23452.6000,23446.0000,-6.6000,-0.0281418691317806980889112500,23450.0000,49.6500,46.5000,-3.1500,-6.3444108761329305135951661600,51.1000,52.0500,0.9500,1.8590998043052837573385518600,Other,Other,False,False,False,0,-1,False,Other,Other,Other,Other,Other,Other,Other,Other,A,B
2026-09-22,2026-09-22,0,38,29,38,09:20:36.000,09:24:34.000,238,29185,23445.1000,23456.6000,11.5000,0.0490507611398543832186682900,23450.0000,45.1500,47.6000,2.4500,5.4263565891472868217054263600,57.4000,50.6000,-6.8000,-11.846689895470383275261324040,Other,Other,False,False,False,0,-1,False,Other,Other,Other,Other,Other,Other,Other,A,B,Other
2026-09-22,2026-09-22,0,39,30,39,09:20:59.000,09:24:42.000,223,31265,23440.0000,23450.0000,10.0000,0.0426621160409556313993174100,23450.0000,45.1500,46.9500,1.8000,3.9867109634551495016611295700,57.6000,50.6000,-7.0000,-12.152777777777777777777777780,Other,Other,False,False,False,0,-1,False,Other,Other,Other,Other,Other,Other,A,B,Other,Other
2026-09-22,2026-09-22,0,40,31,40,09:21:43.000,09:24:44.000,181,29900,23447.0000,23449.3000,2.3000,0.0098093572738516654582675800,23450.0000,45.2000,46.9500,1.7500,3.8716814159292035398230088500,54.9500,50.9000,-4.0500,-7.370336669699727024567788900,Other,Other,False,False,False,0,-1,False,Other,Other,Other,Other,Other,A,B,Other,Other,Other
2026-09-22,2026-09-22,0,41,32,41,09:22:03.000,09:25:10.000,187,29900,23448.0000,23450.0000,2.0000,0.0085295121119071989082224500,23450.0000,46.7500,44.1500,-2.6000,-5.5614973262032085561497326200,52.1000,53.2500,1.1500,2.2072936660268714011516314800,A,Other,True,False,False,1,2,False,Other,Other,Other,Other,A,B,Other,Other,Other,A
2026-09-22,2026-09-22,0,42,33,42,09:22:16.000,09:25:30.000,194,29640,23452.0000,23445.0000,-7.0000,-0.0298482005799078969810677100,23450.0000,46.8000,43.3000,-3.5000,-7.4786324786324786324786324800,51.8000,54.5000,2.7000,5.2123552123552123552123552100,Other,A,False,False,True,0,-1,False,Other,Other,Other,A,B,Other,Other,Other,A,Other
2026-09-22,2026-09-22,0,43,34,43,09:22:26.000,09:25:33.000,187,30485,23457.9000,23452.4000,-5.5000,-0.0234462590427958171873867700,23450.0000,47.8500,43.9000,-3.9500,-8.254963427377220480668756530,50.4000,53.7500,3.3500,6.646825396825396825396825400,Other,Other,False,False,False,0,-1,False,Other,Other,A,B,Other,Other,Other,A,Other,Other
2026-09-22,2026-09-22,0,44,35,44,09:22:46.000,09:25:38.000,172,30485,23460.0000,23445.0000,-15.0000,-0.0639386189258312020460358100,23450.0000,47.5500,43.5500,-4.0000,-8.412197686645636172450052580,50.7500,54.7000,3.9500,7.783251231527093596059113300,Other,Other,False,False,False,0,-1,False,Other,A,B,Other,Other,Other,A,Other,Other,Other
2026-09-22,2026-09-22,0,45,36,45,09:23:09.000,09:25:49.000,160,31200,23450.0000,23445.0000,-5.0000,-0.0213219616204690831556503200,23450.0000,45.7500,43.9500,-1.8000,-3.9344262295081967213114754100,54.3500,54.1000,-0.2500,-0.459981600735970561177552900,Other,Other,False,False,False,0,-1,False,A,B,Other,Other,Other,A,Other,Other,Other,Other
2026-09-22,2026-09-22,0,46,37,46,09:23:22.000,09:25:52.000,150,30550,23452.0000,23447.7000,-4.3000,-0.0183353232133719938597987400,23450.0000,45.8500,43.8500,-2.0000,-4.3620501635768811341330425300,53.7500,54.3500,0.6000,1.1162790697674418604651162800,Other,Other,False,False,False,0,-1,False,B,Other,Other,Other,A,Other,Other,Other,Other,A
2026-09-22,2026-09-22,0,47,38,47,09:23:49.000,09:26:07.000,138,30615,23446.0000,23447.0000,1.0000,0.004265119849867781284654100,23450.0000,46.5000,43.0500,-3.4500,-7.4193548387096774193548387100,52.0500,55.6500,3.6000,6.9164265129682997118155619600,A,Other,True,False,False,1,3,False,Other,Other,Other,A,Other,Other,Other,Other,A,B
2026-09-22,2026-09-22,0,48,39,48,09:24:34.000,09:26:21.000,107,30680,23456.6000,23441.5000,-15.1000,-0.0643742059804063675042418800,23450.0000,47.6000,42.0000,-5.6000,-11.764705882352941176470588240,50.6000,56.7000,6.1000,12.055335968379446640316205530,Other,A,False,False,True,0,-1,False,Other,Other,A,Other,Other,Other,Other,A,B,Other
2026-09-22,2026-09-22,0,49,40,49,09:24:42.000,09:26:35.000,113,28600,23450.0000,23442.0000,-8.0000,-0.0341151385927505330490405100,23450.0000,46.9500,43.1500,-3.8000,-8.093716719914802981895633650,50.6000,55.5000,4.9000,9.683794466403162055335968380,Other,Other,False,False,False,0,-1,False,Other,A,Other,Other,Other,Other,A,B,Other,Other
2026-09-22,2026-09-22,0,50,41,50,09:24:44.000,09:26:53.000,129,28600,23449.3000,23448.5000,-0.8000,-0.0034116156985496368761540900,23450.0000,46.9500,42.3000,-4.6500,-9.904153354632587859424920130,50.9000,56.6500,5.7500,11.296660117878192534381139490,Other,Other,False,False,False,0,-1,False,A,Other,Other,Other,Other,A,B,Other,Other,A
2026-09-22,2026-09-22,0,51,42,51,09:25:10.000,09:27:05.000,115,28665,23450.0000,23440.0000,-10.0000,-0.0426439232409381663113006400,23450.0000,44.1500,41.5500,-2.6000,-5.8890147225368063420158550400,53.2500,57.4500,4.2000,7.8873239436619718309859154900,Other,Other,False,False,False,0,-1,False,Other,Other,Other,Other,A,B,Other,Other,A,Other
2026-09-22,2026-09-22,0,52,43,52,09:25:30.000,09:27:23.000,113,29055,23445.0000,23447.9000,2.9000,0.0123693751332906803156323300,23450.0000,43.3000,40.2000,-3.1000,-7.1593533487297921478060046200,54.5000,59.2500,4.7500,8.715596330275229357798165140,A,Other,True,False,False,1,4,False,Other,Other,Other,A,B,Other,Other,A,Other,A
2026-09-22,2026-09-22,0,53,44,53,09:25:33.000,09:27:33.000,120,28145,23452.4000,23440.0000,-12.4000,-0.0528730535041189814262079800,23450.0000,43.9000,39.4000,-4.5000,-10.250569476082004555808656040,53.7500,60.0000,6.2500,11.627906976744186046511627910,Other,A,False,False,True,0,-1,False,Other,Other,A,B,Other,Other,A,Other,A,Other
2026-09-22,2026-09-22,0,54,45,54,09:25:38.000,09:27:41.000,123,28405,23445.0000,23440.0000,-5.0000,-0.0213265088505011729579867800,23450.0000,43.5500,40.2000,-3.3500,-7.6923076923076923076923076900,54.7000,58.5500,3.8500,7.0383912248628884826325411300,Other,Other,False,False,False,0,-1,False,Other,A,B,Other,Other,A,Other,A,Other,Other
2026-09-22,2026-09-22,0,55,46,55,09:25:49.000,09:27:45.000,116,27625,23445.0000,23440.0000,-5.0000,-0.0213265088505011729579867800,23450.0000,43.9500,40.9000,-3.0500,-6.9397042093287827076222980700,54.1000,57.2500,3.1500,5.8225508317929759704251386300,Other,Other,False,False,False,0,-1,False,A,B,Other,Other,A,Other,A,Other,Other,Other
2026-09-22,2026-09-22,0,56,47,56,09:25:52.000,09:27:53.000,121,27560,23447.7000,23437.4000,-10.3000,-0.0439275493971690187097241900,23450.0000,43.8500,40.6500,-3.2000,-7.2976054732041049030786773100,54.3500,57.6500,3.3000,6.0717571297148114075436982500,Other,Other,False,False,False,0,-1,False,B,Other,Other,A,Other,A,Other,Other,Other,Other
2026-09-22,2026-09-22,0,57,48,57,09:26:07.000,09:27:55.000,108,28340,23447.0000,23437.4000,-9.6000,-0.0409434042734678210432038200,23450.0000,43.0500,41.0500,-2.0000,-4.6457607433217189314750290400,55.6500,56.9000,1.2500,2.2461814914645103324348607400,Other,Other,False,False,False,0,-1,False,Other,Other,A,Other,A,Other,Other,Other,Other,Other
2026-09-22,2026-09-22,0,58,49,58,09:26:21.000,09:28:21.000,120,28210,23441.5000,23444.0000,2.5000,0.0106648465328583921677367100,23450.0000,42.0000,41.1500,-0.8500,-2.0238095238095238095238095200,56.7000,56.4000,-0.3000,-0.5291005291005291005291005300,Other,Other,False,False,False,0,-1,False,Other,A,Other,A,Other,Other,Other,Other,Other,Other
2026-09-22,2026-09-22,0,59,50,59,09:26:35.000,09:28:55.000,140,28275,23442.0000,23448.0000,6.0000,0.0255950857435372408497568500,23450.0000,43.1500,42.0000,-1.1500,-2.6651216685979142526071842400,55.5000,54.5000,-1.0000,-1.801801801801801801801801800,Other,Other,False,False,False,0,-1,False,A,Other,A,Other,Other,Other,Other,Other,Other,Other
2026-09-22,2026-09-22,0,60,51,60,09:26:53.000,09:29:25.000,152,27950,23448.5000,23454.0000,5.5000,0.023455658144444207518604600,23450.0000,42.3000,44.1000,1.8000,4.2553191489361702127659574500,56.6500,51.5500,-5.1000,-9.002647837599293909973521620,Other,Other,False,False,False,0,-1,False,Other,A,Other,Other,Other,Other,Other,Other,Other,Other
2026-09-22,2026-09-22,0,61,52,61,09:27:05.000,09:30:23.000,198,27755,23440.0000,23458.0000,18.0000,0.0767918088737201365187713300,23450.0000,41.5500,48.4000,6.8500,16.486161251504211793020457280,57.4500,46.2000,-11.2500,-19.582245430809399477806788510,Other,Other,False,False,False,0,-1,False,A,Other,Other,Other,Other,Other,Other,Other,Other,Other
2026-09-22,2026-09-22,0,62,53,62,09:27:23.000,09:30:26.000,183,27365,23447.9000,23460.0000,12.1000,0.0516037683545221533698113700,23450.0000,40.2000,48.8000,8.6000,21.393034825870646766169154230,59.2500,45.7000,-13.5500,-22.869198312236286919831223630,Other,Other,False,False,False,0,-1,False,Other,Other,Other,Other,Other,Other,Other,Other,Other,Other
2026-09-22,2026-09-22,0,63,54,63,09:27:33.000,09:30:48.000,195,27495,23440.0000,23451.9000,11.9000,0.0507679180887372013651877100,23450.0000,39.4000,45.0500,5.6500,14.340101522842639593908629440,60.0000,50.6000,-9.4000,-15.666666666666666666666666670,Other,Other,False,False,False,0,-1,False,Other,Other,Other,Other,Other,Other,Other,Other,Other,Other
2026-09-22,2026-09-22,0,64,55,64,09:27:41.000,09:31:11.000,210,27235,23440.0000,23452.8000,12.8000,0.0546075085324232081911262800,23450.0000,40.2000,45.3500,5.1500,12.810945273631840796019900500,58.5500,50.0000,-8.5500,-14.602903501280956447480785650,Other,Other,False,False,False,0,-1,False,Other,Other,Other,Other,Other,Other,Other,Other,Other,A
2026-09-22,2026-09-22,0,65,56,65,09:27:45.000,09:31:47.000,242,27690,23440.0000,23451.0000,11.0000,0.0469283276450511945392491500,23450.0000,40.9000,46.6500,5.7500,14.058679706601466992665036670,57.2500,48.7000,-8.5500,-14.934497816593886462882096070,Other,Other,False,False,False,0,-1,False,Other,Other,Other,Other,Other,Other,Other,Other,A,B
2026-09-22,2026-09-22,0,66,57,66,09:27:53.000,09:32:17.000,264,27755,23437.4000,23451.0000,13.6000,0.0580269142481674588478244200,23450.0000,40.6500,46.9000,6.2500,15.375153751537515375153751540,57.6500,48.6500,-9.0000,-15.611448395490026019080659150,Other,Other,False,False,False,0,-1,False,Other,Other,Other,Other,Other,Other,Other,A,B,Other
2026-09-22,2026-09-22,0,67,58,67,09:27:55.000,09:32:45.000,290,27040,23437.4000,23451.5000,14.1000,0.0601602566837618507172297300,23450.0000,41.0500,43.8000,2.7500,6.6991473812423873325213154700,56.9000,51.9000,-5.0000,-8.787346221441124780316344460,Other,Other,False,False,False,0,-1,False,Other,Other,Other,Other,Other,Other,A,B,Other,A
2026-09-22,2026-09-22,0,68,59,68,09:28:21.000,09:32:55.000,274,27040,23444.0000,23451.0000,7.0000,0.0298583859409657055110049500,23450.0000,41.1500,42.8500,1.7000,4.1312272174969623329283110600,56.4000,52.8000,-3.6000,-6.3829787234042553191489361700,Other,Other,False,False,False,0,-1,False,Other,Other,Other,Other,Other,A,B,Other,A,Other
2026-09-22,2026-09-22,0,69,60,69,09:28:55.000,09:32:57.000,242,27625,23448.0000,23451.0000,3.0000,0.0127942681678607983623336700,23450.0000,42.0000,42.1000,0.1000,0.2380952380952380952380952400,54.5000,53.7500,-0.7500,-1.376146788990825688073394500,Other,Other,False,False,False,0,-1,False,Other,Other,Other,Other,A,B,Other,A,Other,Other
2026-09-22,2026-09-22,0,70,61,70,09:29:25.000,09:33:00.000,215,28145,23454.0000,23450.4000,-3.6000,-0.0153491941673062164236377600,23450.0000,44.1000,42.4500,-1.6500,-3.7414965986394557823129251700,51.5500,53.1500,1.6000,3.1037827352085354025218234700,Other,Other,False,False,False,0,-1,False,Other,Other,Other,A,B,Other,A,Other,Other,B
2026-09-22,2026-09-22,0,71,62,71,09:30:23.000,09:33:04.000,161,29055,23458.0000,23450.0000,-8.0000,-0.0341035041350498763747975100,23450.0000,48.4000,42.3000,-6.1000,-12.603305785123966942148760330,46.2000,53.0000,6.8000,14.718614718614718614718614720,Other,Other,False,False,False,0,-1,False,Other,Other,A,B,Other,A,Other,Other,B,Other
2026-09-22,2026-09-22,0,72,63,72,09:30:26.000,09:33:10.000,164,30420,23460.0000,23457.2000,-2.8000,-0.0119352088661551577152600200,23450.0000,48.8000,42.9000,-5.9000,-12.090163934426229508196721310,45.7000,52.3500,6.6500,14.551422319474835886214442010,Other,Other,False,False,False,0,-1,False,Other,A,B,Other,A,Other,Other,B,Other,Other
2026-09-22,2026-09-22,0,73,64,73,09:30:48.000,09:33:22.000,154,30810,23451.9000,23450.8000,-1.1000,-0.0046904515199194947957308400,23450.0000,45.0500,42.4500,-2.6000,-5.7713651498335183129855715900,50.6000,53.2000,2.6000,5.1383399209486166007905138300,Other,Other,False,False,False,0,-1,False,A,B,Other,A,Other,Other,B,Other,Other,Other
2026-09-22,2026-09-22,0,74,65,74,09:31:11.000,09:33:36.000,145,31135,23452.8000,23449.0000,-3.8000,-0.0162027561741028789739391500,23450.0000,45.3500,41.4500,-3.9000,-8.599779492833517089305402430,50.0000,54.1000,4.1000,8.200,Other,Other,False,False,False,0,-1,False,B,Other,A,Other,Other,B,Other,Other,Other,Other
2026-09-22,2026-09-22,0,75,66,75,09:31:47.000,09:33:38.000,111,30810,23451.0000,23448.6000,-2.4000,-0.0102341051554304720481002900,23450.0000,46.6500,41.0000,-5.6500,-12.111468381564844587352625940,48.7000,54.7000,6.0000,12.320328542094455852156057490,Other,Other,False,False,False,0,-1,False,Other,A,Other,Other,B,Other,Other,Other,Other,Other
2026-09-22,2026-09-22,0,76,67,76,09:32:17.000,09:33:48.000,91,30810,23451.0000,23454.4000,3.4000,0.0144983156368598354014754200,23450.0000,46.9000,41.0500,-5.8500,-12.473347547974413646055437100,48.6500,54.1500,5.5000,11.305241521068859198355601230,A,Other,True,False,False,1,5,False,A,Other,Other,B,Other,Other,Other,Other,Other,Other
2026-09-22,2026-09-22,0,77,68,77,09:32:45.000,09:34:24.000,99,30680,23451.5000,23443.0000,-8.5000,-0.0362450163102573396158028300,23450.0000,43.8000,41.5000,-2.3000,-5.2511415525114155251141552500,51.9000,54.4500,2.5500,4.9132947976878612716763005800,Other,A,False,False,True,0,-1,False,Other,Other,B,Other,Other,Other,Other,Other,Other,Other
2026-09-22,2026-09-22,0,78,69,78,09:32:55.000,09:35:03.000,128,31200,23451.0000,23450.0000,-1.0000,-0.0042642104814293633533751200,23450.0000,42.8500,42.7500,-0.1000,-0.2333722287047841306884480700,52.8000,52.0500,-0.7500,-1.4204545454545454545454545500,Other,Other,False,False,False,0,-1,False,Other,B,Other,Other,Other,Other,Other,Other,Other,Other
2026-09-22,2026-09-22,0,79,70,79,09:32:57.000,09:35:35.000,158,30615,23451.0000,23441.1000,-9.9000,-0.0422156837661506971984137100,23450.0000,42.1000,41.6000,-0.5000,-1.1876484560570071258907363400,53.7500,54.3500,0.6000,1.1162790697674418604651162800,Other,Other,False,False,False,0,-1,False,B,Other,Other,Other,Other,Other,Other,Other,Other,Other
2026-09-22,2026-09-22,0,80,71,80,09:33:00.000,09:36:21.000,201,30615,23450.4000,23445.0000,-5.4000,-0.0230273257599017500767577500,23450.0000,42.4500,41.1500,-1.3000,-3.0624263839811542991755005900,53.1500,54.3500,1.2000,2.2577610536218250235183443100,Other,Other,False,False,False,0,-1,False,Other,Other,Other,Other,Other,Other,Other,Other,Other,A
2026-09-22,2026-09-22,0,81,72,81,09:33:04.000,09:36:52.000,228,29705,23450.0000,23441.4000,-8.6000,-0.0366737739872068230277185500,23450.0000,42.3000,41.1500,-1.1500,-2.7186761229314420803782505900,53.0000,54.4000,1.4000,2.6415094339622641509433962300,Other,Other,False,False,False,0,-1,False,Other,Other,Other,Other,Other,Other,Other,Other,A,Other
2026-09-22,2026-09-22,0,82,73,82,09:33:10.000,09:37:10.000,240,28405,23457.2000,23451.6000,-5.6000,-0.0238732670565966952577460200,23450.0000,42.9000,42.9500,0.0500,0.1165501165501165501165501200,52.3500,51.0000,-1.3500,-2.5787965616045845272206303700,B,Other,True,False,False,1,6,False,Other,Other,Other,Other,Other,Other,Other,A,Other,Other
2026-09-22,2026-09-22,0,83,74,83,09:33:22.000,09:37:54.000,272,27755,23450.8000,23446.1000,-4.7000,-0.0200419601889914203353403700,23450.0000,42.4500,43.5000,1.0500,2.4734982332155477031802120100,53.2000,49.9500,-3.2500,-6.1090225563909774436090225600,B,B,False,True,False,2,6,False,Other,Other,Other,Other,Other,Other,A,Other,Other,B
2026-09-22,2026-09-22,0,84,75,84,09:33:36.000,09:38:37.000,301,28795,23449.0000,23458.1000,9.1000,0.0388076250586378950061836300,23450.0000,41.4500,46.8500,5.4000,13.027744270205066344993968640,54.1000,46.3000,-7.8000,-14.417744916820702402957486140,Other,B,False,False,True,0,-1,False,Other,Other,Other,Other,Other,A,Other,Other,B,Other
2026-09-22,2026-09-22,0,85,76,85,09:33:38.000,09:38:39.000,301,28990,23448.6000,23457.0000,8.4000,0.0358230342109976715027762900,23450.0000,41.0000,46.3500,5.3500,13.048780487804878048780487800,54.7000,46.8500,-7.8500,-14.351005484460694698354661790,Other,Other,False,False,False,0,-1,False,Other,Other,Other,Other,A,Other,Other,B,Other,B
2026-09-22,2026-09-22,0,86,77,86,09:33:48.000,09:39:21.000,333,28990,23454.4000,23458.0000,3.6000,0.0153489323964799781704072600,23450.0000,41.0500,45.7000,4.6500,11.327649208282582216808769790,54.1500,48.1000,-6.0500,-11.172668513388734995383194830,Other,Other,False,False,False,0,-1,False,Other,Other,Other,A,Other,Other,B,Other,B,A
2026-09-22,2026-09-22,0,87,78,87,09:34:24.000,09:39:56.000,332,28990,23443.0000,23458.0000,15.0000,0.063984984856886917203429600,23450.0000,41.5000,45.9000,4.4000,10.602409638554216867469879520,54.4500,48.1500,-6.3000,-11.570247933884297520661157020,Other,Other,False,False,False,0,-1,False,Other,Other,A,Other,Other,B,Other,B,A,Other
2026-09-22,2026-09-22,0,88,79,88,09:35:03.000,09:40:17.000,314,28600,23450.0000,23453.0000,3.0000,0.0127931769722814498933901900,23450.0000,42.7500,45.7000,2.9500,6.900584795321637426900584800,52.0500,48.1500,-3.9000,-7.4927953890489913544668587900,Other,Other,False,False,False,0,-1,False,Other,A,Other,Other,B,Other,B,A,Other,Other
2026-09-22,2026-09-22,0,89,80,89,09:35:35.000,09:41:05.000,330,28990,23441.1000,23454.2000,13.1000,0.0558847494358199913826569600,23450.0000,41.6000,47.1500,5.5500,13.341346153846153846153846150,54.3500,45.4500,-8.9000,-16.375344986200551977920883160,Other,Other,False,False,False,0,-1,False,A,Other,Other,B,Other,B,A,Other,Other,Other
2026-09-22,2026-09-22,0,90,81,90,09:36:21.000,09:41:18.000,297,28795,23445.0000,23465.0000,20.0000,0.0853060354020046918319471100,23450.0000,41.1500,48.6500,7.5000,18.226002430133657351154313490,54.3500,43.8000,-10.5500,-19.411223551057957681692732290,Other,Other,False,False,False,0,-1,False,Other,Other,B,Other,B,A,Other,Other,Other,Other
2026-09-22,2026-09-22,0,91,82,91,09:36:52.000,09:41:43.000,291,28795,23441.4000,23464.9000,23.5000,0.1002499850691511599136570300,23450.0000,41.1500,48.2000,7.0500,17.132442284325637910085054680,54.4000,44.2500,-10.1500,-18.658088235294117647058823530,Other,Other,False,False,False,0,-1,False,Other,B,Other,B,A,Other,Other,Other,Other,B
2026-09-22,2026-09-22,0,92,83,92,09:37:10.000,09:42:24.000,314,28990,23451.6000,23465.0000,13.4000,0.0571389585358781490388715500,23450.0000,42.9500,48.2000,5.2500,12.223515715948777648428405120,51.0000,43.6500,-7.3500,-14.411764705882352941176470590,Other,Other,False,False,False,0,-1,False,B,Other,B,A,Other,Other,Other,Other,B,Other
2026-09-22,2026-09-22,0,93,84,93,09:37:54.000,09:43:03.000,309,29380,23446.1000,23469.0000,22.9000,0.0976708279841850030495476900,23450.0000,43.5000,50.4000,6.9000,15.862068965517241379310344830,49.9500,41.2000,-8.7500,-17.517517517517517517517517520,Other,Other,False,False,False,0,-1,False,Other,B,A,Other,Other,Other,Other,B,Other,Other
2026-09-22,2026-09-22,0,94,85,94,09:38:37.000,09:43:16.000,279,28210,23458.1000,23469.0000,10.9000,0.0464658263030680234119557800,23450.0000,46.8500,50.5500,3.7000,7.897545357524012806830309500,46.3000,41.5000,-4.8000,-10.367170626349892008639308860,Other,Other,False,False,False,0,-1,False,B,A,Other,Other,Other,Other,B,Other,Other,Other
2026-09-22,2026-09-22,0,95,86,95,09:38:39.000,09:43:37.000,298,29770,23457.0000,23470.0000,13.0000,0.0554205567634394850151340800,23450.0000,46.3500,48.2500,1.9000,4.0992448759439050701186623500,46.8500,43.6500,-3.2000,-6.8303094983991462113127001100,Other,Other,False,False,False,0,-1,False,A,Other,Other,Other,Other,B,Other,Other,Other,A
2026-09-22,2026-09-22,0,96,87,96,09:39:21.000,09:43:39.000,258,31525,23458.0000,23461.3000,3.3000,0.0140676954557080740046039700,23450.0000,45.7000,48.0500,2.3500,5.1422319474835886214442013100,48.1000,44.2500,-3.8500,-8.00415800415800415800415800,Other,Other,False,False,False,0,-1,False,Other,Other,Other,Other,B,Other,Other,Other,A,Other
2026-09-22,2026-09-22,0,97,88,97,09:39:56.000,09:43:41.000,225,32695,23458.0000,23460.2000,2.2000,0.0093784636371387160030693200,23450.0000,45.9000,48.0000,2.1000,4.5751633986928104575163398700,48.1500,44.1000,-4.0500,-8.411214953271028037383177570,Other,Other,False,False,False,0,-1,False,Other,Other,Other,B,Other,Other,Other,A,Other,Other
2026-09-22,2026-09-22,0,98,89,98,09:40:17.000,09:43:42.000,205,32825,23453.0000,23460.2000,7.2000,0.0306996972668741738796742400,23450.0000,45.7000,47.7500,2.0500,4.4857768052516411378555798700,48.1500,43.9500,-4.2000,-8.722741433021806853582554520,Other,Other,False,False,False,0,-1,False,Other,Other,B,Other,Other,Other,A,Other,Other,Other
2026-09-22,2026-09-22,0,99,90,99,09:41:05.000,09:44:04.000,179,32500,23454.2000,23458.0000,3.8000,0.016201789018597948341874800,23450.0000,47.1500,47.9000,0.7500,1.5906680805938494167550371200,45.4500,43.8500,-1.6000,-3.5203520352035203520352035200,Other,Other,False,False,False,0,-1,False,Other,B,Other,Other,Other,A,Other,Other,Other,B
2026-09-22,2026-09-22,0,100,91,100,09:41:18.000,09:44:12.000,174,33280,23465.0000,23460.0000,-5.0000,-0.0213083315576390368634135900,23450.0000,48.6500,47.7500,-0.9000,-1.8499486125385405960945529300,43.8000,43.8000,0.0000,0,Other,Other,False,False,False,0,-1,False,B,Other,Other,Other,A,Other,Other,Other,B,A
2026-09-22,2026-09-22,0,101,92,101,09:41:43.000,09:44:14.000,151,35880,23464.9000,23470.0000,5.1000,0.0217345908143652860229534300,23450.0000,48.2000,48.2000,0.0000,0,44.2500,43.3000,-0.9500,-2.146892655367231638418079100,Other,Other,False,False,False,0,-1,False,Other,Other,Other,A,Other,Other,Other,B,A,Other
2026-09-22,2026-09-22,0,102,93,102,09:42:24.000,09:44:14.000,110,35620,23465.0000,23470.0000,5.0000,0.0213083315576390368634135900,23450.0000,48.2000,48.2000,0.0000,0,43.6500,43.3000,-0.3500,-0.8018327605956471935853379200,Other,Other,False,False,False,0,-1,False,Other,Other,A,Other,Other,Other,B,A,Other,Other
2026-09-22,2026-09-22,0,103,94,103,09:43:03.000,09:44:16.000,73,36725,23469.0000,23459.9000,-9.1000,-0.0387745536665388384677659900,23450.0000,50.4000,48.3500,-2.0500,-4.0674603174603174603174603200,41.2000,43.1000,1.9000,4.6116504854368932038834951500,Other,Other,False,False,False,0,-1,False,Other,A,Other,Other,Other,B,A,Other,Other,Other
2026-09-22,2026-09-22,0,104,95,104,09:43:16.000,09:44:17.000,61,39260,23469.0000,23459.9000,-9.1000,-0.0387745536665388384677659900,23450.0000,50.5500,48.4000,-2.1500,-4.2532146389713155291790306600,41.5000,43.1000,1.6000,3.8554216867469879518072289200,Other,Other,False,False,False,0,-1,False,A,Other,Other,Other,B,A,Other,Other,Other,Other
2026-09-22,2026-09-22,0,105,96,105,09:43:37.000,09:44:17.000,40,37570,23470.0000,23459.9000,-10.1000,-0.0430336599914784831700042600,23450.0000,48.2500,48.4000,0.1500,0.310880829015544041450777200,43.6500,43.1000,-0.5500,-1.2600229095074455899198167200,B,Other,True,False,False,1,7,False,Other,Other,Other,B,A,Other,Other,Other,Other,Other
2026-09-22,2026-09-22,0,106,97,106,09:43:39.000,09:44:19.000,40,36010,23461.3000,23459.7000,-1.6000,-0.0068197414465524075818475500,23450.0000,48.0500,48.7000,0.6500,1.3527575442247658688865764800,44.2500,42.9000,-1.3500,-3.0508474576271186440677966100,B,B,False,True,False,2,7,False,Other,Other,B,A,Other,Other,Other,Other,Other,Other
2026-09-22,2026-09-22,0,107,98,107,09:43:41.000,09:44:46.000,65,34840,23460.2000,23459.9000,-0.3000,-0.0012787614768842550361889500,23450.0000,48.0000,47.5500,-0.4500,-0.937500,44.1000,43.7000,-0.4000,-0.9070294784580498866213151900,Other,B,False,False,True,0,-1,False,Other,B,A,Other,Other,Other,Other,Other,Other,A
2026-09-22,2026-09-22,0,108,99,108,09:43:42.000,09:45:25.000,103,34645,23460.2000,23460.8000,0.6000,0.002557522953768510072377900,23450.0000,47.7500,48.7500,1.0000,2.0942408376963350785340314100,43.9500,43.1500,-0.8000,-1.8202502844141069397042093300,Other,Other,False,False,False,0,-1,False,B,A,Other,Other,Other,Other,Other,Other,A,Other
2026-09-22,2026-09-22,0,109,100,109,09:44:04.000,09:45:54.000,110,34905,23458.0000,23460.0000,2.0000,0.0085258760337624690936993800,23450.0000,47.9000,47.3500,-0.5500,-1.1482254697286012526096033400,43.8500,44.3500,0.5000,1.1402508551881413911060433300,A,Other,True,False,False,1,8,False,A,Other,Other,Other,Other,Other,Other,A,Other,Other
2026-09-22,2026-09-22,0,110,101,110,09:44:12.000,09:46:22.000,130,35100,23460.0000,23467.0000,7.0000,0.0298380221653878942881500400,23450.0000,47.7500,48.5000,0.7500,1.5706806282722513089005235600,43.8000,42.9000,-0.9000,-2.0547945205479452054794520500,Other,A,False,False,True,0,-1,False,Other,Other,Other,Other,Other,Other,A,Other,Other,Other
2026-09-22,2026-09-22,0,111,102,111,09:44:14.000,09:46:27.000,133,32760,23470.0000,23464.6000,-5.4000,-0.0230080954409884959522795100,23450.0000,48.2000,48.3000,0.1000,0.2074688796680497925311203300,43.3000,43.3000,0.0000,0,Other,Other,False,False,False,0,-1,False,Other,Other,Other,Other,Other,A,Other,Other,Other,B
2026-09-22,2026-09-22,0,112,103,112,09:44:16.000,09:46:35.000,139,32760,23459.9000,23470.0000,10.1000,0.0430521869232179165299084800,23450.0000,48.3500,49.1000,0.7500,1.5511892450879007238883143700,43.1000,42.5500,-0.5500,-1.2761020881670533642691415300,Other,Other,False,False,False,0,-1,False,Other,Other,Other,Other,A,Other,Other,Other,B,A
2026-09-22,2026-09-22,0,113,104,113,09:44:16.000,09:46:42.000,146,33345,23459.9000,23472.5000,12.6000,0.0537086688349055196313709800,23450.0000,48.3500,48.5000,0.1500,0.3102378490175801447776628700,43.1000,42.9500,-0.1500,-0.3480278422273781902552204200,Other,Other,False,False,False,0,-1,False,Other,Other,Other,A,Other,Other,Other,B,A,Other
2026-09-22,2026-09-22,0,114,105,114,09:44:17.000,09:46:43.000,146,30680,23459.9000,23470.0000,10.1000,0.0430521869232179165299084800,23450.0000,48.4000,48.7000,0.3000,0.6198347107438016528925619800,43.1000,42.6500,-0.4500,-1.0440835266821345707656612500,Other,Other,False,False,False,0,-1,False,Other,Other,A,Other,Other,Other,B,A,Other,B
2026-09-22,2026-09-22,0,115,106,115,09:44:18.000,09:46:50.000,152,31980,23459.7000,23467.5000,7.8000,0.0332485070141561912556426600,23450.0000,48.6000,49.0000,0.4000,0.823045267489711934156378600,43.0000,42.6500,-0.3500,-0.8139534883720930232558139500,Other,Other,False,False,False,0,-1,False,Other,A,Other,Other,Other,B,A,Other,B,B
2026-09-22,2026-09-22,0,116,107,116,09:44:19.000,09:46:53.000,154,31785,23459.7000,23472.9000,13.2000,0.056266704177802785201856800,23450.0000,48.7000,49.1000,0.4000,0.8213552361396303901437371700,42.9000,42.5500,-0.3500,-0.8158508158508158508158508200,Other,Other,False,False,False,0,-1,False,A,Other,Other,Other,B,A,Other,B,B,Other
2026-09-22,2026-09-22,0,117,108,117,09:44:46.000,09:47:23.000,157,31980,23459.9000,23469.9000,10.0000,0.0426259276467504124058499800,23450.0000,47.5500,49.3500,1.8000,3.7854889589905362776025236600,43.7000,41.8000,-1.9000,-4.3478260869565217391304347800,Other,Other,False,False,False,0,-1,False,Other,Other,Other,B,A,Other,B,B,Other,B
2026-09-22,2026-09-22,0,118,109,118,09:45:25.000,09:47:27.000,122,33670,23460.8000,23475.0000,14.2000,0.0605264952601786810338948400,23450.0000,48.7500,49.4500,0.7000,1.4358974358974358974358974400,43.1500,42.1500,-1.0000,-2.3174971031286210892236384700,Other,Other,False,False,False,0,-1,False,Other,Other,B,A,Other,B,B,Other,B,A
2026-09-22,2026-09-22,0,119,110,119,09:45:54.000,09:47:28.000,94,33540,23460.0000,23464.9000,4.9000,0.0208866155157715260017050300,23450.0000,47.3500,49.4000,2.0500,4.3294614572333685322069693800,44.3500,42.1000,-2.2500,-5.0732807215332581736189402500,Other,Other,False,False,False,0,-1,False,Other,B,A,Other,B,B,Other,B,A,Other
2026-09-22,2026-09-22,0,120,111,120,09:46:22.000,09:47:42.000,80,32305,23467.0000,23463.4000,-3.6000,-0.0153406911833638726722631800,23450.0000,48.5000,48.6500,0.1500,0.309278350515463917525773200,42.9000,42.8500,-0.0500,-0.1165501165501165501165501200,B,Other,True,False,False,1,9,False,B,A,Other,B,B,Other,B,A,Other,B
2026-09-22,2026-09-22,0,121,112,121,09:46:27.000,09:48:02.000,95,32175,23464.6000,23473.0000,8.4000,0.0357986072637078833647281400,23450.0000,48.3000,49.3500,1.0500,2.1739130434782608695652173900,43.3000,41.8000,-1.5000,-3.4642032332563510392609699800,Other,B,False,False,True,0,-1,False,A,Other,B,B,Other,B,A,Other,B,A
2026-09-22,2026-09-22,0,122,113,122,09:46:35.000,09:48:41.000,126,32175,23470.0000,23468.9000,-1.1000,-0.0046868342564976565828717500,23450.0000,49.1000,48.8500,-0.2500,-0.5091649694501018329938900200,42.5500,42.1000,-0.4500,-1.0575793184488836662749706200,Other,Other,False,False,False,0,-1,False,Other,B,B,Other,B,A,Other,B,A,B
2026-09-22,2026-09-22,0,123,114,123,09:46:42.000,09:48:55.000,133,30160,23472.5000,23473.0000,0.5000,0.0021301523058898711257854900,23450.0000,48.5000,47.4500,-1.0500,-2.1649484536082474226804123700,42.9500,43.5500,0.6000,1.3969732246798603026775320100,A,Other,True,False,False,1,10,False,B,B,Other,B,A,Other,B,A,B,A
2026-09-22,2026-09-22,0,124,115,124,09:46:43.000,09:49:12.000,149,30225,23470.0000,23463.5000,-6.5000,-0.0276949296974861525351512600,23450.0000,48.7000,46.3500,-2.3500,-4.8254620123203285420944558500,42.6500,44.2500,1.6000,3.7514654161781946072684642400,Other,A,False,False,True,0,-1,False,B,Other,B,A,Other,B,A,B,A,Other
2026-09-22,2026-09-22,0,125,116,125,09:46:50.000,09:49:27.000,157,28925,23467.5000,23471.0000,3.5000,0.0149142431021625652498135700,23450.0000,49.0000,46.7500,-2.2500,-4.5918367346938775510204081600,42.6500,43.6000,0.9500,2.2274325908558030480656506400,A,Other,True,False,False,1,11,False,Other,B,A,Other,B,A,B,A,Other,Other
2026-09-22,2026-09-22,0,126,117,126,09:46:53.000,09:49:35.000,162,29120,23472.9000,23465.2000,-7.7000,-0.0328037864942124748113782300,23450.0000,49.1000,46.2500,-2.8500,-5.8044806517311608961303462300,42.5500,44.0500,1.5000,3.5252643948296122209165687400,Other,A,False,False,True,0,-1,False,B,A,Other,B,A,B,A,Other,Other,Other
2026-09-22,2026-09-22,0,127,118,127,09:47:23.000,09:49:40.000,137,29185,23469.9000,23464.0000,-5.9000,-0.0251385817579111968947460400,23450.0000,49.3500,46.2000,-3.1500,-6.3829787234042553191489361700,41.8000,44.2500,2.4500,5.8612440191387559808612440200,Other,Other,False,False,False,0,-1,False,A,Other,B,A,B,A,Other,Other,Other,Other
2026-09-22,2026-09-22,0,128,119,128,09:47:27.000,09:50:24.000,177,27495,23475.0000,23463.1000,-11.9000,-0.0506922257720979765708200200,23450.0000,49.4500,49.3500,-0.1000,-0.2022244691607684529828109200,42.1500,41.1500,-1.0000,-2.372479240806642941874258600,Other,Other,False,False,False,0,-1,False,Other,B,A,B,A,Other,Other,Other,Other,B
2026-09-22,2026-09-22,0,129,120,129,09:47:28.000,09:50:46.000,198,27365,23464.9000,23468.0000,3.1000,0.0132112218675553699355207100,23450.0000,49.4000,49.5500,0.1500,0.3036437246963562753036437200,42.1000,41.3500,-0.7500,-1.7814726840855106888361045100,Other,Other,False,False,False,0,-1,False,B,A,B,A,Other,Other,Other,Other,B,Other
2026-09-22,2026-09-22,0,130,121,130,09:47:42.000,09:51:37.000,235,27430,23463.4000,23464.5000,1.1000,0.0046881526121533963534696600,23450.0000,48.6500,46.4500,-2.2000,-4.5220966084275436793422404900,42.8500,43.7000,0.8500,1.9836639439906651108518086300,A,Other,True,False,False,1,12,False,A,B,A,Other,Other,Other,Other,B,Other,Other
2026-09-22,2026-09-22,0,131,122,131,09:48:02.000,09:52:01.000,239,27820,23473.0000,23463.0000,-10.0000,-0.0426021386273590934264900100,23450.0000,49.3500,44.5500,-4.8000,-9.726443768996960486322188450,41.8000,44.7000,2.9000,6.9377990430622009569377990400,Other,A,False,False,True,0,-1,False,B,A,Other,Other,Other,Other,B,Other,Other,Other
2026-09-22,2026-09-22,0,132,123,132,09:48:41.000,09:52:19.000,218,27885,23468.9000,23459.2000,-9.7000,-0.0413312937547136849191909300,23450.0000,48.8500,45.6000,-3.2500,-6.6530194472876151484135107500,42.1000,43.7500,1.6500,3.9192399049881235154394299300,Other,Other,False,False,False,0,-1,False,A,Other,Other,Other,Other,B,Other,Other,Other,Other
2026-09-22,2026-09-22,0,133,124,133,09:48:55.000,09:53:32.000,277,30030,23473.0000,23467.9000,-5.1000,-0.021727090699953137647509900,23450.0000,47.4500,47.6500,0.2000,0.4214963119072708113804004200,43.5500,41.5500,-2.0000,-4.5924225028702640642939150400,B,Other,True,False,False,1,13,False,Other,Other,Other,Other,B,Other,Other,Other,Other,Other
2026-09-22,2026-09-22,0,134,125,134,09:49:12.000,09:53:34.000,262,31070,23463.5000,23468.0000,4.5000,0.0191787244017303471349116700,23450.0000,46.3500,47.6000,1.2500,2.696871628910463861920172600,44.2500,41.5000,-2.7500,-6.2146892655367231638418079100,Other,B,False,False,True,0,-1,False,Other,Other,Other,B,Other,Other,Other,Other,Other,Other
2026-09-22,2026-09-22,0,135,126,135,09:49:27.000,09:53:41.000,254,31005,23471.0000,23464.3000,-6.7000,-0.028545865110135912402539300,23450.0000,46.7500,47.8500,1.1000,2.3529411764705882352941176500,43.6000,41.6000,-2.0000,-4.5871559633027522935779816500,B,Other,True,False,False,1,14,False,Other,Other,B,Other,Other,Other,Other,Other,Other,Other
2026-09-22,2026-09-22,0,136,127,136,09:49:35.000,09:53:52.000,257,30745,23465.2000,23468.1000,2.9000,0.0123587269658899135741438400,23450.0000,46.2500,48.0500,1.8000,3.8918918918918918918918918900,44.0500,41.4000,-2.6500,-6.0158910329171396140749148700,Other,B,False,False,True,0,-1,False,Other,B,Other,Other,Other,Other,Other,Other,Other,Other
2026-09-22,2026-09-22,0,137,128,137,09:49:40.000,09:54:16.000,276,30485,23464.0000,23464.8000,0.8000,0.0034094783498124786907603100,23450.0000,46.2000,49.1500,2.9500,6.3852813852813852813852813900,44.2500,40.4500,-3.8000,-8.587570621468926553672316380,Other,Other,False,False,False,0,-1,False,B,Other,Other,Other,Other,Other,Other,Other,Other,B
2026-09-22,2026-09-22,0,138,129,138,09:50:24.000,09:55:10.000,286,30745,23463.1000,23459.3000,-3.8000,-0.016195643371932950036440200,23450.0000,49.3500,45.8000,-3.5500,-7.1935157041540020263424518700,41.1500,43.9500,2.8000,6.8043742405832320777642770400,Other,Other,False,False,False,0,-1,False,Other,Other,Other,Other,Other,Other,Other,Other,B,Other
2026-09-22,2026-09-22,0,139,130,139,09:50:46.000,09:55:30.000,284,30680,23468.0000,23456.7000,-11.3000,-0.0481506732572012953809442600,23450.0000,49.5500,45.6000,-3.9500,-7.971745711402623612512613520,41.3500,43.6000,2.2500,5.4413542926239419588875453400,Other,Other,False,False,False,0,-1,False,Other,Other,Other,Other,Other,Other,Other,B,Other,Other
2026-09-22,2026-09-22,0,140,131,140,09:51:37.000,09:56:08.000,271,30810,23464.5000,23466.0000,1.5000,0.0063926356836923863709007200,23450.0000,46.4500,46.3500,-0.1000,-0.2152852529601722282023681400,43.7000,42.8000,-0.9000,-2.05949656750572082379862700,Other,Other,False,False,False,0,-1,False,Other,Other,Other,Other,Other,Other,B,Other,Other,A
2026-09-22,2026-09-22,0,141,132,141,09:52:01.000,09:56:54.000,293,30290,23463.0000,23464.9000,1.9000,0.0080978561991220219068320300,23450.0000,44.5500,48.0000,3.4500,7.7441077441077441077441077400,44.7000,40.6000,-4.1000,-9.172259507829977628635346760,Other,Other,False,False,False,0,-1,False,Other,Other,Other,Other,Other,B,Other,Other,A,B
2026-09-22,2026-09-22,0,142,133,142,09:52:19.000,09:57:29.000,310,30940,23459.2000,23455.1000,-4.1000,-0.0174771518210339653526121900,23450.0000,45.6000,44.4500,-1.1500,-2.5219298245614035087719298200,43.7500,44.4000,0.6500,1.4857142857142857142857142900,Other,Other,False,False,False,0,-1,False,Other,Other,Other,Other,B,Other,Other,A,B,Other
2026-09-22,2026-09-22,0,143,134,143,09:53:32.000,09:58:40.000,308,29705,23467.9000,23456.8000,-11.1000,-0.0472986504970619441875924100,23450.0000,47.6500,46.2500,-1.4000,-2.9380902413431269674711437600,41.5500,42.2500,0.7000,1.6847172081829121540312876100,Other,Other,False,False,False,0,-1,False,Other,Other,Other,B,Other,Other,A,B,Other,A
2026-09-22,2026-09-22,0,144,135,144,09:53:34.000,09:59:39.000,365,28470,23468.0000,23467.9000,-0.1000,-0.0004261121527185955343446400,23450.0000,47.6000,46.8500,-0.7500,-1.5756302521008403361344537800,41.5000,42.0500,0.5500,1.3253012048192771084337349400,Other,Other,False,False,False,0,-1,False,Other,Other,B,Other,Other,A,B,Other,A,Other
2026-09-22,2026-09-22,0,145,136,145,09:53:41.000,10:00:46.000,425,28340,23464.3000,23466.7000,2.4000,0.010228304275005007607301300,23450.0000,47.8500,47.9500,0.1000,0.2089864158829676071055381400,41.6000,40.8500,-0.7500,-1.8028846153846153846153846200,Other,Other,False,False,False,0,-1,False,Other,B,Other,Other,A,B,Other,A,Other,B
2026-09-22,2026-09-22,0,146,137,146,09:53:52.000,10:01:06.000,434,28470,23468.1000,23470.0000,1.9000,0.0080960964032026452929721600,23450.0000,48.0500,49.5000,1.4500,3.0176899063475546305931321500,41.4000,39.0000,-2.4000,-5.7971014492753623188405797100,Other,Other,False,False,False,0,-1,False,B,Other,Other,A,B,Other,A,Other,B,Other
2026-09-22,2026-09-22,0,147,138,147,09:54:16.000,10:01:56.000,460,28860,23464.8000,23473.0000,8.2000,0.0349459616105826599843169300,23450.0000,49.1500,48.2500,-0.9000,-1.8311291963377416073245167900,40.4500,40.5500,0.1000,0.2472187886279357231149567400,A,Other,True,False,False,1,15,False,Other,Other,A,B,Other,A,Other,B,Other,Other
2026-09-22,2026-09-22,0,148,139,148,09:55:10.000,10:02:34.000,444,28535,23459.3000,23465.0000,5.7000,0.0242974001781809346399935200,23450.0000,45.8000,45.2000,-0.6000,-1.310043668122270742358078600,43.9500,42.5000,-1.4500,-3.2992036405005688282138794100,Other,A,False,False,True,0,-1,False,Other,A,B,Other,A,Other,B,Other,Other,Other
2026-09-22,2026-09-22,0,149,140,149,09:55:30.000,10:04:18.000,528,28795,23456.7000,23467.9000,11.2000,0.0477475518721729825593540400,23450.0000,45.6000,48.6000,3.0000,6.5789473684210526315789473700,43.6000,38.9000,-4.7000,-10.779816513761467889908256880,Other,Other,False,False,False,0,-1,False,A,B,Other,A,Other,B,Other,Other,Other,Other
2026-09-22,2026-09-22,0,150,141,150,09:56:08.000,10:04:36.000,508,28730,23466.0000,23468.0000,2.0000,0.0085229694025398448819568700,23450.0000,46.3500,49.3000,2.9500,6.3646170442286947141316073400,42.8000,38.9000,-3.9000,-9.112149532710280373831775700,Other,Other,False,False,False,0,-1,False,B,Other,A,Other,B,Other,Other,Other,Other,Other
2026-09-22,2026-09-22,0,151,142,151,09:56:54.000,10:05:22.000,508,29250,23464.9000,23463.1000,-1.8000,-0.0076710320521289244786894500,23450.0000,48.0000,48.8000,0.8000,1.6666666666666666666666666700,40.6000,39.7000,-0.9000,-2.216748768472906403940886700,B,Other,True,False,False,1,16,False,Other,A,Other,B,Other,Other,Other,Other,Other,Other
2026-09-22,2026-09-22,0,152,143,152,09:57:29.000,10:05:29.000,480,29055,23455.1000,23467.9000,12.8000,0.0545723531342863598961419900,23450.0000,44.4500,49.2000,4.7500,10.686164229471316085489313840,44.4000,39.2000,-5.2000,-11.711711711711711711711711710,Other,B,False,False,True,0,-1,False,A,Other,B,Other,Other,Other,Other,Other,Other,Other
2026-09-22,2026-09-22,0,153,144,153,09:58:40.000,10:05:30.000,410,28600,23456.8000,23467.9000,11.1000,0.047321032706933597080590700,23450.0000,46.2500,49.3000,3.0500,6.5945945945945945945945945900,42.2500,39.1500,-3.1000,-7.3372781065088757396449704100,Other,Other,False,False,False,0,-1,False,Other,B,Other,Other,Other,Other,Other,Other,Other,Other
2026-09-22,2026-09-22,0,154,145,154,09:59:39.000,10:05:32.000,353,29185,23467.9000,23463.1000,-4.8000,-0.0204534704852159758649048300,23450.0000,46.8500,48.8000,1.9500,4.1622198505869797225186766300,42.0500,39.6500,-2.4000,-5.7074910820451843043995243800,B,Other,True,False,False,1,17,False,B,Other,Other,Other,Other,Other,Other,Other,Other,Other
2026-09-22,2026-09-22,0,155,146,155,10:00:46.000,10:05:33.000,287,31265,23466.7000,23467.9000,1.2000,0.00511362909995866483144200,23450.0000,47.9500,48.7000,0.7500,1.5641293013555787278415015600,40.8500,39.8500,-1.0000,-2.4479804161566707466340269300,Other,B,False,False,True,0,-1,False,Other,Other,Other,Other,Other,Other,Other,Other,Other,Other
2026-09-22,2026-09-22,0,156,147,156,10:01:06.000,10:05:35.000,269,34125,23470.0000,23467.9000,-2.1000,-0.0089475926714955262036642500,23450.0000,49.5000,48.9500,-0.5500,-1.1111111111111111111111111100,39.0000,39.7000,0.7000,1.7948717948717948717948717900,Other,Other,False,False,False,0,-1,False,Other,Other,Other,Other,Other,Other,Other,Other,Other,Other
2026-09-22,2026-09-22,0,157,148,157,10:01:56.000,10:05:35.000,219,34125,23473.0000,23467.9000,-5.1000,-0.021727090699953137647509900,23450.0000,48.2500,48.9500,0.7000,1.4507772020725388601036269400,40.5500,39.7000,-0.8500,-2.0961775585696670776818742300,B,Other,True,False,False,1,18,False,Other,Other,Other,Other,Other,Other,Other,Other,Other,Other
2026-09-22,2026-09-22,0,158,149,158,10:02:34.000,10:05:38.000,184,34125,23465.0000,23467.9000,2.9000,0.0123588323034306413807798800,23450.0000,45.2000,48.8500,3.6500,8.075221238938053097345132740,42.5000,39.5000,-3.0000,-7.0588235294117647058823529400,Other,B,False,False,True,0,-1,False,Other,Other,Other,Other,Other,Other,Other,Other,Other,Other
2026-09-22,2026-09-22,0,159,150,159,10:04:18.000,10:06:26.000,128,33995,23467.9000,23467.9000,0.0000,0,23450.0000,48.6000,47.7500,-0.8500,-1.7489711934156378600823045300,38.9000,40.1000,1.2000,3.0848329048843187660668380500,Other,Other,False,False,False,0,-1,False,Other,Other,Other,Other,Other,Other,Other,Other,Other,Other
2026-09-22,2026-09-22,0,160,151,160,10:04:36.000,10:07:20.000,164,33930,23468.0000,23460.1000,-7.9000,-0.0336628600647690472132265200,23450.0000,49.3000,46.7000,-2.6000,-5.2738336713995943204868154200,38.9000,40.9500,2.0500,5.2699228791773778920308483300,Other,Other,False,False,False,0,-1,False,Other,Other,Other,Other,Other,Other,Other,Other,Other,Other
2026-09-22,2026-09-22,0,161,152,161,10:05:22.000,10:08:09.000,167,33410,23463.1000,23462.3000,-0.8000,-0.0034096091309332526392505700,23450.0000,48.8000,48.1000,-0.7000,-1.4344262295081967213114754100,39.7000,39.3500,-0.3500,-0.881612090680100755667506300,Other,Other,False,False,False,0,-1,False,Other,Other,Other,Other,Other,Other,Other,Other,Other,Other
2026-09-22,2026-09-22,0,162,153,162,10:05:29.000,10:08:55.000,206,33930,23467.9000,23467.3000,-0.6000,-0.002556683810651996983113100,23450.0000,49.2000,50.1500,0.9500,1.9308943089430894308943089400,39.2000,37.5000,-1.7000,-4.3367346938775510204081632700,B,Other,True,False,False,1,19,False,Other,Other,Other,Other,Other,Other,Other,Other,Other,Other
2026-09-22,2026-09-22,0,163,154,163,10:05:30.000,10:09:04.000,214,34125,23467.9000,23471.9000,4.0000,0.0170445587376799798874206900,23450.0000,49.3000,50.2000,0.9000,1.8255578093306288032454361100,39.1500,37.3500,-1.8000,-4.5977011494252873563218390800,Other,B,False,False,True,0,-1,False,Other,Other,Other,Other,Other,Other,Other,Other,Other,Other
2026-09-22,2026-09-22,0,164,155,164,10:05:32.000,10:09:17.000,225,35230,23463.1000,23467.4000,4.3000,0.018326649078766232935971800,23450.0000,48.8000,50.7500,1.9500,3.9959016393442622950819672100,39.6500,36.7000,-2.9500,-7.4401008827238335435056746500,Other,Other,False,False,False,0,-1,False,Other,Other,Other,Other,Other,Other,Other,Other,Other,B
2026-09-22,2026-09-22,0,165,156,165,10:05:33.000,10:09:28.000,235,33150,23467.9000,23473.9000,6.0000,0.0255668381065199698311310300,23450.0000,48.7000,52.0000,3.3000,6.7761806981519507186858316200,39.8500,35.9000,-3.9500,-9.912170639899623588456712670,Other,Other,False,False,False,0,-1,False,Other,Other,Other,Other,Other,Other,Other,Other,B,Other
2026-09-22,2026-09-22,0,166,157,166,10:05:35.000,10:09:55.000,260,30225,23467.9000,23470.0000,2.1000,0.0089483933372819894408958600,23450.0000,48.9500,51.2500,2.3000,4.698672114402451481103166500,39.7000,36.6500,-3.0500,-7.6826196473551637279596977300,Other,Other,False,False,False,0,-1,False,Other,Other,Other,Other,Other,Other,Other,B,Other,Other
2026-09-22,2026-09-22,0,167,158,167,10:05:37.000,10:10:31.000,294,30290,23467.9000,23474.5000,6.6000,0.0281235219171719668142441400,23450.0000,48.6500,50.4000,1.7500,3.5971223021582733812949640300,39.8000,37.1000,-2.7000,-6.7839195979899497487437185900,Other,Other,False,False,False,0,-1,False,Other,Other,Other,Other,Other,Other,B,Other,Other,A
2026-09-22,2026-09-22,0,168,159,168,10:05:38.000,10:10:50.000,312,30745,23467.9000,23474.8000,6.9000,0.0294018638224979653058006900,23450.0000,48.8500,48.4500,-0.4000,-0.8188331627430910951893551700,39.5000,38.2000,-1.3000,-3.2911392405063291139240506300,Other,Other,False,False,False,0,-1,False,Other,Other,Other,Other,Other,B,Other,Other,A,A
2026-09-22,2026-09-22,0,169,160,169,10:06:26.000,10:11:04.000,278,30550,23467.9000,23474.7000,6.8000,0.0289757498540559658086151700,23450.0000,47.7500,49.8000,2.0500,4.293193717277486910994764400,40.1000,36.9500,-3.1500,-7.8553615960099750623441396500,Other,Other,False,False,False,0,-1,False,Other,Other,Other,Other,B,Other,Other,A,A,Other
2026-09-22,2026-09-22,0,170,161,170,10:07:20.000,10:11:49.000,269,30420,23460.1000,23474.5000,14.4000,0.061380812528505846096137700,23450.0000,46.7000,49.8000,3.1000,6.6381156316916488222698072800,40.9500,37.4000,-3.5500,-8.669108669108669108669108670,Other,Other,False,False,False,0,-1,False,Other,Other,Other,B,Other,Other,A,A,Other,B
2026-09-22,2026-09-22,0,171,162,171,10:08:09.000,10:12:34.000,265,30550,23462.3000,23466.4000,4.1000,0.0174748426198625028236788400,23450.0000,48.1000,47.9500,-0.1500,-0.3118503118503118503118503100,39.3500,38.5000,-0.8500,-2.1601016518424396442185514600,Other,Other,False,False,False,0,-1,False,Other,Other,B,Other,Other,A,A,Other,B,Other
2026-09-22,2026-09-22,0,172,163,172,10:08:55.000,10:13:10.000,255,29510,23467.3000,23473.9000,6.6000,0.0281242409650875899656117200,23450.0000,50.1500,47.1500,-3.0000,-5.9820538384845463609172482600,37.5000,39.3000,1.8000,4.800,A,Other,True,False,False,1,20,False,Other,B,Other,Other,A,A,Other,B,Other,A
2026-09-22,2026-09-22,0,173,164,173,10:09:04.000,10:14:32.000,328,28860,23471.9000,23466.0000,-5.9000,-0.0251364397428414401901848600,23450.0000,50.2000,48.9500,-1.2500,-2.4900398406374501992031872500,37.3500,37.6000,0.2500,0.6693440428380187416331994600,Other,A,False,False,True,0,-1,False,B,Other,Other,A,A,Other,B,Other,A,Other
2026-09-22,2026-09-22,0,174,165,174,10:09:17.000,10:15:13.000,356,27625,23467.4000,23467.6000,0.2000,0.000852246094582271576740500,23450.0000,50.7500,48.2000,-2.5500,-5.0246305418719211822660098500,36.7000,38.3000,1.6000,4.3596730245231607629427792900,A,Other,True,False,False,1,21,False,Other,Other,A,A,Other,B,Other,A,Other,Other
2026-09-22,2026-09-22,0,175,166,175,10:09:28.000,10:15:45.000,377,29835,23473.9000,23463.1000,-10.8000,-0.0460085456613515436293074400,23450.0000,52.0000,48.5500,-3.4500,-6.6346153846153846153846153800,35.9000,38.1000,2.2000,6.1281337047353760445682451300,Other,A,False,False,True,0,-1,False,Other,A,A,Other,B,Other,A,Other,Other,Other
2026-09-22,2026-09-22,0,176,167,176,10:09:55.000,10:16:01.000,366,30355,23470.0000,23464.8000,-5.2000,-0.0221559437579889220281210100,23450.0000,51.2500,46.8500,-4.4000,-8.585365853658536585365853660,36.6500,39.2500,2.6000,7.0941336971350613915416098200,Other,Other,False,False,False,0,-1,False,A,A,Other,B,Other,A,Other,Other,Other,Other
2026-09-22,2026-09-22,0,177,168,177,10:10:31.000,10:16:51.000,380,30485,23474.5000,23465.8000,-8.7000,-0.037061492257556071481820700,23450.0000,50.4000,45.3500,-5.0500,-10.019841269841269841269841270,37.1000,40.1500,3.0500,8.221024258760107816711590300,Other,Other,False,False,False,0,-1,False,A,Other,B,Other,A,Other,Other,Other,Other,A
2026-09-22,2026-09-22,0,178,169,178,10:10:50.000,10:18:51.000,481,30030,23474.8000,23468.0000,-6.8000,-0.0289672329476715456574709900,23450.0000,48.4500,47.1000,-1.3500,-2.78637770897832817337461300,38.2000,38.6000,0.4000,1.0471204188481675392670157100,Other,Other,False,False,False,0,-1,False,Other,B,Other,A,Other,Other,Other,Other,A,A
2026-09-22,2026-09-22,0,179,170,179,10:11:04.000,10:19:31.000,507,32240,23474.7000,23469.9000,-4.8000,-0.0204475456555355340004345100,23450.0000,49.8000,47.7000,-2.1000,-4.2168674698795180722891566300,36.9500,37.6500,0.7000,1.8944519621109607577807848400,Other,Other,False,False,False,0,-1,False,B,Other,A,Other,Other,Other,Other,A,A,Other
2026-09-22,2026-09-22,0,180,171,180,10:11:49.000,10:19:57.000,488,32695,23474.5000,23465.5000,-9.0000,-0.0383394747491959360156765900,23450.0000,49.8000,46.2000,-3.6000,-7.2289156626506024096385542200,37.4000,39.2500,1.8500,4.9465240641711229946524064200,Other,Other,False,False,False,0,-1,False,Other,A,Other,Other,Other,Other,A,A,Other,Other
2026-09-22,2026-09-22,0,181,172,181,10:12:34.000,10:20:45.000,491,33995,23466.4000,23469.9000,3.5000,0.014914942215252446050523300,23450.0000,47.9500,45.1000,-2.8500,-5.9436913451511991657977059400,38.5000,40.6000,2.1000,5.4545454545454545454545454500,A,Other,True,False,False,1,22,False,A,Other,Other,Other,Other,A,A,Other,Other,A
2026-09-22,2026-09-22,0,182,173,182,10:13:10.000,10:20:54.000,464,34320,23473.9000,23461.0000,-12.9000,-0.0549546517621698993350061100,23450.0000,47.1500,44.2500,-2.9000,-6.1505832449628844114528101800,39.3000,41.3000,2.0000,5.0890585241730279898218829500,Other,A,False,False,True,0,-1,False,Other,Other,Other,Other,A,A,Other,Other,A,Other
2026-09-22,2026-09-22,0,183,174,183,10:14:32.000,10:20:59.000,387,34710,23466.0000,23459.8000,-6.2000,-0.0264212051478735191340663100,23450.0000,48.9500,42.8000,-6.1500,-12.563840653728294177732379980,37.6000,42.3000,4.7000,12.500,Other,Other,False,False,False,0,-1,False,Other,Other,Other,A,A,Other,Other,A,Other,Other
2026-09-22,2026-09-22,0,184,175,184,10:15:13.000,10:21:37.000,384,34580,23467.6000,23460.5000,-7.1000,-0.0302544785150590601510167200,23450.0000,48.2000,43.8000,-4.4000,-9.128630705394190871369294610,38.3000,41.9000,3.6000,9.399477806788511749347258490,Other,Other,False,False,False,0,-1,False,Other,Other,A,A,Other,Other,A,Other,Other,A
2026-09-22,2026-09-22,0,185,176,185,10:15:45.000,10:22:03.000,378,32630,23463.1000,23464.0000,0.9000,0.0038358102722999092191568900,23450.0000,48.5500,40.4000,-8.1500,-16.786817713697219361483007210,38.1000,45.0000,6.9000,18.110236220472440944881889760,A,Other,True,False,False,1,23,False,Other,A,A,Other,Other,A,Other,Other,A,A
2026-09-22,2026-09-22,0,186,177,186,10:16:01.000,10:22:41.000,400,33345,23464.8000,23450.0000,-14.8000,-0.0630731990044662643619378800,23450.0000,46.8500,38.1000,-8.7500,-18.676627534685165421558164350,39.2500,47.4000,8.1500,20.764331210191082802547770700,Other,A,False,False,True,0,-1,False,A,A,Other,Other,A,Other,Other,A,A,Other
2026-09-22,2026-09-22,0,187,178,187,10:16:51.000,10:23:08.000,377,33020,23465.8000,23455.0000,-10.8000,-0.0460244270384985809134996500,23450.0000,45.3500,39.1500,-6.2000,-13.671444321940463065049614110,40.1500,46.1000,5.9500,14.819427148194271481942714820,Other,Other,False,False,False,0,-1,False,A,Other,Other,A,Other,Other,A,A,Other,A
2026-09-22,2026-09-22,0,188,179,188,10:18:51.000,10:23:26.000,275,33020,23468.0000,23451.3000,-16.7000,-0.071160729504005454235554800,23450.0000,47.1000,38.9000,-8.2000,-17.409766454352441613588110400,38.6000,46.6500,8.0500,20.854922279792746113989637310,Other,Other,False,False,False,0,-1,False,Other,Other,A,Other,Other,A,A,Other,A,B
2026-09-22,2026-09-22,0,189,180,189,10:19:31.000,10:23:44.000,253,31005,23469.9000,23457.0000,-12.9000,-0.0549640177418736338885125200,23450.0000,47.7000,39.6000,-8.1000,-16.981132075471698113207547170,37.6500,45.3000,7.6500,20.318725099601593625498007970,Other,Other,False,False,False,0,-1,False,Other,A,Other,Other,A,A,Other,A,B,Other
2026-09-22,2026-09-22,0,190,181,190,10:19:57.000,10:23:51.000,234,30940,23465.5000,23450.0000,-15.5000,-0.0660544203191920052843536300,23450.0000,46.2000,39.2000,-7.0000,-15.151515151515151515151515150,39.2500,46.4500,7.2000,18.343949044585987261146496820,Other,Other,False,False,False,0,-1,False,A,Other,Other,A,A,Other,A,B,Other,B
2026-09-22,2026-09-22,0,191,182,191,10:20:45.000,10:24:06.000,201,31135,23469.9000,23458.0000,-11.9000,-0.0507032411727361428894030200,23450.0000,45.1000,38.4500,-6.6500,-14.745011086474501108647450110,40.6000,47.4500,6.8500,16.871921182266009852216748770,Other,Other,False,False,False,0,-1,False,Other,Other,A,A,Other,A,B,Other,B,A
2026-09-22,2026-09-22,0,192,183,192,10:20:54.000,10:24:09.000,195,30810,23461.0000,23458.8000,-2.2000,-0.0093772643962320446698776700,23450.0000,44.2500,38.3500,-5.9000,-13.333333333333333333333333330,41.3000,47.7000,6.4000,15.496368038740920096852300240,Other,Other,False,False,False,0,-1,False,Other,A,A,Other,A,B,Other,B,A,A
2026-09-22,2026-09-22,0,193,184,193,10:20:59.000,10:25:23.000,264,30420,23459.8000,23447.1000,-12.7000,-0.0541351588675095269354384900,23450.0000,42.8000,37.9000,-4.9000,-11.448598130841121495327102800,42.3000,48.7500,6.4500,15.248226950354609929078014180,Other,Other,False,False,False,0,-1,False,A,A,Other,A,B,Other,B,A,A,B
2026-09-22,2026-09-22,0,194,185,194,10:21:37.000,10:26:14.000,277,30290,23460.5000,23444.0000,-16.5000,-0.0703309818631316468105965300,23450.0000,43.8000,36.7500,-7.0500,-16.095890410958904109589041100,41.9000,49.9000,8.0000,19.093078758949880668257756560,Other,Other,False,False,False,0,-1,False,A,Other,A,B,Other,B,A,A,B,Other
2026-09-22,2026-09-22,0,195,186,195,10:22:03.000,10:26:51.000,288,30095,23464.0000,23444.8000,-19.2000,-0.0818274803954994885782475300,23450.0000,40.4000,36.2500,-4.1500,-10.272277227722772277227722770,45.0000,49.8000,4.8000,10.666666666666666666666666670,Other,Other,False,False,False,0,-1,False,Other,A,B,Other,B,A,A,B,Other,A
2026-09-22,2026-09-22,0,196,187,196,10:22:41.000,10:27:31.000,290,28990,23450.0000,23450.0000,0.0000,0,23450.0000,38.1000,36.5500,-1.5500,-4.0682414698162729658792650900,47.4000,49.2000,1.8000,3.7974683544303797468354430400,Other,Other,False,False,False,0,-1,False,A,B,Other,B,A,A,B,Other,A,A
2026-09-22,2026-09-22,0,197,188,197,10:23:08.000,10:28:22.000,314,30160,23455.0000,23445.0000,-10.0000,-0.0426348326582818162438712400,23450.0000,39.1500,36.3500,-2.8000,-7.1519795657726692209450830100,46.1000,49.9500,3.8500,8.351409978308026030368763560,Other,Other,False,False,False,0,-1,False,B,Other,B,A,A,B,Other,A,A,B
2026-09-22,2026-09-22,0,198,189,198,10:23:26.000,10:28:45.000,319,31135,23451.3000,23450.0000,-1.3000,-0.0055434027111503413456823300,23450.0000,38.9000,37.2000,-1.7000,-4.3701799485861182519280205700,46.6500,48.5500,1.9000,4.0728831725616291532690246500,Other,Other,False,False,False,0,-1,False,Other,B,A,A,B,Other,A,A,B,Other
2026-09-22,2026-09-22,0,199,190,199,10:23:44.000,10:29:14.000,330,31005,23457.0000,23449.8000,-7.2000,-0.0306944622074434070853050300,23450.0000,39.6000,37.7500,-1.8500,-4.6717171717171717171717171700,45.3000,47.4000,2.1000,4.6357615894039735099337748300,Other,Other,False,False,False,0,-1,False,B,A,A,B,Other,A,A,B,Other,B
2026-09-22,2026-09-22,0,200,191,200,10:23:51.000,10:29:32.000,341,30615,23450.0000,23449.9000,-0.1000,-0.0004264392324093816631130100,23450.0000,39.2000,38.3500,-0.8500,-2.1683673469387755102040816300,46.4500,46.7000,0.2500,0.5382131324004305705059203400,Other,Other,False,False,False,0,-1,False,A,A,B,Other,A,A,B,Other,B,Other
2026-09-22,2026-09-22,0,201,192,201,10:24:06.000,10:30:03.000,357,30095,23458.0000,23445.0000,-13.0000,-0.0554181942194560491090459500,23450.0000,38.4500,37.1500,-1.3000,-3.3810143042912873862158647600,47.4500,48.4500,1.0000,2.1074815595363540569020021100,Other,Other,False,False,False,0,-1,False,A,B,Other,A,A,B,Other,B,Other,Other
2026-09-22,2026-09-22,0,202,193,202,10:24:09.000,10:30:11.000,362,30095,23458.8000,23454.0000,-4.8000,-0.0204614046754309683359762600,23450.0000,38.3500,37.0000,-1.3500,-3.5202086049543676662320730100,47.7000,48.8000,1.1000,2.3060796645702306079664570200,Other,Other,False,False,False,0,-1,False,B,Other,A,A,B,Other,B,Other,Other,A
2026-09-22,2026-09-22,0,203,194,203,10:25:23.000,10:30:33.000,310,36595,23447.1000,23450.0000,2.9000,0.0123682672910509188769613300,23450.0000,37.9000,35.7000,-2.2000,-5.8047493403693931398416886500,48.7500,51.0500,2.3000,4.7179487179487179487179487200,A,Other,True,False,False,1,24,False,Other,A,A,B,Other,B,Other,Other,A,Other
2026-09-22,2026-09-22,0,204,195,204,10:26:14.000,10:30:33.000,259,40365,23444.0000,23450.0000,6.0000,0.0255929022351134618665756700,23450.0000,36.7500,35.7000,-1.0500,-2.8571428571428571428571428600,49.9000,51.0500,1.1500,2.3046092184368737474949899800,A,A,False,True,False,2,24,False,A,A,B,Other,B,Other,Other,A,Other,Other
2026-09-22,2026-09-22,0,205,196,205,10:26:51.000,10:30:34.000,223,41665,23444.8000,23442.0000,-2.8000,-0.0119429468368252235037193700,23450.0000,36.2500,34.8500,-1.4000,-3.8620689655172413793103448300,49.8000,51.9000,2.1000,4.2168674698795180722891566300,Other,A,False,False,True,0,-1,False,A,B,Other,B,Other,Other,A,Other,Other,Other
2026-09-22,2026-09-22,0,206,197,206,10:27:31.000,10:30:35.000,184,41730,23450.0000,23450.0000,0.0000,0,23450.0000,36.5500,34.9500,-1.6000,-4.3775649794801641586867305100,49.2000,51.7500,2.5500,5.1829268292682926829268292700,Other,Other,False,False,False,0,-1,False,B,Other,B,Other,Other,A,Other,Other,Other,Other
2026-09-22,2026-09-22,0,207,198,207,10:28:22.000,10:30:43.000,141,41275,23445.0000,23438.0000,-7.0000,-0.0298571123907016421411814900,23450.0000,36.3500,33.9000,-2.4500,-6.7400275103163686382393397500,49.9500,53.6500,3.7000,7.4074074074074074074074074100,Other,Other,False,False,False,0,-1,False,Other,B,Other,Other,A,Other,Other,Other,Other,Other
2026-09-22,2026-09-22,0,208,199,208,10:28:45.000,10:30:55.000,130,42770,23450.0000,23434.2000,-15.8000,-0.0673773987206823027718550100,23450.0000,37.2000,32.5000,-4.7000,-12.634408602150537634408602150,48.5500,55.4000,6.8500,14.109165808444902162718846550,Other,Other,False,False,False,0,-1,False,B,Other,Other,A,Other,Other,Other,Other,Other,Other
2026-09-22,2026-09-22,0,209,200,209,10:29:14.000,10:30:56.000,102,44265,23449.8000,23446.7000,-3.1000,-0.0132197289529121783554657200,23450.0000,37.7500,33.0000,-4.7500,-12.582781456953642384105960260,47.4000,54.5500,7.1500,15.084388185654008438818565400,Other,Other,False,False,False,0,-1,False,Other,Other,A,Other,Other,Other,Other,Other,Other,A
2026-09-22,2026-09-22,0,210,201,210,10:29:32.000,10:30:59.000,87,44395,23449.9000,23433.7000,-16.2000,-0.0690834502492547942635149800,23450.0000,38.3500,32.6000,-5.7500,-14.993481095176010430247718380,46.7000,54.8500,8.1500,17.451820128479657387580299790,Other,Other,False,False,False,0,-1,False,Other,A,Other,Other,Other,Other,Other,Other,A,Other
2026-09-22,2026-09-22,0,211,202,211,10:30:03.000,10:31:06.000,63,46085,23445.0000,23430.2000,-14.8000,-0.0631264661974834719556408600,23450.0000,37.1500,31.8500,-5.3000,-14.266487213997308209959623150,48.4500,57.5000,9.0500,18.679050567595459236326109390,Other,Other,False,False,False,0,-1,False,A,Other,Other,Other,Other,Other,Other,A,Other,Other
2026-09-22,2026-09-22,0,212,203,212,10:30:11.000,10:31:06.000,55,46280,23454.0000,23430.2000,-23.8000,-0.1014752281060799863562718500,23450.0000,37.0000,31.8500,-5.1500,-13.918918918918918918918918920,48.8000,57.5000,8.7000,17.827868852459016393442622950,Other,Other,False,False,False,0,-1,False,Other,Other,Other,Other,Other,Other,A,Other,Other,Other
2026-09-22,2026-09-22,0,213,204,213,10:30:33.000,10:31:14.000,41,39910,23450.0000,23426.4000,-23.6000,-0.1006396588486140724946695100,23450.0000,35.7000,30.8500,-4.8500,-13.585434173669467787114845940,51.0500,58.6000,7.5500,14.789422135161606268364348680,Other,Other,False,False,False,0,-1,False,Other,Other,Other,Other,Other,A,Other,Other,Other,Other
2026-09-22,2026-09-22,0,214,205,214,10:30:34.000,10:31:22.000,48,35945,23442.0000,23429.4000,-12.6000,-0.0537496800614282057844893800,23450.0000,34.8500,32.1500,-2.7000,-7.7474892395982783357245337200,51.9000,56.5000,4.6000,8.863198458574181117533718690,Other,Other,False,False,False,0,-1,False,Other,Other,Other,Other,A,Other,Other,Other,Other,Other
2026-09-22,2026-09-22,0,215,206,215,10:30:34.000,10:31:37.000,63,35815,23442.0000,23442.4000,0.4000,0.0017063390495691493899837900,23450.0000,34.8500,31.5000,-3.3500,-9.612625538020086083213773310,51.9000,57.8500,5.9500,11.464354527938342967244701350,A,Other,True,False,False,1,25,False,Other,Other,Other,A,Other,Other,Other,Other,Other,A
2026-09-22,2026-09-22,0,216,207,216,10:30:35.000,10:31:44.000,69,35555,23450.0000,23429.1000,-20.9000,-0.0891257995735607675906183400,23450.0000,34.9500,32.0000,-2.9500,-8.440629470672389127324749640,51.7500,56.3000,4.5500,8.792270531400966183574879230,Other,A,False,False,True,0,-1,False,Other,Other,A,Other,Other,Other,Other,Other,A,Other
2026-09-22,2026-09-22,0,217,208,217,10:30:43.000,10:32:10.000,87,35425,23438.0000,23430.4000,-7.6000,-0.0324259749125351992490826900,23450.0000,33.9000,31.6500,-2.2500,-6.6371681415929203539823008800,53.6500,57.4000,3.7500,6.989748369058713886300093200,Other,Other,False,False,False,0,-1,False,Other,A,Other,Other,Other,Other,Other,A,Other,Other
2026-09-22,2026-09-22,0,218,209,218,10:30:55.000,10:32:29.000,94,33020,23434.2000,23439.8000,5.6000,0.023896697988410101475621100,23450.0000,32.5000,31.8500,-0.6500,-2.00,55.4000,56.5500,1.1500,2.0758122743682310469314079400,A,Other,True,False,False,1,26,False,A,Other,Other,Other,Other,Other,A,Other,Other,A
2026-09-22,2026-09-22,0,219,210,219,10:30:56.000,10:32:45.000,109,31460,23446.7000,23428.9000,-17.8000,-0.0759168667658988258475606400,23450.0000,33.0000,30.9000,-2.1000,-6.3636363636363636363636363600,54.5500,58.6000,4.0500,7.4243813015582034830430797400,Other,A,False,False,True,0,-1,False,Other,Other,Other,Other,Other,A,Other,Other,A,Other
2026-09-22,2026-09-22,0,220,211,220,10:30:59.000,10:32:49.000,110,31460,23433.7000,23428.5000,-5.2000,-0.0221902644482092029854440400,23450.0000,32.6000,30.8500,-1.7500,-5.3680981595092024539877300600,54.8500,58.4000,3.5500,6.4721969006381039197812215100,Other,Other,False,False,False,0,-1,False,Other,Other,Other,Other,A,Other,Other,A,Other,Other
2026-09-22,2026-09-22,0,221,212,221,10:31:06.000,10:32:57.000,111,30680,23430.2000,23436.2000,6.0000,0.025607976030934435045368800,23450.0000,31.8500,29.2000,-2.6500,-8.320251177394034536891679750,57.5000,61.7500,4.2500,7.3913043478260869565217391300,A,Other,True,False,False,1,27,False,Other,Other,Other,A,Other,Other,A,Other,Other,A
2026-09-22,2026-09-22,0,222,213,222,10:31:07.000,10:32:59.000,112,30940,23436.9000,23423.0000,-13.9000,-0.0593081849562015454262295800,23400.0000,58.8500,55.7500,-3.1000,-5.2676295666949872557349192900,34.6500,37.7500,3.1000,8.946608946608946608946608950,Other,A,False,False,True,0,-1,False,Other,Other,A,Other,Other,A,Other,Other,A,Other
2026-09-22,2026-09-22,0,223,214,223,10:31:14.000,10:33:04.000,110,37440,23426.4000,23422.1000,-4.3000,-0.0183553597650513950073421400,23400.0000,57.8500,56.2000,-1.6500,-2.8522039757994814174589455500,35.8000,37.8000,2.0000,5.5865921787709497206703910600,Other,Other,False,False,False,0,-1,False,Other,A,Other,Other,A,Other,Other,A,Other,Other
2026-09-22,2026-09-22,0,224,215,224,10:31:22.000,10:33:04.000,102,41535,23429.4000,23422.1000,-7.3000,-0.0311574346760907236207500,23400.0000,60.0000,56.2000,-3.8000,-6.3333333333333333333333333300,33.8500,37.8000,3.9500,11.669128508124076809453471200,Other,Other,False,False,False,0,-1,False,A,Other,Other,A,Other,Other,A,Other,Other,Other
2026-09-22,2026-09-22,0,225,216,225,10:31:37.000,10:33:05.000,88,41795,23442.4000,23421.8000,-20.6000,-0.087874961608026481930177800,23400.0000,59.0000,55.4000,-3.6000,-6.1016949152542372881355932200,35.0500,38.8500,3.8000,10.841654778887303851640513550,Other,Other,False,False,False,0,-1,False,Other,Other,A,Other,Other,A,Other,Other,Other,Other
2026-09-22,2026-09-22,0,226,217,226,10:31:44.000,10:33:05.000,81,48165,23429.1000,23422.2000,-6.9000,-0.0294505550789402922007247400,23400.0000,59.6000,55.4000,-4.2000,-7.0469798657718120805369127500,34.2000,38.8500,4.6500,13.596491228070175438596491230,Other,Other,False,False,False,0,-1,False,Other,A,Other,Other,A,Other,Other,Other,Other,Other
2026-09-22,2026-09-22,0,227,218,227,10:32:10.000,10:33:05.000,55,51090,23430.4000,23422.2000,-8.2000,-0.034997268505872712373668400,23400.0000,59.0500,55.4000,-3.6500,-6.1812023708721422523285351400,34.9000,38.8500,3.9500,11.318051575931232091690544410,Other,Other,False,False,False,0,-1,False,A,Other,Other,A,Other,Other,Other,Other,Other,Other
2026-09-22,2026-09-22,0,228,219,228,10:32:29.000,10:33:07.000,38,52195,23439.8000,23422.2000,-17.6000,-0.0750859648973114105069155900,23400.0000,59.5000,55.9500,-3.5500,-5.9663865546218487394957983200,34.1000,38.1500,4.0500,11.876832844574780058651026390,Other,Other,False,False,False,0,-1,False,Other,Other,A,Other,Other,Other,Other,Other,Other,Other
2026-09-22,2026-09-22,0,229,220,229,10:32:45.000,10:33:12.000,27,53365,23428.9000,23426.1000,-2.8000,-0.0119510519059793673625308900,23450.0000,30.9000,30.6000,-0.3000,-0.9708737864077669902912621400,58.6000,60.3500,1.7500,2.9863481228668941979522184300,Other,Other,False,False,False,0,-1,False,Other,A,Other,Other,Other,Other,Other,Other,Other,Other
2026-09-22,2026-09-22,0,230,221,230,10:32:49.000,10:33:29.000,40,53495,23428.5000,23427.0000,-1.5000,-0.0064024585440809270759971800,23450.0000,30.8500,29.4500,-1.4000,-4.538087520259319286871961100,58.4000,62.1500,3.7500,6.4212328767123287671232876700,Other,Other,False,False,False,0,-1,False,A,Other,Other,Other,Other,Other,Other,Other,Other,A
2026-09-22,2026-09-22,0,231,222,231,10:32:57.000,10:33:40.000,43,51480,23436.2000,23422.6000,-13.6000,-0.0580298853909763528217031800,23400.0000,55.4000,55.0500,-0.3500,-0.6317689530685920577617328500,38.0000,39.0500,1.0500,2.7631578947368421052631578900,Other,Other,False,False,False,0,-1,False,Other,Other,Other,Other,Other,Other,Other,Other,A,Other
2026-09-22,2026-09-22,0,232,223,232,10:32:59.000,10:34:12.000,73,51025,23423.0000,23422.8000,-0.2000,-0.000853861589036417196772400,23400.0000,55.7500,55.5500,-0.2000,-0.3587443946188340807174887900,37.7500,38.3000,0.5500,1.4569536423841059602649006600,Other,Other,False,False,False,0,-1,False,Other,Other,Other,Other,Other,Other,Other,A,Other,Other
2026-09-22,2026-09-22,0,233,224,233,10:33:04.000,10:34:46.000,102,44330,23422.1000,23435.0000,12.9000,0.0550761887277400403892050700,23450.0000,29.2500,30.8000,1.5500,5.299145299145299145299145300,62.6500,59.4500,-3.2000,-5.1077414205905826017557861100,Other,Other,False,False,False,0,-1,False,Other,Other,Other,Other,Other,Other,A,Other,Other,Other
2026-09-22,2026-09-22,0,234,225,234,10:33:05.000,10:35:00.000,115,41665,23421.8000,23425.0000,3.2000,0.013662485376871120067629300,23400.0000,55.4000,56.7000,1.3000,2.3465703971119133574007220200,38.8500,36.8500,-2.0000,-5.1480051480051480051480051500,Other,Other,False,False,False,0,-1,False,Other,Other,Other,Other,Other,A,Other,Other,Other,Other
2026-09-22,2026-09-22,0,235,226,235,10:33:05.000,10:35:03.000,118,40170,23421.8000,23435.0000,13.2000,0.0563577521795933702789708700,23450.0000,29.4000,30.2500,0.8500,2.8911564625850340136054421800,63.1500,61.3500,-1.8000,-2.8503562945368171021377672200,Other,Other,False,False,False,0,-1,False,Other,Other,Other,Other,A,Other,Other,Other,Other,Other
2026-09-22,2026-09-22,0,236,227,236,10:33:05.000,10:35:11.000,126,39000,23422.2000,23419.2000,-3.0000,-0.012808361298255501191177600,23400.0000,55.4000,54.6000,-0.8000,-1.4440433212996389891696750900,38.8500,39.0000,0.1500,0.3861003861003861003861003900,Other,Other,False,False,False,0,-1,False,Other,Other,Other,A,Other,Other,Other,Other,Other,Other
2026-09-22,2026-09-22,0,237,228,237,10:33:07.000,10:35:11.000,124,37830,23422.2000,23419.2000,-3.0000,-0.012808361298255501191177600,23400.0000,55.9500,54.6000,-1.3500,-2.4128686327077747989276139400,38.1500,39.0000,0.8500,2.2280471821756225425950196600,Other,Other,False,False,False,0,-1,False,Other,Other,A,Other,Other,Other,Other,Other,Other,Other
2026-09-22,2026-09-22,0,238,229,238,10:33:07.000,10:35:13.000,126,36660,23422.2000,23433.1000,10.9000,0.0465370460503283209946119500,23450.0000,29.7500,29.4000,-0.3500,-1.1764705882352941176470588200,62.0500,63.3500,1.3000,2.0950846091861402095084609200,A,Other,True,False,False,1,28,False,Other,A,Other,Other,Other,Other,Other,Other,Other,Other
2026-09-22,2026-09-22,0,239,230,239,10:33:12.000,10:35:25.000,133,37440,23426.1000,23415.6000,-10.5000,-0.0448218013241640734053043400,23400.0000,57.3500,53.5000,-3.8500,-6.7131647776809067131647776800,36.6500,40.5500,3.9000,10.641200545702592087312414730,Other,A,False,False,True,0,-1,False,A,Other,Other,Other,Other,Other,Other,Other,Other,Other
2026-09-22,2026-09-22,0,240,231,240,10:33:29.000,10:35:26.000,117,45370,23427.0000,23415.1000,-11.9000,-0.0507960899816451103427668900,23400.0000,55.8000,53.2000,-2.6000,-4.6594982078853046594982078900,38.0000,41.2000,3.2000,8.421052631578947368421052630,Other,Other,False,False,False,0,-1,False,Other,Other,Other,Other,Other,Other,Other,Other,Other,Other
2026-09-22,2026-09-22,0,241,232,241,10:33:40.000,10:35:26.000,106,50960,23422.6000,23415.1000,-7.5000,-0.0320203564079137243516945200,23400.0000,55.0500,53.2000,-1.8500,-3.360581289736603088101725700,39.0500,41.2000,2.1500,5.5057618437900128040973111400,Other,Other,False,False,False,0,-1,False,Other,Other,Other,Other,Other,Other,Other,Other,Other,Other
2026-09-22,2026-09-22,0,242,233,242,10:34:12.000,10:35:28.000,76,53950,23422.8000,23414.4000,-8.4000,-0.0358624929555817408678723300,23400.0000,55.5500,53.1000,-2.4500,-4.4104410441044104410441044100,38.3000,41.2500,2.9500,7.7023498694516971279373368100,Other,Other,False,False,False,0,-1,False,Other,Other,Other,Other,Other,Other,Other,Other,Other,Other
2026-09-22,2026-09-22,0,243,234,243,10:34:46.000,10:35:28.000,42,54340,23435.0000,23414.4000,-20.6000,-0.0879027096223597183699594600,23400.0000,57.3500,53.1000,-4.2500,-7.4106364428945074106364428900,35.9000,41.2500,5.3500,14.902506963788300835654596100,Other,Other,False,False,False,0,-1,False,Other,Other,Other,Other,Other,Other,Other,Other,Other,Other
2026-09-22,2026-09-22,0,244,235,244,10:35:00.000,10:35:30.000,30,54210,23425.0000,23427.5000,2.5000,0.0106723585912486659551760900,23450.0000,30.5500,28.9000,-1.6500,-5.4009819967266775777414075300,60.8500,66.2500,5.4000,8.874281018898931799506984390,A,Other,True,False,False,1,29,False,Other,Other,Other,Other,Other,Other,Other,Other,Other,Other
2026-09-22,2026-09-22,0,245,236,245,10:35:03.000,10:35:46.000,43,54405,23435.0000,23424.9000,-10.1000,-0.043097930445914230851290800,23400.0000,56.0500,52.5000,-3.5500,-6.3336306868867082961641391600,37.3500,42.1500,4.8000,12.851405622489959839357429720,Other,A,False,False,True,0,-1,False,Other,Other,Other,Other,Other,Other,Other,Other,Other,Other
2026-09-22,2026-09-22,0,246,237,246,10:35:11.000,10:35:53.000,42,49985,23419.2000,23412.7000,-6.5000,-0.0277550044408007105281136800,23400.0000,54.6000,52.0500,-2.5500,-4.6703296703296703296703296700,39.0000,41.7500,2.7500,7.0512820512820512820512820500,Other,Other,False,False,False,0,-1,False,Other,Other,Other,Other,Other,Other,Other,Other,Other,Other
2026-09-22,2026-09-22,0,247,238,247,10:35:13.000,10:36:01.000,48,49660,23433.1000,23425.0000,-8.1000,-0.0345664892822545885947655200,23400.0000,54.7500,52.0000,-2.7500,-5.0228310502283105022831050200,38.9000,41.7000,2.8000,7.1979434447300771208226221100,Other,Other,False,False,False,0,-1,False,Other,Other,Other,Other,Other,Other,Other,Other,Other,A
2026-09-22,2026-09-22,0,248,239,248,10:35:13.000,10:36:05.000,52,49660,23433.1000,23415.0000,-18.1000,-0.0772411674084948214278093800,23400.0000,54.7500,52.4000,-2.3500,-4.2922374429223744292237442900,38.9000,41.5500,2.6500,6.8123393316195372750642673500,Other,Other,False,False,False,0,-1,False,Other,Other,Other,Other,Other,Other,Other,Other,A,Other
2026-09-22,2026-09-22,0,249,240,249,10:35:25.000,10:36:53.000,88,47710,23415.6000,23417.0000,1.4000,0.0059789200362151727907890500,23400.0000,53.5000,53.0000,-0.5000,-0.9345794392523364485981308400,40.5500,41.1000,0.5500,1.3563501849568434032059186200,A,Other,True,False,False,1,30,False,Other,Other,Other,Other,Other,Other,Other,A,Other,Other
2026-09-22,2026-09-22,0,250,241,250,10:35:26.000,10:37:34.000,128,39585,23415.1000,23424.0000,8.9000,0.038009660432797639130304800,23400.0000,53.2000,53.8000,0.6000,1.1278195488721804511278195500,41.2000,39.7500,-1.4500,-3.5194174757281553398058252400,Other,A,False,False,True,0,-1,False,Other,Other,Other,Other,Other,Other,A,Other,Other,Other
2026-09-22,2026-09-22,0,251,242,251,10:35:28.000,10:38:09.000,161,33995,23414.4000,23420.5000,6.1000,0.0260523438567719010523438600,23400.0000,53.1000,52.2000,-0.9000,-1.6949152542372881355932203400,41.2500,41.0500,-0.2000,-0.4848484848484848484848484800,Other,Other,False,False,False,0,-1,False,Other,Other,Other,Other,Other,A,Other,Other,Other,B
2026-09-22,2026-09-22,0,252,243,252,10:35:28.000,10:38:49.000,201,31005,23414.4000,23417.8000,3.4000,0.0145209785431187645209785400,23400.0000,53.1000,51.5000,-1.6000,-3.0131826741996233521657250500,41.2500,42.2500,1.0000,2.4242424242424242424242424200,A,Other,True,False,False,1,31,False,Other,Other,Other,Other,A,Other,Other,Other,B,Other
2026-09-22,2026-09-22,0,253,244,253,10:35:28.000,10:39:17.000,229,30940,23414.4000,23420.0000,5.6000,0.0239169058357250239169058400,23400.0000,53.1000,50.8000,-2.3000,-4.3314500941619585687382297600,41.2500,42.5500,1.3000,3.1515151515151515151515151500,A,A,False,True,False,2,31,False,Other,Other,Other,A,Other,Other,Other,B,Other,A
2026-09-22,2026-09-22,0,254,245,254,10:35:30.000,10:39:27.000,237,31070,23427.5000,23411.3000,-16.2000,-0.0691495037882830007469853800,23400.0000,53.5000,49.7500,-3.7500,-7.0093457943925233644859813100,40.9000,44.1000,3.2000,7.8239608801955990220048899800,Other,A,False,False,True,0,-1,False,Other,Other,A,Other,Other,Other,B,Other,A,Other
2026-09-22,2026-09-22,0,255,246,255,10:35:46.000,10:39:42.000,236,31395,23424.9000,23411.9000,-13.0000,-0.0554965015859192568591541500,23400.0000,52.5000,49.9000,-2.6000,-4.9523809523809523809523809500,42.1500,43.7500,1.6000,3.7959667852906287069988137600,Other,Other,False,False,False,0,-1,False,Other,A,Other,Other,Other,B,Other,A,Other,A
2026-09-22,2026-09-22,0,256,247,256,10:35:53.000,10:39:56.000,243,31330,23412.7000,23412.3000,-0.4000,-0.0017084744604424094615315600,23400.0000,52.0500,49.2000,-2.8500,-5.4755043227665706051873198800,41.7500,44.8500,3.1000,7.4251497005988023952095808400,Other,Other,False,False,False,0,-1,False,A,Other,Other,Other,B,Other,A,Other,A,A
2026-09-22,2026-09-22,0,257,248,257,10:36:01.000,10:40:02.000,241,30160,23425.0000,23419.5000,-5.5000,-0.0234791889007470651013874100,23400.0000,52.0000,50.2000,-1.8000,-3.4615384615384615384615384600,41.7000,43.0000,1.3000,3.1175059952038369304556354900,Other,Other,False,False,False,0,-1,False,Other,Other,Other,B,Other,A,Other,A,A,Other
2026-09-22,2026-09-22,0,258,249,258,10:36:05.000,10:40:10.000,245,30485,23415.0000,23420.0000,5.0000,0.0213538330130258381379457600,23400.0000,52.4000,52.2000,-0.2000,-0.3816793893129770992366412200,41.5500,40.8000,-0.7500,-1.8050541516245487364620938600,Other,Other,False,False,False,0,-1,False,Other,Other,B,Other,A,Other,A,A,Other,Other
2026-09-22,2026-09-22,0,259,250,259,10:36:53.000,10:40:25.000,212,31200,23417.0000,23415.7000,-1.3000,-0.0055515223982576760473160500,23400.0000,53.0000,51.6500,-1.3500,-2.5471698113207547169811320800,41.1000,41.5500,0.4500,1.0948905109489051094890510900,Other,Other,False,False,False,0,-1,False,Other,B,Other,A,Other,A,A,Other,Other,B
2026-09-22,2026-09-22,0,260,251,260,10:37:34.000,10:40:34.000,180,31200,23424.0000,23420.2000,-3.8000,-0.0162226775956284153005464500,23400.0000,53.8000,51.3000,-2.5000,-4.6468401486988847583643122700,39.7500,41.9000,2.1500,5.4088050314465408805031446500,Other,Other,False,False,False,0,-1,False,B,Other,A,Other,A,A,Other,Other,B,A
2026-09-22,2026-09-22,0,261,252,261,10:38:09.000,10:40:47.000,158,32305,23420.5000,23420.0000,-0.5000,-0.0021348818342904720223735600,23400.0000,52.2000,51.0000,-1.2000,-2.2988505747126436781609195400,41.0500,42.5000,1.4500,3.5322777101096224116930572500,Other,Other,False,False,False,0,-1,False,Other,A,Other,A,A,Other,Other,B,A,Other
2026-09-22,2026-09-22,0,262,253,262,10:38:49.000,10:40:55.000,126,32370,23417.8000,23420.0000,2.2000,0.0093945631101128201624405400,23400.0000,51.5000,51.4500,-0.0500,-0.0970873786407766990291262100,42.2500,42.3500,0.1000,0.2366863905325443786982248500,A,Other,True,False,False,1,32,False,A,Other,A,A,Other,Other,B,A,Other,Other
2026-09-22,2026-09-22,0,263,254,263,10:39:17.000,10:41:45.000,148,32630,23420.0000,23412.0000,-8.0000,-0.0341588385994876174210076900,23400.0000,50.8000,46.4000,-4.4000,-8.661417322834645669291338580,42.5500,49.2500,6.7000,15.746180963572267920094007050,Other,A,False,False,True,0,-1,False,Other,A,A,Other,Other,B,A,Other,Other,Other
2026-09-22,2026-09-22,0,264,255,264,10:39:27.000,10:41:55.000,148,40170,23411.3000,23405.5000,-5.8000,-0.0247743610991273444874910800,23400.0000,49.7500,43.3500,-6.4000,-12.864321608040201005025125630,44.1000,55.4000,11.3000,25.623582766439909297052154200,Other,Other,False,False,False,0,-1,False,A,A,Other,Other,B,A,Other,Other,Other,Other
2026-09-22,2026-09-22,0,265,256,265,10:39:42.000,10:41:55.000,133,46020,23411.9000,23405.5000,-6.4000,-0.0273365254421896556879193900,23400.0000,49.9000,43.3500,-6.5500,-13.126252505010020040080160320,43.7500,55.4000,11.6500,26.628571428571428571428571430,Other,Other,False,False,False,0,-1,False,A,Other,Other,B,A,Other,Other,Other,Other,Other
2026-09-22,2026-09-22,0,266,257,266,10:39:56.000,10:41:56.000,120,49075,23412.3000,23404.0000,-8.3000,-0.0354514507331616287165293500,23400.0000,49.2000,43.5000,-5.7000,-11.585365853658536585365853660,44.8500,54.9500,10.1000,22.519509476031215161649944260,Other,Other,False,False,False,0,-1,False,Other,Other,B,A,Other,Other,Other,Other,Other,Other
2026-09-22,2026-09-22,0,267,258,267,10:40:02.000,10:41:56.000,114,49140,23419.5000,23404.0000,-15.5000,-0.0661841627703409551869168900,23400.0000,50.2000,43.5000,-6.7000,-13.346613545816733067729083670,43.0000,54.9500,11.9500,27.790697674418604651162790700,Other,Other,False,False,False,0,-1,False,Other,B,A,Other,Other,Other,Other,Other,Other,Other
2026-09-22,2026-09-22,0,268,259,268,10:40:10.000,10:42:00.000,110,49725,23420.0000,23401.2000,-18.8000,-0.0802732707087959009393680600,23400.0000,52.2000,42.3500,-9.8500,-18.869731800766283524904214560,40.8000,57.3000,16.5000,40.441176470588235294117647060,Other,Other,False,False,False,0,-1,False,B,A,Other,Other,Other,Other,Other,Other,Other,Other
2026-09-22,2026-09-22,0,269,260,269,10:40:25.000,10:42:03.000,98,57070,23415.7000,23396.0000,-19.7000,-0.084131586926720106595147700,23400.0000,51.6500,42.2500,-9.4000,-18.19941916747337850919651500,41.5500,57.5000,15.9500,38.387484957882069795427196150,Other,Other,False,False,False,0,-1,False,A,Other,Other,Other,Other,Other,Other,Other,Other,Other
2026-09-22,2026-09-22,0,270,261,270,10:40:34.000,10:42:03.000,89,62465,23420.2000,23396.0000,-24.2000,-0.1033296043586305838549628100,23400.0000,51.3000,42.2500,-9.0500,-17.641325536062378167641325540,41.9000,57.5000,15.6000,37.231503579952267303102625300,Other,Other,False,False,False,0,-1,False,Other,Other,Other,Other,Other,Other,Other,Other,Other,Other
2026-09-22,2026-09-22,0,271,262,271,10:40:47.000,10:42:04.000,77,64220,23420.0000,23395.0000,-25.0000,-0.1067463706233988044406490200,23400.0000,51.0000,42.0500,-8.9500,-17.549019607843137254901960780,42.5000,57.7500,15.2500,35.882352941176470588235294120,Other,Other,False,False,False,0,-1,False,Other,Other,Other,Other,Other,Other,Other,Other,Other,Other
2026-09-22,2026-09-22,0,272,263,272,10:40:55.000,10:42:04.000,69,64415,23420.0000,23395.0000,-25.0000,-0.1067463706233988044406490200,23400.0000,51.4500,42.0500,-9.4000,-18.270165208940719144800777450,42.3500,57.7500,15.4000,36.363636363636363636363636360,Other,Other,False,False,False,0,-1,False,Other,Other,Other,Other,Other,Other,Other,Other,Other,Other
2026-09-22,2026-09-22,0,273,264,273,10:41:45.000,10:42:10.000,25,64545,23412.0000,23390.0000,-22.0000,-0.0939689048351272851529130400,23400.0000,46.4000,41.5500,-4.8500,-10.452586206896551724137931030,49.2500,59.7500,10.5000,21.319796954314720812182741120,Other,Other,False,False,False,0,-1,False,Other,Other,Other,Other,Other,Other,Other,Other,Other,Other
2026-09-22,2026-09-22,0,274,265,274,10:41:55.000,10:42:18.000,23,56290,23405.5000,23382.0000,-23.5000,-0.1004037512550468906880861300,23400.0000,43.3500,38.9000,-4.4500,-10.265282583621683967704728950,55.4000,67.8500,12.4500,22.472924187725631768953068590,Other,Other,False,False,False,0,-1,False,Other,Other,Other,Other,Other,Other,Other,Other,Other,Other
2026-09-22,2026-09-22,0,275,266,275,10:41:56.000,10:42:23.000,27,67015,23404.0000,23379.3000,-24.7000,-0.1055375149547085968210562300,23400.0000,43.5000,37.9500,-5.5500,-12.758620689655172413793103450,54.9500,67.2000,12.2500,22.292993630573248407643312100,Other,Other,False,False,False,0,-1,False,Other,Other,Other,Other,Other,Other,Other,Other,Other,Other
2026-09-22,2026-09-22,0,276,267,276,10:41:56.000,10:42:23.000,27,77740,23404.0000,23379.3000,-24.7000,-0.1055375149547085968210562300,23400.0000,43.5000,37.9500,-5.5500,-12.758620689655172413793103450,54.9500,67.2000,12.2500,22.292993630573248407643312100,Other,Other,False,False,False,0,-1,False,Other,Other,Other,Other,Other,Other,Other,Other,Other,Other
2026-09-22,2026-09-22,0,277,268,277,10:41:57.000,10:42:24.000,27,88465,23403.5000,23376.4000,-27.1000,-0.1157946460999423163202085200,23400.0000,43.3000,37.0000,-6.3000,-14.549653579676674364896073900,55.1500,69.3000,14.1500,25.657298277425203989120580240,Other,Other,False,False,False,0,-1,False,Other,Other,Other,Other,Other,Other,Other,Other,Other,Other
2026-09-22,2026-09-22,0,278,269,278,10:42:00.000,10:42:24.000,24,96850,23401.2000,23376.4000,-24.8000,-0.1059774712407910705433909400,23400.0000,42.3500,37.0000,-5.3500,-12.63282172373081463990554900,57.3000,69.3000,12.0000,20.942408376963350785340314140,Other,Other,False,False,False,0,-1,False,Other,Other,Other,Other,Other,Other,Other,Other,Other,Other
2026-09-22,2026-09-22,0,279,270,279,10:42:03.000,10:42:25.000,22,95485,23396.0000,23380.0000,-16.0000,-0.0683877585912121730210292400,23400.0000,42.2500,37.7000,-4.5500,-10.769230769230769230769230770,57.5000,68.5500,11.0500,19.217391304347826086956521740,Other,Other,False,False,False,0,-1,False,Other,Other,Other,Other,Other,Other,Other,Other,Other,Other
2026-09-22,2026-09-22,0,280,271,280,10:42:04.000,10:42:25.000,21,94120,23395.0000,23380.0000,-15.0000,-0.0641162641590083351143406700,23400.0000,42.0500,37.7000,-4.3500,-10.344827586206896551724137930,57.7500,68.5500,10.8000,18.701298701298701298701298700,Other,Other,False,False,False,0,-1,False,Other,Other,Other,Other,Other,Other,Other,Other,Other,Other
2026-09-22,2026-09-22,0,281,272,281,10:42:04.000,10:42:25.000,21,92885,23395.0000,23380.0000,-15.0000,-0.0641162641590083351143406700,23400.0000,42.0500,37.7000,-4.3500,-10.344827586206896551724137930,57.7500,68.5500,10.8000,18.701298701298701298701298700,Other,Other,False,False,False,0,-1,False,Other,Other,Other,Other,Other,Other,Other,Other,Other,Other
2026-09-22,2026-09-22,0,282,273,282,10:42:05.000,10:42:30.000,25,93015,23390.0000,23379.3000,-10.7000,-0.0457460453185121846943138100,23400.0000,41.7500,38.2000,-3.5500,-8.502994011976047904191616770,57.7500,67.0500,9.3000,16.103896103896103896103896100,Other,Other,False,False,False,0,-1,False,Other,Other,Other,Other,Other,Other,Other,Other,Other,Other
2026-09-22,2026-09-22,0,283,274,283,10:42:10.000,10:42:33.000,23,93730,23390.0000,23378.7000,-11.3000,-0.0483112441214194100042753300,23400.0000,41.5500,39.5500,-2.0000,-4.813477737665463297232250300,59.7500,63.1500,3.4000,5.6903765690376569037656903800,Other,Other,False,False,False,0,-1,False,Other,Other,Other,Other,Other,Other,Other,Other,Other,B
2026-09-22,2026-09-22,0,284,275,284,10:42:18.000,10:42:55.000,37,94250,23382.0000,23390.0000,8.0000,0.0342143529210503806346762500,23400.0000,38.9000,40.8500,1.9500,5.0128534704370179948586118300,67.8500,62.3000,-5.5500,-8.179808400884303610906411200,Other,Other,False,False,False,0,-1,False,Other,Other,Other,Other,Other,Other,Other,Other,B,Other
2026-09-22,2026-09-22,0,285,276,285,10:42:23.000,10:42:58.000,35,78260,23379.3000,23400.0000,20.7000,0.0885398621857797282211186800,23400.0000,37.9500,42.5500,4.6000,12.121212121212121212121212120,67.2000,57.7000,-9.5000,-14.136904761904761904761904760,Other,Other,False,False,False,0,-1,False,Other,Other,Other,Other,Other,Other,Other,B,Other,Other
2026-09-22,2026-09-22,0,286,277,286,10:42:24.000,10:43:13.000,49,63960,23376.4000,23391.0000,14.6000,0.0624561523587892062079704300,23400.0000,37.0000,43.0000,6.0000,16.216216216216216216216216220,69.3000,58.1500,-11.1500,-16.089466089466089466089466090,Other,Other,False,False,False,0,-1,False,Other,Other,Other,Other,Other,Other,B,Other,Other,B
2026-09-22,2026-09-22,0,287,278,287,10:42:24.000,10:43:30.000,66,52195,23376.4000,23394.0000,17.6000,0.0752896083229239746068684700,23400.0000,37.0000,42.5500,5.5500,15.00,69.3000,57.0000,-12.3000,-17.748917748917748917748917750,Other,Other,False,False,False,0,-1,False,Other,Other,Other,Other,Other,B,Other,Other,B,Other
2026-09-22,2026-09-22,0,288,279,288,10:42:25.000,10:43:53.000,88,44590,23380.0000,23402.3000,22.3000,0.095380667236954662104362700,23400.0000,37.7000,43.0000,5.3000,14.058355437665782493368700270,68.5500,54.7500,-13.8000,-20.131291028446389496717724290,Other,Other,False,False,False,0,-1,False,Other,Other,Other,Other,B,Other,Other,B,Other,Other
2026-09-22,2026-09-22,0,289,280,289,10:42:25.000,10:44:06.000,101,38935,23380.0000,23400.1000,20.1000,0.0859709153122326775021385800,23400.0000,37.7000,42.3500,4.6500,12.334217506631299734748010610,68.5500,56.9000,-11.6500,-16.994894237782640408460977390,Other,Other,False,False,False,0,-1,False,Other,Other,Other,B,Other,Other,B,Other,Other,Other
2026-09-22,2026-09-22,0,290,281,290,10:42:25.000,10:44:18.000,113,38155,23380.0000,23390.0000,10.0000,0.0427715996578272027373823800,23400.0000,37.7000,42.0500,4.3500,11.538461538461538461538461540,68.5500,58.0000,-10.5500,-15.390226112326768781911013860,Other,Other,False,False,False,0,-1,False,Other,Other,B,Other,Other,B,Other,Other,Other,Other
2026-09-22,2026-09-22,0,291,282,291,10:42:25.000,10:44:18.000,113,37245,23380.0000,23390.0000,10.0000,0.0427715996578272027373823800,23400.0000,37.7000,42.0500,4.3500,11.538461538461538461538461540,68.5500,58.0000,-10.5500,-15.390226112326768781911013860,Other,Other,False,False,False,0,-1,False,Other,B,Other,Other,B,Other,Other,Other,Other,Other
2026-09-22,2026-09-22,0,292,283,292,10:42:30.000,10:44:28.000,118,36920,23379.3000,23395.0000,15.7000,0.0671534220442870402450030600,23400.0000,38.2000,41.6000,3.4000,8.900523560209424083769633510,67.0500,59.7000,-7.3500,-10.961968680089485458612975390,Other,Other,False,False,False,0,-1,False,B,Other,Other,B,Other,Other,Other,Other,Other,Other
2026-09-22,2026-09-22,0,293,284,293,10:42:33.000,10:44:46.000,133,35685,23378.7000,23401.7000,23.0000,0.0983801494522792114189411700,23400.0000,39.5500,42.1500,2.6000,6.5739570164348925410872313500,63.1500,58.3500,-4.8000,-7.6009501187648456057007125900,Other,Other,False,False,False,0,-1,False,Other,Other,B,Other,Other,Other,Other,Other,Other,Other
2026-09-22,2026-09-22,0,294,285,294,10:42:55.000,10:44:56.000,121,37115,23390.0000,23395.0000,5.0000,0.0213766566908935442496793500,23400.0000,40.8500,41.1500,0.3000,0.7343941248470012239902080800,62.3000,60.3500,-1.9500,-3.1300160513643659711075441400,Other,Other,False,False,False,0,-1,False,Other,B,Other,Other,Other,Other,Other,Other,Other,Other
2026-09-22,2026-09-22,0,295,286,295,10:42:58.000,10:44:56.000,118,36075,23400.0000,23395.0000,-5.0000,-0.0213675213675213675213675200,23400.0000,42.5500,41.1500,-1.4000,-3.2902467685076380728554641600,57.7000,60.3500,2.6500,4.5927209705372616984402079700,Other,Other,False,False,False,0,-1,False,B,Other,Other,Other,Other,Other,Other,Other,Other,Other
2026-09-22,2026-09-22,0,296,287,296,10:43:13.000,10:45:08.000,115,36140,23391.0000,23391.3000,0.3000,0.0012825445684237527254072100,23400.0000,43.0000,39.9000,-3.1000,-7.209302325581395348837209300,58.1500,63.0500,4.9000,8.426483233018056749785038690,A,Other,True,False,False,1,33,False,Other,Other,Other,Other,Other,Other,Other,Other,Other,Other
2026-09-22,2026-09-22,0,297,288,297,10:43:30.000,10:45:14.000,104,36270,23394.0000,23382.0000,-12.0000,-0.0512952038984354962810977200,23400.0000,42.5500,39.9000,-2.6500,-6.2279670975323149236192714500,57.0000,62.6000,5.6000,9.824561403508771929824561400,Other,A,False,False,True,0,-1,False,Other,Other,Other,Other,Other,Other,Other,Other,Other,Other
2026-09-22,2026-09-22,0,298,289,298,10:43:53.000,10:45:23.000,90,34970,23402.3000,23381.6000,-20.7000,-0.0884528443785439892660123200,23400.0000,43.0000,39.6500,-3.3500,-7.790697674418604651162790700,54.7500,63.8500,9.1000,16.621004566210045662100456620,Other,Other,False,False,False,0,-1,False,Other,Other,Other,Other,Other,Other,Other,Other,Other,Other
2026-09-22,2026-09-22,0,299,290,299,10:44:06.000,10:45:28.000,82,34060,23400.1000,23393.1000,-7.0000,-0.0299144020752048068170648800,23400.0000,42.3500,39.5500,-2.8000,-6.6115702479338842975206611600,56.9000,63.7500,6.8500,12.038664323374340949033391920,Other,Other,False,False,False,0,-1,False,Other,Other,Other,Other,Other,Other,Other,Other,Other,A
2026-09-22,2026-09-22,0,300,291,300,10:44:18.000,10:45:33.000,75,30745,23390.0000,23381.3000,-8.7000,-0.0371953826421547669944420700,23400.0000,42.0500,39.7000,-2.3500,-5.5885850178359096313912009500,58.0000,63.7000,5.7000,9.827586206896551724137931030,Other,Other,False,False,False,0,-1,False,Other,Other,Other,Other,Other,Other,Other,Other,A,B
2026-09-22,2026-09-22,0,301,292,301,10:44:19.000,10:45:43.000,84,30485,23402.6000,23381.0000,-21.6000,-0.0922974370369104287557792700,23400.0000,42.4000,39.4000,-3.0000,-7.0754716981132075471698113200,57.5500,64.5500,7.0000,12.163336229365768896611642050,Other,Other,False,False,False,0,-1,False,Other,Other,Other,Other,Other,Other,Other,A,B,Other
2026-09-22,2026-09-22,0,302,293,302,10:44:28.000,10:45:51.000,83,31785,23395.0000,23391.1000,-3.9000,-0.0166702286813421671297285700,23400.0000,41.6000,38.8500,-2.7500,-6.6105769230769230769230769200,59.7000,65.9500,6.2500,10.469011725293132328308207710,Other,Other,False,False,False,0,-1,False,Other,Other,Other,Other,Other,Other,A,B,Other,A
2026-09-22,2026-09-22,0,303,294,303,10:44:46.000,10:46:01.000,75,31720,23401.7000,23389.0000,-12.7000,-0.0542695616130452061175042800,23400.0000,42.1500,39.3000,-2.8500,-6.7615658362989323843416370100,58.3500,64.2000,5.8500,10.025706940874035989717223650,Other,Other,False,False,False,0,-1,False,Other,Other,Other,Other,Other,A,B,Other,A,B
2026-09-22,2026-09-22,0,304,295,304,10:44:56.000,10:46:08.000,72,30095,23395.0000,23393.1000,-1.9000,-0.0081213934601410557811498200,23400.0000,41.1500,40.8000,-0.3500,-0.8505467800729040097205346300,60.3500,61.2500,0.9000,1.4913007456503728251864125900,Other,Other,False,False,False,0,-1,False,Other,Other,Other,Other,A,B,Other,A,B,Other
2026-09-22,2026-09-22,0,305,296,305,10:44:57.000,10:46:26.000,89,30030,23387.0000,23394.0000,7.0000,0.0299311583358275965279856300,23400.0000,40.7000,41.4000,0.7000,1.7199017199017199017199017200,61.3000,59.1500,-2.1500,-3.5073409461663947797716150100,Other,Other,False,False,False,0,-1,False,Other,Other,Other,A,B,Other,A,B,Other,Other
2026-09-22,2026-09-22,0,306,297,306,10:45:08.000,10:46:39.000,91,29770,23391.3000,23394.0000,2.7000,0.0115427530748611663310718100,23400.0000,39.9000,41.1500,1.2500,3.1328320802005012531328320800,63.0500,59.5000,-3.5500,-5.6304520222045995241871530500,Other,Other,False,False,False,0,-1,False,Other,Other,A,B,Other,A,B,Other,Other,Other
2026-09-22,2026-09-22,0,307,298,307,10:45:14.000,10:47:18.000,124,29770,23382.0000,23390.0000,8.0000,0.0342143529210503806346762500,23400.0000,39.9000,40.8000,0.9000,2.255639097744360902255639100,62.6000,59.3500,-3.2500,-5.1916932907348242811501597400,Other,Other,False,False,False,0,-1,False,Other,A,B,Other,A,B,Other,Other,Other,Other
2026-09-22,2026-09-22,0,308,299,308,10:45:23.000,10:47:28.000,125,31460,23381.6000,23394.0000,12.4000,0.0530331542751565333424573200,23400.0000,39.6500,41.4500,1.8000,4.539722572509457755359394700,63.8500,58.7000,-5.1500,-8.065779169929522317932654660,Other,Other,False,False,False,0,-1,False,A,B,Other,A,B,Other,Other,Other,Other,Other
2026-09-22,2026-09-22,0,309,300,309,10:45:28.000,10:47:44.000,136,31395,23393.1000,23390.9000,-2.2000,-0.0094044825183494278227340500,23400.0000,39.5500,41.6000,2.0500,5.1833122629582806573957016400,63.7500,57.5000,-6.2500,-9.803921568627450980392156860,B,Other,True,False,False,1,34,False,B,Other,A,B,Other,Other,Other,Other,Other,B
2026-09-22,2026-09-22,0,310,301,310,10:45:33.000,10:48:01.000,148,31395,23381.3000,23395.0000,13.7000,0.05859383353363585429381600,23400.0000,39.7000,41.2500,1.5500,3.904282115869017632241813600,63.7000,57.5500,-6.1500,-9.654631083202511773940345370,Other,B,False,False,True,0,-1,False,Other,A,B,Other,Other,Other,Other,Other,B,Other
2026-09-22,2026-09-22,0,311,302,311,10:45:43.000,10:48:16.000,153,33930,23381.0000,23390.0000,9.0000,0.038492793293700012830931100,23400.0000,39.4000,40.4000,1.0000,2.5380710659898477157360406100,64.5500,59.3000,-5.2500,-8.133230054221533694810224630,Other,Other,False,False,False,0,-1,False,A,B,Other,Other,Other,Other,Other,B,Other,Other
2026-09-22,2026-09-22,0,312,303,312,10:45:51.000,10:48:16.000,145,32955,23391.1000,23390.0000,-1.1000,-0.0047026433130549653500690400,23400.0000,38.8500,40.4000,1.5500,3.9897039897039897039897039900,65.9500,59.3000,-6.6500,-10.083396512509476876421531460,B,Other,True,False,False,1,35,False,B,Other,Other,Other,Other,Other,B,Other,Other,Other
2026-09-22,2026-09-22,0,313,304,313,10:46:01.000,10:48:32.000,151,32825,23389.0000,23397.0000,8.0000,0.0342041130445936123818889200,23400.0000,39.3000,39.8500,0.5500,1.3994910941475826972010178100,64.2000,59.6500,-4.5500,-7.0872274143302180685358255500,Other,B,False,False,True,0,-1,False,Other,Other,Other,Other,Other,B,Other,Other,Other,Other
2026-09-22,2026-09-22,0,314,305,314,10:46:08.000,10:48:51.000,163,32175,23393.1000,23395.0000,1.9000,0.0081220530840290513014521400,23400.0000,40.8000,39.2000,-1.6000,-3.9215686274509803921568627500,61.2500,62.6000,1.3500,2.2040816326530612244897959200,A,Other,True,False,False,1,36,False,Other,Other,Other,Other,B,Other,Other,Other,Other,Other
2026-09-22,2026-09-22,0,315,306,315,10:46:26.000,10:49:45.000,199,33345,23394.0000,23389.3000,-4.7000,-0.0200906215268872360434299400,23400.0000,41.4000,40.9000,-0.5000,-1.2077294685990338164251207700,59.1500,58.8000,-0.3500,-0.5917159763313609467455621300,Other,A,False,False,True,0,-1,False,Other,Other,Other,B,Other,Other,Other,Other,Other,B
2026-09-22,2026-09-22,0,316,307,316,10:46:39.000,10:50:02.000,203,33410,23394.0000,23385.0000,-9.0000,-0.0384714029238266222108232900,23400.0000,41.1500,38.3500,-2.8000,-6.8043742405832320777642770400,59.5000,63.4000,3.9000,6.5546218487394957983193277300,Other,Other,False,False,False,0,-1,False,Other,Other,B,Other,Other,Other,Other,Other,B,Other
2026-09-22,2026-09-22,0,317,308,317,10:47:18.000,10:50:45.000,207,34840,23390.0000,23380.5000,-9.5000,-0.0406156477126977340743907700,23400.0000,40.8000,36.3000,-4.5000,-11.029411764705882352941176470,59.3500,66.4500,7.1000,11.962931760741364785172704300,Other,Other,False,False,False,0,-1,False,Other,B,Other,Other,Other,Other,Other,B,Other,Other
2026-09-22,2026-09-22,0,318,309,318,10:47:28.000,10:50:47.000,199,33995,23394.0000,23375.0000,-19.0000,-0.0812174061725228691117380500,23350.0000,68.7500,61.9500,-6.8000,-9.890909090909090909090909090,35.9000,41.1500,5.2500,14.623955431754874651810584960,Other,Other,False,False,False,0,-1,False,B,Other,Other,Other,Other,Other,B,Other,Other,Other
2026-09-22,2026-09-22,0,319,310,319,10:47:44.000,10:50:49.000,185,36075,23390.9000,23376.0000,-14.9000,-0.0636999858919494333266355700,23400.0000,41.6000,36.9000,-4.7000,-11.298076923076923076923076920,57.5000,65.7000,8.2000,14.260869565217391304347826090,Other,Other,False,False,False,0,-1,False,Other,Other,Other,Other,Other,B,Other,Other,Other,Other
2026-09-22,2026-09-22,0,320,311,320,10:48:01.000,10:50:54.000,173,36140,23395.0000,23376.9000,-18.1000,-0.0773669587518700577046377400,23400.0000,41.2500,36.5500,-4.7000,-11.393939393939393939393939390,57.5500,65.8500,8.3000,14.42224152910512597741094700,Other,Other,False,False,False,0,-1,False,Other,Other,Other,Other,B,Other,Other,Other,Other,Other
2026-09-22,2026-09-22,0,321,312,321,10:48:16.000,10:51:15.000,179,33865,23390.0000,23380.5000,-9.5000,-0.0406156477126977340743907700,23400.0000,40.4000,36.5500,-3.8500,-9.529702970297029702970297030,59.3000,65.5500,6.2500,10.539629005059021922428330520,Other,Other,False,False,False,0,-1,False,Other,Other,Other,B,Other,Other,Other,Other,Other,A
2026-09-22,2026-09-22,0,322,313,322,10:48:16.000,10:51:32.000,196,33540,23390.6000,23380.5000,-10.1000,-0.0431797388694603815207818500,23400.0000,40.4000,35.7000,-4.7000,-11.633663366336633663366336630,59.3000,67.4500,8.1500,13.74367622259696458684654300,Other,Other,False,False,False,0,-1,False,Other,Other,B,Other,Other,Other,Other,Other,A,Other
2026-09-22,2026-09-22,0,323,314,323,10:48:32.000,10:52:05.000,213,33540,23397.0000,23386.2000,-10.8000,-0.0461597640723169637132965800,23400.0000,39.8500,36.6000,-3.2500,-8.155583437892095357590966120,59.6500,65.1000,5.4500,9.136630343671416596814752720,Other,Other,False,False,False,0,-1,False,Other,B,Other,Other,Other,Other,Other,A,Other,Other
2026-09-22,2026-09-22,0,324,315,324,10:48:51.000,10:52:23.000,212,33150,23395.0000,23383.8000,-11.2000,-0.0478734772387262235520410300,23400.0000,39.2000,36.0000,-3.2000,-8.163265306122448979591836730,62.6000,65.8500,3.2500,5.1916932907348242811501597400,Other,Other,False,False,False,0,-1,False,B,Other,Other,Other,Other,Other,A,Other,Other,Other
2026-09-22,2026-09-22,0,325,316,325,10:49:45.000,10:52:38.000,173,32110,23389.3000,23378.0000,-11.3000,-0.0483126899907222533380648400,23400.0000,40.9000,34.2000,-6.7000,-16.381418092909535452322738390,58.8000,68.5500,9.7500,16.581632653061224489795918370,Other,Other,False,False,False,0,-1,False,Other,Other,Other,Other,Other,A,Other,Other,Other,Other
2026-09-22,2026-09-22,0,326,317,326,10:50:02.000,10:52:53.000,171,32045,23385.0000,23375.9000,-9.1000,-0.0389138336540517425700235200,23400.0000,38.3500,34.0000,-4.3500,-11.342894393741851368970013040,63.4000,69.3000,5.9000,9.305993690851735015772870660,Other,Other,False,False,False,0,-1,False,Other,Other,Other,Other,A,Other,Other,Other,Other,Other
2026-09-22,2026-09-22,0,327,318,327,10:50:45.000,10:53:10.000,145,30420,23380.5000,23375.4000,-5.1000,-0.0218130493359851158016295600,23400.0000,36.3000,34.2000,-2.1000,-5.7851239669421487603305785100,66.4500,68.5500,2.1000,3.1602708803611738148984198600,Other,Other,False,False,False,0,-1,False,Other,Other,Other,A,Other,Other,Other,Other,Other,Other
2026-09-22,2026-09-22,0,328,319,328,10:50:47.000,10:53:31.000,164,29380,23375.0000,23378.1000,3.1000,0.0132620320855614973262032100,23400.0000,36.7000,35.5500,-1.1500,-3.1335149863760217983651226200,65.6500,66.5500,0.9000,1.3709063214013709063214013700,A,Other,True,False,False,1,37,False,Other,Other,A,Other,Other,Other,Other,Other,Other,Other
2026-09-22,2026-09-22,0,329,320,329,10:50:49.000,10:53:56.000,187,27235,23376.0000,23383.0000,7.0000,0.0299452429842573579739904200,23400.0000,36.9000,35.7500,-1.1500,-3.1165311653116531165311653100,65.7000,66.6000,0.9000,1.3698630136986301369863013700,A,A,False,True,False,2,37,False,Other,A,Other,Other,Other,Other,Other,Other,Other,Other
2026-09-22,2026-09-22,0,330,321,330,10:50:54.000,10:54:25.000,211,27170,23376.9000,23381.1000,4.2000,0.0179664540636269137481873100,23400.0000,36.5500,36.6000,0.0500,0.1367989056087551299589603300,65.8500,64.5500,-1.3000,-1.9741837509491268033409263500,Other,A,False,False,True,0,-1,False,A,Other,Other,Other,Other,Other,Other,Other,Other,B
2026-09-22,2026-09-22,0,331,322,331,10:51:15.000,10:54:51.000,216,26455,23380.5000,23387.0000,6.5000,0.027800945232137892688351400,23400.0000,36.5500,37.5000,0.9500,2.5991792065663474692202462400,65.5500,63.0000,-2.5500,-3.8901601830663615560640732300,Other,Other,False,False,False,0,-1,False,Other,Other,Other,Other,Other,Other,Other,Other,B,Other
2026-09-22,2026-09-22,0,332,323,332,10:51:32.000,10:55:31.000,239,26455,23380.5000,23388.5000,8.0000,0.034216547978015867924124800,23400.0000,35.7000,37.1500,1.4500,4.0616246498599439775910364100,67.4500,64.1500,-3.3000,-4.8925129725722757598220904400,Other,Other,False,False,False,0,-1,False,Other,Other,Other,Other,Other,Other,Other,B,Other,Other
2026-09-22,2026-09-22,0,333,324,333,10:52:05.000,10:55:51.000,226,27690,23386.2000,23393.4000,7.2000,0.0307873874336146958462683100,23400.0000,36.6000,37.6500,1.0500,2.8688524590163934426229508200,65.1000,62.9000,-2.2000,-3.3794162826420890937019969300,Other,Other,False,False,False,0,-1,False,Other,Other,Other,Other,Other,Other,B,Other,Other,A
2026-09-22,2026-09-22,0,334,325,334,10:52:23.000,10:55:56.000,213,28405,23383.8000,23390.4000,6.6000,0.0282246683601467682754727600,23400.0000,36.0000,38.2500,2.2500,6.2500,65.8500,61.4500,-4.4000,-6.6818526955201214882308276400,Other,Other,False,False,False,0,-1,False,Other,Other,Other,Other,Other,B,Other,Other,A,B
2026-09-22,2026-09-22,0,335,326,335,10:52:38.000,10:56:04.000,206,28535,23378.0000,23386.1000,8.1000,0.0346479596201557019419967500,23400.0000,34.2000,39.0000,4.8000,14.035087719298245614035087720,68.5500,59.8500,-8.7000,-12.691466083150984682713347920,Other,Other,False,False,False,0,-1,False,Other,Other,Other,Other,B,Other,Other,A,B,B
2026-09-22,2026-09-22,0,336,327,336,10:52:53.000,10:56:25.000,212,28795,23375.9000,23395.5000,19.6000,0.0838470390444859877052862100,23400.0000,34.0000,38.8000,4.8000,14.117647058823529411764705880,69.3000,60.3500,-8.9500,-12.914862914862914862914862910,Other,Other,False,False,False,0,-1,False,Other,Other,Other,B,Other,Other,A,B,B,A
2026-09-22,2026-09-22,0,337,328,337,10:53:10.000,10:56:42.000,212,29445,23375.4000,23397.2000,21.8000,0.0932604361850492397991050400,23400.0000,34.2000,37.5500,3.3500,9.795321637426900584795321640,68.5500,62.5000,-6.0500,-8.825674690007293946024799420,Other,Other,False,False,False,0,-1,False,Other,Other,B,Other,Other,A,B,B,A,A
2026-09-22,2026-09-22,0,338,329,338,10:53:31.000,10:56:58.000,207,30810,23378.1000,23396.6000,18.5000,0.0791338902648204943943263100,23400.0000,35.5500,37.9500,2.4000,6.7510548523206751054852320700,66.5500,61.3500,-5.2000,-7.8136739293764087152516904600,Other,Other,False,False,False,0,-1,False,Other,B,Other,Other,A,B,B,A,A,Other
2026-09-22,2026-09-22,0,339,330,339,10:53:56.000,10:57:06.000,190,30875,23383.0000,23396.3000,13.3000,0.0568789291365521960398580200,23400.0000,35.7500,38.0000,2.2500,6.2937062937062937062937062900,66.6000,61.2000,-5.4000,-8.108108108108108108108108110,Other,Other,False,False,False,0,-1,False,B,Other,Other,A,B,B,A,A,Other,B
2026-09-22,2026-09-22,0,340,331,340,10:54:25.000,10:57:45.000,200,30875,23381.1000,23393.0000,11.9000,0.0508958090081304985650803400,23400.0000,36.6000,40.0000,3.4000,9.289617486338797814207650270,64.5500,57.0000,-7.5500,-11.696359411309062742060418280,Other,Other,False,False,False,0,-1,False,Other,Other,A,B,B,A,A,Other,B,B
2026-09-22,2026-09-22,0,341,332,341,10:54:51.000,10:58:03.000,192,30875,23387.0000,23402.0000,15.0000,0.0641381964339162782742549300,23400.0000,37.5000,39.8500,2.3500,6.2666666666666666666666666700,63.0000,57.0500,-5.9500,-9.444444444444444444444444440,Other,Other,False,False,False,0,-1,False,Other,A,B,B,A,A,Other,B,B,Other
2026-09-22,2026-09-22,0,342,333,342,10:55:31.000,10:58:22.000,171,31395,23388.5000,23396.9000,8.4000,0.0359150864741218975137353800,23400.0000,37.1500,39.4000,2.2500,6.0565275908479138627187079400,64.1500,58.4000,-5.7500,-8.963367108339828526890101330,Other,Other,False,False,False,0,-1,False,A,B,B,A,A,Other,B,B,Other,Other
2026-09-22,2026-09-22,0,343,334,343,10:55:51.000,10:58:43.000,172,30485,23393.4000,23396.1000,2.7000,0.0115417168945087075841904100,23400.0000,37.6500,39.2500,1.6000,4.2496679946879150066401062400,62.9000,57.7500,-5.1500,-8.187599364069952305246422890,Other,Other,False,False,False,0,-1,False,B,B,A,A,Other,B,B,Other,Other,Other
2026-09-22,2026-09-22,0,344,335,344,10:55:56.000,10:59:14.000,198,30030,23390.4000,23398.0000,7.6000,0.0324919625145358779670292100,23400.0000,38.2500,40.0500,1.8000,4.7058823529411764705882352900,61.4500,57.0000,-4.4500,-7.2416598860862489829129373500,Other,Other,False,False,False,0,-1,False,B,A,A,Other,B,B,Other,Other,Other,Other
2026-09-22,2026-09-22,0,345,336,345,10:56:04.000,10:59:38.000,214,29965,23386.1000,23399.4000,13.3000,0.0568713894150798978880617100,23400.0000,39.0000,40.6000,1.6000,4.102564102564102564102564100,59.8500,55.7000,-4.1500,-6.9340016708437761069340016700,Other,Other,False,False,False,0,-1,False,A,A,Other,B,B,Other,Other,Other,Other,Other
2026-09-22,2026-09-22,0,346,337,346,10:56:25.000,10:59:52.000,207,29705,23395.5000,23396.9000,1.4000,0.0059840567630527238144087500,23400.0000,38.8000,40.6500,1.8500,4.768041237113402061855670100,60.3500,54.8500,-5.5000,-9.113504556752278376139188070,Other,Other,False,False,False,0,-1,False,A,Other,B,B,Other,Other,Other,Other,Other,B
2026-09-22,2026-09-22,0,347,338,347,10:56:42.000,11:00:14.000,212,29445,23397.2000,23398.2000,1.0000,0.0042740156941856290496298700,23400.0000,37.5500,38.8000,1.2500,3.3288948069241011984021304900,62.5000,57.8000,-4.7000,-7.5200,Other,Other,False,False,False,0,-1,False,Other,B,B,Other,Other,Other,Other,Other,B,A
2026-09-22,2026-09-22,0,348,339,348,10:56:58.000,11:00:22.000,204,28405,23396.6000,23395.3000,-1.3000,-0.0055563628903344930459981400,23400.0000,37.9500,37.9000,-0.0500,-0.1317523056653491436100131800,61.3500,60.0000,-1.3500,-2.2004889975550122249388753100,Other,Other,False,False,False,0,-1,False,B,B,Other,Other,Other,Other,Other,B,A,Other
2026-09-22,2026-09-22,0,349,340,349,10:57:06.000,11:00:32.000,206,28470,23396.3000,23390.0000,-6.3000,-0.0269273346640280728149322800,23400.0000,38.0000,38.6000,0.6000,1.5789473684210526315789473700,61.2000,59.0000,-2.2000,-3.5947712418300653594771241800,B,Other,True,False,False,1,38,False,B,Other,Other,Other,Other,Other,B,A,Other,Other
2026-09-22,2026-09-22,0,350,341,350,10:57:45.000,11:00:54.000,189,28470,23393.0000,23392.0000,-1.0000,-0.0042747830547599709314752300,23400.0000,40.0000,38.0500,-1.9500,-4.87500,57.0000,58.5500,1.5500,2.7192982456140350877192982500,Other,B,False,False,True,0,-1,False,Other,Other,Other,Other,Other,B,A,Other,Other,Other
2026-09-22,2026-09-22,0,351,342,351,10:58:03.000,11:01:08.000,185,28795,23402.0000,23390.0000,-12.0000,-0.0512776685753354414152636500,23400.0000,39.8500,38.1500,-1.7000,-4.2659974905897114178168130500,57.0500,58.8000,1.7500,3.0674846625766871165644171800,Other,Other,False,False,False,0,-1,False,Other,Other,Other,Other,B,A,Other,Other,Other,Other
2026-09-22,2026-09-22,0,352,343,352,10:58:22.000,11:01:29.000,187,28405,23396.9000,23393.4000,-3.5000,-0.0149592467378156935320491200,23400.0000,39.4000,37.3000,-2.1000,-5.3299492385786802030456852800,58.4000,60.0000,1.6000,2.7397260273972602739726027400,Other,Other,False,False,False,0,-1,False,Other,Other,Other,B,A,Other,Other,Other,Other,A
2026-09-22,2026-09-22,0,353,344,353,10:58:43.000,11:01:56.000,193,28210,23396.1000,23384.6000,-11.5000,-0.0491534913938647894307170900,23400.0000,39.2500,36.9000,-2.3500,-5.9872611464968152866242038200,57.7500,60.6000,2.8500,4.9350649350649350649350649400,Other,Other,False,False,False,0,-1,False,Other,Other,B,A,Other,Other,Other,Other,A,Other
2026-09-22,2026-09-22,0,354,345,354,10:59:14.000,11:03:02.000,228,27950,23398.0000,23392.0000,-6.0000,-0.0256432173690058979399948700,23400.0000,40.0500,35.6000,-4.4500,-11.111111111111111111111111110,57.0000,61.9500,4.9500,8.684210526315789473684210530,Other,Other,False,False,False,0,-1,False,Other,B,A,Other,Other,Other,Other,A,Other,Other
2026-09-22,2026-09-22,0,355,346,355,10:59:38.000,11:04:05.000,267,27885,23399.4000,23384.7000,-14.7000,-0.0628221236441960050257698900,23400.0000,40.6000,36.4000,-4.2000,-10.344827586206896551724137930,55.7000,59.7500,4.0500,7.2710951526032315978456014400,Other,Other,False,False,False,0,-1,False,B,A,Other,Other,Other,Other,A,Other,Other,Other
2026-09-22,2026-09-22,0,356,347,356,10:59:52.000,11:05:14.000,322,27885,23396.9000,23390.2000,-6.7000,-0.028636272326675756189922600,23400.0000,40.6500,35.6500,-5.0000,-12.300123001230012300123001230,54.8500,61.9000,7.0500,12.853236098450319051959890610,Other,Other,False,False,False,0,-1,False,A,Other,Other,Other,Other,A,Other,Other,Other,Other
2026-09-22,2026-09-22,0,357,348,357,11:00:14.000,11:06:14.000,360,27430,23398.2000,23389.0000,-9.2000,-0.0393192638749989315417425300,23400.0000,38.8000,34.8000,-4.0000,-10.309278350515463917525773200,57.8000,63.1500,5.3500,9.256055363321799307958477510,Other,Other,False,False,False,0,-1,False,Other,Other,Other,Other,A,Other,Other,Other,Other,Other
2026-09-22,2026-09-22,0,358,349,358,11:00:22.000,11:06:43.000,381,27885,23395.3000,23388.5000,-6.8000,-0.029065667035686655011904100,23400.0000,37.9000,35.1000,-2.8000,-7.3878627968337730870712401100,60.0000,62.6000,2.6000,4.3333333333333333333333333300,Other,Other,False,False,False,0,-1,False,Other,Other,Other,A,Other,Other,Other,Other,Other,B
2026-09-22,2026-09-22,0,359,350,359,11:00:32.000,11:06:59.000,387,27755,23390.0000,23395.0000,5.0000,0.0213766566908935442496793500,23400.0000,38.6000,36.4000,-2.2000,-5.699481865284974093264248700,59.0000,59.9500,0.9500,1.6101694915254237288135593200,A,Other,True,False,False,1,39,False,Other,Other,A,Other,Other,Other,Other,Other,B,Other
2026-09-22,2026-09-22,0,360,351,360,11:00:54.000,11:07:36.000,402,27755,23392.0000,23394.5000,2.5000,0.0106874145006839945280437800,23400.0000,38.0500,35.7000,-2.3500,-6.1760840998685939553219448100,58.5500,61.4500,2.9000,4.9530315969257045260461144300,A,A,False,True,False,2,39,False,Other,A,Other,Other,Other,Other,Other,B,Other,Other
2026-09-22,2026-09-22,0,361,352,361,11:01:08.000,11:08:08.000,420,27495,23390.0000,23384.6000,-5.4000,-0.023086789226165027789653700,23400.0000,38.1500,35.5000,-2.6500,-6.9462647444298820445609436400,58.8000,61.9000,3.1000,5.2721088435374149659863945600,Other,A,False,False,True,0,-1,False,A,Other,Other,Other,Other,Other,B,Other,Other,Other
2026-09-22,2026-09-22,0,362,353,362,11:01:29.000,11:09:31.000,482,27300,23393.4000,23388.1000,-5.3000,-0.0226559627929245000726700700,23400.0000,37.3000,36.5500,-0.7500,-2.0107238605898123324396782800,60.0000,59.4500,-0.5500,-0.9166666666666666666666666700,Other,Other,False,False,False,0,-1,False,Other,Other,Other,Other,Other,B,Other,Other,Other,Other
2026-09-22,2026-09-22,0,363,354,363,11:01:56.000,11:10:01.000,485,27755,23384.6000,23390.5000,5.9000,0.0252302797567629978703933400,23400.0000,36.9000,36.8500,-0.0500,-0.1355013550135501355013550100,60.6000,59.1000,-1.5000,-2.4752475247524752475247524800,Other,Other,False,False,False,0,-1,False,Other,Other,Other,Other,B,Other,Other,Other,Other,Other
2026-09-22,2026-09-22,0,364,355,364,11:03:02.000,11:10:55.000,473,28080,23392.0000,23390.1000,-1.9000,-0.0081224350205198358413132700,23400.0000,35.6000,37.4000,1.8000,5.0561797752808988764044943800,61.9500,57.4000,-4.5500,-7.344632768361581920903954800,B,Other,True,False,False,1,40,False,Other,Other,Other,B,Other,Other,Other,Other,Other,B
2026-09-22,2026-09-22,0,365,356,365,11:04:05.000,11:12:15.000,490,27950,23384.7000,23402.0000,17.3000,0.0739799954671216650202910400,23400.0000,36.4000,38.6000,2.2000,6.0439560439560439560439560400,59.7500,55.7500,-4.0000,-6.6945606694560669456066945600,Other,B,False,False,True,0,-1,False,Other,Other,B,Other,Other,Other,Other,Other,B,Other
2026-09-22,2026-09-22,0,366,357,366,11:05:14.000,11:12:52.000,458,28145,23390.2000,23405.8000,15.6000,0.0666945985925729579054475800,23400.0000,35.6500,38.6500,3.0000,8.415147265077138849929873770,61.9000,55.6000,-6.3000,-10.177705977382875605815831990,Other,Other,False,False,False,0,-1,False,Other,B,Other,Other,Other,Other,Other,B,Other,Other
2026-09-22,2026-09-22,0,367,358,367,11:06:14.000,11:13:30.000,436,28210,23389.0000,23401.5000,12.5000,0.0534439266321775193467014400,23400.0000,34.8000,39.6500,4.8500,13.936781609195402298850574710,63.1500,53.5000,-9.6500,-15.281076801266825019794140930,Other,Other,False,False,False,0,-1,False,B,Other,Other,Other,Other,Other,B,Other,Other,B
2026-09-22,2026-09-22,0,368,359,368,11:06:43.000,11:14:23.000,460,27300,23388.5000,23410.0000,21.5000,0.0919255189516215233982512800,23400.0000,35.1000,42.5000,7.4000,21.082621082621082621082621080,62.6000,49.0500,-13.5500,-21.645367412140575079872204470,Other,Other,False,False,False,0,-1,False,Other,Other,Other,Other,Other,B,Other,Other,B,Other
2026-09-22,2026-09-22,0,369,360,369,11:06:59.000,11:15:49.000,530,27365,23395.0000,23405.0000,10.0000,0.0427441761060055567428937800,23400.0000,36.4000,41.3500,4.9500,13.598901098901098901098901100,59.9500,51.5500,-8.4000,-14.011676396997497914929107590,Other,Other,False,False,False,0,-1,False,Other,Other,Other,Other,B,Other,Other,B,Other,B
2026-09-22,2026-09-22,0,370,361,370,11:07:36.000,11:16:55.000,559,27820,23394.5000,23407.9000,13.4000,0.0572784201414862467674025900,23400.0000,35.7000,42.7500,7.0500,19.747899159663865546218487390,61.4500,48.9500,-12.5000,-20.341741253051261187957689180,Other,Other,False,False,False,0,-1,False,Other,Other,Other,B,Other,Other,B,Other,B,A
2026-09-22,2026-09-22,0,371,362,371,11:08:08.000,11:17:43.000,575,29055,23384.6000,23410.0000,25.4000,0.1086184925121661264250831700,23400.0000,35.5000,44.2500,8.7500,24.647887323943661971830985920,61.9000,47.4500,-14.4500,-23.344103392568659127625201940,Other,Other,False,False,False,0,-1,False,Other,Other,B,Other,Other,B,Other,B,A,Other
2026-09-22,2026-09-22,0,372,363,372,11:09:31.000,11:17:46.000,495,29055,23388.1000,23410.0000,21.9000,0.0936373625903771576143423400,23400.0000,36.5500,42.5000,5.9500,16.279069767441860465116279070,59.4500,49.5500,-9.9000,-16.652649285113540790580319600,Other,Other,False,False,False,0,-1,False,Other,B,Other,Other,B,Other,B,A,Other,Other
2026-09-22,2026-09-22,0,373,364,373,11:10:01.000,11:18:13.000,492,28990,23390.5000,23400.0000,9.5000,0.0406147795044996900451037800,23400.0000,36.8500,40.8000,3.9500,10.719131614654002713704206240,59.1000,51.9500,-7.1500,-12.098138747884940778341793570,Other,Other,False,False,False,0,-1,False,B,Other,Other,B,Other,B,A,Other,Other,Other
2026-09-22,2026-09-22,0,374,365,374,11:10:55.000,11:18:28.000,453,28990,23390.1000,23413.2000,23.1000,0.0987597316813523670270755600,23400.0000,37.4000,41.7500,4.3500,11.631016042780748663101604280,57.4000,50.6500,-6.7500,-11.759581881533101045296167250,Other,Other,False,False,False,0,-1,False,Other,Other,B,Other,B,A,Other,Other,Other,A
2026-09-22,2026-09-22,0,375,366,375,11:12:15.000,11:19:02.000,407,29055,23402.0000,23401.5000,-0.5000,-0.0021365695239723100589693200,23400.0000,38.6000,40.5000,1.9000,4.922279792746113989637305700,55.7500,52.0000,-3.7500,-6.726457399103139013452914800,B,Other,True,False,False,1,41,False,Other,B,Other,B,A,Other,Other,Other,A,Other
2026-09-22,2026-09-22,0,376,367,376,11:12:52.000,11:19:27.000,395,29965,23405.8000,23397.7000,-8.1000,-0.0346068068598381597723641100,23400.0000,38.6500,38.3000,-0.3500,-0.9055627425614489003880983200,55.6000,54.7000,-0.9000,-1.6187050359712230215827338100,Other,B,False,False,True,0,-1,False,B,Other,B,A,Other,Other,Other,A,Other,Other
2026-09-22,2026-09-22,0,377,368,377,11:13:30.000,11:20:16.000,406,29900,23401.5000,23405.2000,3.7000,0.0158109522893831591991966300,23400.0000,39.6500,37.8500,-1.8000,-4.539722572509457755359394700,53.5000,55.6500,2.1500,4.0186915887850467289719626200,A,Other,True,False,False,1,42,False,Other,B,A,Other,Other,Other,A,Other,Other,A
2026-09-22,2026-09-22,0,378,369,378,11:14:23.000,11:21:50.000,447,29835,23410.0000,23398.6000,-11.4000,-0.0486971379752242631354122200,23400.0000,42.5000,41.0500,-1.4500,-3.4117647058823529411764705900,49.0500,51.0500,2.0000,4.0774719673802242609582059100,Other,A,False,False,True,0,-1,False,B,A,Other,Other,Other,A,Other,Other,A,B
2026-09-22,2026-09-22,0,379,370,379,11:15:49.000,11:23:02.000,433,30160,23405.0000,23406.9000,1.9000,0.008117923520615253151036100,23400.0000,41.3500,43.7000,2.3500,5.6831922611850060459492140300,51.5500,47.5500,-4.0000,-7.7594568380213385063045586800,Other,Other,False,False,False,0,-1,False,A,Other,Other,Other,A,Other,Other,A,B,Other
2026-09-22,2026-09-22,0,380,371,380,11:16:55.000,11:23:46.000,411,29705,23407.9000,23414.2000,6.3000,0.0269139905758312364629035500,23400.0000,42.7500,42.1500,-0.6000,-1.4035087719298245614035087700,48.9500,48.9000,-0.0500,-0.1021450459652706843718079700,Other,Other,False,False,False,0,-1,False,Other,Other,Other,A,Other,Other,A,B,Other,Other
2026-09-22,2026-09-22,0,381,372,381,11:17:43.000,11:24:46.000,423,28405,23410.0000,23410.0000,0.0000,0,23400.0000,44.2500,43.7000,-0.5500,-1.2429378531073446327683615800,47.4500,46.4000,-1.0500,-2.2128556375131717597471022100,Other,Other,False,False,False,0,-1,False,Other,Other,A,Other,Other,A,B,Other,Other,B
2026-09-22,2026-09-22,0,382,373,382,11:17:46.000,11:25:40.000,474,28535,23410.0000,23413.0000,3.0000,0.0128150363092695429303716400,23400.0000,42.5000,43.7500,1.2500,2.9411764705882352941176470600,49.5500,45.8500,-3.7000,-7.4672048435923309788092835500,Other,Other,False,False,False,0,-1,False,Other,A,Other,Other,A,B,Other,Other,B,Other
2026-09-22,2026-09-22,0,383,374,383,11:18:13.000,11:26:38.000,505,28015,23400.0000,23405.0000,5.0000,0.0213675213675213675213675200,23400.0000,40.8000,42.9500,2.1500,5.2696078431372549019607843100,51.9500,46.9000,-5.0500,-9.720885466794995187680461980,Other,Other,False,False,False,0,-1,False,A,Other,Other,A,B,Other,Other,B,Other,Other
2026-09-22,2026-09-22,0,384,375,384,11:18:28.000,11:27:50.000,562,30615,23413.2000,23409.2000,-4.0000,-0.0170843797515931184118360600,23400.0000,41.7500,41.3000,-0.4500,-1.0778443113772455089820359300,50.6500,49.1000,-1.5500,-3.0602171767028627838104639700,Other,Other,False,False,False,0,-1,False,Other,Other,A,B,Other,Other,B,Other,Other,A
2026-09-22,2026-09-22,0,385,376,385,11:19:02.000,11:27:50.000,528,30875,23401.5000,23409.2000,7.7000,0.032903873683310898874003800,23400.0000,40.5000,41.3000,0.8000,1.9753086419753086419753086400,52.0000,49.1000,-2.9000,-5.5769230769230769230769230800,Other,Other,False,False,False,0,-1,False,Other,A,B,Other,Other,B,Other,Other,A,Other
2026-09-22,2026-09-22,0,386,377,386,11:19:27.000,11:28:28.000,541,29965,23397.7000,23410.0000,12.3000,0.0525692696290661047880774600,23400.0000,38.3000,41.2500,2.9500,7.7023498694516971279373368100,54.7000,49.2000,-5.5000,-10.054844606946983546617915900,Other,Other,False,False,False,0,-1,False,A,B,Other,Other,B,Other,Other,A,Other,Other
2026-09-22,2026-09-22,0,387,378,387,11:20:16.000,11:29:13.000,537,30030,23405.2000,23404.5000,-0.7000,-0.0029907883718148103840172300,23400.0000,37.8500,41.1500,3.3000,8.718626155878467635402906210,55.6500,49.5000,-6.1500,-11.051212938005390835579514820,B,Other,True,False,False,1,43,False,B,Other,Other,B,Other,Other,A,Other,Other,B
2026-09-22,2026-09-22,0,388,379,388,11:21:50.000,11:30:05.000,495,30420,23398.6000,23404.7000,6.1000,0.0260699358081252724521979900,23400.0000,41.0500,39.9500,-1.1000,-2.6796589524969549330085261900,51.0500,49.9500,-1.1000,-2.1547502448579823702252693400,Other,B,False,False,True,0,-1,False,Other,Other,B,Other,Other,A,Other,Other,B,A
2026-09-22,2026-09-22,0,389,380,389,11:23:02.000,11:30:23.000,441,30095,23406.9000,23399.9000,-7.0000,-0.0299057115636842127748655300,23400.0000,43.7000,38.1500,-5.5500,-12.700228832951945080091533180,47.5500,52.8500,5.3000,11.146161934805467928496319660,Other,Other,False,False,False,0,-1,False,Other,B,Other,Other,A,Other,Other,B,A,Other
2026-09-22,2026-09-22,0,390,381,390,11:23:46.000,11:31:14.000,448,30875,23414.2000,23402.6000,-11.6000,-0.0495425852687685250830692500,23400.0000,42.1500,36.8500,-5.3000,-12.574139976275207591933570580,48.9000,54.4500,5.5500,11.349693251533742331288343560,Other,Other,False,False,False,0,-1,False,B,Other,Other,A,Other,Other,B,A,Other,A
2026-09-22,2026-09-22,0,391,382,391,11:24:46.000,11:32:17.000,451,30940,23410.0000,23390.4000,-19.6000,-0.0837249038872276804784280200,23400.0000,43.7000,34.2500,-9.4500,-21.624713958810068649885583520,46.4000,58.0000,11.6000,25.00,Other,Other,False,False,False,0,-1,False,Other,Other,A,Other,Other,B,A,Other,A,Other
2026-09-22,2026-09-22,0,392,383,392,11:25:40.000,11:33:48.000,488,30940,23413.0000,23387.2000,-25.8000,-0.1101951907060180241746038500,23400.0000,43.7500,34.0000,-9.7500,-22.285714285714285714285714290,45.8500,57.9500,12.1000,26.390403489640130861504907310,Other,Other,False,False,False,0,-1,False,Other,A,Other,Other,B,A,Other,A,Other,Other
2026-09-22,2026-09-22,0,393,384,393,11:26:38.000,11:35:06.000,508,31070,23405.0000,23385.0000,-20.0000,-0.0854518265327921384319589800,23400.0000,42.9500,31.4500,-11.5000,-26.775320139697322467986030270,46.9000,62.0000,15.1000,32.196162046908315565031982940,Other,Other,False,False,False,0,-1,False,A,Other,Other,B,A,Other,A,Other,Other,Other
2026-09-22,2026-09-22,0,394,385,394,11:27:50.000,11:36:05.000,495,28145,23409.2000,23385.0000,-24.2000,-0.1033781590144045930659740600,23400.0000,41.3000,32.9000,-8.4000,-20.338983050847457627118644070,49.1000,58.3500,9.2500,18.839103869653767820773930750,Other,Other,False,False,False,0,-1,False,Other,Other,B,A,Other,A,Other,Other,Other,Other
2026-09-22,2026-09-22,0,395,386,395,11:27:51.000,11:36:25.000,514,28470,23407.7000,23388.2000,-19.5000,-0.0833059207013076893500856600,23400.0000,41.0500,32.9500,-8.1000,-19.732034104750304506699147380,49.2000,58.3500,9.1500,18.597560975609756097560975610,Other,Other,False,False,False,0,-1,False,Other,B,A,Other,A,Other,Other,Other,Other,Other
2026-09-22,2026-09-22,0,396,387,396,11:28:28.000,11:38:00.000,572,29640,23410.0000,23385.0000,-25.0000,-0.1067919692439128577530969700,23400.0000,41.2500,33.3000,-7.9500,-19.272727272727272727272727270,49.2000,57.8000,8.6000,17.479674796747967479674796750,Other,Other,False,False,False,0,-1,False,B,A,Other,A,Other,Other,Other,Other,Other,B
2026-09-22,2026-09-22,0,397,388,397,11:29:13.000,11:39:27.000,614,29575,23404.5000,23390.0000,-14.5000,-0.0619538977547052917174047700,23400.0000,41.1500,31.0000,-10.1500,-24.665856622114216281895504250,49.5000,61.5000,12.0000,24.242424242424242424242424240,Other,Other,False,False,False,0,-1,False,A,Other,A,Other,Other,Other,Other,Other,B,Other
2026-09-22,2026-09-22,0,398,389,398,11:30:05.000,11:39:45.000,580,29250,23404.7000,23380.0000,-24.7000,-0.1055343584835524488671078900,23400.0000,39.9500,29.0500,-10.9000,-27.284105131414267834793491860,49.9500,64.4000,14.4500,28.928928928928928928928928930,Other,Other,False,False,False,0,-1,False,Other,A,Other,Other,Other,Other,Other,B,Other,Other
2026-09-22,2026-09-22,0,399,390,399,11:30:23.000,11:39:50.000,567,29380,23399.9000,23376.4000,-23.5000,-0.1004277796058957516912465400,23400.0000,38.1500,29.8500,-8.3000,-21.756225425950196592398427260,52.8500,62.9500,10.1000,19.110690633869441816461684010,Other,Other,False,False,False,0,-1,False,A,Other,Other,Other,Other,Other,B,Other,Other,Other
2026-09-22,2026-09-22,0,400,391,400,11:31:14.000,11:42:23.000,669,29250,23402.6000,23376.0000,-26.6000,-0.1136625844991582131899874400,23400.0000,36.8500,29.5000,-7.3500,-19.945725915875169606512890090,54.4500,64.1000,9.6500,17.722681359044995408631772270,Other,Other,False,False,False,0,-1,False,Other,Other,Other,Other,Other,B,Other,Other,Other,B
2026-09-22,2026-09-22,0,401,392,401,11:32:17.000,11:43:36.000,679,29185,23390.4000,23379.2000,-11.2000,-0.0478828921266844517408851500,23400.0000,34.2500,29.1000,-5.1500,-15.036496350364963503649635040,58.0000,64.5500,6.5500,11.293103448275862068965517240,Other,Other,False,False,False,0,-1,False,Other,Other,Other,Other,B,Other,Other,Other,B,A
2026-09-22,2026-09-22,0,402,393,402,11:33:48.000,11:44:58.000,670,29055,23387.2000,23384.0000,-3.2000,-0.0136826982280905794622699600,23400.0000,34.0000,30.9500,-3.0500,-8.970588235294117647058823530,57.9500,60.6000,2.6500,4.5729076790336496980155306300,Other,Other,False,False,False,0,-1,False,Other,Other,Other,B,Other,Other,Other,B,A,Other
2026-09-22,2026-09-22,0,403,394,403,11:35:06.000,11:46:10.000,664,29575,23385.0000,23380.0000,-5.0000,-0.0213812272824460124011118200,23400.0000,31.4500,29.1500,-2.3000,-7.3131955484896661367249602500,62.0000,64.8000,2.8000,4.5161290322580645161290322600,Other,Other,False,False,False,0,-1,False,Other,Other,B,Other,Other,Other,B,A,Other,B
2026-09-22,2026-09-22,0,404,395,404,11:36:05.000,11:46:13.000,608,30355,23385.0000,23375.0000,-10.0000,-0.0427624545648920248022236500,23350.0000,58.7000,52.8500,-5.8500,-9.965928449744463373083475300,34.2500,37.9000,3.6500,10.656934306569343065693430660,Other,Other,False,False,False,0,-1,False,Other,B,Other,Other,Other,B,A,Other,B,Other
2026-09-22,2026-09-22,0,405,396,405,11:36:25.000,11:46:31.000,606,29965,23388.2000,23377.2000,-11.0000,-0.0470322641331953720252092900,23400.0000,32.9500,28.4000,-4.5500,-13.808801213960546282245827010,58.3500,66.1500,7.8000,13.367609254498714652956298200,Other,Other,False,False,False,0,-1,False,B,Other,Other,Other,B,A,Other,B,Other,Other
2026-09-22,2026-09-22,0,406,397,406,11:38:00.000,11:46:36.000,516,43095,23385.0000,23377.3000,-7.7000,-0.0329270900149668590977122100,23400.0000,33.3000,28.2000,-5.1000,-15.315315315315315315315315320,57.8000,66.5000,8.7000,15.051903114186851211072664360,Other,Other,False,False,False,0,-1,False,Other,Other,Other,B,A,Other,B,Other,Other,A
2026-09-22,2026-09-22,0,407,398,407,11:39:27.000,11:46:36.000,429,54990,23390.0000,23377.3000,-12.7000,-0.0542967079948696023941855500,23400.0000,31.0000,28.2000,-2.8000,-9.032258064516129032258064520,61.5000,66.5000,5.0000,8.130081300813008130081300810,Other,Other,False,False,False,0,-1,False,Other,Other,B,A,Other,B,Other,Other,A,Other
2026-09-22,2026-09-22,0,408,399,408,11:39:45.000,11:46:37.000,412,64220,23380.0000,23370.3000,-9.7000,-0.0414884516680923866552609100,23350.0000,52.7000,51.1000,-1.6000,-3.0360531309297912713472485800,38.3000,38.9000,0.6000,1.5665796344647519582245430800,Other,Other,False,False,False,0,-1,False,Other,B,A,Other,B,Other,Other,A,Other,Other
2026-09-22,2026-09-22,0,409,400,409,11:39:50.000,11:46:37.000,407,70720,23376.4000,23370.3000,-6.1000,-0.02609469379374069574442600,23350.0000,53.9000,51.1000,-2.8000,-5.1948051948051948051948051900,37.0500,38.9000,1.8500,4.9932523616734143049932523600,Other,Other,False,False,False,0,-1,False,B,A,Other,B,Other,Other,A,Other,Other,Other
2026-09-22,2026-09-22,0,410,401,410,11:42:23.000,11:46:38.000,255,74360,23376.0000,23369.4000,-6.6000,-0.0282340862422997946611909700,23350.0000,53.2500,50.8000,-2.4500,-4.6009389671361502347417840400,37.5500,39.7000,2.1500,5.7256990679094540612516644500,Other,Other,False,False,False,0,-1,False,A,Other,B,Other,Other,A,Other,Other,Other,Other
2026-09-22,2026-09-22,0,411,402,411,11:43:36.000,11:46:38.000,182,76050,23379.2000,23369.4000,-9.8000,-0.0419176019709827539009033700,23350.0000,52.5000,50.8000,-1.7000,-3.2380952380952380952380952400,38.3000,39.7000,1.4000,3.6553524804177545691906005200,Other,Other,False,False,False,0,-1,False,Other,B,Other,Other,A,Other,Other,Other,Other,Other
2026-09-22,2026-09-22,0,412,403,412,11:44:58.000,11:46:39.000,101,77025,23384.0000,23366.4000,-17.6000,-0.075265138556277796784125900,23350.0000,55.4500,50.7500,-4.7000,-8.476104598737601442741208300,35.0500,39.6000,4.5500,12.981455064194008559201141230,Other,Other,False,False,False,0,-1,False,B,Other,Other,A,Other,Other,Other,Other,Other,Other
2026-09-22,2026-09-22,0,413,404,413,11:46:10.000,11:46:44.000,34,77415,23380.0000,23369.9000,-10.1000,-0.043199315654405474764756200,23350.0000,52.4500,48.4500,-4.0000,-7.6263107721639656816015252600,38.2500,41.9000,3.6500,9.542483660130718954248366010,Other,Other,False,False,False,0,-1,False,Other,Other,A,Other,Other,Other,Other,Other,Other,A
2026-09-22,2026-09-22,0,414,405,414,11:46:13.000,11:46:46.000,33,78000,23375.0000,23360.5000,-14.5000,-0.0620320855614973262032085600,23350.0000,52.8500,48.1500,-4.7000,-8.893093661305581835383159890,37.9000,42.5000,4.6000,12.137203166226912928759894460,Other,Other,False,False,False,0,-1,False,Other,A,Other,Other,Other,Other,Other,Other,A,Other
2026-09-22,2026-09-22,0,415,406,415,11:46:31.000,11:46:49.000,18,78715,23377.2000,23369.9000,-7.3000,-0.0312270075115924918296459800,23350.0000,51.1000,48.7000,-2.4000,-4.696673189823874755381604700,39.3000,41.9500,2.6500,6.7430025445292620865139949100,Other,Other,False,False,False,0,-1,False,A,Other,Other,Other,Other,Other,Other,A,Other,Other
2026-09-22,2026-09-22,0,416,407,416,11:46:36.000,11:47:03.000,27,64480,23377.3000,23361.0000,-16.3000,-0.0697257596044025614591933200,23350.0000,50.7000,47.2000,-3.5000,-6.9033530571992110453648915200,39.4000,43.6500,4.2500,10.786802030456852791878172590,Other,Other,False,False,False,0,-1,False,Other,Other,Other,Other,Other,Other,A,Other,Other,B
2026-09-22,2026-09-22,0,417,408,417,11:46:37.000,11:47:09.000,32,58955,23370.3000,23361.6000,-8.7000,-0.0372267364988896163078779500,23350.0000,51.1000,48.8500,-2.2500,-4.403131115459882583170254400,38.9000,41.4500,2.5500,6.5552699228791773778920308500,Other,Other,False,False,False,0,-1,False,Other,Other,Other,Other,Other,A,Other,Other,B,A
2026-09-22,2026-09-22,0,418,409,418,11:46:37.000,11:47:09.000,32,53430,23370.3000,23361.6000,-8.7000,-0.0372267364988896163078779500,23350.0000,51.1000,48.8500,-2.2500,-4.403131115459882583170254400,38.9000,41.4500,2.5500,6.5552699228791773778920308500,Other,Other,False,False,False,0,-1,False,Other,Other,Other,Other,A,Other,Other,B,A,Other
2026-09-22,2026-09-22,0,419,410,419,11:46:38.000,11:47:10.000,32,47905,23369.4000,23360.9000,-8.5000,-0.0363723501673128107696389300,23350.0000,50.8000,48.6500,-2.1500,-4.2322834645669291338582677200,39.7000,41.7000,2.0000,5.0377833753148614609571788400,Other,Other,False,False,False,0,-1,False,Other,Other,Other,A,Other,Other,B,A,Other,Other
2026-09-22,2026-09-22,0,420,411,420,11:46:38.000,11:47:21.000,43,43940,23369.4000,23365.0000,-4.4000,-0.0188280400866089843984013300,23350.0000,50.8000,48.5500,-2.2500,-4.4291338582677165354330708700,39.7000,41.4500,1.7500,4.4080604534005037783375314900,Other,Other,False,False,False,0,-1,False,Other,Other,A,Other,Other,B,A,Other,Other,Other
2026-09-22,2026-09-22,0,421,412,421,11:46:38.000,11:47:32.000,54,42315,23367.3000,23362.9000,-4.4000,-0.0188297321470602080685402300,23350.0000,50.8000,49.3000,-1.5000,-2.9527559055118110236220472400,39.7000,40.6000,0.9000,2.2670025188916876574307304800,Other,Other,False,False,False,0,-1,False,Other,A,Other,Other,B,A,Other,Other,Other,B
2026-09-22,2026-09-22,0,422,413,422,11:46:39.000,11:48:39.000,120,41340,23366.4000,23375.0000,8.6000,0.0368049849356340728567515700,23350.0000,50.7500,49.5000,-1.2500,-2.4630541871921182266009852200,39.6000,40.0000,0.4000,1.0101010101010101010101010100,A,Other,True,False,False,1,44,False,A,Other,Other,B,A,Other,Other,Other,B,Other
2026-09-22,2026-09-22,0,423,414,423,11:46:44.000,11:49:03.000,139,40300,23369.9000,23374.7000,4.8000,0.0205392406471572407241793900,23350.0000,48.4500,48.6000,0.1500,0.3095975232198142414860681100,41.9000,40.7000,-1.2000,-2.8639618138424821002386634800,Other,A,False,False,True,0,-1,False,Other,Other,B,A,Other,Other,Other,B,Other,B
2026-09-22,2026-09-22,0,424,415,424,11:46:46.000,11:50:10.000,204,38935,23360.5000,23370.0000,9.5000,0.0406669377795851972346482300,23350.0000,48.1500,47.8000,-0.3500,-0.7268951194184839044652128800,42.5000,41.3000,-1.2000,-2.8235294117647058823529411800,Other,Other,False,False,False,0,-1,False,Other,B,A,Other,Other,Other,B,Other,B,Other
2026-09-22,2026-09-22,0,425,416,425,11:46:49.000,11:51:04.000,255,39130,23369.9000,23371.5000,1.6000,0.0068464135490524135747264600,23350.0000,48.7000,46.6000,-2.1000,-4.3121149897330595482546201200,41.9500,42.5000,0.5500,1.3110846245530393325387365900,A,Other,True,False,False,1,45,False,B,A,Other,Other,Other,B,Other,B,Other,A
2026-09-22,2026-09-22,0,426,417,426,11:47:03.000,11:51:07.000,244,39325,23361.0000,23371.5000,10.5000,0.0449467060485424425324258400,23350.0000,47.2000,47.1000,-0.1000,-0.2118644067796610169491525400,43.6500,41.8000,-1.8500,-4.2382588774341351660939289800,Other,A,False,False,True,0,-1,False,A,Other,Other,Other,B,Other,B,Other,A,Other
2026-09-22,2026-09-22,0,427,418,427,11:47:09.000,11:51:30.000,261,34320,23361.6000,23365.0000,3.4000,0.0145537976850900623244983200,23350.0000,48.8500,45.2000,-3.6500,-7.4718526100307062436028659200,41.4500,43.6500,2.2000,5.3075995174909529553679131500,A,Other,True,False,False,1,46,False,Other,Other,Other,B,Other,B,Other,A,Other,Other
2026-09-22,2026-09-22,0,428,419,428,11:47:10.000,11:51:32.000,262,33800,23360.9000,23361.0000,0.1000,0.0004280656995235628764302700,23350.0000,48.6500,45.7500,-2.9000,-5.960945529290853031860226100,41.7000,42.7000,1.0000,2.3980815347721822541966426900,A,A,False,True,False,2,46,False,Other,Other,B,Other,B,Other,A,Other,Other,Other
2026-09-22,2026-09-22,0,429,420,429,11:47:10.000,11:51:32.000,262,33280,23360.9000,23361.0000,0.1000,0.0004280656995235628764302700,23350.0000,48.6500,45.7500,-2.9000,-5.960945529290853031860226100,41.7000,42.7000,1.0000,2.3980815347721822541966426900,A,A,False,True,False,3,46,False,Other,B,Other,B,Other,A,Other,Other,Other,Other
2026-09-22,2026-09-22,0,430,421,430,11:47:21.000,11:52:13.000,292,36270,23365.0000,23365.0000,0.0000,0,23350.0000,48.5500,47.3000,-1.2500,-2.5746652935118434603501544800,41.4500,40.9000,-0.5500,-1.3268998793727382388419782900,Other,A,False,False,True,0,-1,False,B,Other,B,Other,A,Other,Other,Other,Other,Other
2026-09-22,2026-09-22,0,431,422,431,11:47:32.000,11:52:13.000,281,36920,23362.9000,23365.0000,2.1000,0.0089886101468567686374551100,23350.0000,49.3000,47.3000,-2.0000,-4.0567951318458417849898580100,40.6000,40.9000,0.3000,0.7389162561576354679802955700,A,Other,True,False,False,1,47,False,Other,B,Other,A,Other,Other,Other,Other,Other,Other
2026-09-22,2026-09-22,0,432,423,432,11:48:39.000,11:52:20.000,221,40105,23375.0000,23362.0000,-13.0000,-0.0556149732620320855614973300,23350.0000,49.5000,46.7000,-2.8000,-5.6565656565656565656565656600,40.0000,41.5500,1.5500,3.87500,Other,A,False,False,True,0,-1,False,B,Other,A,Other,Other,Other,Other,Other,Other,Other
2026-09-22,2026-09-22,0,433,424,433,11:49:03.000,11:52:20.000,197,40690,23374.7000,23362.0000,-12.7000,-0.0543322481144143026434563900,23350.0000,48.6000,46.7000,-1.9000,-3.9094650205761316872427983500,40.7000,41.5500,0.8500,2.0884520884520884520884520900,Other,Other,False,False,False,0,-1,False,Other,A,Other,Other,Other,Other,Other,Other,Other,Other
2026-09-22,2026-09-22,0,434,425,434,11:50:10.000,11:53:02.000,172,40690,23370.0000,23374.0000,4.0000,0.0171159606332905434317501100,23350.0000,47.8000,47.9500,0.1500,0.3138075313807531380753138100,41.3000,40.4000,-0.9000,-2.1791767554479418886198547200,Other,Other,False,False,False,0,-1,False,A,Other,Other,Other,Other,Other,Other,Other,Other,Other
2026-09-22,2026-09-22,0,435,426,435,11:51:04.000,11:53:17.000,133,39845,23371.5000,23362.1000,-9.4000,-0.0402199259782213379543461100,23350.0000,46.6000,47.0500,0.4500,0.9656652360515021459227467800,42.5000,41.6000,-0.9000,-2.1176470588235294117647058800,B,Other,True,False,False,1,48,False,Other,Other,Other,Other,Other,Other,Other,Other,Other,Other
2026-09-22,2026-09-22,0,436,427,436,11:51:07.000,11:53:30.000,143,39390,23371.5000,23369.0000,-2.5000,-0.0106967888239950366899856700,23350.0000,47.1000,46.6000,-0.5000,-1.061571125265392781316348200,41.8000,42.0000,0.2000,0.478468899521531100478468900,Other,B,False,False,True,0,-1,False,Other,Other,Other,Other,Other,Other,Other,Other,Other,A
2026-09-22,2026-09-22,0,437,428,437,11:51:30.000,11:54:33.000,183,38025,23365.0000,23367.9000,2.9000,0.0124117269420072758399315200,23350.0000,45.2000,45.5500,0.3500,0.7743362831858407079646017700,43.6500,43.0500,-0.6000,-1.3745704467353951890034364300,Other,Other,False,False,False,0,-1,False,Other,Other,Other,Other,Other,Other,Other,Other,A,Other
2026-09-22,2026-09-22,0,438,429,438,11:51:32.000,11:55:15.000,223,35165,23361.0000,23360.1000,-0.9000,-0.0038525748041607807884936400,23350.0000,45.7500,42.8500,-2.9000,-6.3387978142076502732240437200,42.7000,44.9000,2.2000,5.1522248243559718969555035100,Other,Other,False,False,False,0,-1,False,Other,Other,Other,Other,Other,Other,Other,A,Other,Other
2026-09-22,2026-09-22,0,439,430,439,11:51:33.000,11:55:36.000,243,37310,23361.0000,23359.0000,-2.0000,-0.0085612773425795128633192100,23350.0000,45.8500,42.5000,-3.3500,-7.3064340239912758996728462400,42.6000,44.6000,2.0000,4.6948356807511737089201877900,Other,Other,False,False,False,0,-1,False,Other,Other,Other,Other,Other,Other,A,Other,Other,Other
2026-09-22,2026-09-22,0,440,431,440,11:52:13.000,11:55:36.000,203,34190,23365.0000,23359.0000,-6.0000,-0.0256794350524288465653755600,23350.0000,47.3000,42.5000,-4.8000,-10.147991543340380549682875260,40.9000,44.6000,3.7000,9.046454767726161369193154030,Other,Other,False,False,False,0,-1,False,Other,Other,Other,Other,Other,A,Other,Other,Other,Other
2026-09-22,2026-09-22,0,441,432,441,11:52:14.000,11:56:19.000,245,34060,23364.0000,23356.1000,-7.9000,-0.0338127033042287279575415200,23350.0000,47.6000,40.4000,-7.2000,-15.126050420168067226890756300,40.6500,47.3000,6.6500,16.359163591635916359163591640,Other,Other,False,False,False,0,-1,False,Other,Other,Other,Other,A,Other,Other,Other,Other,Other
2026-09-22,2026-09-22,0,442,433,442,11:52:20.000,11:56:32.000,252,31850,23362.0000,23356.1000,-5.9000,-0.0252546870987073024569814200,23350.0000,46.7000,38.9500,-7.7500,-16.595289079229122055674518200,41.5500,50.3000,8.7500,21.058965102286401925391095070,Other,Other,False,False,False,0,-1,False,Other,Other,Other,A,Other,Other,Other,Other,Other,Other
2026-09-22,2026-09-22,0,443,434,443,11:52:21.000,11:56:35.000,254,31785,23362.0000,23351.5000,-10.5000,-0.044944782124818080643780500,23350.0000,46.8000,39.1500,-7.6500,-16.346153846153846153846153850,41.5000,49.8000,8.3000,20.0,Other,Other,False,False,False,0,-1,False,Other,Other,A,Other,Other,Other,Other,Other,Other,Other
2026-09-22,2026-09-22,0,444,435,444,11:53:02.000,11:56:49.000,227,32305,23374.0000,23356.1000,-17.9000,-0.0765808162916060580131770300,23350.0000,47.9500,42.3000,-5.6500,-11.783107403545359749739311780,40.4000,45.0000,4.6000,11.386138613861386138613861390,Other,Other,False,False,False,0,-1,False,Other,A,Other,Other,Other,Other,Other,Other,Other,Other
2026-09-22,2026-09-22,0,445,436,445,11:53:17.000,11:57:15.000,238,31980,23362.1000,23365.0000,2.9000,0.0124132676428916920995972100,23350.0000,47.0500,42.7500,-4.3000,-9.139213602550478214665249730,41.6000,45.0500,3.4500,8.293269230769230769230769230,A,Other,True,False,False,1,49,False,A,Other,Other,Other,Other,Other,Other,Other,Other,Other
2026-09-22,2026-09-22,0,446,437,446,11:53:30.000,11:58:51.000,321,31980,23369.0000,23366.9000,-2.1000,-0.0089862638538234413111386900,23350.0000,46.6000,43.8000,-2.8000,-6.008583690987124463519313300,42.0000,43.3500,1.3500,3.2142857142857142857142857100,Other,A,False,False,True,0,-1,False,Other,Other,Other,Other,Other,Other,Other,Other,Other,A
2026-09-22,2026-09-22,0,447,438,447,11:54:33.000,11:59:38.000,305,32240,23367.9000,23362.0000,-5.9000,-0.0252483107168380556233123200,23350.0000,45.5500,46.0000,0.4500,0.9879253567508232711306256900,43.0500,40.9000,-2.1500,-4.9941927990708478513356562100,B,Other,True,False,False,1,50,False,Other,Other,Other,Other,Other,Other,Other,Other,A,B
2026-09-22,2026-09-22,0,448,439,448,11:55:15.000,11:59:49.000,274,32175,23360.1000,23365.0000,4.9000,0.0209759376030068364433371400,23350.0000,42.8500,45.7500,2.9000,6.7677946324387397899649941700,44.9000,41.1000,-3.8000,-8.463251670378619153674832960,Other,B,False,False,True,0,-1,False,Other,Other,Other,Other,Other,Other,Other,A,B,Other
2026-09-22,2026-09-22,0,449,440,449,11:55:36.000,12:00:27.000,291,29705,23359.0000,23366.5000,7.5000,0.0321075388501220086476304600,23350.0000,42.5000,45.6500,3.1500,7.4117647058823529411764705900,44.6000,40.6000,-4.0000,-8.968609865470852017937219730,Other,Other,False,False,False,0,-1,False,Other,Other,Other,Other,Other,Other,A,B,Other,Other
2026-09-22,2026-09-22,0,450,441,450,11:55:36.000,12:01:05.000,329,29510,23367.1000,23366.0000,-1.1000,-0.0047074733278840763295402500,23350.0000,42.5000,43.1500,0.6500,1.5294117647058823529411764700,44.6000,43.4000,-1.2000,-2.6905829596412556053811659200,B,Other,True,False,False,1,51,False,Other,Other,Other,Other,Other,A,B,Other,Other,Other
2026-09-22,2026-09-22,0,451,442,451,11:56:19.000,12:01:42.000,323,28990,23356.1000,23366.1000,10.0000,0.0428153672916283112334679200,23350.0000,40.4000,43.5500,3.1500,7.797029702970297029702970300,47.3000,43.2000,-4.1000,-8.668076109936575052854122620,Other,B,False,False,True,0,-1,False,Other,Other,Other,Other,A,B,Other,Other,Other,A
2026-09-22,2026-09-22,0,452,443,452,11:56:32.000,12:01:54.000,322,29315,23356.1000,23366.6000,10.5000,0.0449561356562097267951413100,23350.0000,38.9500,43.9500,5.0000,12.836970474967907573812580230,50.3000,42.8000,-7.5000,-14.910536779324055666003976140,Other,Other,False,False,False,0,-1,False,Other,Other,Other,A,B,Other,Other,Other,A,Other
2026-09-22,2026-09-22,0,453,444,453,11:56:35.000,12:02:30.000,355,28795,23351.5000,23362.1000,10.6000,0.0453932295569877738046806400,23350.0000,39.1500,45.0000,5.8500,14.942528735632183908045977010,49.8000,41.7500,-8.0500,-16.164658634538152610441767070,Other,Other,False,False,False,0,-1,False,Other,Other,A,B,Other,Other,Other,A,Other,B
2026-09-22,2026-09-22,0,454,445,454,11:56:49.000,12:03:50.000,421,29705,23356.1000,23371.0000,14.9000,0.063794897264526183737867200,23350.0000,42.3000,47.1000,4.8000,11.347517730496453900709219860,45.0000,39.0000,-6.0000,-13.333333333333333333333333330,Other,Other,False,False,False,0,-1,False,Other,A,B,Other,Other,Other,A,Other,B,Other
2026-09-22,2026-09-22,0,455,446,455,11:57:15.000,12:04:11.000,416,29770,23365.0000,23376.6000,11.6000,0.0496469077680291033597260900,23400.0000,23.0000,24.8000,1.8000,7.8260869565217391304347826100,75.4000,69.3500,-6.0500,-8.023872679045092838196286470,Other,Other,False,False,False,0,-1,False,A,B,Other,Other,Other,A,Other,B,Other,Other
2026-09-22,2026-09-22,0,456,447,456,11:58:51.000,12:05:14.000,383,29900,23366.9000,23374.9000,8.0000,0.0342364626886750060983699200,23350.0000,43.8000,46.1000,2.3000,5.2511415525114155251141552500,43.3500,39.7500,-3.6000,-8.304498269896193771626297580,Other,Other,False,False,False,0,-1,False,B,Other,Other,Other,A,Other,B,Other,Other,Other
2026-09-22,2026-09-22,0,457,448,457,11:59:38.000,12:06:28.000,410,29835,23362.0000,23375.0000,13.0000,0.0556459207259652427018234700,23350.0000,46.0000,46.7500,0.7500,1.6304347826086956521739130400,40.9000,38.4500,-2.4500,-5.9902200488997555012224938900,Other,Other,False,False,False,0,-1,False,Other,Other,Other,A,Other,B,Other,Other,Other,Other
2026-09-22,2026-09-22,0,458,449,458,11:59:49.000,12:08:32.000,523,29575,23365.0000,23373.7000,8.7000,0.0372351808260218275197945600,23350.0000,45.7500,47.1000,1.3500,2.9508196721311475409836065600,41.1000,38.3000,-2.8000,-6.8126520681265206812652068100,Other,Other,False,False,False,0,-1,False,Other,Other,A,Other,B,Other,Other,Other,Other,Other
2026-09-22,2026-09-22,0,459,450,459,12:00:27.000,12:09:05.000,518,29250,23366.5000,23378.0000,11.5000,0.0492157576016947339139366200,23400.0000,24.7000,26.2500,1.5500,6.2753036437246963562753036400,69.4000,64.2500,-5.1500,-7.4207492795389048991354466900,Other,Other,False,False,False,0,-1,False,Other,A,Other,B,Other,Other,Other,Other,Other,Other
2026-09-22,2026-09-22,0,460,451,460,12:01:05.000,12:10:47.000,582,29445,23366.0000,23375.0000,9.0000,0.0385175040657365402721903600,23350.0000,43.1500,48.0500,4.9000,11.355735805330243337195828510,43.4000,36.7000,-6.7000,-15.437788018433179723502304150,Other,Other,False,False,False,0,-1,False,A,Other,B,Other,Other,Other,Other,Other,Other,Other
2026-09-22,2026-09-22,0,461,452,461,12:01:42.000,12:12:18.000,636,29380,23366.1000,23370.1000,4.0000,0.0171188174320917910990708800,23350.0000,43.5500,45.2000,1.6500,3.7887485648679678530424799100,43.2000,39.5000,-3.7000,-8.564814814814814814814814810,Other,Other,False,False,False,0,-1,False,Other,B,Other,Other,Other,Other,Other,Other,Other,Other
2026-09-22,2026-09-22,0,462,453,462,12:01:54.000,12:12:56.000,662,28210,23366.6000,23365.1000,-1.5000,-0.0064194191709534121352700,23350.0000,43.9500,45.2000,1.2500,2.8441410693970420932878270800,42.8000,39.5500,-3.2500,-7.5934579439252336448598130800,B,Other,True,False,False,1,52,False,B,Other,Other,Other,Other,Other,Other,Other,Other,Other
2026-09-22,2026-09-22,0,463,454,463,12:02:30.000,12:13:11.000,641,28275,23362.1000,23363.0000,0.9000,0.0038523934064146630653922400,23350.0000,45.0000,44.9500,-0.0500,-0.1111111111111111111111111100,41.7500,40.0000,-1.7500,-4.1916167664670658682634730500,Other,B,False,False,True,0,-1,False,Other,Other,Other,Other,Other,Other,Other,Other,Other,Other
2026-09-22,2026-09-22,0,464,455,464,12:03:50.000,12:13:34.000,584,26910,23371.0000,23370.0000,-1.0000,-0.0042788070685892773094861200,23350.0000,47.1000,44.6500,-2.4500,-5.2016985138004246284501061600,39.0000,40.1500,1.1500,2.9487179487179487179487179500,Other,Other,False,False,False,0,-1,False,Other,Other,Other,Other,Other,Other,Other,Other,Other,A
2026-09-22,2026-09-22,0,465,456,465,12:04:11.000,12:13:54.000,583,26975,23376.6000,23362.0000,-14.6000,-0.0624556180111735667291222800,23350.0000,45.9000,44.0000,-1.9000,-4.1394335511982570806100217900,40.2000,40.9000,0.7000,1.7412935323383084577114427900,Other,Other,False,False,False,0,-1,False,Other,Other,Other,Other,Other,Other,Other,Other,A,Other
2026-09-22,2026-09-22,0,466,457,466,12:05:14.000,12:14:11.000,537,26845,23374.9000,23360.1000,-14.8000,-0.0633157788910326889098990800,23350.0000,46.1000,43.8000,-2.3000,-4.9891540130151843817787418700,39.7500,41.1500,1.4000,3.5220125786163522012578616400,Other,Other,False,False,False,0,-1,False,Other,Other,Other,Other,Other,Other,Other,A,Other,Other
2026-09-22,2026-09-22,0,467,458,467,12:06:28.000,12:14:30.000,482,27040,23375.0000,23362.1000,-12.9000,-0.0551871657754010695187165800,23350.0000,46.7500,44.8000,-1.9500,-4.1711229946524064171122994700,38.4500,39.7000,1.2500,3.2509752925877763328998699600,Other,Other,False,False,False,0,-1,False,Other,Other,Other,Other,Other,Other,A,Other,Other,Other
2026-09-22,2026-09-22,0,468,459,468,12:08:32.000,12:14:50.000,378,27040,23373.7000,23361.2000,-12.5000,-0.053478910057029909684816700,23350.0000,47.1000,44.3000,-2.8000,-5.9447983014861995753715498900,38.3000,40.5500,2.2500,5.8746736292428198433420365500,Other,Other,False,False,False,0,-1,False,Other,Other,Other,Other,Other,A,Other,Other,Other,Other
2026-09-22,2026-09-22,0,469,460,469,12:09:05.000,12:15:05.000,360,28405,23378.0000,23372.3000,-5.7000,-0.0243818975104799384036273400,23350.0000,48.1500,42.4000,-5.7500,-11.941848390446521287642782970,36.9000,42.2500,5.3500,14.498644986449864498644986450,Other,Other,False,False,False,0,-1,False,Other,Other,Other,Other,A,Other,Other,Other,Other,A
2026-09-22,2026-09-22,0,470,461,470,12:10:47.000,12:15:10.000,263,28405,23375.0000,23360.0000,-15.0000,-0.064171122994652406417112300,23350.0000,48.0500,42.5000,-5.5500,-11.550468262226847034339229970,36.7000,42.4000,5.7000,15.531335149863760217983651230,Other,Other,False,False,False,0,-1,False,Other,Other,Other,A,Other,Other,Other,Other,A,Other
2026-09-22,2026-09-22,0,471,462,471,12:12:18.000,12:15:27.000,189,29510,23370.1000,23355.2000,-14.9000,-0.0637566805447986957693805300,23350.0000,45.2000,41.3500,-3.8500,-8.517699115044247787610619470,39.5000,43.5500,4.0500,10.253164556962025316455696200,Other,Other,False,False,False,0,-1,False,Other,Other,A,Other,Other,Other,Other,A,Other,Other
2026-09-22,2026-09-22,0,472,463,472,12:12:56.000,12:15:28.000,152,32760,23365.1000,23358.0000,-7.1000,-0.0303872014243465681721884300,23350.0000,45.2000,41.3000,-3.9000,-8.628318584070796460176991150,39.5500,43.5000,3.9500,9.987357774968394437420986090,Other,Other,False,False,False,0,-1,False,Other,A,Other,Other,Other,Other,A,Other,Other,A
2026-09-22,2026-09-22,0,473,464,473,12:13:11.000,12:15:28.000,137,33475,23363.0000,23358.0000,-5.0000,-0.0214013611265676497025210800,23350.0000,44.9500,41.3000,-3.6500,-8.120133481646273637374860960,40.0000,43.5000,3.5000,8.7500,Other,Other,False,False,False,0,-1,False,A,Other,Other,Other,Other,A,Other,Other,A,Other
2026-09-22,2026-09-22,0,474,465,474,12:13:34.000,12:15:45.000,131,33800,23370.0000,23354.9000,-15.1000,-0.0646127513906718014548566500,23350.0000,44.6500,41.5000,-3.1500,-7.0548712206047032474804031400,40.1500,43.1500,3.0000,7.4719800747198007471980074700,Other,Other,False,False,False,0,-1,False,Other,Other,Other,Other,A,Other,Other,A,Other,Other
2026-09-22,2026-09-22,0,475,466,475,12:13:54.000,12:16:22.000,148,33800,23362.0000,23360.9000,-1.1000,-0.0047085009845047513055389100,23350.0000,44.0000,44.2500,0.2500,0.5681818181818181818181818200,40.9000,39.9000,-1.0000,-2.4449877750611246943765281200,B,Other,True,False,False,1,53,False,Other,Other,Other,A,Other,Other,A,Other,Other,Other
2026-09-22,2026-09-22,0,476,467,476,12:14:11.000,12:16:25.000,134,34645,23360.1000,23367.7000,7.6000,0.0325341073026228483610943400,23350.0000,43.8000,44.1000,0.3000,0.6849315068493150684931506800,41.1500,40.1500,-1.0000,-2.430133657351154313487241800,Other,B,False,False,True,0,-1,False,Other,Other,A,Other,Other,A,Other,Other,Other,Other
2026-09-22,2026-09-22,0,477,468,477,12:14:30.000,12:16:55.000,145,34840,23362.1000,23375.1000,13.0000,0.0556456825371006887223323200,23400.0000,24.0500,23.3500,-0.7000,-2.9106029106029106029106029100,68.5000,69.7500,1.2500,1.8248175182481751824817518200,A,Other,True,False,False,1,54,False,Other,A,Other,Other,A,Other,Other,Other,Other,Other
2026-09-22,2026-09-22,0,478,469,478,12:14:50.000,12:18:20.000,210,34970,23361.2000,23371.8000,10.6000,0.045374381453007550981970100,23350.0000,44.3000,46.5000,2.2000,4.9661399548532731376975169300,40.5500,37.5000,-3.0500,-7.5215782983970406905055487100,Other,A,False,False,True,0,-1,False,A,Other,Other,A,Other,Other,Other,Other,Other,Other
2026-09-22,2026-09-22,0,479,470,479,12:15:05.000,12:18:43.000,218,33605,23372.3000,23370.0000,-2.3000,-0.0098407088733244053858627500,23350.0000,42.4000,45.5000,3.1000,7.311320754716981132075471700,42.2500,39.0500,-3.2000,-7.5739644970414201183431952700,B,Other,True,False,False,1,55,False,Other,Other,A,Other,Other,Other,Other,Other,Other,B
2026-09-22,2026-09-22,0,480,471,480,12:15:10.000,12:19:04.000,234,35685,23360.0000,23370.0000,10.0000,0.0428082191780821917808219200,23350.0000,42.5000,46.3500,3.8500,9.058823529411764705882352940,42.4000,38.0000,-4.4000,-10.377358490566037735849056600,Other,B,False,False,True,0,-1,False,Other,A,Other,Other,Other,Other,Other,Other,B,Other
2026-09-22,2026-09-22,0,481,472,481,12:15:27.000,12:19:19.000,232,34580,23355.2000,23370.0000,14.8000,0.0633691854490648763444543400,23350.0000,41.3500,46.6500,5.3000,12.817412333736396614268440150,43.5500,37.8500,-5.7000,-13.088404133180252583237657860,Other,Other,False,False,False,0,-1,False,A,Other,Other,Other,Other,Other,Other,B,Other,Other
2026-09-22,2026-09-22,0,482,473,482,12:15:28.000,12:19:41.000,253,39325,23358.0000,23385.7000,27.7000,0.1185889202842709136056169200,23400.0000,22.0500,26.4500,4.4000,19.954648526077097505668934240,73.8500,62.8500,-11.0000,-14.895057549085985104942450910,Other,Other,False,False,False,0,-1,False,Other,Other,Other,Other,Other,Other,B,Other,Other,Other
2026-09-22,2026-09-22,0,483,474,483,12:15:30.000,12:19:41.000,251,44070,23358.0000,23385.7000,27.7000,0.1185889202842709136056169200,23400.0000,21.8000,26.4500,4.6500,21.330275229357798165137614680,74.3500,62.8500,-11.5000,-15.467383994620040349697377270,Other,Other,False,False,False,0,-1,False,Other,Other,Other,Other,Other,B,Other,Other,Other,Other
2026-09-22,2026-09-22,0,484,475,484,12:15:45.000,12:19:43.000,238,46605,23354.9000,23385.7000,30.8000,0.1318781069497193308470599300,23400.0000,22.0500,26.4000,4.3500,19.727891156462585034013605440,73.4000,62.8000,-10.6000,-14.441416893732970027247956400,Other,Other,False,False,False,0,-1,False,Other,Other,Other,Other,B,Other,Other,Other,Other,Other
2026-09-22,2026-09-22,0,485,476,485,12:16:22.000,12:19:43.000,201,46800,23360.9000,23385.7000,24.8000,0.1061602934818435933547080800,23400.0000,23.3000,26.4000,3.1000,13.304721030042918454935622320,70.0000,62.8000,-7.2000,-10.285714285714285714285714290,Other,Other,False,False,False,0,-1,False,Other,Other,Other,B,Other,Other,Other,Other,Other,Other
2026-09-22,2026-09-22,0,486,477,486,12:16:25.000,12:20:35.000,250,45955,23367.7000,23379.3000,11.6000,0.049641171360467654069506200,23400.0000,23.7500,26.9500,3.2000,13.473684210526315789473684210,69.2000,62.3000,-6.9000,-9.971098265895953757225433530,Other,Other,False,False,False,0,-1,False,Other,Other,B,Other,Other,Other,Other,Other,Other,Other
2026-09-22,2026-09-22,0,487,478,487,12:16:55.000,12:21:06.000,251,47190,23375.1000,23384.4000,9.3000,0.0397859260495142266771051200,23400.0000,23.3500,25.8000,2.4500,10.492505353319057815845824410,69.7500,64.0000,-5.7500,-8.243727598566308243727598570,Other,Other,False,False,False,0,-1,False,Other,B,Other,Other,Other,Other,Other,Other,Other,A
2026-09-22,2026-09-22,0,488,479,488,12:18:20.000,12:21:38.000,198,47060,23371.8000,23373.7000,1.9000,0.0081294551553581666795026500,23350.0000,46.5000,48.9000,2.4000,5.1612903225806451612903225800,37.5000,35.6500,-1.8500,-4.9333333333333333333333333300,Other,Other,False,False,False,0,-1,False,B,Other,Other,Other,Other,Other,Other,Other,A,Other
2026-09-22,2026-09-22,0,489,480,489,12:18:43.000,12:24:03.000,320,47060,23370.0000,23375.0000,5.0000,0.0213949507916131792896876300,23350.0000,45.5000,45.7500,0.2500,0.5494505494505494505494505500,39.0500,37.2000,-1.8500,-4.7375160051216389244558258600,Other,Other,False,False,False,0,-1,False,Other,Other,Other,Other,Other,Other,Other,A,Other,Other
2026-09-22,2026-09-22,0,490,481,490,12:19:04.000,12:25:49.000,405,45110,23370.0000,23370.2000,0.2000,0.0008557980316645271715875100,23350.0000,46.3500,46.0000,-0.3500,-0.7551240560949298813376483300,38.0000,37.1000,-0.9000,-2.3684210526315789473684210500,Other,Other,False,False,False,0,-1,False,Other,Other,Other,Other,Other,Other,A,Other,Other,Other
2026-09-22,2026-09-22,0,491,482,491,12:19:19.000,12:26:01.000,402,45500,23370.0000,23383.1000,13.1000,0.056054771074026529738981600,23400.0000,25.3500,24.6500,-0.7000,-2.7613412228796844181459566100,66.1000,65.8500,-0.2500,-0.3782148260211800302571860800,Other,Other,False,False,False,0,-1,False,Other,Other,Other,Other,Other,A,Other,Other,Other,Other
2026-09-22,2026-09-22,0,492,483,492,12:19:41.000,12:28:22.000,521,37440,23385.7000,23382.6000,-3.1000,-0.0132559641148223059390995400,23400.0000,26.4500,24.9000,-1.5500,-5.860113421550094517958412100,62.8500,64.8500,2.0000,3.1821797931583134447096260900,Other,Other,False,False,False,0,-1,False,Other,Other,Other,Other,A,Other,Other,Other,Other,B
2026-09-22,2026-09-22,0,493,484,493,12:19:43.000,12:30:26.000,643,32240,23385.7000,23378.5000,-7.2000,-0.0307880456860389041166182800,23400.0000,26.4000,23.0500,-3.3500,-12.689393939393939393939393940,62.8000,68.5500,5.7500,9.156050955414012738853503180,Other,Other,False,False,False,0,-1,False,Other,Other,Other,A,Other,Other,Other,Other,B,Other
2026-09-22,2026-09-22,0,494,485,494,12:19:43.000,12:30:56.000,673,29445,23385.7000,23366.6000,-19.1000,-0.0816738434171309817538068100,23350.0000,48.8000,42.5500,-6.2500,-12.807377049180327868852459020,35.4000,40.3500,4.9500,13.983050847457627118644067800,Other,Other,False,False,False,0,-1,False,Other,Other,A,Other,Other,Other,Other,B,Other,Other
2026-09-22,2026-09-22,0,495,486,495,12:19:44.000,12:33:25.000,821,29120,23385.7000,23375.0000,-10.7000,-0.0457544567834189269510854900,23350.0000,48.8000,45.8500,-2.9500,-6.0450819672131147540983606600,35.4500,36.5000,1.0500,2.9619181946403385049365303200,Other,Other,False,False,False,0,-1,False,Other,A,Other,Other,Other,Other,B,Other,Other,Other
2026-09-22,2026-09-22,0,496,487,496,12:20:35.000,12:34:14.000,819,29250,23379.3000,23378.7000,-0.6000,-0.0025663728169791225571338700,23400.0000,26.9500,23.3000,-3.6500,-13.543599257884972170686456400,62.3000,68.3000,6.0000,9.630818619582664526484751200,Other,Other,False,False,False,0,-1,False,A,Other,Other,Other,Other,B,Other,Other,Other,Other
2026-09-22,2026-09-22,0,497,488,497,12:21:06.000,12:36:43.000,937,27560,23384.4000,23368.8000,-15.6000,-0.0667111407605070046697798500,23350.0000,47.8000,44.9500,-2.8500,-5.9623430962343096234309623400,36.4000,38.1000,1.7000,4.6703296703296703296703296700,Other,Other,False,False,False,0,-1,False,Other,Other,Other,Other,B,Other,Other,Other,Other,Other
2026-09-22,2026-09-22,0,498,489,498,12:21:38.000,12:40:03.000,1105,27495,23373.7000,23370.0000,-3.7000,-0.0158297573768808532667057400,23350.0000,48.9000,44.6000,-4.3000,-8.793456032719836400817995910,35.6500,38.5500,2.9000,8.134642356241234221598877980,Other,Other,False,False,False,0,-1,False,Other,Other,Other,B,Other,Other,Other,Other,Other,A
2026-09-22,2026-09-22,0,499,490,499,12:24:03.000,12:41:43.000,1060,27560,23375.0000,23368.8000,-6.2000,-0.0265240641711229946524064200,23350.0000,45.7500,44.8500,-0.9000,-1.967213114754098360655737700,37.2000,37.6000,0.4000,1.075268817204301075268817200,Other,Other,False,False,False,0,-1,False,Other,Other,B,Other,Other,Other,Other,Other,A,B
2026-09-22,2026-09-22,0,500,491,500,12:25:49.000,12:42:57.000,1028,27235,23370.2000,23377.0000,6.8000,0.0290968840660328110157379900,23400.0000,24.7000,23.7000,-1.0000,-4.04858299595141700404858300,65.5500,66.4500,0.9000,1.3729977116704805491990846700,A,Other,True,False,False,1,56,False,Other,B,Other,Other,Other,Other,Other,A,B,Other
2026-09-22,2026-09-22,0,501,492,501,12:26:01.000,12:44:29.000,1108,26845,23383.1000,23365.4000,-17.7000,-0.0756956947539034601913347700,23350.0000,45.9500,39.8500,-6.1000,-13.275299238302502720348204570,37.4500,42.1000,4.6500,12.416555407209612817089452600,Other,A,False,False,True,0,-1,False,B,Other,Other,Other,Other,Other,A,B,Other,Other
2026-09-22,2026-09-22,0,502,493,502,12:28:22.000,12:45:00.000,998,27300,23382.6000,23360.0000,-22.6000,-0.0966530668103632615705695700,23350.0000,46.2500,37.5500,-8.7000,-18.810810810810810810810810810,36.8000,43.4000,6.6000,17.934782608695652173913043480,Other,Other,False,False,False,0,-1,False,Other,Other,Other,Other,Other,A,B,Other,Other,Other
2026-09-22,2026-09-22,0,503,494,503,12:30:26.000,12:45:12.000,886,28210,23378.5000,23369.4000,-9.1000,-0.038924652993134717796265800,23350.0000,43.7000,36.3500,-7.3500,-16.819221967963386727688787190,39.3500,44.1000,4.7500,12.071156289707750952986022870,Other,Other,False,False,False,0,-1,False,Other,Other,Other,Other,A,B,Other,Other,Other,A
2026-09-22,2026-09-22,0,504,495,504,12:30:56.000,12:45:17.000,861,28275,23366.6000,23355.0000,-11.6000,-0.0496435082553730538460880100,23350.0000,42.5500,35.2000,-7.3500,-17.273795534665099882491186840,40.3500,46.0000,5.6500,14.002478314745972738537794300,Other,Other,False,False,False,0,-1,False,Other,Other,Other,A,B,Other,Other,Other,A,Other
2026-09-22,2026-09-22,0,505,496,505,12:33:25.000,12:45:18.000,713,28535,23375.0000,23353.9000,-21.1000,-0.0902673796791443850267379700,23350.0000,45.8500,34.9000,-10.9500,-23.882224645583424209378407850,36.5000,46.4000,9.9000,27.123287671232876712328767120,Other,Other,False,False,False,0,-1,False,Other,Other,A,B,Other,Other,Other,A,Other,Other
2026-09-22,2026-09-22,0,506,497,506,12:34:14.000,12:45:45.000,691,28730,23378.7000,23360.0000,-18.7000,-0.079987338902505271892791300,23350.0000,44.0500,38.1500,-5.9000,-13.393870601589103291713961410,39.2000,42.7000,3.5000,8.928571428571428571428571430,Other,Other,False,False,False,0,-1,False,Other,A,B,Other,Other,Other,A,Other,Other,Other
2026-09-22,2026-09-22,0,507,498,507,12:36:43.000,12:46:38.000,595,28730,23368.8000,23363.0000,-5.8000,-0.0248194173427818287631371700,23350.0000,44.9500,37.5500,-7.4000,-16.462736373748609566184649610,38.1000,43.4000,5.3000,13.910761154855643044619422570,Other,Other,False,False,False,0,-1,False,A,B,Other,Other,Other,A,Other,Other,Other,Other
2026-09-22,2026-09-22,0,508,499,508,12:40:03.000,12:47:13.000,430,29315,23370.0000,23355.7000,-14.3000,-0.0611895592640136927685066300,23350.0000,44.6000,36.8000,-7.8000,-17.488789237668161434977578480,38.5500,43.8500,5.3000,13.748378728923476005188067440,Other,Other,False,False,False,0,-1,False,B,Other,Other,Other,A,Other,Other,Other,Other,Other
2026-09-22,2026-09-22,0,509,500,509,12:41:43.000,12:47:55.000,372,29315,23368.8000,23363.0000,-5.8000,-0.0248194173427818287631371700,23350.0000,44.8500,37.4000,-7.4500,-16.610925306577480490523968780,37.6000,42.7500,5.1500,13.696808510638297872340425530,Other,Other,False,False,False,0,-1,False,Other,Other,Other,A,Other,Other,Other,Other,Other,Other
2026-09-22,2026-09-22,0,510,501,510,12:42:57.000,12:48:20.000,323,29380,23377.0000,23361.1000,-15.9000,-0.0680155708602472515720580100,23350.0000,44.6000,37.3000,-7.3000,-16.367713004484304932735426010,37.8000,42.8500,5.0500,13.359788359788359788359788360,Other,Other,False,False,False,0,-1,False,Other,Other,A,Other,Other,Other,Other,Other,Other,Other
2026-09-22,2026-09-22,0,511,502,511,12:44:29.000,12:49:22.000,293,30420,23365.4000,23362.7000,-2.7000,-0.0115555479469643147560067500,23350.0000,39.8500,38.4500,-1.4000,-3.513174404015056461731493100,42.1000,41.9500,-0.1500,-0.356294536817102137767220900,Other,Other,False,False,False,0,-1,False,Other,A,Other,Other,Other,Other,Other,Other,Other,Other
2026-09-22,2026-09-22,0,512,503,512,12:45:00.000,12:49:37.000,277,29900,23360.0000,23357.0000,-3.0000,-0.0128424657534246575342465800,23350.0000,37.5500,36.2000,-1.3500,-3.5952063914780292942743009300,43.4000,44.7000,1.3000,2.9953917050691244239631336400,Other,Other,False,False,False,0,-1,False,A,Other,Other,Other,Other,Other,Other,Other,Other,Other
2026-09-22,2026-09-22,0,513,504,513,12:45:12.000,12:50:01.000,289,29055,23369.4000,23353.6000,-15.8000,-0.0676097803110049894306229500,23350.0000,36.3500,34.6000,-1.7500,-4.8143053645116918844566712500,44.1000,46.8000,2.7000,6.1224489795918367346938775500,Other,Other,False,False,False,0,-1,False,Other,Other,Other,Other,Other,Other,Other,Other,Other,Other
2026-09-22,2026-09-22,0,514,505,514,12:45:17.000,12:50:08.000,291,38285,23355.0000,23351.1000,-3.9000,-0.0166987797045600513808606300,23350.0000,35.2000,33.9000,-1.3000,-3.6931818181818181818181818200,46.0000,47.7000,1.7000,3.6956521739130434782608695700,Other,Other,False,False,False,0,-1,False,Other,Other,Other,Other,Other,Other,Other,Other,Other,Other
2026-09-22,2026-09-22,0,515,506,515,12:45:18.000,12:50:08.000,290,44850,23353.9000,23351.1000,-2.8000,-0.0119894321719284573454540800,23350.0000,34.9000,33.9000,-1.0000,-2.8653295128939828080229226400,46.4000,47.7000,1.3000,2.8017241379310344827586206900,Other,Other,False,False,False,0,-1,False,Other,Other,Other,Other,Other,Other,Other,Other,Other,Other
2026-09-22,2026-09-22,0,516,507,516,12:45:45.000,12:50:09.000,264,48750,23360.0000,23349.1000,-10.9000,-0.0466609589041095890410958900,23350.0000,38.1500,34.1500,-4.0000,-10.484927916120576671035386630,42.7000,47.4500,4.7500,11.124121779859484777517564400,Other,Other,False,False,False,0,-1,False,Other,Other,Other,Other,Other,Other,Other,Other,Other,Other
2026-09-22,2026-09-22,0,517,508,517,12:46:38.000,12:50:09.000,211,50245,23363.0000,23349.1000,-13.9000,-0.059495783931858066173008600,23350.0000,37.5500,34.1500,-3.4000,-9.054593874833555259653794940,43.4000,47.4500,4.0500,9.331797235023041474654377880,Other,Other,False,False,False,0,-1,False,Other,Other,Other,Other,Other,Other,Other,Other,Other,Other
2026-09-22,2026-09-22,0,518,509,518,12:47:13.000,12:50:10.000,177,53755,23355.7000,23349.1000,-6.6000,-0.0282586263738616269261893200,23350.0000,36.8000,34.3000,-2.5000,-6.7934782608695652173913043500,43.8500,46.8500,3.0000,6.8415051311288483466362599800,Other,Other,False,False,False,0,-1,False,Other,Other,Other,Other,Other,Other,Other,Other,Other,Other
2026-09-22,2026-09-22,0,519,510,519,12:47:55.000,12:50:10.000,135,55185,23363.0000,23349.1000,-13.9000,-0.059495783931858066173008600,23350.0000,37.4000,34.3000,-3.1000,-8.288770053475935828877005350,42.7500,46.8500,4.1000,9.590643274853801169590643270,Other,Other,False,False,False,0,-1,False,Other,Other,Other,Other,Other,Other,Other,Other,Other,Other
2026-09-22,2026-09-22,0,520,511,520,12:48:20.000,12:50:27.000,127,55835,23361.1000,23352.0000,-9.1000,-0.038953645162256914272016300,23350.0000,37.3000,34.1000,-3.2000,-8.579088471849865951742627350,42.8500,47.2000,4.3500,10.151691948658109684947491250,Other,Other,False,False,False,0,-1,False,Other,Other,Other,Other,Other,Other,Other,Other,Other,Other
2026-09-22,2026-09-22,0,521,512,521,12:49:22.000,12:50:50.000,88,61100,23362.7000,23349.0000,-13.7000,-0.0586404824784806550612728800,23350.0000,38.4500,32.3500,-6.1000,-15.864759427828348504551365410,41.9500,48.3000,6.3500,15.137067938021454112038140640,Other,Other,False,False,False,0,-1,False,Other,Other,Other,Other,Other,Other,Other,Other,Other,Other
2026-09-22,2026-09-22,0,522,513,522,12:49:37.000,12:50:50.000,73,64805,23357.0000,23349.0000,-8.0000,-0.034250974012073468339255900,23350.0000,36.2000,32.3500,-3.8500,-10.635359116022099447513812150,44.7000,48.3000,3.6000,8.053691275167785234899328860,Other,Other,False,False,False,0,-1,False,Other,Other,Other,Other,Other,Other,Other,Other,Other,Other
2026-09-22,2026-09-22,0,523,514,523,12:50:01.000,12:50:51.000,50,65520,23353.6000,23349.3000,-4.3000,-0.0184125787887092354069608100,23350.0000,34.6000,32.2000,-2.4000,-6.9364161849710982658959537600,46.8000,48.8000,2.0000,4.2735042735042735042735042700,Other,Other,False,False,False,0,-1,False,Other,Other,Other,Other,Other,Other,Other,Other,Other,Other
2026-09-22,2026-09-22,0,524,515,524,12:50:08.000,12:50:52.000,44,57785,23351.1000,23349.3000,-1.8000,-0.0077084163058699590169199700,23350.0000,33.9000,32.3500,-1.5500,-4.5722713864306784660766961700,47.7000,48.5000,0.8000,1.6771488469601677148846960200,Other,Other,False,False,False,0,-1,False,Other,Other,Other,Other,Other,Other,Other,Other,Other,Other
2026-09-22,2026-09-22,0,525,516,525,12:50:09.000,12:51:17.000,68,51480,23349.1000,23352.0000,2.9000,0.0124201789362330882132501900,23350.0000,34.1500,33.6000,-0.5500,-1.6105417276720351390922401200,47.4500,46.3000,-1.1500,-2.4236037934668071654373024200,Other,Other,False,False,False,0,-1,False,Other,Other,Other,Other,Other,Other,Other,Other,Other,Other
2026-09-22,2026-09-22,0,526,517,526,12:50:09.000,12:51:35.000,86,47255,23349.1000,23349.0000,-0.1000,-0.0004282820322838995935603500,23350.0000,34.1500,31.2500,-2.9000,-8.491947291361639824304538800,47.4500,49.2500,1.8000,3.7934668071654373024236037900,Other,Other,False,False,False,0,-1,False,Other,Other,Other,Other,Other,Other,Other,Other,Other,Other
2026-09-22,2026-09-22,0,527,518,527,12:50:10.000,12:51:40.000,90,45695,23349.1000,23346.3000,-2.8000,-0.0119918969039491886196898400,23350.0000,34.3000,31.0500,-3.2500,-9.475218658892128279883381920,46.8500,49.3500,2.5000,5.3361792956243329775880469600,Other,Other,False,False,False,0,-1,False,Other,Other,Other,Other,Other,Other,Other,Other,Other,Other
2026-09-22,2026-09-22,0,528,519,528,12:50:10.000,12:52:33.000,143,41795,23349.1000,23355.0000,5.9000,0.0252686399047500760200607300,23350.0000,34.3000,33.7000,-0.6000,-1.7492711370262390670553935900,46.8500,45.1500,-1.7000,-3.6286019210245464247598719300,Other,Other,False,False,False,0,-1,False,Other,Other,Other,Other,Other,Other,Other,Other,Other,Other
2026-09-22,2026-09-22,0,529,520,529,12:50:11.000,12:53:10.000,179,40365,23349.1000,23361.2000,12.1000,0.0518221259063518508208025100,23350.0000,34.2500,33.7500,-0.5000,-1.4598540145985401459854014600,47.0500,44.9000,-2.1500,-4.5696068012752391073326248700,Other,Other,False,False,False,0,-1,False,Other,Other,Other,Other,Other,Other,Other,Other,Other,Other
2026-09-22,2026-09-22,0,530,521,530,12:50:27.000,12:53:48.000,201,39780,23352.0000,23353.5000,1.5000,0.0064234326824254881808838600,23350.0000,34.1000,32.9000,-1.2000,-3.5190615835777126099706744900,47.2000,46.3500,-0.8500,-1.8008474576271186440677966100,Other,Other,False,False,False,0,-1,False,Other,Other,Other,Other,Other,Other,Other,Other,Other,Other
2026-09-22,2026-09-22,0,531,522,531,12:50:50.000,12:54:11.000,201,33995,23349.0000,23349.5000,0.5000,0.0021414193327337359201678900,23350.0000,32.3500,31.4000,-0.9500,-2.9366306027820710973724884100,48.3000,47.9500,-0.3500,-0.7246376811594202898550724600,Other,Other,False,False,False,0,-1,False,Other,Other,Other,Other,Other,Other,Other,Other,Other,Other
2026-09-22,2026-09-22,0,532,523,532,12:50:51.000,12:54:31.000,220,30420,23349.3000,23348.0000,-1.3000,-0.0055676187294694059350815700,23350.0000,32.2000,32.4500,0.2500,0.7763975155279503105590062100,48.8000,46.6500,-2.1500,-4.405737704918032786885245900,B,Other,True,False,False,1,57,False,Other,Other,Other,Other,Other,Other,Other,Other,Other,Other
2026-09-22,2026-09-22,0,533,524,533,12:50:51.000,12:55:03.000,252,29510,23349.3000,23346.1000,-3.2000,-0.0137049076417708453786623200,23350.0000,32.2000,29.9500,-2.2500,-6.987577639751552795031055900,48.8000,49.7500,0.9500,1.9467213114754098360655737700,Other,B,False,False,True,0,-1,False,Other,Other,Other,Other,Other,Other,Other,Other,Other,B
2026-09-22,2026-09-22,0,534,525,534,12:50:52.000,12:55:06.000,254,28145,23349.3000,23346.1000,-3.2000,-0.0137049076417708453786623200,23350.0000,32.3500,30.1000,-2.2500,-6.955177743431221020092735700,48.5000,50.3500,1.8500,3.8144329896907216494845360800,Other,Other,False,False,False,0,-1,False,Other,Other,Other,Other,Other,Other,Other,Other,B,Other
2026-09-22,2026-09-22,0,535,526,535,12:51:17.000,12:55:16.000,239,27755,23352.0000,23345.6000,-6.4000,-0.0274066461116820829051044900,23350.0000,33.6000,30.7500,-2.8500,-8.482142857142857142857142860,46.3000,48.4000,2.1000,4.5356371490280777537796976200,Other,Other,False,False,False,0,-1,False,Other,Other,Other,Other,Other,Other,Other,B,Other,B
2026-09-22,2026-09-22,0,536,527,536,12:51:35.000,12:55:48.000,253,29445,23349.0000,23350.0000,1.0000,0.0042828386654674718403357700,23350.0000,31.2500,30.0000,-1.2500,-4.00,49.2500,49.3500,0.1000,0.2030456852791878172588832500,A,Other,True,False,False,1,58,False,Other,Other,Other,Other,Other,Other,B,Other,B,A
2026-09-22,2026-09-22,0,537,528,537,12:51:40.000,12:56:00.000,260,31850,23346.3000,23342.5000,-3.8000,-0.016276669108167032891721600,23350.0000,31.0500,28.0000,-3.0500,-9.822866344605475040257648950,49.3500,52.4500,3.1000,6.2816616008105369807497467100,Other,A,False,False,True,0,-1,False,Other,Other,Other,Other,Other,B,Other,B,A,Other
2026-09-22,2026-09-22,0,538,529,538,12:52:33.000,12:56:03.000,210,31915,23355.0000,23344.0000,-11.0000,-0.0470991222436309141511453700,23350.0000,33.7000,28.8500,-4.8500,-14.391691394658753709198813060,45.1500,51.1000,5.9500,13.178294573643410852713178290,Other,Other,False,False,False,0,-1,False,Other,Other,Other,Other,B,Other,B,A,Other,A
2026-09-22,2026-09-22,0,539,530,539,12:53:10.000,12:56:56.000,226,32500,23361.2000,23350.0000,-11.2000,-0.0479427426673287331130250200,23350.0000,33.7500,30.6500,-3.1000,-9.185185185185185185185185190,44.9000,47.0500,2.1500,4.7884187082405345211581291800,Other,Other,False,False,False,0,-1,False,Other,Other,Other,B,Other,B,A,Other,A,Other
2026-09-22,2026-09-22,0,540,531,540,12:53:48.000,12:57:07.000,199,32760,23353.5000,23348.0000,-5.5000,-0.0235510737148607275140771200,23350.0000,32.9000,30.0000,-2.9000,-8.814589665653495440729483280,46.3500,48.4500,2.1000,4.5307443365695792880258899700,Other,Other,False,False,False,0,-1,False,Other,Other,B,Other,B,A,Other,A,Other,B
2026-09-22,2026-09-22,0,541,532,541,12:54:11.000,12:57:41.000,210,33345,23349.5000,23349.0000,-0.5000,-0.0021413734769481145206535500,23350.0000,31.4000,31.0500,-0.3500,-1.1146496815286624203821656100,47.9500,47.1500,-0.8000,-1.6684045881126173096976016700,Other,Other,False,False,False,0,-1,False,Other,B,Other,B,A,Other,A,Other,B,Other
2026-09-22,2026-09-22,0,542,533,542,12:54:31.000,12:57:58.000,207,33735,23348.0000,23345.9000,-2.1000,-0.0089943464108274798697961300,23350.0000,32.4500,29.8000,-2.6500,-8.16640986132511556240369800,46.6500,48.8500,2.2000,4.7159699892818863879957127500,Other,Other,False,False,False,0,-1,False,B,Other,B,A,Other,A,Other,B,Other,Other
2026-09-22,2026-09-22,0,543,534,543,12:55:03.000,12:58:07.000,184,34125,23346.1000,23346.3000,0.2000,0.0008566741340095347831115300,23350.0000,29.9500,30.4000,0.4500,1.5025041736227045075125208700,49.7500,48.2500,-1.5000,-3.0150753768844221105527638200,Other,Other,False,False,False,0,-1,False,Other,B,A,Other,A,Other,B,Other,Other,A
2026-09-22,2026-09-22,0,544,535,544,12:55:06.000,12:58:28.000,202,33930,23346.1000,23349.0000,2.9000,0.0124217749431382543551171300,23350.0000,30.1000,30.3500,0.2500,0.8305647840531561461794019900,50.3500,48.1500,-2.2000,-4.3694141012909632571996027800,Other,Other,False,False,False,0,-1,False,B,A,Other,A,Other,B,Other,Other,A,Other
2026-09-22,2026-09-22,0,545,536,545,12:55:16.000,12:59:05.000,229,34580,23345.6000,23347.0000,1.4000,0.0059968473716674662463162200,23350.0000,30.7500,30.3000,-0.4500,-1.4634146341463414634146341500,48.4000,47.7500,-0.6500,-1.342975206611570247933884300,Other,Other,False,False,False,0,-1,False,A,Other,A,Other,B,Other,Other,A,Other,B
2026-09-22,2026-09-22,0,546,537,546,12:55:48.000,12:59:30.000,222,33020,23350.0000,23349.0000,-1.0000,-0.0042826552462526766595289100,23350.0000,30.0000,30.3000,0.3000,1.00,49.3500,47.9000,-1.4500,-2.9381965552178318135764944300,B,Other,True,False,False,1,59,False,Other,A,Other,B,Other,Other,A,Other,B,A
2026-09-22,2026-09-22,0,547,538,547,12:56:00.000,12:59:55.000,235,30550,23342.5000,23346.3000,3.8000,0.0162793188390275249009317800,23350.0000,28.0000,29.5500,1.5500,5.5357142857142857142857142900,52.4500,48.8500,-3.6000,-6.8636796949475691134413727400,Other,B,False,False,True,0,-1,False,A,Other,B,Other,Other,A,Other,B,A,Other
2026-09-22,2026-09-22,0,548,539,548,12:56:03.000,13:00:06.000,243,30355,23344.0000,23345.1000,1.1000,0.0047121315969842357779300900,23350.0000,28.8500,29.0000,0.1500,0.5199306759098786828422876900,51.1000,49.4000,-1.7000,-3.3268101761252446183953033300,Other,Other,False,False,False,0,-1,False,Other,B,Other,Other,A,Other,B,A,Other,Other
2026-09-22,2026-09-22,0,549,540,549,12:56:56.000,13:00:08.000,192,30420,23350.0000,23344.2000,-5.8000,-0.0248394004282655246252676700,23350.0000,30.6500,28.4000,-2.2500,-7.3409461663947797716150081600,47.0500,50.4000,3.3500,7.1200850159404888416578108400,Other,Other,False,False,False,0,-1,False,B,Other,Other,A,Other,B,A,Other,Other,Other
2026-09-22,2026-09-22,0,550,541,550,12:57:07.000,13:00:16.000,189,30940,23348.0000,23357.1000,9.1000,0.0389755011135857461024498900,23350.0000,30.0000,28.7000,-1.3000,-4.3333333333333333333333333300,48.4500,50.0000,1.5500,3.1991744066047471620227038200,A,Other,True,False,False,1,60,False,Other,Other,A,Other,B,A,Other,Other,Other,Other
2026-09-22,2026-09-22,0,551,542,551,12:57:41.000,13:00:25.000,164,30030,23349.0000,23341.9000,-7.1000,-0.03040815452481905006638400,23350.0000,31.0500,27.5000,-3.5500,-11.433172302737520128824476650,47.1500,51.2000,4.0500,8.589607635206786850477200420,Other,A,False,False,True,0,-1,False,Other,A,Other,B,A,Other,Other,Other,Other,Other
2026-09-22,2026-09-22,0,552,543,552,12:57:58.000,13:00:30.000,152,32890,23345.9000,23339.3000,-6.6000,-0.0282704886082781130733876200,23350.0000,29.8000,26.2000,-3.6000,-12.080536912751677852348993290,48.8500,53.3000,4.4500,9.109518935516888433981576250,Other,Other,False,False,False,0,-1,False,A,Other,B,A,Other,Other,Other,Other,Other,Other
2026-09-22,2026-09-22,0,553,544,553,12:58:07.000,13:00:30.000,143,33085,23346.3000,23339.3000,-7.0000,-0.0299833378308340079584345300,23350.0000,30.4000,26.2000,-4.2000,-13.815789473684210526315789470,48.2500,53.3000,5.0500,10.466321243523316062176165800,Other,Other,False,False,False,0,-1,False,Other,B,A,Other,Other,Other,Other,Other,Other,Other
2026-09-22,2026-09-22,0,554,545,554,12:58:28.000,13:00:32.000,124,33215,23349.0000,23339.6000,-9.4000,-0.0402586834553942352991562800,23350.0000,30.3500,26.3500,-4.0000,-13.179571663920922570016474460,48.1500,53.0500,4.9000,10.176531671858774662512980270,Other,Other,False,False,False,0,-1,False,B,A,Other,Other,Other,Other,Other,Other,Other,Other
2026-09-22,2026-09-22,0,555,546,555,12:59:05.000,13:00:40.000,95,32825,23347.0000,23336.8000,-10.2000,-0.0436886966205508202338630200,23350.0000,30.3000,25.7500,-4.5500,-15.016501650165016501650165020,47.7500,54.3000,6.5500,13.717277486910994764397905760,Other,Other,False,False,False,0,-1,False,A,Other,Other,Other,Other,Other,Other,Other,Other,Other
2026-09-22,2026-09-22,0,556,547,556,12:59:30.000,13:00:48.000,78,33150,23349.0000,23349.9000,0.9000,0.003854554798920724656302200,23350.0000,30.3000,25.8500,-4.4500,-14.686468646864686468646864690,47.9000,53.8500,5.9500,12.421711899791231732776617950,A,Other,True,False,False,1,61,False,Other,Other,Other,Other,Other,Other,Other,Other,Other,A
2026-09-22,2026-09-22,0,557,548,557,12:59:55.000,13:01:08.000,73,36205,23346.3000,23346.7000,0.4000,0.0017133335903333718833391200,23350.0000,29.5500,25.9000,-3.6500,-12.351945854483925549915397630,48.8500,53.7500,4.9000,10.030706243602865916069600820,A,A,False,True,False,2,61,False,Other,Other,Other,Other,Other,Other,Other,Other,A,B
2026-09-22,2026-09-22,0,558,549,558,13:00:06.000,13:01:08.000,62,36595,23345.1000,23346.7000,1.6000,0.0068536866408796706803569100,23350.0000,29.0000,25.9000,-3.1000,-10.689655172413793103448275860,49.4000,53.7500,4.3500,8.805668016194331983805668020,A,A,False,True,False,3,61,False,Other,Other,Other,Other,Other,Other,Other,A,B,Other
2026-09-22,2026-09-22,0,559,550,559,13:00:08.000,13:01:19.000,71,36140,23344.2000,23339.9000,-4.3000,-0.0184199929747003538352138900,23350.0000,28.4000,26.6500,-1.7500,-6.1619718309859154929577464800,50.4000,52.2500,1.8500,3.6706349206349206349206349200,Other,A,False,False,True,0,-1,False,Other,Other,Other,Other,Other,Other,A,B,Other,Other
2026-09-22,2026-09-22,0,560,551,560,13:00:16.000,13:01:37.000,81,35490,23357.1000,23347.8000,-9.3000,-0.0398165868194253567437738400,23350.0000,28.7000,26.3500,-2.3500,-8.188153310104529616724738680,50.0000,52.3500,2.3500,4.700,Other,Other,False,False,False,0,-1,False,Other,Other,Other,Other,Other,A,B,Other,Other,Other
2026-09-22,2026-09-22,0,561,552,561,13:00:25.000,13:01:40.000,75,35295,23341.9000,23338.8000,-3.1000,-0.0132808383207879392851481700,23350.0000,27.5000,26.1500,-1.3500,-4.9090909090909090909090909100,51.2000,53.3000,2.1000,4.101562500,Other,Other,False,False,False,0,-1,False,Other,Other,Other,Other,A,B,Other,Other,Other,Other
2026-09-22,2026-09-22,0,562,553,562,13:00:30.000,13:01:44.000,74,33930,23339.3000,23338.2000,-1.1000,-0.0047130805122690054971657200,23350.0000,26.2000,26.0000,-0.2000,-0.7633587786259541984732824400,53.3000,53.7500,0.4500,0.8442776735459662288930581600,Other,Other,False,False,False,0,-1,False,Other,Other,Other,A,B,Other,Other,Other,Other,Other
2026-09-22,2026-09-22,0,563,554,563,13:00:30.000,13:01:45.000,75,33605,23339.3000,23338.3000,-1.0000,-0.0042846186475172777246961100,23350.0000,26.2000,25.8500,-0.3500,-1.3358778625954198473282442700,53.3000,53.8500,0.5500,1.0318949343339587242026266400,Other,Other,False,False,False,0,-1,False,Other,Other,A,B,Other,Other,Other,Other,Other,A
2026-09-22,2026-09-22,0,564,555,564,13:00:32.000,13:01:55.000,83,33670,23339.6000,23343.7000,4.1000,0.017566710654852696704313700,23350.0000,26.3500,27.7000,1.3500,5.1233396584440227703984819700,53.0500,50.3500,-2.7000,-5.0895381715362865221489161200,Other,Other,False,False,False,0,-1,False,Other,A,B,Other,Other,Other,Other,Other,A,Other
2026-09-22,2026-09-22,0,565,556,565,13:00:40.000,13:02:00.000,80,33280,23336.8000,23344.9000,8.1000,0.0347091289294162010215625100,23350.0000,25.7500,28.0000,2.2500,8.737864077669902912621359220,54.3000,49.8000,-4.5000,-8.287292817679558011049723760,Other,Other,False,False,False,0,-1,False,A,B,Other,Other,Other,Other,Other,A,Other,Other
2026-09-22,2026-09-22,0,566,557,566,13:00:48.000,13:02:18.000,90,32825,23349.9000,23343.3000,-6.6000,-0.0282656456772834144899978200,23350.0000,25.8500,27.6000,1.7500,6.769825918762088974854932300,53.8500,50.9000,-2.9500,-5.4781801299907149489322191300,B,Other,True,False,False,1,62,False,B,Other,Other,Other,Other,Other,A,Other,Other,Other
2026-09-22,2026-09-22,0,567,558,567,13:01:08.000,13:02:43.000,95,29770,23346.7000,23342.3000,-4.4000,-0.0188463465928803642484805100,23350.0000,25.9000,27.5500,1.6500,6.3706563706563706563706563700,53.7500,50.9500,-2.8000,-5.209302325581395348837209300,B,B,False,True,False,2,62,False,Other,Other,Other,Other,Other,A,Other,Other,Other,Other
2026-09-22,2026-09-22,0,568,559,568,13:01:09.000,13:02:54.000,105,29315,23346.7000,23340.7000,-6.0000,-0.0256995635357459512479279700,23350.0000,26.3500,26.9000,0.5500,2.087286527514231499051233400,52.9500,52.4500,-0.5000,-0.9442870632672332389046270100,B,B,False,True,False,3,62,False,Other,Other,Other,Other,A,Other,Other,Other,Other,Other
2026-09-22,2026-09-22,0,569,560,569,13:01:19.000,13:03:01.000,102,29315,23339.9000,23339.0000,-0.9000,-0.0038560576523464110814527900,23350.0000,26.6500,26.5500,-0.1000,-0.3752345215759849906191369600,52.2500,52.9500,0.7000,1.3397129186602870813397129200,Other,B,False,False,True,0,-1,False,Other,Other,Other,A,Other,Other,Other,Other,Other,Other
2026-09-22,2026-09-22,0,570,561,570,13:01:37.000,13:03:09.000,92,29705,23347.8000,23339.7000,-8.1000,-0.0346927761930460257497494400,23350.0000,26.3500,26.4000,0.0500,0.1897533206831119544592030400,52.3500,52.9000,0.5500,1.050620821394460362941738300,Other,Other,False,False,False,0,-1,False,Other,Other,A,Other,Other,Other,Other,Other,Other,A
2026-09-22,2026-09-22,0,571,562,571,13:01:40.000,13:03:20.000,100,29835,23338.8000,23338.4000,-0.4000,-0.0017138841757074056935232300,23350.0000,26.1500,25.8000,-0.3500,-1.3384321223709369024856596600,53.3000,53.7500,0.4500,0.8442776735459662288930581600,Other,Other,False,False,False,0,-1,False,Other,A,Other,Other,Other,Other,Other,Other,A,Other
2026-09-22,2026-09-22,0,572,563,572,13:01:44.000,13:03:35.000,111,28405,23338.2000,23337.1000,-1.1000,-0.0047133026540178762715205100,23350.0000,26.0000,25.4000,-0.6000,-2.3076923076923076923076923100,53.7500,54.1500,0.4000,0.7441860465116279069767441900,Other,Other,False,False,False,0,-1,False,A,Other,Other,Other,Other,Other,Other,A,Other,Other
2026-09-22,2026-09-22,0,573,564,573,13:01:45.000,13:03:41.000,116,27950,23338.3000,23337.1000,-1.2000,-0.0051417626819434149016852100,23350.0000,25.8500,25.5000,-0.3500,-1.3539651837524177949709864600,53.8500,54.5000,0.6500,1.2070566388115134633240482800,Other,Other,False,False,False,0,-1,False,Other,Other,Other,Other,Other,Other,A,Other,Other,Other
2026-09-22,2026-09-22,0,574,565,574,13:01:55.000,13:03:51.000,116,28145,23343.7000,23337.7000,-6.0000,-0.025702866297973328992404800,23350.0000,27.7000,25.1500,-2.5500,-9.205776173285198555956678700,50.3500,53.9500,3.6000,7.1499503475670307845084409100,Other,Other,False,False,False,0,-1,False,Other,Other,Other,Other,Other,A,Other,Other,Other,Other
2026-09-22,2026-09-22,0,575,566,575,13:02:00.000,13:04:01.000,121,29575,23344.9000,23337.6000,-7.3000,-0.0312702131943165316621617600,23350.0000,28.0000,25.4500,-2.5500,-9.107142857142857142857142860,49.8000,53.3500,3.5500,7.128514056224899598393574300,Other,Other,False,False,False,0,-1,False,Other,Other,Other,Other,A,Other,Other,Other,Other,B
2026-09-22,2026-09-22,0,576,567,576,13:02:18.000,13:04:08.000,110,29640,23343.3000,23338.4000,-4.9000,-0.0209910338298355416757699200,23350.0000,27.6000,25.7000,-1.9000,-6.8840579710144927536231884100,50.9000,53.3000,2.4000,4.7151277013752455795677799600,Other,Other,False,False,False,0,-1,False,Other,Other,Other,A,Other,Other,Other,Other,B,Other
2026-09-22,2026-09-22,0,577,568,577,13:02:43.000,13:04:34.000,111,30420,23342.3000,23340.0000,-2.3000,-0.0098533563530586103340287800,23350.0000,27.5500,26.2000,-1.3500,-4.9001814882032667876588021800,50.9500,52.2500,1.3000,2.5515210991167811579980372900,Other,Other,False,False,False,0,-1,False,Other,Other,A,Other,Other,Other,Other,B,Other,Other
2026-09-22,2026-09-22,0,578,569,578,13:02:54.000,13:04:45.000,111,30550,23340.7000,23343.9000,3.2000,0.0137099572849143341887775400,23350.0000,26.9000,26.5500,-0.3500,-1.3011152416356877323420074300,52.4500,52.0500,-0.4000,-0.7626310772163965681601525300,Other,Other,False,False,False,0,-1,False,Other,A,Other,Other,Other,Other,B,Other,Other,Other
2026-09-22,2026-09-22,0,579,570,579,13:03:01.000,13:05:16.000,135,30290,23339.0000,23341.0000,2.0000,0.0085693474441921247696987900,23350.0000,26.5500,26.9000,0.3500,1.3182674199623352165725047100,52.9500,52.2000,-0.7500,-1.4164305949008498583569405100,Other,Other,False,False,False,0,-1,False,A,Other,Other,Other,Other,B,Other,Other,Other,B
2026-09-22,2026-09-22,0,580,571,580,13:03:09.000,13:05:21.000,132,30095,23339.7000,23341.7000,2.0000,0.008569090433895894120318600,23350.0000,26.4000,27.2500,0.8500,3.2196969696969696969696969700,52.9000,51.4000,-1.5000,-2.8355387523629489603024574700,Other,Other,False,False,False,0,-1,False,Other,Other,Other,Other,B,Other,Other,Other,B,Other
2026-09-22,2026-09-22,0,581,572,581,13:03:20.000,13:05:29.000,129,30810,23338.4000,23341.0000,2.6000,0.011140438076303431254927500,23350.0000,25.8000,27.0000,1.2000,4.6511627906976744186046511600,53.7500,52.0500,-1.7000,-3.1627906976744186046511627900,Other,Other,False,False,False,0,-1,False,Other,Other,Other,B,Other,Other,Other,B,Other,B
2026-09-22,2026-09-22,0,582,573,582,13:03:35.000,13:06:07.000,152,30225,23337.1000,23342.5000,5.4000,0.0231391218274764216633600600,23350.0000,25.4000,27.5500,2.1500,8.464566929133858267716535430,54.1500,50.9000,-3.2500,-6.0018467220683287165281625100,Other,Other,False,False,False,0,-1,False,Other,Other,B,Other,Other,Other,B,Other,B,Other
2026-09-22,2026-09-22,0,583,574,583,13:03:41.000,13:06:28.000,167,30615,23337.1000,23344.5000,7.4000,0.031709166948763985242382300,23350.0000,25.5000,28.2000,2.7000,10.588235294117647058823529410,54.5000,49.9000,-4.6000,-8.440366972477064220183486240,Other,Other,False,False,False,0,-1,False,Other,B,Other,Other,Other,B,Other,B,Other,Other
2026-09-22,2026-09-22,0,584,575,584,13:03:51.000,13:06:34.000,163,30095,23337.7000,23356.9000,19.2000,0.0822703179833488304331617900,23350.0000,25.1500,28.5500,3.4000,13.518886679920477137176938370,53.9500,49.4500,-4.5000,-8.341056533827618164967562560,Other,Other,False,False,False,0,-1,False,B,Other,Other,Other,B,Other,B,Other,Other,Other
2026-09-22,2026-09-22,0,585,576,585,13:04:01.000,13:07:05.000,184,28730,23337.6000,23346.8000,9.2000,0.0394213629507747154805978300,23350.0000,25.4500,28.9500,3.5000,13.752455795677799607072691550,53.3500,48.1500,-5.2000,-9.746954076850984067478912840,Other,Other,False,False,False,0,-1,False,Other,Other,Other,B,Other,B,Other,Other,Other,B
2026-09-22,2026-09-22,0,586,577,586,13:04:08.000,13:07:29.000,201,28990,23338.4000,23358.9000,20.5000,0.0878380694477770541253899200,23350.0000,25.7000,30.1500,4.4500,17.315175097276264591439688720,53.3000,46.3500,-6.9500,-13.039399624765478424015009380,Other,Other,False,False,False,0,-1,False,Other,Other,B,Other,B,Other,Other,Other,B,Other
2026-09-22,2026-09-22,0,587,578,587,13:04:34.000,13:08:02.000,208,28470,23340.0000,23362.4000,22.4000,0.0959725792630676949443016300,23350.0000,26.2000,31.2000,5.0000,19.083969465648854961832061070,52.2500,45.3500,-6.9000,-13.205741626794258373205741630,Other,Other,False,False,False,0,-1,False,Other,B,Other,B,Other,Other,Other,B,Other,Other
2026-09-22,2026-09-22,0,588,579,588,13:04:45.000,13:08:10.000,205,29445,23343.9000,23349.5000,5.6000,0.0239891363482537193870775700,23350.0000,26.5500,30.3000,3.7500,14.124293785310734463276836160,52.0500,46.5500,-5.5000,-10.566762728146013448607108550,Other,Other,False,False,False,0,-1,False,B,Other,B,Other,Other,Other,B,Other,Other,Other
2026-09-22,2026-09-22,0,589,580,589,13:05:16.000,13:08:31.000,195,30420,23341.0000,23347.6000,6.6000,0.0282764234608628593462148200,23350.0000,26.9000,30.0000,3.1000,11.524163568773234200743494420,52.2000,47.4000,-4.8000,-9.195402298850574712643678160,Other,Other,False,False,False,0,-1,False,Other,B,Other,Other,Other,B,Other,Other,Other,Other
2026-09-22,2026-09-22,0,590,581,590,13:05:21.000,13:09:08.000,227,30095,23341.7000,23351.0000,9.3000,0.0398428563472240667989049600,23350.0000,27.2500,31.7000,4.4500,16.330275229357798165137614680,51.4000,45.3500,-6.0500,-11.770428015564202334630350190,Other,Other,False,False,False,0,-1,False,B,Other,Other,Other,B,Other,Other,Other,Other,Other
2026-09-22,2026-09-22,0,591,582,591,13:05:29.000,13:10:04.000,275,31460,23341.0000,23353.0000,12.0000,0.0514116790197506533567542100,23350.0000,27.0000,32.1000,5.1000,18.888888888888888888888888890,52.0500,44.6500,-7.4000,-14.217098943323727185398655140,Other,Other,False,False,False,0,-1,False,Other,Other,Other,B,Other,Other,Other,Other,Other,Other
2026-09-22,2026-09-22,0,592,583,592,13:06:07.000,13:10:09.000,242,32890,23342.5000,23352.6000,10.1000,0.0432687158616257898682660400,23350.0000,27.5500,32.4000,4.8500,17.604355716878402903811252270,50.9000,44.4000,-6.5000,-12.770137524557956777996070730,Other,Other,False,False,False,0,-1,False,Other,Other,B,Other,Other,Other,Other,Other,Other,B
2026-09-22,2026-09-22,0,593,584,593,13:06:28.000,13:10:34.000,246,34060,23344.5000,23353.0000,8.5000,0.0364111460943691233481119700,23350.0000,28.2000,32.7500,4.5500,16.134751773049645390070921990,49.9000,43.8000,-6.1000,-12.224448897795591182364729460,Other,Other,False,False,False,0,-1,False,Other,B,Other,Other,Other,Other,Other,Other,B,Other
2026-09-22,2026-09-22,0,594,585,594,13:06:34.000,13:10:43.000,249,34905,23356.9000,23364.5000,7.6000,0.0325385646211611986179672800,23350.0000,28.5500,31.8000,3.2500,11.383537653239929947460595450,49.4500,45.2500,-4.2000,-8.493427704752275025278058650,Other,Other,False,False,False,0,-1,False,B,Other,Other,Other,Other,Other,Other,B,Other,A
2026-09-22,2026-09-22,0,595,586,595,13:07:05.000,13:11:07.000,242,34840,23346.8000,23350.3000,3.5000,0.0149913478506690424383641400,23350.0000,28.9500,30.9500,2.0000,6.9084628670120898100172711600,48.1500,46.5500,-1.6000,-3.3229491173416407061266874400,Other,Other,False,False,False,0,-1,False,Other,Other,Other,Other,Other,Other,B,Other,A,Other
2026-09-22,2026-09-22,0,596,587,596,13:07:29.000,13:11:44.000,255,34580,23358.9000,23350.1000,-8.8000,-0.0376730068624806818814242100,23350.0000,30.1500,31.1500,1.0000,3.3167495854063018242122719700,46.3500,46.5500,0.2000,0.4314994606256742179072276200,Other,Other,False,False,False,0,-1,False,Other,Other,Other,Other,Other,B,Other,A,Other,Other
2026-09-22,2026-09-22,0,597,588,597,13:08:02.000,13:11:59.000,237,36075,23362.4000,23349.1000,-13.3000,-0.0569290826284970722186076800,23350.0000,31.2000,30.6000,-0.6000,-1.9230769230769230769230769200,45.3500,47.1500,1.8000,3.9691289966923925027563395800,Other,Other,False,False,False,0,-1,False,Other,Other,Other,Other,B,Other,A,Other,Other,Other
2026-09-22,2026-09-22,0,598,589,598,13:08:10.000,13:12:50.000,280,35165,23349.5000,23361.0000,11.5000,0.0492515899698066339750315900,23350.0000,30.3000,31.8000,1.5000,4.9504950495049504950495049500,46.5500,46.0000,-0.5500,-1.1815252416756176154672395300,Other,Other,False,False,False,0,-1,False,Other,Other,Other,B,Other,A,Other,Other,Other,Other
2026-09-22,2026-09-22,0,599,590,599,13:08:31.000,13:13:32.000,301,34450,23347.6000,23348.9000,1.3000,0.0055680241223937364011718500,23350.0000,30.0000,30.9500,0.9500,3.1666666666666666666666666700,47.4000,47.3000,-0.1000,-0.210970464135021097046413500,Other,Other,False,False,False,0,-1,False,Other,Other,B,Other,A,Other,Other,Other,Other,Other
2026-09-22,2026-09-22,0,600,591,600,13:09:08.000,13:14:00.000,292,34775,23351.0000,23359.9000,8.9000,0.0381139994004539420153312500,23350.0000,31.7000,30.7000,-1.0000,-3.1545741324921135646687697200,45.3500,47.6000,2.2500,4.9614112458654906284454244800,A,Other,True,False,False,1,63,False,Other,B,Other,A,Other,Other,Other,Other,Other,A
2026-09-22,2026-09-22,0,601,592,601,13:10:04.000,13:14:52.000,288,33085,23353.0000,23351.3000,-1.7000,-0.0072795786408598467006380300,23350.0000,32.1000,32.3500,0.2500,0.7788161993769470404984423700,44.6500,45.3000,0.6500,1.4557670772676371780515117600,Other,A,False,False,True,0,-1,False,B,Other,A,Other,Other,Other,Other,Other,A,B
2026-09-22,2026-09-22,0,602,593,602,13:10:09.000,13:15:29.000,320,31655,23352.6000,23352.1000,-0.5000,-0.0021410892149054066784854800,23350.0000,32.4000,33.2500,0.8500,2.6234567901234567901234567900,44.4000,44.1500,-0.2500,-0.5630630630630630630630630600,B,Other,True,False,False,1,64,False,Other,A,Other,Other,Other,Other,Other,A,B,Other
2026-09-22,2026-09-22,0,603,594,603,13:10:34.000,13:16:10.000,336,30095,23353.0000,23351.0000,-2.0000,-0.0085642101657174667066329800,23350.0000,32.7500,31.4500,-1.3000,-3.969465648854961832061068700,43.8000,46.2500,2.4500,5.5936073059360730593607305900,Other,B,False,False,True,0,-1,False,A,Other,Other,Other,Other,Other,A,B,Other,B
2026-09-22,2026-09-22,0,604,595,604,13:10:43.000,13:16:26.000,343,29900,23364.5000,23348.9000,-15.6000,-0.0667679599392240364655781200,23350.0000,31.8000,30.6500,-1.1500,-3.6163522012578616352201257900,45.2500,47.0500,1.8000,3.977900552486187845303867400,Other,Other,False,False,False,0,-1,False,Other,Other,Other,Other,Other,A,B,Other,B,Other
2026-09-22,2026-09-22,0,605,596,605,13:11:07.000,13:16:42.000,335,29900,23350.3000,23362.0000,11.7000,0.050106422615555260531984600,23350.0000,30.9500,31.1000,0.1500,0.4846526655896607431340872400,46.5500,46.6500,0.1000,0.2148227712137486573576799100,Other,Other,False,False,False,0,-1,False,Other,Other,Other,Other,A,B,Other,B,Other,A
2026-09-22,2026-09-22,0,606,597,606,13:11:44.000,13:17:18.000,334,29835,23350.1000,23345.4000,-4.7000,-0.0201283934544177540995541800,23350.0000,31.1500,29.5000,-1.6500,-5.2969502407704654895666131600,46.5500,48.4000,1.8500,3.9742212674543501611170784100,Other,Other,False,False,False,0,-1,False,Other,Other,Other,A,B,Other,B,Other,A,Other
2026-09-22,2026-09-22,0,607,598,607,13:11:59.000,13:17:54.000,355,28145,23349.1000,23345.2000,-3.9000,-0.016702999259072084148853700,23350.0000,30.6000,27.9000,-2.7000,-8.823529411764705882352941180,47.1500,50.5000,3.3500,7.1049840933191940615058324500,Other,Other,False,False,False,0,-1,False,Other,Other,A,B,Other,B,Other,A,Other,Other
2026-09-22,2026-09-22,0,608,599,608,13:12:50.000,13:18:37.000,347,28275,23361.0000,23341.0000,-20.0000,-0.0856127734257951286331920700,23350.0000,31.8000,26.9500,-4.8500,-15.251572327044025157232704400,46.0000,51.5000,5.5000,11.956521739130434782608695650,Other,Other,False,False,False,0,-1,False,Other,A,B,Other,B,Other,A,Other,Other,Other
2026-09-22,2026-09-22,0,609,600,609,13:13:32.000,13:19:37.000,365,28015,23348.9000,23355.8000,6.9000,0.0295517133569461516388352300,23350.0000,30.9500,29.4000,-1.5500,-5.0080775444264943457189014500,47.3000,48.7000,1.4000,2.9598308668076109936575052900,A,Other,True,False,False,1,65,False,A,B,Other,B,Other,A,Other,Other,Other,Other
2026-09-22,2026-09-22,0,610,601,610,13:14:00.000,13:20:30.000,390,27885,23359.9000,23352.8000,-7.1000,-0.030393965727593011956386800,23350.0000,30.7000,27.3000,-3.4000,-11.074918566775244299674267100,47.6000,51.7000,4.1000,8.613445378151260504201680670,Other,A,False,False,True,0,-1,False,B,Other,B,Other,A,Other,Other,Other,Other,Other
2026-09-22,2026-09-22,0,611,602,611,13:14:52.000,13:21:05.000,373,27690,23351.3000,23340.1000,-11.2000,-0.0479630684373032764771126200,23350.0000,32.3500,27.4000,-4.9500,-15.301391035548686244204018550,45.3000,51.6500,6.3500,14.017660044150110375275938190,Other,Other,False,False,False,0,-1,False,Other,B,Other,A,Other,Other,Other,Other,Other,Other
2026-09-22,2026-09-22,0,612,603,612,13:15:29.000,13:22:09.000,400,27755,23352.1000,23340.0000,-12.1000,-0.0518154684161167518124708300,23350.0000,33.2500,27.1000,-6.1500,-18.496240601503759398496240600,44.1500,51.8000,7.6500,17.327293318233295583238958100,Other,Other,False,False,False,0,-1,False,B,Other,A,Other,Other,Other,Other,Other,Other,Other
2026-09-22,2026-09-22,0,613,604,613,13:16:10.000,13:22:58.000,408,28080,23351.0000,23348.0000,-3.0000,-0.0128474155282429018029206500,23350.0000,31.4500,26.5500,-4.9000,-15.580286168521462639109697930,46.2500,51.7500,5.5000,11.891891891891891891891891890,Other,Other,False,False,False,0,-1,False,Other,A,Other,Other,Other,Other,Other,Other,Other,Other
2026-09-22,2026-09-22,0,614,605,614,13:16:26.000,13:23:59.000,453,27950,23348.9000,23340.5000,-8.4000,-0.0359759988693257498211907200,23350.0000,30.6500,27.4000,-3.2500,-10.603588907014681892332789560,47.0500,50.3500,3.3000,7.0138150903294367693942614200,Other,Other,False,False,False,0,-1,False,A,Other,Other,Other,Other,Other,Other,Other,Other,B
2026-09-22,2026-09-22,0,615,606,615,13:16:42.000,13:24:46.000,484,28145,23362.0000,23349.0000,-13.0000,-0.0556459207259652427018234700,23350.0000,31.1000,28.5500,-2.5500,-8.199356913183279742765273310,46.6500,48.6500,2.0000,4.2872454448017148981779206900,Other,Other,False,False,False,0,-1,False,Other,Other,Other,Other,Other,Other,Other,Other,B,Other
2026-09-22,2026-09-22,0,616,607,616,13:17:18.000,13:25:32.000,494,28145,23345.4000,23350.0000,4.6000,0.0197040958818439606946122100,23350.0000,29.5000,28.6500,-0.8500,-2.8813559322033898305084745800,48.4000,49.3500,0.9500,1.9628099173553719008264462800,A,Other,True,False,False,1,66,False,Other,Other,Other,Other,Other,Other,Other,B,Other,Other
2026-09-22,2026-09-22,0,617,608,617,13:17:54.000,13:26:38.000,524,28600,23345.2000,23349.0000,3.8000,0.016277436046810479241985500,23350.0000,27.9000,28.1500,0.2500,0.8960573476702508960573476700,50.5000,50.1500,-0.3500,-0.6930693069306930693069306900,Other,A,False,False,True,0,-1,False,Other,Other,Other,Other,Other,Other,B,Other,Other,Other
2026-09-22,2026-09-22,0,618,609,618,13:18:37.000,13:27:00.000,503,29055,23341.0000,23349.8000,8.8000,0.0377018979478171457949530900,23350.0000,26.9500,27.5500,0.6000,2.2263450834879406307977736500,51.5000,50.5000,-1.0000,-1.9417475728155339805825242700,Other,Other,False,False,False,0,-1,False,Other,Other,Other,Other,Other,B,Other,Other,Other,A
2026-09-22,2026-09-22,0,619,610,619,13:19:37.000,13:28:20.000,523,29055,23355.8000,23349.9000,-5.9000,-0.0252613911747831373791520700,23350.0000,29.4000,30.5500,1.1500,3.9115646258503401360544217700,48.7000,46.2500,-2.4500,-5.0308008213552361396303901400,B,Other,True,False,False,1,67,False,Other,Other,Other,Other,B,Other,Other,Other,A,Other
2026-09-22,2026-09-22,0,620,611,620,13:20:30.000,13:29:18.000,528,29055,23352.8000,23349.9000,-2.9000,-0.0124182110924600047959987700,23350.0000,27.3000,30.4000,3.1000,11.355311355311355311355311360,51.7000,47.7000,-4.0000,-7.7369439071566731141199226300,B,B,False,True,False,2,67,False,Other,Other,Other,B,Other,Other,Other,A,Other,Other
2026-09-22,2026-09-22,0,621,612,621,13:21:05.000,13:30:13.000,548,29185,23340.1000,23348.0000,7.9000,0.0338473271322744975385709600,23350.0000,27.4000,31.0500,3.6500,13.321167883211678832116788320,51.6500,47.5500,-4.1000,-7.938044530493707647628267180,Other,B,False,False,True,0,-1,False,Other,Other,B,Other,Other,Other,A,Other,Other,B
2026-09-22,2026-09-22,0,622,613,622,13:22:09.000,13:31:32.000,563,29185,23340.0000,23350.0000,10.0000,0.0428449014567266495287060800,23350.0000,27.1000,31.8500,4.7500,17.527675276752767527675276750,51.8000,46.5000,-5.3000,-10.231660231660231660231660230,Other,Other,False,False,False,0,-1,False,Other,B,Other,Other,Other,A,Other,Other,B,Other
2026-09-22,2026-09-22,0,623,614,623,13:22:58.000,13:32:38.000,580,28860,23348.0000,23353.0000,5.0000,0.0214151105019701901661812600,23350.0000,26.5500,32.9500,6.4000,24.105461393596986817325800380,51.7500,45.1500,-6.6000,-12.753623188405797101449275360,Other,Other,False,False,False,0,-1,False,B,Other,Other,Other,A,Other,Other,B,Other,Other
2026-09-22,2026-09-22,0,624,615,624,13:23:59.000,13:33:36.000,577,28340,23340.5000,23362.9000,22.4000,0.0959705233392600844026477600,23350.0000,27.4000,33.7500,6.3500,23.175182481751824817518248180,50.3500,44.9000,-5.4500,-10.824230387288977159880834160,Other,Other,False,False,False,0,-1,False,Other,Other,Other,A,Other,Other,B,Other,Other,Other
2026-09-22,2026-09-22,0,625,616,625,13:24:46.000,13:35:03.000,617,29835,23349.0000,23351.2000,2.2000,0.009422245064028438048738700,23350.0000,28.5500,32.1000,3.5500,12.434325744308231173380035030,48.6500,46.5500,-2.1000,-4.3165467625899280575539568300,Other,Other,False,False,False,0,-1,False,Other,Other,A,Other,Other,B,Other,Other,Other,B
2026-09-22,2026-09-22,0,626,617,626,13:25:32.000,13:35:51.000,619,29900,23350.0000,23352.3000,2.3000,0.0098501070663811563169164900,23350.0000,28.6500,33.7000,5.0500,17.626527050610820244328097730,49.3500,45.1500,-4.2000,-8.510638297872340425531914890,Other,Other,False,False,False,0,-1,False,Other,A,Other,Other,B,Other,Other,Other,B,A
2026-09-22,2026-09-22,0,627,618,627,13:26:38.000,13:38:27.000,709,29640,23349.0000,23362.9000,13.9000,0.0595314574499978585806672700,23350.0000,28.1500,33.7500,5.6000,19.893428063943161634103019540,50.1500,44.9000,-5.2500,-10.468594217347956131605184450,Other,Other,False,False,False,0,-1,False,A,Other,Other,B,Other,Other,Other,B,A,Other
2026-09-22,2026-09-22,0,628,619,628,13:27:00.000,13:38:52.000,712,28925,23349.8000,23362.9000,13.1000,0.0561032642677881609264319200,23350.0000,27.5500,32.4000,4.8500,17.604355716878402903811252270,50.5000,45.9500,-4.5500,-9.009900990099009900990099010,Other,Other,False,False,False,0,-1,False,Other,Other,B,Other,Other,Other,B,A,Other,Other
2026-09-22,2026-09-22,0,629,620,629,13:28:20.000,13:40:43.000,743,29575,23349.9000,23353.1000,3.2000,0.013704555479894988843635300,23350.0000,30.5500,34.0000,3.4500,11.292962356792144026186579380,46.2500,45.1500,-1.1000,-2.3783783783783783783783783800,Other,Other,False,False,False,0,-1,False,Other,B,Other,Other,Other,B,A,Other,Other,B
2026-09-22,2026-09-22,0,630,621,630,13:29:18.000,13:41:42.000,744,29250,23349.9000,23352.6000,2.7000,0.0115632186861613968368172900,23350.0000,30.4000,33.2500,2.8500,9.37500,47.7000,45.6500,-2.0500,-4.2976939203354297693920335400,Other,Other,False,False,False,0,-1,False,B,Other,Other,Other,B,A,Other,Other,B,B
2026-09-22,2026-09-22,0,631,622,631,13:30:13.000,13:42:24.000,731,29250,23348.0000,23365.0000,17.0000,0.0728113757066986465650162800,23350.0000,31.0500,37.7000,6.6500,21.417069243156199677938808370,47.5500,41.6500,-5.9000,-12.407991587802313354363827550,Other,Other,False,False,False,0,-1,False,Other,Other,Other,B,A,Other,Other,B,B,Other
2026-09-22,2026-09-22,0,632,623,632,13:31:32.000,13:42:32.000,660,29380,23350.0000,23359.9000,9.9000,0.0423982869379014989293361900,23350.0000,31.8500,37.9000,6.0500,18.995290423861852433281004710,46.5000,41.7500,-4.7500,-10.215053763440860215053763440,Other,Other,False,False,False,0,-1,False,Other,Other,B,A,Other,Other,B,B,Other,B
2026-09-22,2026-09-22,0,633,624,633,13:32:38.000,13:43:01.000,623,30030,23353.0000,23368.1000,15.1000,0.06465978675116687363507900,23350.0000,32.9500,35.4500,2.5000,7.5872534142640364188163884700,45.1500,43.7000,-1.4500,-3.2115171650055370985603543700,Other,Other,False,False,False,0,-1,False,Other,B,A,Other,Other,B,B,Other,B,Other
2026-09-22,2026-09-22,0,634,625,634,13:33:36.000,13:43:48.000,612,30680,23362.9000,23355.1000,-7.8000,-0.0333862662597537120819761200,23350.0000,33.7500,36.0500,2.3000,6.8148148148148148148148148100,44.9000,43.7000,-1.2000,-2.6726057906458797327394209400,B,Other,True,False,False,1,68,False,B,A,Other,Other,B,B,Other,B,Other,Other
2026-09-22,2026-09-22,0,635,626,635,13:35:03.000,13:44:41.000,578,29120,23351.2000,23351.0000,-0.2000,-0.0008564870327863236150604700,23350.0000,32.1000,33.0500,0.9500,2.95950155763239875389408100,46.5500,47.3000,0.7500,1.6111707841031149301825993600,Other,B,False,False,True,0,-1,False,A,Other,Other,B,B,Other,B,Other,Other,Other
2026-09-22,2026-09-22,0,636,627,636,13:35:51.000,13:45:04.000,553,29120,23352.3000,23344.5000,-7.8000,-0.0334014208450559473799154700,23350.0000,33.7000,29.7000,-4.0000,-11.869436201780415430267062310,45.1500,50.7000,5.5500,12.292358803986710963455149500,Other,Other,False,False,False,0,-1,False,Other,Other,B,B,Other,B,Other,Other,Other,Other
2026-09-22,2026-09-22,0,637,628,637,13:38:27.000,13:45:55.000,448,29510,23362.9000,23351.9000,-11.0000,-0.0470831960073449785771458200,23350.0000,33.7500,29.2000,-4.5500,-13.481481481481481481481481480,44.9000,51.1000,6.2000,13.808463251670378619153674830,Other,Other,False,False,False,0,-1,False,Other,B,B,Other,B,Other,Other,Other,Other,A
2026-09-22,2026-09-22,0,638,629,638,13:38:52.000,13:46:33.000,461,29445,23362.9000,23354.4000,-8.5000,-0.0363824696420393016277944900,23350.0000,32.4000,29.0000,-3.4000,-10.493827160493827160493827160,45.9500,51.7500,5.8000,12.622415669205658324265505980,Other,Other,False,False,False,0,-1,False,B,B,Other,B,Other,Other,Other,Other,A,A
2026-09-22,2026-09-22,0,639,630,639,13:40:43.000,13:47:52.000,429,29120,23353.1000,23348.0000,-5.1000,-0.0218386424072178854199228400,23350.0000,34.0000,29.4000,-4.6000,-13.529411764705882352941176470,45.1500,51.8000,6.6500,14.728682170542635658914728680,Other,Other,False,False,False,0,-1,False,B,Other,B,Other,Other,Other,Other,A,A,Other
2026-09-22,2026-09-22,0,640,631,640,13:41:42.000,13:48:25.000,403,29250,23352.6000,23337.4000,-15.2000,-0.0650891121331243630259585700,23350.0000,33.2500,26.6500,-6.6000,-19.849624060150375939849624060,45.6500,54.7000,9.0500,19.824753559693318729463307780,Other,Other,False,False,False,0,-1,False,Other,B,Other,Other,Other,Other,A,A,Other,Other
2026-09-22,2026-09-22,0,641,632,641,13:42:24.000,13:49:00.000,396,33735,23365.0000,23332.9000,-32.1000,-0.1373849775304943291247592600,23350.0000,37.7000,24.4000,-13.3000,-35.278514588859416445623342180,41.6500,59.4500,17.8000,42.737094837935174069627851140,Other,Other,False,False,False,0,-1,False,B,Other,Other,Other,Other,A,A,Other,Other,Other
2026-09-22,2026-09-22,0,642,633,642,13:42:32.000,13:49:00.000,388,35880,23359.9000,23332.9000,-27.0000,-0.1155826865697199046228793800,23350.0000,37.9000,24.4000,-13.5000,-35.620052770448548812664907650,41.7500,59.4500,17.7000,42.395209580838323353293413170,Other,Other,False,False,False,0,-1,False,Other,Other,Other,Other,A,A,Other,Other,Other,Other
2026-09-22,2026-09-22,0,643,634,643,13:43:01.000,13:49:02.000,361,38415,23368.1000,23330.0000,-38.1000,-0.1630427805427056542893945200,23350.0000,35.4500,23.9000,-11.5500,-32.581100141043723554301833570,43.7000,59.8000,16.1000,36.842105263157894736842105260,Other,Other,False,False,False,0,-1,False,Other,Other,Other,A,A,Other,Other,Other,Other,Other
2026-09-22,2026-09-22,0,644,635,644,13:43:48.000,13:49:02.000,314,38350,23355.1000,23330.0000,-25.1000,-0.1074711733197460083664809800,23350.0000,36.0500,23.9000,-12.1500,-33.70319001386962552011095700,43.7000,59.8000,16.1000,36.842105263157894736842105260,Other,Other,False,False,False,0,-1,False,Other,Other,A,A,Other,Other,Other,Other,Other,Other
2026-09-22,2026-09-22,0,645,636,645,13:44:41.000,13:49:05.000,264,39065,23351.0000,23328.0000,-23.0000,-0.0984968523831955804890582800,23350.0000,33.0500,24.1500,-8.9000,-26.928895612708018154311649020,47.3000,59.5000,12.2000,25.792811839323467230443974630,Other,Other,False,False,False,0,-1,False,Other,A,A,Other,Other,Other,Other,Other,Other,Other
2026-09-22,2026-09-22,0,646,637,646,13:45:04.000,13:49:56.000,292,39000,23344.5000,23332.2000,-12.3000,-0.0526890702306753196684443900,23350.0000,29.7000,26.6000,-3.1000,-10.437710437710437710437710440,50.7000,56.0000,5.3000,10.453648915187376725838264300,Other,Other,False,False,False,0,-1,False,A,A,Other,Other,Other,Other,Other,Other,Other,Other
2026-09-22,2026-09-22,0,647,638,647,13:45:55.000,13:50:20.000,265,39000,23351.9000,23342.2000,-9.7000,-0.0415383758923256779962230100,23350.0000,29.2000,25.0000,-4.2000,-14.383561643835616438356164380,51.1000,59.1500,8.0500,15.753424657534246575342465750,Other,Other,False,False,False,0,-1,False,A,Other,Other,Other,Other,Other,Other,Other,Other,Other
2026-09-22,2026-09-22,0,648,639,648,13:46:33.000,13:50:43.000,250,39000,23354.4000,23330.0000,-24.4000,-0.1044771006748193059980132200,23350.0000,29.0000,25.5500,-3.4500,-11.896551724137931034482758620,51.7500,58.3000,6.5500,12.657004830917874396135265700,Other,Other,False,False,False,0,-1,False,Other,Other,Other,Other,Other,Other,Other,Other,Other,Other
2026-09-22,2026-09-22,0,649,640,649,13:47:52.000,13:51:09.000,197,38935,23348.0000,23330.0000,-18.0000,-0.0770943978070926845982525300,23350.0000,29.4000,25.0500,-4.3500,-14.795918367346938775510204080,51.8000,60.5000,8.7000,16.795366795366795366795366800,Other,Other,False,False,False,0,-1,False,Other,Other,Other,Other,Other,Other,Other,Other,Other,Other
2026-09-22,2026-09-22,0,650,641,650,13:48:25.000,13:51:43.000,198,42835,23337.4000,23322.1000,-15.3000,-0.0655600023995817871742353500,23300.0000,51.5000,46.8000,-4.7000,-9.126213592233009708737864080,29.6000,35.5000,5.9000,19.932432432432432432432432430,Other,Other,False,False,False,0,-1,False,Other,Other,Other,Other,Other,Other,Other,Other,Other,Other
2026-09-22,2026-09-22,0,651,642,651,13:49:00.000,13:51:43.000,163,39325,23332.9000,23322.1000,-10.8000,-0.0462865738935151652816409400,23300.0000,48.6000,46.8000,-1.8000,-3.703703703703703703703703700,32.0000,35.5000,3.5000,10.937500,Other,Other,False,False,False,0,-1,False,Other,Other,Other,Other,Other,Other,Other,Other,Other,Other
2026-09-22,2026-09-22,0,652,643,652,13:49:01.000,13:52:02.000,181,38350,23331.1000,23331.2000,0.1000,0.0004286124529062067369305300,23350.0000,24.0500,24.9500,0.9000,3.7422037422037422037422037400,59.4500,62.0000,2.5500,4.2893187552565180824222035300,Other,Other,False,False,False,0,-1,False,Other,Other,Other,Other,Other,Other,Other,Other,Other,Other
2026-09-22,2026-09-22,0,653,644,653,13:49:02.000,13:52:35.000,213,35295,23330.0000,23331.0000,1.0000,0.0042863266180882983283326200,23350.0000,23.9000,25.9000,2.0000,8.368200836820083682008368200,59.8000,59.9000,0.1000,0.1672240802675585284280936500,Other,Other,False,False,False,0,-1,False,Other,Other,Other,Other,Other,Other,Other,Other,Other,B
2026-09-22,2026-09-22,0,654,645,654,13:49:04.000,13:52:40.000,216,38350,23330.0000,23322.6000,-7.4000,-0.0317188169738534076296613800,23300.0000,46.4500,48.2000,1.7500,3.7674919268030139935414424100,33.6000,35.4000,1.8000,5.3571428571428571428571428600,Other,Other,False,False,False,0,-1,False,Other,Other,Other,Other,Other,Other,Other,Other,B,Other
2026-09-22,2026-09-22,0,655,646,655,13:49:05.000,13:52:40.000,215,38545,23328.0000,23322.6000,-5.4000,-0.0231481481481481481481481500,23300.0000,47.3000,48.2000,0.9000,1.9027484143763213530655391100,33.1000,35.4000,2.3000,6.9486404833836858006042296100,Other,Other,False,False,False,0,-1,False,Other,Other,Other,Other,Other,Other,Other,B,Other,Other
2026-09-22,2026-09-22,0,656,647,656,13:49:56.000,13:53:38.000,222,38675,23332.2000,23329.2000,-3.0000,-0.0128577673772726103839329300,23350.0000,26.6000,25.3000,-1.3000,-4.8872180451127819548872180500,56.0000,61.8000,5.8000,10.357142857142857142857142860,Other,Other,False,False,False,0,-1,False,Other,Other,Other,Other,Other,Other,B,Other,Other,Other
2026-09-22,2026-09-22,0,657,648,657,13:50:20.000,13:53:50.000,210,45240,23342.2000,23317.1000,-25.1000,-0.1075305669559852970157054600,23300.0000,48.2000,43.4000,-4.8000,-9.958506224066390041493775930,33.0000,40.1500,7.1500,21.666666666666666666666666670,Other,Other,False,False,False,0,-1,False,Other,Other,Other,Other,Other,B,Other,Other,Other,Other
2026-09-22,2026-09-22,0,658,649,658,13:50:43.000,13:53:50.000,187,49855,23330.0000,23317.1000,-12.9000,-0.0552936133733390484354907800,23300.0000,49.4000,43.4000,-6.0000,-12.145748987854251012145748990,32.3500,40.1500,7.8000,24.111282843894899536321483770,Other,Other,False,False,False,0,-1,False,Other,Other,Other,Other,B,Other,Other,Other,Other,Other
2026-09-22,2026-09-22,0,659,650,659,13:51:09.000,13:53:51.000,162,51610,23330.0000,23317.2000,-12.8000,-0.0548649807115302186026575200,23300.0000,48.2500,41.9000,-6.3500,-13.160621761658031088082901550,33.8500,42.1000,8.2500,24.372230428360413589364844900,Other,Other,False,False,False,0,-1,False,Other,Other,Other,B,Other,Other,Other,Other,Other,Other
2026-09-22,2026-09-22,0,660,651,660,13:51:43.000,13:53:52.000,129,48945,23322.1000,23314.2000,-7.9000,-0.0338734505040283679428524900,23300.0000,46.8000,42.5500,-4.2500,-9.081196581196581196581196580,35.5000,41.7000,6.2000,17.464788732394366197183098590,Other,Other,False,False,False,0,-1,False,Other,Other,B,Other,Other,Other,Other,Other,Other,B
2026-09-22,2026-09-22,0,661,652,661,13:51:43.000,13:54:02.000,139,47775,23322.2000,23315.0000,-7.2000,-0.0308718731509034310656799100,23300.0000,46.8000,42.3000,-4.5000,-9.615384615384615384615384620,35.5000,41.1500,5.6500,15.915492957746478873239436620,Other,Other,False,False,False,0,-1,False,Other,B,Other,Other,Other,Other,Other,Other,B,Other
2026-09-22,2026-09-22,0,662,653,662,13:52:02.000,13:54:11.000,129,48100,23331.2000,23309.5000,-21.7000,-0.0930085036346180222191743200,23300.0000,47.6500,39.2500,-8.4000,-17.628541448058761804826862540,34.8500,45.4500,10.6000,30.416068866571018651362984220,Other,Other,False,False,False,0,-1,False,B,Other,Other,Other,Other,Other,Other,B,Other,Other
2026-09-22,2026-09-22,0,663,654,663,13:52:35.000,13:54:15.000,100,48425,23331.0000,23305.0000,-26.0000,-0.1114397154001114397154001100,23300.0000,49.3000,39.1500,-10.1500,-20.588235294117647058823529410,33.5500,44.6500,11.1000,33.084947839046199701937406860,Other,Other,False,False,False,0,-1,False,Other,Other,Other,Other,Other,Other,B,Other,Other,Other
2026-09-22,2026-09-22,0,664,655,664,13:52:40.000,13:54:35.000,115,44785,23322.6000,23319.8000,-2.8000,-0.0120055225403685695419893200,23300.0000,48.2000,42.5000,-5.7000,-11.825726141078838174273858920,35.4000,40.6000,5.2000,14.689265536723163841807909600,Other,Other,False,False,False,0,-1,False,Other,Other,Other,Other,Other,B,Other,Other,Other,Other
2026-09-22,2026-09-22,0,665,656,665,13:52:41.000,13:54:47.000,126,46215,23322.6000,23310.0000,-12.6000,-0.0540248514316585629389519200,23300.0000,49.0000,42.0000,-7.0000,-14.285714285714285714285714290,34.3500,41.5000,7.1500,20.815138282387190684133915570,Other,Other,False,False,False,0,-1,False,Other,Other,Other,Other,B,Other,Other,Other,Other,B
2026-09-22,2026-09-22,0,666,657,666,13:53:38.000,13:54:48.000,70,49205,23329.2000,23307.5000,-21.7000,-0.0930164772045333744834799300,23300.0000,48.7000,41.9000,-6.8000,-13.963039014373716632443531830,34.7500,41.6500,6.9000,19.856115107913669064748201440,Other,Other,False,False,False,0,-1,False,Other,Other,Other,B,Other,Other,Other,Other,B,Other
2026-09-22,2026-09-22,0,667,658,667,13:53:50.000,13:54:48.000,58,42510,23317.1000,23307.5000,-9.6000,-0.04117150074408910198952700,23300.0000,43.4000,41.9000,-1.5000,-3.4562211981566820276497695900,40.1500,41.6500,1.5000,3.7359900373599003735990037400,Other,Other,False,False,False,0,-1,False,Other,Other,B,Other,Other,Other,Other,B,Other,Other
2026-09-22,2026-09-22,0,668,659,668,13:53:51.000,13:55:25.000,94,38415,23317.2000,23320.0000,2.8000,0.0120083028837081639304890800,23300.0000,41.9000,46.7000,4.8000,11.455847255369928400954653940,42.1000,36.1500,-5.9500,-14.133016627078384798099762470,Other,Other,False,False,False,0,-1,False,Other,B,Other,Other,Other,Other,B,Other,Other,Other
2026-09-22,2026-09-22,0,669,660,669,13:53:51.000,13:55:53.000,122,36400,23317.2000,23324.0000,6.8000,0.0291630212890055409740449100,23300.0000,41.9000,42.1500,0.2500,0.5966587112171837708830548900,42.1000,40.4500,-1.6500,-3.9192399049881235154394299300,Other,Other,False,False,False,0,-1,False,B,Other,Other,Other,Other,B,Other,Other,Other,Other
2026-09-22,2026-09-22,0,670,661,670,13:53:52.000,13:56:08.000,136,35360,23314.2000,23321.7000,7.5000,0.0321692359163085158401317700,23300.0000,42.5500,41.1000,-1.4500,-3.4077555816686251468860164500,41.7000,42.7000,1.0000,2.3980815347721822541966426900,A,Other,True,False,False,1,69,False,Other,Other,Other,Other,B,Other,Other,Other,Other,Other
2026-09-22,2026-09-22,0,671,662,671,13:54:02.000,13:56:48.000,166,35100,23315.0000,23320.0000,5.0000,0.0214454214025305597254986100,23300.0000,42.3000,41.4500,-0.8500,-2.0094562647754137115839243500,41.1500,41.9000,0.7500,1.8226002430133657351154313500,A,A,False,True,False,2,69,False,Other,Other,Other,B,Other,Other,Other,Other,Other,Other
2026-09-22,2026-09-22,0,672,663,672,13:54:11.000,13:57:11.000,180,33735,23309.5000,23317.4000,7.9000,0.0338917608700315322078980700,23300.0000,39.2500,40.6000,1.3500,3.4394904458598726114649681500,45.4500,43.0000,-2.4500,-5.3905390539053905390539053900,Other,A,False,False,True,0,-1,False,Other,Other,B,Other,Other,Other,Other,Other,Other,Other
2026-09-22,2026-09-22,0,673,664,673,13:54:15.000,13:57:52.000,217,33670,23305.0000,23312.0000,7.0000,0.0300364728599013087320317500,23300.0000,39.1500,40.8000,1.6500,4.2145593869731800766283524900,44.6500,42.6500,-2.0000,-4.479283314669652855543113100,Other,Other,False,False,False,0,-1,False,Other,B,Other,Other,Other,Other,Other,Other,Other,B
2026-09-22,2026-09-22,0,674,665,674,13:54:35.000,13:58:27.000,232,33995,23319.8000,23311.5000,-8.3000,-0.0355920719731730117754011600,23300.0000,42.5000,40.9500,-1.5500,-3.6470588235294117647058823500,40.6000,42.6500,2.0500,5.049261083743842364532019700,Other,Other,False,False,False,0,-1,False,B,Other,Other,Other,Other,Other,Other,Other,B,Other
2026-09-22,2026-09-22,0,675,666,675,13:54:47.000,13:59:20.000,273,31785,23310.0000,23305.0000,-5.0000,-0.0214500214500214500214500200,23300.0000,42.0000,40.3500,-1.6500,-3.9285714285714285714285714300,41.5000,44.1500,2.6500,6.3855421686746987951807228900,Other,Other,False,False,False,0,-1,False,Other,Other,Other,Other,Other,Other,Other,B,Other,B
2026-09-22,2026-09-22,0,676,667,676,13:54:48.000,14:00:00.000,312,30030,23307.5000,23315.9000,8.4000,0.0360399013193178161535986300,23300.0000,41.9000,40.2000,-1.7000,-4.0572792362768496420047732700,41.6500,44.4000,2.7500,6.6026410564225690276110444200,A,Other,True,False,False,1,70,False,Other,Other,Other,Other,Other,Other,B,Other,B,A
2026-09-22,2026-09-22,0,677,668,677,13:54:50.000,14:00:08.000,318,29770,23307.5000,23303.4000,-4.1000,-0.0175909042153813150273517100,23300.0000,41.6500,37.5500,-4.1000,-9.843937575030012004801920770,41.6000,49.7000,8.1000,19.471153846153846153846153850,Other,A,False,False,True,0,-1,False,Other,Other,Other,Other,Other,B,Other,B,A,Other
2026-09-22,2026-09-22,0,678,669,678,13:55:25.000,14:00:13.000,288,29575,23320.0000,23301.0000,-19.0000,-0.0814751286449399656946826800,23300.0000,46.7000,36.8000,-9.9000,-21.199143468950749464668094220,36.1500,49.5000,13.3500,36.929460580912863070539419090,Other,Other,False,False,False,0,-1,False,Other,Other,Other,Other,B,Other,B,A,Other,Other
2026-09-22,2026-09-22,0,679,670,679,13:55:53.000,14:00:18.000,265,32630,23324.0000,23303.3000,-20.7000,-0.0887497856285371291373692300,23300.0000,42.1500,35.9500,-6.2000,-14.709371293001186239620403320,40.4500,51.5500,11.1000,27.441285537700865265760197780,Other,Other,False,False,False,0,-1,False,Other,Other,Other,B,Other,B,A,Other,Other,A
2026-09-22,2026-09-22,0,680,671,680,13:56:08.000,14:00:18.000,250,32760,23321.7000,23303.3000,-18.4000,-0.0788964783870815592345326500,23300.0000,41.1000,35.9500,-5.1500,-12.530413625304136253041362530,42.7000,51.5500,8.8500,20.725995316159250585480093680,Other,Other,False,False,False,0,-1,False,Other,Other,B,Other,B,A,Other,Other,A,Other
2026-09-22,2026-09-22,0,681,672,681,13:56:48.000,14:00:25.000,217,33150,23320.0000,23300.0000,-20.0000,-0.085763293310463121783876500,23300.0000,41.4500,36.2000,-5.2500,-12.665862484921592279855247290,41.9000,51.3000,9.4000,22.434367541766109785202863960,Other,Other,False,False,False,0,-1,False,Other,B,Other,B,A,Other,Other,A,Other,Other
2026-09-22,2026-09-22,0,682,673,682,13:57:11.000,14:00:26.000,195,35490,23317.4000,23297.0000,-20.4000,-0.0874883134483261427088783500,23300.0000,40.6000,36.2000,-4.4000,-10.837438423645320197044334980,43.0000,51.3000,8.3000,19.302325581395348837209302330,Other,Other,False,False,False,0,-1,False,B,Other,B,A,Other,Other,A,Other,Other,Other
2026-09-22,2026-09-22,0,683,674,683,13:57:52.000,14:00:26.000,154,35165,23312.0000,23297.0000,-15.0000,-0.0643445435827041866849691100,23300.0000,40.8000,36.2000,-4.6000,-11.274509803921568627450980390,42.6500,51.3000,8.6500,20.281359906213364595545134820,Other,Other,False,False,False,0,-1,False,Other,B,A,Other,Other,A,Other,Other,Other,Other
2026-09-22,2026-09-22,0,684,675,684,13:58:27.000,14:00:35.000,128,36465,23311.5000,23294.9000,-16.6000,-0.0712094888788795229822190800,23300.0000,40.9500,34.8500,-6.1000,-14.896214896214896214896214900,42.6500,52.8000,10.1500,23.798358733880422039859320050,Other,Other,False,False,False,0,-1,False,B,A,Other,Other,A,Other,Other,Other,Other,Other
2026-09-22,2026-09-22,0,685,676,685,13:59:20.000,14:00:38.000,78,37050,23305.0000,23287.0000,-18.0000,-0.0772366444968890795966530800,23300.0000,40.3500,34.1000,-6.2500,-15.489467162329615861214374230,44.1500,53.4500,9.3000,21.064552661381653454133635330,Other,Other,False,False,False,0,-1,False,A,Other,Other,A,Other,Other,Other,Other,Other,Other
2026-09-22,2026-09-22,0,686,677,686,14:00:00.000,14:01:01.000,61,35815,23315.9000,23296.0000,-19.9000,-0.085349482541956347385260700,23300.0000,40.2000,34.6000,-5.6000,-13.930348258706467661691542290,44.4000,53.5000,9.1000,20.495495495495495495495495500,Other,Other,False,False,False,0,-1,False,Other,Other,A,Other,Other,Other,Other,Other,Other,Other
2026-09-22,2026-09-22,0,687,678,687,14:00:08.000,14:01:16.000,68,36465,23303.4000,23292.5000,-10.9000,-0.046774290446887578636593800,23300.0000,37.5500,36.9000,-0.6500,-1.7310252996005326231691078600,49.7000,48.6500,-1.0500,-2.1126760563380281690140845100,Other,Other,False,False,False,0,-1,False,Other,A,Other,Other,Other,Other,Other,Other,Other,B
2026-09-22,2026-09-22,0,688,679,688,14:00:13.000,14:01:46.000,93,36400,23301.0000,23299.0000,-2.0000,-0.008583322604180078108235700,23300.0000,36.8000,36.2000,-0.6000,-1.6304347826086956521739130400,49.5000,50.1500,0.6500,1.3131313131313131313131313100,Other,Other,False,False,False,0,-1,False,A,Other,Other,Other,Other,Other,Other,Other,B,Other
2026-09-22,2026-09-22,0,689,680,689,14:00:18.000,14:02:31.000,133,33410,23303.3000,23305.0000,1.7000,0.0072951041268833169551093600,23300.0000,35.9500,36.6500,0.7000,1.9471488178025034770514603600,51.5500,49.7000,-1.8500,-3.5887487875848690591658583900,Other,Other,False,False,False,0,-1,False,Other,Other,Other,Other,Other,Other,Other,B,Other,Other
2026-09-22,2026-09-22,0,690,681,690,14:00:19.000,14:03:27.000,188,33020,23300.0000,23300.0000,0.0000,0,23300.0000,36.8500,37.5500,0.7000,1.8995929443690637720488466800,49.7000,48.8500,-0.8500,-1.710261569416498993963782700,Other,Other,False,False,False,0,-1,False,Other,Other,Other,Other,Other,Other,B,Other,Other,Other
2026-09-22,2026-09-22,0,691,682,691,14:00:25.000,14:04:17.000,232,33020,23300.0000,23310.0000,10.0000,0.0429184549356223175965665200,23300.0000,36.2000,38.1500,1.9500,5.3867403314917127071823204400,51.3000,48.1000,-3.2000,-6.2378167641325536062378167600,Other,Other,False,False,False,0,-1,False,Other,Other,Other,Other,Other,B,Other,Other,Other,Other
2026-09-22,2026-09-22,0,692,683,692,14:00:26.000,14:05:06.000,280,31135,23297.0000,23315.0000,18.0000,0.0772631669313645533759711600,23300.0000,36.2000,41.1500,4.9500,13.674033149171270718232044200,51.3000,43.3500,-7.9500,-15.497076023391812865497076020,Other,Other,False,False,False,0,-1,False,Other,Other,Other,Other,B,Other,Other,Other,Other,Other
2026-09-22,2026-09-22,0,693,684,693,14:00:27.000,14:05:34.000,307,31785,23300.0000,23304.6000,4.6000,0.019742489270386266094420600,23300.0000,36.0500,38.6000,2.5500,7.073509015256588072122052700,51.1500,46.8500,-4.3000,-8.406647116324535679374389050,Other,Other,False,False,False,0,-1,False,Other,Other,Other,B,Other,Other,Other,Other,Other,B
2026-09-22,2026-09-22,0,694,685,694,14:00:35.000,14:06:10.000,335,30160,23294.9000,23305.0000,10.1000,0.0433571296721600006868456200,23300.0000,34.8500,37.7000,2.8500,8.177905308464849354375896700,52.8000,48.8500,-3.9500,-7.4810606060606060606060606100,Other,Other,False,False,False,0,-1,False,Other,Other,B,Other,Other,Other,Other,Other,B,A
2026-09-22,2026-09-22,0,695,686,695,14:00:38.000,14:07:24.000,406,29640,23287.0000,23314.8000,27.8000,0.1193799115386267015931635700,23300.0000,34.1000,39.5500,5.4500,15.982404692082111436950146630,53.4500,47.5000,-5.9500,-11.131898971000935453695042100,Other,Other,False,False,False,0,-1,False,Other,B,Other,Other,Other,Other,Other,B,A,Other
2026-09-22,2026-09-22,0,696,687,696,14:01:01.000,14:08:05.000,424,32045,23296.0000,23300.0000,4.0000,0.0171703296703296703296703300,23300.0000,34.6000,39.0000,4.4000,12.716763005780346820809248550,53.5000,48.2000,-5.3000,-9.906542056074766355140186920,Other,Other,False,False,False,0,-1,False,B,Other,Other,Other,Other,Other,B,A,Other,Other
2026-09-22,2026-09-22,0,697,688,697,14:01:16.000,14:08:07.000,411,31265,23292.5000,23303.9000,11.4000,0.0489427927444456370076204800,23300.0000,36.9000,38.8500,1.9500,5.2845528455284552845528455300,48.6500,48.2500,-0.4000,-0.8221993833504624871531346400,Other,Other,False,False,False,0,-1,False,Other,Other,Other,Other,Other,B,A,Other,Other,A
2026-09-22,2026-09-22,0,698,689,698,14:01:46.000,14:08:46.000,420,31330,23299.0000,23315.0000,16.0000,0.0686724752135284776170651100,23300.0000,36.2000,40.2500,4.0500,11.187845303867403314917127070,50.1500,46.7000,-3.4500,-6.8793619142572283150548354900,Other,Other,False,False,False,0,-1,False,Other,Other,Other,Other,B,A,Other,Other,A,Other
2026-09-22,2026-09-22,0,699,690,699,14:02:31.000,14:09:18.000,407,31265,23305.0000,23303.5000,-1.5000,-0.0064363870414074232997210900,23300.0000,36.6500,40.8500,4.2000,11.459754433833560709413369710,49.7000,45.1000,-4.6000,-9.255533199195171026156941650,B,Other,True,False,False,1,71,False,Other,Other,Other,B,A,Other,Other,A,Other,B
2026-09-22,2026-09-22,0,700,691,700,14:03:27.000,14:09:47.000,380,31200,23300.0000,23315.0000,15.0000,0.0643776824034334763948497900,23300.0000,37.5500,43.4000,5.8500,15.579227696404793608521970710,48.8500,42.3500,-6.5000,-13.306038894575230296827021490,Other,B,False,False,True,0,-1,False,Other,Other,B,A,Other,Other,A,Other,B,Other
2026-09-22,2026-09-22,0,701,692,701,14:04:17.000,14:10:06.000,349,31395,23310.0000,23312.1000,2.1000,0.0090090090090090090090090100,23300.0000,38.1500,44.7000,6.5500,17.169069462647444298820445610,48.1000,40.8500,-7.2500,-15.072765072765072765072765070,Other,Other,False,False,False,0,-1,False,Other,B,A,Other,Other,A,Other,B,Other,B
2026-09-22,2026-09-22,0,702,693,702,14:05:06.000,14:10:37.000,331,30615,23315.0000,23320.2000,5.2000,0.0223032382586317821145185500,23300.0000,41.1500,47.5000,6.3500,15.431348724179829890643985420,43.3500,37.4500,-5.9000,-13.610149942329873125720876590,Other,Other,False,False,False,0,-1,False,B,A,Other,Other,A,Other,B,Other,B,Other
2026-09-22,2026-09-22,0,703,694,703,14:05:34.000,14:11:00.000,326,29965,23304.6000,23321.0000,16.4000,0.0703723728362640852020631100,23300.0000,38.6000,45.4000,6.8000,17.616580310880829015544041450,46.8500,39.7000,-7.1500,-15.261472785485592315901814300,Other,Other,False,False,False,0,-1,False,A,Other,Other,A,Other,B,Other,B,Other,Other
2026-09-22,2026-09-22,0,704,695,704,14:06:10.000,14:11:27.000,317,29965,23305.0000,23321.0000,16.0000,0.0686547951083458485303582900,23300.0000,37.7000,47.6000,9.9000,26.259946949602122015915119360,48.8500,38.1500,-10.7000,-21.903787103377686796315250770,Other,Other,False,False,False,0,-1,False,Other,Other,A,Other,B,Other,B,Other,Other,Other
2026-09-22,2026-09-22,0,705,696,705,14:07:24.000,14:11:52.000,268,29900,23314.8000,23327.6000,12.8000,0.054900749738363614528110900,23350.0000,20.8000,27.7000,6.9000,33.173076923076923076923076920,78.4500,61.3500,-17.1000,-21.797323135755258126195028680,Other,Other,False,False,False,0,-1,False,Other,A,Other,B,Other,B,Other,Other,Other,Other
2026-09-22,2026-09-22,0,706,697,706,14:08:05.000,14:12:23.000,258,27365,23300.0000,23327.0000,27.0000,0.1158798283261802575107296100,23350.0000,20.2000,26.6500,6.4500,31.930693069306930693069306930,79.6500,64.3500,-15.3000,-19.209039548022598870056497180,Other,Other,False,False,False,0,-1,False,A,Other,B,Other,B,Other,Other,Other,Other,B
2026-09-22,2026-09-22,0,707,698,707,14:08:07.000,14:12:53.000,286,27495,23303.9000,23329.4000,25.5000,0.1094237445234488647822896600,23350.0000,20.3500,30.1000,9.7500,47.911547911547911547911547910,79.2000,59.4500,-19.7500,-24.936868686868686868686868690,Other,Other,False,False,False,0,-1,False,Other,B,Other,B,Other,Other,Other,Other,B,Other
2026-09-22,2026-09-22,0,708,699,708,14:08:46.000,14:12:56.000,250,28145,23315.0000,23348.2000,33.2000,0.1423975981128029165773107400,23350.0000,21.2000,30.0000,8.8000,41.509433962264150943396226420,77.7000,59.7000,-18.0000,-23.166023166023166023166023170,Other,Other,False,False,False,0,-1,False,B,Other,B,Other,Other,Other,Other,B,Other,Other
2026-09-22,2026-09-22,0,709,700,709,14:09:18.000,14:13:08.000,230,28145,23303.5000,23345.0000,41.5000,0.1780848370416461046623897700,23350.0000,21.6500,33.6500,12.0000,55.427251732101616628175519630,75.4000,53.8500,-21.5500,-28.580901856763925729442970820,Other,Other,False,False,False,0,-1,False,Other,B,Other,Other,Other,Other,B,Other,Other,B
2026-09-22,2026-09-22,0,710,701,710,14:09:47.000,14:13:40.000,233,28145,23315.0000,23349.0000,34.0000,0.1458288655372078061333905200,23350.0000,23.0000,34.4000,11.4000,49.565217391304347826086956520,71.2500,54.6000,-16.6500,-23.368421052631578947368421050,Other,Other,False,False,False,0,-1,False,B,Other,Other,Other,Other,B,Other,Other,B,Other
2026-09-22,2026-09-22,0,711,702,711,14:10:06.000,14:14:01.000,235,39260,23312.1000,23339.1000,27.0000,0.1158196816245640675872186500,23350.0000,24.0000,34.6000,10.6000,44.166666666666666666666666670,69.6500,54.4500,-15.2000,-21.823402727925340990667623830,Other,Other,False,False,False,0,-1,False,Other,Other,Other,Other,B,Other,Other,B,Other,B
2026-09-22,2026-09-22,0,712,703,712,14:10:37.000,14:14:01.000,204,48360,23320.2000,23339.1000,18.9000,0.0810456171044845241464481400,23350.0000,25.5500,34.6000,9.0500,35.420743639921722113502935420,65.3500,54.4500,-10.9000,-16.679418515684774292272379500,Other,Other,False,False,False,0,-1,False,Other,Other,Other,B,Other,Other,B,Other,B,Other
2026-09-22,2026-09-22,0,713,704,713,14:11:00.000,14:14:02.000,182,54795,23321.0000,23339.0000,18.0000,0.0771836542172291068136014800,23350.0000,24.3000,35.0000,10.7000,44.032921810699588477366255140,68.1500,54.3000,-13.8500,-20.322817314746881878209831250,Other,Other,False,False,False,0,-1,False,Other,Other,B,Other,Other,B,Other,B,Other,Other
2026-09-22,2026-09-22,0,714,705,714,14:11:27.000,14:14:02.000,155,58695,23321.0000,23339.0000,18.0000,0.0771836542172291068136014800,23350.0000,25.9000,35.0000,9.1000,35.135135135135135135135135140,66.0500,54.3000,-11.7500,-17.789553368660105980317940950,Other,Other,False,False,False,0,-1,False,Other,B,Other,Other,B,Other,B,Other,Other,Other
2026-09-22,2026-09-22,0,715,706,715,14:11:52.000,14:14:03.000,131,60060,23327.6000,23350.0000,22.4000,0.0960235943689020730808141400,23350.0000,27.7000,34.2500,6.5500,23.646209386281588447653429600,61.3500,55.0500,-6.3000,-10.268948655256723716381418090,Other,Other,False,False,False,0,-1,False,B,Other,Other,B,Other,B,Other,Other,Other,Other
2026-09-22,2026-09-22,0,716,707,716,14:12:23.000,14:14:18.000,115,60190,23327.0000,23340.4000,13.4000,0.0574441634157842843057401300,23350.0000,26.6500,35.6500,9.0000,33.771106941838649155722326450,64.3500,53.5500,-10.8000,-16.783216783216783216783216780,Other,Other,False,False,False,0,-1,False,Other,Other,B,Other,B,Other,Other,Other,Other,B
2026-09-22,2026-09-22,0,717,708,717,14:12:53.000,14:14:34.000,101,60060,23329.4000,23360.0000,30.6000,0.1311649678088592076950114400,23350.0000,30.1000,40.0500,9.9500,33.056478405315614617940199340,59.4500,47.8000,-11.6500,-19.596299411269974768713204370,Other,Other,False,False,False,0,-1,False,Other,B,Other,B,Other,Other,Other,Other,B,Other
2026-09-22,2026-09-22,0,718,709,718,14:12:56.000,14:14:43.000,107,59215,23348.2000,23362.9000,14.7000,0.0629598855586297873069444300,23350.0000,30.0000,45.2000,15.2000,50.666666666666666666666666670,59.7000,45.8500,-13.8500,-23.199329983249581239530988270,Other,Other,False,False,False,0,-1,False,B,Other,B,Other,Other,Other,Other,B,Other,Other
2026-09-22,2026-09-22,0,719,710,719,14:13:08.000,14:14:49.000,101,59670,23345.0000,23365.1000,20.1000,0.0860998072392375240950953100,23350.0000,33.6500,47.4500,13.8000,41.010401188707280832095096580,53.8500,42.9000,-10.9500,-20.334261838440111420612813370,Other,Other,False,False,False,0,-1,False,Other,B,Other,Other,Other,Other,B,Other,Other,Other
2026-09-22,2026-09-22,0,720,711,720,14:13:40.000,14:14:51.000,71,60450,23349.0000,23377.2000,28.2000,0.1207760503661827058974688400,23400.0000,18.6000,27.6500,9.0500,48.655913978494623655913978490,88.7500,69.4500,-19.3000,-21.746478873239436619718309860,Other,Other,False,False,False,0,-1,False,B,Other,Other,Other,Other,B,Other,Other,Other,Other
2026-09-22,2026-09-22,0,721,712,721,14:14:01.000,14:14:53.000,52,48945,23339.1000,23383.7000,44.6000,0.1910956292230634428919709800,23400.0000,18.4500,31.3000,12.8500,69.647696476964769647696476960,88.2500,58.5500,-29.7000,-33.654390934844192634560906520,Other,Other,False,False,False,0,-1,False,Other,Other,Other,Other,B,Other,Other,Other,Other,Other
2026-09-22,2026-09-22,0,722,713,722,14:14:02.000,14:14:54.000,52,46865,23339.0000,23383.4000,44.4000,0.1902395132610651698873130800,23400.0000,18.6000,33.2500,14.6500,78.763440860215053763440860220,88.0500,58.4500,-29.6000,-33.617262918796138557637705850,Other,Other,False,False,False,0,-1,False,Other,Other,Other,B,Other,Other,Other,Other,Other,B
2026-09-22,2026-09-22,0,723,714,723,14:14:02.000,14:14:54.000,52,44785,23339.0000,23383.4000,44.4000,0.1902395132610651698873130800,23400.0000,18.6000,33.2500,14.6500,78.763440860215053763440860220,88.0500,58.4500,-29.6000,-33.617262918796138557637705850,Other,Other,False,False,False,0,-1,False,Other,Other,B,Other,Other,Other,Other,Other,B,Other
2026-09-22,2026-09-22,0,724,715,724,14:14:03.000,14:14:55.000,52,42705,23350.0000,23398.0000,48.0000,0.2055674518201284796573875800,23400.0000,18.4500,33.7000,15.2500,82.65582655826558265582655827,88.3000,56.0000,-32.3000,-36.579841449603624009060022650,Other,Other,False,False,False,0,-1,False,Other,B,Other,Other,Other,Other,Other,B,Other,Other
2026-09-22,2026-09-22,0,725,716,725,14:14:03.000,14:14:56.000,53,41145,23350.0000,23387.6000,37.6000,0.1610278372591006423982869400,23400.0000,18.4500,35.5000,17.0500,92.41192411924119241192411924,88.3000,54.7500,-33.5500,-37.995469988674971687429218570,Other,Other,False,False,False,0,-1,False,B,Other,Other,Other,Other,Other,B,Other,Other,B
2026-09-22,2026-09-22,0,726,717,726,14:14:18.000,14:15:01.000,43,44850,23340.4000,23400.1000,59.7000,0.2557796781546160305735977100,23400.0000,19.2500,35.8500,16.6000,86.23376623376623376623376623,86.8000,49.9000,-36.9000,-42.511520737327188940092165900,Other,Other,False,False,False,0,-1,False,Other,Other,Other,Other,Other,B,Other,Other,B,Other
2026-09-22,2026-09-22,0,727,718,727,14:14:34.000,14:15:01.000,27,45955,23360.0000,23400.1000,40.1000,0.1716609589041095890410958900,23400.0000,21.5500,35.8500,14.3000,66.357308584686774941995359630,80.2000,49.9000,-30.3000,-37.780548628428927680798004990,Other,Other,False,False,False,0,-1,False,Other,Other,Other,Other,B,Other,Other,B,Other,Other
2026-09-22,2026-09-22,0,728,719,728,14:14:43.000,14:15:03.000,20,47320,23362.9000,23398.1000,35.2000,0.1506662272235039314468666100,23400.0000,24.9500,39.6000,14.6500,58.717434869739478957915831660,75.7000,47.9000,-27.8000,-36.723910171730515191545574640,Other,Other,False,False,False,0,-1,False,Other,Other,Other,B,Other,Other,B,Other,Other,Other
2026-09-22,2026-09-22,0,729,720,729,14:14:49.000,14:15:04.000,15,49010,23365.1000,23404.0000,38.9000,0.1664876247052227467462155100,23400.0000,26.7500,38.9000,12.1500,45.420560747663551401869158880,71.1500,47.7500,-23.4000,-32.888264230498945888966971190,Other,Other,False,False,False,0,-1,False,Other,Other,B,Other,Other,B,Other,Other,Other,Other
2026-09-22,2026-09-22,0,730,721,730,14:14:51.000,14:15:06.000,15,49530,23377.2000,23412.1000,34.9000,0.1492907619389832828568006400,23400.0000,27.6500,40.2000,12.5500,45.388788426763110307414104880,69.4500,46.4000,-23.0500,-33.189344852411807055435565150,Other,Other,False,False,False,0,-1,False,Other,B,Other,Other,B,Other,Other,Other,Other,Other
2026-09-22,2026-09-22,0,731,722,731,14:14:53.000,14:15:09.000,16,50635,23383.7000,23414.8000,31.1000,0.1329986272488955982158512100,23400.0000,31.3000,45.0000,13.7000,43.769968051118210862619808310,58.5500,41.9000,-16.6500,-28.437233134073441502988898380,Other,Other,False,False,False,0,-1,False,B,Other,Other,B,Other,Other,Other,Other,Other,Other
2026-09-22,2026-09-22,0,732,723,732,14:14:54.000,14:15:13.000,19,44525,23383.4000,23419.0000,35.6000,0.1522447548260731972253821100,23400.0000,33.2500,42.7000,9.4500,28.421052631578947368421052630,58.4500,43.6000,-14.8500,-25.406330196749358426005132590,Other,Other,False,False,False,0,-1,False,Other,Other,B,Other,Other,Other,Other,Other,Other,A
2026-09-22,2026-09-22,0,733,724,733,14:14:55.000,14:15:18.000,23,41015,23398.0000,23411.6000,13.6000,0.0581246260364133686639883800,23400.0000,33.7000,47.6000,13.9000,41.246290801186943620178041540,56.0000,39.9000,-16.1000,-28.7500,Other,Other,False,False,False,0,-1,False,Other,B,Other,Other,Other,Other,Other,Other,A,B
2026-09-22,2026-09-22,0,734,725,734,14:14:55.000,14:15:19.000,24,40040,23398.0000,23410.0000,12.0000,0.0512864347380117958799897400,23400.0000,33.7000,43.4500,9.7500,28.931750741839762611275964390,56.0000,42.8500,-13.1500,-23.482142857142857142857142860,Other,Other,False,False,False,0,-1,False,B,Other,Other,Other,Other,Other,Other,A,B,Other
2026-09-22,2026-09-22,0,735,726,735,14:14:56.000,14:15:24.000,28,41405,23387.6000,23415.6000,28.0000,0.1197215618532897774889257600,23400.0000,35.5000,46.2500,10.7500,30.281690140845070422535211270,54.7500,41.3500,-13.4000,-24.474885844748858447488584470,Other,Other,False,False,False,0,-1,False,Other,Other,Other,Other,Other,Other,A,B,Other,Other
2026-09-22,2026-09-22,0,736,727,736,14:15:01.000,14:15:26.000,25,39130,23400.1000,23418.0000,17.9000,0.0764953995923094345750659200,23400.0000,35.8500,45.7500,9.9000,27.615062761506276150627615060,49.9000,42.9500,-6.9500,-13.927855711422845691382765530,Other,Other,False,False,False,0,-1,False,Other,Other,Other,Other,Other,A,B,Other,Other,Other
2026-09-22,2026-09-22,0,737,728,737,14:15:01.000,14:15:31.000,30,39130,23402.0000,23418.0000,16.0000,0.068370224767113921887018200,23400.0000,35.8500,44.3500,8.5000,23.709902370990237099023709900,49.9000,42.4000,-7.5000,-15.030060120240480961923847700,Other,Other,False,False,False,0,-1,False,Other,Other,Other,Other,A,B,Other,Other,Other,Other
2026-09-22,2026-09-22,0,738,729,738,14:15:03.000,14:15:34.000,31,38025,23398.1000,23412.9000,14.8000,0.0632529991751466999457220900,23400.0000,39.6000,34.8500,-4.7500,-11.994949494949494949494949490,47.9000,46.6500,-1.2500,-2.6096033402922755741127348600,Other,Other,False,False,False,0,-1,False,Other,Other,Other,A,B,Other,Other,Other,Other,Other
2026-09-22,2026-09-22,0,739,730,739,14:15:04.000,14:15:39.000,35,35945,23404.0000,23396.9000,-7.1000,-0.0303366945821227140659716300,23400.0000,38.9000,34.7000,-4.2000,-10.796915167095115681233933160,47.7500,50.1000,2.3500,4.9214659685863874345549738200,Other,Other,False,False,False,0,-1,False,Other,Other,A,B,Other,Other,Other,Other,Other,Other
2026-09-22,2026-09-22,0,740,731,740,14:15:06.000,14:15:48.000,42,34840,23412.1000,23399.2000,-12.9000,-0.0550997133960644282230128900,23400.0000,40.2000,29.4500,-10.7500,-26.741293532338308457711442790,46.4000,55.2000,8.8000,18.965517241379310344827586210,Other,Other,False,False,False,0,-1,False,Other,A,B,Other,Other,Other,Other,Other,Other,A
2026-09-22,2026-09-22,0,741,732,741,14:15:09.000,14:16:01.000,52,35230,23414.8000,23380.0000,-34.8000,-0.1486239472470403334643046300,23400.0000,45.0000,27.9000,-17.1000,-38.00,41.9000,58.3000,16.4000,39.140811455847255369928400950,Other,Other,False,False,False,0,-1,False,A,B,Other,Other,Other,Other,Other,Other,A,Other
2026-09-22,2026-09-22,0,742,733,742,14:15:13.000,14:16:03.000,50,34970,23419.0000,23378.8000,-40.2000,-0.1716554934027926042956573700,23400.0000,42.7000,29.4500,-13.2500,-31.030444964871194379391100700,43.6000,57.2000,13.6000,31.192660550458715596330275230,Other,Other,False,False,False,0,-1,False,B,Other,Other,Other,Other,Other,Other,A,Other,Other
2026-09-22,2026-09-22,0,743,734,743,14:15:18.000,14:16:21.000,63,34190,23411.6000,23388.9000,-22.7000,-0.0969604811290129679304276500,23400.0000,47.6000,28.2500,-19.3500,-40.651260504201680672268907560,39.9000,60.3500,20.4500,51.253132832080200501253132830,Other,Other,False,False,False,0,-1,False,Other,Other,Other,Other,Other,Other,A,Other,Other,A
2026-09-22,2026-09-22,0,744,735,744,14:15:19.000,14:16:46.000,87,33410,23410.0000,23385.0000,-25.0000,-0.1067919692439128577530969700,23400.0000,43.4500,30.7000,-12.7500,-29.344073647871116225546605290,42.8500,58.5500,15.7000,36.639439906651108518086347720,Other,Other,False,False,False,0,-1,False,Other,Other,Other,Other,Other,A,Other,Other,A,B
2026-09-22,2026-09-22,0,745,736,745,14:15:24.000,14:17:07.000,103,32825,23415.6000,23389.0000,-26.6000,-0.1135994806880882830249918900,23400.0000,46.2500,32.7500,-13.5000,-29.189189189189189189189189190,41.3500,55.7000,14.3500,34.703748488512696493349455860,Other,Other,False,False,False,0,-1,False,Other,Other,Other,Other,A,Other,Other,A,B,Other
2026-09-22,2026-09-22,0,746,737,746,14:15:26.000,14:17:19.000,113,34320,23418.0000,23392.7000,-25.3000,-0.1080365530788282517721410900,23400.0000,45.7500,36.2000,-9.5500,-20.874316939890710382513661200,42.9500,50.9500,8.0000,18.626309662398137369033760190,Other,Other,False,False,False,0,-1,False,Other,Other,Other,A,Other,Other,A,B,Other,Other
2026-09-22,2026-09-22,0,747,738,747,14:15:31.000,14:17:19.000,108,33540,23418.0000,23392.7000,-25.3000,-0.1080365530788282517721410900,23400.0000,44.3500,36.2000,-8.1500,-18.376550169109357384441939120,42.4000,50.9500,8.5500,20.165094339622641509433962260,Other,Other,False,False,False,0,-1,False,Other,Other,A,Other,Other,A,B,Other,Other,Other
2026-09-22,2026-09-22,0,748,739,748,14:15:34.000,14:17:27.000,113,33605,23412.9000,23398.0000,-14.9000,-0.0636401300137958134190980200,23400.0000,34.8500,34.9500,0.1000,0.2869440459110473457675753200,46.6500,52.7000,6.0500,12.968917470525187566988210080,Other,Other,False,False,False,0,-1,False,Other,A,Other,Other,A,B,Other,Other,Other,Other
2026-09-22,2026-09-22,0,749,740,749,14:15:39.000,14:17:42.000,123,33540,23396.9000,23398.0000,1.1000,0.0047014775461706465386440100,23400.0000,34.7000,35.0000,0.3000,0.8645533141210374639769452400,50.1000,52.6500,2.5500,5.0898203592814371257485029900,Other,Other,False,False,False,0,-1,False,A,Other,Other,A,B,Other,Other,Other,Other,Other
2026-09-22,2026-09-22,0,750,741,750,14:15:48.000,14:17:52.000,124,34255,23399.2000,23398.9000,-0.3000,-0.0012820951143628842011692700,23400.0000,29.4500,39.2000,9.7500,33.106960950764006791171477080,55.2000,48.7000,-6.5000,-11.775362318840579710144927540,B,Other,True,False,False,1,72,False,Other,Other,A,B,Other,Other,Other,Other,Other,Other
2026-09-22,2026-09-22,0,751,742,751,14:16:01.000,14:17:54.000,113,33670,23380.0000,23398.9000,18.9000,0.0808383233532934131736526900,23400.0000,27.9000,39.0000,11.1000,39.784946236559139784946236560,58.3000,49.0000,-9.3000,-15.951972555746140651801029160,Other,B,False,False,True,0,-1,False,Other,A,B,Other,Other,Other,Other,Other,Other,Other
2026-09-22,2026-09-22,0,752,743,752,14:16:03.000,14:17:55.000,112,33410,23378.8000,23398.9000,20.1000,0.0859753280750081270210618200,23400.0000,29.4500,38.7500,9.3000,31.578947368421052631578947370,57.2000,49.1000,-8.1000,-14.160839160839160839160839160,Other,Other,False,False,False,0,-1,False,A,B,Other,Other,Other,Other,Other,Other,Other,Other
2026-09-22,2026-09-22,0,753,744,753,14:16:21.000,14:17:57.000,96,33410,23388.9000,23399.7000,10.8000,0.0461757500352731423880558700,23400.0000,28.2500,38.7000,10.4500,36.991150442477876106194690270,60.3500,48.4000,-11.9500,-19.801159900579950289975144990,Other,Other,False,False,False,0,-1,False,B,Other,Other,Other,Other,Other,Other,Other,Other,Other
2026-09-22,2026-09-22,0,754,745,754,14:16:46.000,14:18:04.000,78,34255,23385.0000,23403.3000,18.3000,0.0782552918537524053880692800,23400.0000,30.7000,39.1500,8.4500,27.524429967426710097719869710,58.5500,48.9000,-9.6500,-16.481639624252775405636208370,Other,Other,False,False,False,0,-1,False,Other,Other,Other,Other,Other,Other,Other,Other,Other,Other
2026-09-22,2026-09-22,0,755,746,755,14:17:07.000,14:18:20.000,73,33605,23389.0000,23398.7000,9.7000,0.0414724870665697550130403200,23400.0000,32.7500,37.6500,4.9000,14.961832061068702290076335880,55.7000,50.4500,-5.2500,-9.425493716337522441651705570,Other,Other,False,False,False,0,-1,False,Other,Other,Other,Other,Other,Other,Other,Other,Other,Other
2026-09-22,2026-09-22,0,756,747,756,14:17:19.000,14:19:00.000,101,32370,23392.7000,23405.0000,12.3000,0.0525805058843143373787549100,23400.0000,36.2000,38.0500,1.8500,5.1104972375690607734806629800,50.9500,51.2000,0.2500,0.4906771344455348380765456300,Other,Other,False,False,False,0,-1,False,Other,Other,Other,Other,Other,Other,Other,Other,Other,A
2026-09-22,2026-09-22,0,757,748,757,14:17:20.000,14:19:02.000,102,31915,23391.3000,23393.8000,2.5000,0.0106877343285751540102516700,23400.0000,36.0000,36.7000,0.7000,1.9444444444444444444444444400,51.5000,52.2500,0.7500,1.456310679611650485436893200,Other,Other,False,False,False,0,-1,False,Other,Other,Other,Other,Other,Other,Other,Other,A,B
2026-09-22,2026-09-22,0,758,749,758,14:17:27.000,14:19:55.000,148,31785,23398.0000,23397.2000,-0.8000,-0.0034190956492007863919993200,23400.0000,34.9500,37.2000,2.2500,6.4377682403433476394849785400,52.7000,52.0500,-0.6500,-1.2333965844402277039848197300,B,Other,True,False,False,1,73,False,Other,Other,Other,Other,Other,Other,Other,A,B,A
2026-09-22,2026-09-22,0,759,750,759,14:17:42.000,14:19:58.000,136,35165,23398.0000,23397.0000,-1.0000,-0.0042738695615009829899991500,23400.0000,35.0000,38.2500,3.2500,9.285714285714285714285714290,52.6500,51.1000,-1.5500,-2.9439696106362773029439696100,B,B,False,True,False,2,73,False,Other,Other,Other,Other,Other,Other,A,B,A,Other
2026-09-22,2026-09-22,0,760,751,760,14:17:52.000,14:19:58.000,126,35035,23398.9000,23397.0000,-1.9000,-0.0081200398309322233096427600,23400.0000,39.2000,38.2500,-0.9500,-2.4234693877551020408163265300,48.7000,51.1000,2.4000,4.92813141683778234086242300,Other,B,False,False,True,0,-1,False,Other,Other,Other,Other,Other,A,B,A,Other,Other
2026-09-22,2026-09-22,0,761,752,761,14:17:54.000,14:20:21.000,147,34125,23398.9000,23405.9000,7.0000,0.0299159362192239806144733300,23400.0000,39.0000,42.6000,3.6000,9.230769230769230769230769230,49.0000,45.4000,-3.6000,-7.3469387755102040816326530600,Other,Other,False,False,False,0,-1,False,Other,Other,Other,Other,A,B,A,Other,Other,Other
2026-09-22,2026-09-22,0,762,753,762,14:17:55.000,14:20:31.000,156,33865,23398.9000,23410.0000,11.1000,0.0474381274333408835458077100,23400.0000,38.7500,43.1500,4.4000,11.354838709677419354838709680,49.1000,46.1000,-3.0000,-6.1099796334012219959266802400,Other,Other,False,False,False,0,-1,False,Other,Other,Other,A,B,A,Other,Other,Other,Other
2026-09-22,2026-09-22,0,763,754,763,14:17:57.000,14:20:51.000,174,35100,23399.7000,23409.3000,9.6000,0.0410261670021410530904242400,23400.0000,38.7000,41.8500,3.1500,8.139534883720930232558139530,48.4000,45.8000,-2.6000,-5.3719008264462809917355371900,Other,Other,False,False,False,0,-1,False,Other,Other,A,B,A,Other,Other,Other,Other,B
2026-09-22,2026-09-22,0,764,755,764,14:18:04.000,14:21:01.000,177,34255,23403.3000,23408.1000,4.8000,0.0205099280870646447295894200,23400.0000,39.1500,43.2500,4.1000,10.472541507024265644955300130,48.9000,44.9500,-3.9500,-8.077709611451942740286298570,Other,Other,False,False,False,0,-1,False,Other,A,B,A,Other,Other,Other,Other,B,Other
2026-09-22,2026-09-22,0,765,756,765,14:18:20.000,14:21:04.000,164,34320,23398.7000,23419.9000,21.2000,0.0906033241162970592383337500,23400.0000,37.6500,43.1000,5.4500,14.475431606905710491367861890,50.4500,45.2000,-5.2500,-10.406342913776015857284440040,Other,Other,False,False,False,0,-1,False,A,B,A,Other,Other,Other,Other,B,Other,Other
2026-09-22,2026-09-22,0,766,757,766,14:19:00.000,14:21:17.000,137,32825,23405.0000,23412.0000,7.0000,0.0299081392864772484511856400,23400.0000,38.0500,46.0000,7.9500,20.893561103810775295663600530,51.2000,42.9000,-8.3000,-16.210937500,Other,Other,False,False,False,0,-1,False,B,A,Other,Other,Other,Other,B,Other,Other,B
2026-09-22,2026-09-22,0,767,758,767,14:19:02.000,14:21:29.000,147,34255,23393.8000,23413.0000,19.2000,0.0820730278962802109960758800,23400.0000,36.7000,44.8500,8.1500,22.207084468664850136239782020,52.2500,43.1500,-9.1000,-17.416267942583732057416267940,Other,Other,False,False,False,0,-1,False,A,Other,Other,Other,Other,B,Other,Other,B,Other
2026-09-22,2026-09-22,0,768,759,768,14:19:55.000,14:21:35.000,100,35295,23397.2000,23406.4000,9.2000,0.0393209443865077872565948100,23400.0000,37.2000,41.5500,4.3500,11.693548387096774193548387100,52.0500,45.8500,-6.2000,-11.911623439000960614793467820,Other,Other,False,False,False,0,-1,False,Other,Other,Other,Other,B,Other,Other,B,Other,Other
2026-09-22,2026-09-22,0,769,760,769,14:19:58.000,14:21:39.000,101,32110,23397.0000,23419.6000,22.6000,0.0965935803735521648074539500,23400.0000,38.2500,41.6500,3.4000,8.888888888888888888888888890,51.1000,46.5000,-4.6000,-9.00195694716242661448140900,Other,Other,False,False,False,0,-1,False,Other,Other,Other,B,Other,Other,B,Other,Other,A
2026-09-22,2026-09-22,0,770,761,770,14:20:00.000,14:21:49.000,109,32370,23405.0000,23421.9000,16.9000,0.0722067934202093569750053400,23400.0000,37.5500,43.0500,5.5000,14.647137150466045272969374170,51.5500,45.7500,-5.8000,-11.251212415130940834141610090,Other,Other,False,False,False,0,-1,False,Other,Other,B,Other,Other,B,Other,Other,A,Other
2026-09-22,2026-09-22,0,771,762,771,14:20:21.000,14:21:59.000,98,33345,23405.9000,23407.4000,1.5000,0.0064086405564408973805749800,23400.0000,42.6000,42.0500,-0.5500,-1.2910798122065727699530516400,45.4000,46.9000,1.5000,3.303964757709251101321585900,A,Other,True,False,False,1,74,False,Other,B,Other,Other,B,Other,Other,A,Other,Other
2026-09-22,2026-09-22,0,772,763,772,14:20:31.000,14:22:12.000,101,33345,23410.0000,23405.7000,-4.3000,-0.0183682187099530115335326800,23400.0000,43.1500,42.3000,-0.8500,-1.969872537659327925840092700,46.1000,46.7500,0.6500,1.4099783080260303687635574800,Other,A,False,False,True,0,-1,False,B,Other,Other,B,Other,Other,A,Other,Other,Other
2026-09-22,2026-09-22,0,773,764,773,14:20:51.000,14:22:45.000,114,32045,23409.3000,23410.0000,0.7000,0.0029902645529768083624884100,23400.0000,41.8500,43.2000,1.3500,3.2258064516129032258064516100,45.8000,46.0500,0.2500,0.5458515283842794759825327500,Other,Other,False,False,False,0,-1,False,Other,Other,B,Other,Other,A,Other,Other,Other,Other
2026-09-22,2026-09-22,0,774,765,774,14:21:01.000,14:23:25.000,144,32305,23408.1000,23410.0000,1.9000,0.0081168484413514979857399800,23400.0000,43.2500,43.3500,0.1000,0.2312138728323699421965317900,44.9500,45.7000,0.7500,1.6685205784204671857619577300,Other,Other,False,False,False,0,-1,False,Other,B,Other,Other,A,Other,Other,Other,Other,Other
2026-09-22,2026-09-22,0,775,766,775,14:21:04.000,14:23:37.000,153,36920,23419.9000,23420.0000,0.1000,0.0004269873056674025081234300,23400.0000,43.1000,44.4000,1.3000,3.0162412993039443155452436200,45.2000,44.8000,-0.4000,-0.8849557522123893805309734500,Other,Other,False,False,False,0,-1,False,B,Other,Other,A,Other,Other,Other,Other,Other,Other
2026-09-22,2026-09-22,0,776,767,776,14:21:17.000,14:23:37.000,140,38870,23412.0000,23420.0000,8.0000,0.0341705108491371946010592900,23400.0000,46.0000,44.4000,-1.6000,-3.4782608695652173913043478300,42.9000,44.8000,1.9000,4.4289044289044289044289044300,A,Other,True,False,False,1,75,False,Other,Other,A,Other,Other,Other,Other,Other,Other,Other
2026-09-22,2026-09-22,0,777,768,777,14:21:29.000,14:23:39.000,130,37960,23413.0000,23409.9000,-3.1000,-0.0132405074104130184085764300,23400.0000,44.8500,44.0500,-0.8000,-1.7837235228539576365663322200,43.1500,44.8500,1.7000,3.939745075318655851680185400,Other,A,False,False,True,0,-1,False,Other,A,Other,Other,Other,Other,Other,Other,Other,Other
2026-09-22,2026-09-22,0,778,769,778,14:21:35.000,14:23:55.000,140,36595,23406.4000,23410.1000,3.7000,0.0158076423542279034793902500,23400.0000,41.5500,42.8500,1.3000,3.128760529482551143200962700,45.8500,46.4500,0.6000,1.3086150490730643402399127600,Other,Other,False,False,False,0,-1,False,A,Other,Other,Other,Other,Other,Other,Other,Other,A
2026-09-22,2026-09-22,0,779,770,779,14:21:39.000,14:24:02.000,143,36660,23419.6000,23404.0000,-15.6000,-0.0666108729440297870160036900,23400.0000,41.6500,38.1000,-3.5500,-8.523409363745498199279711880,46.5000,49.6000,3.1000,6.6666666666666666666666666700,Other,Other,False,False,False,0,-1,False,Other,Other,Other,Other,Other,Other,Other,Other,A,Other
2026-09-22,2026-09-22,0,780,771,780,14:21:49.000,14:24:03.000,134,35750,23421.9000,23404.1000,-17.8000,-0.0759972504365572391650549300,23400.0000,43.0500,37.5500,-5.5000,-12.775842044134727061556329850,45.7500,48.9000,3.1500,6.8852459016393442622950819700,Other,Other,False,False,False,0,-1,False,Other,Other,Other,Other,Other,Other,Other,A,Other,A
2026-09-22,2026-09-22,0,781,772,781,14:21:59.000,14:24:10.000,131,37440,23407.4000,23400.9000,-6.5000,-0.0277689961294291548826439500,23400.0000,42.0500,36.5500,-5.5000,-13.079667063020214030915576690,46.9000,50.3000,3.4000,7.2494669509594882729211087400,Other,Other,False,False,False,0,-1,False,Other,Other,Other,Other,Other,Other,A,Other,A,Other
2026-09-22,2026-09-22,0,782,773,782,14:22:12.000,14:24:10.000,118,37570,23405.7000,23400.9000,-4.8000,-0.0205078250169830425921890800,23400.0000,42.3000,36.5500,-5.7500,-13.593380614657210401891252960,46.7500,50.3000,3.5500,7.5935828877005347593582887700,Other,Other,False,False,False,0,-1,False,Other,Other,Other,Other,Other,A,Other,A,Other,Other
2026-09-22,2026-09-22,0,783,774,783,14:22:45.000,14:24:12.000,87,40560,23410.0000,23400.0000,-10.0000,-0.0427167876975651431012387900,23400.0000,43.2000,35.6500,-7.5500,-17.476851851851851851851851850,46.0500,50.8000,4.7500,10.314875135722041259500542890,Other,Other,False,False,False,0,-1,False,Other,Other,Other,Other,A,Other,A,Other,Other,Other
2026-09-22,2026-09-22,0,784,775,784,14:23:25.000,14:24:12.000,47,40690,23410.0000,23400.0000,-10.0000,-0.0427167876975651431012387900,23400.0000,43.3500,35.6500,-7.7000,-17.762399077277970011534025370,45.7000,50.8000,5.1000,11.159737417943107221006564550,Other,Other,False,False,False,0,-1,False,Other,Other,Other,A,Other,A,Other,Other,Other,Other
2026-09-22,2026-09-22,0,785,776,785,14:23:37.000,14:24:45.000,68,36465,23420.0000,23394.2000,-25.8000,-0.1101622544833475661827497900,23400.0000,44.4000,34.2500,-10.1500,-22.860360360360360360360360360,44.8000,51.5500,6.7500,15.066964285714285714285714290,Other,Other,False,False,False,0,-1,False,Other,Other,A,Other,A,Other,Other,Other,Other,Other
2026-09-22,2026-09-22,0,786,777,786,14:23:37.000,14:24:54.000,77,34515,23409.9000,23394.8000,-15.1000,-0.0645026249578169919563945200,23400.0000,44.4000,32.5000,-11.9000,-26.801801801801801801801801800,44.8000,53.7000,8.9000,19.866071428571428571428571430,Other,Other,False,False,False,0,-1,False,Other,A,Other,A,Other,Other,Other,Other,Other,A
2026-09-22,2026-09-22,0,787,778,787,14:23:39.000,14:24:55.000,76,34970,23409.9000,23394.1000,-15.8000,-0.0674928128697687730404657900,23400.0000,44.0500,32.0000,-12.0500,-27.355278093076049943246311010,44.8500,54.4500,9.6000,21.404682274247491638795986620,Other,Other,False,False,False,0,-1,False,A,Other,A,Other,Other,Other,Other,Other,A,Other
2026-09-22,2026-09-22,0,788,779,788,14:23:55.000,14:24:59.000,64,35945,23410.1000,23394.1000,-16.0000,-0.0683465683615191733482556700,23400.0000,42.8500,33.0000,-9.8500,-22.987164527421236872812135360,46.4500,53.9000,7.4500,16.038751345532831001076426260,Other,Other,False,False,False,0,-1,False,Other,A,Other,Other,Other,Other,Other,A,Other,Other
2026-09-22,2026-09-22,0,789,780,789,14:24:02.000,14:25:29.000,87,35685,23404.0000,23402.0000,-2.0000,-0.0085455477696120321312596100,23400.0000,38.1000,37.6000,-0.5000,-1.31233595800524934383202100,49.6000,49.5500,-0.0500,-0.1008064516129032258064516100,Other,Other,False,False,False,0,-1,False,A,Other,Other,Other,Other,Other,A,Other,Other,Other
2026-09-22,2026-09-22,0,790,781,790,14:24:03.000,14:25:47.000,104,35685,23404.1000,23404.7000,0.6000,0.0025636533769724108169081500,23400.0000,37.5500,39.7500,2.2000,5.8588548601864181091877496700,48.9000,47.6000,-1.3000,-2.6584867075664621676891615500,Other,Other,False,False,False,0,-1,False,Other,Other,Other,Other,Other,A,Other,Other,Other,Other
2026-09-22,2026-09-22,0,791,782,791,14:24:10.000,14:26:42.000,152,33995,23400.9000,23412.0000,11.1000,0.0474340730484724946476417600,23400.0000,36.5500,40.0500,3.5000,9.575923392612859097127222980,50.3000,46.6500,-3.6500,-7.2564612326043737574552683900,Other,Other,False,False,False,0,-1,False,Other,Other,Other,Other,A,Other,Other,Other,Other,Other
2026-09-22,2026-09-22,0,792,783,792,14:24:11.000,14:27:05.000,174,34060,23400.2000,23410.0000,9.8000,0.0418799839317612669977179700,23400.0000,34.3500,41.3000,6.9500,20.232896652110625909752547310,51.3500,46.0500,-5.3000,-10.321324245374878286270691330,Other,Other,False,False,False,0,-1,False,Other,Other,Other,A,Other,Other,Other,Other,Other,B
2026-09-22,2026-09-22,0,793,784,793,14:24:12.000,14:27:08.000,176,31330,23400.0000,23415.1000,15.1000,0.0645299145299145299145299100,23400.0000,35.6500,38.4000,2.7500,7.7138849929873772791023842900,50.8000,48.7000,-2.1000,-4.1338582677165354330708661400,Other,Other,False,False,False,0,-1,False,Other,Other,A,Other,Other,Other,Other,Other,B,A
2026-09-22,2026-09-22,0,794,785,794,14:24:13.000,14:27:48.000,215,31005,23413.6000,23409.0000,-4.6000,-0.0196467010626302661700891800,23400.0000,36.4000,40.1500,3.7500,10.302197802197802197802197800,50.0500,48.1000,-1.9500,-3.896103896103896103896103900,B,Other,True,False,False,1,76,False,Other,A,Other,Other,Other,Other,Other,B,A,Other
2026-09-22,2026-09-22,0,795,786,795,14:24:45.000,14:28:09.000,204,30420,23394.2000,23413.0000,18.8000,0.0803617990784040488668131400,23400.0000,34.2500,37.2000,2.9500,8.613138686131386861313868610,51.5500,50.6000,-0.9500,-1.8428709990300678952473326900,Other,B,False,False,True,0,-1,False,A,Other,Other,Other,Other,Other,B,A,Other,Other
2026-09-22,2026-09-22,0,796,787,796,14:24:54.000,14:28:51.000,237,30290,23394.8000,23401.8000,7.0000,0.0299211790654333441619505200,23400.0000,32.5000,38.6500,6.1500,18.923076923076923076923076920,53.7000,49.5000,-4.2000,-7.8212290502793296089385474900,Other,Other,False,False,False,0,-1,False,Other,Other,Other,Other,Other,B,A,Other,Other,Other
2026-09-22,2026-09-22,0,797,788,797,14:24:55.000,14:29:22.000,267,29445,23394.1000,23415.0000,20.9000,0.0893387649022616813641046200,23400.0000,32.0000,38.7000,6.7000,20.937500,54.4500,48.5000,-5.9500,-10.927456382001836547291092750,Other,Other,False,False,False,0,-1,False,Other,Other,Other,Other,B,A,Other,Other,Other,Other
2026-09-22,2026-09-22,0,798,789,798,14:24:59.000,14:29:33.000,274,28600,23394.1000,23415.0000,20.9000,0.0893387649022616813641046200,23400.0000,33.0000,38.6000,5.6000,16.969696969696969696969696970,53.9000,48.8000,-5.1000,-9.461966604823747680890538030,Other,Other,False,False,False,0,-1,False,Other,Other,Other,B,A,Other,Other,Other,Other,Other
2026-09-22,2026-09-22,0,799,790,799,14:25:29.000,14:29:52.000,263,28990,23402.0000,23405.0000,3.0000,0.0128194171438338603538159100,23400.0000,37.6000,37.1500,-0.4500,-1.1968085106382978723404255300,49.5500,50.1500,0.6000,1.2108980827447023208879919300,A,Other,True,False,False,1,77,False,Other,Other,B,A,Other,Other,Other,Other,Other,Other
2026-09-22,2026-09-22,0,800,791,800,14:25:47.000,14:30:03.000,256,30420,23404.7000,23415.0000,10.3000,0.0440082547522506163291988400,23400.0000,39.7500,38.4000,-1.3500,-3.3962264150943396226415094300,47.6000,48.1000,0.5000,1.0504201680672268907563025200,A,A,False,True,False,2,77,False,Other,B,A,Other,Other,Other,Other,Other,Other,A
2026-09-22,2026-09-22,0,801,792,801,14:26:42.000,14:30:15.000,213,29380,23412.0000,23414.0000,2.0000,0.0085426277122842986502648200,23400.0000,40.0500,38.5000,-1.5500,-3.8701622971285892634207240900,46.6500,48.4000,1.7500,3.751339764201500535905680600,A,A,False,True,False,3,77,False,B,A,Other,Other,Other,Other,Other,Other,A,B
2026-09-22,2026-09-22,0,802,793,802,14:27:05.000,14:30:50.000,225,30875,23410.0000,23413.3000,3.3000,0.014096539940196497223408800,23400.0000,41.3000,35.9500,-5.3500,-12.953995157384987893462469730,46.0500,50.6500,4.6000,9.989142236699239956568946800,A,A,False,True,False,4,77,False,A,Other,Other,Other,Other,Other,Other,A,B,Other
2026-09-22,2026-09-22,0,803,794,803,14:27:08.000,14:30:53.000,225,30680,23415.1000,23398.0000,-17.1000,-0.0730297970113302954076642900,23400.0000,38.4000,35.8000,-2.6000,-6.7708333333333333333333333300,48.7000,50.9500,2.2500,4.6201232032854209445585215600,Other,A,False,False,True,0,-1,False,Other,Other,Other,Other,Other,Other,A,B,Other,Other
2026-09-22,2026-09-22,0,804,795,804,14:27:48.000,14:31:35.000,227,31330,23409.0000,23411.4000,2.4000,0.010252466999871844162501600,23400.0000,40.1500,37.2000,-2.9500,-7.3474470734744707347447073500,48.1000,49.4500,1.3500,2.8066528066528066528066528100,A,Other,True,False,False,1,78,False,Other,Other,Other,Other,Other,A,B,Other,Other,Other
2026-09-22,2026-09-22,0,805,796,805,14:28:09.000,14:32:04.000,235,31265,23413.0000,23403.1000,-9.9000,-0.0422842010848673813693247300,23400.0000,37.2000,37.7000,0.5000,1.3440860215053763440860215100,50.6000,49.0000,-1.6000,-3.1620553359683794466403162100,B,A,True,False,True,1,79,False,Other,Other,Other,Other,A,B,Other,Other,Other,B
2026-09-22,2026-09-22,0,806,797,806,14:28:51.000,14:32:39.000,228,31395,23401.8000,23414.0000,12.2000,0.0521327419258347648471485100,23400.0000,38.6500,41.0000,2.3500,6.0802069857697283311772315700,49.5000,45.8000,-3.7000,-7.4747474747474747474747474700,Other,B,False,False,True,0,-1,False,Other,Other,Other,A,B,Other,Other,Other,B,Other
2026-09-22,2026-09-22,0,807,798,807,14:29:22.000,14:33:04.000,222,31330,23415.0000,23410.0000,-5.0000,-0.0213538330130258381379457600,23400.0000,38.7000,38.2000,-0.5000,-1.2919896640826873385012919900,48.5000,48.9000,0.4000,0.8247422680412371134020618600,Other,Other,False,False,False,0,-1,False,Other,Other,A,B,Other,Other,Other,B,Other,B
2026-09-22,2026-09-22,0,808,799,808,14:29:33.000,14:33:28.000,235,31525,23415.0000,23405.0000,-10.0000,-0.0427076660260516762758915200,23400.0000,38.6000,39.4000,0.8000,2.0725388601036269430051813500,48.8000,47.6000,-1.2000,-2.4590163934426229508196721300,B,Other,True,False,False,1,80,False,Other,A,B,Other,Other,Other,B,Other,B,Other
2026-09-22,2026-09-22,0,809,800,809,14:29:52.000,14:33:50.000,238,31200,23405.0000,23403.0000,-2.0000,-0.008545182653279213843195900,23400.0000,37.1500,36.7000,-0.4500,-1.2113055181695827725437415900,50.1500,49.7000,-0.4500,-0.8973080757726819541375872400,Other,B,False,False,True,0,-1,False,A,B,Other,Other,Other,B,Other,B,Other,B
2026-09-22,2026-09-22,0,810,801,810,14:30:03.000,14:33:55.000,232,32045,23415.0000,23397.0000,-18.0000,-0.0768737988468930172966047400,23400.0000,38.4000,33.7500,-4.6500,-12.10937500,48.1000,52.0000,3.9000,8.108108108108108108108108110,Other,Other,False,False,False,0,-1,False,B,Other,Other,Other,B,Other,B,Other,B,Other
2026-09-22,2026-09-22,0,811,802,811,14:30:15.000,14:33:57.000,222,32825,23414.0000,23397.0000,-17.0000,-0.0726061330827709917143589300,23400.0000,38.5000,33.9000,-4.6000,-11.948051948051948051948051950,48.4000,51.4500,3.0500,6.3016528925619834710743801700,Other,Other,False,False,False,0,-1,False,Other,Other,Other,B,Other,B,Other,B,Other,Other
2026-09-22,2026-09-22,0,812,803,812,14:30:50.000,14:34:22.000,212,31395,23413.3000,23393.5000,-19.8000,-0.0845673185753396573742274700,23400.0000,35.9500,31.4500,-4.5000,-12.517385257301808066759388040,50.6500,55.2500,4.6000,9.081934846989141164856860810,Other,Other,False,False,False,0,-1,False,Other,Other,B,Other,B,Other,B,Other,Other,Other
2026-09-22,2026-09-22,0,813,804,813,14:30:53.000,14:34:24.000,211,33800,23398.0000,23393.0000,-5.0000,-0.0213693478075049149499957300,23400.0000,35.8000,32.1500,-3.6500,-10.195530726256983240223463690,50.9500,54.4000,3.4500,6.7713444553483807654563297400,Other,Other,False,False,False,0,-1,False,Other,B,Other,B,Other,B,Other,Other,Other,Other
2026-09-22,2026-09-22,0,814,805,814,14:31:35.000,14:34:26.000,171,34060,23411.4000,23393.0000,-18.4000,-0.0785941891557104658414276800,23400.0000,37.2000,32.1500,-5.0500,-13.575268817204301075268817200,49.4500,53.6000,4.1500,8.392315470171890798786653190,Other,Other,False,False,False,0,-1,False,B,Other,B,Other,B,Other,Other,Other,Other,Other
2026-09-22,2026-09-22,0,815,806,815,14:32:04.000,14:34:31.000,147,36725,23403.1000,23400.2000,-2.9000,-0.0123915207814349381064901700,23400.0000,37.7000,28.7000,-9.0000,-23.872679045092838196286472150,49.0000,56.0000,7.0000,14.285714285714285714285714290,Other,Other,False,False,False,0,-1,False,Other,B,Other,B,Other,Other,Other,Other,Other,A
2026-09-22,2026-09-22,0,816,807,816,14:32:39.000,14:34:31.000,112,36465,23414.0000,23400.2000,-13.8000,-0.0589390962671905697445972500,23400.0000,41.0000,28.7000,-12.3000,-30.0,45.8000,56.0000,10.2000,22.270742358078602620087336240,Other,Other,False,False,False,0,-1,False,B,Other,B,Other,Other,Other,Other,Other,A,Other
2026-09-22,2026-09-22,0,817,808,817,14:33:04.000,14:34:45.000,101,37570,23410.0000,23386.0000,-24.0000,-0.1025202904741563434429730900,23400.0000,38.2000,28.0500,-10.1500,-26.570680628272251308900523560,48.9000,57.6000,8.7000,17.791411042944785276073619630,Other,Other,False,False,False,0,-1,False,Other,B,Other,Other,Other,Other,Other,A,Other,Other
2026-09-22,2026-09-22,0,818,809,818,14:33:28.000,14:35:01.000,93,38480,23405.0000,23386.0000,-19.0000,-0.0811792352061525315103610300,23400.0000,39.4000,30.7500,-8.6500,-21.954314720812182741116751270,47.6000,54.2500,6.6500,13.970588235294117647058823530,Other,Other,False,False,False,0,-1,False,B,Other,Other,Other,Other,Other,A,Other,Other,Other
2026-09-22,2026-09-22,0,819,810,819,14:33:50.000,14:35:06.000,76,38415,23403.0000,23399.0000,-4.0000,-0.0170918258342947485365124100,23400.0000,36.7000,31.5000,-5.2000,-14.168937329700272479564032700,49.7000,54.3000,4.6000,9.255533199195171026156941650,Other,Other,False,False,False,0,-1,False,Other,Other,Other,Other,Other,A,Other,Other,Other,Other
2026-09-22,2026-09-22,0,820,811,820,14:33:55.000,14:35:39.000,104,36660,23397.0000,23392.8000,-4.2000,-0.0179510193614565969996153400,23400.0000,33.7500,31.4000,-2.3500,-6.9629629629629629629629629600,52.0000,54.1000,2.1000,4.0384615384615384615384615400,Other,Other,False,False,False,0,-1,False,Other,Other,Other,Other,A,Other,Other,Other,Other,B
2026-09-22,2026-09-22,0,821,812,821,14:33:57.000,14:35:47.000,110,35815,23397.0000,23397.8000,0.8000,0.0034192417831345899046886400,23400.0000,33.9000,34.8500,0.9500,2.8023598820058997050147492600,51.4500,48.6000,-2.8500,-5.5393586005830903790087463600,Other,Other,False,False,False,0,-1,False,Other,Other,Other,A,Other,Other,Other,Other,B,Other
2026-09-22,2026-09-22,0,822,813,822,14:34:22.000,14:36:10.000,108,36335,23393.5000,23404.4000,10.9000,0.0465941393976959411802423800,23400.0000,31.4500,35.2000,3.7500,11.923688394276629570747217810,55.2500,48.8000,-6.4500,-11.674208144796380090497737560,Other,Other,False,False,False,0,-1,False,Other,Other,A,Other,Other,Other,Other,B,Other,Other
2026-09-22,2026-09-22,0,823,814,823,14:34:24.000,14:36:24.000,120,33995,23393.0000,23401.0000,8.0000,0.0341982644380797674518018200,23400.0000,32.1500,33.4500,1.3000,4.0435458786936236391912908200,54.4000,50.4500,-3.9500,-7.2610294117647058823529411800,Other,Other,False,False,False,0,-1,False,Other,A,Other,Other,Other,Other,B,Other,Other,Other
2026-09-22,2026-09-22,0,824,815,824,14:34:26.000,14:36:50.000,144,33085,23393.0000,23409.0000,16.0000,0.0683965288761595349036036400,23400.0000,32.1500,37.8000,5.6500,17.573872472783825816485225510,53.6000,44.4000,-9.2000,-17.164179104477611940298507460,Other,Other,False,False,False,0,-1,False,A,Other,Other,Other,Other,B,Other,Other,Other,Other
2026-09-22,2026-09-22,0,825,816,825,14:34:31.000,14:37:07.000,156,30485,23400.2000,23398.7000,-1.5000,-0.0064102016222083571935282600,23400.0000,28.7000,32.5000,3.8000,13.240418118466898954703832750,56.0000,50.5000,-5.5000,-9.821428571428571428571428570,B,Other,True,False,False,1,81,False,Other,Other,Other,Other,B,Other,Other,Other,Other,B
2026-09-22,2026-09-22,0,826,817,826,14:34:32.000,14:37:27.000,175,30485,23389.2000,23397.0000,7.8000,0.0333487250525883741213893600,23400.0000,28.7500,32.3000,3.5500,12.347826086956521739130434780,55.9500,50.8000,-5.1500,-9.204647006255585344057193920,Other,B,False,False,True,0,-1,False,Other,Other,Other,B,Other,Other,Other,Other,B,Other
2026-09-22,2026-09-22,0,827,818,827,14:34:45.000,14:37:48.000,183,30160,23386.0000,23395.6000,9.6000,0.0410502009749422731548789900,23400.0000,28.0500,31.4000,3.3500,11.942959001782531194295900180,57.6000,51.4500,-6.1500,-10.677083333333333333333333330,Other,Other,False,False,False,0,-1,False,Other,Other,B,Other,Other,Other,Other,B,Other,Other
2026-09-22,2026-09-22,0,828,819,828,14:35:01.000,14:38:04.000,183,29705,23386.0000,23396.6000,10.6000,0.0453262635764987599418455500,23400.0000,30.7500,32.7500,2.0000,6.5040650406504065040650406500,54.2500,50.0500,-4.2000,-7.7419354838709677419354838700,Other,Other,False,False,False,0,-1,False,Other,B,Other,Other,Other,Other,B,Other,Other,Other
2026-09-22,2026-09-22,0,829,820,829,14:35:06.000,14:38:22.000,196,29705,23399.0000,23395.0000,-4.0000,-0.0170947476387879823924099300,23400.0000,31.5000,32.7000,1.2000,3.8095238095238095238095238100,54.3000,49.6000,-4.7000,-8.655616942909760589318600370,B,Other,True,False,False,1,82,False,B,Other,Other,Other,Other,B,Other,Other,Other,Other
2026-09-22,2026-09-22,0,830,821,830,14:35:39.000,14:38:50.000,191,29445,23392.8000,23390.0000,-2.8000,-0.0119694948873157552751273900,23400.0000,31.4000,28.1500,-3.2500,-10.350318471337579617834394900,54.1000,53.8000,-0.3000,-0.5545286506469500924214417700,Other,B,False,False,True,0,-1,False,Other,Other,Other,Other,B,Other,Other,Other,Other,Other
2026-09-22,2026-09-22,0,831,822,831,14:35:47.000,14:39:02.000,195,29380,23397.8000,23392.4000,-5.4000,-0.0230790929061706656181350400,23400.0000,34.8500,29.2000,-5.6500,-16.212338593974175035868005740,48.6000,53.3000,4.7000,9.670781893004115226337448560,Other,Other,False,False,False,0,-1,False,Other,Other,Other,B,Other,Other,Other,Other,Other,A
2026-09-22,2026-09-22,0,832,823,832,14:36:10.000,14:39:42.000,212,28470,23404.4000,23393.0000,-11.4000,-0.0487087898002085078019517700,23400.0000,35.2000,30.7000,-4.5000,-12.784090909090909090909090910,48.8000,52.2000,3.4000,6.967213114754098360655737700,Other,Other,False,False,False,0,-1,False,Other,Other,B,Other,Other,Other,Other,Other,A,Other
2026-09-22,2026-09-22,0,833,824,833,14:36:24.000,14:40:22.000,238,29445,23401.0000,23399.9000,-1.1000,-0.0047006538182128968847485200,23400.0000,33.4500,30.5500,-2.9000,-8.669656203288490284005979070,50.4500,52.6500,2.2000,4.3607532210109018830525272500,Other,Other,False,False,False,0,-1,False,Other,B,Other,Other,Other,Other,Other,A,Other,Other
2026-09-22,2026-09-22,0,834,825,834,14:36:50.000,14:40:42.000,232,29705,23409.0000,23388.0000,-21.0000,-0.0897090862488786364218890200,23400.0000,37.8000,29.0000,-8.8000,-23.280423280423280423280423280,44.4000,53.8000,9.4000,21.171171171171171171171171170,Other,Other,False,False,False,0,-1,False,B,Other,Other,Other,Other,Other,A,Other,Other,Other
2026-09-22,2026-09-22,0,835,826,835,14:37:07.000,14:41:13.000,246,29900,23398.7000,23385.0000,-13.7000,-0.0585502613393051750738288900,23400.0000,32.5000,26.1500,-6.3500,-19.538461538461538461538461540,50.5000,57.3500,6.8500,13.564356435643564356435643560,Other,Other,False,False,False,0,-1,False,Other,Other,Other,Other,Other,A,Other,Other,Other,Other
2026-09-22,2026-09-22,0,836,827,836,14:37:27.000,14:41:37.000,250,29965,23397.0000,23385.0000,-12.0000,-0.0512886267470188485703295300,23400.0000,32.3000,26.8000,-5.5000,-17.027863777089783281733746130,50.8000,56.2500,5.4500,10.728346456692913385826771650,Other,Other,False,False,False,0,-1,False,Other,Other,Other,Other,A,Other,Other,Other,Other,Other
2026-09-22,2026-09-22,0,837,828,837,14:37:48.000,14:41:57.000,249,29250,23395.6000,23385.2000,-10.4000,-0.0444528030911795380327924900,23400.0000,31.4000,28.7000,-2.7000,-8.598726114649681528662420380,51.4500,52.8000,1.3500,2.6239067055393586005830903800,Other,Other,False,False,False,0,-1,False,Other,Other,Other,A,Other,Other,Other,Other,Other,Other
2026-09-22,2026-09-22,0,838,829,838,14:38:04.000,14:42:15.000,251,29835,23396.6000,23385.4000,-11.2000,-0.0478702033628817862424454800,23400.0000,32.7500,23.3500,-9.4000,-28.702290076335877862595419850,50.0500,60.4500,10.4000,20.779220779220779220779220780,Other,Other,False,False,False,0,-1,False,Other,Other,A,Other,Other,Other,Other,Other,Other,A
2026-09-22,2026-09-22,0,839,830,839,14:38:22.000,14:42:18.000,236,29835,23395.0000,23379.1000,-15.9000,-0.0679632400085488352212011100,23400.0000,32.7000,23.0000,-9.7000,-29.663608562691131498470948010,49.6000,60.9000,11.3000,22.782258064516129032258064520,Other,Other,False,False,False,0,-1,False,Other,A,Other,Other,Other,Other,Other,Other,A,Other
2026-09-22,2026-09-22,0,840,831,840,14:38:50.000,14:42:23.000,213,30485,23390.0000,23380.4000,-9.6000,-0.0410431808465156049593843500,23400.0000,28.1500,21.4500,-6.7000,-23.801065719360568383658969800,53.8000,62.4000,8.6000,15.985130111524163568773234200,Other,Other,False,False,False,0,-1,False,A,Other,Other,Other,Other,Other,Other,A,Other,A
2026-09-22,2026-09-22,0,841,832,841,14:39:02.000,14:42:38.000,216,31785,23392.4000,23370.0000,-22.4000,-0.0957575964843282433610916400,23350.0000,54.1000,43.4500,-10.6500,-19.685767097966728280961182990,28.3000,34.3500,6.0500,21.378091872791519434628975270,Other,Other,False,False,False,0,-1,False,Other,Other,Other,Other,Other,Other,A,Other,A,Other
2026-09-22,2026-09-22,0,842,833,842,14:39:42.000,14:42:45.000,183,31785,23393.0000,23375.0000,-18.0000,-0.076946094985679476766554100,23350.0000,55.9000,45.5000,-10.4000,-18.604651162790697674418604650,27.6500,32.9000,5.2500,18.987341772151898734177215190,Other,Other,False,False,False,0,-1,False,Other,Other,Other,Other,Other,A,Other,A,Other,Other
2026-09-22,2026-09-22,0,843,834,843,14:40:22.000,14:43:21.000,179,30875,23399.9000,23375.5000,-24.4000,-0.1042739498886747379262304500,23400.0000,30.5500,23.8500,-6.7000,-21.93126022913256955810147300,52.6500,58.6000,5.9500,11.301044634377967711301044630,Other,Other,False,False,False,0,-1,False,Other,Other,Other,Other,A,Other,A,Other,Other,Other
2026-09-22,2026-09-22,0,844,835,844,14:40:42.000,14:43:38.000,176,31200,23388.0000,23373.5000,-14.5000,-0.0619976056097143834445014500,23350.0000,53.6500,46.4500,-7.2000,-13.420316868592730661696178940,28.7500,32.6000,3.8500,13.391304347826086956521739130,Other,Other,False,False,False,0,-1,False,Other,Other,Other,A,Other,A,Other,Other,Other,Other
2026-09-22,2026-09-22,0,845,836,845,14:41:13.000,14:43:43.000,150,32760,23385.0000,23376.0000,-9.0000,-0.0384862091084028223220012800,23400.0000,26.1500,24.4500,-1.7000,-6.5009560229445506692160611900,57.3500,58.5000,1.1500,2.0052310374891020052310374900,Other,Other,False,False,False,0,-1,False,Other,Other,A,Other,A,Other,Other,Other,Other,Other
2026-09-22,2026-09-22,0,846,837,846,14:41:37.000,14:43:55.000,138,32695,23385.0000,23380.0000,-5.0000,-0.0213812272824460124011118200,23400.0000,26.8000,24.0500,-2.7500,-10.261194029850746268656716420,56.2500,59.6000,3.3500,5.9555555555555555555555555600,Other,Other,False,False,False,0,-1,False,Other,A,Other,A,Other,Other,Other,Other,Other,Other
2026-09-22,2026-09-22,0,847,838,847,14:41:57.000,14:45:05.000,188,33150,23385.2000,23376.0000,-9.2000,-0.0393411217351145168739202600,23400.0000,28.7000,23.8500,-4.8500,-16.898954703832752613240418120,52.8000,59.4000,6.6000,12.500,Other,Other,False,False,False,0,-1,False,A,Other,A,Other,Other,Other,Other,Other,Other,B
2026-09-22,2026-09-22,0,848,839,848,14:42:15.000,14:45:40.000,205,36075,23385.4000,23387.0000,1.6000,0.0068418757002232161947197800,23400.0000,23.3500,27.3500,4.0000,17.130620985010706638115631690,60.4500,51.7500,-8.7000,-14.392059553349875930521091810,Other,Other,False,False,False,0,-1,False,Other,A,Other,Other,Other,Other,Other,Other,B,Other
2026-09-22,2026-09-22,0,849,840,849,14:42:18.000,14:45:40.000,202,37765,23379.1000,23387.0000,7.9000,0.0337908644900787455462357400,23400.0000,23.0000,27.3500,4.3500,18.913043478260869565217391300,60.9000,51.7500,-9.1500,-15.024630541871921182266009850,Other,Other,False,False,False,0,-1,False,A,Other,Other,Other,Other,Other,Other,B,Other,Other
2026-09-22,2026-09-22,0,850,841,850,14:42:23.000,14:45:47.000,204,36920,23380.4000,23388.0000,7.6000,0.0325058596089031838634069600,23400.0000,21.4500,26.7500,5.3000,24.708624708624708624708624710,62.4000,53.0500,-9.3500,-14.983974358974358974358974360,Other,Other,False,False,False,0,-1,False,Other,Other,Other,Other,Other,Other,B,Other,Other,Other
2026-09-22,2026-09-22,0,851,842,851,14:42:38.000,14:46:09.000,211,35685,23370.0000,23396.0000,26.0000,0.111253744116388532306375700,23400.0000,22.2500,26.0500,3.8000,17.078651685393258426966292130,62.0000,54.3500,-7.6500,-12.338709677419354838709677420,Other,Other,False,False,False,0,-1,False,Other,Other,Other,Other,Other,B,Other,Other,Other,A
2026-09-22,2026-09-22,0,852,843,852,14:42:45.000,14:46:23.000,218,36530,23375.0000,23394.0000,19.0000,0.0812834224598930481283422500,23400.0000,22.9000,26.5500,3.6500,15.938864628820960698689956330,60.2000,54.3000,-5.9000,-9.800664451827242524916943520,Other,Other,False,False,False,0,-1,False,Other,Other,Other,Other,B,Other,Other,Other,A,Other
2026-09-22,2026-09-22,0,853,844,853,14:43:21.000,14:46:30.000,189,36660,23375.5000,23381.0000,5.5000,0.0235289084725460417958974100,23400.0000,23.8500,25.9500,2.1000,8.805031446540880503144654090,58.6000,54.0000,-4.6000,-7.8498293515358361774744027300,Other,Other,False,False,False,0,-1,False,Other,Other,Other,B,Other,Other,Other,A,Other,Other
2026-09-22,2026-09-22,0,854,845,854,14:43:38.000,14:47:56.000,258,35945,23373.5000,23390.0000,16.5000,0.070592765311142961045628600,23400.0000,23.8500,25.1500,1.3000,5.4507337526205450733752620500,59.8000,53.0500,-6.7500,-11.287625418060200668896321070,Other,Other,False,False,False,0,-1,False,Other,Other,B,Other,Other,Other,A,Other,Other,Other
2026-09-22,2026-09-22,0,855,846,855,14:43:43.000,14:49:31.000,348,34515,23376.0000,23382.3000,6.3000,0.0269507186858316221765913800,23400.0000,24.4500,23.0500,-1.4000,-5.7259713701431492842535787300,58.5000,53.0000,-5.5000,-9.401709401709401709401709400,Other,Other,False,False,False,0,-1,False,Other,B,Other,Other,Other,A,Other,Other,Other,Other
2026-09-22,2026-09-22,0,856,847,856,14:43:55.000,14:49:41.000,346,34645,23380.0000,23383.8000,3.8000,0.016253207869974337040205300,23400.0000,24.0500,22.7000,-1.3500,-5.6133056133056133056133056100,59.6000,53.4500,-6.1500,-10.318791946308724832214765100,Other,Other,False,False,False,0,-1,False,B,Other,Other,Other,A,Other,Other,Other,Other,A
2026-09-22,2026-09-22,0,857,848,857,14:45:05.000,14:50:01.000,296,34190,23376.0000,23381.9000,5.9000,0.0252395619438740588637919200,23400.0000,23.8500,20.6000,-3.2500,-13.626834381551362683438155140,59.4000,55.8500,-3.5500,-5.9764309764309764309764309800,Other,Other,False,False,False,0,-1,False,Other,Other,Other,A,Other,Other,Other,Other,A,Other
2026-09-22,2026-09-22,0,858,849,858,14:45:40.000,14:50:17.000,277,30095,23387.0000,23379.3000,-7.7000,-0.032924274169410356180784200,23400.0000,27.3500,20.8500,-6.5000,-23.765996343692870201096892140,51.7500,55.8000,4.0500,7.8260869565217391304347826100,Other,Other,False,False,False,0,-1,False,Other,Other,A,Other,Other,Other,Other,A,Other,Other
2026-09-22,2026-09-22,0,859,850,859,14:45:41.000,14:50:57.000,316,28405,23388.1000,23389.0000,0.9000,0.003848110791385362641685300,23400.0000,27.8000,24.9000,-2.9000,-10.431654676258992805755395680,51.4000,48.2500,-3.1500,-6.1284046692607003891050583700,Other,Other,False,False,False,0,-1,False,Other,A,Other,Other,Other,Other,A,Other,Other,Other
2026-09-22,2026-09-22,0,860,851,860,14:45:47.000,14:51:36.000,349,28405,23388.0000,23380.5000,-7.5000,-0.0320677270395074397126731700,23400.0000,26.7500,23.9500,-2.8000,-10.467289719626168224299065420,53.0500,50.8000,-2.2500,-4.2412818096135721017907634300,Other,Other,False,False,False,0,-1,False,A,Other,Other,Other,Other,A,Other,Other,Other,B
2026-09-22,2026-09-22,0,861,852,861,14:46:09.000,14:52:07.000,358,28925,23396.0000,23376.9000,-19.1000,-0.0816378868182595315438536500,23400.0000,26.0500,20.9000,-5.1500,-19.769673704414587332053742800,54.3500,54.3500,0.0000,0,Other,Other,False,False,False,0,-1,False,Other,Other,Other,Other,A,Other,Other,Other,B,Other
2026-09-22,2026-09-22,0,862,853,862,14:46:23.000,14:52:27.000,364,28860,23394.0000,23380.0000,-14.0000,-0.0598444045481747456612806700,23400.0000,26.5500,21.2000,-5.3500,-20.150659133709981167608286250,54.3000,53.5500,-0.7500,-1.3812154696132596685082872900,Other,Other,False,False,False,0,-1,False,Other,Other,Other,A,Other,Other,Other,B,Other,A
2026-09-22,2026-09-22,0,863,854,863,14:46:30.000,14:52:50.000,380,28925,23381.0000,23385.0000,4.0000,0.0171079081305333390359693800,23400.0000,25.9500,23.3000,-2.6500,-10.211946050096339113680154140,54.0000,49.0000,-5.0000,-9.259259259259259259259259260,Other,Other,False,False,False,0,-1,False,Other,Other,A,Other,Other,Other,B,Other,A,Other
2026-09-22,2026-09-22,0,864,855,864,14:47:56.000,14:53:08.000,312,29185,23390.0000,23380.2000,-9.8000,-0.0418982471141513467293715300,23400.0000,25.1500,22.0500,-3.1000,-12.326043737574552683896620280,53.0500,50.8000,-2.2500,-4.2412818096135721017907634300,Other,Other,False,False,False,0,-1,False,Other,A,Other,Other,Other,B,Other,A,Other,B
2026-09-22,2026-09-22,0,865,856,865,14:49:31.000,14:53:29.000,238,29055,23382.3000,23381.0000,-1.3000,-0.005559761015811104981118200,23400.0000,23.0500,22.7000,-0.3500,-1.5184381778741865509761388300,53.0000,50.7500,-2.2500,-4.2452830188679245283018867900,Other,Other,False,False,False,0,-1,False,A,Other,Other,Other,B,Other,A,Other,B,Other
2026-09-22,2026-09-22,0,866,857,866,14:49:41.000,14:53:35.000,234,29770,23383.8000,23376.5000,-7.3000,-0.03121819379228354672893200,23400.0000,22.7000,21.0500,-1.6500,-7.2687224669603524229074889900,53.4500,52.9000,-0.5500,-1.0289990645463049579045837200,Other,Other,False,False,False,0,-1,False,Other,Other,Other,B,Other,A,Other,B,Other,Other
2026-09-22,2026-09-22,0,867,858,867,14:50:01.000,14:53:40.000,219,29640,23381.9000,23379.1000,-2.8000,-0.0119750747372967979505514900,23400.0000,20.6000,21.5500,0.9500,4.6116504854368932038834951500,55.8500,52.2000,-3.6500,-6.5353625783348254252461951700,B,Other,True,False,False,1,83,False,Other,Other,B,Other,A,Other,B,Other,Other,Other
2026-09-22,2026-09-22,0,868,859,868,14:50:17.000,14:54:00.000,223,29705,23379.3000,23377.1000,-2.2000,-0.0094100336622567827094908700,23400.0000,20.8500,20.9000,0.0500,0.2398081534772182254196642700,55.8000,53.3500,-2.4500,-4.3906810035842293906810035800,B,B,False,True,False,2,83,False,Other,B,Other,A,Other,B,Other,Other,Other,B
2026-09-22,2026-09-22,0,869,860,869,14:50:57.000,14:54:34.000,217,29770,23389.0000,23379.9000,-9.1000,-0.0389071785882252340843986500,23400.0000,24.9000,22.1000,-2.8000,-11.24497991967871485943775100,48.2500,52.3500,4.1000,8.497409326424870466321243520,Other,B,False,False,True,0,-1,False,B,Other,A,Other,B,Other,Other,Other,B,Other
2026-09-22,2026-09-22,0,870,861,870,14:51:36.000,14:54:57.000,201,29900,23380.5000,23380.2000,-0.3000,-0.0012831205491755950471546800,23400.0000,23.9500,22.6000,-1.3500,-5.6367432150313152400835073100,50.8000,51.3500,0.5500,1.0826771653543307086614173200,Other,Other,False,False,False,0,-1,False,Other,A,Other,B,Other,Other,Other,B,Other,Other
2026-09-22,2026-09-22,0,871,862,871,14:52:07.000,14:55:10.000,183,29640,23376.9000,23381.6000,4.7000,0.0201053176426301177658286600,23400.0000,20.9000,22.7500,1.8500,8.851674641148325358851674640,54.3500,52.2500,-2.1000,-3.8638454461821527138914443400,Other,Other,False,False,False,0,-1,False,A,Other,B,Other,Other,Other,B,Other,Other,A
2026-09-22,2026-09-22,0,872,863,872,14:52:27.000,14:55:26.000,179,30160,23380.0000,23376.3000,-3.7000,-0.0158254918733960650128314800,23400.0000,21.2000,20.6500,-0.5500,-2.5943396226415094339622641500,53.5500,53.8000,0.2500,0.4668534080298786181139122300,Other,Other,False,False,False,0,-1,False,Other,B,Other,Other,Other,B,Other,Other,A,Other
2026-09-22,2026-09-22,0,873,864,873,14:52:50.000,14:55:36.000,166,30485,23385.0000,23378.7000,-6.3000,-0.026940346375881975625400900,23400.0000,23.3000,22.1500,-1.1500,-4.9356223175965665236051502100,49.0000,52.1500,3.1500,6.4285714285714285714285714300,Other,Other,False,False,False,0,-1,False,B,Other,Other,Other,B,Other,Other,A,Other,Other
2026-09-22,2026-09-22,0,874,865,874,14:53:08.000,14:55:52.000,164,30290,23380.2000,23382.9000,2.7000,0.0115482331203325891138655800,23400.0000,22.0500,23.5000,1.4500,6.5759637188208616780045351500,50.8000,50.3500,-0.4500,-0.8858267716535433070866141700,Other,Other,False,False,False,0,-1,False,Other,Other,Other,B,Other,Other,A,Other,Other,Other
2026-09-22,2026-09-22,0,875,866,875,14:53:29.000,14:56:08.000,159,30485,23381.0000,23378.8000,-2.2000,-0.0094093494717933364697831600,23400.0000,22.7000,21.6000,-1.1000,-4.8458149779735682819383259900,50.7500,52.6000,1.8500,3.6453201970443349753694581300,Other,Other,False,False,False,0,-1,False,Other,Other,B,Other,Other,A,Other,Other,Other,Other
2026-09-22,2026-09-22,0,876,867,876,14:53:35.000,14:56:16.000,161,30420,23376.5000,23377.5000,1.0000,0.0042778003550574294697666500,23400.0000,21.0500,21.0000,-0.0500,-0.2375296912114014251781472700,52.9000,53.3500,0.4500,0.8506616257088846880907372400,A,Other,True,False,False,1,84,False,Other,B,Other,Other,A,Other,Other,Other,Other,Other
2026-09-22,2026-09-22,0,877,868,877,14:53:40.000,14:56:22.000,162,30485,23379.1000,23377.2000,-1.9000,-0.0081269167760948881693478400,23400.0000,21.5500,21.0500,-0.5000,-2.3201856148491879350348027800,52.2000,53.4000,1.2000,2.2988505747126436781609195400,Other,A,False,False,True,0,-1,False,B,Other,Other,A,Other,Other,Other,Other,Other,Other
2026-09-22,2026-09-22,0,878,869,878,14:54:00.000,14:56:42.000,162,30420,23377.1000,23375.4000,-1.7000,-0.0072720739527144085451146600,23400.0000,20.9000,20.6500,-0.2500,-1.1961722488038277511961722500,53.3500,53.6500,0.3000,0.5623242736644798500468603600,Other,Other,False,False,False,0,-1,False,Other,Other,A,Other,Other,Other,Other,Other,Other,Other
2026-09-22,2026-09-22,0,879,870,879,14:54:34.000,14:56:47.000,133,31070,23379.9000,23380.6000,0.7000,0.002994024781970838198623600,23400.0000,22.1000,22.0500,-0.0500,-0.226244343891402714932126700,52.3500,51.3000,-1.0500,-2.0057306590257879656160458500,Other,Other,False,False,False,0,-1,False,Other,A,Other,Other,Other,Other,Other,Other,Other,Other
2026-09-22,2026-09-22,0,880,871,880,14:54:57.000,14:56:49.000,112,31915,23380.2000,23380.6000,0.4000,0.0017108493511603835724245300,23400.0000,22.6000,21.7500,-0.8500,-3.7610619469026548672566371700,51.3500,51.5000,0.1500,0.2921129503407984420642648500,A,Other,True,False,False,1,85,False,A,Other,Other,Other,Other,Other,Other,Other,Other,Other
2026-09-22,2026-09-22,0,881,872,881,14:55:10.000,14:57:02.000,112,31590,23381.6000,23378.3000,-3.3000,-0.0141136620248400451637184800,23400.0000,22.7500,21.4500,-1.3000,-5.7142857142857142857142857100,52.2500,52.3000,0.0500,0.0956937799043062200956937800,Other,A,False,False,True,0,-1,False,Other,Other,Other,Other,Other,Other,Other,Other,Other,Other
2026-09-22,2026-09-22,0,882,873,882,14:55:26.000,14:57:08.000,102,32045,23376.3000,23378.4000,2.1000,0.0089834576044968622065938600,23400.0000,20.6500,21.0000,0.3500,1.6949152542372881355932203400,53.8000,52.7000,-1.1000,-2.044609665427509293680297400,Other,Other,False,False,False,0,-1,False,Other,Other,Other,Other,Other,Other,Other,Other,Other,A
2026-09-22,2026-09-22,0,883,874,883,14:55:36.000,14:57:13.000,97,32760,23378.7000,23377.1000,-1.6000,-0.006843836483636814707404600,23400.0000,22.1500,20.6000,-1.5500,-6.9977426636568848758465011300,52.1500,53.5000,1.3500,2.5886864813039309683604985600,Other,Other,False,False,False,0,-1,False,Other,Other,Other,Other,Other,Other,Other,Other,A,Other
2026-09-22,2026-09-22,0,884,875,884,14:55:52.000,14:57:15.000,83,33085,23382.9000,23377.3000,-5.6000,-0.0239491252154352112013479900,23400.0000,23.5000,20.6000,-2.9000,-12.340425531914893617021276600,50.3500,53.4500,3.1000,6.1569016881827209533267130100,Other,Other,False,False,False,0,-1,False,Other,Other,Other,Other,Other,Other,Other,A,Other,A
2026-09-22,2026-09-22,0,885,876,885,14:56:08.000,14:57:17.000,69,34320,23378.8000,23376.5000,-2.3000,-0.0098379728643044125446986200,23400.0000,21.6000,20.5000,-1.1000,-5.0925925925925925925925925900,52.6000,53.5500,0.9500,1.8060836501901140684410646400,Other,Other,False,False,False,0,-1,False,Other,Other,Other,Other,Other,Other,A,Other,A,Other
2026-09-22,2026-09-22,0,886,877,886,14:56:16.000,14:57:18.000,62,33475,23377.5000,23376.9000,-0.6000,-0.0025665704202759063201796600,23400.0000,21.0000,20.7000,-0.3000,-1.4285714285714285714285714300,53.3500,53.0000,-0.3500,-0.6560449859418931583880037500,Other,Other,False,False,False,0,-1,False,Other,Other,Other,Other,Other,A,Other,A,Other,Other
2026-09-22,2026-09-22,0,887,878,887,14:56:22.000,14:57:20.000,58,34450,23377.2000,23376.4000,-0.8000,-0.0034221378094895881457146300,23400.0000,21.0500,20.6500,-0.4000,-1.9002375296912114014251781500,53.4000,53.3000,-0.1000,-0.1872659176029962546816479400,Other,Other,False,False,False,0,-1,False,Other,Other,Other,Other,A,Other,A,Other,Other,Other
2026-09-22,2026-09-22,0,888,879,888,14:56:42.000,14:57:23.000,41,34255,23375.4000,23377.0000,1.6000,0.0068448026557834304439710100,23400.0000,20.6500,20.7500,0.1000,0.4842615012106537530266343800,53.6500,53.2500,-0.4000,-0.7455731593662628145386766100,Other,Other,False,False,False,0,-1,False,Other,Other,Other,A,Other,A,Other,Other,Other,Other
2026-09-22,2026-09-22,0,889,880,889,14:56:47.000,14:57:43.000,56,33930,23380.6000,23378.0000,-2.6000,-0.0111203305304397663019768500,23400.0000,22.0500,20.7000,-1.3500,-6.1224489795918367346938775500,51.3000,52.9500,1.6500,3.2163742690058479532163742700,Other,Other,False,False,False,0,-1,False,Other,Other,A,Other,A,Other,Other,Other,Other,Other
2026-09-22,2026-09-22,0,890,881,890,14:56:49.000,14:57:47.000,58,34060,23380.6000,23376.4000,-4.2000,-0.0179636108568642378724241500,23400.0000,21.7500,20.2500,-1.5000,-6.8965517241379310344827586200,51.5000,53.6500,2.1500,4.1747572815533980582524271800,Other,Other,False,False,False,0,-1,False,Other,A,Other,A,Other,Other,Other,Other,Other,Other
2026-09-22,2026-09-22,0,891,882,891,14:57:02.000,14:57:49.000,47,35555,23378.3000,23375.9000,-2.4000,-0.0102659303713272564728829700,23400.0000,21.4500,20.3000,-1.1500,-5.3613053613053613053613053600,52.3000,53.6000,1.3000,2.4856596558317399617590822200,Other,Other,False,False,False,0,-1,False,A,Other,A,Other,Other,Other,Other,Other,Other,Other
2026-09-22,2026-09-22,0,892,883,892,14:57:08.000,14:57:54.000,46,37375,23378.4000,23376.5000,-1.9000,-0.0081271601136091434828730800,23400.0000,21.0000,20.2000,-0.8000,-3.8095238095238095238095238100,52.7000,53.7000,1.0000,1.8975332068311195445920303600,Other,Other,False,False,False,0,-1,False,Other,A,Other,Other,Other,Other,Other,Other,Other,Other
2026-09-22,2026-09-22,0,893,884,893,14:57:13.000,14:57:54.000,41,36855,23377.1000,23376.5000,-0.6000,-0.0025666143362521441923934100,23400.0000,20.6000,20.2000,-0.4000,-1.9417475728155339805825242700,53.5000,53.7000,0.2000,0.3738317757009345794392523400,Other,Other,False,False,False,0,-1,False,A,Other,Other,Other,Other,Other,Other,Other,Other,Other
2026-09-22,2026-09-22,0,894,885,894,14:57:15.000,14:57:57.000,42,38480,23377.3000,23376.4000,-0.9000,-0.0038498885671142518597100600,23400.0000,20.6000,20.1000,-0.5000,-2.4271844660194174757281553400,53.4500,53.8000,0.3500,0.6548175865294667913938260100,Other,Other,False,False,False,0,-1,False,Other,Other,Other,Other,Other,Other,Other,Other,Other,Other
2026-09-22,2026-09-22,0,895,886,895,14:57:17.000,14:57:59.000,42,37635,23376.5000,23375.6000,-0.9000,-0.0038500203195516865227899800,23400.0000,20.5000,19.4500,-1.0500,-5.1219512195121951219512195100,53.5500,54.4000,0.8500,1.5873015873015873015873015900,Other,Other,False,False,False,0,-1,False,Other,Other,Other,Other,Other,Other,Other,Other,Other,Other
2026-09-22,2026-09-22,0,896,887,896,14:57:18.000,14:58:02.000,44,38220,23376.9000,23375.3000,-1.6000,-0.0068443634528102528564523100,23400.0000,20.7000,19.7000,-1.0000,-4.8309178743961352657004830900,53.0000,54.3000,1.3000,2.4528301886792452830188679200,Other,Other,False,False,False,0,-1,False,Other,Other,Other,Other,Other,Other,Other,Other,Other,B
2026-09-22,2026-09-22,0,897,888,897,14:57:20.000,14:58:06.000,46,40430,23376.4000,23370.7000,-5.7000,-0.0243835663318560599579062600,23350.0000,43.3000,39.1500,-4.1500,-9.584295612009237875288683600,26.7500,29.1000,2.3500,8.785046728971962616822429910,Other,Other,False,False,False,0,-1,False,Other,Other,Other,Other,Other,Other,Other,Other,B,Other
2026-09-22,2026-09-22,0,898,889,898,14:57:23.000,14:58:06.000,43,41080,23377.0000,23370.7000,-6.3000,-0.0269495658125507977927022300,23350.0000,43.7000,39.1500,-4.5500,-10.411899313501144164759725400,26.6500,29.1000,2.4500,9.193245778611632270168855530,Other,Other,False,False,False,0,-1,False,Other,Other,Other,Other,Other,Other,Other,B,Other,Other
2026-09-22,2026-09-22,0,899,890,899,14:57:43.000,14:58:07.000,24,48945,23378.0000,23370.2000,-7.8000,-0.0333647018564462314997005700,23350.0000,44.2000,39.0500,-5.1500,-11.651583710407239819004524890,26.2000,29.1500,2.9500,11.259541984732824427480916030,Other,Other,False,False,False,0,-1,False,Other,Other,Other,Other,Other,Other,B,Other,Other,Other
2026-09-22,2026-09-22,0,900,891,900,14:57:47.000,14:58:07.000,20,53300,23376.4000,23370.2000,-6.2000,-0.0265224756592118546910559400,23350.0000,43.0500,39.0500,-4.0000,-9.291521486643437862950058070,26.8000,29.1500,2.3500,8.768656716417910447761194030,Other,Other,False,False,False,0,-1,False,Other,Other,Other,Other,Other,B,Other,Other,Other,Other
2026-09-22,2026-09-22,0,901,892,901,14:57:49.000,14:58:08.000,19,54860,23375.9000,23370.0000,-5.9000,-0.0252396699164524146663871800,23350.0000,43.1000,39.1500,-3.9500,-9.16473317865429234338747100,26.8000,29.2000,2.4000,8.955223880597014925373134330,Other,Other,False,False,False,0,-1,False,Other,Other,Other,Other,B,Other,Other,Other,Other,Other
2026-09-22,2026-09-22,0,902,893,902,14:57:54.000,14:58:08.000,14,51740,23376.5000,23370.0000,-6.5000,-0.027805702307873291553483200,23350.0000,43.0000,39.1500,-3.8500,-8.953488372093023255813953490,26.9500,29.2000,2.2500,8.348794063079777365491651210,Other,Other,False,False,False,0,-1,False,Other,Other,Other,B,Other,Other,Other,Other,Other,Other
2026-09-22,2026-09-22,0,903,894,903,14:57:55.000,14:58:09.000,14,50765,23376.6000,23369.8000,-6.8000,-0.0290889179778068666957555800,23350.0000,43.4500,39.3500,-4.1000,-9.436133486766398158803222090,26.6000,29.2000,2.6000,9.774436090225563909774436090,Other,Other,False,False,False,0,-1,False,Other,Other,B,Other,Other,Other,Other,Other,Other,Other
2026-09-22,2026-09-22,0,904,895,904,14:57:57.000,14:58:17.000,20,49985,23376.4000,23371.4000,-5.0000,-0.0213890932735579473314967200,23350.0000,42.9500,40.7000,-2.2500,-5.2386495925494761350407450500,26.9500,28.6500,1.7000,6.3079777365491651205936920200,Other,Other,False,False,False,0,-1,False,Other,B,Other,Other,Other,Other,Other,Other,Other,Other
2026-09-22,2026-09-22,0,905,896,905,14:57:59.000,14:58:20.000,21,49985,23375.6000,23371.6000,-4.0000,-0.017111860230325638700183100,23350.0000,42.6500,40.9500,-1.7000,-3.9859320046893317702227432600,27.1000,28.3500,1.2500,4.6125461254612546125461254600,Other,Other,False,False,False,0,-1,False,B,Other,Other,Other,Other,Other,Other,Other,Other,Other
2026-09-22,2026-09-22,0,906,897,906,14:58:02.000,14:58:22.000,20,56615,23375.3000,23369.9000,-5.4000,-0.0231013077907021514162385100,23350.0000,42.3500,39.1500,-3.2000,-7.5560802833530106257378984700,27.3500,30.0000,2.6500,9.689213893967093235831809870,Other,Other,False,False,False,0,-1,False,Other,Other,Other,Other,Other,Other,Other,Other,Other,Other
2026-09-22,2026-09-22,0,907,898,907,14:58:06.000,14:58:22.000,16,57980,23370.7000,23369.9000,-0.8000,-0.0034230895950912895206390900,23350.0000,39.1500,39.1500,0.0000,0,29.1000,30.0000,0.9000,3.0927835051546391752577319600,Other,Other,False,False,False,0,-1,False,Other,Other,Other,Other,Other,Other,Other,Other,Other,Other
2026-09-22,2026-09-22,0,908,899,908,14:58:06.000,14:58:23.000,17,59345,23370.9000,23369.3000,-1.6000,-0.0068461206029720721067652500,23350.0000,39.1500,39.7000,0.5500,1.4048531289910600255427841600,29.1000,29.6500,0.5500,1.8900343642611683848797250900,Other,Other,False,False,False,0,-1,False,Other,Other,Other,Other,Other,Other,Other,Other,Other,Other
2026-09-22,2026-09-22,0,909,900,909,14:58:07.000,14:58:24.000,17,59020,23370.2000,23370.6000,0.4000,0.0017115814156489888832787100,23350.0000,39.0500,39.9000,0.8500,2.1766965428937259923175416100,29.1500,29.7000,0.5500,1.8867924528301886792452830200,Other,Other,False,False,False,0,-1,False,Other,Other,Other,Other,Other,Other,Other,Other,Other,Other
2026-09-22,2026-09-22,0,910,901,910,14:58:08.000,14:58:24.000,16,58695,23370.0000,23370.6000,0.6000,0.0025673940949935815147625200,23350.0000,39.1500,39.9000,0.7500,1.9157088122605363984674329500,29.2000,29.7000,0.5000,1.7123287671232876712328767100,Other,Other,False,False,False,0,-1,False,Other,Other,Other,Other,Other,Other,Other,Other,Other,Other
2026-09-22,2026-09-22,0,911,902,911,14:58:08.000,14:58:25.000,17,58370,23370.0000,23371.6000,1.6000,0.0068463842533162173727000400,23350.0000,39.1500,40.8500,1.7000,4.3422733077905491698595146900,29.2000,29.0500,-0.1500,-0.5136986301369863013698630100,Other,Other,False,False,False,0,-1,False,Other,Other,Other,Other,Other,Other,Other,Other,Other,Other
2026-09-22,2026-09-22,0,912,903,912,14:58:09.000,14:58:25.000,16,58045,23369.8000,23371.6000,1.8000,0.0077022482006692397881025900,23350.0000,39.3500,40.8500,1.5000,3.811944091486658195679796700,29.2000,29.0500,-0.1500,-0.5136986301369863013698630100,Other,Other,False,False,False,0,-1,False,Other,Other,Other,Other,Other,Other,Other,Other,Other,Other
2026-09-22,2026-09-22,0,913,904,913,14:58:09.000,14:58:25.000,16,59085,23369.8000,23372.2000,2.4000,0.0102696642675589863841367900,23350.0000,39.3500,40.8500,1.5000,3.811944091486658195679796700,29.2000,29.0500,-0.1500,-0.5136986301369863013698630100,Other,Other,False,False,False,0,-1,False,Other,Other,Other,Other,Other,Other,Other,Other,Other,Other
2026-09-22,2026-09-22,0,914,905,914,14:58:17.000,14:58:29.000,12,58500,23371.4000,23372.9000,1.5000,0.0064181007556243956288455100,23350.0000,40.7000,41.4000,0.7000,1.7199017199017199017199017200,28.6500,28.6000,-0.0500,-0.1745200698080279232111692800,Other,Other,False,False,False,0,-1,False,Other,Other,Other,Other,Other,Other,Other,Other,Other,Other
2026-09-22,2026-09-22,0,915,906,915,14:58:20.000,14:58:30.000,10,59735,23371.6000,23373.9000,2.3000,0.0098410036112204555956802300,23350.0000,40.9500,41.6500,0.7000,1.7094017094017094017094017100,28.3500,28.4000,0.0500,0.1763668430335097001763668400,Other,Other,False,False,False,0,-1,False,Other,Other,Other,Other,Other,Other,Other,Other,Other,Other
2026-09-22,2026-09-22,0,916,907,916,14:58:22.000,14:58:32.000,10,52845,23369.9000,23374.7000,4.8000,0.0205392406471572407241793900,23350.0000,39.1500,42.5500,3.4000,8.684546615581098339719029370,30.0000,27.7500,-2.2500,-7.500,Other,Other,False,False,False,0,-1,False,Other,Other,Other,Other,Other,Other,Other,Other,Other,Other
2026-09-22,2026-09-22,0,917,908,917,14:58:23.000,14:58:35.000,12,50830,23369.3000,23373.7000,4.4000,0.0188281206540204456273829300,23350.0000,39.7000,42.0500,2.3500,5.9193954659949622166246851400,29.6500,28.1500,-1.5000,-5.0590219224283305227655986500,Other,Other,False,False,False,0,-1,False,Other,Other,Other,Other,Other,Other,Other,Other,Other,Other
2026-09-22,2026-09-22,0,918,909,918,14:58:23.000,14:58:35.000,12,48815,23369.3000,23373.7000,4.4000,0.0188281206540204456273829300,23350.0000,39.7000,42.0500,2.3500,5.9193954659949622166246851400,29.6500,28.1500,-1.5000,-5.0590219224283305227655986500,Other,Other,False,False,False,0,-1,False,Other,Other,Other,Other,Other,Other,Other,Other,Other,Other
2026-09-22,2026-09-22,0,919,910,919,14:58:24.000,14:58:37.000,13,41925,23370.6000,23372.7000,2.1000,0.0089856486354650715000898600,23350.0000,39.9000,41.0000,1.1000,2.7568922305764411027568922300,29.7000,29.1000,-0.6000,-2.0202020202020202020202020200,Other,Other,False,False,False,0,-1,False,Other,Other,Other,Other,Other,Other,Other,Other,Other,Other
2026-09-22,2026-09-22,0,920,911,920,14:58:25.000,14:58:38.000,13,38090,23371.6000,23370.7000,-0.9000,-0.003850827500042786972222700,23350.0000,40.8500,41.0000,0.1500,0.3671970624235006119951040400,29.0500,29.0500,0.0000,0,Other,Other,False,False,False,0,-1,False,Other,Other,Other,Other,Other,Other,Other,Other,Other,B
2026-09-22,2026-09-22,0,921,912,921,14:58:25.000,14:58:40.000,15,35945,23371.6000,23371.4000,-0.2000,-0.0008557394444539526604939300,23350.0000,40.8500,40.3000,-0.5500,-1.3463892288861689106487148100,29.0500,29.3000,0.2500,0.8605851979345955249569707400,Other,Other,False,False,False,0,-1,False,Other,Other,Other,Other,Other,Other,Other,Other,B,A
2026-09-22,2026-09-22,0,922,913,922,14:58:25.000,14:58:42.000,17,35815,23372.2000,23384.5000,12.3000,0.0526266247935581588382779500,23400.0000,19.2500,18.3500,-0.9000,-4.6753246753246753246753246800,55.8500,57.5500,1.7000,3.0438675022381378692927484300,A,Other,True,False,False,1,86,False,Other,Other,Other,Other,Other,Other,Other,B,A,Other
2026-09-22,2026-09-22,0,923,914,923,14:58:25.000,14:58:45.000,20,35815,23372.2000,23370.8000,-1.4000,-0.005990022334226131900291800,23350.0000,40.8500,39.7500,-1.1000,-2.6927784577723378212974296200,29.0500,29.5000,0.4500,1.5490533562822719449225473300,Other,A,False,False,True,0,-1,False,Other,Other,Other,Other,Other,Other,B,A,Other,Other
2026-09-22,2026-09-22,0,924,915,924,14:58:29.000,14:58:48.000,19,35750,23372.9000,23371.0000,-1.9000,-0.0081290725583902724950690800,23350.0000,41.4000,40.0000,-1.4000,-3.3816425120772946859903381600,28.6000,29.1500,0.5500,1.9230769230769230769230769200,Other,Other,False,False,False,0,-1,False,Other,Other,Other,Other,Other,B,A,Other,Other,Other
2026-09-22,2026-09-22,0,925,916,925,14:58:30.000,14:58:50.000,20,33865,23373.9000,23371.4000,-2.5000,-0.0106956904923868075075190700,23350.0000,41.6500,39.6500,-2.0000,-4.8019207683073229291716686700,28.4000,28.9500,0.5500,1.9366197183098591549295774600,Other,Other,False,False,False,0,-1,False,Other,Other,Other,Other,B,A,Other,Other,Other,Other
2026-09-22,2026-09-22,0,926,917,926,14:58:32.000,14:58:53.000,21,34320,23374.7000,23370.2000,-4.5000,-0.0192515839775483749524058100,23350.0000,42.5500,39.6500,-2.9000,-6.815511163337250293772032900,27.7500,29.5500,1.8000,6.4864864864864864864864864900,Other,Other,False,False,False,0,-1,False,Other,Other,Other,B,A,Other,Other,Other,Other,Other
2026-09-22,2026-09-22,0,927,918,927,14:58:35.000,14:58:58.000,23,31785,23373.7000,23370.8000,-2.9000,-0.0124071071332309390468774700,23350.0000,42.0500,40.0000,-2.0500,-4.875148632580261593341260400,28.1500,29.3500,1.2000,4.2628774422735346358792184700,Other,Other,False,False,False,0,-1,False,Other,Other,B,A,Other,Other,Other,Other,Other,Other
2026-09-22,2026-09-22,0,928,919,928,14:58:37.000,14:59:00.000,23,49205,23373.0000,23366.0000,-7.0000,-0.0299490865528601377657981400,23350.0000,41.0000,37.0000,-4.0000,-9.756097560975609756097560980,29.1000,31.7000,2.6000,8.934707903780068728522336770,Other,Other,False,False,False,0,-1,False,Other,B,A,Other,Other,Other,Other,Other,Other,Other
2026-09-22,2026-09-22,0,929,920,929,14:58:37.000,14:59:00.000,23,62985,23372.7000,23366.0000,-6.7000,-0.0286659222083884189674278100,23350.0000,41.0000,37.0000,-4.0000,-9.756097560975609756097560980,29.1000,31.7000,2.6000,8.934707903780068728522336770,Other,Other,False,False,False,0,-1,False,B,A,Other,Other,Other,Other,Other,Other,Other,Other
2026-09-22,2026-09-22,0,930,921,930,14:58:38.000,14:59:00.000,22,73710,23370.7000,23365.7000,-5.0000,-0.0213943099693205595039943200,23350.0000,41.0000,37.0000,-4.0000,-9.756097560975609756097560980,29.0500,31.7000,2.6500,9.122203098106712564543889850,Other,Other,False,False,False,0,-1,False,A,Other,Other,Other,Other,Other,Other,Other,Other,Other
2026-09-22,2026-09-22,0,931,922,931,14:58:40.000,14:59:00.000,20,82745,23371.4000,23365.7000,-5.7000,-0.0243887828713727033896129500,23350.0000,40.3000,37.0000,-3.3000,-8.188585607940446650124069480,29.3000,31.7000,2.4000,8.191126279863481228668941980,Other,Other,False,False,False,0,-1,False,Other,Other,Other,Other,Other,Other,Other,Other,Other,Other
2026-09-22,2026-09-22,0,932,923,932,14:58:42.000,14:59:00.000,18,89765,23384.5000,23365.7000,-18.8000,-0.0803951335286193846351215500,23350.0000,40.4500,37.0000,-3.4500,-8.529048207663782447466007420,29.4500,31.7000,2.2500,7.6400679117147707979626485600,Other,Other,False,False,False,0,-1,False,Other,Other,Other,Other,Other,Other,Other,Other,Other,Other
2026-09-22,2026-09-22,0,933,924,933,14:58:45.000,14:59:01.000,16,93145,23370.8000,23365.8000,-5.0000,-0.0213942184264124463005117500,23350.0000,39.7500,38.4000,-1.3500,-3.3962264150943396226415094300,29.5000,30.6000,1.1000,3.7288135593220338983050847500,Other,Other,False,False,False,0,-1,False,Other,Other,Other,Other,Other,Other,Other,Other,Other,Other
2026-09-22,2026-09-22,0,934,925,934,14:58:48.000,14:59:01.000,13,94380,23371.0000,23365.8000,-5.2000,-0.022249796756664242009327800,23350.0000,40.0000,38.4000,-1.6000,-4.00,29.1500,30.6000,1.4500,4.9742710120068610634648370500,Other,Other,False,False,False,0,-1,False,Other,Other,Other,Other,Other,Other,Other,Other,Other,Other
2026-09-22,2026-09-22,0,935,926,935,14:58:50.000,14:59:01.000,11,107380,23371.4000,23365.5000,-5.9000,-0.0252445296387892894734590100,23350.0000,39.6500,38.4000,-1.2500,-3.1525851197982345523329129900,28.9500,30.6000,1.6500,5.699481865284974093264248700,Other,Other,False,False,False,0,-1,False,Other,Other,Other,Other,Other,Other,Other,Other,Other,Other
2026-09-22,2026-09-22,0,936,927,936,14:58:53.000,14:59:01.000,8,117195,23370.2000,23365.5000,-4.7000,-0.0201110816338756193785247900,23350.0000,39.6500,38.4000,-1.2500,-3.1525851197982345523329129900,29.5500,30.6000,1.0500,3.5532994923857868020304568500,Other,Other,False,False,False,0,-1,False,Other,Other,Other,Other,Other,Other,Other,Other,Other,Other
2026-09-22,2026-09-22,0,937,928,937,14:58:58.000,14:59:03.000,5,125125,23370.8000,23367.9000,-2.9000,-0.0124086466873192188542968100,23350.0000,40.0000,37.4500,-2.5500,-6.37500,29.3500,31.6000,2.2500,7.6660988074957410562180579200,Other,Other,False,False,False,0,-1,False,Other,Other,Other,Other,Other,Other,Other,Other,Other,Other
2026-09-22,2026-09-22,0,938,929,938,14:59:00.000,14:59:03.000,3,113100,23366.0000,23367.9000,1.9000,0.0081314730805443807241290800,23350.0000,37.0000,37.4500,0.4500,1.2162162162162162162162162200,31.7000,31.6000,-0.1000,-0.3154574132492113564668769700,Other,Other,False,False,False,0,-1,False,Other,Other,Other,Other,Other,Other,Other,Other,Other,Other
2026-09-22,2026-09-22,0,939,930,939,14:59:00.000,14:59:03.000,3,101205,23365.7000,23364.6000,-1.1000,-0.0047077553850301938311285300,23350.0000,37.0000,37.4500,0.4500,1.2162162162162162162162162200,31.7000,31.6000,-0.1000,-0.3154574132492113564668769700,B,Other,True,False,False,1,87,False,Other,Other,Other,Other,Other,Other,Other,Other,Other,Other
2026-09-22,2026-09-22,0,940,931,940,14:59:00.000,14:59:03.000,3,89310,23365.7000,23364.6000,-1.1000,-0.0047077553850301938311285300,23350.0000,37.0000,37.4500,0.4500,1.2162162162162162162162162200,31.7000,31.6000,-0.1000,-0.3154574132492113564668769700,B,B,False,True,False,2,87,False,Other,Other,Other,Other,Other,Other,Other,Other,Other,Other
2026-09-22,2026-09-22,0,941,932,941,14:59:00.000,14:59:15.000,15,79690,23365.7000,23364.6000,-1.1000,-0.0047077553850301938311285300,23350.0000,37.0000,37.2500,0.2500,0.6756756756756756756756756800,31.7000,33.0500,1.3500,4.2586750788643533123028391200,Other,B,False,False,True,0,-1,False,Other,Other,Other,Other,Other,Other,Other,Other,Other,Other
2026-09-22,2026-09-22,0,942,933,942,14:59:01.000,14:59:20.000,19,75335,23365.8000,23363.6000,-2.2000,-0.0094154704739405455837163700,23350.0000,38.4000,35.9000,-2.5000,-6.5104166666666666666666666700,30.6000,34.0500,3.4500,11.274509803921568627450980390,Other,Other,False,False,False,0,-1,False,Other,Other,Other,Other,Other,Other,Other,Other,Other,Other
2026-09-22,2026-09-22,0,943,934,943,14:59:01.000,14:59:20.000,19,70980,23365.8000,23363.6000,-2.2000,-0.0094154704739405455837163700,23350.0000,38.4000,35.9000,-2.5000,-6.5104166666666666666666666700,30.6000,34.0500,3.4500,11.274509803921568627450980390,Other,Other,False,False,False,0,-1,False,Other,Other,Other,Other,Other,Other,Other,Other,Other,Other
2026-09-22,2026-09-22,0,944,935,944,14:59:01.000,14:59:54.000,53,69225,23365.5000,23366.8000,1.3000,0.0055637585328796730221908400,23350.0000,38.4000,38.6000,0.2000,0.5208333333333333333333333300,30.6000,31.2000,0.6000,1.9607843137254901960784313700,Other,Other,False,False,False,0,-1,False,Other,Other,Other,Other,Other,Other,Other,Other,Other,Other
2026-09-22,2026-09-22,0,945,936,945,14:59:01.000,15:00:17.000,76,56420,23365.5000,23367.4000,1.9000,0.0081316470865164451862789200,23350.0000,38.4000,38.7000,0.3000,0.7812500,30.6000,30.8000,0.2000,0.6535947712418300653594771200,Other,Other,False,False,False,0,-1,False,Other,Other,Other,Other,Other,Other,Other,Other,Other,Other
2026-09-22,2026-09-22,0,946,937,946,14:59:03.000,15:00:36.000,93,48685,23367.9000,23368.5000,0.6000,0.0025676248186614971820317600,23350.0000,37.4500,39.1000,1.6500,4.4058744993324432576769025400,31.6000,30.8000,-0.8000,-2.5316455696202531645569620300,Other,Other,False,False,False,0,-1,False,Other,Other,Other,Other,Other,Other,Other,Other,Other,Other
2026-09-22,2026-09-22,0,947,938,947,14:59:03.000,15:00:36.000,93,40950,23367.9000,23368.5000,0.6000,0.0025676248186614971820317600,23350.0000,37.4500,39.1000,1.6500,4.4058744993324432576769025400,31.6000,30.8000,-0.8000,-2.5316455696202531645569620300,Other,Other,False,False,False,0,-1,False,Other,Other,Other,Other,Other,Other,Other,Other,Other,Other
2026-09-22,2026-09-22,0,948,939,948,14:59:03.000,15:00:38.000,95,36595,23364.6000,23367.5000,2.9000,0.012411939429735582890355500,23350.0000,37.4500,38.4500,1.0000,2.6702269692923898531375166900,31.6000,31.2000,-0.4000,-1.2658227848101265822784810100,Other,Other,False,False,False,0,-1,False,Other,Other,Other,Other,Other,Other,Other,Other,Other,Other
2026-09-22,2026-09-22,0,949,940,949,14:59:03.000,15:00:39.000,96,35295,23364.6000,23365.8000,1.2000,0.0051359749364423101615264100,23350.0000,37.4500,38.0000,0.5500,1.4686248331108144192256341800,31.6000,31.7500,0.1500,0.4746835443037974683544303800,Other,Other,False,False,False,0,-1,False,Other,Other,Other,Other,Other,Other,Other,Other,Other,Other
2026-09-22,2026-09-22,0,950,941,950,14:59:05.000,15:00:41.000,96,36205,23376.6000,23365.6000,-11.0000,-0.0470556026111581667137222700,23350.0000,38.7000,37.7000,-1.0000,-2.5839793281653746770025839800,30.7000,32.3500,1.6500,5.374592833876221498371335500,Other,Other,False,False,False,0,-1,False,Other,Other,Other,Other,Other,Other,Other,Other,Other,Other
2026-09-22,2026-09-22,0,951,942,951,14:59:15.000,15:00:44.000,89,36855,23364.6000,23365.0000,0.4000,0.0017119916454807700538421400,23350.0000,37.2500,38.0000,0.7500,2.0134228187919463087248322100,33.0500,32.1000,-0.9500,-2.8744326777609682299546142200,Other,Other,False,False,False,0,-1,False,Other,Other,Other,Other,Other,Other,Other,Other,Other,Other
2026-09-22,2026-09-22,0,952,943,952,14:59:20.000,15:00:57.000,97,35620,23363.6000,23364.7000,1.1000,0.0047081785341300142101388500,23350.0000,35.9000,38.0500,2.1500,5.9888579387186629526462395500,34.0500,32.2500,-1.8000,-5.2863436123348017621145374400,Other,Other,False,False,False,0,-1,False,Other,Other,Other,Other,Other,Other,Other,Other,Other,Other
2026-09-22,2026-09-22,0,953,944,953,14:59:21.000,15:01:01.000,100,36725,23363.2000,23363.1000,-0.1000,-0.0004280235584166552527051100,23350.0000,36.7000,37.1500,0.4500,1.2261580381471389645776566800,33.4500,33.1500,-0.3000,-0.8968609865470852017937219700,B,Other,True,False,False,1,88,False,Other,Other,Other,Other,Other,Other,Other,Other,Other,Other
2026-09-22,2026-09-22,0,954,945,954,14:59:54.000,15:01:07.000,73,46800,23366.8000,23359.4000,-7.4000,-0.031668863515757399387164700,23350.0000,38.6000,34.6000,-4.0000,-10.362694300518134715025906740,31.2000,35.3500,4.1500,13.301282051282051282051282050,Other,B,False,False,True,0,-1,False,Other,Other,Other,Other,Other,Other,Other,Other,Other,Other
2026-09-22,2026-09-22,0,955,946,955,15:00:17.000,15:01:07.000,50,53950,23367.4000,23359.4000,-8.0000,-0.0342357301197394660937887800,23350.0000,38.7000,34.6000,-4.1000,-10.594315245478036175710594320,30.8000,35.3500,4.5500,14.772727272727272727272727270,Other,Other,False,False,False,0,-1,False,Other,Other,Other,Other,Other,Other,Other,Other,Other,Other
2026-09-22,2026-09-22,0,956,947,956,15:00:36.000,15:01:08.000,32,56030,23368.5000,23360.2000,-8.3000,-0.0355178980251192845069217100,23350.0000,39.1000,35.2500,-3.8500,-9.846547314578005115089514070,30.8000,34.5000,3.7000,12.012987012987012987012987010,Other,Other,False,False,False,0,-1,False,Other,Other,Other,Other,Other,Other,Other,Other,Other,Other
2026-09-22,2026-09-22,0,957,948,957,15:00:37.000,15:01:08.000,31,58110,23367.9000,23360.2000,-7.7000,-0.0329511851728225471694076100,23350.0000,38.6500,35.2500,-3.4000,-8.796895213454075032341526520,31.0000,34.5000,3.5000,11.290322580645161290322580650,Other,Other,False,False,False,0,-1,False,Other,Other,Other,Other,Other,Other,Other,Other,Other,Other
2026-09-22,2026-09-22,0,958,949,958,15:00:38.000,15:01:09.000,31,67470,23367.5000,23360.7000,-6.8000,-0.0291002460682571948218679800,23350.0000,38.4500,35.3500,-3.1000,-8.062418725617685305591677500,31.2000,34.2500,3.0500,9.775641025641025641025641030,Other,Other,False,False,False,0,-1,False,Other,Other,Other,Other,Other,Other,Other,Other,Other,Other
2026-09-22,2026-09-22,0,959,950,959,15:00:39.000,15:01:09.000,30,73645,23365.8000,23360.7000,-5.1000,-0.0218267724623167193077061300,23350.0000,38.0000,35.3500,-2.6500,-6.9736842105263157894736842100,31.7500,34.2500,2.5000,7.8740157480314960629921259800,Other,Other,False,False,False,0,-1,False,Other,Other,Other,Other,Other,Other,Other,Other,Other,Other
2026-09-22,2026-09-22,0,960,951,960,15:00:41.000,15:01:09.000,28,77610,23365.6000,23361.7000,-3.9000,-0.016691204163385489779847300,23350.0000,37.7000,35.3500,-2.3500,-6.2334217506631299734748010600,32.3500,34.2500,1.9000,5.8732612055641421947449768200,Other,Other,False,False,False,0,-1,False,Other,Other,Other,Other,Other,Other,Other,Other,Other,Other
2026-09-22,2026-09-22,0,961,952,961,15:00:44.000,15:01:09.000,25,79560,23365.0000,23361.7000,-3.3000,-0.0141236892788358656109565600,23350.0000,38.0000,35.3500,-2.6500,-6.9736842105263157894736842100,32.1000,34.2500,2.1500,6.6978193146417445482866043600,Other,Other,False,False,False,0,-1,False,Other,Other,Other,Other,Other,Other,Other,Other,Other,Other
2026-09-22,2026-09-22,0,962,953,962,15:00:57.000,15:01:10.000,13,78130,23364.7000,23362.7000,-2.0000,-0.0085599215911182253570557300,23350.0000,38.0500,36.2000,-1.8500,-4.8620236530880420499342969800,32.2500,33.7500,1.5000,4.6511627906976744186046511600,Other,Other,False,False,False,0,-1,False,Other,Other,Other,Other,Other,Other,Other,Other,Other,Other
2026-09-22,2026-09-22,0,963,954,963,15:01:01.000,15:01:14.000,13,79170,23363.1000,23362.0000,-1.1000,-0.0047082792951277869803236700,23350.0000,37.1500,36.5500,-0.6000,-1.6150740242261103633916554500,33.1500,33.9500,0.8000,2.4132730015082956259426847700,Other,Other,False,False,False,0,-1,False,Other,Other,Other,Other,Other,Other,Other,Other,Other,B
2026-09-22,2026-09-22,0,964,955,964,15:01:07.000,15:01:17.000,10,69680,23359.4000,23363.1000,3.7000,0.0158394479310256256581932800,23350.0000,34.6000,37.2500,2.6500,7.6589595375722543352601156100,35.3500,33.4000,-1.9500,-5.5162659123055162659123055200,Other,Other,False,False,False,0,-1,False,Other,Other,Other,Other,Other,Other,Other,Other,B,Other
2026-09-22,2026-09-22,0,965,956,965,15:01:08.000,15:01:29.000,21,62985,23360.2000,23367.5000,7.3000,0.0312497324509207969109853500,23350.0000,35.2500,39.6000,4.3500,12.340425531914893617021276600,34.5000,30.6500,-3.8500,-11.159420289855072463768115940,Other,Other,False,False,False,0,-1,False,Other,Other,Other,Other,Other,Other,Other,B,Other,Other
2026-09-22,2026-09-22,0,966,957,966,15:01:08.000,15:01:43.000,35,58695,23360.2000,23371.5000,11.3000,0.0483728735199184938485115700,23350.0000,35.2500,40.9500,5.7000,16.170212765957446808510638300,34.5000,29.4500,-5.0500,-14.637681159420289855072463770,Other,Other,False,False,False,0,-1,False,Other,Other,Other,Other,Other,Other,B,Other,Other,Other
2026-09-22,2026-09-22,0,967,958,967,15:01:09.000,15:01:45.000,36,56355,23360.7000,23373.1000,12.4000,0.0530806011806153069043307800,23350.0000,35.3500,41.0000,5.6500,15.983026874115983026874115980,34.2500,29.1000,-5.1500,-15.036496350364963503649635040,Other,Other,False,False,False,0,-1,False,Other,Other,Other,Other,Other,B,Other,Other,Other,Other
2026-09-22,2026-09-22,0,968,959,968,15:01:09.000,15:01:47.000,38,46865,23360.7000,23371.8000,11.1000,0.0475156994439378956966186800,23350.0000,35.3500,40.5000,5.1500,14.568599717114568599717114570,34.2500,29.7500,-4.5000,-13.138686131386861313868613140,Other,Other,False,False,False,0,-1,False,Other,Other,Other,Other,B,Other,Other,Other,Other,Other
2026-09-22,2026-09-22,0,969,960,969,15:01:09.000,15:01:48.000,39,40040,23361.7000,23371.1000,9.4000,0.0402367978357739376843294800,23350.0000,35.3500,40.8500,5.5000,15.558698727015558698727015560,34.2500,29.5500,-4.7000,-13.722627737226277372262773720,Other,Other,False,False,False,0,-1,False,Other,Other,Other,B,Other,Other,Other,Other,Other,Other
2026-09-22,2026-09-22,0,970,961,970,15:01:09.000,15:01:51.000,42,36660,23361.7000,23370.1000,8.4000,0.035956287427712880483868900,23350.0000,35.3500,40.0500,4.7000,13.295615275813295615275813300,34.2500,30.2000,-4.0500,-11.824817518248175182481751820,Other,Other,False,False,False,0,-1,False,Other,Other,B,Other,Other,Other,Other,Other,Other,Other
2026-09-22,2026-09-22,0,971,962,971,15:01:10.000,15:01:53.000,43,36530,23362.7000,23369.9000,7.2000,0.0308183557551139209081142200,23350.0000,36.2000,40.0000,3.8000,10.497237569060773480662983430,33.7500,30.3000,-3.4500,-10.222222222222222222222222220,Other,Other,False,False,False,0,-1,False,Other,B,Other,Other,Other,Other,Other,Other,Other,Other
2026-09-22,2026-09-22,0,972,963,972,15:01:10.000,15:01:55.000,45,38935,23362.7000,23370.2000,7.5000,0.0321024539115770009459523100,23350.0000,36.2000,40.2000,4.0000,11.049723756906077348066298340,33.7500,30.2000,-3.5500,-10.518518518518518518518518520,Other,Other,False,False,False,0,-1,False,B,Other,Other,Other,Other,Other,Other,Other,Other,Other
2026-09-22,2026-09-22,0,973,964,973,15:01:14.000,15:01:56.000,42,36920,23362.0000,23370.9000,8.9000,0.0380960534200838969266329900,23350.0000,36.5500,40.5000,3.9500,10.807113543091655266757865940,33.9500,29.8500,-4.1000,-12.076583210603829160530191460,Other,Other,False,False,False,0,-1,False,Other,Other,Other,Other,Other,Other,Other,Other,Other,Other
2026-09-22,2026-09-22,0,974,965,974,15:01:17.000,15:02:03.000,46,37635,23363.1000,23370.7000,7.6000,0.0325299296754283464095090100,23350.0000,37.2500,40.2000,2.9500,7.9194630872483221476510067100,33.4000,30.5000,-2.9000,-8.682634730538922155688622750,Other,Other,False,False,False,0,-1,False,Other,Other,Other,Other,Other,Other,Other,Other,Other,Other
2026-09-22,2026-09-22,0,975,966,975,15:01:29.000,15:02:04.000,35,38545,23367.5000,23370.2000,2.7000,0.0115545094682785920616240500,23350.0000,39.6000,40.3500,0.7500,1.8939393939393939393939393900,30.6500,30.4000,-0.2500,-0.8156606851549755301794453500,Other,Other,False,False,False,0,-1,False,Other,Other,Other,Other,Other,Other,Other,Other,Other,Other
2026-09-22,2026-09-22,0,976,967,976,15:01:43.000,15:02:06.000,23,39650,23371.5000,23369.3000,-2.2000,-0.0094131741651156322871873900,23350.0000,40.9500,39.7500,-1.2000,-2.9304029304029304029304029300,29.4500,30.7500,1.3000,4.4142614601018675721561969400,Other,Other,False,False,False,0,-1,False,Other,Other,Other,Other,Other,Other,Other,Other,Other,Other
2026-09-22,2026-09-22,0,977,968,977,15:01:45.000,15:02:08.000,23,40300,23373.1000,23369.9000,-3.2000,-0.0136909524196619190436869700,23350.0000,41.0000,39.6000,-1.4000,-3.4146341463414634146341463400,29.1000,30.6000,1.5000,5.154639175257731958762886600,Other,Other,False,False,False,0,-1,False,Other,Other,Other,Other,Other,Other,Other,Other,Other,Other
2026-09-22,2026-09-22,0,978,969,978,15:01:47.000,15:02:09.000,22,44655,23371.8000,23369.1000,-2.7000,-0.0115523836418247631761353400,23350.0000,40.5000,39.4000,-1.1000,-2.7160493827160493827160493800,29.7500,30.6000,0.8500,2.8571428571428571428571428600,Other,Other,False,False,False,0,-1,False,Other,Other,Other,Other,Other,Other,Other,Other,Other,Other
2026-09-22,2026-09-22,0,979,970,979,15:01:48.000,15:02:09.000,21,46345,23371.1000,23369.1000,-2.0000,-0.0085575775209553679544394600,23350.0000,40.8500,39.4000,-1.4500,-3.5495716034271725826193390500,29.5500,30.6000,1.0500,3.5532994923857868020304568500,Other,Other,False,False,False,0,-1,False,Other,Other,Other,Other,Other,Other,Other,Other,Other,Other
2026-09-22,2026-09-22,0,980,971,980,15:01:51.000,15:02:11.000,20,44590,23370.1000,23373.0000,2.9000,0.0124090183610682025322955400,23350.0000,40.0500,39.1500,-0.9000,-2.2471910112359550561797752800,30.2000,30.8000,0.6000,1.9867549668874172185430463600,A,Other,True,False,False,1,89,False,Other,Other,Other,Other,Other,Other,Other,Other,Other,Other
2026-09-22,2026-09-22,0,981,972,981,15:01:53.000,15:02:17.000,24,46085,23369.9000,23369.5000,-0.4000,-0.0017116033872631033936816200,23350.0000,40.0000,38.8000,-1.2000,-3.00,30.3000,30.9500,0.6500,2.1452145214521452145214521500,Other,A,False,False,True,0,-1,False,Other,Other,Other,Other,Other,Other,Other,Other,Other,Other
2026-09-22,2026-09-22,0,982,973,982,15:01:55.000,15:02:17.000,22,45045,23370.2000,23369.5000,-0.7000,-0.0029952674773857305457377300,23350.0000,40.2000,38.8000,-1.4000,-3.4825870646766169154228855700,30.2000,30.9500,0.7500,2.4834437086092715231788079500,Other,Other,False,False,False,0,-1,False,Other,Other,Other,Other,Other,Other,Other,Other,Other,Other
2026-09-22,2026-09-22,0,983,974,983,15:01:56.000,15:02:19.000,23,57590,23370.9000,23369.1000,-1.8000,-0.0077018856783435811201109100,23350.0000,40.5000,39.2000,-1.3000,-3.2098765432098765432098765400,29.8500,30.7500,0.9000,3.0150753768844221105527638200,Other,Other,False,False,False,0,-1,False,Other,Other,Other,Other,Other,Other,Other,Other,Other,Other
2026-09-22,2026-09-22,0,984,975,984,15:02:03.000,15:02:19.000,16,66365,23370.7000,23369.1000,-1.6000,-0.0068461791901825790412781800,23350.0000,40.2000,39.2000,-1.0000,-2.4875621890547263681592039800,30.5000,30.7500,0.2500,0.8196721311475409836065573800,Other,Other,False,False,False,0,-1,False,Other,Other,Other,Other,Other,Other,Other,Other,Other,Other
2026-09-22,2026-09-22,0,985,976,985,15:02:04.000,15:02:20.000,16,72150,23370.2000,23369.7000,-0.5000,-0.0021394767695612361040983800,23350.0000,40.3500,39.7000,-0.6500,-1.6109045848822800495662949200,30.4000,30.2000,-0.2000,-0.6578947368421052631578947400,Other,Other,False,False,False,0,-1,False,Other,Other,Other,Other,Other,Other,Other,Other,Other,Other
2026-09-22,2026-09-22,0,986,977,986,15:02:06.000,15:02:20.000,14,75335,23369.3000,23369.7000,0.4000,0.0017116473321836768752166300,23350.0000,39.7500,39.7000,-0.0500,-0.125786163522012578616352200,30.7500,30.2000,-0.5500,-1.7886178861788617886178861800,Other,Other,False,False,False,0,-1,False,Other,Other,Other,Other,Other,Other,Other,Other,Other,Other
2026-09-22,2026-09-22,0,987,978,987,15:02:08.000,15:02:21.000,13,77025,23369.9000,23369.5000,-0.4000,-0.0017116033872631033936816200,23350.0000,39.6000,40.0000,0.4000,1.0101010101010101010101010100,30.6000,30.0500,-0.5500,-1.7973856209150326797385620900,B,Other,True,False,False,1,90,False,Other,Other,Other,Other,Other,Other,Other,Other,Other,Other
2026-09-22,2026-09-22,0,988,979,988,15:02:09.000,15:02:21.000,12,77610,23369.1000,23369.8000,0.7000,0.0029954084667359889768968400,23350.0000,39.4000,40.0000,0.6000,1.5228426395939086294416243700,30.6000,30.0500,-0.5500,-1.7973856209150326797385620900,Other,B,False,False,True,0,-1,False,Other,Other,Other,Other,Other,Other,Other,Other,Other,Other
2026-09-22,2026-09-22,0,989,980,989,15:02:11.000,15:02:21.000,10,78195,23373.0000,23369.8000,-3.2000,-0.0136910109955932058357934400,23350.0000,39.1500,40.0000,0.8500,2.1711366538952745849297573400,30.8000,30.0500,-0.7500,-2.4350649350649350649350649400,B,Other,True,False,False,1,91,False,Other,Other,Other,Other,Other,Other,Other,Other,Other,Other
2026-09-22,2026-09-22,0,990,981,990,15:02:11.000,15:02:22.000,11,78780,23373.0000,23370.3000,-2.7000,-0.0115517905275317674239507100,23350.0000,39.1500,40.3000,1.1500,2.9374201787994891443167305200,30.8000,29.8500,-0.9500,-3.0844155844155844155844155800,B,B,False,True,False,2,91,False,Other,Other,Other,Other,Other,Other,Other,Other,Other,Other
2026-09-22,2026-09-22,0,991,982,991,15:02:17.000,15:02:22.000,5,76050,23369.5000,23370.7000,1.2000,0.0051348980508782815207856400,23350.0000,38.8000,40.3000,1.5000,3.8659793814432989690721649500,30.9500,29.8500,-1.1000,-3.5541195476575121163166397400,Other,B,False,False,True,0,-1,False,Other,Other,Other,Other,Other,Other,Other,Other,Other,Other
2026-09-22,2026-09-22,0,992,983,992,15:02:18.000,15:02:29.000,11,80535,23369.3000,23372.4000,3.1000,0.0132652668244234957829288900,23350.0000,39.3500,40.9000,1.5500,3.9390088945362134688691232500,30.9000,28.0500,-2.8500,-9.223300970873786407766990290,Other,Other,False,False,False,0,-1,False,Other,Other,Other,Other,Other,Other,Other,Other,Other,Other
2026-09-22,2026-09-22,0,993,984,993,15:02:19.000,15:02:29.000,10,71045,23369.1000,23372.4000,3.3000,0.0141212113431839480339422600,23350.0000,39.2000,40.9000,1.7000,4.3367346938775510204081632700,30.7500,28.0500,-2.7000,-8.780487804878048780487804880,Other,Other,False,False,False,0,-1,False,Other,Other,Other,Other,Other,Other,Other,Other,Other,Other
2026-09-22,2026-09-22,0,994,985,994,15:02:20.000,15:02:30.000,10,61555,23369.7000,23372.9000,3.2000,0.0136929442825539052704998400,23350.0000,39.7000,40.9500,1.2500,3.1486146095717884130982367800,30.2000,27.9000,-2.3000,-7.6158940397350993377483443700,Other,Other,False,False,False,0,-1,False,Other,Other,Other,Other,Other,Other,Other,Other,Other,Other
2026-09-22,2026-09-22,0,995,986,995,15:02:20.000,15:02:32.000,12,54015,23369.7000,23376.0000,6.3000,0.0269579840562780010012965500,23400.0000,18.3500,19.4000,1.0500,5.7220708446866485013623978200,58.9000,55.6500,-3.2500,-5.5178268251273344651952461800,Other,Other,False,False,False,0,-1,False,Other,Other,Other,Other,Other,Other,Other,Other,Other,Other
2026-09-22,2026-09-22,0,996,987,996,15:02:21.000,15:03:00.000,39,49595,23369.5000,23364.8000,-4.7000,-0.0201116840326066026230770900,23350.0000,40.0000,36.6000,-3.4000,-8.500,30.0500,31.9000,1.8500,6.1564059900166389351081530800,Other,Other,False,False,False,0,-1,False,Other,Other,Other,Other,Other,Other,Other,Other,Other,Other
2026-09-22,2026-09-22,0,997,988,997,15:02:21.000,15:03:04.000,43,50310,23369.5000,23364.4000,-5.1000,-0.0218233167162326964633389700,23350.0000,40.0000,36.2500,-3.7500,-9.37500,30.0500,32.5000,2.4500,8.153078202995008319467554080,Other,Other,False,False,False,0,-1,False,Other,Other,Other,Other,Other,Other,Other,Other,Other,Other
2026-09-22,2026-09-22,0,998,989,998,15:02:21.000,15:03:04.000,43,44915,23369.8000,23364.4000,-5.4000,-0.0231067446020077193643077800,23350.0000,40.0000,36.2500,-3.7500,-9.37500,30.0500,32.5000,2.4500,8.153078202995008319467554080,Other,Other,False,False,False,0,-1,False,Other,Other,Other,Other,Other,Other,Other,Other,Other,Other
2026-09-22,2026-09-22,0,999,990,999,15:02:22.000,15:03:23.000,61,42575,23370.3000,23364.4000,-5.9000,-0.025245717855568820254767800,23350.0000,40.3000,35.7500,-4.5500,-11.290322580645161290322580650,29.8500,32.6500,2.8000,9.380234505862646566164154100,Other,Other,False,False,False,0,-1,False,Other,Other,Other,Other,Other,Other,Other,Other,Other,Other
2026-09-22,2026-09-22,0,1000,991,1000,15:02:22.000,15:03:49.000,87,47385,23370.3000,23381.8000,11.5000,0.0492077551422104123609880900,23400.0000,18.5000,16.2500,-2.2500,-12.162162162162162162162162160,58.0500,62.2000,4.1500,7.1490094745908699397071490100,A,Other,True,False,False,1,92,False,Other,Other,Other,Other,Other,Other,Other,Other,Other,Other
2026-09-22,2026-09-22,0,1001,992,1001,15:02:22.000,15:03:49.000,87,49010,23370.7000,23381.8000,11.1000,0.0474953681318916420988673900,23400.0000,18.5000,16.2500,-2.2500,-12.162162162162162162162162160,58.0500,62.2000,4.1500,7.1490094745908699397071490100,A,A,False,True,False,2,92,False,Other,Other,Other,Other,Other,Other,Other,Other,Other,Other
2026-09-22,2026-09-22,0,1002,993,1002,15:02:29.000,15:03:50.000,81,43420,23372.4000,23380.9000,8.5000,0.036367681538909140695863500,23400.0000,19.0000,16.5500,-2.4500,-12.894736842105263157894736840,55.9500,62.7500,6.8000,12.153708668453976764968722070,A,A,False,True,False,3,92,False,Other,Other,Other,Other,Other,Other,Other,Other,Other,Other
2026-09-22,2026-09-22,0,1003,994,1003,15:02:30.000,15:05:04.000,154,40170,23372.9000,23368.9000,-4.0000,-0.0171138369650321526211980500,23350.0000,40.9500,38.3500,-2.6000,-6.3492063492063492063492063500,27.9000,32.0500,4.1500,14.874551971326164874551971330,Other,A,False,False,True,0,-1,False,Other,Other,Other,Other,Other,Other,Other,Other,Other,Other
2026-09-22,2026-09-22,0,1004,995,1004,15:02:30.000,15:05:55.000,205,39780,23372.9000,23372.2000,-0.7000,-0.0029949214688806267087096600,23350.0000,40.9500,37.2000,-3.7500,-9.157509157509157509157509160,27.9000,31.4500,3.5500,12.724014336917562724014336920,Other,Other,False,False,False,0,-1,False,Other,Other,Other,Other,Other,Other,Other,Other,Other,Other
2026-09-22,2026-09-22,0,1005,996,1005,15:02:32.000,15:07:11.000,279,39780,23376.0000,23376.0000,0.0000,0,23400.0000,19.4000,16.9000,-2.5000,-12.886597938144329896907216490,55.6500,62.2000,6.5500,11.769991015274034141958670260,Other,Other,False,False,False,0,-1,False,Other,Other,Other,Other,Other,Other,Other,Other,Other,Other
2026-09-22,2026-09-22,0,1006,997,1006,15:03:00.000,15:07:27.000,267,39260,23364.8000,23368.2000,3.4000,0.0145518044237485448195576300,23350.0000,36.6000,36.8500,0.2500,0.6830601092896174863387978100,31.9000,32.2500,0.3500,1.0971786833855799373040752400,Other,Other,False,False,False,0,-1,False,Other,Other,Other,Other,Other,Other,Other,Other,Other,Other
2026-09-22,2026-09-22,0,1007,998,1007,15:03:04.000,15:07:57.000,293,36920,23364.4000,23378.9000,14.5000,0.0620602283816404444368355300,23400.0000,16.4000,15.9000,-0.5000,-3.048780487804878048780487800,62.1000,62.9000,0.8000,1.2882447665056360708534621600,A,Other,True,False,False,1,93,False,Other,Other,Other,Other,Other,Other,Other,Other,Other,Other
2026-09-22,2026-09-22,0,1008,999,1008,15:03:04.000,15:08:28.000,324,38740,23364.1000,23376.0000,11.9000,0.0509328414105401021224870600,23400.0000,16.4000,16.2500,-0.1500,-0.9146341463414634146341463400,62.1000,61.9000,-0.2000,-0.3220611916264090177133655400,Other,A,False,False,True,0,-1,False,Other,Other,Other,Other,Other,Other,Other,Other,Other,B
2026-09-22,2026-09-22,0,1009,1000,1009,15:03:23.000,15:08:46.000,323,37895,23364.4000,23371.3000,6.9000,0.0295321086781599356285631100,23350.0000,35.7500,35.1000,-0.6500,-1.8181818181818181818181818200,32.6500,32.8000,0.1500,0.45941807044410413476263400,A,Other,True,False,False,1,94,False,Other,Other,Other,Other,Other,Other,Other,Other,B,Other
2026-09-22,2026-09-22,0,1010,1001,1010,15:03:49.000,15:09:34.000,345,32435,23381.8000,23367.1000,-14.7000,-0.0628694112514861986673395500,23350.0000,36.8000,37.7000,0.9000,2.4456521739130434782608695700,32.1000,28.6000,-3.5000,-10.903426791277258566978193150,B,A,True,False,True,1,95,False,Other,Other,Other,Other,Other,Other,Other,B,Other,Other
2026-09-22,2026-09-22,0,1011,1002,1011,15:03:50.000,15:10:04.000,374,30485,23380.9000,23375.4000,-5.5000,-0.0235234742888426022950356900,23400.0000,16.5500,16.4500,-0.1000,-0.6042296072507552870090634400,62.7500,61.6500,-1.1000,-1.7529880478087649402390438200,Other,B,False,False,True,0,-1,False,Other,Other,Other,Other,Other,Other,B,Other,Other,Other
2026-09-22,2026-09-22,0,1012,1003,1012,15:03:50.000,15:10:33.000,403,30485,23380.9000,23373.4000,-7.5000,-0.0320774649393308213114123100,23350.0000,36.0000,39.1000,3.1000,8.611111111111111111111111110,32.8500,29.0000,-3.8500,-11.719939117199391171993911720,B,Other,True,False,False,1,96,False,Other,Other,Other,Other,Other,B,Other,Other,Other,Other
2026-09-22,2026-09-22,0,1013,1004,1013,15:05:04.000,15:11:19.000,375,31395,23368.9000,23376.0000,7.1000,0.0303822601834061509099700900,23400.0000,17.5500,20.4500,2.9000,16.524216524216524216524216520,61.2500,53.2500,-8.0000,-13.061224489795918367346938780,Other,B,False,False,True,0,-1,False,Other,Other,Other,Other,B,Other,Other,Other,Other,Other
2026-09-22,2026-09-22,0,1014,1005,1014,15:05:55.000,15:11:29.000,334,31915,23372.2000,23378.7000,6.5000,0.0278108179803356123942119300,23400.0000,17.0000,22.1000,5.1000,30.0,60.8500,49.4000,-11.4500,-18.816762530813475760065735410,Other,Other,False,False,False,0,-1,False,Other,Other,Other,B,Other,Other,Other,Other,Other,Other
2026-09-22,2026-09-22,0,1015,1006,1015,15:07:11.000,15:11:32.000,261,31915,23376.0000,23379.9000,3.9000,0.0166837782340862422997946600,23400.0000,16.9000,22.0500,5.1500,30.473372781065088757396449700,62.2000,50.8000,-11.4000,-18.327974276527331189710610930,Other,Other,False,False,False,0,-1,False,Other,Other,B,Other,Other,Other,Other,Other,Other,Other
2026-09-22,2026-09-22,0,1016,1007,1016,15:07:27.000,15:11:36.000,249,36335,23368.2000,23379.9000,11.7000,0.0500680411841733638020900200,23400.0000,16.5500,22.0000,5.4500,32.930513595166163141993957700,62.2500,50.6500,-11.6000,-18.634538152610441767068273090,Other,Other,False,False,False,0,-1,False,Other,B,Other,Other,Other,Other,Other,Other,Other,Other
2026-09-22,2026-09-22,0,1017,1008,1017,15:07:57.000,15:11:36.000,219,37440,23378.9000,23379.9000,1.0000,0.0042773612103221280727493600,23400.0000,15.9000,22.0000,6.1000,38.364779874213836477987421380,62.9000,50.6500,-12.2500,-19.475357710651828298887122420,Other,Other,False,False,False,0,-1,False,B,Other,Other,Other,Other,Other,Other,Other,Other,Other
2026-09-22,2026-09-22,0,1018,1009,1018,15:08:28.000,15:11:37.000,189,36595,23376.0000,23380.0000,4.0000,0.0171115674195756331279945200,23400.0000,16.2500,21.8000,5.5500,34.153846153846153846153846150,61.9000,51.0500,-10.8500,-17.528271405492730210016155090,Other,Other,False,False,False,0,-1,False,Other,Other,Other,Other,Other,Other,Other,Other,Other,Other
2026-09-22,2026-09-22,0,1019,1010,1019,15:08:46.000,15:11:57.000,191,36595,23371.3000,23388.0000,16.7000,0.0714551608168993594708039300,23400.0000,15.5000,21.4500,5.9500,38.387096774193548387096774190,62.8500,52.1500,-10.7000,-17.024661893396976929196499600,Other,Other,False,False,False,0,-1,False,Other,Other,Other,Other,Other,Other,Other,Other,Other,Other
2026-09-22,2026-09-22,0,1020,1011,1020,15:09:34.000,15:12:20.000,166,36595,23367.1000,23383.3000,16.2000,0.0693282435561109423077746100,23400.0000,16.5500,18.3000,1.7500,10.574018126888217522658610270,59.6500,55.6000,-4.0500,-6.7896060352053646269907795500,Other,Other,False,False,False,0,-1,False,Other,Other,Other,Other,Other,Other,Other,Other,Other,Other
2026-09-22,2026-09-22,0,1021,1012,1021,15:10:04.000,15:13:42.000,218,35685,23375.4000,23380.0000,4.6000,0.0196788076353773625264166600,23400.0000,16.4500,18.6500,2.2000,13.373860182370820668693009120,61.6500,53.0000,-8.6500,-14.030819140308191403081914030,Other,Other,False,False,False,0,-1,False,Other,Other,Other,Other,Other,Other,Other,Other,Other,Other
2026-09-22,2026-09-22,0,1022,1013,1022,15:10:33.000,15:14:53.000,260,35880,23373.4000,23376.0000,2.6000,0.0111237560645862390580745600,23400.0000,18.1000,13.9000,-4.2000,-23.204419889502762430939226520,57.6500,55.0500,-2.6000,-4.5099739809193408499566348700,Other,Other,False,False,False,0,-1,False,Other,Other,Other,Other,Other,Other,Other,Other,Other,Other
2026-09-22,2026-09-22,0,1023,1014,1023,15:11:19.000,15:16:46.000,327,34970,23376.0000,23379.0000,3.0000,0.0128336755646817248459958900,23400.0000,20.4500,15.1000,-5.3500,-26.161369193154034229828850860,53.2500,48.2000,-5.0500,-9.483568075117370892018779340,Other,Other,False,False,False,0,-1,False,Other,Other,Other,Other,Other,Other,Other,Other,Other,A
2026-09-22,2026-09-22,0,1024,1015,1024,15:11:29.000,15:18:17.000,408,34255,23378.7000,23380.0000,1.3000,0.0055606171429549119497662400,23400.0000,22.1000,11.2500,-10.8500,-49.095022624434389140271493210,49.4000,50.8000,1.4000,2.834008097165991902834008100,A,Other,True,False,False,1,97,False,Other,Other,Other,Other,Other,Other,Other,Other,A,Other
2026-09-22,2026-09-22,0,1025,1016,1025,15:11:32.000,15:19:30.000,478,61165,23379.9000,23371.0000,-8.9000,-0.0380668865136292285253572500,23350.0000,45.1000,23.0000,-22.1000,-49.002217294900221729490022170,24.1000,27.3000,3.2000,13.278008298755186721991701240,Other,A,False,False,True,0,-1,False,Other,Other,Other,Other,Other,Other,Other,A,Other,Other
2026-09-22,2026-09-22,0,1026,1017,1026,15:11:36.000,15:19:30.000,474,81055,23379.9000,23371.0000,-8.9000,-0.0380668865136292285253572500,23350.0000,45.0500,23.0000,-22.0500,-48.945615982241953385127635960,24.0500,27.3000,3.2500,13.513513513513513513513513510,Other,Other,False,False,False,0,-1,False,Other,Other,Other,Other,Other,Other,A,Other,Other,Other
2026-09-22,2026-09-22,0,1027,1018,1027,15:11:36.000,15:19:30.000,474,100945,23380.0000,23371.0000,-9.0000,-0.0384944396920444824636441400,23350.0000,45.0500,23.0000,-22.0500,-48.945615982241953385127635960,24.0500,27.3000,3.2500,13.513513513513513513513513510,Other,Other,False,False,False,0,-1,False,Other,Other,Other,Other,Other,A,Other,Other,Other,Other
2026-09-22,2026-09-22,0,1028,1019,1028,15:11:37.000,15:19:31.000,474,118625,23380.0000,23371.0000,-9.0000,-0.0384944396920444824636441400,23350.0000,45.9500,24.3000,-21.6500,-47.116430903155603917301414580,23.4500,27.0000,3.5500,15.138592750533049040511727080,Other,Other,False,False,False,0,-1,False,Other,Other,Other,Other,A,Other,Other,Other,Other,Other
2026-09-22,2026-09-22,0,1029,1020,1029,15:11:57.000,15:19:31.000,454,135070,23388.0000,23371.0000,-17.0000,-0.0726868479562168633487258400,23350.0000,44.5000,24.3000,-20.2000,-45.393258426966292134831460670,24.9500,27.0000,2.0500,8.216432865731462925851703410,Other,Other,False,False,False,0,-1,False,Other,Other,Other,A,Other,Other,Other,Other,Other,Other
2026-09-22,2026-09-22,0,1030,1021,1030,15:12:20.000,15:19:32.000,432,148980,23383.3000,23387.0000,3.7000,0.0158232584793420945717670300,23400.0000,18.3000,8.5500,-9.7500,-53.278688524590163934426229510,55.6000,54.9500,-0.6500,-1.1690647482014388489208633100,Other,Other,False,False,False,0,-1,False,Other,Other,A,Other,Other,Other,Other,Other,Other,Other
2026-09-22,2026-09-22,0,1031,1022,1031,15:13:42.000,15:19:32.000,350,160290,23380.0000,23387.0000,7.0000,0.0299401197604790419161676600,23400.0000,18.6500,8.5500,-10.1000,-54.155495978552278820375335120,53.0000,54.9500,1.9500,3.6792452830188679245283018900,A,Other,True,False,False,1,98,False,Other,A,Other,Other,Other,Other,Other,Other,Other,Other
2026-09-22,2026-09-22,0,1032,1023,1032,15:14:53.000,15:19:33.000,280,168740,23376.0000,23387.0000,11.0000,0.0470568104038329911019849400,23400.0000,13.9000,7.5500,-6.3500,-45.683453237410071942446043170,55.0500,57.6500,2.6000,4.7229791099000908265213442300,A,A,False,True,False,2,98,False,A,Other,Other,Other,Other,Other,Other,Other,Other,Other
2026-09-22,2026-09-22,0,1033,1024,1033,15:16:46.000,15:19:33.000,167,175045,23379.0000,23387.0000,8.0000,0.0342187433166516959664656300,23400.0000,15.1000,7.5500,-7.5500,-50.0,48.2000,57.6500,9.4500,19.605809128630705394190871370,A,A,False,True,False,3,98,False,Other,Other,Other,Other,Other,Other,Other,Other,Other,Other
2026-09-22,2026-09-22,0,1034,1025,1034,15:18:17.000,15:19:35.000,78,178685,23380.0000,23387.0000,7.0000,0.0299401197604790419161676600,23400.0000,11.2500,7.3000,-3.9500,-35.111111111111111111111111110,50.8000,59.6500,8.8500,17.421259842519685039370078740,A,A,False,True,False,4,98,False,Other,Other,Other,Other,Other,Other,Other,Other,Other,Other
2026-09-22,2026-09-22,0,1035,1026,1035,15:19:30.000,15:19:35.000,5,152880,23371.0000,23387.0000,16.0000,0.0684609130974284369517778400,23400.0000,7.4000,7.3000,-0.1000,-1.3513513513513513513513513500,60.8000,59.6500,-1.1500,-1.8914473684210526315789473700,Other,A,False,False,True,0,-1,False,Other,Other,Other,Other,Other,Other,Other,Other,Other,Other
2026-09-22,2026-09-22,0,1036,1027,1036,15:19:30.000,15:20:02.000,32,128635,23371.0000,23385.0000,14.0000,0.0599032989602498823328056100,23400.0000,7.4000,10.9500,3.5500,47.972972972972972972972972970,60.8000,47.7500,-13.0500,-21.463815789473684210526315790,Other,Other,False,False,False,0,-1,False,Other,Other,Other,Other,Other,Other,Other,Other,Other,Other
2026-09-22,2026-09-22,0,1037,1028,1037,15:19:31.000,15:20:17.000,46,107120,23371.0000,23375.0000,4.0000,0.0171152282743571092379444600,23350.0000,24.3000,8.6000,-15.7000,-64.609053497942386831275720160,27.0000,49.7000,22.7000,84.07407407407407407407407407,A,Other,True,False,False,1,99,False,Other,Other,Other,Other,Other,Other,Other,Other,Other,Other
2026-09-22,2026-09-22,0,1038,1029,1038,15:19:31.000,15:20:27.000,56,88075,23371.0000,23379.9000,8.9000,0.0380813829104445680544264300,23400.0000,7.2500,2.3000,-4.9500,-68.275862068965517241379310340,60.5500,89.0500,28.5000,47.068538398018166804293971920,A,A,False,True,False,2,99,False,Other,Other,Other,Other,Other,Other,Other,Other,Other,Other
2026-09-22,2026-09-22,0,1039,1030,1039,15:19:32.000,15:22:07.000,155,71695,23387.0000,23377.0000,-10.0000,-0.0427587976226108521828366200,23400.0000,8.5500,1.2500,-7.3000,-85.38011695906432748538011696,54.9500,68.5500,13.6000,24.749772520473157415832575070,Other,A,False,False,True,0,-1,False,Other,Other,Other,Other,Other,Other,Other,Other,Other,Other
2026-09-22,2026-09-22,0,1040,1031,1040,15:19:32.000,15:23:04.000,212,58630,23387.0000,23385.0000,-2.0000,-0.0085517595245221704365673200,23400.0000,8.5500,0.5000,-8.0500,-94.15204678362573099415204678,54.9500,64.1500,9.2000,16.742493175614194722474977250,Other,Other,False,False,False,0,-1,False,Other,Other,Other,Other,Other,Other,Other,Other,Other,Other
2026-09-22,2026-09-22,0,1041,1032,1041,15:19:33.000,15:23:36.000,243,47840,23387.0000,23381.3000,-5.7000,-0.0243725146448881857442168700,23400.0000,7.5500,0.4000,-7.1500,-94.70198675496688741721854305,57.6500,69.4500,11.8000,20.468343451864700780572419770,Other,Other,False,False,False,0,-1,False,Other,Other,Other,Other,Other,Other,Other,Other,Other,Other
2026-09-22,2026-09-22,0,1042,1033,1042,15:19:33.000,15:24:36.000,303,38935,23387.0000,23388.0000,1.0000,0.0042758797622610852182836600,23400.0000,7.5500,0.4000,-7.1500,-94.70198675496688741721854305,57.6500,60.5500,2.9000,5.030355594102341717259323500,A,Other,True,False,False,1,100,False,Other,Other,Other,Other,Other,Other,Other,Other,Other,Other
2026-09-22,2026-09-22,0,1043,1034,1043,15:19:35.000,15:24:46.000,311,33865,23387.0000,23394.0000,7.0000,0.0299311583358275965279856300,23400.0000,7.3000,0.3500,-6.9500,-95.20547945205479452054794521,59.6500,55.4000,-4.2500,-7.1248952221290863369656328600,Other,A,False,False,True,0,-1,False,Other,Other,Other,Other,Other,Other,Other,Other,Other,Other
2026-09-22,2026-09-22,0,1044,1035,1044,15:19:35.000,15:24:56.000,321,30485,23387.0000,23393.0000,6.0000,0.0256552785735665113097019700,23400.0000,7.3000,0.2500,-7.0500,-96.57534246575342465753424658,59.6500,59.0000,-0.6500,-1.0896898575020955574182732600,Other,Other,False,False,False,0,-1,False,Other,Other,Other,Other,Other,Other,Other,Other,Other,Other
2026-09-22,2026-09-22,0,1045,1036,1045,15:19:36.000,15:25:27.000,351,30095,23387.0000,23394.0000,7.0000,0.0299311583358275965279856300,23400.0000,7.1000,0.3500,-6.7500,-95.07042253521126760563380282,60.7000,55.4000,-5.3000,-8.731466227347611202635914330,Other,Other,False,False,False,0,-1,False,Other,Other,Other,Other,Other,Other,Other,Other,Other,A
2026-09-22,2026-09-22,0,1046,1037,1046,15:20:02.000,15:25:38.000,336,30160,23385.0000,23395.3000,10.3000,0.0440453282018387855462903600,23400.0000,10.9500,0.2500,-10.7000,-97.71689497716894977168949772,47.7500,61.2500,13.5000,28.272251308900523560209424080,A,Other,True,False,False,1,101,False,Other,Other,Other,Other,Other,Other,Other,Other,A,Other
2026-09-22,2026-09-22,0,1047,1038,1047,15:20:17.000,15:25:52.000,335,30160,23375.0000,23391.9000,16.9000,0.0722994652406417112299465200,23400.0000,2.2500,0.3000,-1.9500,-86.66666666666666666666666667,93.7000,60.9500,-32.7500,-34.951974386339381003201707580,Other,A,False,False,True,0,-1,False,Other,Other,Other,Other,Other,Other,Other,A,Other,Other
2026-09-22,2026-09-22,0,1048,1039,1048,15:20:27.000,15:26:08.000,341,31460,23379.9000,23389.1000,9.2000,0.0393500399916167306104816500,23400.0000,2.3000,0.3000,-2.0000,-86.95652173913043478260869565,89.0500,60.1500,-28.9000,-32.453677709152161706906232450,Other,Other,False,False,False,0,-1,False,Other,Other,Other,Other,Other,Other,A,Other,Other,Other
2026-09-22,2026-09-22,0,1049,1040,1049,15:22:07.000,15:26:13.000,246,31720,23377.0000,23388.0000,11.0000,0.0470547974504855199555118300,23400.0000,1.2500,0.2500,-1.0000,-80.0,68.5500,57.2000,-11.3500,-16.557257476294675419401896430,Other,Other,False,False,False,0,-1,False,Other,Other,Other,Other,Other,A,Other,Other,Other,Other
2026-09-22,2026-09-22,0,1050,1041,1050,15:23:04.000,15:26:23.000,199,31135,23385.0000,23390.0000,5.0000,0.0213812272824460124011118200,23400.0000,0.5000,0.3000,-0.2000,-40.0,64.1500,57.8500,-6.3000,-9.820732657833203429462197970,Other,Other,False,False,False,0,-1,False,Other,Other,Other,Other,A,Other,Other,Other,Other,Other
2026-09-22,2026-09-22,0,1051,1042,1051,15:23:36.000,15:27:02.000,206,31460,23381.3000,23397.0000,15.7000,0.0671476778451155410520373100,23400.0000,0.4000,0.2000,-0.2000,-50.0,69.4500,61.3000,-8.1500,-11.735061195104391648668106550,Other,Other,False,False,False,0,-1,False,Other,Other,Other,A,Other,Other,Other,Other,Other,Other
2026-09-22,2026-09-22,0,1052,1043,1052,15:24:36.000,15:27:17.000,161,31655,23388.0000,23397.2000,9.2000,0.0393364118351291260475457500,23400.0000,0.4000,0.1500,-0.2500,-62.500,60.5500,63.8500,3.3000,5.4500412881915772089182493800,A,Other,True,False,False,1,102,False,Other,Other,A,Other,Other,Other,Other,Other,Other,A
2026-09-22,2026-09-22,0,1053,1044,1053,15:24:46.000,15:27:38.000,172,31005,23394.0000,23397.9000,3.9000,0.0166709412669915362913567600,23400.0000,0.3500,0.1500,-0.2000,-57.142857142857142857142857140,55.4000,68.9000,13.5000,24.368231046931407942238267150,A,A,False,True,False,2,102,False,Other,A,Other,Other,Other,Other,Other,Other,A,Other
2026-09-22,2026-09-22,0,1054,1045,1054,15:24:56.000,15:28:16.000,200,31070,23393.0000,23390.5000,-2.5000,-0.0106869576368999273286880700,23400.0000,0.2500,0.1500,-0.1000,-40.0,59.0000,71.0000,12.0000,20.338983050847457627118644070,Other,A,False,False,True,0,-1,False,A,Other,Other,Other,Other,Other,Other,A,Other,Other
2026-09-22,2026-09-22,0,1055,1046,1055,15:25:27.000,15:28:58.000,211,30485,23394.0000,23395.0000,1.0000,0.0042746003248696246900914800,23400.0000,0.3500,0.0500,-0.3000,-85.71428571428571428571428571,55.4000,71.0000,15.6000,28.158844765342960288808664260,A,Other,True,False,False,1,103,False,Other,Other,Other,Other,Other,Other,A,Other,Other,A
2026-09-22,2026-09-22,0,1056,1047,1056,15:25:38.000,15:29:22.000,224,30355,23395.3000,23396.9000,1.6000,0.0068389804789850952969186100,23400.0000,0.2500,0.0500,-0.2000,-80.0,61.2500,70.7500,9.5000,15.510204081632653061224489800,A,A,False,True,False,2,103,False,Other,Other,Other,Other,Other,A,Other,Other,A,Other
2026-09-22,2026-09-22,0,1057,1048,1057,15:25:52.000,15:29:30.000,218,30160,23391.9000,23395.2000,3.3000,0.0141074474497582496505200500,23400.0000,0.3000,0.0500,-0.2500,-83.33333333333333333333333333,60.9500,70.7500,9.8000,16.078753076292042657916324860,A,A,False,True,False,3,103,False,Other,Other,Other,Other,A,Other,Other,A,Other,Other
2026-09-22,2026-09-22,0,1058,1049,1058,15:26:08.000,15:29:44.000,216,28860,23389.1000,23395.4000,6.3000,0.0269356238589770448627779600,23400.0000,0.3000,0.0500,-0.2500,-83.33333333333333333333333333,60.1500,70.9500,10.8000,17.955112219451371571072319200,A,A,False,True,False,4,103,False,Other,Other,Other,A,Other,Other,A,Other,Other,Other
2026-09-22,2026-09-22,0,1059,1050,1059,15:26:13.000,15:29:55.000,222,30095,23388.0000,23399.0000,11.0000,0.0470326663246109115785873100,23400.0000,0.2500,0.0500,-0.2000,-80.0,57.2000,70.7500,13.5500,23.688811188811188811188811190,A,A,False,True,False,5,103,False,Other,Other,A,Other,Other,A,Other,Other,Other,Other
2026-09-22,2026-09-22,0,1060,1051,1060,15:26:23.000,15:29:58.000,215,30095,23390.0000,23399.9000,9.9000,0.0423257802479692176143651100,23400.0000,0.3000,0.0500,-0.2500,-83.33333333333333333333333333,57.8500,70.9000,13.0500,22.558340535868625756266205700,A,A,False,True,False,6,103,False,Other,A,Other,Other,A,Other,Other,Other,Other,Other
2026-09-22,2026-09-22,0,1061,1052,1061,15:27:02.000,15:30:00.000,178,27235,23397.0000,23399.2000,2.2000,0.0094029149036201222378937500,23400.0000,0.2000,0.0500,-0.1500,-75.00,61.3000,70.9500,9.6500,15.742251223491027732463295270,A,A,False,True,False,7,103,False,A,Other,Other,A,Other,Other,Other,Other,Other,Other
