TradingDate,ExpiryDate,Dte,BaseBarIndex,WindowStartBaseBarIndex,WindowEndBaseBarIndex,WindowStartTimestamp,WindowEndTimestamp,WindowDurationSeconds,ApproxWindowVolume,FuturesStart,FuturesEnd,FuturesChangePoints,FuturesReturnPct,SelectedATMStrike,CeStart,CeEnd,CeChangePoints,CeReturnPct,PeStart,PeEnd,PeChangePoints,PeReturnPct,RollingState,PreviousRollingState,IsStateEntry,IsStateContinuation,IsStateExit,StateAge,StateEpisodeId,Missing,BaseBar1,BaseBar2,BaseBar3,BaseBar4,BaseBar5,BaseBar6,BaseBar7,BaseBar8,BaseBar9,BaseBar10
2026-09-23,2026-09-29,6,9,0,9,09:15:00.000,09:16:09.000,69,33995,23391.3000,23386.3000,-5.0000,-0.0213754686571503080205033500,23400.0000,123.7000,114.8000,-8.9000,-7.1948261924009700889248181100,126.5000,127.0500,0.5500,0.4347826086956521739130434800,Other,Other,False,False,False,0,-1,False,Other,Other,Other,Other,Other,Other,Other,Other,Other,Other
2026-09-23,2026-09-29,6,10,1,10,09:15:01.000,09:16:26.000,85,32435,23395.5000,23385.0000,-10.5000,-0.0448804257228954286080656500,23400.0000,126.3000,112.2500,-14.0500,-11.124307205067300079176563740,123.4000,130.9000,7.5000,6.0777957860615883306320907600,Other,Other,False,False,False,0,-1,False,Other,Other,Other,Other,Other,Other,Other,Other,Other,B
2026-09-23,2026-09-29,6,11,2,11,09:15:01.000,09:16:26.000,85,30875,23411.9000,23385.0000,-26.9000,-0.1148988334992033965632861900,23400.0000,126.3000,112.2500,-14.0500,-11.124307205067300079176563740,123.4000,130.9000,7.5000,6.0777957860615883306320907600,Other,Other,False,False,False,0,-1,False,Other,Other,Other,Other,Other,Other,Other,Other,B,Other
2026-09-23,2026-09-29,6,12,3,12,09:15:03.000,09:16:46.000,103,32825,23404.1000,23387.0000,-17.1000,-0.0730641212437137082818822300,23400.0000,126.7500,114.9000,-11.8500,-9.349112426035502958579881660,122.0000,127.1000,5.1000,4.1803278688524590163934426200,Other,Other,False,False,False,0,-1,False,Other,Other,Other,Other,Other,Other,Other,B,Other,Other
2026-09-23,2026-09-29,6,13,4,13,09:15:05.000,09:16:52.000,107,32110,23410.0000,23392.2000,-17.8000,-0.0760358821016659547202050400,23400.0000,125.4500,114.3500,-11.1000,-8.848146671980868872060581910,121.1500,127.2000,6.0500,4.993809327280231118448204700,Other,Other,False,False,False,0,-1,False,Other,Other,Other,Other,Other,Other,B,Other,Other,Other
2026-09-23,2026-09-29,6,14,5,14,09:15:14.000,09:17:06.000,112,32500,23400.1000,23398.1000,-2.0000,-0.0085469720214870876620185400,23400.0000,124.4500,119.8500,-4.6000,-3.6962635596625150662916834100,121.6000,121.3000,-0.3000,-0.2467105263157894736842105300,Other,Other,False,False,False,0,-1,False,Other,Other,Other,Other,Other,B,Other,Other,Other,Other
2026-09-23,2026-09-29,6,15,6,15,09:15:24.000,09:17:09.000,105,32890,23399.5000,23398.0000,-1.5000,-0.0064103933844740272228039100,23400.0000,118.6000,120.1500,1.5500,1.3069139966273187183811129800,126.0000,121.0000,-5.0000,-3.9682539682539682539682539700,B,Other,True,False,False,1,0,False,Other,Other,Other,Other,B,Other,Other,Other,Other,B
2026-09-23,2026-09-29,6,16,7,16,09:15:37.000,09:17:11.000,94,33085,23382.0000,23400.0000,18.0000,0.0769822940723633564280215600,23400.0000,114.0500,118.5500,4.5000,3.9456378781236299868478737400,127.8000,122.4000,-5.4000,-4.2253521126760563380281690100,Other,B,False,False,True,0,-1,False,Other,Other,Other,B,Other,Other,Other,Other,B,A
2026-09-23,2026-09-29,6,17,8,17,09:15:52.000,09:17:24.000,92,32825,23381.9000,23400.0000,18.1000,0.0774103045518114438946364500,23400.0000,111.0000,119.8000,8.8000,7.927927927927927927927927930,130.8500,122.1000,-8.7500,-6.6870462361482613679786014500,Other,Other,False,False,False,0,-1,False,Other,Other,B,Other,Other,Other,Other,B,A,Other
2026-09-23,2026-09-29,6,18,9,18,09:16:01.000,09:17:38.000,97,32890,23375.9000,23400.0000,24.1000,0.1030976347434751175355815200,23400.0000,111.6500,120.2500,8.6000,7.7026421854008060904612628800,131.5000,120.7500,-10.7500,-8.174904942965779467680608370,Other,Other,False,False,False,0,-1,False,Other,B,Other,Other,Other,Other,B,A,Other,Other
2026-09-23,2026-09-29,6,19,10,19,09:16:09.000,09:17:52.000,103,33800,23386.3000,23403.0000,16.7000,0.0714093293937048613932088400,23400.0000,114.8000,124.0000,9.2000,8.013937282229965156794425090,127.0500,117.8500,-9.2000,-7.241243604879968516332152700,Other,Other,False,False,False,0,-1,False,B,Other,Other,Other,Other,B,A,Other,Other,Other
2026-09-23,2026-09-29,6,20,11,20,09:16:26.000,09:18:01.000,95,31200,23385.0000,23409.0000,24.0000,0.1026298909557408595253367500,23400.0000,112.2500,125.5500,13.3000,11.848552338530066815144766150,130.9000,115.7500,-15.1500,-11.573720397249809014514896870,Other,Other,False,False,False,0,-1,False,Other,Other,Other,Other,B,A,Other,Other,Other,Other
2026-09-23,2026-09-29,6,21,12,21,09:16:27.000,09:18:06.000,99,34385,23387.5000,23411.0000,23.5000,0.1004810261892036344200962100,23400.0000,113.5000,125.0500,11.5500,10.176211453744493392070484580,129.6500,114.7500,-14.9000,-11.492479753181642884689548790,Other,Other,False,False,False,0,-1,False,Other,Other,Other,B,A,Other,Other,Other,Other,Other
2026-09-23,2026-09-29,6,22,13,22,09:16:46.000,09:18:06.000,80,33020,23387.0000,23411.0000,24.0000,0.1026211142942660452388078800,23400.0000,114.9000,125.0500,10.1500,8.833768494342906875543951260,127.1000,114.7500,-12.3500,-9.716758457907159716758457910,Other,Other,False,False,False,0,-1,False,Other,Other,B,A,Other,Other,Other,Other,Other,Other
2026-09-23,2026-09-29,6,23,14,23,09:16:52.000,09:18:17.000,85,32955,23392.2000,23419.6000,27.4000,0.1171330614478330383632150900,23400.0000,114.3500,128.7500,14.4000,12.592916484477481416703104500,127.2000,112.3000,-14.9000,-11.713836477987421383647798740,Other,Other,False,False,False,0,-1,False,Other,B,A,Other,Other,Other,Other,Other,Other,Other
2026-09-23,2026-09-29,6,24,15,24,09:17:06.000,09:18:41.000,95,33605,23398.1000,23410.7000,12.6000,0.0538505263247870553591958300,23400.0000,119.8500,124.0000,4.1500,3.4626616604088443888193575300,121.3000,118.2000,-3.1000,-2.5556471558120362737015663600,Other,Other,False,False,False,0,-1,False,B,A,Other,Other,Other,Other,Other,Other,Other,Other
2026-09-23,2026-09-29,6,25,16,25,09:17:09.000,09:19:01.000,112,33020,23398.0000,23410.9000,12.9000,0.0551329173433626805709889700,23400.0000,120.1500,125.2000,5.0500,4.2030794839783603828547648800,121.0000,116.3500,-4.6500,-3.842975206611570247933884300,Other,Other,False,False,False,0,-1,False,A,Other,Other,Other,Other,Other,Other,Other,Other,A
2026-09-23,2026-09-29,6,26,17,26,09:17:11.000,09:19:16.000,125,33280,23400.0000,23409.5000,9.5000,0.0405982905982905982905982900,23400.0000,118.5500,128.5500,10.0000,8.435259384226064951497258540,122.4000,113.7500,-8.6500,-7.0669934640522875816993464100,Other,Other,False,False,False,0,-1,False,Other,Other,Other,Other,Other,Other,Other,Other,A,B
2026-09-23,2026-09-29,6,27,18,27,09:17:24.000,09:19:34.000,130,33020,23400.0000,23418.0000,18.0000,0.0769230769230769230769230800,23400.0000,119.8000,131.5000,11.7000,9.766277128547579298831385640,122.1000,112.5500,-9.5500,-7.8214578214578214578214578200,Other,Other,False,False,False,0,-1,False,Other,Other,Other,Other,Other,Other,Other,A,B,Other
2026-09-23,2026-09-29,6,28,19,28,09:17:38.000,09:19:49.000,131,35100,23400.0000,23421.0000,21.0000,0.0897435897435897435897435900,23400.0000,120.2500,135.8500,15.6000,12.972972972972972972972972970,120.7500,109.3500,-11.4000,-9.440993788819875776397515530,Other,Other,False,False,False,0,-1,False,Other,Other,Other,Other,Other,Other,A,B,Other,Other
2026-09-23,2026-09-29,6,29,20,29,09:17:52.000,09:19:52.000,120,36530,23403.0000,23425.0000,22.0000,0.0940050420886211169508182700,23400.0000,124.0000,136.0500,12.0500,9.717741935483870967741935480,117.8500,109.0000,-8.8500,-7.5095460330929147221043699600,Other,Other,False,False,False,0,-1,False,Other,Other,Other,Other,Other,A,B,Other,Other,Other
2026-09-23,2026-09-29,6,30,21,30,09:18:01.000,09:19:52.000,111,36725,23409.0000,23425.0000,16.0000,0.0683497799991456277500106800,23400.0000,125.5500,136.0500,10.5000,8.363201911589008363201911590,115.7500,109.0000,-6.7500,-5.8315334773218142548596112300,Other,Other,False,False,False,0,-1,False,Other,Other,Other,Other,A,B,Other,Other,Other,Other
2026-09-23,2026-09-29,6,31,22,31,09:18:06.000,09:20:02.000,116,35230,23411.0000,23424.0000,13.0000,0.0555294519670240485241980300,23400.0000,125.0500,135.5000,10.4500,8.356657337065173930427828870,114.7500,108.2000,-6.5500,-5.7080610021786492374727668800,Other,Other,False,False,False,0,-1,False,Other,Other,Other,A,B,Other,Other,Other,Other,Other
2026-09-23,2026-09-29,6,32,23,32,09:18:07.000,09:20:04.000,117,34645,23405.4000,23428.0000,22.6000,0.0965589137549454399412101500,23450.0000,100.8500,108.9000,8.0500,7.982151710461080813088745660,138.3000,131.7000,-6.6000,-4.7722342733188720173535791800,Other,Other,False,False,False,0,-1,False,Other,Other,A,B,Other,Other,Other,Other,Other,Other
2026-09-23,2026-09-29,6,33,24,33,09:18:17.000,09:20:16.000,119,34905,23419.6000,23424.0000,4.4000,0.0187876821124186578763087300,23400.0000,128.7500,137.2000,8.4500,6.5631067961165048543689320400,112.3000,108.3500,-3.9500,-3.5173642030276046304541406900,Other,Other,False,False,False,0,-1,False,Other,A,B,Other,Other,Other,Other,Other,Other,Other
2026-09-23,2026-09-29,6,34,25,34,09:18:41.000,09:20:32.000,111,33995,23410.7000,23427.0000,16.3000,0.0696262819992567501185355400,23450.0000,99.3000,108.1000,8.8000,8.862034239677744209466263850,142.0500,133.2000,-8.8500,-6.2302006335797254487856388600,Other,Other,False,False,False,0,-1,False,A,B,Other,Other,Other,Other,Other,Other,Other,Other
2026-09-23,2026-09-29,6,35,26,35,09:19:01.000,09:20:44.000,103,33995,23410.9000,23430.0000,19.1000,0.0815859279224634678718033100,23450.0000,100.2000,110.8000,10.6000,10.578842315369261477045908180,140.3000,131.8500,-8.4500,-6.0228082679971489665003563800,Other,Other,False,False,False,0,-1,False,B,Other,Other,Other,Other,Other,Other,Other,Other,Other
2026-09-23,2026-09-29,6,36,27,36,09:19:16.000,09:21:04.000,108,42575,23409.5000,23430.0000,20.5000,0.0875712851620068775497127200,23450.0000,103.1500,112.9000,9.7500,9.452253999030538051381483280,137.4500,131.0000,-6.4500,-4.6926154965441978901418697700,Other,Other,False,False,False,0,-1,False,Other,Other,Other,Other,Other,Other,Other,Other,Other,Other
2026-09-23,2026-09-29,6,37,28,37,09:19:34.000,09:21:04.000,90,48945,23418.0000,23430.0000,12.0000,0.0512426338713809889828337200,23450.0000,106.0000,112.9000,6.9000,6.5094339622641509433962264200,136.0500,131.0000,-5.0500,-3.7118706357956633590591694200,Other,Other,False,False,False,0,-1,False,Other,Other,Other,Other,Other,Other,Other,Other,Other,Other
2026-09-23,2026-09-29,6,38,29,38,09:19:49.000,09:21:06.000,77,50635,23421.0000,23427.1000,6.1000,0.0260450023483198838649075600,23450.0000,108.8000,112.2500,3.4500,3.1709558823529411764705882400,133.0500,131.3000,-1.7500,-1.3152950018789928598271326600,Other,Other,False,False,False,0,-1,False,Other,Other,Other,Other,Other,Other,Other,Other,Other,Other
2026-09-23,2026-09-29,6,39,30,39,09:19:52.000,09:21:06.000,74,49010,23425.0000,23427.1000,2.1000,0.0089647812166488794023479200,23450.0000,109.4000,112.2500,2.8500,2.6051188299817184643510054800,132.6500,131.3000,-1.3500,-1.0177157934413871089332830800,Other,Other,False,False,False,0,-1,False,Other,Other,Other,Other,Other,Other,Other,Other,Other,Other
2026-09-23,2026-09-29,6,40,31,40,09:19:54.000,09:21:07.000,73,49400,23425.0000,23430.0000,5.0000,0.0213447171824973319103521900,23450.0000,109.2500,112.0000,2.7500,2.5171624713958810068649885600,132.4000,130.9500,-1.4500,-1.0951661631419939577039274900,Other,Other,False,False,False,0,-1,False,Other,Other,Other,Other,Other,Other,Other,Other,Other,Other
2026-09-23,2026-09-29,6,41,32,41,09:20:02.000,09:21:17.000,75,47775,23424.0000,23430.0000,6.0000,0.0256147540983606557377049200,23450.0000,108.9500,112.0000,3.0500,2.7994492886645250114731528200,132.0500,131.5000,-0.5500,-0.4165088981446421809920484700,Other,Other,False,False,False,0,-1,False,Other,Other,Other,Other,Other,Other,Other,Other,Other,Other
2026-09-23,2026-09-29,6,42,33,42,09:20:04.000,09:21:31.000,87,49140,23428.0000,23432.0000,4.0000,0.017073587160662455181833700,23450.0000,108.9000,113.1000,4.2000,3.8567493112947658402203856700,131.7000,130.9500,-0.7500,-0.5694760820045558086560364500,Other,Other,False,False,False,0,-1,False,Other,Other,Other,Other,Other,Other,Other,Other,Other,Other
2026-09-23,2026-09-29,6,43,34,43,09:20:16.000,09:21:39.000,83,50050,23424.0000,23433.5000,9.5000,0.0405566939890710382513661200,23450.0000,110.4500,114.0000,3.5500,3.2141240380262562245359891400,130.9000,129.4000,-1.5000,-1.145912910618792971734148200,Other,Other,False,False,False,0,-1,False,Other,Other,Other,Other,Other,Other,Other,Other,Other,Other
2026-09-23,2026-09-29,6,44,35,44,09:20:32.000,09:21:41.000,69,50310,23427.0000,23434.9000,7.9000,0.0337217740214282665300721400,23450.0000,108.1000,114.7500,6.6500,6.1517113783533765032377428300,133.2000,129.1500,-4.0500,-3.0405405405405405405405405400,Other,Other,False,False,False,0,-1,False,Other,Other,Other,Other,Other,Other,Other,Other,Other,Other
2026-09-23,2026-09-29,6,45,36,45,09:20:44.000,09:21:54.000,70,51090,23430.0000,23438.0000,8.0000,0.0341442594963721724285104600,23450.0000,110.8000,114.1000,3.3000,2.9783393501805054151624548700,131.8500,129.8500,-2.0000,-1.5168752370117557830868411100,Other,Other,False,False,False,0,-1,False,Other,Other,Other,Other,Other,Other,Other,Other,Other,A
2026-09-23,2026-09-29,6,46,37,46,09:21:04.000,09:22:04.000,60,42120,23430.0000,23433.5000,3.5000,0.0149381135296628254374733200,23450.0000,112.9000,113.0500,0.1500,0.1328609388839681133746678500,131.0000,130.7000,-0.3000,-0.2290076335877862595419847300,Other,Other,False,False,False,0,-1,False,Other,Other,Other,Other,Other,Other,Other,Other,A,Other
2026-09-23,2026-09-29,6,47,38,47,09:21:06.000,09:22:21.000,75,36075,23427.1000,23430.0000,2.9000,0.012378826231159639904213500,23450.0000,112.2500,110.1000,-2.1500,-1.9153674832962138084632516700,131.3000,131.2000,-0.1000,-0.0761614623000761614623000800,Other,Other,False,False,False,0,-1,False,Other,Other,Other,Other,Other,Other,Other,A,Other,Other
2026-09-23,2026-09-29,6,48,39,48,09:21:06.000,09:22:29.000,83,33410,23427.1000,23425.0000,-2.1000,-0.0089639776156673254478787400,23400.0000,140.1500,134.5500,-5.6000,-3.9957188726364609347128077100,107.6500,110.1000,2.4500,2.2758941012540640966093822600,Other,Other,False,False,False,0,-1,False,Other,Other,Other,Other,Other,Other,A,Other,Other,Other
2026-09-23,2026-09-29,6,49,40,49,09:21:06.000,09:22:42.000,96,32565,23427.1000,23435.0000,7.9000,0.0337216300779866052563057300,23450.0000,112.2500,111.1000,-1.1500,-1.0244988864142538975501113600,131.3000,130.7500,-0.5500,-0.4188880426504188880426504200,Other,Other,False,False,False,0,-1,False,Other,Other,Other,Other,Other,A,Other,Other,Other,Other
2026-09-23,2026-09-29,6,50,41,50,09:21:07.000,09:22:51.000,104,32240,23430.0000,23424.6000,-5.4000,-0.0230473751600512163892445600,23400.0000,139.0000,134.2500,-4.7500,-3.4172661870503597122302158300,107.5500,110.2000,2.6500,2.4639702463970246397024639700,Other,Other,False,False,False,0,-1,False,Other,Other,Other,Other,A,Other,Other,Other,Other,Other
2026-09-23,2026-09-29,6,51,42,51,09:21:17.000,09:22:54.000,97,33085,23430.0000,23423.0000,-7.0000,-0.0298762270593256508749466500,23400.0000,138.5000,135.2500,-3.2500,-2.3465703971119133574007220200,108.2500,109.6000,1.3500,1.2471131639722863741339491900,Other,Other,False,False,False,0,-1,False,Other,Other,Other,A,Other,Other,Other,Other,Other,Other
2026-09-23,2026-09-29,6,52,43,52,09:21:31.000,09:23:02.000,91,31655,23432.0000,23422.0000,-10.0000,-0.0426766814612495732331853900,23400.0000,139.4500,135.0000,-4.4500,-3.1911079239870921477231982800,108.4500,109.6500,1.2000,1.1065006915629322268326417700,Other,Other,False,False,False,0,-1,False,Other,Other,A,Other,Other,Other,Other,Other,Other,Other
2026-09-23,2026-09-29,6,53,44,53,09:21:39.000,09:23:14.000,95,30680,23433.5000,23430.0000,-3.5000,-0.014935882390594661488894100,23450.0000,114.0000,109.4500,-4.5500,-3.9912280701754385964912280700,129.4000,131.4500,2.0500,1.584234930448222565687789800,Other,Other,False,False,False,0,-1,False,Other,A,Other,Other,Other,Other,Other,Other,Other,Other
2026-09-23,2026-09-29,6,54,45,54,09:21:41.000,09:23:27.000,106,30680,23434.9000,23420.0000,-14.9000,-0.0635803865175443462528109800,23400.0000,141.1500,132.1500,-9.0000,-6.3761955366631243358129649300,106.4500,110.9500,4.5000,4.2273367778299671207139502100,Other,Other,False,False,False,0,-1,False,A,Other,Other,Other,Other,Other,Other,Other,Other,Other
2026-09-23,2026-09-29,6,55,46,55,09:21:54.000,09:23:41.000,107,30810,23438.0000,23425.8000,-12.2000,-0.0520522228859117672156327300,23450.0000,114.1000,107.6000,-6.5000,-5.6967572304995617879053461900,129.8500,133.0000,3.1500,2.425876010781671159029649600,Other,Other,False,False,False,0,-1,False,Other,Other,Other,Other,Other,Other,Other,Other,Other,Other
2026-09-23,2026-09-29,6,56,47,56,09:22:04.000,09:23:53.000,109,30940,23433.5000,23420.2000,-13.3000,-0.056756353084259713657797600,23400.0000,139.7500,134.1000,-5.6500,-4.0429338103756708407871198600,107.8000,109.8500,2.0500,1.9016697588126159554730983300,Other,Other,False,False,False,0,-1,False,Other,Other,Other,Other,Other,Other,Other,Other,Other,Other
2026-09-23,2026-09-29,6,57,48,57,09:22:21.000,09:24:19.000,118,30615,23430.0000,23420.1000,-9.9000,-0.0422535211267605633802816900,23400.0000,136.3000,130.1500,-6.1500,-4.5121056493030080704328686700,108.6000,112.6000,4.0000,3.6832412523020257826887661100,Other,Other,False,False,False,0,-1,False,Other,Other,Other,Other,Other,Other,Other,Other,Other,Other
2026-09-23,2026-09-29,6,58,49,58,09:22:29.000,09:24:46.000,137,29445,23425.0000,23419.0000,-6.0000,-0.0256136606189967982924226300,23400.0000,134.5500,131.5000,-3.0500,-2.2668153102935711631363805300,110.1000,112.0500,1.9500,1.7711171662125340599455040900,Other,Other,False,False,False,0,-1,False,Other,Other,Other,Other,Other,Other,Other,Other,Other,Other
2026-09-23,2026-09-29,6,59,50,59,09:22:42.000,09:25:02.000,140,30095,23435.0000,23425.0000,-10.0000,-0.0426712182632814166844463400,23400.0000,137.6500,131.5500,-6.1000,-4.4315292408281874318924809300,108.1500,112.0500,3.9000,3.6061026352288488210818307900,Other,Other,False,False,False,0,-1,False,Other,Other,Other,Other,Other,Other,Other,Other,Other,Other
2026-09-23,2026-09-29,6,60,51,60,09:22:51.000,09:25:19.000,148,30095,23424.6000,23403.0000,-21.6000,-0.0922107527983402064496298800,23400.0000,134.2500,125.6500,-8.6000,-6.4059590316573556797020484200,110.2000,117.1500,6.9500,6.3067150635208711433756805800,Other,Other,False,False,False,0,-1,False,Other,Other,Other,Other,Other,Other,Other,Other,Other,Other
2026-09-23,2026-09-29,6,61,52,61,09:22:54.000,09:25:41.000,167,29185,23423.0000,23402.3000,-20.7000,-0.0883746744652691798659437300,23400.0000,135.2500,124.2500,-11.0000,-8.133086876155268022181146030,109.6000,118.1500,8.5500,7.8010948905109489051094890500,Other,Other,False,False,False,0,-1,False,Other,Other,Other,Other,Other,Other,Other,Other,Other,Other
2026-09-23,2026-09-29,6,62,53,62,09:23:02.000,09:26:19.000,197,29380,23422.0000,23413.0000,-9.0000,-0.0384254120058065067030996500,23400.0000,135.0000,124.1500,-10.8500,-8.037037037037037037037037040,109.6500,117.3500,7.7000,7.0223438212494300045599635200,Other,Other,False,False,False,0,-1,False,Other,Other,Other,Other,Other,Other,Other,Other,Other,Other
2026-09-23,2026-09-29,6,63,54,63,09:23:14.000,09:26:36.000,202,29185,23430.0000,23405.0000,-25.0000,-0.1067008109261630388390951800,23400.0000,135.8500,121.9000,-13.9500,-10.268678689731321310268678690,108.0500,119.7500,11.7000,10.828320222119389171679777880,Other,Other,False,False,False,0,-1,False,Other,Other,Other,Other,Other,Other,Other,Other,Other,Other
2026-09-23,2026-09-29,6,64,55,64,09:23:27.000,09:26:59.000,212,28795,23420.0000,23400.2000,-19.8000,-0.0845431255337318531169940200,23400.0000,132.1500,122.6000,-9.5500,-7.2266363980325387816874763500,110.9500,118.5500,7.6000,6.8499324019828751689950428100,Other,Other,False,False,False,0,-1,False,Other,Other,Other,Other,Other,Other,Other,Other,Other,Other
2026-09-23,2026-09-29,6,65,56,65,09:23:41.000,09:27:02.000,201,28795,23425.8000,23398.4000,-27.4000,-0.1169650556224333854126646700,23400.0000,134.0000,122.2500,-11.7500,-8.768656716417910447761194030,109.4500,119.0000,9.5500,8.725445408862494289629968020,Other,Other,False,False,False,0,-1,False,Other,Other,Other,Other,Other,Other,Other,Other,Other,Other
2026-09-23,2026-09-29,6,66,57,66,09:23:53.000,09:27:21.000,208,28600,23420.2000,23399.8000,-20.4000,-0.0871042945833084260595554300,23400.0000,134.1000,123.9000,-10.2000,-7.606263982102908277404921700,109.8500,118.4000,8.5500,7.7833409194355939918070095600,Other,Other,False,False,False,0,-1,False,Other,Other,Other,Other,Other,Other,Other,Other,Other,Other
2026-09-23,2026-09-29,6,67,58,67,09:24:19.000,09:27:49.000,210,28535,23420.1000,23403.7000,-16.4000,-0.070025320130998586684087600,23400.0000,130.1500,122.4500,-7.7000,-5.9162504802151363810987322300,112.6000,120.1500,7.5500,6.7051509769094138543516873900,Other,Other,False,False,False,0,-1,False,Other,Other,Other,Other,Other,Other,Other,Other,Other,Other
2026-09-23,2026-09-29,6,68,59,68,09:24:46.000,09:27:59.000,193,28600,23419.0000,23401.0000,-18.0000,-0.0768606686878175840129809100,23400.0000,131.5000,121.4000,-10.1000,-7.6806083650190114068441064600,112.0500,120.2000,8.1500,7.2735385988398036590807675100,Other,Other,False,False,False,0,-1,False,Other,Other,Other,Other,Other,Other,Other,Other,Other,Other
2026-09-23,2026-09-29,6,69,60,69,09:25:02.000,09:28:21.000,199,27755,23425.0000,23403.2000,-21.8000,-0.0930629669156883671291355400,23400.0000,131.5500,120.2500,-11.3000,-8.589889775750665146332193080,112.0500,121.3500,9.3000,8.299866131191432396251673360,Other,Other,False,False,False,0,-1,False,Other,Other,Other,Other,Other,Other,Other,Other,Other,Other
2026-09-23,2026-09-29,6,70,61,70,09:25:19.000,09:28:27.000,188,27430,23403.0000,23400.1000,-2.9000,-0.012391573729863692688971500,23400.0000,125.6500,119.4500,-6.2000,-4.9343414245921209709510545200,117.1500,121.3500,4.2000,3.5851472471190781049935979500,Other,Other,False,False,False,0,-1,False,Other,Other,Other,Other,Other,Other,Other,Other,Other,Other
2026-09-23,2026-09-29,6,71,62,71,09:25:41.000,09:29:05.000,204,27690,23402.3000,23398.7000,-3.6000,-0.0153831033701815633506108400,23400.0000,124.2500,118.8500,-5.4000,-4.3460764587525150905432595600,118.1500,121.6000,3.4500,2.9200169276343630977570884500,Other,Other,False,False,False,0,-1,False,Other,Other,Other,Other,Other,Other,Other,Other,Other,Other
2026-09-23,2026-09-29,6,72,63,72,09:26:19.000,09:29:10.000,171,27820,23413.0000,23400.9000,-12.1000,-0.0516806902148379105625080100,23400.0000,124.1500,120.9000,-3.2500,-2.6178010471204188481675392700,117.3500,119.4000,2.0500,1.7469109501491265445249254400,Other,Other,False,False,False,0,-1,False,Other,Other,Other,Other,Other,Other,Other,Other,Other,Other
2026-09-23,2026-09-29,6,73,64,73,09:26:36.000,09:29:44.000,188,27820,23405.0000,23395.2000,-9.8000,-0.041871395001068147831659900,23400.0000,121.9000,117.2500,-4.6500,-3.8146021328958162428219852300,119.7500,122.8000,3.0500,2.5469728601252609603340292300,Other,Other,False,False,False,0,-1,False,Other,Other,Other,Other,Other,Other,Other,Other,Other,Other
2026-09-23,2026-09-29,6,74,65,74,09:26:59.000,09:29:54.000,175,27820,23400.2000,23392.1000,-8.1000,-0.0346150887599251288450526100,23400.0000,122.6000,115.3000,-7.3000,-5.9543230016313213703099510600,118.5500,124.3500,5.8000,4.8924504428511176718684099500,Other,Other,False,False,False,0,-1,False,Other,Other,Other,Other,Other,Other,Other,Other,Other,Other
2026-09-23,2026-09-29,6,75,66,75,09:27:02.000,09:30:10.000,188,26910,23398.4000,23398.8000,0.4000,0.0017095185995623632385120400,23400.0000,122.2500,119.4500,-2.8000,-2.2903885480572597137014314900,119.0000,121.0000,2.0000,1.6806722689075630252100840300,A,Other,True,False,False,1,1,False,Other,Other,Other,Other,Other,Other,Other,Other,Other,Other
2026-09-23,2026-09-29,6,76,67,76,09:27:21.000,09:30:57.000,216,27430,23399.8000,23404.0000,4.2000,0.0179488713578748536312276200,23400.0000,123.9000,120.4000,-3.5000,-2.8248587570621468926553672300,118.4000,119.7500,1.3500,1.140202702702702702702702700,A,A,False,True,False,2,1,False,Other,Other,Other,Other,Other,Other,Other,Other,Other,Other
2026-09-23,2026-09-29,6,77,68,77,09:27:49.000,09:31:23.000,214,27430,23403.7000,23404.0000,0.3000,0.0012818485965894281673410600,23400.0000,122.4500,120.0500,-2.4000,-1.959983666802776643527970600,120.1500,120.9000,0.7500,0.6242197253433208489388264700,A,A,False,True,False,3,1,False,Other,Other,Other,Other,Other,Other,Other,Other,Other,Other
2026-09-23,2026-09-29,6,78,69,78,09:27:59.000,09:31:40.000,221,29055,23401.0000,23397.0000,-4.0000,-0.0170932866116832613990855100,23400.0000,121.4000,118.0000,-3.4000,-2.8006589785831960461285008200,120.2000,123.2500,3.0500,2.5374376039933444259567387700,Other,A,False,False,True,0,-1,False,Other,Other,Other,Other,Other,Other,Other,Other,Other,Other
2026-09-23,2026-09-29,6,79,70,79,09:28:21.000,09:31:42.000,201,29250,23403.2000,23406.6000,3.4000,0.014527927804744650304231900,23400.0000,120.2500,119.1000,-1.1500,-0.9563409563409563409563409600,121.3500,122.0500,0.7000,0.5768438401318500206015657200,A,Other,True,False,False,1,2,False,Other,Other,Other,Other,Other,Other,Other,Other,Other,A
2026-09-23,2026-09-29,6,80,71,80,09:28:27.000,09:31:52.000,205,30810,23400.1000,23393.6000,-6.5000,-0.0277776590698330349015602500,23400.0000,119.4500,117.2500,-2.2000,-1.8417748011720385098367517800,121.3500,124.6500,3.3000,2.719406674907292954264524100,Other,A,False,False,True,0,-1,False,Other,Other,Other,Other,Other,Other,Other,Other,A,Other
2026-09-23,2026-09-29,6,81,72,81,09:29:05.000,09:31:58.000,173,30485,23398.7000,23392.0000,-6.7000,-0.0286340694141127498536243500,23400.0000,118.8500,116.8500,-2.0000,-1.682793437105595288178376100,121.6000,124.7500,3.1500,2.5904605263157894736842105300,Other,Other,False,False,False,0,-1,False,Other,Other,Other,Other,Other,Other,Other,A,Other,Other
2026-09-23,2026-09-29,6,82,73,82,09:29:10.000,09:32:40.000,210,30225,23400.9000,23395.4000,-5.5000,-0.0235033695285224072578405100,23400.0000,120.9000,118.1000,-2.8000,-2.3159636062861869313482216700,119.4000,124.0500,4.6500,3.8944723618090452261306532700,Other,Other,False,False,False,0,-1,False,Other,Other,Other,Other,Other,Other,A,Other,Other,Other
2026-09-23,2026-09-29,6,83,74,83,09:29:44.000,09:33:13.000,209,30420,23395.2000,23395.5000,0.3000,0.0012823143208863356585966400,23400.0000,117.2500,118.0000,0.7500,0.6396588486140724946695095900,122.8000,124.4500,1.6500,1.3436482084690553745928338800,Other,Other,False,False,False,0,-1,False,Other,Other,Other,Other,Other,A,Other,Other,Other,Other
2026-09-23,2026-09-29,6,84,75,84,09:29:54.000,09:33:36.000,222,31070,23392.1000,23396.9000,4.8000,0.0205197481200918258728374100,23400.0000,115.3000,118.6500,3.3500,2.9054640069384215091066782300,124.3500,123.0000,-1.3500,-1.0856453558504221954161640500,Other,Other,False,False,False,0,-1,False,Other,Other,Other,Other,A,Other,Other,Other,Other,Other
2026-09-23,2026-09-29,6,85,76,85,09:30:10.000,09:33:40.000,210,31135,23398.8000,23395.5000,-3.3000,-0.0141032873480691317503461700,23400.0000,119.4500,117.0000,-2.4500,-2.0510673922143156132272917500,121.0000,124.8000,3.8000,3.1404958677685950413223140500,Other,Other,False,False,False,0,-1,False,Other,Other,Other,A,Other,Other,Other,Other,Other,Other
2026-09-23,2026-09-29,6,86,77,86,09:30:57.000,09:33:51.000,174,30810,23404.0000,23397.2000,-6.8000,-0.0290548624166809092462826900,23400.0000,120.4000,117.9500,-2.4500,-2.0348837209302325581395348800,119.7500,123.6500,3.9000,3.2567849686847599164926931100,Other,Other,False,False,False,0,-1,False,Other,Other,A,Other,Other,Other,Other,Other,Other,Other
2026-09-23,2026-09-29,6,87,78,87,09:31:23.000,09:34:05.000,162,30810,23404.0000,23400.9000,-3.1000,-0.013245599042898649803452400,23400.0000,120.0500,118.6500,-1.4000,-1.1661807580174927113702623900,120.9000,122.6500,1.7500,1.4474772539288668320926385400,Other,Other,False,False,False,0,-1,False,Other,A,Other,Other,Other,Other,Other,Other,Other,Other
2026-09-23,2026-09-29,6,88,79,88,09:31:40.000,09:34:46.000,186,29185,23397.0000,23404.1000,7.1000,0.0303457708253194854041116400,23400.0000,118.0000,121.5500,3.5500,3.008474576271186440677966100,123.2500,119.9500,-3.3000,-2.6774847870182555780933062900,Other,Other,False,False,False,0,-1,False,A,Other,Other,Other,Other,Other,Other,Other,Other,Other
2026-09-23,2026-09-29,6,89,80,89,09:31:42.000,09:35:00.000,198,29445,23406.6000,23401.9000,-4.7000,-0.0200798065502892346603094900,23400.0000,119.1000,122.4000,3.3000,2.7707808564231738035264483600,122.0500,118.8500,-3.2000,-2.6218762802130274477673084800,B,Other,True,False,False,1,3,False,Other,Other,Other,Other,Other,Other,Other,Other,Other,B
2026-09-23,2026-09-29,6,90,81,90,09:31:52.000,09:35:05.000,193,28210,23393.6000,23404.7000,11.1000,0.0474488749059571848710758500,23400.0000,117.2500,123.3500,6.1000,5.2025586353944562899786780400,124.6500,117.6000,-7.0500,-5.655836341756919374247894100,Other,B,False,False,True,0,-1,False,Other,Other,Other,Other,Other,Other,Other,Other,B,Other
2026-09-23,2026-09-29,6,91,82,91,09:31:58.000,09:35:11.000,193,28340,23392.0000,23410.0000,18.0000,0.0769493844049247606019151800,23400.0000,116.8500,123.0500,6.2000,5.3059477963200684638425331600,124.7500,117.9500,-6.8000,-5.4509018036072144288577154300,Other,Other,False,False,False,0,-1,False,Other,Other,Other,Other,Other,Other,Other,B,Other,Other
2026-09-23,2026-09-29,6,92,83,92,09:32:40.000,09:35:16.000,156,28730,23395.4000,23408.7000,13.3000,0.0568487822392436119921010100,23400.0000,118.1000,123.9500,5.8500,4.9534292972057578323454699400,124.0500,117.0000,-7.0500,-5.6831922611850060459492140300,Other,Other,False,False,False,0,-1,False,Other,Other,Other,Other,Other,Other,B,Other,Other,B
2026-09-23,2026-09-29,6,93,84,93,09:33:13.000,09:35:33.000,140,28860,23395.5000,23406.4000,10.9000,0.046590156226624778269325300,23400.0000,118.0000,122.9000,4.9000,4.1525423728813559322033898300,124.4500,118.5500,-5.9000,-4.7408597830453997589393330700,Other,Other,False,False,False,0,-1,False,Other,Other,Other,Other,Other,B,Other,Other,B,B
2026-09-23,2026-09-29,6,94,85,94,09:33:36.000,09:35:48.000,132,29055,23396.9000,23399.6000,2.7000,0.0115399903406006778675807500,23400.0000,118.6500,120.3000,1.6500,1.3906447534766118836915297100,123.0000,122.2500,-0.7500,-0.6097560975609756097560975600,Other,Other,False,False,False,0,-1,False,Other,Other,Other,Other,B,Other,Other,B,B,Other
2026-09-23,2026-09-29,6,95,86,95,09:33:40.000,09:35:55.000,135,30940,23395.5000,23397.4000,1.9000,0.0081212198927144108909833100,23400.0000,117.0000,119.6000,2.6000,2.2222222222222222222222222200,124.8000,122.4000,-2.4000,-1.9230769230769230769230769200,Other,Other,False,False,False,0,-1,False,Other,Other,Other,B,Other,Other,B,B,Other,Other
2026-09-23,2026-09-29,6,96,87,96,09:33:51.000,09:36:18.000,147,30810,23397.2000,23397.4000,0.2000,0.0008548031388371258099259700,23400.0000,117.9500,120.5500,2.6000,2.2043238660449342941924544300,123.6500,122.7000,-0.9500,-0.7682976142337242215932066300,Other,Other,False,False,False,0,-1,False,Other,Other,B,Other,Other,B,B,Other,Other,Other
2026-09-23,2026-09-29,6,97,88,97,09:34:05.000,09:36:34.000,149,32110,23400.9000,23394.8000,-6.1000,-0.0260673734770884880496049300,23400.0000,118.6500,118.0000,-0.6500,-0.5478297513695743784239359500,122.6500,125.0000,2.3500,1.9160211985324092947411333100,Other,Other,False,False,False,0,-1,False,Other,B,Other,Other,B,B,Other,Other,Other,Other
2026-09-23,2026-09-29,6,98,89,98,09:34:46.000,09:36:46.000,120,33410,23404.1000,23390.7000,-13.4000,-0.0572549254190505082442819800,23400.0000,121.5500,116.0500,-5.5000,-4.5248868778280542986425339400,119.9500,127.0000,7.0500,5.8774489370571071279699874900,Other,Other,False,False,False,0,-1,False,B,Other,Other,B,B,Other,Other,Other,Other,Other
2026-09-23,2026-09-29,6,99,90,99,09:35:00.000,09:36:53.000,113,32890,23401.9000,23390.2000,-11.7000,-0.0499959405005576470286600700,23400.0000,122.4000,118.2500,-4.1500,-3.3905228758169934640522875800,118.8500,124.2500,5.4000,4.5435422801851072780816154800,Other,Other,False,False,False,0,-1,False,Other,Other,B,B,Other,Other,Other,Other,Other,Other
2026-09-23,2026-09-29,6,100,91,100,09:35:05.000,09:37:59.000,174,32565,23404.7000,23401.4000,-3.3000,-0.0140997321050900032899374900,23400.0000,123.3500,122.0000,-1.3500,-1.0944466963923794081880826900,117.6000,118.0000,0.4000,0.340136054421768707482993200,Other,Other,False,False,False,0,-1,False,Other,B,B,Other,Other,Other,Other,Other,Other,Other
2026-09-23,2026-09-29,6,101,92,101,09:35:11.000,09:39:06.000,235,32500,23410.0000,23404.3000,-5.7000,-0.0243485689876121315677061100,23400.0000,123.0500,122.0000,-1.0500,-0.8533116619260463226330759900,117.9500,118.5000,0.5500,0.4662992793556591776176345900,Other,Other,False,False,False,0,-1,False,B,B,Other,Other,Other,Other,Other,Other,Other,Other
2026-09-23,2026-09-29,6,102,93,102,09:35:16.000,09:39:32.000,256,32240,23408.7000,23400.2000,-8.5000,-0.0363112859748725901053881700,23400.0000,123.9500,120.0000,-3.9500,-3.1867688584106494554255748300,117.0000,121.0000,4.0000,3.4188034188034188034188034200,Other,Other,False,False,False,0,-1,False,B,Other,Other,Other,Other,Other,Other,Other,Other,Other
2026-09-23,2026-09-29,6,103,94,103,09:35:33.000,09:40:11.000,278,31980,23406.4000,23404.0000,-2.4000,-0.0102536058513910725271720600,23400.0000,122.9000,121.7000,-1.2000,-0.9764035801464605370219690800,118.5500,119.0000,0.4500,0.3795866722901729228173766300,Other,Other,False,False,False,0,-1,False,Other,Other,Other,Other,Other,Other,Other,Other,Other,A
2026-09-23,2026-09-29,6,104,95,104,09:35:48.000,09:40:27.000,279,31200,23399.6000,23405.2000,5.6000,0.0239320330262055761636951100,23400.0000,120.3000,122.0500,1.7500,1.4546965918536990856192851200,122.2500,117.9000,-4.3500,-3.5582822085889570552147239300,Other,Other,False,False,False,0,-1,False,Other,Other,Other,Other,Other,Other,Other,Other,A,Other
2026-09-23,2026-09-29,6,105,96,105,09:35:55.000,09:41:10.000,315,29380,23397.4000,23401.0000,3.6000,0.0153863249762794156615692300,23400.0000,119.6000,120.7500,1.1500,0.9615384615384615384615384600,122.4000,119.7000,-2.7000,-2.2058823529411764705882352900,Other,Other,False,False,False,0,-1,False,Other,Other,Other,Other,Other,Other,Other,A,Other,B
2026-09-23,2026-09-29,6,106,97,106,09:36:18.000,09:41:40.000,322,29380,23397.4000,23403.7000,6.3000,0.0269260687084889774077461600,23400.0000,120.5500,121.5500,1.0000,0.8295313148071339693073413500,122.7000,118.5500,-4.1500,-3.382233088834555827220863900,Other,Other,False,False,False,0,-1,False,Other,Other,Other,Other,Other,Other,A,Other,B,A
2026-09-23,2026-09-29,6,107,98,107,09:36:34.000,09:42:27.000,353,28795,23394.8000,23409.0000,14.2000,0.0606972489613076410142424800,23400.0000,118.0000,124.4000,6.4000,5.4237288135593220338983050800,125.0000,114.0500,-10.9500,-8.7600,Other,Other,False,False,False,0,-1,False,Other,Other,Other,Other,Other,A,Other,B,A,Other
2026-09-23,2026-09-29,6,108,99,108,09:36:46.000,09:42:38.000,352,27690,23390.7000,23404.0000,13.3000,0.0568602051242587866117730600,23400.0000,116.0500,122.6000,6.5500,5.6441189142610943558810857400,127.0000,115.9500,-11.0500,-8.700787401574803149606299210,Other,Other,False,False,False,0,-1,False,Other,Other,Other,Other,A,Other,B,A,Other,B
2026-09-23,2026-09-29,6,109,100,109,09:36:53.000,09:43:28.000,395,27560,23390.2000,23404.6000,14.4000,0.0615642448546827303742593100,23400.0000,118.2500,121.4000,3.1500,2.6638477801268498942917547600,124.2500,117.9000,-6.3500,-5.11066398390342052313883300,Other,Other,False,False,False,0,-1,False,Other,Other,Other,A,Other,B,A,Other,B,A
2026-09-23,2026-09-29,6,110,101,110,09:37:59.000,09:44:13.000,374,27625,23401.4000,23404.0000,2.6000,0.0111104463835497021545719500,23400.0000,122.0000,120.3500,-1.6500,-1.3524590163934426229508196700,118.0000,118.5500,0.5500,0.4661016949152542372881355900,A,Other,True,False,False,1,4,False,Other,Other,A,Other,B,A,Other,B,A,Other
2026-09-23,2026-09-29,6,111,102,111,09:39:06.000,09:44:20.000,314,28340,23404.3000,23397.3000,-7.0000,-0.0299090338100263626769439800,23400.0000,122.0000,119.6500,-2.3500,-1.9262295081967213114754098400,118.5000,119.3000,0.8000,0.6751054852320675105485232100,Other,A,False,False,True,0,-1,False,Other,A,Other,B,A,Other,B,A,Other,Other
2026-09-23,2026-09-29,6,112,103,112,09:39:32.000,09:45:06.000,334,28470,23400.2000,23402.4000,2.2000,0.0094016290459055905505081200,23400.0000,120.0000,122.8500,2.8500,2.37500,121.0000,115.6500,-5.3500,-4.4214876033057851239669421500,Other,Other,False,False,False,0,-1,False,A,Other,B,A,Other,B,A,Other,Other,Other
2026-09-23,2026-09-29,6,113,104,113,09:40:11.000,09:45:18.000,307,28535,23404.0000,23410.9000,6.9000,0.0294821398051615108528456700,23400.0000,121.7000,125.3500,3.6500,2.9991783073130649137222678700,119.0000,113.0500,-5.9500,-5.00,Other,Other,False,False,False,0,-1,False,Other,B,A,Other,B,A,Other,Other,Other,Other
2026-09-23,2026-09-29,6,114,105,114,09:40:27.000,09:45:31.000,304,28600,23405.2000,23410.9000,5.7000,0.0243535624562063131269974200,23400.0000,122.0500,124.9000,2.8500,2.3351085620647275706677591200,117.9000,113.4000,-4.5000,-3.8167938931297709923664122100,Other,Other,False,False,False,0,-1,False,B,A,Other,B,A,Other,Other,Other,Other,Other
2026-09-23,2026-09-29,6,115,106,115,09:41:10.000,09:45:35.000,265,30355,23401.0000,23410.9000,9.9000,0.0423058843639160719627366400,23400.0000,120.7500,124.6000,3.8500,3.1884057971014492753623188400,119.7000,114.2500,-5.4500,-4.5530492898913951545530492900,Other,Other,False,False,False,0,-1,False,A,Other,B,A,Other,Other,Other,Other,Other,Other
2026-09-23,2026-09-29,6,116,107,116,09:41:40.000,09:45:55.000,255,30875,23403.7000,23410.9000,7.2000,0.0307643663181462760161854700,23400.0000,121.5500,122.0000,0.4500,0.3702180172768408062525709600,118.5500,116.8000,-1.7500,-1.4761703922395613665120202400,Other,Other,False,False,False,0,-1,False,Other,B,A,Other,Other,Other,Other,Other,Other,Other
2026-09-23,2026-09-29,6,117,108,117,09:42:27.000,09:48:28.000,361,30355,23409.0000,23406.0000,-3.0000,-0.01281558374983980520312700,23400.0000,124.4000,121.5500,-2.8500,-2.2909967845659163987138263700,114.0500,116.5500,2.5000,2.1920210434020166593599298600,Other,Other,False,False,False,0,-1,False,B,A,Other,Other,Other,Other,Other,Other,Other,Other
2026-09-23,2026-09-29,6,118,109,118,09:42:38.000,09:48:55.000,377,30485,23404.0000,23393.5000,-10.5000,-0.0448641257904631686891129700,23400.0000,122.6000,118.2500,-4.3500,-3.5481239804241435562805872800,115.9500,120.2500,4.3000,3.7084950409659335920655454900,Other,Other,False,False,False,0,-1,False,A,Other,Other,Other,Other,Other,Other,Other,Other,Other
2026-09-23,2026-09-29,6,119,110,119,09:43:28.000,09:49:23.000,355,30485,23404.6000,23392.0000,-12.6000,-0.0538355707852302538817155600,23400.0000,121.4000,114.0000,-7.4000,-6.0955518945634266886326194400,117.9000,124.7500,6.8500,5.810008481764206955046649700,Other,Other,False,False,False,0,-1,False,Other,Other,Other,Other,Other,Other,Other,Other,Other,Other
2026-09-23,2026-09-29,6,120,111,120,09:44:13.000,09:49:30.000,317,30550,23404.0000,23390.0000,-14.0000,-0.059818834387284224918817300,23400.0000,120.3500,114.1500,-6.2000,-5.1516410469464063149148317400,118.5500,124.8000,6.2500,5.2720371151412905946857865900,Other,Other,False,False,False,0,-1,False,Other,Other,Other,Other,Other,Other,Other,Other,Other,Other
2026-09-23,2026-09-29,6,121,112,121,09:44:20.000,09:50:11.000,351,29835,23397.3000,23387.1000,-10.2000,-0.0435947737559461989203882500,23400.0000,119.6500,115.5000,-4.1500,-3.468449644797325532804011700,119.3000,124.2500,4.9500,4.1492036881810561609388097200,Other,Other,False,False,False,0,-1,False,Other,Other,Other,Other,Other,Other,Other,Other,Other,Other
2026-09-23,2026-09-29,6,122,113,122,09:45:06.000,09:51:11.000,365,30680,23402.4000,23393.1000,-9.3000,-0.0397395138960106655727617700,23400.0000,122.8500,112.5000,-10.3500,-8.424908424908424908424908420,115.6500,128.3500,12.7000,10.981409424989191526156506700,Other,Other,False,False,False,0,-1,False,Other,Other,Other,Other,Other,Other,Other,Other,Other,Other
2026-09-23,2026-09-29,6,123,114,123,09:45:18.000,09:51:18.000,360,30745,23410.9000,23394.7000,-16.2000,-0.06919853572481194657189600,23400.0000,125.3500,113.2500,-12.1000,-9.652971679297965696051057040,113.0500,127.7500,14.7000,13.003095975232198142414860680,Other,Other,False,False,False,0,-1,False,Other,Other,Other,Other,Other,Other,Other,Other,Other,A
2026-09-23,2026-09-29,6,124,115,124,09:45:31.000,09:51:38.000,367,30680,23410.9000,23392.5000,-18.4000,-0.0785958677368234454890670600,23400.0000,124.9000,112.4500,-12.4500,-9.967974379503602882305844680,113.4000,128.7500,15.3500,13.536155202821869488536155200,Other,Other,False,False,False,0,-1,False,Other,Other,Other,Other,Other,Other,Other,Other,A,B
2026-09-23,2026-09-29,6,125,116,125,09:45:35.000,09:53:24.000,469,28860,23410.9000,23392.0000,-18.9000,-0.0807316250122806043338786600,23400.0000,124.6000,116.5500,-8.0500,-6.4606741573033707865168539300,114.2500,123.7500,9.5000,8.315098468271334792122538290,Other,Other,False,False,False,0,-1,False,Other,Other,Other,Other,Other,Other,Other,A,B,B
2026-09-23,2026-09-29,6,126,117,126,09:45:55.000,09:54:06.000,491,28795,23410.9000,23383.5000,-27.4000,-0.1170394986950523046956759500,23400.0000,122.0000,110.9000,-11.1000,-9.098360655737704918032786890,116.8000,130.7000,13.9000,11.900684931506849315068493150,Other,Other,False,False,False,0,-1,False,Other,Other,Other,Other,Other,Other,A,B,B,Other
2026-09-23,2026-09-29,6,127,118,127,09:48:28.000,09:54:08.000,340,29120,23406.0000,23382.2000,-23.8000,-0.1016833290609245492608732800,23400.0000,121.5500,110.4500,-11.1000,-9.132044426162073220896750310,116.5500,131.1500,14.6000,12.526812526812526812526812530,Other,Other,False,False,False,0,-1,False,Other,Other,Other,Other,Other,A,B,B,Other,Other
2026-09-23,2026-09-29,6,128,119,128,09:48:55.000,09:54:27.000,332,28730,23393.5000,23376.2000,-17.3000,-0.0739521662000128240750635900,23400.0000,118.2500,110.5000,-7.7500,-6.5539112050739957716701902700,120.2500,131.1000,10.8500,9.022869022869022869022869020,Other,Other,False,False,False,0,-1,False,Other,Other,Other,Other,A,B,B,Other,Other,Other
2026-09-23,2026-09-29,6,129,120,129,09:49:23.000,09:54:42.000,319,28990,23392.0000,23375.4000,-16.6000,-0.0709644322845417236662106700,23400.0000,114.0000,108.9000,-5.1000,-4.4736842105263157894736842100,124.7500,133.8000,9.0500,7.2545090180360721442885771500,Other,Other,False,False,False,0,-1,False,Other,Other,Other,A,B,B,Other,Other,Other,Other
2026-09-23,2026-09-29,6,130,121,130,09:49:30.000,09:55:21.000,351,28860,23390.0000,23375.8000,-14.2000,-0.0607097050021376656690893500,23400.0000,114.1500,110.4000,-3.7500,-3.2851511169513797634691195800,124.8000,131.5500,6.7500,5.4086538461538461538461538500,Other,Other,False,False,False,0,-1,False,Other,Other,A,B,B,Other,Other,Other,Other,Other
2026-09-23,2026-09-29,6,131,122,131,09:50:11.000,09:56:07.000,356,29640,23387.1000,23383.0000,-4.1000,-0.0175310320646852324572093200,23400.0000,115.5000,113.7500,-1.7500,-1.5151515151515151515151515200,124.2500,125.8500,1.6000,1.2877263581488933601609657900,Other,Other,False,False,False,0,-1,False,Other,A,B,B,Other,Other,Other,Other,Other,Other
2026-09-23,2026-09-29,6,132,123,132,09:51:11.000,09:57:02.000,351,28470,23393.1000,23391.2000,-1.9000,-0.0081220530840290513014521400,23400.0000,112.5000,117.4500,4.9500,4.400,128.3500,121.3000,-7.0500,-5.4927931437475652512660693400,B,Other,True,False,False,1,5,False,A,B,B,Other,Other,Other,Other,Other,Other,Other
2026-09-23,2026-09-29,6,133,124,133,09:51:18.000,09:57:29.000,371,29055,23394.7000,23399.9000,5.2000,0.0222272566008540395901635800,23400.0000,113.2500,116.4000,3.1500,2.781456953642384105960264900,127.7500,122.2000,-5.5500,-4.3444227005870841487279843400,Other,B,False,False,True,0,-1,False,B,B,Other,Other,Other,Other,Other,Other,Other,Other
2026-09-23,2026-09-29,6,134,125,134,09:51:38.000,09:57:45.000,367,28990,23392.5000,23395.9000,3.4000,0.0145345730469167468205621500,23400.0000,112.4500,116.3000,3.8500,3.4237438861716318363717207600,128.7500,122.6500,-6.1000,-4.7378640776699029126213592200,Other,Other,False,False,False,0,-1,False,B,Other,Other,Other,Other,Other,Other,Other,Other,Other
2026-09-23,2026-09-29,6,135,126,135,09:53:24.000,09:58:02.000,278,29120,23392.0000,23390.0000,-2.0000,-0.0085499316005471956224350200,23400.0000,116.5500,115.2500,-1.3000,-1.1154011154011154011154011200,123.7500,124.4500,0.7000,0.5656565656565656565656565700,Other,Other,False,False,False,0,-1,False,Other,Other,Other,Other,Other,Other,Other,Other,Other,Other
2026-09-23,2026-09-29,6,136,127,136,09:54:06.000,09:59:14.000,308,29055,23383.5000,23394.0000,10.5000,0.0449034575662325999101930800,23400.0000,110.9000,118.8000,7.9000,7.1235347159603246167718665500,130.7000,119.7000,-11.0000,-8.416220351951032899770466720,Other,Other,False,False,False,0,-1,False,Other,Other,Other,Other,Other,Other,Other,Other,Other,Other
2026-09-23,2026-09-29,6,137,128,137,09:54:08.000,09:59:44.000,336,28600,23382.2000,23400.0000,17.8000,0.0761262840964494358956813300,23400.0000,110.4500,120.2500,9.8000,8.872793119058397464916251700,131.1500,117.0000,-14.1500,-10.789172703011818528402592450,Other,Other,False,False,False,0,-1,False,Other,Other,Other,Other,Other,Other,Other,Other,Other,Other
2026-09-23,2026-09-29,6,138,129,138,09:54:27.000,10:00:49.000,382,29055,23376.2000,23404.3000,28.1000,0.1202077326511580154173903400,23400.0000,110.5000,120.4000,9.9000,8.959276018099547511312217190,131.1000,117.6000,-13.5000,-10.297482837528604118993135010,Other,Other,False,False,False,0,-1,False,Other,Other,Other,Other,Other,Other,Other,Other,Other,Other
2026-09-23,2026-09-29,6,139,130,139,09:54:42.000,10:01:07.000,385,28795,23375.4000,23405.4000,30.0000,0.1283400497959393208244564800,23400.0000,108.9000,121.2500,12.3500,11.340679522497704315886134070,133.8000,115.5000,-18.3000,-13.677130044843049327354260090,Other,Other,False,False,False,0,-1,False,Other,Other,Other,Other,Other,Other,Other,Other,Other,A
2026-09-23,2026-09-29,6,140,131,140,09:55:21.000,10:02:31.000,430,29380,23375.8000,23411.0000,35.2000,0.1505830816485425097750665200,23400.0000,110.4000,119.9000,9.5000,8.605072463768115942028985510,131.5500,118.5500,-13.0000,-9.882174078297225389585708860,Other,Other,False,False,False,0,-1,False,Other,Other,Other,Other,Other,Other,Other,Other,A,Other
2026-09-23,2026-09-29,6,141,132,141,09:56:07.000,10:03:05.000,418,28600,23383.0000,23400.0000,17.0000,0.0727023906256682205020741600,23400.0000,113.7500,119.0000,5.2500,4.6153846153846153846153846200,125.8500,119.0000,-6.8500,-5.4429876837504966229638458500,Other,Other,False,False,False,0,-1,False,Other,Other,Other,Other,Other,Other,Other,A,Other,Other
2026-09-23,2026-09-29,6,142,133,142,09:57:02.000,10:04:15.000,433,28600,23391.2000,23399.6000,8.4000,0.0359109408666507062485037100,23400.0000,117.4500,120.5000,3.0500,2.59684972328650489570029800,121.3000,116.8000,-4.5000,-3.7098103874690849134377576300,Other,Other,False,False,False,0,-1,False,Other,Other,Other,Other,Other,Other,A,Other,Other,B
2026-09-23,2026-09-29,6,143,134,143,09:57:29.000,10:05:59.000,510,28015,23399.9000,23403.8000,3.9000,0.0166667378920422736849302800,23400.0000,116.4000,122.5500,6.1500,5.2835051546391752577319587600,122.2000,114.4500,-7.7500,-6.3420621931260229132569558100,Other,Other,False,False,False,0,-1,False,Other,Other,Other,Other,Other,A,Other,Other,B,Other
2026-09-23,2026-09-29,6,144,135,144,09:57:45.000,10:06:59.000,554,28080,23395.9000,23405.0000,9.1000,0.0388957039481276633940134800,23400.0000,116.3000,121.0000,4.7000,4.0412725709372312983662940700,122.6500,116.2500,-6.4000,-5.2181002853648593558907460300,Other,Other,False,False,False,0,-1,False,Other,Other,Other,Other,A,Other,Other,B,Other,Other
2026-09-23,2026-09-29,6,145,136,145,09:58:02.000,10:07:44.000,582,28080,23390.0000,23401.0000,11.0000,0.0470286447199657973492945700,23400.0000,115.2500,118.7000,3.4500,2.9934924078091106290672451200,124.4500,118.2000,-6.2500,-5.0220972278023302531137002800,Other,Other,False,False,False,0,-1,False,Other,Other,Other,A,Other,Other,B,Other,Other,Other
2026-09-23,2026-09-29,6,146,137,146,09:59:14.000,10:08:56.000,582,27690,23394.0000,23399.3000,5.3000,0.0226553817218090108574848300,23400.0000,118.8000,117.8500,-0.9500,-0.799663299663299663299663300,119.7000,118.5000,-1.2000,-1.0025062656641604010025062700,Other,Other,False,False,False,0,-1,False,Other,Other,A,Other,Other,B,Other,Other,Other,Other
2026-09-23,2026-09-29,6,147,138,147,09:59:44.000,10:09:42.000,598,27690,23400.0000,23395.5000,-4.5000,-0.0192307692307692307692307700,23400.0000,120.2500,116.1000,-4.1500,-3.4511434511434511434511434500,117.0000,120.8000,3.8000,3.2478632478632478632478632500,Other,Other,False,False,False,0,-1,False,Other,A,Other,Other,B,Other,Other,Other,Other,Other
2026-09-23,2026-09-29,6,148,139,148,10:00:49.000,10:10:24.000,575,27235,23404.3000,23391.1000,-13.2000,-0.0563998923274782839050943600,23400.0000,120.4000,114.7500,-5.6500,-4.6926910299003322259136212600,117.6000,122.0000,4.4000,3.7414965986394557823129251700,Other,Other,False,False,False,0,-1,False,A,Other,Other,B,Other,Other,Other,Other,Other,Other
2026-09-23,2026-09-29,6,149,140,149,10:01:07.000,10:11:31.000,624,27365,23405.4000,23384.0000,-21.4000,-0.0914318917856563015372520900,23400.0000,121.2500,112.0500,-9.2000,-7.5876288659793814432989690700,115.5000,126.2000,10.7000,9.264069264069264069264069260,Other,Other,False,False,False,0,-1,False,Other,Other,B,Other,Other,Other,Other,Other,Other,Other
2026-09-23,2026-09-29,6,150,141,150,10:02:31.000,10:12:16.000,585,27300,23411.0000,23385.0000,-26.0000,-0.1110589039340480970483960500,23400.0000,119.9000,113.2000,-6.7000,-5.5879899916597164303586321900,118.5500,125.1500,6.6000,5.5672711935892028679881906400,Other,Other,False,False,False,0,-1,False,Other,B,Other,Other,Other,Other,Other,Other,Other,A
2026-09-23,2026-09-29,6,151,142,151,10:03:05.000,10:12:19.000,554,27625,23400.0000,23395.0000,-5.0000,-0.0213675213675213675213675200,23400.0000,119.0000,113.7500,-5.2500,-4.4117647058823529411764705900,119.0000,124.2000,5.2000,4.3697478991596638655462184900,Other,Other,False,False,False,0,-1,False,B,Other,Other,Other,Other,Other,Other,Other,A,Other
2026-09-23,2026-09-29,6,152,143,152,10:04:15.000,10:12:59.000,524,27690,23399.6000,23395.3000,-4.3000,-0.0183763825022649959828373100,23400.0000,120.5000,112.5500,-7.9500,-6.5975103734439834024896265600,116.8000,125.4000,8.6000,7.3630136986301369863013698600,Other,Other,False,False,False,0,-1,False,Other,Other,Other,Other,Other,Other,Other,A,Other,A
2026-09-23,2026-09-29,6,153,144,153,10:05:59.000,10:14:11.000,492,27560,23403.8000,23392.4000,-11.4000,-0.0487100385407497927686956800,23400.0000,122.5500,115.1000,-7.4500,-6.079151366789065687474500200,114.4500,122.3500,7.9000,6.9025775447793796417649628700,Other,Other,False,False,False,0,-1,False,Other,Other,Other,Other,Other,Other,A,Other,A,B
2026-09-23,2026-09-29,6,154,145,154,10:06:59.000,10:15:01.000,482,28145,23405.0000,23390.0000,-15.0000,-0.0640888698995941038239692400,23400.0000,121.0000,117.0000,-4.0000,-3.3057851239669421487603305800,116.2500,119.6000,3.3500,2.8817204301075268817204301100,Other,Other,False,False,False,0,-1,False,Other,Other,Other,Other,Other,A,Other,A,B,Other
2026-09-23,2026-09-29,6,155,146,155,10:07:44.000,10:16:09.000,505,27950,23401.0000,23405.0000,4.0000,0.0170932866116832613990855100,23400.0000,118.7000,119.2000,0.5000,0.4212299915754001684919966300,118.2000,115.5000,-2.7000,-2.2842639593908629441624365500,Other,Other,False,False,False,0,-1,False,Other,Other,Other,Other,A,Other,A,B,Other,Other
2026-09-23,2026-09-29,6,156,147,156,10:08:56.000,10:16:48.000,472,27950,23399.3000,23410.9000,11.6000,0.0495741325595210113123042100,23400.0000,117.8500,119.6000,1.7500,1.4849384811200678829019940600,118.5000,115.5500,-2.9500,-2.4894514767932489451476793200,Other,Other,False,False,False,0,-1,False,Other,Other,Other,A,Other,A,B,Other,Other,Other
2026-09-23,2026-09-29,6,157,148,157,10:09:42.000,10:17:43.000,481,28535,23395.5000,23414.5000,19.0000,0.0812121989271441089098330900,23400.0000,116.1000,124.6000,8.5000,7.3212747631352282515073212700,120.8000,109.3500,-11.4500,-9.478476821192052980132450330,Other,Other,False,False,False,0,-1,False,Other,Other,A,Other,A,B,Other,Other,Other,Other
2026-09-23,2026-09-29,6,158,149,158,10:10:24.000,10:18:00.000,456,28665,23391.1000,23419.0000,27.9000,0.1192761349402123029699330100,23400.0000,114.7500,124.7000,9.9500,8.671023965141612200435729850,122.0000,110.2000,-11.8000,-9.672131147540983606557377050,Other,Other,False,False,False,0,-1,False,Other,A,Other,A,B,Other,Other,Other,Other,Other
2026-09-23,2026-09-29,6,159,150,159,10:11:31.000,10:18:32.000,421,28600,23384.0000,23420.0000,36.0000,0.1539514197742045843311666100,23400.0000,112.0500,127.6000,15.5500,13.877733154841588576528335560,126.2000,106.2500,-19.9500,-15.808240887480190174326465930,Other,Other,False,False,False,0,-1,False,A,Other,A,B,Other,Other,Other,Other,Other,Other
2026-09-23,2026-09-29,6,160,151,160,10:12:16.000,10:18:48.000,392,28535,23385.0000,23425.0000,40.0000,0.1710498182595680992088945900,23400.0000,113.2000,129.1500,15.9500,14.090106007067137809187279150,125.1500,104.3500,-20.8000,-16.620055932880543347982421090,Other,Other,False,False,False,0,-1,False,Other,A,B,Other,Other,Other,Other,Other,Other,Other
2026-09-23,2026-09-29,6,161,152,161,10:12:19.000,10:19:00.000,401,28535,23395.0000,23420.0000,25.0000,0.1068604402650138918572344500,23400.0000,113.7500,127.1500,13.4000,11.780219780219780219780219780,124.2000,106.6000,-17.6000,-14.170692431561996779388083740,Other,Other,False,False,False,0,-1,False,A,B,Other,Other,Other,Other,Other,Other,Other,Other
2026-09-23,2026-09-29,6,162,153,162,10:12:59.000,10:19:36.000,397,28665,23395.3000,23427.0000,31.7000,0.135497300739892200570200,23450.0000,88.5000,101.8500,13.3500,15.084745762711864406779661020,151.5500,129.5500,-22.0000,-14.516661167931375783569778950,Other,Other,False,False,False,0,-1,False,B,Other,Other,Other,Other,Other,Other,Other,Other,Other
2026-09-23,2026-09-29,6,163,154,163,10:14:11.000,10:20:08.000,357,29185,23392.4000,23422.0000,29.6000,0.1265368239257194644414425200,23400.0000,115.1000,129.7000,14.6000,12.684622067767158992180712420,122.3500,105.3500,-17.0000,-13.89456477319166326113608500,Other,Other,False,False,False,0,-1,False,Other,Other,Other,Other,Other,Other,Other,Other,Other,Other
2026-09-23,2026-09-29,6,164,155,164,10:15:01.000,10:20:18.000,317,29445,23390.0000,23427.8000,37.8000,0.1616075245831551945275758900,23450.0000,92.5000,101.4000,8.9000,9.621621621621621621621621620,145.0000,131.1500,-13.8500,-9.551724137931034482758620690,Other,Other,False,False,False,0,-1,False,Other,Other,Other,Other,Other,Other,Other,Other,Other,Other
2026-09-23,2026-09-29,6,165,156,165,10:16:09.000,10:20:25.000,256,30160,23405.0000,23428.4000,23.4000,0.0999786370433668019653920100,23450.0000,94.2000,101.4000,7.2000,7.6433121019108280254777070100,140.4500,130.6000,-9.8500,-7.0131719473122107511569953700,Other,Other,False,False,False,0,-1,False,Other,Other,Other,Other,Other,Other,Other,Other,Other,A
2026-09-23,2026-09-29,6,166,157,166,10:16:48.000,10:20:38.000,230,30355,23410.9000,23422.5000,11.6000,0.0495495687906060851996292300,23400.0000,119.6000,126.4500,6.8500,5.7274247491638795986622073600,115.5500,108.3500,-7.2000,-6.2310688013846819558632626600,Other,Other,False,False,False,0,-1,False,Other,Other,Other,Other,Other,Other,Other,Other,A,Other
2026-09-23,2026-09-29,6,167,158,167,10:17:43.000,10:20:41.000,178,30160,23414.5000,23422.0000,7.5000,0.0320314335134211706421234700,23400.0000,124.6000,126.3500,1.7500,1.4044943820224719101123595500,109.3500,108.2500,-1.1000,-1.0059442158207590306355738500,Other,Other,False,False,False,0,-1,False,Other,Other,Other,Other,Other,Other,Other,A,Other,Other
2026-09-23,2026-09-29,6,168,159,168,10:18:00.000,10:21:04.000,184,30355,23419.0000,23426.6000,7.6000,0.0324522823348563132499252700,23450.0000,98.1500,103.7500,5.6000,5.7055527254202750891492613300,134.3000,128.0500,-6.2500,-4.6537602382725241995532390200,Other,Other,False,False,False,0,-1,False,Other,Other,Other,Other,Other,Other,A,Other,Other,Other
2026-09-23,2026-09-29,6,169,160,169,10:18:32.000,10:21:14.000,162,30420,23420.0000,23430.0000,10.0000,0.0426985482493595217762596100,23450.0000,101.1500,103.6000,2.4500,2.4221453287197231833910034600,130.3000,127.7000,-2.6000,-1.9953952417498081350729086700,Other,Other,False,False,False,0,-1,False,Other,Other,Other,Other,Other,A,Other,Other,Other,Other
2026-09-23,2026-09-29,6,170,161,170,10:18:48.000,10:21:49.000,181,29965,23425.0000,23426.0000,1.0000,0.0042689434364994663820704400,23450.0000,102.7000,103.9000,1.2000,1.168451801363193768257059400,127.5500,127.2500,-0.3000,-0.2352018816150529204233633900,Other,Other,False,False,False,0,-1,False,Other,Other,Other,Other,A,Other,Other,Other,Other,Other
2026-09-23,2026-09-29,6,171,162,171,10:19:00.000,10:22:41.000,221,29575,23420.0000,23419.5000,-0.5000,-0.0021349274124679760888129800,23400.0000,127.1500,127.4500,0.3000,0.2359418010224144710971293700,106.6000,107.0000,0.4000,0.3752345215759849906191369600,Other,Other,False,False,False,0,-1,False,Other,Other,Other,A,Other,Other,Other,Other,Other,Other
2026-09-23,2026-09-29,6,172,163,172,10:19:36.000,10:24:14.000,278,29380,23427.0000,23420.3000,-6.7000,-0.0285994792333632133862637100,23400.0000,128.2500,128.8000,0.5500,0.428849902534113060428849900,106.2500,106.0000,-0.2500,-0.2352941176470588235294117600,B,Other,True,False,False,1,6,False,Other,Other,A,Other,Other,Other,Other,Other,Other,A
2026-09-23,2026-09-29,6,173,164,173,10:20:08.000,10:24:52.000,284,28795,23422.0000,23423.6000,1.6000,0.0068311843565878234138843800,23400.0000,129.7000,127.2500,-2.4500,-1.88897455666923670007710100,105.3500,106.8000,1.4500,1.3763644992880873279544375900,A,B,True,False,True,1,7,False,Other,A,Other,Other,Other,Other,Other,Other,A,Other
2026-09-23,2026-09-29,6,174,165,174,10:20:18.000,10:25:16.000,298,28015,23427.8000,23419.0000,-8.8000,-0.0375622124143112029298525700,23400.0000,127.9000,125.0000,-2.9000,-2.2673964034401876465989053900,107.0000,109.0000,2.0000,1.8691588785046728971962616800,Other,A,False,False,True,0,-1,False,A,Other,Other,Other,Other,Other,Other,A,Other,Other
2026-09-23,2026-09-29,6,175,166,175,10:20:25.000,10:25:35.000,310,27560,23428.4000,23416.0000,-12.4000,-0.0529272165406088337231735800,23400.0000,127.9500,123.6000,-4.3500,-3.3997655334114888628370457200,107.0000,110.0000,3.0000,2.8037383177570093457943925200,Other,Other,False,False,False,0,-1,False,Other,Other,Other,Other,Other,Other,A,Other,Other,Other
2026-09-23,2026-09-29,6,176,167,176,10:20:38.000,10:26:04.000,326,28600,23422.5000,23422.4000,-0.1000,-0.0004269399082079197352972600,23400.0000,126.4500,125.0000,-1.4500,-1.1466982997232107552392249900,108.3500,109.6500,1.3000,1.1998154130133825565297646500,Other,Other,False,False,False,0,-1,False,Other,Other,Other,Other,Other,A,Other,Other,Other,Other
2026-09-23,2026-09-29,6,177,168,177,10:20:41.000,10:26:25.000,344,28990,23422.0000,23412.7000,-9.3000,-0.0397062590726667235932029700,23400.0000,126.3500,125.8000,-0.5500,-0.4352987732489117530668777200,108.2500,109.1500,0.9000,0.8314087759815242494226327900,Other,Other,False,False,False,0,-1,False,Other,Other,Other,Other,A,Other,Other,Other,Other,Other
2026-09-23,2026-09-29,6,178,169,178,10:21:04.000,10:26:46.000,342,28665,23426.6000,23416.2000,-10.4000,-0.0443939794933963955503572900,23400.0000,130.4500,127.4500,-3.0000,-2.2997316979685703334610962100,104.5500,107.7000,3.1500,3.0129124820659971305595408900,Other,Other,False,False,False,0,-1,False,Other,Other,Other,A,Other,Other,Other,Other,Other,Other
2026-09-23,2026-09-29,6,179,170,179,10:21:14.000,10:27:01.000,347,28730,23430.0000,23416.6000,-13.4000,-0.0571916346564233888177550100,23400.0000,130.4000,127.5000,-2.9000,-2.2239263803680981595092024500,104.3000,107.5000,3.2000,3.0680728667305848513902205200,Other,Other,False,False,False,0,-1,False,Other,Other,A,Other,Other,Other,Other,Other,Other,Other
2026-09-23,2026-09-29,6,180,171,180,10:21:49.000,10:27:49.000,360,28990,23426.0000,23419.8000,-6.2000,-0.0264663194740886194826261400,23400.0000,130.2000,129.4500,-0.7500,-0.5760368663594470046082949300,104.4000,105.1000,0.7000,0.6704980842911877394636015300,Other,Other,False,False,False,0,-1,False,Other,A,Other,Other,Other,Other,Other,Other,Other,Other
2026-09-23,2026-09-29,6,181,172,181,10:22:41.000,10:28:22.000,341,29120,23419.5000,23427.7000,8.2000,0.0350135570785029569375947400,23450.0000,100.8500,106.0000,5.1500,5.1065939514129895884977689600,130.7500,125.1500,-5.6000,-4.282982791586998087954110900,Other,Other,False,False,False,0,-1,False,A,Other,Other,Other,Other,Other,Other,Other,Other,Other
2026-09-23,2026-09-29,6,182,173,182,10:24:14.000,10:28:45.000,271,29120,23420.3000,23424.3000,4.0000,0.017079200522623535992280200,23400.0000,128.8000,130.1500,1.3500,1.0481366459627329192546583900,106.0000,104.8500,-1.1500,-1.0849056603773584905660377400,Other,Other,False,False,False,0,-1,False,Other,Other,Other,Other,Other,Other,Other,Other,Other,Other
2026-09-23,2026-09-29,6,183,174,183,10:24:52.000,10:29:26.000,274,29380,23423.6000,23423.1000,-0.5000,-0.0021345992930207141515394700,23400.0000,127.2500,130.3000,3.0500,2.3968565815324165029469548100,106.8000,105.2000,-1.6000,-1.4981273408239700374531835200,B,Other,True,False,False,1,8,False,Other,Other,Other,Other,Other,Other,Other,Other,Other,Other
2026-09-23,2026-09-29,6,184,175,184,10:25:16.000,10:30:13.000,297,29380,23419.0000,23423.3000,4.3000,0.0183611597420897561808787700,23400.0000,125.0000,130.7500,5.7500,4.600,109.0000,104.7500,-4.2500,-3.899082568807339449541284400,Other,B,False,False,True,0,-1,False,Other,Other,Other,Other,Other,Other,Other,Other,Other,A
2026-09-23,2026-09-29,6,185,176,185,10:25:35.000,10:30:53.000,318,29185,23416.0000,23424.8000,8.8000,0.037581141100102494021182100,23400.0000,123.6000,129.6500,6.0500,4.8948220064724919093851132700,110.0000,105.4000,-4.6000,-4.1818181818181818181818181800,Other,Other,False,False,False,0,-1,False,Other,Other,Other,Other,Other,Other,Other,Other,A,Other
2026-09-23,2026-09-29,6,186,177,186,10:26:04.000,10:31:33.000,329,29055,23422.4000,23425.0000,2.6000,0.0111004850058064075414987400,23400.0000,125.0000,131.7000,6.7000,5.3600,109.6500,104.2500,-5.4000,-4.9247606019151846785225718200,Other,Other,False,False,False,0,-1,False,Other,Other,Other,Other,Other,Other,Other,A,Other,Other
2026-09-23,2026-09-29,6,187,178,187,10:26:25.000,10:31:51.000,326,28210,23412.7000,23425.2000,12.5000,0.0533898268888252956728613100,23450.0000,99.5000,103.7000,4.2000,4.2211055276381909547738693500,133.1500,128.4000,-4.7500,-3.5674051821254224558768306400,Other,Other,False,False,False,0,-1,False,Other,Other,Other,Other,Other,Other,A,Other,Other,Other
2026-09-23,2026-09-29,6,188,179,188,10:26:46.000,10:32:26.000,340,28535,23416.2000,23425.0000,8.8000,0.0375808201159880766307086500,23400.0000,127.4500,131.6500,4.2000,3.2954099646920360925853275800,107.7000,104.1500,-3.5500,-3.2961931290622098421541318500,Other,Other,False,False,False,0,-1,False,Other,Other,Other,Other,Other,A,Other,Other,Other,Other
2026-09-23,2026-09-29,6,189,180,189,10:27:01.000,10:33:24.000,383,28405,23416.6000,23427.2000,10.6000,0.0452670327887054482717388500,23450.0000,101.3000,104.4000,3.1000,3.0602171767028627838104639700,130.8000,126.8000,-4.0000,-3.0581039755351681957186544300,Other,Other,False,False,False,0,-1,False,Other,Other,Other,Other,A,Other,Other,Other,Other,Other
2026-09-23,2026-09-29,6,190,181,190,10:27:49.000,10:33:44.000,355,28665,23419.8000,23430.0000,10.2000,0.0435528911433914892526836300,23450.0000,102.8000,106.1500,3.3500,3.258754863813229571984435800,128.9500,125.0500,-3.9000,-3.0244280728964715005816207800,Other,Other,False,False,False,0,-1,False,Other,Other,Other,A,Other,Other,Other,Other,Other,Other
2026-09-23,2026-09-29,6,191,182,191,10:28:22.000,10:34:17.000,355,29055,23427.7000,23429.3000,1.6000,0.0068295223175983984770165200,23450.0000,106.0000,105.2500,-0.7500,-0.7075471698113207547169811300,125.1500,126.1500,1.0000,0.7990411506192568917299240900,A,Other,True,False,False,1,9,False,Other,Other,A,Other,Other,Other,Other,Other,Other,B
2026-09-23,2026-09-29,6,192,183,192,10:28:45.000,10:34:50.000,365,29120,23424.3000,23423.5000,-0.8000,-0.0034152568059664536400233900,23400.0000,130.1500,129.7500,-0.4000,-0.3073376872839031886285055700,104.8500,105.0500,0.2000,0.190748688602765855984740100,Other,A,False,False,True,0,-1,False,Other,A,Other,Other,Other,Other,Other,Other,B,Other
2026-09-23,2026-09-29,6,193,184,193,10:29:26.000,10:36:00.000,394,28860,23423.1000,23420.2000,-2.9000,-0.0123809401829817573250338300,23400.0000,130.3000,127.1500,-3.1500,-2.4174980813507290867229470500,105.2000,106.5000,1.3000,1.2357414448669201520912547500,Other,Other,False,False,False,0,-1,False,A,Other,Other,Other,Other,Other,Other,B,Other,Other
2026-09-23,2026-09-29,6,194,185,194,10:30:13.000,10:37:10.000,417,28795,23423.3000,23430.0000,6.7000,0.0286039968749066100848300600,23450.0000,104.1000,105.3500,1.2500,1.2007684918347742555235350600,127.9000,125.9000,-2.0000,-1.5637216575449569976544175100,Other,Other,False,False,False,0,-1,False,Other,Other,Other,Other,Other,Other,B,Other,Other,Other
2026-09-23,2026-09-29,6,195,186,195,10:30:53.000,10:37:51.000,418,28925,23424.8000,23434.8000,10.0000,0.0426897988456678392131416300,23450.0000,103.1500,109.1000,5.9500,5.7682985942801745031507513300,128.8000,121.7000,-7.1000,-5.512422360248447204968944100,Other,Other,False,False,False,0,-1,False,Other,Other,Other,Other,Other,B,Other,Other,Other,Other
2026-09-23,2026-09-29,6,196,187,196,10:31:33.000,10:38:01.000,388,31200,23425.0000,23438.0000,13.0000,0.0554962646744930629669156900,23450.0000,104.7500,108.6500,3.9000,3.7231503579952267303102625300,127.0500,122.3000,-4.7500,-3.7386855568673750491932310100,Other,Other,False,False,False,0,-1,False,Other,Other,Other,Other,B,Other,Other,Other,Other,Other
2026-09-23,2026-09-29,6,197,188,197,10:31:51.000,10:38:01.000,370,32045,23425.2000,23438.0000,12.8000,0.0546420094598978877448218200,23450.0000,103.7000,108.6500,4.9500,4.7733847637415621986499517800,128.4000,122.3000,-6.1000,-4.7507788161993769470404984400,Other,Other,False,False,False,0,-1,False,Other,Other,Other,B,Other,Other,Other,Other,Other,Other
2026-09-23,2026-09-29,6,198,189,198,10:32:26.000,10:38:04.000,338,69745,23425.0000,23441.0000,16.0000,0.06830309498399146211312700,23450.0000,104.7500,109.4500,4.7000,4.4868735083532219570405727900,127.3500,121.8000,-5.5500,-4.3580683156654888103651354500,Other,Other,False,False,False,0,-1,False,Other,Other,B,Other,Other,Other,Other,Other,Other,Other
2026-09-23,2026-09-29,6,199,190,199,10:33:24.000,10:38:04.000,280,105105,23427.2000,23441.0000,13.8000,0.0589058871738833492692255200,23450.0000,104.4000,109.4500,5.0500,4.837164750957854406130268200,126.8000,121.8000,-5.0000,-3.9432176656151419558359621500,Other,Other,False,False,False,0,-1,False,Other,B,Other,Other,Other,Other,Other,Other,Other,Other
2026-09-23,2026-09-29,6,200,191,200,10:33:44.000,10:38:06.000,262,139945,23430.0000,23441.0000,11.0000,0.0469483568075117370892018800,23450.0000,106.1500,108.9500,2.8000,2.6377767310409797456429580800,125.0500,122.3500,-2.7000,-2.1591363454618152738904438200,Other,Other,False,False,False,0,-1,False,B,Other,Other,Other,Other,Other,Other,Other,Other,Other
2026-09-23,2026-09-29,6,201,192,201,10:34:17.000,10:38:06.000,229,172185,23429.3000,23441.0000,11.7000,0.0499374714566803105513182200,23450.0000,105.2500,108.9500,3.7000,3.5154394299287410926365795700,126.1500,122.3500,-3.8000,-3.0122869599682917162108600900,Other,Other,False,False,False,0,-1,False,Other,Other,Other,Other,Other,Other,Other,Other,Other,Other
2026-09-23,2026-09-29,6,202,193,202,10:34:50.000,10:38:07.000,197,202280,23423.5000,23440.1000,16.6000,0.0708689990821183853822016400,23450.0000,103.0000,108.5500,5.5500,5.3883495145631067961165048500,128.6000,122.7000,-5.9000,-4.5878693623639191290824261300,Other,Other,False,False,False,0,-1,False,Other,Other,Other,Other,Other,Other,Other,Other,Other,Other
2026-09-23,2026-09-29,6,203,194,203,10:36:00.000,10:38:07.000,127,229840,23420.2000,23440.1000,19.9000,0.0849693854023449842443702400,23450.0000,100.7000,108.5500,7.8500,7.7954319761668321747765640500,130.1500,122.7000,-7.4500,-5.7241644256626968882059162500,Other,Other,False,False,False,0,-1,False,Other,Other,Other,Other,Other,Other,Other,Other,Other,Other
2026-09-23,2026-09-29,6,204,195,204,10:37:10.000,10:38:08.000,58,256750,23430.0000,23439.0000,9.0000,0.0384122919334186939820742600,23450.0000,105.3500,108.0000,2.6500,2.5154247745609871855719031800,125.9000,122.8500,-3.0500,-2.422557585385226370135027800,Other,Other,False,False,False,0,-1,False,Other,Other,Other,Other,Other,Other,Other,Other,Other,Other
2026-09-23,2026-09-29,6,205,196,205,10:37:51.000,10:38:08.000,17,280930,23434.8000,23439.0000,4.2000,0.0179220646218444364790823900,23450.0000,109.1000,108.0000,-1.1000,-1.0082493125572868927589367600,121.7000,122.8500,1.1500,0.9449465899753492193919474100,A,Other,True,False,False,1,10,False,Other,Other,Other,Other,Other,Other,Other,Other,Other,Other
2026-09-23,2026-09-29,6,206,197,206,10:38:01.000,10:38:09.000,8,300560,23438.0000,23439.0000,1.0000,0.0042665756463862104275108800,23450.0000,108.6500,108.5500,-0.1000,-0.0920386562356189599631845400,122.3000,122.5000,0.2000,0.1635322976287816843826655800,A,A,False,True,False,2,10,False,Other,Other,Other,Other,Other,Other,Other,Other,Other,Other
2026-09-23,2026-09-29,6,207,198,207,10:38:03.000,10:38:09.000,6,320190,23438.0000,23439.0000,1.0000,0.0042665756463862104275108800,23450.0000,109.2500,108.5500,-0.7000,-0.6407322654462242562929061800,122.3500,122.5000,0.1500,0.1225991009399264405394360400,A,A,False,True,False,3,10,False,Other,Other,Other,Other,Other,Other,Other,Other,Other,Other
2026-09-23,2026-09-29,6,208,199,208,10:38:04.000,10:38:10.000,6,300040,23441.0000,23435.0000,-6.0000,-0.0255961776374728040612601900,23450.0000,109.4500,108.6500,-0.8000,-0.7309273640931932389218821400,121.8000,122.5500,0.7500,0.6157635467980295566502463100,Other,A,False,False,True,0,-1,False,Other,Other,Other,Other,Other,Other,Other,Other,Other,Other
2026-09-23,2026-09-29,6,209,200,209,10:38:06.000,10:38:10.000,4,279890,23441.0000,23435.0000,-6.0000,-0.0255961776374728040612601900,23450.0000,108.9500,108.6500,-0.3000,-0.275355667737494263423588800,122.3500,122.5500,0.2000,0.1634654679199019207192480600,Other,Other,False,False,False,0,-1,False,Other,Other,Other,Other,Other,Other,Other,Other,Other,Other
2026-09-23,2026-09-29,6,210,201,210,10:38:06.000,10:38:11.000,5,257920,23441.0000,23435.0000,-6.0000,-0.0255961776374728040612601900,23450.0000,108.9500,108.4500,-0.5000,-0.45892611289582377237264800,122.3500,122.5500,0.2000,0.1634654679199019207192480600,Other,Other,False,False,False,0,-1,False,Other,Other,Other,Other,Other,Other,Other,Other,Other,Other
2026-09-23,2026-09-29,6,211,202,211,10:38:07.000,10:38:11.000,4,235950,23440.1000,23435.0000,-5.1000,-0.0217575863584199726110383500,23450.0000,108.5500,108.4500,-0.1000,-0.0921234454168585905112851200,122.7000,122.5500,-0.1500,-0.1222493887530562347188264100,Other,Other,False,False,False,0,-1,False,Other,Other,Other,Other,Other,Other,Other,Other,Other,Other
2026-09-23,2026-09-29,6,212,203,212,10:38:07.000,10:38:12.000,5,213980,23440.1000,23435.2000,-4.9000,-0.0209043476776976207439388100,23450.0000,108.5500,108.1000,-0.4500,-0.4145555043758636573007830500,122.7000,123.0500,0.3500,0.2852485737571312143439282800,Other,Other,False,False,False,0,-1,False,Other,Other,Other,Other,Other,Other,Other,Other,Other,Other
2026-09-23,2026-09-29,6,213,204,213,10:38:08.000,10:38:12.000,4,192010,23439.0000,23435.2000,-3.8000,-0.0162122957464055633772771900,23450.0000,108.0000,108.1000,0.1000,0.0925925925925925925925925900,122.8500,123.0500,0.2000,0.1628001628001628001628001600,Other,Other,False,False,False,0,-1,False,Other,Other,Other,Other,Other,Other,Other,Other,Other,Other
2026-09-23,2026-09-29,6,214,205,214,10:38:08.000,10:38:13.000,5,168155,23439.0000,23435.2000,-3.8000,-0.0162122957464055633772771900,23450.0000,108.0000,108.1500,0.1500,0.1388888888888888888888888900,122.8500,122.8500,0.0000,0,Other,Other,False,False,False,0,-1,False,Other,Other,Other,Other,Other,Other,Other,Other,Other,Other
2026-09-23,2026-09-29,6,215,206,215,10:38:09.000,10:38:13.000,4,144300,23439.0000,23435.2000,-3.8000,-0.0162122957464055633772771900,23450.0000,108.5500,108.1500,-0.4000,-0.3684937816674343620451404900,122.5000,122.8500,0.3500,0.2857142857142857142857142900,Other,Other,False,False,False,0,-1,False,Other,Other,Other,Other,Other,Other,Other,Other,Other,Other
2026-09-23,2026-09-29,6,216,207,216,10:38:09.000,10:38:49.000,40,122395,23439.0000,23430.2000,-8.8000,-0.0375442638337813046631682200,23450.0000,108.5500,107.9500,-0.6000,-0.5527406725011515430677107300,122.5000,122.9500,0.4500,0.3673469387755102040816326500,Other,Other,False,False,False,0,-1,False,Other,Other,Other,Other,Other,Other,Other,Other,Other,Other
2026-09-23,2026-09-29,6,217,208,217,10:38:10.000,10:39:14.000,64,102050,23435.0000,23437.0000,2.0000,0.0085342436526562833368892700,23450.0000,108.6500,108.3500,-0.3000,-0.2761159687068568798895536100,122.5500,122.8000,0.2500,0.2039983680130558955528355800,A,Other,True,False,False,1,11,False,Other,Other,Other,Other,Other,Other,Other,Other,Other,A
2026-09-23,2026-09-29,6,218,209,218,10:38:10.000,10:40:06.000,116,84370,23435.0000,23436.9000,1.9000,0.008107531470023469170044800,23450.0000,108.6500,106.0000,-2.6500,-2.4390243902439024390243902400,122.5500,125.3000,2.7500,2.2439820481436148510811913500,A,A,False,True,False,2,11,False,Other,Other,Other,Other,Other,Other,Other,Other,A,Other
2026-09-23,2026-09-29,6,219,210,219,10:38:11.000,10:41:25.000,194,69095,23435.0000,23431.7000,-3.3000,-0.0140815020268828675058672900,23450.0000,108.4500,107.0500,-1.4000,-1.290917473490087597971415400,122.5500,123.7500,1.2000,0.9791921664626682986536107700,Other,A,False,False,True,0,-1,False,Other,Other,Other,Other,Other,Other,Other,A,Other,Other
2026-09-23,2026-09-29,6,220,211,220,10:38:11.000,10:42:11.000,240,55705,23435.0000,23430.0000,-5.0000,-0.0213356091316407083422231700,23450.0000,108.4500,105.9000,-2.5500,-2.3513139695712309820193637600,122.5500,125.1000,2.5500,2.0807833537331701346389228900,Other,Other,False,False,False,0,-1,False,Other,Other,Other,Other,Other,Other,A,Other,Other,Other
2026-09-23,2026-09-29,6,221,212,221,10:38:12.000,10:43:21.000,309,44980,23435.2000,23426.3000,-8.9000,-0.0379770601488359391001570300,23450.0000,108.1000,105.1500,-2.9500,-2.7289546716003700277520814100,123.0500,125.3000,2.2500,1.8285249898415278342137342500,Other,Other,False,False,False,0,-1,False,Other,Other,Other,Other,Other,A,Other,Other,Other,Other
2026-09-23,2026-09-29,6,222,213,222,10:38:12.000,10:44:21.000,369,36985,23435.2000,23435.0000,-0.2000,-0.0008534170819963132382057800,23450.0000,108.1000,108.9500,0.8500,0.7863089731729879740980573500,123.0500,122.0000,-1.0500,-0.8533116619260463226330759900,B,Other,True,False,False,1,12,False,Other,Other,Other,Other,A,Other,Other,Other,Other,Other
2026-09-23,2026-09-29,6,223,214,223,10:38:13.000,10:45:03.000,410,31395,23435.2000,23435.0000,-0.2000,-0.0008534170819963132382057800,23450.0000,108.1500,108.0000,-0.1500,-0.1386962552011095700416088800,122.8500,122.8000,-0.0500,-0.0407000407000407000407000400,Other,B,False,False,True,0,-1,False,Other,Other,Other,A,Other,Other,Other,Other,Other,Other
2026-09-23,2026-09-29,6,224,215,224,10:38:13.000,10:45:21.000,428,29315,23435.2000,23439.3000,4.1000,0.0174950501809244213832184100,23450.0000,108.1500,109.4000,1.2500,1.1558021266759130836800739700,122.8500,121.2500,-1.6000,-1.302401302401302401302401300,Other,Other,False,False,False,0,-1,False,Other,Other,A,Other,Other,Other,Other,Other,Other,A
2026-09-23,2026-09-29,6,225,216,225,10:38:13.000,10:45:54.000,461,29315,23438.9000,23435.1000,-3.8000,-0.0162123649147357597839489100,23450.0000,108.1500,109.4000,1.2500,1.1558021266759130836800739700,122.8500,121.2000,-1.6500,-1.3431013431013431013431013400,B,Other,True,False,False,1,13,False,Other,A,Other,Other,Other,Other,Other,Other,A,B
2026-09-23,2026-09-29,6,226,217,226,10:38:49.000,10:46:12.000,443,28470,23430.2000,23440.0000,9.8000,0.041826360850526243907435700,23450.0000,107.9500,110.5000,2.5500,2.362204724409448818897637800,122.9500,119.9500,-3.0000,-2.4400162667751118340788938600,Other,B,False,False,True,0,-1,False,A,Other,Other,Other,Other,Other,Other,A,B,Other
2026-09-23,2026-09-29,6,227,218,227,10:39:14.000,10:46:47.000,453,28470,23437.0000,23445.0000,8.0000,0.0341340615266459017792379600,23450.0000,108.3500,109.8000,1.4500,1.3382556529764651592062759600,122.8000,121.1000,-1.7000,-1.3843648208469055374592833900,Other,Other,False,False,False,0,-1,False,Other,Other,Other,Other,Other,Other,A,B,Other,A
2026-09-23,2026-09-29,6,228,219,228,10:40:06.000,10:47:10.000,424,28665,23436.9000,23436.0000,-0.9000,-0.0038400983065166468261587500,23450.0000,106.0000,109.7000,3.7000,3.4905660377358490566037735800,125.3000,121.2500,-4.0500,-3.232242617717478052673583400,B,Other,True,False,False,1,14,False,Other,Other,Other,Other,Other,A,B,Other,A,Other
2026-09-23,2026-09-29,6,229,220,229,10:41:25.000,10:47:30.000,365,28730,23431.7000,23440.8000,9.1000,0.0388362773507684034875830600,23450.0000,107.0500,110.2500,3.2000,2.9892573563755254553946753900,123.7500,119.8000,-3.9500,-3.1919191919191919191919191900,Other,B,False,False,True,0,-1,False,Other,Other,Other,Other,A,B,Other,A,Other,Other
2026-09-23,2026-09-29,6,230,221,230,10:42:11.000,10:47:58.000,347,29120,23430.0000,23445.0000,15.0000,0.0640204865556978233034571100,23450.0000,105.9000,110.3000,4.4000,4.1548630783758262511803588300,125.1000,119.8000,-5.3000,-4.2366107114308553157474020800,Other,Other,False,False,False,0,-1,False,Other,Other,Other,A,B,Other,A,Other,Other,A
2026-09-23,2026-09-29,6,231,222,231,10:43:21.000,10:48:54.000,333,29120,23426.3000,23438.0000,11.7000,0.0499438665090091051510481800,23450.0000,105.1500,110.8000,5.6500,5.3732762719923918212077983800,125.3000,119.2000,-6.1000,-4.8683160415003990422984836400,Other,Other,False,False,False,0,-1,False,Other,Other,A,B,Other,A,Other,Other,A,B
2026-09-23,2026-09-29,6,232,223,232,10:44:21.000,10:49:42.000,321,29380,23435.0000,23439.3000,4.3000,0.0183486238532110091743119300,23450.0000,108.9500,108.8500,-0.1000,-0.091785222579164754474529600,122.0000,121.0000,-1.0000,-0.8196721311475409836065573800,Other,Other,False,False,False,0,-1,False,Other,A,B,Other,A,Other,Other,A,B,A
2026-09-23,2026-09-29,6,233,224,233,10:45:03.000,10:50:15.000,312,29575,23435.0000,23439.0000,4.0000,0.0170684873053125666737785400,23450.0000,108.0000,109.3500,1.3500,1.2500,122.8000,120.9500,-1.8500,-1.5065146579804560260586319200,Other,Other,False,False,False,0,-1,False,A,B,Other,A,Other,Other,A,B,A,Other
2026-09-23,2026-09-29,6,234,225,234,10:45:21.000,10:50:49.000,328,28665,23439.3000,23435.0000,-4.3000,-0.0183452577508713997431663900,23450.0000,109.4000,108.9000,-0.5000,-0.4570383912248628884826325400,121.2500,121.2000,-0.0500,-0.0412371134020618556701030900,Other,Other,False,False,False,0,-1,False,B,Other,A,Other,Other,A,B,A,Other,B
2026-09-23,2026-09-29,6,235,226,235,10:45:54.000,10:52:28.000,394,28145,23435.1000,23433.5000,-1.6000,-0.0068273657889234524281953100,23450.0000,109.4000,108.7000,-0.7000,-0.6398537477148080438756855600,121.2000,121.3500,0.1500,0.1237623762376237623762376200,Other,Other,False,False,False,0,-1,False,Other,A,Other,Other,A,B,A,Other,B,Other
2026-09-23,2026-09-29,6,236,227,236,10:46:12.000,10:53:33.000,441,28145,23440.0000,23437.4000,-2.6000,-0.0110921501706484641638225300,23450.0000,110.5000,107.9500,-2.5500,-2.3076923076923076923076923100,119.9500,122.1000,2.1500,1.7924135056273447269695706500,Other,Other,False,False,False,0,-1,False,A,Other,Other,A,B,A,Other,B,Other,A
2026-09-23,2026-09-29,6,237,228,237,10:46:47.000,10:53:50.000,423,28015,23445.0000,23438.3000,-6.7000,-0.0285775218596715717637022800,23450.0000,109.8000,109.9500,0.1500,0.1366120218579234972677595600,121.1000,120.7500,-0.3500,-0.2890173410404624277456647400,B,Other,True,False,False,1,15,False,Other,Other,A,B,A,Other,B,Other,A,Other
2026-09-23,2026-09-29,6,238,229,238,10:47:10.000,10:54:43.000,453,28210,23436.0000,23438.0000,2.0000,0.0085338795016214371053080700,23450.0000,109.7000,109.3500,-0.3500,-0.3190519598906107566089334500,121.2500,121.6000,0.3500,0.2886597938144329896907216500,A,B,True,False,True,1,16,False,Other,A,B,A,Other,B,Other,A,Other,B
2026-09-23,2026-09-29,6,239,230,239,10:47:30.000,10:54:50.000,440,28145,23440.8000,23438.0000,-2.8000,-0.0119449848128050237193269900,23450.0000,110.2500,108.9000,-1.3500,-1.2244897959183673469387755100,119.8000,121.6500,1.8500,1.54424040066777963272120200,Other,A,False,False,True,0,-1,False,A,B,A,Other,B,Other,A,Other,B,Other
2026-09-23,2026-09-29,6,240,231,240,10:47:58.000,10:55:11.000,433,27755,23445.0000,23434.8000,-10.2000,-0.0435060780550223928342930300,23450.0000,110.3000,108.5000,-1.8000,-1.6319129646418857660924750700,119.8000,122.2500,2.4500,2.0450751252086811352253756300,Other,Other,False,False,False,0,-1,False,B,A,Other,B,Other,A,Other,B,Other,B
2026-09-23,2026-09-29,6,241,232,241,10:48:54.000,10:55:50.000,416,27690,23438.0000,23435.1000,-2.9000,-0.0123730693745200102397815500,23450.0000,110.8000,108.8500,-1.9500,-1.7599277978339350180505415200,119.2000,121.6500,2.4500,2.0553691275167785234899328900,Other,Other,False,False,False,0,-1,False,A,Other,B,Other,A,Other,B,Other,B,A
2026-09-23,2026-09-29,6,242,233,242,10:49:42.000,10:56:20.000,398,27625,23439.3000,23443.0000,3.7000,0.0157854543437730648952827100,23450.0000,108.8500,112.4000,3.5500,3.2613688562241616903996325200,121.0000,119.2500,-1.7500,-1.4462809917355371900826446300,Other,Other,False,False,False,0,-1,False,Other,B,Other,A,Other,B,Other,B,A,Other
2026-09-23,2026-09-29,6,243,234,243,10:50:15.000,10:56:31.000,376,30225,23439.0000,23445.0000,6.0000,0.0255983617048508895430692400,23450.0000,109.3500,114.5000,5.1500,4.7096479195244627343392775500,120.9500,117.3000,-3.6500,-3.0177759404712691194708557300,Other,Other,False,False,False,0,-1,False,B,Other,A,Other,B,Other,B,A,Other,Other
2026-09-23,2026-09-29,6,244,235,244,10:50:49.000,10:56:31.000,342,30290,23435.0000,23445.0000,10.0000,0.0426712182632814166844463400,23450.0000,108.9000,114.5000,5.6000,5.1423324150596877869605142300,121.2000,117.3000,-3.9000,-3.2178217821782178217821782200,Other,Other,False,False,False,0,-1,False,Other,A,Other,B,Other,B,A,Other,Other,Other
2026-09-23,2026-09-29,6,245,236,245,10:52:28.000,10:57:14.000,286,30485,23433.5000,23437.8000,4.3000,0.018349798365587726972069900,23450.0000,108.7000,111.5000,2.8000,2.5758969641214351425942962300,121.3500,119.5500,-1.8000,-1.4833127317676143386897404200,Other,Other,False,False,False,0,-1,False,A,Other,B,Other,B,A,Other,Other,Other,Other
2026-09-23,2026-09-29,6,246,237,246,10:53:33.000,10:58:29.000,296,30290,23437.4000,23440.8000,3.4000,0.014506728562041864711956100,23450.0000,107.9500,110.4500,2.5000,2.3158869847151459008800370500,122.1000,120.3000,-1.8000,-1.4742014742014742014742014700,Other,Other,False,False,False,0,-1,False,Other,B,Other,B,A,Other,Other,Other,Other,A
2026-09-23,2026-09-29,6,247,238,247,10:53:50.000,10:59:12.000,322,30420,23438.3000,23435.1000,-3.2000,-0.0136528673154622988868646600,23450.0000,109.9500,108.0500,-1.9000,-1.7280582082764893133242382900,120.7500,122.5000,1.7500,1.4492753623188405797101449300,Other,Other,False,False,False,0,-1,False,B,Other,B,A,Other,Other,Other,Other,A,Other
2026-09-23,2026-09-29,6,248,239,248,10:54:43.000,10:59:25.000,282,29835,23438.0000,23434.3000,-3.7000,-0.0157863298916289785817902600,23450.0000,109.3500,108.4500,-0.9000,-0.823045267489711934156378600,121.6000,121.9500,0.3500,0.2878289473684210526315789500,Other,Other,False,False,False,0,-1,False,Other,B,A,Other,Other,Other,Other,A,Other,Other
2026-09-23,2026-09-29,6,249,240,249,10:54:50.000,11:00:42.000,352,29835,23438.0000,23435.0000,-3.0000,-0.0127997269391586312825326400,23450.0000,108.9000,108.6000,-0.3000,-0.2754820936639118457300275500,121.6500,122.0000,0.3500,0.2877106452938758734073160700,Other,Other,False,False,False,0,-1,False,B,A,Other,Other,Other,Other,A,Other,Other,A
2026-09-23,2026-09-29,6,250,241,250,10:55:11.000,11:02:43.000,452,29835,23434.8000,23436.1000,1.3000,0.0055473057162851827197159800,23450.0000,108.5000,109.3000,0.8000,0.7373271889400921658986175100,122.2500,121.2500,-1.0000,-0.8179959100204498977505112500,Other,Other,False,False,False,0,-1,False,A,Other,Other,Other,Other,A,Other,Other,A,Other
2026-09-23,2026-09-29,6,251,242,251,10:55:50.000,11:04:14.000,504,31980,23435.1000,23435.1000,0.0000,0,23450.0000,108.8500,107.4500,-1.4000,-1.2861736334405144694533762100,121.6500,122.9500,1.3000,1.0686395396629675297986025500,Other,Other,False,False,False,0,-1,False,Other,Other,Other,Other,A,Other,Other,A,Other,B
2026-09-23,2026-09-29,6,252,243,252,10:56:20.000,11:04:22.000,482,31850,23443.0000,23433.0000,-10.0000,-0.042656656571257944802286400,23450.0000,112.4000,105.8000,-6.6000,-5.8718861209964412811387900400,119.2500,124.0000,4.7500,3.9832285115303983228511530400,Other,Other,False,False,False,0,-1,False,Other,Other,Other,A,Other,Other,A,Other,B,Other
2026-09-23,2026-09-29,6,253,244,253,10:56:31.000,11:05:09.000,518,29120,23445.0000,23433.6000,-11.4000,-0.0486244401791426743442098500,23450.0000,114.5000,108.2500,-6.2500,-5.4585152838427947598253275100,117.3000,121.6500,4.3500,3.7084398976982097186700767300,Other,Other,False,False,False,0,-1,False,Other,Other,A,Other,Other,A,Other,B,Other,Other
2026-09-23,2026-09-29,6,254,245,254,10:56:33.000,11:06:16.000,583,29380,23445.7000,23444.0000,-1.7000,-0.0072507965213237395343282600,23450.0000,113.8500,112.2500,-1.6000,-1.4053579270970575318401405400,117.2500,118.3000,1.0500,0.8955223880597014925373134300,Other,Other,False,False,False,0,-1,False,Other,A,Other,Other,A,Other,B,Other,Other,Other
2026-09-23,2026-09-29,6,255,246,255,10:57:14.000,11:06:48.000,574,29575,23437.8000,23446.8000,9.0000,0.0383995084862913754703939800,23450.0000,111.5000,113.6000,2.1000,1.8834080717488789237668161400,119.5500,117.2000,-2.3500,-1.9657047260560434964450020900,Other,Other,False,False,False,0,-1,False,A,Other,Other,A,Other,B,Other,Other,Other,Other
2026-09-23,2026-09-29,6,256,247,256,10:58:29.000,11:06:57.000,508,29705,23440.8000,23448.8000,8.0000,0.0341285280365857820552199600,23450.0000,110.4500,114.1000,3.6500,3.3046627433227704843820733400,120.3000,115.8500,-4.4500,-3.6990856192851205320033250200,Other,Other,False,False,False,0,-1,False,Other,Other,A,Other,B,Other,Other,Other,Other,Other
2026-09-23,2026-09-29,6,257,248,257,10:59:12.000,11:07:09.000,477,30615,23435.1000,23447.9000,12.8000,0.0546189263113876194255625100,23450.0000,108.0500,113.0500,5.0000,4.6274872744099953725127255900,122.5000,117.2500,-5.2500,-4.2857142857142857142857142900,Other,Other,False,False,False,0,-1,False,Other,A,Other,B,Other,Other,Other,Other,Other,Other
2026-09-23,2026-09-29,6,258,249,258,10:59:25.000,11:07:20.000,475,30680,23434.3000,23448.2000,13.9000,0.0593147651092629180304084200,23450.0000,108.4500,114.9500,6.5000,5.9935454126325495620101429200,121.9500,115.1000,-6.8500,-5.6170561705617056170561705600,Other,Other,False,False,False,0,-1,False,A,Other,B,Other,Other,Other,Other,Other,Other,Other
2026-09-23,2026-09-29,6,259,250,259,11:00:42.000,11:07:25.000,403,30745,23435.0000,23449.5000,14.5000,0.0618732664817580541924471900,23450.0000,108.6000,116.1000,7.5000,6.9060773480662983425414364600,122.0000,114.1000,-7.9000,-6.4754098360655737704918032800,Other,Other,False,False,False,0,-1,False,Other,B,Other,Other,Other,Other,Other,Other,Other,Other
2026-09-23,2026-09-29,6,260,251,260,11:02:43.000,11:07:34.000,291,31980,23436.1000,23449.9000,13.8000,0.0588835173087672436966901500,23450.0000,109.3000,115.0500,5.7500,5.260750228728270814272644100,121.2500,115.4500,-5.8000,-4.7835051546391752577319587600,Other,Other,False,False,False,0,-1,False,B,Other,Other,Other,Other,Other,Other,Other,Other,A
2026-09-23,2026-09-29,6,261,252,261,11:04:14.000,11:07:35.000,201,29900,23435.1000,23449.9000,14.8000,0.0631531335475419349608066500,23450.0000,107.4500,115.3000,7.8500,7.3057235923685435086086551900,122.9500,115.0500,-7.9000,-6.425376169174461163074420500,Other,Other,False,False,False,0,-1,False,Other,Other,Other,Other,Other,Other,Other,Other,A,Other
2026-09-23,2026-09-29,6,262,253,262,11:04:22.000,11:07:43.000,201,30420,23433.0000,23448.2000,15.2000,0.0648657875645457261127469800,23450.0000,105.8000,113.0500,7.2500,6.8525519848771266540642722100,124.0000,117.1500,-6.8500,-5.5241935483870967741935483900,Other,Other,False,False,False,0,-1,False,Other,Other,Other,Other,Other,Other,Other,A,Other,Other
2026-09-23,2026-09-29,6,263,254,263,11:05:09.000,11:08:08.000,179,30420,23433.6000,23442.6000,9.0000,0.0384063908234330192544039300,23450.0000,108.2500,113.8500,5.6000,5.173210161662817551963048500,121.6500,116.8500,-4.8000,-3.9457459926017262638717632600,Other,Other,False,False,False,0,-1,False,Other,Other,Other,Other,Other,Other,A,Other,Other,Other
2026-09-23,2026-09-29,6,264,255,264,11:06:16.000,11:09:21.000,185,32760,23444.0000,23440.1000,-3.9000,-0.0166353864528237502132741900,23450.0000,112.2500,112.3500,0.1000,0.0890868596881959910913140300,118.3000,118.2500,-0.0500,-0.0422654268808114961961115800,B,Other,True,False,False,1,17,False,Other,Other,Other,Other,Other,A,Other,Other,Other,Other
2026-09-23,2026-09-29,6,265,256,265,11:06:48.000,11:09:21.000,153,32565,23446.8000,23440.1000,-6.7000,-0.0285753279765255813160004800,23450.0000,113.6000,112.3500,-1.2500,-1.1003521126760563380281690100,117.2000,118.2500,1.0500,0.8959044368600682593856655300,Other,B,False,False,True,0,-1,False,Other,Other,Other,Other,A,Other,Other,Other,Other,Other
2026-09-23,2026-09-29,6,266,257,266,11:06:57.000,11:10:36.000,219,32760,23448.8000,23445.0000,-3.8000,-0.0162055201119033809832486100,23450.0000,114.1000,113.7000,-0.4000,-0.3505696757230499561787905300,115.8500,116.2000,0.3500,0.3021148036253776435045317200,Other,Other,False,False,False,0,-1,False,Other,Other,Other,A,Other,Other,Other,Other,Other,Other
2026-09-23,2026-09-29,6,267,258,267,11:07:09.000,11:11:11.000,242,31915,23447.9000,23448.0000,0.1000,0.0004264774244175384576017500,23450.0000,113.0500,113.1500,0.1000,0.0884564352056612118531623200,117.2500,116.6000,-0.6500,-0.5543710021321961620469083200,Other,Other,False,False,False,0,-1,False,Other,Other,A,Other,Other,Other,Other,Other,Other,Other
2026-09-23,2026-09-29,6,268,259,268,11:07:20.000,11:11:51.000,271,31850,23448.2000,23449.0000,0.8000,0.0034117757439803481717146700,23450.0000,114.9500,113.8000,-1.1500,-1.0004349717268377555458895200,115.1000,116.0500,0.9500,0.8253692441355343179843614200,A,Other,True,False,False,1,18,False,Other,A,Other,Other,Other,Other,Other,Other,Other,Other
2026-09-23,2026-09-29,6,269,260,269,11:07:25.000,11:13:22.000,357,31980,23449.5000,23454.8000,5.3000,0.0226017612315827629586984800,23450.0000,116.1000,116.8500,0.7500,0.6459948320413436692506459900,114.1000,114.1500,0.0500,0.0438212094653812445223488200,Other,A,False,False,True,0,-1,False,A,Other,Other,Other,Other,Other,Other,Other,Other,Other
2026-09-23,2026-09-29,6,270,261,270,11:07:34.000,11:14:25.000,411,30745,23449.9000,23454.0000,4.1000,0.0174840830877743615111365100,23450.0000,115.0500,116.8000,1.7500,1.5210777922642329421990438900,115.4500,114.7000,-0.7500,-0.6496318752706799480294499800,Other,Other,False,False,False,0,-1,False,Other,Other,Other,Other,Other,Other,Other,Other,Other,B
2026-09-23,2026-09-29,6,271,262,271,11:07:35.000,11:15:05.000,450,30810,23449.9000,23450.0000,0.1000,0.0004264410509213258905155200,23450.0000,115.3000,114.2500,-1.0500,-0.9106678230702515177797051200,115.0500,116.4000,1.3500,1.17340286831812255541069100,A,Other,True,False,False,1,19,False,Other,Other,Other,Other,Other,Other,Other,Other,B,Other
2026-09-23,2026-09-29,6,272,263,272,11:07:43.000,11:15:37.000,474,30030,23448.2000,23444.0000,-4.2000,-0.0179118226558968279015020300,23450.0000,113.0500,113.0500,0.0000,0,117.1500,117.6500,0.5000,0.4268032437046521553563807100,Other,A,False,False,True,0,-1,False,Other,Other,Other,Other,Other,Other,Other,B,Other,Other
2026-09-23,2026-09-29,6,273,264,273,11:08:08.000,11:16:16.000,488,30030,23442.6000,23440.0000,-2.6000,-0.0110909199491523977715782400,23450.0000,113.8500,111.7000,-2.1500,-1.8884497145366710584101888400,116.8500,118.6000,1.7500,1.4976465554129225502781343600,Other,Other,False,False,False,0,-1,False,Other,Other,Other,Other,Other,Other,B,Other,Other,Other
2026-09-23,2026-09-29,6,274,265,274,11:09:21.000,11:17:22.000,481,27235,23440.1000,23442.0000,1.9000,0.0081057674668623427374456600,23450.0000,112.3500,110.4000,-1.9500,-1.7356475300400534045393858500,118.2500,120.0500,1.8000,1.5221987315010570824524312900,A,Other,True,False,False,1,20,False,Other,Other,Other,Other,Other,B,Other,Other,Other,A
2026-09-23,2026-09-29,6,275,266,275,11:09:23.000,11:18:12.000,529,28730,23440.1000,23437.1000,-3.0000,-0.0127985802108352780064931500,23450.0000,111.8500,110.0000,-1.8500,-1.6540008940545373267769333900,118.5000,120.6000,2.1000,1.7721518987341772151898734200,Other,A,False,False,True,0,-1,False,Other,Other,Other,Other,B,Other,Other,Other,A,Other
2026-09-23,2026-09-29,6,276,267,276,11:10:36.000,11:18:44.000,488,28275,23445.0000,23436.5000,-8.5000,-0.0362550650458519940285775200,23450.0000,113.7000,107.2000,-6.5000,-5.716798592788038698328935800,116.2000,122.8500,6.6500,5.7228915662650602409638554200,Other,Other,False,False,False,0,-1,False,Other,Other,Other,B,Other,Other,Other,A,Other,B
2026-09-23,2026-09-29,6,277,268,277,11:11:11.000,11:19:33.000,502,28405,23448.0000,23435.0000,-13.0000,-0.0554418287273967929034459200,23450.0000,113.1500,107.7000,-5.4500,-4.8166151126822801590808661100,116.6000,122.6000,6.0000,5.1457975986277873070325900500,Other,Other,False,False,False,0,-1,False,Other,Other,B,Other,Other,Other,A,Other,B,Other
2026-09-23,2026-09-29,6,278,269,278,11:11:51.000,11:19:59.000,488,28730,23449.0000,23432.0000,-17.0000,-0.0724977610985543093522111800,23450.0000,113.8000,107.7000,-6.1000,-5.3602811950790861159929701200,116.0500,122.6500,6.6000,5.6872037914691943127962085300,Other,Other,False,False,False,0,-1,False,Other,B,Other,Other,Other,A,Other,B,Other,Other
2026-09-23,2026-09-29,6,279,270,279,11:13:22.000,11:20:16.000,414,28730,23454.8000,23435.0000,-19.8000,-0.0844176884902024319115916600,23450.0000,116.8500,110.2500,-6.6000,-5.648267008985879332477535300,114.1500,120.6500,6.5000,5.6942619360490582566798072700,Other,Other,False,False,False,0,-1,False,B,Other,Other,Other,A,Other,B,Other,Other,Other
2026-09-23,2026-09-29,6,280,271,280,11:14:25.000,11:20:45.000,380,29445,23454.0000,23447.6000,-6.4000,-0.0272874562974332736420226800,23450.0000,116.8000,109.7500,-7.0500,-6.0359589041095890410958904100,114.7000,120.8000,6.1000,5.3182214472537053182214472500,Other,Other,False,False,False,0,-1,False,Other,Other,Other,A,Other,B,Other,Other,Other,Other
2026-09-23,2026-09-29,6,281,272,281,11:15:05.000,11:21:41.000,396,29315,23450.0000,23441.6000,-8.4000,-0.0358208955223880597014925400,23450.0000,114.2500,111.1000,-3.1500,-2.7571115973741794310722100700,116.4000,120.2500,3.8500,3.307560137457044673539518900,Other,Other,False,False,False,0,-1,False,Other,Other,A,Other,B,Other,Other,Other,Other,B
2026-09-23,2026-09-29,6,282,273,282,11:15:37.000,11:23:25.000,468,30160,23444.0000,23442.0000,-2.0000,-0.0085309674117044872888585600,23450.0000,113.0500,112.7000,-0.3500,-0.3095975232198142414860681100,117.6500,118.4500,0.8000,0.6799830004249893752656183600,Other,Other,False,False,False,0,-1,False,Other,A,Other,B,Other,Other,Other,Other,B,Other
2026-09-23,2026-09-29,6,283,274,283,11:16:16.000,11:23:56.000,460,30225,23440.0000,23439.8000,-0.2000,-0.0008532423208191126279863500,23450.0000,111.7000,111.1500,-0.5500,-0.4923903312444046553267681300,118.6000,119.9000,1.3000,1.0961214165261382799325463700,Other,Other,False,False,False,0,-1,False,A,Other,B,Other,Other,Other,Other,B,Other,Other
2026-09-23,2026-09-29,6,284,275,284,11:17:22.000,11:25:11.000,469,30290,23442.0000,23439.0000,-3.0000,-0.0127975428717686204248784200,23450.0000,110.4000,109.1500,-1.2500,-1.1322463768115942028985507200,120.0500,120.8000,0.7500,0.62473969179508538109121200,Other,Other,False,False,False,0,-1,False,Other,B,Other,Other,Other,Other,B,Other,Other,Other
2026-09-23,2026-09-29,6,285,276,285,11:18:12.000,11:26:29.000,497,28600,23437.1000,23449.0000,11.9000,0.0507741998796779465036203300,23450.0000,110.0000,114.6000,4.6000,4.1818181818181818181818181800,120.6000,116.0500,-4.5500,-3.7728026533996683250414593700,Other,Other,False,False,False,0,-1,False,B,Other,Other,Other,Other,B,Other,Other,Other,Other
2026-09-23,2026-09-29,6,286,277,286,11:18:44.000,11:27:50.000,546,28730,23436.5000,23442.0000,5.5000,0.0234676679538326968617327700,23450.0000,107.2000,111.9500,4.7500,4.4309701492537313432835820900,122.8500,118.6000,-4.2500,-3.4595034595034595034595034600,Other,Other,False,False,False,0,-1,False,Other,Other,Other,Other,B,Other,Other,Other,Other,B
2026-09-23,2026-09-29,6,287,278,287,11:19:33.000,11:29:07.000,574,28405,23435.0000,23440.5000,5.5000,0.0234691700448047791764454900,23450.0000,107.7000,110.8000,3.1000,2.8783658310120705663881151300,122.6000,119.8000,-2.8000,-2.2838499184339314845024469800,Other,Other,False,False,False,0,-1,False,Other,Other,Other,B,Other,Other,Other,Other,B,Other
2026-09-23,2026-09-29,6,288,279,288,11:19:59.000,11:30:05.000,606,28665,23432.0000,23442.0000,10.0000,0.0426766814612495732331853900,23450.0000,107.7000,112.1500,4.4500,4.1318477251624883936861652700,122.6500,118.3500,-4.3000,-3.5059111292295148797390949900,Other,Other,False,False,False,0,-1,False,Other,Other,B,Other,Other,Other,Other,B,Other,Other
2026-09-23,2026-09-29,6,289,280,289,11:20:16.000,11:30:43.000,627,28665,23435.0000,23450.0000,15.0000,0.0640068273949221250266695100,23450.0000,110.2500,115.6500,5.4000,4.8979591836734693877551020400,120.6500,115.4000,-5.2500,-4.3514297554910899295482801500,Other,Other,False,False,False,0,-1,False,Other,B,Other,Other,Other,Other,B,Other,Other,Other
2026-09-23,2026-09-29,6,290,281,290,11:20:45.000,11:31:30.000,645,27950,23447.6000,23450.0000,2.4000,0.0102355891434517818454767200,23450.0000,109.7500,114.9500,5.2000,4.7380410022779043280182232300,120.8000,116.1500,-4.6500,-3.8493377483443708609271523200,Other,Other,False,False,False,0,-1,False,B,Other,Other,Other,Other,B,Other,Other,Other,Other
2026-09-23,2026-09-29,6,291,282,291,11:21:41.000,11:32:10.000,629,27950,23441.6000,23448.3000,6.7000,0.0285816667804245443996996800,23450.0000,111.1000,115.7000,4.6000,4.1404140414041404140414041400,120.2500,115.7500,-4.5000,-3.7422037422037422037422037400,Other,Other,False,False,False,0,-1,False,Other,Other,Other,Other,B,Other,Other,Other,Other,Other
2026-09-23,2026-09-29,6,292,283,292,11:23:25.000,11:32:20.000,535,29055,23442.0000,23455.3000,13.3000,0.0567357733981742172169610100,23450.0000,112.7000,118.8000,6.1000,5.4125998225377107364685004400,118.4500,113.1000,-5.3500,-4.5166737019839594765723934100,Other,Other,False,False,False,0,-1,False,Other,Other,Other,B,Other,Other,Other,Other,Other,Other
2026-09-23,2026-09-29,6,293,284,293,11:23:56.000,11:32:21.000,505,29445,23439.8000,23459.0000,19.2000,0.0819119617061579023711806400,23450.0000,111.1500,119.3500,8.2000,7.377417903733693207377417900,119.9000,112.4000,-7.5000,-6.2552126772310258548790658900,Other,Other,False,False,False,0,-1,False,Other,Other,B,Other,Other,Other,Other,Other,Other,Other
2026-09-23,2026-09-29,6,294,285,294,11:25:11.000,11:32:26.000,435,31525,23439.0000,23460.0000,21.0000,0.0895942659669781134007423500,23450.0000,109.1500,119.4500,10.3000,9.436555199267063673843334860,120.8000,112.7000,-8.1000,-6.7052980132450331125827814600,Other,Other,False,False,False,0,-1,False,Other,B,Other,Other,Other,Other,Other,Other,Other,A
2026-09-23,2026-09-29,6,295,286,295,11:26:29.000,11:32:30.000,361,32760,23449.0000,23460.0000,11.0000,0.0469103160049469060514307600,23450.0000,114.6000,118.9500,4.3500,3.7958115183246073298429319400,116.0500,113.3500,-2.7000,-2.3265833692373976734166307600,Other,Other,False,False,False,0,-1,False,B,Other,Other,Other,Other,Other,Other,Other,A,Other
2026-09-23,2026-09-29,6,296,287,296,11:27:50.000,11:33:06.000,316,33020,23442.0000,23455.6000,13.6000,0.0580155276853510792594488500,23450.0000,111.9500,119.6500,7.7000,6.8780705672175078159892809300,118.6000,112.6500,-5.9500,-5.0168634064080944350758853300,Other,Other,False,False,False,0,-1,False,Other,Other,Other,Other,Other,Other,Other,A,Other,B
2026-09-23,2026-09-29,6,297,288,297,11:29:07.000,11:34:15.000,308,33085,23440.5000,23455.7000,15.2000,0.0648450331690876901089993800,23450.0000,110.8000,119.5500,8.7500,7.8971119133574007220216606500,119.8000,112.7500,-7.0500,-5.8848080133555926544240400700,Other,Other,False,False,False,0,-1,False,Other,Other,Other,Other,Other,Other,A,Other,B,Other
2026-09-23,2026-09-29,6,298,289,298,11:30:05.000,11:35:03.000,298,33020,23442.0000,23450.0000,8.0000,0.034126780991382987799675800,23450.0000,112.1500,117.2500,5.1000,4.5474810521622826571555951900,118.3500,114.4000,-3.9500,-3.33755809040980143641740600,Other,Other,False,False,False,0,-1,False,Other,Other,Other,Other,Other,A,Other,B,Other,Other
2026-09-23,2026-09-29,6,299,290,299,11:30:43.000,11:36:23.000,340,34060,23450.0000,23451.0000,1.0000,0.0042643923240938166311300600,23450.0000,115.6500,115.0000,-0.6500,-0.5620406398616515348032857800,115.4000,116.1000,0.7000,0.6065857885615251299826689800,A,Other,True,False,False,1,21,False,Other,Other,Other,Other,A,Other,B,Other,Other,A
2026-09-23,2026-09-29,6,300,291,300,11:31:30.000,11:36:46.000,316,34385,23450.0000,23450.0000,0.0000,0,23450.0000,114.9500,116.3500,1.4000,1.2179208351457155284906481100,116.1500,115.2500,-0.9000,-0.7748600947051226861816616400,Other,A,False,False,True,0,-1,False,Other,Other,Other,A,Other,B,Other,Other,A,B
2026-09-23,2026-09-29,6,301,292,301,11:32:10.000,11:38:47.000,397,34450,23448.3000,23452.4000,4.1000,0.0174852761180981137225299900,23450.0000,115.7000,116.1000,0.4000,0.3457216940363007778738115800,115.7500,115.6500,-0.1000,-0.0863930885529157667386609100,Other,Other,False,False,False,0,-1,False,Other,Other,A,Other,B,Other,Other,A,B,Other
2026-09-23,2026-09-29,6,302,293,302,11:32:20.000,11:39:52.000,452,32500,23455.3000,23447.9000,-7.4000,-0.0315493726364616952245334700,23450.0000,118.8000,115.0500,-3.7500,-3.1565656565656565656565656600,113.1000,115.7500,2.6500,2.3430592396109637488947833800,Other,Other,False,False,False,0,-1,False,Other,A,Other,B,Other,Other,A,B,Other,Other
2026-09-23,2026-09-29,6,303,294,303,11:32:21.000,11:40:02.000,461,32045,23459.0000,23447.8000,-11.2000,-0.0477428705400912229847819600,23450.0000,119.3500,115.3500,-4.0000,-3.3514872224549643904482614200,112.4000,115.1500,2.7500,2.4466192170818505338078291800,Other,Other,False,False,False,0,-1,False,A,Other,B,Other,Other,A,B,Other,Other,Other
2026-09-23,2026-09-29,6,304,295,304,11:32:26.000,11:40:05.000,459,29965,23460.0000,23446.6000,-13.4000,-0.0571184995737425404944586500,23450.0000,119.4500,115.5000,-3.9500,-3.306822938467978233570531600,112.7000,115.0000,2.3000,2.0408163265306122448979591800,Other,Other,False,False,False,0,-1,False,Other,B,Other,Other,A,B,Other,Other,Other,B
2026-09-23,2026-09-29,6,305,296,305,11:32:30.000,11:40:29.000,479,28730,23460.0000,23445.0000,-15.0000,-0.0639386189258312020460358100,23450.0000,118.9500,112.9000,-6.0500,-5.0861706599411517444304329600,113.3500,117.1500,3.8000,3.3524481693868548742831936500,Other,Other,False,False,False,0,-1,False,B,Other,Other,A,B,Other,Other,Other,B,Other
2026-09-23,2026-09-29,6,306,297,306,11:33:06.000,11:41:00.000,474,28860,23455.6000,23448.8000,-6.8000,-0.0289909445931888333702825800,23450.0000,119.6500,113.7000,-5.9500,-4.9728374425407438361888842500,112.6500,116.6000,3.9500,3.5064358632933865956502441200,Other,Other,False,False,False,0,-1,False,Other,Other,A,B,Other,Other,Other,B,Other,A
2026-09-23,2026-09-29,6,307,298,307,11:34:15.000,11:41:28.000,433,29315,23455.7000,23451.9000,-3.8000,-0.0162007529086746505113895600,23450.0000,119.5500,115.0000,-4.5500,-3.8059389376829778335424508600,112.7500,115.8500,3.1000,2.7494456762749445676274944600,Other,Other,False,False,False,0,-1,False,Other,A,B,Other,Other,Other,B,Other,A,Other
2026-09-23,2026-09-29,6,308,299,308,11:35:03.000,11:41:53.000,410,28990,23450.0000,23449.5000,-0.5000,-0.0021321961620469083155650300,23450.0000,117.2500,114.0500,-3.2000,-2.7292110874200426439232409400,114.4000,116.5500,2.1500,1.8793706293706293706293706300,Other,Other,False,False,False,0,-1,False,A,B,Other,Other,Other,B,Other,A,Other,Other
2026-09-23,2026-09-29,6,309,300,309,11:36:23.000,11:42:56.000,393,27755,23451.0000,23445.0000,-6.0000,-0.0255852628885761801202507400,23450.0000,115.0000,113.7500,-1.2500,-1.086956521739130434782608700,116.1000,116.4500,0.3500,0.3014642549526270456503014600,Other,Other,False,False,False,0,-1,False,B,Other,Other,Other,B,Other,A,Other,Other,Other
2026-09-23,2026-09-29,6,310,301,310,11:36:46.000,11:44:16.000,450,27430,23450.0000,23448.2000,-1.8000,-0.0076759061833688699360341200,23450.0000,116.3500,114.6500,-1.7000,-1.4611087236785560807907176600,115.2500,115.9500,0.7000,0.6073752711496746203904555300,Other,Other,False,False,False,0,-1,False,Other,Other,Other,B,Other,A,Other,Other,Other,Other
2026-09-23,2026-09-29,6,311,302,311,11:38:47.000,11:44:53.000,366,28080,23452.4000,23448.1000,-4.3000,-0.0183350104893315822687656700,23450.0000,116.1000,115.9000,-0.2000,-0.1722652885443583118001722700,115.6500,115.0500,-0.6000,-0.5188067444876783398184176400,Other,Other,False,False,False,0,-1,False,Other,Other,B,Other,A,Other,Other,Other,Other,Other
2026-09-23,2026-09-29,6,312,303,312,11:39:52.000,11:45:36.000,344,28080,23447.9000,23450.0000,2.1000,0.0089560259127683076096366800,23450.0000,115.0500,116.8500,1.8000,1.5645371577574967405475880100,115.7500,114.4000,-1.3500,-1.1663066954643628509719222500,Other,Other,False,False,False,0,-1,False,Other,B,Other,A,Other,Other,Other,Other,Other,Other
2026-09-23,2026-09-29,6,313,304,313,11:40:02.000,11:46:49.000,407,28145,23447.8000,23452.3000,4.5000,0.0191915659464853845563336400,23450.0000,115.3500,119.4500,4.1000,3.5543996532293021239705244900,115.1500,113.0000,-2.1500,-1.867129830655666521927920100,Other,Other,False,False,False,0,-1,False,B,Other,A,Other,Other,Other,Other,Other,Other,Other
2026-09-23,2026-09-29,6,314,305,314,11:40:05.000,11:47:34.000,449,28080,23446.6000,23457.0000,10.4000,0.0443561113338394479370143200,23450.0000,115.5000,120.5500,5.0500,4.3722943722943722943722943700,115.0000,111.7000,-3.3000,-2.8695652173913043478260869600,Other,Other,False,False,False,0,-1,False,Other,A,Other,Other,Other,Other,Other,Other,Other,Other
2026-09-23,2026-09-29,6,315,306,315,11:40:29.000,11:47:49.000,440,28080,23445.0000,23457.7000,12.7000,0.0541693324802729793132864200,23450.0000,112.9000,120.1000,7.2000,6.3773250664304694419840566900,117.1500,111.0000,-6.1500,-5.2496798975672215108834827100,Other,Other,False,False,False,0,-1,False,A,Other,Other,Other,Other,Other,Other,Other,Other,Other
2026-09-23,2026-09-29,6,316,307,316,11:41:00.000,11:48:11.000,431,28990,23448.8000,23460.0000,11.2000,0.0477636382245573334243116900,23450.0000,113.7000,116.4000,2.7000,2.3746701846965699208443271800,116.6000,114.2500,-2.3500,-2.0154373927958833619210977700,Other,Other,False,False,False,0,-1,False,Other,Other,Other,Other,Other,Other,Other,Other,Other,A
2026-09-23,2026-09-29,6,317,308,317,11:41:28.000,11:48:21.000,413,28470,23451.9000,23450.1000,-1.8000,-0.0076752843053228096657413700,23450.0000,115.0000,116.1000,1.1000,0.9565217391304347826086956500,115.8500,114.4000,-1.4500,-1.2516184721622788088044885600,B,Other,True,False,False,1,22,False,Other,Other,Other,Other,Other,Other,Other,Other,A,Other
2026-09-23,2026-09-29,6,318,309,318,11:41:53.000,11:49:22.000,449,28275,23449.5000,23453.3000,3.8000,0.0162050363547197168383121200,23450.0000,114.0500,115.8000,1.7500,1.534414730381411661551950900,116.5500,114.6000,-1.9500,-1.6731016731016731016731016700,Other,B,False,False,True,0,-1,False,Other,Other,Other,Other,Other,Other,Other,A,Other,Other
2026-09-23,2026-09-29,6,319,310,319,11:42:56.000,11:50:31.000,455,28340,23445.0000,23447.2000,2.2000,0.0093836638942205161015141800,23450.0000,113.7500,111.9000,-1.8500,-1.6263736263736263736263736300,116.4500,117.2000,0.7500,0.6440532417346500644053241700,A,Other,True,False,False,1,23,False,Other,Other,Other,Other,Other,Other,A,Other,Other,Other
2026-09-23,2026-09-29,6,320,311,320,11:44:16.000,11:51:13.000,417,28535,23448.2000,23445.0000,-3.2000,-0.0136471029759213926868586900,23450.0000,114.6500,112.9500,-1.7000,-1.4827736589620584387265590900,115.9500,116.7500,0.8000,0.6899525657611039241052177700,Other,A,False,False,True,0,-1,False,Other,Other,Other,Other,Other,A,Other,Other,Other,Other
2026-09-23,2026-09-29,6,321,312,321,11:44:53.000,11:52:11.000,438,27950,23448.1000,23442.0000,-6.1000,-0.0260149009941103970044481200,23450.0000,115.9000,112.1500,-3.7500,-3.235547886108714408973252800,115.0500,117.8500,2.8000,2.4337244676227727075184702300,Other,Other,False,False,False,0,-1,False,Other,Other,Other,Other,A,Other,Other,Other,Other,B
2026-09-23,2026-09-29,6,322,313,322,11:45:36.000,11:53:32.000,476,28080,23450.0000,23449.4000,-0.6000,-0.0025586353944562899786780400,23450.0000,116.8500,113.5000,-3.3500,-2.8669234060761660248181429200,114.4000,116.3500,1.9500,1.7045454545454545454545454500,Other,Other,False,False,False,0,-1,False,Other,Other,Other,A,Other,Other,Other,Other,B,Other
2026-09-23,2026-09-29,6,323,314,323,11:46:49.000,11:54:55.000,486,27950,23452.3000,23446.1000,-6.2000,-0.0264366394767250973252090400,23450.0000,119.4500,113.0500,-6.4000,-5.3578903306822938467978233600,113.0000,117.0500,4.0500,3.5840707964601769911504424800,Other,Other,False,False,False,0,-1,False,Other,Other,A,Other,Other,Other,Other,B,Other,Other
2026-09-23,2026-09-29,6,324,315,324,11:47:34.000,11:55:51.000,497,27950,23457.0000,23445.9000,-11.1000,-0.0473206292364752525898452500,23450.0000,120.5500,112.2500,-8.3000,-6.8851099128992119452509332200,111.7000,117.5500,5.8500,5.237242614145031333930170100,Other,Other,False,False,False,0,-1,False,Other,A,Other,Other,Other,Other,B,Other,Other,Other
2026-09-23,2026-09-29,6,325,316,325,11:47:49.000,11:56:48.000,539,28080,23457.7000,23441.9000,-15.8000,-0.06735528206090111136215400,23450.0000,120.1000,112.6500,-7.4500,-6.2031640299750208159866777700,111.0000,117.2500,6.2500,5.6306306306306306306306306300,Other,Other,False,False,False,0,-1,False,A,Other,Other,Other,Other,B,Other,Other,Other,Other
2026-09-23,2026-09-29,6,326,317,326,11:48:11.000,11:57:26.000,555,26650,23460.0000,23444.1000,-15.9000,-0.0677749360613810741687979500,23450.0000,116.4000,111.7000,-4.7000,-4.037800687285223367697594500,114.2500,118.4500,4.2000,3.6761487964989059080962800900,Other,Other,False,False,False,0,-1,False,Other,Other,Other,Other,B,Other,Other,Other,Other,A
2026-09-23,2026-09-29,6,327,318,327,11:48:21.000,11:57:51.000,570,26715,23450.1000,23444.7000,-5.4000,-0.0230276203512991415814857900,23450.0000,116.1000,112.0000,-4.1000,-3.5314384151593453919035314400,114.4000,118.1000,3.7000,3.2342657342657342657342657300,Other,Other,False,False,False,0,-1,False,Other,Other,Other,B,Other,Other,Other,Other,A,A
2026-09-23,2026-09-29,6,328,319,328,11:49:22.000,11:58:07.000,525,26845,23453.3000,23445.0000,-8.3000,-0.0353894761078398349059620600,23450.0000,115.8000,112.0000,-3.8000,-3.281519861830742659758203800,114.6000,117.9000,3.3000,2.8795811518324607329842931900,Other,Other,False,False,False,0,-1,False,Other,Other,B,Other,Other,Other,Other,A,A,A
2026-09-23,2026-09-29,6,329,320,329,11:50:31.000,11:59:02.000,511,26780,23447.2000,23443.5000,-3.7000,-0.0157801357944658637278651600,23450.0000,111.9000,112.5000,0.6000,0.5361930294906166219839142100,117.2000,117.3500,0.1500,0.1279863481228668941979522200,Other,Other,False,False,False,0,-1,False,Other,B,Other,Other,Other,Other,A,A,A,B
2026-09-23,2026-09-29,6,330,321,330,11:51:13.000,11:59:44.000,511,26845,23445.0000,23448.0000,3.0000,0.0127959053103007037747920700,23450.0000,112.9500,113.6000,0.6500,0.5754758742806551571491810500,116.7500,116.3000,-0.4500,-0.3854389721627408993576017100,Other,Other,False,False,False,0,-1,False,B,Other,Other,Other,Other,A,A,A,B,Other
2026-09-23,2026-09-29,6,331,322,331,11:52:11.000,12:00:18.000,487,27300,23442.0000,23450.0000,8.0000,0.034126780991382987799675800,23450.0000,112.1500,114.2500,2.1000,1.8724921979491752117699509600,117.8500,115.1000,-2.7500,-2.3334747560458209588459906700,Other,Other,False,False,False,0,-1,False,Other,Other,Other,Other,A,A,A,B,Other,Other
2026-09-23,2026-09-29,6,332,323,332,11:53:32.000,12:01:12.000,460,27170,23449.4000,23448.7000,-0.7000,-0.002985151005995889020614600,23450.0000,113.5000,115.4000,1.9000,1.6740088105726872246696035200,116.3500,113.8500,-2.5000,-2.1486892995272883541039965600,B,Other,True,False,False,1,24,False,Other,Other,Other,A,A,A,B,Other,Other,B
2026-09-23,2026-09-29,6,333,324,333,11:54:55.000,12:01:58.000,423,27170,23446.1000,23456.0000,9.9000,0.0422245064211105471698917900,23450.0000,113.0500,118.7000,5.6500,4.9977885891198584697036709400,117.0500,111.0000,-6.0500,-5.1687313114053823152498932100,Other,B,False,False,True,0,-1,False,Other,Other,A,A,A,B,Other,Other,B,Other
2026-09-23,2026-09-29,6,334,325,334,11:55:51.000,12:02:16.000,385,38805,23445.9000,23453.0000,7.1000,0.0302824800924681927330578100,23450.0000,112.2500,118.7000,6.4500,5.7461024498886414253897550100,117.5500,111.3000,-6.2500,-5.3168864313058273075287111900,Other,Other,False,False,False,0,-1,False,Other,A,A,A,B,Other,Other,B,Other,B
2026-09-23,2026-09-29,6,335,326,335,11:56:48.000,12:02:16.000,328,47710,23441.9000,23453.0000,11.1000,0.0473511106181666161872544500,23450.0000,112.6500,118.7000,6.0500,5.3706169551708832667554371900,117.2500,111.3000,-5.9500,-5.0746268656716417910447761200,Other,Other,False,False,False,0,-1,False,A,A,A,B,Other,Other,B,Other,B,Other
2026-09-23,2026-09-29,6,336,327,336,11:57:26.000,12:02:18.000,292,54145,23444.1000,23453.0000,8.9000,0.0379626430530495945675031200,23450.0000,111.7000,118.6500,6.9500,6.2220232766338406445837063600,118.4500,111.2000,-7.2500,-6.1207260447446179822710004200,Other,Other,False,False,False,0,-1,False,A,A,B,Other,Other,B,Other,B,Other,Other
2026-09-23,2026-09-29,6,337,328,337,11:57:51.000,12:02:18.000,267,57915,23444.7000,23453.0000,8.3000,0.0354024576983284068467500100,23450.0000,112.0000,118.6500,6.6500,5.937500,118.1000,111.2000,-6.9000,-5.8425063505503810330228619800,Other,Other,False,False,False,0,-1,False,A,B,Other,Other,B,Other,B,Other,Other,Other
2026-09-23,2026-09-29,6,338,329,338,11:58:07.000,12:02:19.000,252,59020,23445.0000,23460.6000,15.6000,0.0665387076135636596289187500,23450.0000,112.0000,118.9000,6.9000,6.1607142857142857142857142900,117.9000,111.5000,-6.4000,-5.4283290924512298558100084800,Other,Other,False,False,False,0,-1,False,B,Other,Other,B,Other,B,Other,Other,Other,Other
2026-09-23,2026-09-29,6,339,330,339,11:59:02.000,12:02:21.000,199,59410,23443.5000,23460.6000,17.1000,0.0729413270202828076012540800,23450.0000,112.5000,118.8000,6.3000,5.600,117.3500,111.3500,-6.0000,-5.1129100979974435449510012800,Other,Other,False,False,False,0,-1,False,Other,Other,B,Other,B,Other,Other,Other,Other,Other
2026-09-23,2026-09-29,6,340,331,340,11:59:44.000,12:03:04.000,200,59215,23448.0000,23460.8000,12.8000,0.0545888775162060730126236800,23450.0000,113.6000,120.8500,7.2500,6.3820422535211267605633802800,116.3000,109.0000,-7.3000,-6.276870163370593293207222700,Other,Other,False,False,False,0,-1,False,Other,B,Other,B,Other,Other,Other,Other,Other,Other
2026-09-23,2026-09-29,6,341,332,341,12:00:18.000,12:03:21.000,183,58890,23450.0000,23464.0000,14.0000,0.059701492537313432835820900,23450.0000,114.2500,122.3500,8.1000,7.089715536105032822757111600,115.1000,108.6000,-6.5000,-5.6472632493483927019982623800,Other,Other,False,False,False,0,-1,False,B,Other,B,Other,Other,Other,Other,Other,Other,Other
2026-09-23,2026-09-29,6,342,333,342,12:01:12.000,12:04:22.000,190,58955,23448.7000,23462.0000,13.3000,0.0567195622785058446736919300,23450.0000,115.4000,123.8500,8.4500,7.3223570190641247833622183700,113.8500,108.5000,-5.3500,-4.6991655687307861220904699200,Other,Other,False,False,False,0,-1,False,Other,B,Other,Other,Other,Other,Other,Other,Other,B
2026-09-23,2026-09-29,6,343,334,343,12:01:58.000,12:04:57.000,179,61230,23456.0000,23469.2000,13.2000,0.0562755798090040927694406500,23450.0000,118.7000,125.7500,7.0500,5.9393428812131423757371524900,111.0000,107.8000,-3.2000,-2.8828828828828828828828828800,Other,Other,False,False,False,0,-1,False,B,Other,Other,Other,Other,Other,Other,Other,B,Other
2026-09-23,2026-09-29,6,344,335,344,12:02:16.000,12:05:02.000,166,49855,23453.0000,23469.2000,16.2000,0.0690743188504668912292670400,23450.0000,118.7000,127.6000,8.9000,7.4978938500421229991575400200,111.3000,106.9500,-4.3500,-3.9083557951482479784366576800,Other,Other,False,False,False,0,-1,False,Other,Other,Other,Other,Other,Other,Other,B,Other,Other
2026-09-23,2026-09-29,6,345,336,345,12:02:18.000,12:05:06.000,168,41600,23453.0000,23470.0000,17.0000,0.0724853963245640216603419600,23450.0000,118.6500,128.4500,9.8000,8.259587020648967551622418880,111.2000,106.4500,-4.7500,-4.2715827338129496402877697800,Other,Other,False,False,False,0,-1,False,Other,Other,Other,Other,Other,Other,B,Other,Other,Other
2026-09-23,2026-09-29,6,346,337,346,12:02:18.000,12:05:26.000,188,36790,23453.0000,23471.8000,18.8000,0.0801603206412825651302605200,23450.0000,118.6500,130.1000,11.4500,9.650231774125579435313948590,111.2000,105.7000,-5.5000,-4.9460431654676258992805755400,Other,Other,False,False,False,0,-1,False,Other,Other,Other,Other,Other,B,Other,Other,Other,A
2026-09-23,2026-09-29,6,347,338,347,12:02:19.000,12:05:27.000,188,33020,23460.6000,23471.5000,10.9000,0.0464608748284357603812349200,23450.0000,118.9000,130.7000,11.8000,9.924306139613120269133725820,111.5000,105.6500,-5.8500,-5.2466367713004484304932735400,Other,Other,False,False,False,0,-1,False,Other,Other,Other,Other,B,Other,Other,Other,A,B
2026-09-23,2026-09-29,6,348,339,348,12:02:19.000,12:05:42.000,203,32630,23460.6000,23472.8000,12.2000,0.0520020800832033281331253300,23450.0000,118.9000,128.1500,9.2500,7.7796467619848612279226240500,111.5000,108.2000,-3.3000,-2.9596412556053811659192825100,Other,Other,False,False,False,0,-1,False,Other,Other,Other,B,Other,Other,Other,A,B,Other
2026-09-23,2026-09-29,6,349,340,349,12:02:21.000,12:06:17.000,236,32240,23460.6000,23469.5000,8.9000,0.0379359436672548869167881500,23450.0000,118.8000,129.2000,10.4000,8.754208754208754208754208750,111.3500,105.6500,-5.7000,-5.1189941625505163897620116700,Other,Other,False,False,False,0,-1,False,Other,Other,B,Other,Other,Other,A,B,Other,Other
2026-09-23,2026-09-29,6,350,341,350,12:03:04.000,12:06:24.000,200,33345,23460.8000,23475.0000,14.2000,0.0605264952601786810338948400,23450.0000,120.8500,130.0500,9.2000,7.6127430699213901530823334700,109.0000,105.0000,-4.0000,-3.6697247706422018348623853200,Other,Other,False,False,False,0,-1,False,Other,B,Other,Other,Other,A,B,Other,Other,Other
2026-09-23,2026-09-29,6,351,342,351,12:03:21.000,12:06:44.000,203,36595,23464.0000,23474.6000,10.6000,0.0451755881350153426525741600,23450.0000,122.3500,131.1500,8.8000,7.1924805884756845116469145900,108.6000,104.4500,-4.1500,-3.8213627992633517495395948400,Other,Other,False,False,False,0,-1,False,B,Other,Other,Other,A,B,Other,Other,Other,Other
2026-09-23,2026-09-29,6,352,343,352,12:04:22.000,12:06:44.000,142,37440,23462.0000,23474.6000,12.6000,0.0537038615633790810672576900,23450.0000,123.8500,131.1500,7.3000,5.8942268873637464675010092900,108.5000,104.4500,-4.0500,-3.7327188940092165898617511500,Other,Other,False,False,False,0,-1,False,Other,Other,Other,A,B,Other,Other,Other,Other,Other
2026-09-23,2026-09-29,6,353,344,353,12:04:57.000,12:06:49.000,112,43160,23469.2000,23479.0000,9.8000,0.0417568557939767865969014700,23500.0000,99.8500,107.0500,7.2000,7.2108162243365047571357035600,131.6000,126.0500,-5.5500,-4.217325227963525835866261400,Other,Other,False,False,False,0,-1,False,Other,Other,A,B,Other,Other,Other,Other,Other,Other
2026-09-23,2026-09-29,6,354,345,354,12:05:02.000,12:06:49.000,107,48295,23469.2000,23479.0000,9.8000,0.0417568557939767865969014700,23500.0000,101.1000,107.0500,5.9500,5.8852621167161226508407517300,130.8500,126.0500,-4.8000,-3.6683225066870462361482613700,Other,Other,False,False,False,0,-1,False,Other,A,B,Other,Other,Other,Other,Other,Other,Other
2026-09-23,2026-09-29,6,355,346,355,12:05:06.000,12:06:50.000,104,50310,23470.0000,23477.3000,7.3000,0.0311035364294844482317852600,23500.0000,102.2000,106.9000,4.7000,4.598825831702544031311154600,130.1000,125.9000,-4.2000,-3.2282859338970023059185242100,Other,Other,False,False,False,0,-1,False,A,B,Other,Other,Other,Other,Other,Other,Other,Other
2026-09-23,2026-09-29,6,356,347,356,12:05:26.000,12:06:50.000,84,48880,23471.8000,23477.3000,5.5000,0.0234323741681507170306495500,23500.0000,103.7500,106.9000,3.1500,3.0361445783132530120481927700,129.7500,125.9000,-3.8500,-2.96724470134874759152215800,Other,Other,False,False,False,0,-1,False,B,Other,Other,Other,Other,Other,Other,Other,Other,Other
2026-09-23,2026-09-29,6,357,348,357,12:05:27.000,12:07:04.000,97,49010,23471.5000,23477.6000,6.1000,0.0259889653409454018703534100,23500.0000,103.3000,105.0500,1.7500,1.6940948693126815101645692200,129.7500,127.7500,-2.0000,-1.5414258188824662813102119500,Other,Other,False,False,False,0,-1,False,Other,Other,Other,Other,Other,Other,Other,Other,Other,Other
2026-09-23,2026-09-29,6,358,349,358,12:05:42.000,12:07:19.000,97,49335,23472.8000,23474.6000,1.8000,0.0076684502914011110732422200,23450.0000,128.1500,131.5000,3.3500,2.6141240733515411626999609800,108.2000,104.5500,-3.6500,-3.3733826247689463955637707900,Other,Other,False,False,False,0,-1,False,Other,Other,Other,Other,Other,Other,Other,Other,Other,Other
2026-09-23,2026-09-29,6,359,350,359,12:06:17.000,12:07:20.000,63,49465,23469.5000,23477.0000,7.5000,0.0319563689043226315004580400,23500.0000,103.0000,105.2000,2.2000,2.135922330097087378640776700,129.0500,127.6000,-1.4500,-1.1235955056179775280898876400,Other,Other,False,False,False,0,-1,False,Other,Other,Other,Other,Other,Other,Other,Other,Other,Other
2026-09-23,2026-09-29,6,360,351,360,12:06:24.000,12:08:05.000,101,49400,23475.0000,23470.0000,-5.0000,-0.0212992545260915867944621900,23450.0000,130.0500,128.0000,-2.0500,-1.576316801230296039984621300,105.0000,106.2500,1.2500,1.1904761904761904761904761900,Other,Other,False,False,False,0,-1,False,Other,Other,Other,Other,Other,Other,Other,Other,Other,Other
2026-09-23,2026-09-29,6,361,352,361,12:06:44.000,12:08:32.000,108,45890,23474.6000,23470.0000,-4.6000,-0.0195956480621608035919674900,23450.0000,131.1500,128.6000,-2.5500,-1.9443385436523065192527640100,104.4500,106.3000,1.8500,1.771182383915749162278602200,Other,Other,False,False,False,0,-1,False,Other,Other,Other,Other,Other,Other,Other,Other,Other,Other
2026-09-23,2026-09-29,6,362,353,362,12:06:45.000,12:08:48.000,123,44980,23475.0000,23469.8000,-5.2000,-0.0221512247071352502662406800,23450.0000,131.3000,127.1500,-4.1500,-3.1607006854531607006854531600,104.3000,106.9000,2.6000,2.4928092042186001917545541700,Other,Other,False,False,False,0,-1,False,Other,Other,Other,Other,Other,Other,Other,Other,Other,Other
2026-09-23,2026-09-29,6,363,354,363,12:06:49.000,12:09:25.000,156,36985,23479.0000,23463.3000,-15.7000,-0.066868265258315941905532600,23450.0000,134.3500,125.6000,-8.7500,-6.51283959806475623371790100,102.8500,107.5000,4.6500,4.5211473018959649975692756400,Other,Other,False,False,False,0,-1,False,Other,Other,Other,Other,Other,Other,Other,Other,Other,Other
2026-09-23,2026-09-29,6,364,355,364,12:06:50.000,12:09:54.000,184,31655,23477.3000,23469.8000,-7.5000,-0.0319457518539184659224016400,23450.0000,133.9000,125.4000,-8.5000,-6.3480209111277072442120985800,103.0000,107.7500,4.7500,4.6116504854368932038834951500,Other,Other,False,False,False,0,-1,False,Other,Other,Other,Other,Other,Other,Other,Other,Other,Other
2026-09-23,2026-09-29,6,365,356,365,12:06:50.000,12:10:36.000,226,28860,23477.3000,23470.0000,-7.3000,-0.0310938651378139734978042600,23450.0000,133.9000,128.6500,-5.2500,-3.9208364451082897684839432400,103.0000,105.4500,2.4500,2.3786407766990291262135922300,Other,Other,False,False,False,0,-1,False,Other,Other,Other,Other,Other,Other,Other,Other,Other,Other
2026-09-23,2026-09-29,6,366,357,366,12:06:50.000,12:11:14.000,264,28665,23480.0000,23474.0000,-6.0000,-0.0255536626916524701873935300,23450.0000,133.9000,128.9500,-4.9500,-3.6967886482449589245705750600,103.0000,105.7000,2.7000,2.6213592233009708737864077700,Other,Other,False,False,False,0,-1,False,Other,Other,Other,Other,Other,Other,Other,Other,Other,Other
2026-09-23,2026-09-29,6,367,358,367,12:07:04.000,12:11:37.000,273,28470,23477.6000,23475.0000,-2.6000,-0.0110743857975261525879987700,23450.0000,131.6000,131.6000,0.0000,0,104.5000,104.0500,-0.4500,-0.4306220095693779904306220100,Other,Other,False,False,False,0,-1,False,Other,Other,Other,Other,Other,Other,Other,Other,Other,Other
2026-09-23,2026-09-29,6,368,359,368,12:07:19.000,12:12:09.000,290,27300,23474.6000,23477.0000,2.4000,0.0102238163802578105697221700,23500.0000,104.8500,104.2000,-0.6500,-0.6199332379589890319504053400,127.9000,127.8000,-0.1000,-0.0781860828772478498827208800,Other,Other,False,False,False,0,-1,False,Other,Other,Other,Other,Other,Other,Other,Other,Other,Other
2026-09-23,2026-09-29,6,369,360,369,12:07:20.000,12:13:12.000,352,30810,23477.0000,23483.0000,6.0000,0.0255569280572475188482344400,23500.0000,105.2000,107.8500,2.6500,2.51901140684410646387832700,127.6000,125.7500,-1.8500,-1.4498432601880877742946708500,Other,Other,False,False,False,0,-1,False,Other,Other,Other,Other,Other,Other,Other,Other,Other,Other
2026-09-23,2026-09-29,6,370,361,370,12:08:05.000,12:13:12.000,307,30745,23470.0000,23483.0000,13.0000,0.0553898593949723050703025100,23500.0000,101.6000,107.8500,6.2500,6.1515748031496062992125984300,130.3000,125.7500,-4.5500,-3.4919416730621642363775901800,Other,Other,False,False,False,0,-1,False,Other,Other,Other,Other,Other,Other,Other,Other,Other,Other
2026-09-23,2026-09-29,6,371,362,371,12:08:32.000,12:13:37.000,305,30810,23470.0000,23477.9000,7.9000,0.0336599914784831700042607600,23500.0000,102.4000,105.4000,3.0000,2.929687500,129.7000,127.8500,-1.8500,-1.4263685427910562837316885100,Other,Other,False,False,False,0,-1,False,Other,Other,Other,Other,Other,Other,Other,Other,Other,Other
2026-09-23,2026-09-29,6,372,363,372,12:08:48.000,12:14:06.000,318,30875,23469.8000,23478.9000,9.1000,0.0387732319832295119685723800,23500.0000,100.6000,106.3000,5.7000,5.6660039761431411530815109300,130.3000,127.3000,-3.0000,-2.3023791250959324635456638500,Other,Other,False,False,False,0,-1,False,Other,Other,Other,Other,Other,Other,Other,Other,Other,A
2026-09-23,2026-09-29,6,373,364,373,12:09:25.000,12:14:41.000,316,32760,23463.3000,23480.0000,16.7000,0.0711749839110440560364484100,23500.0000,99.9000,106.0500,6.1500,6.1561561561561561561561561600,130.8000,127.9500,-2.8500,-2.1788990825688073394495412800,Other,Other,False,False,False,0,-1,False,Other,Other,Other,Other,Other,Other,Other,Other,A,Other
2026-09-23,2026-09-29,6,374,365,374,12:09:54.000,12:14:43.000,289,33865,23469.8000,23480.0000,10.2000,0.0434601061790045079208173900,23500.0000,99.4500,105.4000,5.9500,5.9829059829059829059829059800,131.6500,127.9000,-3.7500,-2.8484618306114698063045955200,Other,Other,False,False,False,0,-1,False,Other,Other,Other,Other,Other,Other,Other,A,Other,Other
2026-09-23,2026-09-29,6,375,366,375,12:10:36.000,12:14:48.000,252,34385,23470.0000,23478.0000,8.0000,0.0340860673199829569663400100,23500.0000,102.0000,105.5500,3.5500,3.4803921568627450980392156900,129.1000,128.2500,-0.8500,-0.6584043377226955848179705700,Other,Other,False,False,False,0,-1,False,Other,Other,Other,Other,Other,Other,A,Other,Other,Other
2026-09-23,2026-09-29,6,376,367,376,12:11:14.000,12:15:06.000,232,34580,23474.0000,23479.8000,5.8000,0.0247081877822271449263014400,23500.0000,102.2500,105.7000,3.4500,3.374083129584352078239608800,129.2500,128.0000,-1.2500,-0.9671179883945841392649903300,Other,Other,False,False,False,0,-1,False,Other,Other,Other,Other,Other,A,Other,Other,Other,Other
2026-09-23,2026-09-29,6,377,368,377,12:11:37.000,12:16:07.000,270,34775,23475.0000,23474.7000,-0.3000,-0.0012779552715654952076677300,23450.0000,131.6000,130.0000,-1.6000,-1.2158054711246200607902735600,104.0500,105.1500,1.1000,1.0571840461316674675636713100,Other,Other,False,False,False,0,-1,False,Other,Other,Other,Other,A,Other,Other,Other,Other,Other
2026-09-23,2026-09-29,6,378,369,378,12:12:09.000,12:16:42.000,273,34775,23477.0000,23470.5000,-6.5000,-0.0276866720620181454189206500,23450.0000,131.0500,129.0000,-2.0500,-1.5642884395268981304845478800,104.5500,105.2000,0.6500,0.6217120994739359158297465300,Other,Other,False,False,False,0,-1,False,Other,Other,Other,A,Other,Other,Other,Other,Other,Other
2026-09-23,2026-09-29,6,379,370,379,12:13:12.000,12:18:00.000,288,31720,23483.0000,23474.2000,-8.8000,-0.0374739173018779542647872900,23450.0000,135.1500,131.0000,-4.1500,-3.0706622271550129485756566800,102.5500,104.3000,1.7500,1.7064846416382252559726962500,Other,Other,False,False,False,0,-1,False,Other,Other,A,Other,Other,Other,Other,Other,Other,Other
2026-09-23,2026-09-29,6,380,371,380,12:13:12.000,12:19:01.000,349,30680,23484.0000,23475.5000,-8.5000,-0.0361948560722193834099812600,23500.0000,107.8500,105.5500,-2.3000,-2.1325915623551228558182661100,125.7500,125.8000,0.0500,0.0397614314115308151093439400,Other,Other,False,False,False,0,-1,False,Other,A,Other,Other,Other,Other,Other,Other,Other,Other
2026-09-23,2026-09-29,6,381,372,381,12:13:37.000,12:19:35.000,358,30810,23477.9000,23479.0000,1.1000,0.0046852571993236192334067400,23500.0000,105.4000,106.7000,1.3000,1.2333965844402277039848197300,127.8500,125.1000,-2.7500,-2.1509581540868204927649589400,Other,Other,False,False,False,0,-1,False,A,Other,Other,Other,Other,Other,Other,Other,Other,Other
2026-09-23,2026-09-29,6,382,373,382,12:14:06.000,12:20:15.000,369,30745,23478.9000,23482.0000,3.1000,0.0132033442793316552308668600,23500.0000,106.3000,106.5500,0.2500,0.2351834430856067732831608700,127.3000,125.6000,-1.7000,-1.3354281225451688923802042400,Other,Other,False,False,False,0,-1,False,Other,Other,Other,Other,Other,Other,Other,Other,Other,Other
2026-09-23,2026-09-29,6,383,374,383,12:14:41.000,12:21:21.000,400,28860,23480.0000,23477.4000,-2.6000,-0.0110732538330494037478705300,23500.0000,106.0500,104.4000,-1.6500,-1.5558698727015558698727015600,127.9500,126.9000,-1.0500,-0.8206330597889800703399765500,Other,Other,False,False,False,0,-1,False,Other,Other,Other,Other,Other,Other,Other,Other,Other,Other
2026-09-23,2026-09-29,6,384,375,384,12:14:43.000,12:21:51.000,428,27755,23480.0000,23476.2000,-3.8000,-0.0161839863713798977853492300,23500.0000,105.4000,104.1000,-1.3000,-1.2333965844402277039848197300,127.9000,127.7000,-0.2000,-0.1563721657544956997654417500,Other,Other,False,False,False,0,-1,False,Other,Other,Other,Other,Other,Other,Other,Other,Other,Other
2026-09-23,2026-09-29,6,385,376,385,12:14:48.000,12:21:56.000,428,27820,23478.0000,23476.0000,-2.0000,-0.0085186131697759604736348900,23500.0000,105.5500,103.9500,-1.6000,-1.5158692562766461392704879200,128.2500,128.0500,-0.2000,-0.1559454191033138401559454200,Other,Other,False,False,False,0,-1,False,Other,Other,Other,Other,Other,Other,Other,Other,Other,Other
2026-09-23,2026-09-29,6,386,377,386,12:15:06.000,12:22:00.000,414,28535,23479.8000,23471.5000,-8.3000,-0.0353495344934795015289738400,23450.0000,132.3000,130.4000,-1.9000,-1.4361300075585789871504157200,104.4000,104.6000,0.2000,0.191570881226053639846743300,Other,Other,False,False,False,0,-1,False,Other,Other,Other,Other,Other,Other,Other,Other,Other,Other
2026-09-23,2026-09-29,6,387,378,387,12:16:07.000,12:22:03.000,356,29640,23474.7000,23470.3000,-4.4000,-0.018743583517574239500398300,23450.0000,130.0000,130.5000,0.5000,0.3846153846153846153846153800,105.1500,104.5500,-0.6000,-0.5706134094151212553495007100,B,Other,True,False,False,1,25,False,Other,Other,Other,Other,Other,Other,Other,Other,Other,Other
2026-09-23,2026-09-29,6,388,379,388,12:16:42.000,12:22:06.000,324,30940,23470.5000,23470.6000,0.1000,0.0004260667646620225389318500,23450.0000,129.0000,130.3000,1.3000,1.0077519379844961240310077500,105.2000,104.5500,-0.6500,-0.6178707224334600760456273800,Other,B,False,False,True,0,-1,False,Other,Other,Other,Other,Other,Other,Other,Other,Other,Other
2026-09-23,2026-09-29,6,389,380,389,12:18:00.000,12:22:11.000,251,30355,23474.2000,23476.9000,2.7000,0.0115019894181697352838435400,23500.0000,104.1500,103.6000,-0.5500,-0.5280844935189630340854536700,127.7000,128.2000,0.5000,0.391542678151918559122944400,A,Other,True,False,False,1,26,False,Other,Other,Other,Other,Other,Other,Other,Other,Other,Other
2026-09-23,2026-09-29,6,390,381,390,12:19:01.000,12:22:18.000,197,30745,23475.5000,23469.9000,-5.6000,-0.0238546569828118676918489500,23450.0000,132.8500,129.6000,-3.2500,-2.4463680843056078283778697800,102.9000,105.1500,2.2500,2.1865889212827988338192419800,Other,A,False,False,True,0,-1,False,Other,Other,Other,Other,Other,Other,Other,Other,Other,Other
2026-09-23,2026-09-29,6,391,382,391,12:19:35.000,12:23:15.000,220,30875,23479.0000,23474.9000,-4.1000,-0.017462413220324545338387500,23450.0000,134.0000,129.1000,-4.9000,-3.6567164179104477611940298500,101.9500,105.4500,3.5000,3.4330554193231976459048553200,Other,Other,False,False,False,0,-1,False,Other,Other,Other,Other,Other,Other,Other,Other,Other,Other
2026-09-23,2026-09-29,6,392,383,392,12:20:15.000,12:23:29.000,194,37505,23482.0000,23472.0000,-10.0000,-0.0425858104079720637083723700,23450.0000,133.1500,129.5500,-3.6000,-2.7037176117161096507698084900,102.5500,105.3000,2.7500,2.6816187225743539736713798100,Other,Other,False,False,False,0,-1,False,Other,Other,Other,Other,Other,Other,Other,Other,Other,Other
2026-09-23,2026-09-29,6,393,384,393,12:21:21.000,12:23:29.000,128,41535,23477.4000,23472.0000,-5.4000,-0.023000843364256689411945100,23450.0000,131.5000,129.5500,-1.9500,-1.482889733840304182509505700,103.9000,105.3000,1.4000,1.3474494706448508180943214600,Other,Other,False,False,False,0,-1,False,Other,Other,Other,Other,Other,Other,Other,Other,Other,Other
2026-09-23,2026-09-29,6,394,385,394,12:21:51.000,12:23:30.000,99,42900,23476.2000,23472.0000,-4.2000,-0.0178904592736473534899174500,23450.0000,131.0000,129.6000,-1.4000,-1.0687022900763358778625954200,104.3000,105.3000,1.0000,0.9587727708533077660594439100,Other,Other,False,False,False,0,-1,False,Other,Other,Other,Other,Other,Other,Other,Other,Other,Other
2026-09-23,2026-09-29,6,395,386,395,12:21:56.000,12:24:00.000,124,42445,23476.0000,23472.0000,-4.0000,-0.0170386777986028284205145700,23450.0000,130.6000,127.7500,-2.8500,-2.1822358346094946401225114900,104.6500,105.7000,1.0500,1.0033444816053511705685618700,Other,Other,False,False,False,0,-1,False,Other,Other,Other,Other,Other,Other,Other,Other,Other,Other
2026-09-23,2026-09-29,6,396,387,396,12:22:00.000,12:24:21.000,141,41600,23471.5000,23471.5000,0.0000,0,23450.0000,130.4000,127.7000,-2.7000,-2.070552147239263803680981600,104.6000,105.9000,1.3000,1.2428298279158699808795411100,Other,Other,False,False,False,0,-1,False,Other,Other,Other,Other,Other,Other,Other,Other,Other,Other
2026-09-23,2026-09-29,6,397,388,397,12:22:03.000,12:24:47.000,164,40300,23470.3000,23468.0000,-2.3000,-0.0097996190930665564564577400,23450.0000,130.5000,127.4500,-3.0500,-2.337164750957854406130268200,104.5500,106.1500,1.6000,1.5303682448589191774270683900,Other,Other,False,False,False,0,-1,False,Other,Other,Other,Other,Other,Other,Other,Other,Other,Other
2026-09-23,2026-09-29,6,398,389,398,12:22:06.000,12:25:44.000,218,39065,23470.6000,23469.1000,-1.5000,-0.0063909742401131628505449400,23450.0000,130.3000,125.1000,-5.2000,-3.9907904834996162701458173400,104.5500,107.3500,2.8000,2.6781444285031085604973696800,Other,Other,False,False,False,0,-1,False,Other,Other,Other,Other,Other,Other,Other,Other,Other,A
2026-09-23,2026-09-29,6,399,390,399,12:22:11.000,12:26:21.000,250,40040,23476.9000,23469.1000,-7.8000,-0.0332241479922817748510237700,23450.0000,130.2000,125.0000,-5.2000,-3.9938556067588325652841781900,104.5500,107.7000,3.1500,3.0129124820659971305595408900,Other,Other,False,False,False,0,-1,False,Other,Other,Other,Other,Other,Other,Other,Other,A,Other
2026-09-23,2026-09-29,6,400,391,400,12:22:18.000,12:27:13.000,295,40170,23469.9000,23461.1000,-8.8000,-0.0374948338084099207921635800,23450.0000,129.6000,124.5000,-5.1000,-3.9351851851851851851851851900,105.1500,108.0000,2.8500,2.7104136947218259629101283900,Other,Other,False,False,False,0,-1,False,Other,Other,Other,Other,Other,Other,Other,A,Other,B
2026-09-23,2026-09-29,6,401,392,401,12:23:15.000,12:27:36.000,261,39910,23474.9000,23466.8000,-8.1000,-0.0345049393181653595968459900,23450.0000,129.1000,126.0000,-3.1000,-2.4012393493415956622773044200,105.4500,107.2000,1.7500,1.6595542911332385016595542900,Other,Other,False,False,False,0,-1,False,Other,Other,Other,Other,Other,Other,A,Other,B,A
2026-09-23,2026-09-29,6,402,393,402,12:23:29.000,12:29:02.000,333,33735,23472.0000,23468.0000,-4.0000,-0.0170415814587593728698023200,23450.0000,129.5500,126.0500,-3.5000,-2.7016595908915476649942107300,105.3000,106.8000,1.5000,1.4245014245014245014245014200,Other,Other,False,False,False,0,-1,False,Other,Other,Other,Other,Other,A,Other,B,A,Other
2026-09-23,2026-09-29,6,403,394,403,12:23:30.000,12:30:05.000,395,29770,23472.0000,23467.0000,-5.0000,-0.021301976823449216087252900,23450.0000,129.6000,125.3500,-4.2500,-3.2793209876543209876543209900,105.3000,107.5500,2.2500,2.1367521367521367521367521400,Other,Other,False,False,False,0,-1,False,Other,Other,Other,Other,A,Other,B,A,Other,Other
2026-09-23,2026-09-29,6,404,395,404,12:23:31.000,12:30:54.000,443,28470,23472.0000,23461.6000,-10.4000,-0.0443081117927743694614860300,23450.0000,129.3500,123.9500,-5.4000,-4.174719752609199845380749900,105.1000,107.7000,2.6000,2.4738344433872502378686964800,Other,Other,False,False,False,0,-1,False,Other,Other,Other,A,Other,B,A,Other,Other,Other
2026-09-23,2026-09-29,6,405,396,405,12:24:00.000,12:31:24.000,444,28600,23472.0000,23457.2000,-14.8000,-0.0630538513974096796182685800,23450.0000,127.7500,121.2000,-6.5500,-5.1272015655577299412915851300,105.7000,109.6000,3.9000,3.6896877956480605487228003800,Other,Other,False,False,False,0,-1,False,Other,Other,A,Other,B,A,Other,Other,Other,Other
2026-09-23,2026-09-29,6,406,397,406,12:24:21.000,12:31:50.000,449,28925,23471.5000,23462.5000,-9.0000,-0.038344375093198133907078800,23450.0000,127.7000,120.4500,-7.2500,-5.6773688332028191072826938100,105.9000,109.8000,3.9000,3.6827195467422096317280453300,Other,Other,False,False,False,0,-1,False,Other,A,Other,B,A,Other,Other,Other,Other,Other
2026-09-23,2026-09-29,6,407,398,407,12:24:47.000,12:32:44.000,477,30160,23468.0000,23458.0000,-10.0000,-0.0426112152718595534344639500,23450.0000,127.4500,120.5500,-6.9000,-5.4138877991369164378187524500,106.1500,109.5500,3.4000,3.2030146019783325482807348100,Other,Other,False,False,False,0,-1,False,A,Other,B,A,Other,Other,Other,Other,Other,Other
2026-09-23,2026-09-29,6,408,399,408,12:25:44.000,12:32:49.000,425,30745,23469.1000,23458.0000,-11.1000,-0.0472962320668453413211414200,23450.0000,125.1000,121.5000,-3.6000,-2.8776978417266187050359712200,107.3500,109.2000,1.8500,1.7233348858872845831392640900,Other,Other,False,False,False,0,-1,False,Other,B,A,Other,Other,Other,Other,Other,Other,Other
2026-09-23,2026-09-29,6,409,400,409,12:26:21.000,12:33:14.000,413,31720,23469.1000,23464.0000,-5.1000,-0.0217307012199019135799838900,23450.0000,125.0000,123.3500,-1.6500,-1.3200,107.7000,107.8500,0.1500,0.1392757660167130919220055700,Other,Other,False,False,False,0,-1,False,B,A,Other,Other,Other,Other,Other,Other,Other,Other
2026-09-23,2026-09-29,6,410,401,410,12:27:13.000,12:33:17.000,364,32435,23461.1000,23467.0000,5.9000,0.025148010962827829897148900,23450.0000,124.5000,123.9500,-0.5500,-0.4417670682730923694779116500,108.0000,107.6000,-0.4000,-0.3703703703703703703703703700,Other,Other,False,False,False,0,-1,False,A,Other,Other,Other,Other,Other,Other,Other,Other,Other
2026-09-23,2026-09-29,6,411,402,411,12:27:36.000,12:33:42.000,366,32500,23466.8000,23464.3000,-2.5000,-0.0106533485605195425025994200,23450.0000,126.0000,125.3500,-0.6500,-0.5158730158730158730158730200,107.2000,106.1500,-1.0500,-0.9794776119402985074626865700,Other,Other,False,False,False,0,-1,False,Other,Other,Other,Other,Other,Other,Other,Other,Other,B
2026-09-23,2026-09-29,6,412,403,412,12:29:02.000,12:34:13.000,311,32955,23468.0000,23465.0000,-3.0000,-0.0127833645815578660303391900,23450.0000,126.0500,124.2500,-1.8000,-1.4280047600158667195557318500,106.8000,107.0500,0.2500,0.2340823970037453183520599300,Other,Other,False,False,False,0,-1,False,Other,Other,Other,Other,Other,Other,Other,Other,B,Other
2026-09-23,2026-09-29,6,413,404,413,12:30:05.000,12:34:52.000,287,32955,23467.0000,23462.9000,-4.1000,-0.0174713427366088549878552900,23450.0000,125.3500,124.1500,-1.2000,-0.9573195053849222177901874800,107.5500,107.1000,-0.4500,-0.4184100418410041841004184100,Other,Other,False,False,False,0,-1,False,Other,Other,Other,Other,Other,Other,Other,B,Other,Other
2026-09-23,2026-09-29,6,414,405,414,12:30:54.000,12:35:57.000,303,32825,23461.6000,23470.0000,8.4000,0.0358031847785317284413680200,23450.0000,123.9500,125.0000,1.0500,0.8471157724889068172650262200,107.7000,106.6500,-1.0500,-0.97493036211699164345403900,Other,Other,False,False,False,0,-1,False,Other,Other,Other,Other,Other,Other,B,Other,Other,Other
2026-09-23,2026-09-29,6,415,406,415,12:31:24.000,12:39:24.000,480,32760,23457.2000,23466.0000,8.8000,0.0375151339460805211193151800,23450.0000,121.2000,123.3500,2.1500,1.7739273927392739273927392700,109.6000,107.9000,-1.7000,-1.5510948905109489051094890500,Other,Other,False,False,False,0,-1,False,Other,Other,Other,Other,Other,B,Other,Other,Other,Other
2026-09-23,2026-09-29,6,416,407,416,12:31:50.000,12:40:58.000,548,32825,23462.5000,23463.5000,1.0000,0.0042621204049014384656366500,23450.0000,120.4500,124.9500,4.5000,3.7359900373599003735990037400,109.8000,106.6000,-3.2000,-2.9143897996357012750455373400,Other,Other,False,False,False,0,-1,False,Other,Other,Other,Other,B,Other,Other,Other,Other,B
2026-09-23,2026-09-29,6,417,408,417,12:32:44.000,12:42:29.000,585,31590,23458.0000,23466.7000,8.7000,0.0370875607468667405575922900,23450.0000,120.5500,125.5000,4.9500,4.1061800082953131480713396900,109.5500,106.3500,-3.2000,-2.9210406207211319032405294400,Other,Other,False,False,False,0,-1,False,Other,Other,Other,B,Other,Other,Other,Other,B,Other
2026-09-23,2026-09-29,6,418,409,418,12:32:49.000,12:43:59.000,670,30940,23458.0000,23467.5000,9.5000,0.0404979111603717281950720400,23450.0000,121.5000,123.9500,2.4500,2.0164609053497942386831275700,109.2000,107.4000,-1.8000,-1.6483516483516483516483516500,Other,Other,False,False,False,0,-1,False,Other,Other,B,Other,Other,Other,Other,B,Other,Other
2026-09-23,2026-09-29,6,419,410,419,12:33:14.000,12:46:25.000,791,28990,23464.0000,23461.1000,-2.9000,-0.0123593590180702352540061400,23450.0000,123.3500,122.1000,-1.2500,-1.0133765707336846372111876800,107.8500,108.2000,0.3500,0.3245248029670839128419100600,Other,Other,False,False,False,0,-1,False,Other,B,Other,Other,Other,Other,B,Other,Other,Other
2026-09-23,2026-09-29,6,420,411,420,12:33:17.000,12:47:39.000,862,28210,23467.0000,23459.0000,-8.0000,-0.0340904248519197170494737300,23450.0000,123.9500,119.8500,-4.1000,-3.3077853973376361436062928600,107.6000,110.0500,2.4500,2.2769516728624535315985130100,Other,Other,False,False,False,0,-1,False,B,Other,Other,Other,Other,B,Other,Other,Other,Other
2026-09-23,2026-09-29,6,421,412,421,12:33:42.000,12:48:14.000,872,28080,23464.3000,23463.0000,-1.3000,-0.0055403314822943791206215400,23450.0000,125.3500,118.8000,-6.5500,-5.2253689668927004387714399700,106.1500,110.5500,4.4000,4.1450777202072538860103626900,Other,Other,False,False,False,0,-1,False,Other,Other,Other,Other,B,Other,Other,Other,Other,A
2026-09-23,2026-09-29,6,422,413,422,12:34:13.000,12:48:53.000,880,27170,23465.0000,23456.5000,-8.5000,-0.0362241636479863626678031100,23450.0000,124.2500,119.0000,-5.2500,-4.2253521126760563380281690100,107.0500,110.3500,3.3000,3.0826716487622606258757589900,Other,Other,False,False,False,0,-1,False,Other,Other,Other,B,Other,Other,Other,Other,A,Other
2026-09-23,2026-09-29,6,423,414,423,12:34:52.000,12:50:30.000,938,27430,23462.9000,23461.0000,-1.9000,-0.0080978907125717622288804900,23450.0000,124.1500,121.8000,-2.3500,-1.8928715263793797825211437800,107.1000,107.6500,0.5500,0.5135387488328664799253034500,Other,Other,False,False,False,0,-1,False,Other,Other,B,Other,Other,Other,Other,A,Other,Other
2026-09-23,2026-09-29,6,424,415,424,12:35:57.000,12:51:29.000,932,28080,23470.0000,23470.0000,0.0000,0,23450.0000,125.0000,123.4500,-1.5500,-1.2400,106.6500,106.6000,-0.0500,-0.0468823253633380215658696700,Other,Other,False,False,False,0,-1,False,Other,B,Other,Other,Other,Other,A,Other,Other,Other
2026-09-23,2026-09-29,6,425,416,425,12:39:24.000,12:52:40.000,796,27950,23466.0000,23460.0000,-6.0000,-0.0255689082076195346458706200,23450.0000,123.3500,121.4000,-1.9500,-1.5808674503445480340494527800,107.9000,107.8500,-0.0500,-0.0463392029657089898053753500,Other,Other,False,False,False,0,-1,False,B,Other,Other,Other,Other,A,Other,Other,Other,Other
2026-09-23,2026-09-29,6,426,417,426,12:40:58.000,12:54:36.000,818,27885,23463.5000,23455.0000,-8.5000,-0.036226479425490655699277600,23450.0000,124.9500,118.6500,-6.3000,-5.042016806722689075630252100,106.6000,110.5000,3.9000,3.6585365853658536585365853700,Other,Other,False,False,False,0,-1,False,Other,Other,Other,Other,A,Other,Other,Other,Other,Other
2026-09-23,2026-09-29,6,427,418,427,12:42:29.000,12:56:09.000,820,28145,23466.7000,23450.4000,-16.3000,-0.0694601286077718639604205100,23450.0000,125.5000,116.6000,-8.9000,-7.0916334661354581673306772900,106.3500,111.5000,5.1500,4.8425011753643629525152797400,Other,Other,False,False,False,0,-1,False,Other,Other,Other,A,Other,Other,Other,Other,Other,Other
2026-09-23,2026-09-29,6,428,419,428,12:43:59.000,12:58:17.000,858,28275,23467.5000,23460.9000,-6.6000,-0.0281240012783636944710770200,23450.0000,123.9500,120.9500,-3.0000,-2.4203307785397337636143606300,107.4000,107.9500,0.5500,0.5121042830540037243947858500,Other,Other,False,False,False,0,-1,False,Other,Other,A,Other,Other,Other,Other,Other,Other,Other
2026-09-23,2026-09-29,6,429,420,429,12:46:25.000,12:58:50.000,745,28275,23461.1000,23464.6000,3.5000,0.0149183115881182041762747700,23450.0000,122.1000,121.4500,-0.6500,-0.5323505323505323505323505300,108.2000,107.3000,-0.9000,-0.8317929759704251386321626600,Other,Other,False,False,False,0,-1,False,Other,A,Other,Other,Other,Other,Other,Other,Other,Other
2026-09-23,2026-09-29,6,430,421,430,12:47:39.000,13:00:21.000,762,28015,23459.0000,23465.1000,6.1000,0.026002813419156826804211600,23450.0000,119.8500,122.5000,2.6500,2.211097204839382561535252400,110.0500,107.5000,-2.5500,-2.3171285779191276692412539800,Other,Other,False,False,False,0,-1,False,A,Other,Other,Other,Other,Other,Other,Other,Other,Other
2026-09-23,2026-09-29,6,431,422,431,12:48:14.000,13:01:24.000,790,28080,23463.0000,23470.0000,7.0000,0.0298342070493969228146443300,23450.0000,118.8000,126.7000,7.9000,6.6498316498316498316498316500,110.5500,103.9500,-6.6000,-5.9701492537313432835820895500,Other,Other,False,False,False,0,-1,False,Other,Other,Other,Other,Other,Other,Other,Other,Other,Other
2026-09-23,2026-09-29,6,432,423,432,12:48:53.000,13:02:31.000,818,28275,23456.5000,23469.5000,13.0000,0.0554217381109713725406603700,23450.0000,119.0000,125.5000,6.5000,5.4621848739495798319327731100,110.3500,105.1000,-5.2500,-4.7575894879927503398278205700,Other,Other,False,False,False,0,-1,False,Other,Other,Other,Other,Other,Other,Other,Other,Other,B
2026-09-23,2026-09-29,6,433,424,433,12:50:30.000,13:03:15.000,765,28080,23461.0000,23470.0000,9.0000,0.0383615361664038191040450100,23450.0000,121.8000,125.4500,3.6500,2.9967159277504105090311986900,107.6500,105.0000,-2.6500,-2.4616813748258244310264746900,Other,Other,False,False,False,0,-1,False,Other,Other,Other,Other,Other,Other,Other,Other,B,Other
2026-09-23,2026-09-29,6,434,425,434,12:51:29.000,13:03:42.000,733,27625,23470.0000,23473.0000,3.0000,0.012782275244993608862377500,23450.0000,123.4500,127.8500,4.4000,3.564196030781692993114621300,106.6000,103.2000,-3.4000,-3.1894934333958724202626641700,Other,Other,False,False,False,0,-1,False,Other,Other,Other,Other,Other,Other,Other,B,Other,Other
2026-09-23,2026-09-29,6,435,426,435,12:52:40.000,13:04:17.000,697,27560,23460.0000,23471.4000,11.4000,0.0485933503836317135549872100,23450.0000,121.4000,126.0000,4.6000,3.7891268533772652388797364100,107.8500,104.9500,-2.9000,-2.6889197960129809921186833600,Other,Other,False,False,False,0,-1,False,Other,Other,Other,Other,Other,Other,B,Other,Other,B
2026-09-23,2026-09-29,6,436,427,436,12:54:36.000,13:06:50.000,734,27170,23455.0000,23463.5000,8.5000,0.0362396077595395438072905600,23450.0000,118.6500,122.2000,3.5500,2.9919932574799831436999578600,110.5000,107.8500,-2.6500,-2.3981900452488687782805429900,Other,Other,False,False,False,0,-1,False,Other,Other,Other,Other,Other,B,Other,Other,B,Other
2026-09-23,2026-09-29,6,437,428,437,12:56:09.000,13:08:13.000,724,28015,23450.4000,23474.0000,23.6000,0.1006379422099409818169412900,23450.0000,116.6000,127.8000,11.2000,9.605488850771869639794168100,111.5000,103.7000,-7.8000,-6.9955156950672645739910313900,Other,Other,False,False,False,0,-1,False,Other,Other,Other,Other,B,Other,Other,B,Other,Other
2026-09-23,2026-09-29,6,438,429,438,12:58:17.000,13:08:18.000,601,28405,23460.9000,23475.0000,14.1000,0.060099996163830032095955400,23450.0000,120.9500,128.1000,7.1500,5.9115336916081025217031831300,107.9500,103.4000,-4.5500,-4.2149143121815655396016674400,Other,Other,False,False,False,0,-1,False,Other,Other,Other,B,Other,Other,B,Other,Other,Other
2026-09-23,2026-09-29,6,439,430,439,12:58:50.000,13:08:59.000,609,28470,23464.6000,23469.1000,4.5000,0.0191778253198435089453900800,23450.0000,121.4500,125.5000,4.0500,3.3347056401811445039110745200,107.3000,105.3000,-2.0000,-1.8639328984156570363466915200,Other,Other,False,False,False,0,-1,False,Other,Other,B,Other,Other,B,Other,Other,Other,Other
2026-09-23,2026-09-29,6,440,431,440,13:00:21.000,13:09:32.000,551,29055,23465.1000,23477.2000,12.1000,0.0515659426126460147197327100,23500.0000,96.6000,98.3500,1.7500,1.8115942028985507246376811600,131.4500,129.5000,-1.9500,-1.4834537847090148345378470900,Other,Other,False,False,False,0,-1,False,Other,B,Other,Other,B,Other,Other,Other,Other,Other
2026-09-23,2026-09-29,6,441,432,441,13:01:24.000,13:10:54.000,570,29055,23470.0000,23469.7000,-0.3000,-0.0012782275244993608862377500,23450.0000,126.7000,122.5500,-4.1500,-3.2754538279400157853196527200,103.9500,107.2500,3.3000,3.1746031746031746031746031700,Other,Other,False,False,False,0,-1,False,B,Other,Other,B,Other,Other,Other,Other,Other,Other
2026-09-23,2026-09-29,6,442,433,442,13:02:31.000,13:11:32.000,541,28990,23469.5000,23461.9000,-7.6000,-0.0323824538230469332537974800,23450.0000,125.5000,120.4500,-5.0500,-4.023904382470119521912350600,105.1000,108.8500,3.7500,3.5680304471931493815413891500,Other,Other,False,False,False,0,-1,False,Other,Other,B,Other,Other,Other,Other,Other,Other,Other
2026-09-23,2026-09-29,6,443,434,443,13:03:15.000,13:12:22.000,547,28860,23470.0000,23460.6000,-9.4000,-0.0400511291009799744354495100,23450.0000,125.4500,122.1500,-3.3000,-2.6305300916699880430450378600,105.0000,107.3000,2.3000,2.1904761904761904761904761900,Other,Other,False,False,False,0,-1,False,Other,B,Other,Other,Other,Other,Other,Other,Other,Other
2026-09-23,2026-09-29,6,444,435,444,13:03:42.000,13:14:56.000,674,28730,23473.0000,23459.9000,-13.1000,-0.0558088016018404123887019100,23450.0000,127.8500,122.3000,-5.5500,-4.3410246382479468126710989400,103.2000,107.7000,4.5000,4.3604651162790697674418604700,Other,Other,False,False,False,0,-1,False,B,Other,Other,Other,Other,Other,Other,Other,Other,Other
2026-09-23,2026-09-29,6,445,436,445,13:04:17.000,13:16:17.000,720,28990,23471.4000,23468.0000,-3.4000,-0.0144857145291716727591877800,23450.0000,126.0000,123.0000,-3.0000,-2.3809523809523809523809523800,104.9500,106.7500,1.8000,1.7151024297284421152929966700,Other,Other,False,False,False,0,-1,False,Other,Other,Other,Other,Other,Other,Other,Other,Other,Other
2026-09-23,2026-09-29,6,446,437,446,13:06:50.000,13:18:40.000,710,29835,23463.5000,23458.7000,-4.8000,-0.0204573060285123702772391200,23450.0000,122.2000,121.9000,-0.3000,-0.2454991816693944353518821600,107.8500,107.6500,-0.2000,-0.1854427445526193787668057500,Other,Other,False,False,False,0,-1,False,Other,Other,Other,Other,Other,Other,Other,Other,Other,B
2026-09-23,2026-09-29,6,447,438,447,13:08:13.000,13:20:14.000,721,28730,23474.0000,23462.1000,-11.9000,-0.0506943852773281076936184700,23450.0000,127.8000,122.7500,-5.0500,-3.9514866979655712050078247300,103.7000,106.5000,2.8000,2.7000964320154291224686595900,Other,Other,False,False,False,0,-1,False,Other,Other,Other,Other,Other,Other,Other,Other,B,Other
2026-09-23,2026-09-29,6,448,439,448,13:08:18.000,13:22:43.000,865,45305,23475.0000,23466.4000,-8.6000,-0.0366347177848775292864749700,23450.0000,128.1000,124.5500,-3.5500,-2.7712724434035909445745511300,103.4000,105.4000,2.0000,1.9342359767891682785299806600,Other,Other,False,False,False,0,-1,False,Other,Other,Other,Other,Other,Other,Other,B,Other,Other
2026-09-23,2026-09-29,6,449,440,449,13:08:59.000,13:22:43.000,824,59735,23469.1000,23466.4000,-2.7000,-0.0115044888811245424835208800,23450.0000,125.5000,124.5500,-0.9500,-0.7569721115537848605577689200,105.3000,105.4000,0.1000,0.0949667616334283000949667600,Other,Other,False,False,False,0,-1,False,Other,Other,Other,Other,Other,Other,B,Other,Other,Other
2026-09-23,2026-09-29,6,450,441,450,13:09:32.000,13:22:44.000,792,70850,23477.2000,23466.9000,-10.3000,-0.0438723527507539229550372300,23450.0000,124.6000,124.2000,-0.4000,-0.3210272873194221508828250400,106.1000,105.7000,-0.4000,-0.3770028275212064090480678600,Other,Other,False,False,False,0,-1,False,Other,Other,Other,Other,Other,B,Other,Other,Other,Other
2026-09-23,2026-09-29,6,451,442,451,13:10:54.000,13:22:44.000,710,80080,23469.7000,23466.9000,-2.8000,-0.0119302760580663578997601200,23450.0000,122.5500,124.2000,1.6500,1.3463892288861689106487148100,107.2500,105.7000,-1.5500,-1.4452214452214452214452214500,B,Other,True,False,False,1,27,False,Other,Other,Other,Other,B,Other,Other,Other,Other,Other
2026-09-23,2026-09-29,6,452,443,452,13:11:32.000,13:22:45.000,673,87490,23461.9000,23466.9000,5.0000,0.0213111470085542944092336900,23450.0000,120.4500,123.8000,3.3500,2.7812370278123702781237027800,108.8500,105.8000,-3.0500,-2.8020211299954065227377124500,Other,B,False,False,True,0,-1,False,Other,Other,Other,B,Other,Other,Other,Other,Other,Other
2026-09-23,2026-09-29,6,453,444,453,13:12:22.000,13:22:45.000,623,92430,23460.6000,23466.9000,6.3000,0.0268535331577197514130073400,23450.0000,122.1500,123.8000,1.6500,1.3507981989357347523536635300,107.3000,105.8000,-1.5000,-1.3979496738117427772600186400,Other,Other,False,False,False,0,-1,False,Other,Other,B,Other,Other,Other,Other,Other,Other,Other
2026-09-23,2026-09-29,6,454,445,454,13:14:56.000,13:22:45.000,469,94705,23459.9000,23466.7000,6.8000,0.0289856307997902804359779900,23450.0000,122.3000,123.8000,1.5000,1.2264922322158626328699918200,107.7000,105.8000,-1.9000,-1.7641597028783658310120705700,Other,Other,False,False,False,0,-1,False,Other,B,Other,Other,Other,Other,Other,Other,Other,Other
2026-09-23,2026-09-29,6,455,446,455,13:16:17.000,13:22:51.000,394,94445,23468.0000,23468.0000,0.0000,0,23450.0000,123.0000,123.9500,0.9500,0.7723577235772357723577235800,106.7500,106.0000,-0.7500,-0.7025761124121779859484777500,Other,Other,False,False,False,0,-1,False,B,Other,Other,Other,Other,Other,Other,Other,Other,Other
2026-09-23,2026-09-29,6,456,447,456,13:18:40.000,13:22:58.000,258,93860,23458.7000,23467.8000,9.1000,0.0387915783909594308295003600,23450.0000,121.9000,123.0000,1.1000,0.9023789991796554552912223100,107.6500,106.3500,-1.3000,-1.2076172782164421737111007900,Other,Other,False,False,False,0,-1,False,Other,Other,Other,Other,Other,Other,Other,Other,Other,Other
2026-09-23,2026-09-29,6,457,448,457,13:20:14.000,13:23:01.000,167,93990,23462.1000,23464.5000,2.4000,0.0102292633651719155574309200,23450.0000,122.7500,123.9500,1.2000,0.9775967413441955193482688400,106.5000,106.0000,-0.5000,-0.4694835680751173708920187800,Other,Other,False,False,False,0,-1,False,Other,Other,Other,Other,Other,Other,Other,Other,Other,B
2026-09-23,2026-09-29,6,458,449,458,13:22:43.000,13:23:12.000,29,77025,23466.4000,23469.0000,2.6000,0.0110796713599018170661030200,23450.0000,124.5500,123.6000,-0.9500,-0.7627458851866720192693697300,105.4000,106.0500,0.6500,0.6166982922201138519924098700,A,Other,True,False,False,1,28,False,Other,Other,Other,Other,Other,Other,Other,Other,B,Other
2026-09-23,2026-09-29,6,459,450,459,13:22:44.000,13:23:56.000,72,62660,23466.9000,23467.9000,1.0000,0.0042613212652715100844167700,23450.0000,124.2000,124.1500,-0.0500,-0.0402576489533011272141706900,105.7000,105.6000,-0.1000,-0.0946073793755912961210974500,Other,A,False,False,True,0,-1,False,Other,Other,Other,Other,Other,Other,Other,B,Other,Other
2026-09-23,2026-09-29,6,460,451,460,13:22:44.000,13:25:36.000,172,52715,23466.9000,23470.0000,3.1000,0.01321009592234168126169200,23450.0000,124.2000,126.0000,1.8000,1.4492753623188405797101449300,105.7000,103.7000,-2.0000,-1.8921475875118259224219489100,Other,Other,False,False,False,0,-1,False,Other,Other,Other,Other,Other,Other,B,Other,Other,Other
2026-09-23,2026-09-29,6,461,452,461,13:22:45.000,13:25:53.000,188,43420,23466.9000,23468.5000,1.6000,0.0068181140244344161350668400,23450.0000,123.8000,125.3000,1.5000,1.2116316639741518578352180900,105.8000,105.4000,-0.4000,-0.3780718336483931947069943300,Other,Other,False,False,False,0,-1,False,Other,Other,Other,Other,Other,B,Other,Other,Other,B
2026-09-23,2026-09-29,6,462,453,462,13:22:45.000,13:28:28.000,343,36205,23466.9000,23466.0000,-0.9000,-0.003835189138744359075975100,23450.0000,123.8000,122.2500,-1.5500,-1.2520193861066235864297253600,105.8000,107.7000,1.9000,1.7958412098298676748582230600,Other,Other,False,False,False,0,-1,False,Other,Other,Other,Other,B,Other,Other,Other,B,Other
2026-09-23,2026-09-29,6,463,454,463,13:22:45.000,13:29:32.000,407,31330,23466.7000,23461.0000,-5.7000,-0.024289738224803657949349500,23450.0000,123.8000,119.4000,-4.4000,-3.5541195476575121163166397400,105.8000,109.6000,3.8000,3.5916824196597353497164461200,Other,Other,False,False,False,0,-1,False,Other,Other,Other,B,Other,Other,Other,B,Other,Other
2026-09-23,2026-09-29,6,464,455,464,13:22:45.000,13:29:42.000,417,28990,23466.7000,23465.1000,-1.6000,-0.00681817213327821977525600,23450.0000,123.8000,118.0500,-5.7500,-4.6445880452342487883683360300,105.8000,110.3000,4.5000,4.253308128544423440453686200,Other,Other,False,False,False,0,-1,False,Other,Other,B,Other,Other,Other,B,Other,Other,A
2026-09-23,2026-09-29,6,465,456,465,13:22:51.000,13:30:17.000,446,31200,23468.0000,23450.0000,-18.0000,-0.0767001874893471961820351100,23450.0000,123.9500,115.4500,-8.5000,-6.8576038725292456635740217800,106.0000,112.0000,6.0000,5.6603773584905660377358490600,Other,Other,False,False,False,0,-1,False,Other,B,Other,Other,Other,B,Other,Other,A,Other
2026-09-23,2026-09-29,6,466,457,466,13:22:58.000,13:30:18.000,440,31460,23467.8000,23450.0000,-17.8000,-0.0758486095841962177962996100,23450.0000,123.0000,115.6500,-7.3500,-5.975609756097560975609756100,106.3500,111.7500,5.4000,5.0775740479548660084626234100,Other,Other,False,False,False,0,-1,False,B,Other,Other,Other,B,Other,Other,A,Other,Other
2026-09-23,2026-09-29,6,467,458,467,13:23:01.000,13:30:38.000,457,31525,23464.5000,23450.0000,-14.5000,-0.0617954782756930682520403200,23450.0000,123.9500,115.7500,-8.2000,-6.6155707946752722872125857200,106.0000,112.4500,6.4500,6.0849056603773584905660377400,Other,Other,False,False,False,0,-1,False,Other,Other,Other,B,Other,Other,A,Other,Other,Other
2026-09-23,2026-09-29,6,468,459,468,13:23:12.000,13:30:41.000,449,36855,23469.0000,23450.0000,-19.0000,-0.0809578593037624099876432700,23450.0000,123.6000,116.7500,-6.8500,-5.5420711974110032362459546900,106.0500,111.9000,5.8500,5.5162659123055162659123055200,Other,Other,False,False,False,0,-1,False,Other,Other,B,Other,Other,A,Other,Other,Other,Other
2026-09-23,2026-09-29,6,469,460,469,13:23:56.000,13:30:41.000,405,39585,23467.9000,23450.0000,-17.9000,-0.0762744003511179099962075900,23450.0000,124.1500,116.7500,-7.4000,-5.9605316149818767619814740200,105.6000,111.9000,6.3000,5.9659090909090909090909090900,Other,Other,False,False,False,0,-1,False,Other,B,Other,Other,A,Other,Other,Other,Other,Other
2026-09-23,2026-09-29,6,470,461,470,13:25:36.000,13:30:42.000,306,37895,23470.0000,23458.9000,-11.1000,-0.0472944184064763527907967600,23450.0000,126.0000,116.5000,-9.5000,-7.5396825396825396825396825400,103.7000,111.6500,7.9500,7.6663452266152362584378013500,Other,Other,False,False,False,0,-1,False,B,Other,Other,A,Other,Other,Other,Other,Other,Other
2026-09-23,2026-09-29,6,471,462,471,13:25:53.000,13:30:48.000,295,38155,23468.5000,23450.0000,-18.5000,-0.0788290687517310437394805800,23450.0000,125.3000,115.6500,-9.6500,-7.7015163607342378292098962500,105.4000,112.4000,7.0000,6.6413662239089184060721062600,Other,Other,False,False,False,0,-1,False,Other,Other,A,Other,Other,Other,Other,Other,Other,Other
2026-09-23,2026-09-29,6,472,463,472,13:28:28.000,13:31:32.000,184,37895,23466.0000,23452.1000,-13.9000,-0.0592346373476519219296002700,23450.0000,122.2500,117.5500,-4.7000,-3.8445807770961145194274028600,107.7000,110.6500,2.9500,2.7390900649953574744661095600,Other,Other,False,False,False,0,-1,False,Other,A,Other,Other,Other,Other,Other,Other,Other,A
2026-09-23,2026-09-29,6,473,464,473,13:29:32.000,13:32:05.000,153,39260,23461.0000,23444.6000,-16.4000,-0.0699032436810025148118153500,23450.0000,119.4000,113.2000,-6.2000,-5.1926298157453936348408710200,109.6000,114.4000,4.8000,4.3795620437956204379562043800,Other,Other,False,False,False,0,-1,False,A,Other,Other,Other,Other,Other,Other,Other,A,Other
2026-09-23,2026-09-29,6,474,465,474,13:29:42.000,13:32:15.000,153,39715,23465.1000,23446.4000,-18.7000,-0.0796928204013620227486778200,23450.0000,118.0500,114.3500,-3.7000,-3.1342651418890300720033883900,110.3000,113.4000,3.1000,2.8105167724388032638259292800,Other,Other,False,False,False,0,-1,False,Other,Other,Other,Other,Other,Other,Other,A,Other,A
2026-09-23,2026-09-29,6,475,466,475,13:30:17.000,13:32:47.000,150,38350,23450.0000,23442.9000,-7.1000,-0.0302771855010660980810234500,23450.0000,115.4500,112.1000,-3.3500,-2.9016890428757037678648765700,112.0000,114.2500,2.2500,2.0089285714285714285714285700,Other,Other,False,False,False,0,-1,False,Other,Other,Other,Other,Other,Other,A,Other,A,Other
2026-09-23,2026-09-29,6,476,467,476,13:30:18.000,13:33:08.000,170,38870,23450.0000,23448.3000,-1.7000,-0.0072494669509594882729211100,23450.0000,115.6500,112.3500,-3.3000,-2.8534370946822308690012970200,111.7500,113.9500,2.2000,1.968680089485458612975391500,Other,Other,False,False,False,0,-1,False,Other,Other,Other,Other,Other,A,Other,A,Other,A
2026-09-23,2026-09-29,6,477,468,477,13:30:38.000,13:33:51.000,193,38740,23450.0000,23444.5000,-5.5000,-0.0234541577825159914712153500,23450.0000,115.7500,110.2000,-5.5500,-4.7948164146868250539956803500,112.4500,115.6500,3.2000,2.8457092040907069808803912900,Other,Other,False,False,False,0,-1,False,Other,Other,Other,Other,A,Other,A,Other,A,Other
2026-09-23,2026-09-29,6,478,469,478,13:30:41.000,13:35:00.000,259,33345,23450.0000,23440.0000,-10.0000,-0.0426439232409381663113006400,23450.0000,116.7500,107.7000,-9.0500,-7.7516059957173447537473233400,111.9000,117.2000,5.3000,4.7363717605004468275245755100,Other,Other,False,False,False,0,-1,False,Other,Other,Other,A,Other,A,Other,A,Other,Other
2026-09-23,2026-09-29,6,479,470,479,13:30:42.000,13:35:43.000,301,30550,23458.9000,23440.0000,-18.9000,-0.080566437471492695735946700,23450.0000,116.5000,106.4500,-10.0500,-8.626609442060085836909871240,111.6500,117.6500,6.0000,5.3739364084191670398566950300,Other,Other,False,False,False,0,-1,False,Other,Other,A,Other,A,Other,A,Other,Other,Other
2026-09-23,2026-09-29,6,480,471,480,13:30:42.000,13:35:53.000,311,31070,23458.9000,23435.0000,-23.9000,-0.1018803098184484353486310100,23450.0000,116.5000,104.5000,-12.0000,-10.300429184549356223175965670,111.6500,119.8000,8.1500,7.2995969547693685624720107500,Other,Other,False,False,False,0,-1,False,Other,A,Other,A,Other,A,Other,Other,Other,Other
2026-09-23,2026-09-29,6,481,472,481,13:30:48.000,13:36:08.000,320,31005,23450.0000,23436.3000,-13.7000,-0.0584221748400852878464818800,23450.0000,115.6500,105.4000,-10.2500,-8.862948551664504971897968010,112.4000,119.4500,7.0500,6.2722419928825622775800711700,Other,Other,False,False,False,0,-1,False,A,Other,A,Other,A,Other,Other,Other,Other,A
2026-09-23,2026-09-29,6,482,473,482,13:31:32.000,13:36:37.000,305,30940,23452.1000,23434.4000,-17.7000,-0.0754729853616520482174304200,23450.0000,117.5500,106.4000,-11.1500,-9.485325393449595916631220760,110.6500,118.2500,7.6000,6.8685042928151830094893809300,Other,Other,False,False,False,0,-1,False,Other,A,Other,A,Other,Other,Other,Other,A,B
2026-09-23,2026-09-29,6,483,474,483,13:32:05.000,13:37:14.000,309,29510,23444.6000,23436.5000,-8.1000,-0.0345495337945625005331718200,23450.0000,113.2000,107.5000,-5.7000,-5.0353356890459363957597173100,114.4000,116.0000,1.6000,1.398601398601398601398601400,Other,Other,False,False,False,0,-1,False,A,Other,A,Other,Other,Other,Other,A,B,Other
2026-09-23,2026-09-29,6,484,475,484,13:32:15.000,13:38:20.000,365,29705,23446.4000,23446.0000,-0.4000,-0.0017060188344479323051726500,23450.0000,114.3500,108.8500,-5.5000,-4.8097944905990380411018801900,113.4000,115.0000,1.6000,1.4109347442680776014109347400,Other,Other,False,False,False,0,-1,False,Other,A,Other,Other,Other,Other,A,B,Other,Other
2026-09-23,2026-09-29,6,485,476,485,13:32:47.000,13:39:11.000,384,28990,23442.9000,23445.4000,2.5000,0.0106642096327672770860260500,23450.0000,112.1000,109.8500,-2.2500,-2.0071364852809991079393398800,114.2500,114.9500,0.7000,0.6126914660831509846827133500,A,Other,True,False,False,1,29,False,A,Other,Other,Other,Other,A,B,Other,Other,Other
2026-09-23,2026-09-29,6,486,477,486,13:33:08.000,13:42:01.000,533,28665,23448.3000,23447.2000,-1.1000,-0.0046911716414409573401909700,23450.0000,112.3500,112.9000,0.5500,0.4895416110369381397418780600,113.9500,111.2500,-2.7000,-2.3694602896007020623080298400,B,A,True,False,True,1,30,False,Other,Other,Other,Other,A,B,Other,Other,Other,Other
2026-09-23,2026-09-29,6,487,478,487,13:33:51.000,13:42:24.000,513,28665,23444.5000,23448.6000,4.1000,0.0174881102177482991746465100,23450.0000,110.2000,110.8500,0.6500,0.5898366606170598911070780400,115.6500,112.6500,-3.0000,-2.594033722438391699092088200,Other,B,False,False,True,0,-1,False,Other,Other,Other,A,B,Other,Other,Other,Other,Other
2026-09-23,2026-09-29,6,488,479,488,13:35:00.000,13:44:36.000,576,28795,23440.0000,23453.4000,13.4000,0.0571672354948805460750853200,23450.0000,107.7000,113.8500,6.1500,5.7103064066852367688022284100,117.2000,111.0500,-6.1500,-5.2474402730375426621160409600,Other,Other,False,False,False,0,-1,False,Other,Other,A,B,Other,Other,Other,Other,Other,Other
2026-09-23,2026-09-29,6,489,480,489,13:35:43.000,13:46:53.000,670,28730,23440.0000,23451.0000,11.0000,0.0469283276450511945392491500,23450.0000,106.4500,112.4500,6.0000,5.6364490371066228276186002800,117.6500,110.7000,-6.9500,-5.907352316192095197620059500,Other,Other,False,False,False,0,-1,False,Other,A,B,Other,Other,Other,Other,Other,Other,B
2026-09-23,2026-09-29,6,490,481,490,13:35:53.000,13:47:27.000,694,28015,23435.0000,23449.1000,14.1000,0.0601664177512267975250693400,23450.0000,104.5000,111.2000,6.7000,6.4114832535885167464114832500,119.8000,112.5000,-7.3000,-6.0934891485809682804674457400,Other,Other,False,False,False,0,-1,False,A,B,Other,Other,Other,Other,Other,Other,B,Other
2026-09-23,2026-09-29,6,491,482,491,13:36:08.000,13:49:01.000,773,28015,23436.3000,23447.0000,10.7000,0.0456556709036836019337523400,23450.0000,105.4000,112.4500,7.0500,6.6888045540796963946869070200,119.4500,111.1000,-8.3500,-6.9903725408120552532440351600,Other,Other,False,False,False,0,-1,False,B,Other,Other,Other,Other,Other,Other,B,Other,Other
2026-09-23,2026-09-29,6,492,483,492,13:36:37.000,13:50:34.000,837,28275,23434.4000,23452.4000,18.0000,0.0768101594237531150786877400,23450.0000,106.4000,112.7500,6.3500,5.9680451127819548872180451100,118.2500,110.2500,-8.0000,-6.7653276955602536997885835100,Other,Other,False,False,False,0,-1,False,Other,Other,Other,Other,Other,Other,B,Other,Other,Other
2026-09-23,2026-09-29,6,493,484,493,13:37:14.000,13:51:13.000,839,28275,23436.5000,23445.7000,9.2000,0.039255008213683783841443900,23450.0000,107.5000,111.8500,4.3500,4.0465116279069767441860465100,116.0000,111.6500,-4.3500,-3.7500,Other,Other,False,False,False,0,-1,False,Other,Other,Other,Other,Other,B,Other,Other,Other,Other
2026-09-23,2026-09-29,6,494,485,494,13:38:20.000,13:52:26.000,846,27690,23446.0000,23445.0000,-1.0000,-0.004265119849867781284654100,23450.0000,108.8500,109.2000,0.3500,0.3215434083601286173633440500,115.0000,113.6500,-1.3500,-1.1739130434782608695652173900,B,Other,True,False,False,1,31,False,Other,Other,Other,Other,B,Other,Other,Other,Other,Other
2026-09-23,2026-09-29,6,495,486,495,13:39:11.000,13:54:01.000,890,28015,23445.4000,23444.0000,-1.4000,-0.005971320600203024900406900,23450.0000,109.8500,110.9500,1.1000,1.0013654984069185252617205300,114.9500,111.7000,-3.2500,-2.8273162244454110482818616800,B,B,False,True,False,2,31,False,Other,Other,Other,B,Other,Other,Other,Other,Other,Other
2026-09-23,2026-09-29,6,496,487,496,13:42:01.000,13:54:17.000,736,27300,23447.2000,23445.1000,-2.1000,-0.0089562932887508956293288800,23450.0000,112.9000,110.6500,-2.2500,-1.9929140832595217006200177100,111.2500,112.2000,0.9500,0.8539325842696629213483146100,Other,B,False,False,True,0,-1,False,Other,Other,B,Other,Other,Other,Other,Other,Other,Other
2026-09-23,2026-09-29,6,497,488,497,13:42:24.000,13:54:35.000,731,27300,23448.6000,23445.0000,-3.6000,-0.0153527289475704306440469800,23450.0000,110.8500,111.0000,0.1500,0.1353179972936400541271989200,112.6500,111.4500,-1.2000,-1.0652463382157123834886817600,B,Other,True,False,False,1,32,False,Other,B,Other,Other,Other,Other,Other,Other,Other,Other
2026-09-23,2026-09-29,6,498,489,498,13:44:36.000,13:54:51.000,615,27820,23453.4000,23444.6000,-8.8000,-0.0375212122762584529321974600,23450.0000,113.8500,111.0500,-2.8000,-2.4593763724198506807202459400,111.0500,111.5500,0.5000,0.4502476361999099504727600200,Other,B,False,False,True,0,-1,False,B,Other,Other,Other,Other,Other,Other,Other,Other,B
2026-09-23,2026-09-29,6,499,490,499,13:46:53.000,13:55:02.000,489,27820,23451.0000,23444.3000,-6.7000,-0.0285702102255767344676133200,23450.0000,112.4500,111.1500,-1.3000,-1.1560693641618497109826589600,110.7000,111.6500,0.9500,0.8581752484191508581752484200,Other,Other,False,False,False,0,-1,False,Other,Other,Other,Other,Other,Other,Other,Other,B,Other
2026-09-23,2026-09-29,6,500,491,500,13:47:27.000,13:57:05.000,578,27755,23449.1000,23442.7000,-6.4000,-0.0272931583728160142606752500,23450.0000,111.2000,109.7500,-1.4500,-1.3039568345323741007194244600,112.5000,113.2500,0.7500,0.6666666666666666666666666700,Other,Other,False,False,False,0,-1,False,Other,Other,Other,Other,Other,Other,Other,B,Other,Other
2026-09-23,2026-09-29,6,501,492,501,13:49:01.000,13:58:42.000,581,27820,23447.0000,23440.1000,-6.9000,-0.0294280718215549963748027500,23450.0000,112.4500,108.0000,-4.4500,-3.9573143619386393952867941300,111.1000,114.3500,3.2500,2.9252925292529252925292529300,Other,Other,False,False,False,0,-1,False,Other,Other,Other,Other,Other,Other,B,Other,Other,Other
2026-09-23,2026-09-29,6,502,493,502,13:50:34.000,14:00:01.000,567,27625,23452.4000,23442.4000,-10.0000,-0.0426395592775153076017806300,23450.0000,112.7500,109.5000,-3.2500,-2.8824833702882483370288248300,110.2500,112.0000,1.7500,1.5873015873015873015873015900,Other,Other,False,False,False,0,-1,False,Other,Other,Other,Other,Other,B,Other,Other,Other,Other
2026-09-23,2026-09-29,6,503,494,503,13:51:13.000,14:01:43.000,630,27625,23445.7000,23444.0000,-1.7000,-0.0072507965213237395343282600,23450.0000,111.8500,109.6500,-2.2000,-1.9669199821189092534644613300,111.6500,112.7000,1.0500,0.9404388714733542319749216300,Other,Other,False,False,False,0,-1,False,Other,Other,Other,Other,B,Other,Other,Other,Other,Other
2026-09-23,2026-09-29,6,504,495,504,13:52:26.000,14:03:28.000,662,28015,23445.0000,23448.6000,3.6000,0.0153550863723608445297504800,23450.0000,109.2000,113.3000,4.1000,3.7545787545787545787545787500,113.6500,109.2000,-4.4500,-3.9155301363836339639243290800,Other,Other,False,False,False,0,-1,False,Other,Other,Other,B,Other,Other,Other,Other,Other,Other
2026-09-23,2026-09-29,6,505,496,505,13:54:01.000,14:03:39.000,578,30550,23444.0000,23455.0000,11.0000,0.0469203207643746800887220600,23450.0000,110.9500,115.6500,4.7000,4.2361424064894096439837764800,111.7000,106.4500,-5.2500,-4.7000895255147717099373321400,Other,Other,False,False,False,0,-1,False,Other,Other,B,Other,Other,Other,Other,Other,Other,Other
2026-09-23,2026-09-29,6,506,497,506,13:54:17.000,14:03:39.000,562,30940,23445.1000,23455.0000,9.9000,0.0422263074160485559882448800,23450.0000,110.6500,115.6500,5.0000,4.5187528242205151378219611400,112.2000,106.4500,-5.7500,-5.1247771836007130124777183600,Other,Other,False,False,False,0,-1,False,Other,B,Other,Other,Other,Other,Other,Other,Other,Other
2026-09-23,2026-09-29,6,507,498,507,13:54:35.000,14:05:15.000,640,31070,23445.0000,23454.6000,9.6000,0.0409468969929622520793346100,23450.0000,111.0000,115.8000,4.8000,4.3243243243243243243243243200,111.4500,106.6000,-4.8500,-4.3517272319425751458052938500,Other,Other,False,False,False,0,-1,False,B,Other,Other,Other,Other,Other,Other,Other,Other,Other
2026-09-23,2026-09-29,6,508,499,508,13:54:51.000,14:06:59.000,728,30355,23444.6000,23458.0000,13.4000,0.057156018870016976190679300,23450.0000,111.0500,116.6000,5.5500,4.997748761819000450247636200,111.5500,105.3500,-6.2000,-5.5580457194083370685791125100,Other,Other,False,False,False,0,-1,False,Other,Other,Other,Other,Other,Other,Other,Other,Other,Other
2026-09-23,2026-09-29,6,509,500,509,13:55:02.000,14:07:52.000,770,30355,23444.3000,23463.0000,18.7000,0.0797635246093933280157650300,23450.0000,111.1500,116.0500,4.9000,4.4084570400359874044084570400,111.6500,106.0500,-5.6000,-5.0156739811912225705329153600,Other,Other,False,False,False,0,-1,False,Other,Other,Other,Other,Other,Other,Other,Other,Other,Other
2026-09-23,2026-09-29,6,510,501,510,13:57:05.000,14:08:51.000,706,30615,23442.7000,23463.0000,20.3000,0.0865941209843576038596236800,23450.0000,109.7500,116.3500,6.6000,6.0136674259681093394077448700,113.2500,105.8000,-7.4500,-6.5783664459161147902869757200,Other,Other,False,False,False,0,-1,False,Other,Other,Other,Other,Other,Other,Other,Other,Other,Other
2026-09-23,2026-09-29,6,511,502,511,13:58:42.000,14:09:03.000,621,30940,23440.1000,23457.7000,17.6000,0.0750850039035669643047597900,23450.0000,108.0000,116.7000,8.7000,8.055555555555555555555555560,114.3500,105.0000,-9.3500,-8.176650634018364669873196330,Other,Other,False,False,False,0,-1,False,Other,Other,Other,Other,Other,Other,Other,Other,Other,B
2026-09-23,2026-09-29,6,512,503,512,14:00:01.000,14:09:19.000,558,30940,23442.4000,23460.6000,18.2000,0.077637102003207862676176500,23450.0000,109.5000,116.5500,7.0500,6.4383561643835616438356164400,112.0000,106.0000,-6.0000,-5.3571428571428571428571428600,Other,Other,False,False,False,0,-1,False,Other,Other,Other,Other,Other,Other,Other,Other,B,Other
2026-09-23,2026-09-29,6,513,504,513,14:01:43.000,14:09:30.000,467,31265,23444.0000,23464.9000,20.9000,0.0891486094523118921685719200,23450.0000,109.6500,116.3000,6.6500,6.0647514819881440948472412200,112.7000,106.4500,-6.2500,-5.5456965394853593611357586500,Other,Other,False,False,False,0,-1,False,Other,Other,Other,Other,Other,Other,Other,B,Other,A
2026-09-23,2026-09-29,6,514,505,514,14:03:28.000,14:10:08.000,400,42315,23448.6000,23463.9000,15.3000,0.0652490980271743302371996600,23450.0000,113.3000,118.0000,4.7000,4.1482789055604589585172109400,109.2000,104.3000,-4.9000,-4.4871794871794871794871794900,Other,Other,False,False,False,0,-1,False,Other,Other,Other,Other,Other,Other,B,Other,A,B
2026-09-23,2026-09-29,6,515,506,515,14:03:39.000,14:10:08.000,389,48230,23455.0000,23463.9000,8.9000,0.0379450010658708164570454100,23450.0000,115.6500,118.0000,2.3500,2.0319930825767401642888024200,106.4500,104.3000,-2.1500,-2.019727571629873179896665100,Other,Other,False,False,False,0,-1,False,Other,Other,Other,Other,Other,B,Other,A,B,Other
2026-09-23,2026-09-29,6,516,507,516,14:03:41.000,14:10:08.000,387,54145,23455.0000,23463.7000,8.7000,0.0370923044127051801321679800,23450.0000,116.3500,118.0000,1.6500,1.4181349376880103137086377300,105.3000,104.3000,-1.0000,-0.9496676163342830009496676200,Other,Other,False,False,False,0,-1,False,Other,Other,Other,Other,B,Other,A,B,Other,Other
2026-09-23,2026-09-29,6,517,508,517,14:05:15.000,14:10:08.000,293,57655,23454.6000,23463.7000,9.1000,0.038798359383660348076709900,23450.0000,115.8000,118.0000,2.2000,1.8998272884283246977547495700,106.6000,104.3000,-2.3000,-2.1575984990619136960600375200,Other,Other,False,False,False,0,-1,False,Other,Other,Other,B,Other,A,B,Other,Other,Other
2026-09-23,2026-09-29,6,518,509,518,14:06:59.000,14:10:09.000,190,58825,23458.0000,23463.7000,5.7000,0.0242987466962230369170432300,23450.0000,116.6000,118.0500,1.4500,1.2435677530017152658662092600,105.3500,104.3000,-1.0500,-0.9966777408637873754152823900,Other,Other,False,False,False,0,-1,False,Other,Other,B,Other,A,B,Other,Other,Other,Other
2026-09-23,2026-09-29,6,519,510,519,14:07:52.000,14:10:16.000,144,59475,23463.0000,23464.9000,1.9000,0.0080978561991220219068320300,23450.0000,116.0500,118.5500,2.5000,2.154243860404997845756139600,106.0500,104.0000,-2.0500,-1.9330504479019330504479019300,Other,Other,False,False,False,0,-1,False,Other,B,Other,A,B,Other,Other,Other,Other,A
2026-09-23,2026-09-29,6,520,511,520,14:08:51.000,14:10:22.000,91,59345,23463.0000,23459.6000,-3.4000,-0.0144909005668499339385415300,23450.0000,116.3500,118.9000,2.5500,2.1916630855178341211860764900,105.8000,103.9500,-1.8500,-1.7485822306238185255198487700,B,Other,True,False,False,1,33,False,B,Other,A,B,Other,Other,Other,Other,A,B
2026-09-23,2026-09-29,6,521,512,521,14:09:03.000,14:10:32.000,89,61490,23457.7000,23460.2000,2.5000,0.0106574813387501758484420900,23450.0000,116.7000,119.6500,2.9500,2.5278491859468723221936589500,105.0000,102.5000,-2.5000,-2.3809523809523809523809523800,Other,B,False,False,True,0,-1,False,Other,A,B,Other,Other,Other,Other,A,B,Other
2026-09-23,2026-09-29,6,522,513,522,14:09:19.000,14:10:32.000,73,61555,23460.6000,23460.2000,-0.4000,-0.0017049862322361746928893500,23450.0000,116.5500,119.6500,3.1000,2.6598026598026598026598026600,106.0000,102.5000,-3.5000,-3.3018867924528301886792452800,B,Other,True,False,False,1,34,False,A,B,Other,Other,Other,Other,A,B,Other,Other
2026-09-23,2026-09-29,6,523,514,523,14:09:30.000,14:10:46.000,76,61750,23464.9000,23460.5000,-4.4000,-0.0187514116829818153923519800,23450.0000,116.3000,119.2000,2.9000,2.4935511607910576096302665500,106.4500,103.4500,-3.0000,-2.8182245185533114138093001400,B,B,False,True,False,2,34,False,B,Other,Other,Other,Other,A,B,Other,Other,Other
2026-09-23,2026-09-29,6,524,515,524,14:10:08.000,14:11:19.000,71,50310,23463.9000,23465.8000,1.9000,0.0080975455913126121403517700,23450.0000,118.0000,121.4000,3.4000,2.8813559322033898305084745800,104.3000,101.5000,-2.8000,-2.6845637583892617449664429500,Other,B,False,False,True,0,-1,False,Other,Other,Other,Other,A,B,Other,Other,Other,Other
2026-09-23,2026-09-29,6,525,516,525,14:10:08.000,14:12:39.000,151,41600,23463.7000,23469.0000,5.3000,0.0225880828684308101450325400,23450.0000,118.0000,123.8000,5.8000,4.9152542372881355932203389800,104.3000,98.9500,-5.3500,-5.1294343240651965484180249300,Other,Other,False,False,False,0,-1,False,Other,Other,Other,A,B,Other,Other,Other,Other,Other
2026-09-23,2026-09-29,6,526,517,526,14:10:08.000,14:13:04.000,176,35295,23463.7000,23475.0000,11.3000,0.0481594974364656895545033400,23450.0000,118.0000,122.0000,4.0000,3.3898305084745762711864406800,104.3000,100.8000,-3.5000,-3.3557046979865771812080536900,Other,Other,False,False,False,0,-1,False,Other,Other,A,B,Other,Other,Other,Other,Other,Other
2026-09-23,2026-09-29,6,527,518,527,14:10:09.000,14:15:15.000,306,31590,23463.7000,23470.0000,6.3000,0.0268499852964366233799443400,23450.0000,118.0500,121.9500,3.9000,3.3036848792884371029224904700,104.3000,100.6500,-3.6500,-3.4995206136145733461169702800,Other,Other,False,False,False,0,-1,False,Other,A,B,Other,Other,Other,Other,Other,Other,Other
2026-09-23,2026-09-29,6,528,519,528,14:10:09.000,14:16:58.000,409,30485,23463.7000,23462.5000,-1.2000,-0.0051142829136069758818941600,23450.0000,118.0500,120.0500,2.0000,1.6941973739940703091910207500,104.3000,102.0500,-2.2500,-2.157238734419942473633748800,B,Other,True,False,False,1,35,False,A,B,Other,Other,Other,Other,Other,Other,Other,Other
2026-09-23,2026-09-29,6,529,520,529,14:10:16.000,14:17:38.000,442,30095,23464.9000,23462.3000,-2.6000,-0.0110803796308528909136625300,23450.0000,118.5500,120.1500,1.6000,1.3496415014761703922395613700,104.0000,102.2000,-1.8000,-1.7307692307692307692307692300,B,B,False,True,False,2,35,False,B,Other,Other,Other,Other,Other,Other,Other,Other,Other
2026-09-23,2026-09-29,6,530,521,530,14:10:22.000,14:18:46.000,504,29965,23459.6000,23463.1000,3.5000,0.0149192654606216644785077300,23450.0000,118.9000,120.4500,1.5500,1.3036164844407064760302775400,103.9500,101.5000,-2.4500,-2.3569023569023569023569023600,Other,B,False,False,True,0,-1,False,Other,Other,Other,Other,Other,Other,Other,Other,Other,Other
2026-09-23,2026-09-29,6,531,522,531,14:10:32.000,14:20:33.000,601,27300,23460.2000,23459.0000,-1.2000,-0.005115045907537020144755800,23450.0000,119.6500,117.0500,-2.6000,-2.1730045967404931048892603400,102.5000,103.7500,1.2500,1.2195121951219512195121951200,Other,Other,False,False,False,0,-1,False,Other,Other,Other,Other,Other,Other,Other,Other,Other,B
2026-09-23,2026-09-29,6,532,523,532,14:10:33.000,14:21:36.000,663,27235,23462.5000,23465.3000,2.8000,0.0119339371337240277037826300,23450.0000,120.0000,118.3000,-1.7000,-1.4166666666666666666666666700,102.3500,103.9000,1.5500,1.5144113336590131900341963800,A,Other,True,False,False,1,36,False,Other,Other,Other,Other,Other,Other,Other,Other,B,A
2026-09-23,2026-09-29,6,533,524,533,14:10:46.000,14:22:38.000,712,26910,23460.5000,23457.9000,-2.6000,-0.0110824577481298352550030900,23450.0000,119.2000,117.6500,-1.5500,-1.3003355704697986577181208100,103.4500,104.2500,0.8000,0.7733204446592556790720154700,Other,A,False,False,True,0,-1,False,Other,Other,Other,Other,Other,Other,Other,B,A,B
2026-09-23,2026-09-29,6,534,525,534,14:11:19.000,14:23:46.000,747,26845,23465.8000,23465.2000,-0.6000,-0.0025569126132499211618610900,23450.0000,121.4000,122.0000,0.6000,0.4942339373970345963756177900,101.5000,100.7000,-0.8000,-0.7881773399014778325123152700,B,Other,True,False,False,1,37,False,Other,Other,Other,Other,Other,Other,B,A,B,Other
2026-09-23,2026-09-29,6,535,526,535,14:12:39.000,14:24:19.000,700,26715,23469.0000,23466.0000,-3.0000,-0.0127828198900677489454173600,23450.0000,123.8000,121.6500,-2.1500,-1.736672051696284329563812600,98.9500,100.7500,1.8000,1.8191005558362809499747347100,Other,B,False,False,True,0,-1,False,Other,Other,Other,Other,Other,B,A,B,Other,Other
2026-09-23,2026-09-29,6,536,527,536,14:13:04.000,14:25:55.000,771,27365,23475.0000,23470.0000,-5.0000,-0.0212992545260915867944621900,23450.0000,122.0000,120.7500,-1.2500,-1.0245901639344262295081967200,100.8000,101.8000,1.0000,0.9920634920634920634920634900,Other,Other,False,False,False,0,-1,False,Other,Other,Other,Other,B,A,B,Other,Other,A
2026-09-23,2026-09-29,6,537,528,537,14:15:15.000,14:26:48.000,693,27755,23470.0000,23465.0000,-5.0000,-0.0213037920749893481039625100,23450.0000,121.9500,121.1000,-0.8500,-0.6970069700697006970069700700,100.6500,101.9000,1.2500,1.2419274714356681569796323900,Other,Other,False,False,False,0,-1,False,Other,Other,Other,B,A,B,Other,Other,A,Other
2026-09-23,2026-09-29,6,538,529,538,14:16:58.000,14:27:43.000,645,27755,23462.5000,23469.2000,6.7000,0.0285562067128396377197655800,23450.0000,120.0500,123.8000,3.7500,3.1236984589754269054560599800,102.0500,99.8500,-2.2000,-2.1558059774620284174424301800,Other,Other,False,False,False,0,-1,False,Other,Other,B,A,B,Other,Other,A,Other,Other
2026-09-23,2026-09-29,6,539,530,539,14:17:38.000,14:28:32.000,654,28990,23462.3000,23469.3000,7.0000,0.0298350971558628096989638700,23450.0000,120.1500,124.3000,4.1500,3.4540158135663753641281731200,102.2000,99.6000,-2.6000,-2.5440313111545988258317025400,Other,Other,False,False,False,0,-1,False,Other,B,A,B,Other,Other,A,Other,Other,Other
2026-09-23,2026-09-29,6,540,531,540,14:18:46.000,14:28:47.000,601,28990,23463.1000,23474.5000,11.4000,0.0485869301157988501093205900,23450.0000,120.4500,125.9500,5.5000,4.5662100456621004566210045700,101.5000,97.7500,-3.7500,-3.6945812807881773399014778300,Other,Other,False,False,False,0,-1,False,B,A,B,Other,Other,A,Other,Other,Other,Other
2026-09-23,2026-09-29,6,541,532,541,14:20:33.000,14:28:52.000,499,48035,23459.0000,23476.0000,17.0000,0.0724668570697813206019011900,23500.0000,91.3500,99.2000,7.8500,8.593322386425834701696770660,128.1500,120.4500,-7.7000,-6.008583690987124463519313300,Other,Other,False,False,False,0,-1,False,A,B,Other,Other,A,Other,Other,Other,Other,Other
2026-09-23,2026-09-29,6,542,533,542,14:21:36.000,14:28:52.000,436,64480,23465.3000,23476.0000,10.7000,0.0455992465470290173149288500,23500.0000,92.0000,99.2000,7.2000,7.8260869565217391304347826100,128.0500,120.4500,-7.6000,-5.9351815696993361967981257300,Other,Other,False,False,False,0,-1,False,B,Other,Other,A,Other,Other,Other,Other,Other,Other
2026-09-23,2026-09-29,6,543,534,543,14:22:38.000,14:28:53.000,375,78195,23457.9000,23475.5000,17.6000,0.0750280289369466149996376500,23500.0000,91.8000,99.7000,7.9000,8.605664488017429193899782140,128.0000,120.2500,-7.7500,-6.054687500,Other,Other,False,False,False,0,-1,False,Other,Other,A,Other,Other,Other,Other,Other,Other,Other
2026-09-23,2026-09-29,6,544,535,544,14:23:46.000,14:28:53.000,307,89505,23465.2000,23475.5000,10.3000,0.0438947888788503826943729400,23500.0000,95.1000,99.7000,4.6000,4.8370136698212407991587802300,124.4500,120.2500,-4.2000,-3.3748493370831659300924065900,Other,Other,False,False,False,0,-1,False,Other,A,Other,Other,Other,Other,Other,Other,Other,Other
2026-09-23,2026-09-29,6,545,536,545,14:24:19.000,14:28:54.000,275,98215,23466.0000,23475.5000,9.5000,0.0404841046620642631892951500,23500.0000,95.3000,100.0000,4.7000,4.9317943336831059811122770200,124.0500,119.5500,-4.5000,-3.6275695284159613059250302300,Other,Other,False,False,False,0,-1,False,A,Other,Other,Other,Other,Other,Other,Other,Other,Other
2026-09-23,2026-09-29,6,546,537,546,14:25:55.000,14:28:54.000,179,103740,23470.0000,23475.5000,5.5000,0.0234341712824882829143587600,23500.0000,94.3000,100.0000,5.7000,6.0445387062566277836691410400,125.1500,119.5500,-5.6000,-4.4746304434678385936875749100,Other,Other,False,False,False,0,-1,False,Other,Other,Other,Other,Other,Other,Other,Other,Other,Other
2026-09-23,2026-09-29,6,547,538,547,14:26:48.000,14:28:55.000,127,106925,23465.0000,23476.7000,11.7000,0.0498614958448753462603878100,23500.0000,94.7000,99.8000,5.1000,5.385427666314677930306230200,125.5000,119.6500,-5.8500,-4.6613545816733067729083665300,Other,Other,False,False,False,0,-1,False,Other,Other,Other,Other,Other,Other,Other,Other,Other,Other
2026-09-23,2026-09-29,6,548,539,548,14:27:43.000,14:28:55.000,72,107835,23469.2000,23476.7000,7.5000,0.0319567773933495815792613300,23500.0000,97.0000,99.8000,2.8000,2.8865979381443298969072164900,123.0000,119.6500,-3.3500,-2.7235772357723577235772357700,Other,Other,False,False,False,0,-1,False,Other,Other,Other,Other,Other,Other,Other,Other,Other,Other
2026-09-23,2026-09-29,6,549,540,549,14:28:32.000,14:29:07.000,35,107055,23469.3000,23475.8000,6.5000,0.0276957557319562151406305300,23500.0000,97.4500,98.1000,0.6500,0.6670087224217547460236018500,122.5500,122.6000,0.0500,0.0407996736026111791105671200,Other,Other,False,False,False,0,-1,False,Other,Other,Other,Other,Other,Other,Other,Other,Other,Other
2026-09-23,2026-09-29,6,550,541,550,14:28:47.000,14:29:28.000,41,107055,23474.5000,23479.3000,4.8000,0.0204477198662378325416941800,23500.0000,98.7000,101.4000,2.7000,2.735562310030395136778115500,120.8500,118.7000,-2.1500,-1.7790649565577161770790235800,Other,Other,False,False,False,0,-1,False,Other,Other,Other,Other,Other,Other,Other,Other,Other,Other
2026-09-23,2026-09-29,6,551,542,551,14:28:52.000,14:29:38.000,46,88270,23476.0000,23478.3000,2.3000,0.0097972397341966263417958800,23500.0000,99.2000,102.1000,2.9000,2.9233870967741935483870967700,120.4500,118.3500,-2.1000,-1.7434620174346201743462017400,Other,Other,False,False,False,0,-1,False,Other,Other,Other,Other,Other,Other,Other,Other,Other,B
2026-09-23,2026-09-29,6,552,543,552,14:28:53.000,14:29:40.000,47,75335,23475.5000,23478.9000,3.4000,0.0144831845967072053843368600,23500.0000,99.7000,102.1500,2.4500,2.4573721163490471414242728200,120.2500,118.1000,-2.1500,-1.7879417879417879417879417900,Other,Other,False,False,False,0,-1,False,Other,Other,Other,Other,Other,Other,Other,Other,B,Other
2026-09-23,2026-09-29,6,553,544,553,14:28:53.000,14:29:40.000,47,62400,23475.5000,23478.9000,3.4000,0.0144831845967072053843368600,23500.0000,99.7000,102.1500,2.4500,2.4573721163490471414242728200,120.2500,118.1000,-2.1500,-1.7879417879417879417879417900,Other,Other,False,False,False,0,-1,False,Other,Other,Other,Other,Other,Other,Other,B,Other,Other
2026-09-23,2026-09-29,6,554,545,554,14:28:54.000,14:29:42.000,48,56680,23475.5000,23481.5000,6.0000,0.0255585610530127153841238700,23500.0000,100.0000,103.9000,3.9000,3.900,119.5500,116.8000,-2.7500,-2.3002927645336679213718109600,Other,Other,False,False,False,0,-1,False,Other,Other,Other,Other,Other,Other,B,Other,Other,Other
2026-09-23,2026-09-29,6,555,546,555,14:28:54.000,14:29:42.000,48,50895,23475.5000,23481.5000,6.0000,0.0255585610530127153841238700,23500.0000,100.0000,103.9000,3.9000,3.900,119.5500,116.8000,-2.7500,-2.3002927645336679213718109600,Other,Other,False,False,False,0,-1,False,Other,Other,Other,Other,Other,B,Other,Other,Other,Other
2026-09-23,2026-09-29,6,556,547,556,14:28:55.000,14:29:43.000,48,45110,23476.7000,23481.7000,5.0000,0.0212977121997555022639468100,23500.0000,99.8000,103.4500,3.6500,3.6573146292585170340681362700,119.6500,116.9000,-2.7500,-2.2983702465524446301713330500,Other,Other,False,False,False,0,-1,False,Other,Other,Other,Other,B,Other,Other,Other,Other,Other
2026-09-23,2026-09-29,6,557,548,557,14:28:55.000,14:29:43.000,48,41665,23476.7000,23481.7000,5.0000,0.0212977121997555022639468100,23500.0000,99.8000,103.4500,3.6500,3.6573146292585170340681362700,119.6500,116.9000,-2.7500,-2.2983702465524446301713330500,Other,Other,False,False,False,0,-1,False,Other,Other,Other,B,Other,Other,Other,Other,Other,Other
2026-09-23,2026-09-29,6,558,549,558,14:28:55.000,14:29:52.000,57,40690,23476.7000,23484.0000,7.3000,0.0310946598116430333053623400,23500.0000,99.8000,103.0000,3.2000,3.2064128256513026052104208400,119.6500,117.9500,-1.7000,-1.4208106978687839531968240700,Other,Other,False,False,False,0,-1,False,Other,Other,B,Other,Other,Other,Other,Other,Other,Other
2026-09-23,2026-09-29,6,559,550,559,14:29:07.000,14:30:12.000,65,39975,23475.8000,23477.6000,1.8000,0.0076674703311495241908688900,23500.0000,98.1000,101.4000,3.3000,3.3639143730886850152905198800,122.6000,118.9500,-3.6500,-2.9771615008156606851549755300,Other,Other,False,False,False,0,-1,False,Other,B,Other,Other,Other,Other,Other,Other,Other,Other
2026-09-23,2026-09-29,6,560,551,560,14:29:28.000,14:31:23.000,115,39975,23479.3000,23476.6000,-2.7000,-0.0114994910410446648750175700,23500.0000,101.4000,100.1000,-1.3000,-1.2820512820512820512820512800,118.7000,120.5000,1.8000,1.5164279696714406065711878700,Other,Other,False,False,False,0,-1,False,B,Other,Other,Other,Other,Other,Other,Other,Other,Other
2026-09-23,2026-09-29,6,561,552,561,14:29:38.000,14:32:06.000,148,39650,23478.3000,23475.0000,-3.3000,-0.0140555321296686727744342600,23450.0000,129.4000,125.2000,-4.2000,-3.2457496136012364760432766600,95.7500,98.8000,3.0500,3.185378590078328981723237600,Other,Other,False,False,False,0,-1,False,Other,Other,Other,Other,Other,Other,Other,Other,Other,Other
2026-09-23,2026-09-29,6,562,553,562,14:29:40.000,14:32:39.000,179,36530,23478.9000,23477.0000,-1.9000,-0.0080923723002355306253700100,23500.0000,102.1500,97.6500,-4.5000,-4.4052863436123348017621145400,118.1000,122.7500,4.6500,3.9373412362404741744284504700,Other,Other,False,False,False,0,-1,False,Other,Other,Other,Other,Other,Other,Other,Other,Other,Other
2026-09-23,2026-09-29,6,563,554,563,14:29:41.000,14:33:30.000,229,35555,23481.0000,23468.0000,-13.0000,-0.0553639112473915080277671300,23450.0000,130.9500,121.7000,-9.2500,-7.063764795723558610156548300,94.7000,100.4500,5.7500,6.0718057022175290390707497400,Other,Other,False,False,False,0,-1,False,Other,Other,Other,Other,Other,Other,Other,Other,Other,Other
2026-09-23,2026-09-29,6,564,555,564,14:29:42.000,14:35:16.000,334,29965,23481.5000,23458.0000,-23.5000,-0.1000787854268253731661094900,23450.0000,131.6000,113.9000,-17.7000,-13.449848024316109422492401220,94.7000,106.9000,12.2000,12.882787750791974656810982050,Other,Other,False,False,False,0,-1,False,Other,Other,Other,Other,Other,Other,Other,Other,Other,Other
2026-09-23,2026-09-29,6,565,556,565,14:29:43.000,14:36:55.000,432,26975,23481.7000,23457.0000,-24.7000,-0.1051882955663346350562352800,23450.0000,131.3000,113.7500,-17.5500,-13.366336633663366336633663370,94.5500,107.0000,12.4500,13.167636171337916446324695930,Other,Other,False,False,False,0,-1,False,Other,Other,Other,Other,Other,Other,Other,Other,Other,Other
2026-09-23,2026-09-29,6,566,557,566,14:29:43.000,14:37:45.000,482,27105,23481.7000,23455.3000,-26.4000,-0.1124279758279851969831826500,23450.0000,131.3000,111.4000,-19.9000,-15.156130997715156130997715160,94.5500,108.2000,13.6500,14.436805922792173453199365420,Other,Other,False,False,False,0,-1,False,Other,Other,Other,Other,Other,Other,Other,Other,Other,Other
2026-09-23,2026-09-29,6,567,558,567,14:29:43.000,14:38:43.000,540,26975,23481.7000,23458.0000,-23.7000,-0.1009296601183048927462662400,23450.0000,131.3000,113.0500,-18.2500,-13.899466869763899466869763900,94.5500,107.1500,12.6000,13.326282390269698572184029610,Other,Other,False,False,False,0,-1,False,Other,Other,Other,Other,Other,Other,Other,Other,Other,Other
2026-09-23,2026-09-29,6,568,559,568,14:29:52.000,14:39:11.000,559,27040,23484.0000,23459.0000,-25.0000,-0.1064554590359393629705331300,23450.0000,130.2500,113.8000,-16.4500,-12.629558541266794625719769670,95.4000,106.3000,10.9000,11.425576519916142557651991610,Other,Other,False,False,False,0,-1,False,Other,Other,Other,Other,Other,Other,Other,Other,Other,Other
2026-09-23,2026-09-29,6,569,560,569,14:30:12.000,14:40:27.000,615,27300,23477.6000,23450.0000,-27.6000,-0.1175588646198930043956792900,23450.0000,128.5000,109.4000,-19.1000,-14.863813229571984435797665370,96.2000,110.3000,14.1000,14.656964656964656964656964660,Other,Other,False,False,False,0,-1,False,Other,Other,Other,Other,Other,Other,Other,Other,Other,Other
2026-09-23,2026-09-29,6,570,561,570,14:31:23.000,14:41:09.000,586,27755,23476.6000,23449.5000,-27.1000,-0.1154340918190879428878116900,23450.0000,127.6000,109.0000,-18.6000,-14.576802507836990595611285270,97.3500,110.8000,13.4500,13.816127375449409347714432460,Other,Other,False,False,False,0,-1,False,Other,Other,Other,Other,Other,Other,Other,Other,Other,Other
2026-09-23,2026-09-29,6,571,562,571,14:32:06.000,14:41:43.000,577,28080,23475.0000,23455.0000,-20.0000,-0.0851970181043663471778487800,23450.0000,125.2000,109.7500,-15.4500,-12.340255591054313099041533550,98.8000,110.5500,11.7500,11.892712550607287449392712550,Other,Other,False,False,False,0,-1,False,Other,Other,Other,Other,Other,Other,Other,Other,Other,A
2026-09-23,2026-09-29,6,572,563,572,14:32:39.000,14:42:10.000,571,27625,23477.0000,23451.0000,-26.0000,-0.1107466882480725816756825800,23450.0000,124.3000,109.6500,-14.6500,-11.786001609010458567980691870,99.3000,110.4000,11.1000,11.178247734138972809667673720,Other,Other,False,False,False,0,-1,False,Other,Other,Other,Other,Other,Other,Other,Other,A,B
2026-09-23,2026-09-29,6,573,564,573,14:33:30.000,14:42:28.000,538,27625,23468.0000,23450.9000,-17.1000,-0.0728651781148798363729333600,23450.0000,121.7000,110.2000,-11.5000,-9.449465899753492193919474120,100.4500,110.0000,9.5500,9.507217521154803384768541560,Other,Other,False,False,False,0,-1,False,Other,Other,Other,Other,Other,Other,Other,A,B,Other
2026-09-23,2026-09-29,6,574,565,574,14:35:16.000,14:42:47.000,451,29185,23458.0000,23454.0000,-4.0000,-0.0170517520675249381873987600,23450.0000,113.9000,110.2500,-3.6500,-3.2045654082528533801580333600,106.9000,109.5000,2.6000,2.4321796071094480823199251600,Other,Other,False,False,False,0,-1,False,Other,Other,Other,Other,Other,Other,A,B,Other,Other
2026-09-23,2026-09-29,6,575,566,575,14:36:55.000,14:42:56.000,361,29315,23457.0000,23449.3000,-7.7000,-0.0328260220829603103551178800,23450.0000,113.7500,109.7500,-4.0000,-3.5164835164835164835164835200,107.0000,110.1500,3.1500,2.9439252336448598130841121500,Other,Other,False,False,False,0,-1,False,Other,Other,Other,Other,Other,A,B,Other,Other,Other
2026-09-23,2026-09-29,6,576,567,576,14:37:45.000,14:43:23.000,338,28925,23455.3000,23446.7000,-8.6000,-0.0366654871180500782339172800,23450.0000,111.4000,107.6500,-3.7500,-3.366247755834829443447037700,108.2000,112.7000,4.5000,4.1589648798521256931608133100,Other,Other,False,False,False,0,-1,False,Other,Other,Other,Other,A,B,Other,Other,Other,Other
2026-09-23,2026-09-29,6,577,568,577,14:38:43.000,14:44:18.000,335,29835,23458.0000,23445.7000,-12.3000,-0.0524341376076391849262511700,23450.0000,113.0500,106.1000,-6.9500,-6.1477222467934542237947810700,107.1500,112.8500,5.7000,5.3196453569762015865608959400,Other,Other,False,False,False,0,-1,False,Other,Other,Other,A,B,Other,Other,Other,Other,Other
2026-09-23,2026-09-29,6,578,569,578,14:39:11.000,14:44:30.000,319,29770,23459.0000,23445.2000,-13.8000,-0.058826036915469542606249200,23450.0000,113.8000,106.4000,-7.4000,-6.502636203866432337434094900,106.3000,112.3500,6.0500,5.6914393226716839134524929400,Other,Other,False,False,False,0,-1,False,Other,Other,A,B,Other,Other,Other,Other,Other,Other
2026-09-23,2026-09-29,6,579,570,579,14:40:27.000,14:44:58.000,271,29640,23450.0000,23446.5000,-3.5000,-0.0149253731343283582089552200,23450.0000,109.4000,107.5000,-1.9000,-1.7367458866544789762340036600,110.3000,111.6500,1.3500,1.223934723481414324569356300,Other,Other,False,False,False,0,-1,False,Other,A,B,Other,Other,Other,Other,Other,Other,Other
2026-09-23,2026-09-29,6,580,571,580,14:41:09.000,14:45:12.000,243,29445,23449.5000,23450.1000,0.6000,0.0025586899507452184481545400,23450.0000,109.0000,105.7000,-3.3000,-3.0275229357798165137614678900,110.8000,113.2500,2.4500,2.2111913357400722021660649800,A,Other,True,False,False,1,38,False,A,B,Other,Other,Other,Other,Other,Other,Other,A
2026-09-23,2026-09-29,6,581,572,581,14:41:43.000,14:45:29.000,226,29120,23455.0000,23453.4000,-1.6000,-0.006821573225325090599019400,23450.0000,109.7500,107.8000,-1.9500,-1.7767653758542141230068337100,110.5500,110.8500,0.3000,0.2713704206241519674355495300,Other,A,False,False,True,0,-1,False,B,Other,Other,Other,Other,Other,Other,Other,A,Other
2026-09-23,2026-09-29,6,582,573,582,14:42:10.000,14:45:47.000,217,29380,23451.0000,23450.4000,-0.6000,-0.0025585262888576180120250700,23450.0000,109.6500,108.4500,-1.2000,-1.0943912448700410396716826300,110.4000,110.0500,-0.3500,-0.317028985507246376811594200,Other,Other,False,False,False,0,-1,False,Other,Other,Other,Other,Other,Other,Other,A,Other,B
2026-09-23,2026-09-29,6,583,574,583,14:42:28.000,14:46:04.000,216,29835,23450.9000,23449.0000,-1.9000,-0.008102034463496070513285200,23450.0000,110.2000,107.6500,-2.5500,-2.313974591651542649727767700,110.0000,111.1500,1.1500,1.0454545454545454545454545500,Other,Other,False,False,False,0,-1,False,Other,Other,Other,Other,Other,Other,A,Other,B,B
2026-09-23,2026-09-29,6,584,575,584,14:42:47.000,14:46:19.000,212,28340,23454.0000,23449.7000,-4.3000,-0.0183337596998379807282339900,23450.0000,110.2500,108.7000,-1.5500,-1.4058956916099773242630385500,109.5000,110.3500,0.8500,0.7762557077625570776255707800,Other,Other,False,False,False,0,-1,False,Other,Other,Other,Other,Other,A,Other,B,B,Other
2026-09-23,2026-09-29,6,585,576,585,14:42:56.000,14:46:49.000,233,28405,23449.3000,23456.0000,6.7000,0.0285722814753532088377904700,23450.0000,109.7500,109.7000,-0.0500,-0.0455580865603644646924829200,110.1500,108.5000,-1.6500,-1.497957330912392192464820700,Other,Other,False,False,False,0,-1,False,Other,Other,Other,Other,A,Other,B,B,Other,Other
2026-09-23,2026-09-29,6,586,577,586,14:43:23.000,14:46:59.000,216,28600,23446.7000,23445.0000,-1.7000,-0.007250487275394831682070400,23450.0000,107.6500,109.4500,1.8000,1.6720854621458430097538318600,112.7000,109.1000,-3.6000,-3.1943212067435669920141969800,B,Other,True,False,False,1,39,False,Other,Other,Other,A,Other,B,B,Other,Other,B
2026-09-23,2026-09-29,6,587,578,587,14:44:18.000,14:47:20.000,182,28015,23445.7000,23447.7000,2.0000,0.0085303488486161641580332400,23450.0000,106.1000,107.9000,1.8000,1.6965127238454288407163053700,112.8500,111.3000,-1.5500,-1.3735046521931767833407177700,Other,B,False,False,True,0,-1,False,Other,Other,A,Other,B,B,Other,Other,B,A
2026-09-23,2026-09-29,6,588,579,588,14:44:30.000,14:47:25.000,175,30095,23445.2000,23440.0000,-5.2000,-0.0221793800010236636923549400,23450.0000,106.4000,106.8000,0.4000,0.3759398496240601503759398500,112.3500,112.0500,-0.3000,-0.2670226969292389853137516700,B,Other,True,False,False,1,40,False,Other,A,Other,B,B,Other,Other,B,A,Other
2026-09-23,2026-09-29,6,589,580,589,14:44:58.000,14:47:26.000,148,30745,23446.5000,23440.0000,-6.5000,-0.0277226878212099886976734300,23450.0000,107.5000,107.2500,-0.2500,-0.2325581395348837209302325600,111.6500,111.9500,0.3000,0.2686968204209583519928347500,Other,B,False,False,True,0,-1,False,A,Other,B,B,Other,Other,B,A,Other,Other
2026-09-23,2026-09-29,6,590,581,590,14:45:12.000,14:47:31.000,139,31655,23450.1000,23451.0000,0.9000,0.003837936725216523596914300,23450.0000,105.7000,106.8500,1.1500,1.0879848628192999053926206200,113.2500,111.9500,-1.3000,-1.1479028697571743929359823400,Other,Other,False,False,False,0,-1,False,Other,B,B,Other,Other,B,A,Other,Other,A
2026-09-23,2026-09-29,6,591,582,591,14:45:29.000,14:47:36.000,127,31655,23453.4000,23440.0000,-13.4000,-0.0571345732388480987831188700,23450.0000,107.8000,106.3500,-1.4500,-1.3450834879406307977736549200,110.8500,112.9500,2.1000,1.8944519621109607577807848400,Other,Other,False,False,False,0,-1,False,B,B,Other,Other,B,A,Other,Other,A,Other
2026-09-23,2026-09-29,6,592,583,592,14:45:47.000,14:47:48.000,121,31850,23450.4000,23440.0000,-10.4000,-0.0443489236857367038515334500,23450.0000,108.4500,105.2000,-3.2500,-2.9967727063162747810050714600,110.0500,113.4000,3.3500,3.0440708768741481144934120900,Other,Other,False,False,False,0,-1,False,B,Other,Other,B,A,Other,Other,A,Other,Other
2026-09-23,2026-09-29,6,593,584,593,14:46:04.000,14:48:03.000,119,31720,23449.0000,23440.0000,-9.0000,-0.0383811676404111049511706300,23450.0000,107.6500,103.7000,-3.9500,-3.6692986530422666047375754800,111.1500,114.6000,3.4500,3.1039136302294197031039136300,Other,Other,False,False,False,0,-1,False,Other,Other,B,A,Other,Other,A,Other,Other,Other
2026-09-23,2026-09-29,6,594,585,594,14:46:19.000,14:48:35.000,136,32110,23449.7000,23440.1000,-9.6000,-0.0409386900472074269606860600,23450.0000,108.7000,106.6500,-2.0500,-1.8859245630174793008279668800,110.3500,111.1500,0.8000,0.7249660172179429089261440900,Other,Other,False,False,False,0,-1,False,Other,B,A,Other,Other,A,Other,Other,Other,Other
2026-09-23,2026-09-29,6,595,586,595,14:46:49.000,14:48:45.000,116,32045,23456.0000,23446.1000,-9.9000,-0.0422066848567530695770804900,23450.0000,109.7000,106.0500,-3.6500,-3.3272561531449407474931631700,108.5000,111.7500,3.2500,2.9953917050691244239631336400,Other,Other,False,False,False,0,-1,False,B,A,Other,Other,A,Other,Other,Other,Other,Other
2026-09-23,2026-09-29,6,596,587,596,14:46:59.000,14:48:59.000,120,31915,23445.0000,23450.0000,5.0000,0.0213265088505011729579867800,23450.0000,109.4500,107.5000,-1.9500,-1.7816354499771585198720877100,109.1000,110.0500,0.9500,0.8707607699358386801099908300,A,Other,True,False,False,1,41,False,A,Other,Other,A,Other,Other,Other,Other,Other,Other
2026-09-23,2026-09-29,6,597,588,597,14:47:20.000,14:49:13.000,113,32045,23447.7000,23448.9000,1.2000,0.0051177727453012448982202900,23450.0000,107.9000,107.8500,-0.0500,-0.0463392029657089898053753500,111.3000,109.3000,-2.0000,-1.7969451931716082659478885900,Other,A,False,False,True,0,-1,False,Other,Other,A,Other,Other,Other,Other,Other,Other,B
2026-09-23,2026-09-29,6,598,589,598,14:47:25.000,14:49:32.000,127,30030,23440.0000,23448.5000,8.5000,0.036262798634812286689419800,23450.0000,106.8000,107.1500,0.3500,0.327715355805243445692883900,112.0500,110.1500,-1.9000,-1.6956715751896474788041053100,Other,Other,False,False,False,0,-1,False,Other,A,Other,Other,Other,Other,Other,Other,B,Other
2026-09-23,2026-09-29,6,599,590,599,14:47:26.000,14:49:50.000,144,29380,23440.0000,23453.0000,13.0000,0.0554607508532423208191126300,23450.0000,107.2500,107.5000,0.2500,0.2331002331002331002331002300,111.9500,110.0500,-1.9000,-1.6971862438588655649843680200,Other,Other,False,False,False,0,-1,False,A,Other,Other,Other,Other,Other,Other,B,Other,A
2026-09-23,2026-09-29,6,600,591,600,14:47:31.000,14:50:03.000,152,28535,23451.0000,23448.1000,-2.9000,-0.0123662103961451537247878600,23450.0000,106.8500,106.9500,0.1000,0.0935891436593355170800187200,111.9500,111.1500,-0.8000,-0.7146047342563644484144707500,B,Other,True,False,False,1,42,False,Other,Other,Other,Other,Other,Other,B,Other,A,B
2026-09-23,2026-09-29,6,601,592,601,14:47:36.000,14:50:19.000,163,28600,23440.0000,23440.8000,0.8000,0.0034129692832764505119453900,23450.0000,106.3500,106.8500,0.5000,0.4701457451810061118946873500,112.9500,110.9500,-2.0000,-1.7706949977866312527667109300,Other,B,False,False,True,0,-1,False,Other,Other,Other,Other,Other,B,Other,A,B,Other
2026-09-23,2026-09-29,6,602,593,602,14:47:48.000,14:51:10.000,202,28535,23440.0000,23452.0000,12.0000,0.0511945392491467576791808900,23450.0000,105.2000,107.8000,2.6000,2.4714828897338403041825095100,113.4000,111.4000,-2.0000,-1.7636684303350970017636684300,Other,Other,False,False,False,0,-1,False,Other,Other,Other,Other,B,Other,A,B,Other,A
2026-09-23,2026-09-29,6,603,594,603,14:48:03.000,14:51:24.000,201,28210,23440.0000,23448.2000,8.2000,0.0349829351535836177474402700,23450.0000,103.7000,108.3500,4.6500,4.4840887174541947926711668300,114.6000,111.4500,-3.1500,-2.7486910994764397905759162300,Other,Other,False,False,False,0,-1,False,Other,Other,Other,B,Other,A,B,Other,A,B
2026-09-23,2026-09-29,6,604,595,604,14:48:35.000,14:51:51.000,196,27950,23440.1000,23452.0000,11.9000,0.0507677015029799360924228100,23450.0000,106.6500,109.6000,2.9500,2.7660571964369432723863103600,111.1500,109.8000,-1.3500,-1.214574898785425101214574900,Other,Other,False,False,False,0,-1,False,Other,Other,B,Other,A,B,Other,A,B,Other
2026-09-23,2026-09-29,6,605,596,605,14:48:45.000,14:52:08.000,203,27950,23446.1000,23452.9000,6.8000,0.029002691279146638460127700,23450.0000,106.0500,110.2000,4.1500,3.9132484677039132484677039100,111.7500,108.4000,-3.3500,-2.9977628635346756152125279600,Other,Other,False,False,False,0,-1,False,Other,B,Other,A,B,Other,A,B,Other,Other
2026-09-23,2026-09-29,6,606,597,606,14:48:59.000,14:52:14.000,195,27755,23450.0000,23455.0000,5.0000,0.0213219616204690831556503200,23450.0000,107.5000,110.2000,2.7000,2.5116279069767441860465116300,110.0500,107.8500,-2.2000,-1.999091322126306224443434800,Other,Other,False,False,False,0,-1,False,B,Other,A,B,Other,A,B,Other,Other,Other
2026-09-23,2026-09-29,6,607,598,607,14:49:13.000,14:52:26.000,193,27625,23448.9000,23451.4000,2.5000,0.010661480922346037554000400,23450.0000,107.8500,109.5500,1.7000,1.5762633286972647195178488600,109.3000,108.7500,-0.5500,-0.5032021957913998170173833500,Other,Other,False,False,False,0,-1,False,Other,A,B,Other,A,B,Other,Other,Other,Other
2026-09-23,2026-09-29,6,608,599,608,14:49:32.000,14:52:43.000,191,27625,23448.5000,23455.0000,6.5000,0.0277203232616158816128963500,23450.0000,107.1500,108.7500,1.6000,1.4932337844143723751749883300,110.1500,109.6500,-0.5000,-0.4539264639128461189287335500,Other,Other,False,False,False,0,-1,False,A,B,Other,A,B,Other,Other,Other,Other,A
2026-09-23,2026-09-29,6,609,600,609,14:49:50.000,14:53:11.000,201,27625,23453.0000,23452.6000,-0.4000,-0.0017055387370485652155374600,23450.0000,107.5000,106.9000,-0.6000,-0.5581395348837209302325581400,110.0500,111.3500,1.3000,1.1812812358019082235347569300,Other,Other,False,False,False,0,-1,False,B,Other,A,B,Other,Other,Other,Other,A,Other
2026-09-23,2026-09-29,6,610,601,610,14:50:03.000,14:53:18.000,195,27300,23448.1000,23442.0000,-6.1000,-0.0260149009941103970044481200,23450.0000,106.9500,106.8000,-0.1500,-0.140252454417952314165497900,111.1500,111.4500,0.3000,0.2699055330634278002699055300,Other,Other,False,False,False,0,-1,False,Other,A,B,Other,Other,Other,Other,A,Other,Other
2026-09-23,2026-09-29,6,611,602,611,14:50:19.000,14:53:30.000,191,27300,23440.8000,23440.8000,0.0000,0,23450.0000,106.8500,106.5000,-0.3500,-0.3275620028076743097800655100,110.9500,111.3000,0.3500,0.3154574132492113564668769700,Other,Other,False,False,False,0,-1,False,A,B,Other,Other,Other,Other,A,Other,Other,B
2026-09-23,2026-09-29,6,612,603,612,14:51:10.000,14:54:26.000,196,26975,23452.0000,23452.6000,0.6000,0.0025584171925635340269486600,23450.0000,107.8000,109.3500,1.5500,1.4378478664192949907235621500,111.4000,107.7000,-3.7000,-3.321364452423698384201077200,Other,Other,False,False,False,0,-1,False,B,Other,Other,Other,Other,A,Other,Other,B,Other
2026-09-23,2026-09-29,6,613,604,613,14:51:24.000,14:54:38.000,194,27170,23448.2000,23449.9000,1.7000,0.0072500234559582398648936800,23450.0000,108.3500,108.2000,-0.1500,-0.1384402399630826026765113100,111.4500,108.9000,-2.5500,-2.2880215343203230148048452200,Other,Other,False,False,False,0,-1,False,Other,Other,Other,Other,A,Other,Other,B,Other,B
2026-09-23,2026-09-29,6,614,605,614,14:51:51.000,14:54:58.000,187,27235,23452.0000,23450.4000,-1.6000,-0.0068224458468360907385297600,23450.0000,109.6000,108.9000,-0.7000,-0.6386861313868613138686131400,109.8000,108.5500,-1.2500,-1.1384335154826958105646630200,Other,Other,False,False,False,0,-1,False,Other,Other,Other,A,Other,Other,B,Other,B,A
2026-09-23,2026-09-29,6,615,606,615,14:52:08.000,14:55:06.000,178,27235,23452.9000,23453.0000,0.1000,0.000426386502308882910002600,23450.0000,110.2000,109.4000,-0.8000,-0.7259528130671506352087114300,108.4000,107.6000,-0.8000,-0.7380073800738007380073800700,Other,Other,False,False,False,0,-1,False,Other,Other,A,Other,Other,B,Other,B,A,Other
2026-09-23,2026-09-29,6,616,607,616,14:52:14.000,14:55:17.000,183,27300,23455.0000,23455.0000,0.0000,0,23450.0000,110.2000,109.4000,-0.8000,-0.7259528130671506352087114300,107.8500,107.4500,-0.4000,-0.370885489105238757533611500,Other,Other,False,False,False,0,-1,False,Other,A,Other,Other,B,Other,B,A,Other,Other
2026-09-23,2026-09-29,6,617,608,617,14:52:26.000,14:55:36.000,190,27105,23451.4000,23452.8000,1.4000,0.0059697928481881678705748900,23450.0000,109.5500,109.3500,-0.2000,-0.1825650387950707439525330900,108.7500,107.2500,-1.5000,-1.3793103448275862068965517200,Other,Other,False,False,False,0,-1,False,A,Other,Other,B,Other,B,A,Other,Other,B
2026-09-23,2026-09-29,6,618,609,618,14:52:43.000,14:55:49.000,186,27300,23455.0000,23454.1000,-0.9000,-0.0038371349392453634619484100,23450.0000,108.7500,110.0000,1.2500,1.1494252873563218390804597700,109.6500,106.3500,-3.3000,-3.0095759233926128590971272200,B,Other,True,False,False,1,43,False,Other,Other,B,Other,B,A,Other,Other,B,Other
2026-09-23,2026-09-29,6,619,610,619,14:53:11.000,14:56:22.000,191,27170,23452.6000,23448.9000,-3.7000,-0.0157765023920588762013593400,23450.0000,106.9000,107.3000,0.4000,0.3741814780168381665107577200,111.3500,109.5000,-1.8500,-1.6614279299506061966771441400,B,B,False,True,False,2,43,False,Other,B,Other,B,A,Other,Other,B,Other,Other
2026-09-23,2026-09-29,6,620,611,620,14:53:18.000,14:57:00.000,222,27300,23442.0000,23445.0000,3.0000,0.0127975428717686204248784200,23450.0000,106.8000,105.5500,-1.2500,-1.1704119850187265917602996300,111.4500,111.6500,0.2000,0.1794526693584567070435172700,A,B,True,False,True,1,44,False,B,Other,B,A,Other,Other,B,Other,Other,Other
2026-09-23,2026-09-29,6,621,612,621,14:53:30.000,14:57:32.000,242,28405,23440.8000,23450.6000,9.8000,0.0418074468448175830176444500,23450.0000,106.5000,104.3000,-2.2000,-2.0657276995305164319248826300,111.3000,113.1500,1.8500,1.6621743036837376460017969500,A,A,False,True,False,2,44,False,Other,B,A,Other,Other,B,Other,Other,Other,A
2026-09-23,2026-09-29,6,622,613,622,14:54:26.000,14:57:45.000,199,28535,23452.6000,23440.8000,-11.8000,-0.0503142508719715511286595100,23450.0000,109.3500,103.9000,-5.4500,-4.9839963420210333790580704200,107.7000,113.1000,5.4000,5.0139275766016713091922005600,Other,A,False,False,True,0,-1,False,B,A,Other,Other,B,Other,Other,Other,A,Other
2026-09-23,2026-09-29,6,623,614,623,14:54:38.000,14:58:03.000,205,28665,23449.9000,23448.8000,-1.1000,-0.0046908515601345847956707700,23450.0000,108.2000,104.6500,-3.5500,-3.280961182994454713493530500,108.9000,112.4500,3.5500,3.2598714416896235078053259900,Other,Other,False,False,False,0,-1,False,A,Other,Other,B,Other,Other,Other,A,Other,Other
2026-09-23,2026-09-29,6,624,615,624,14:54:58.000,14:58:13.000,195,29510,23450.4000,23446.1000,-4.3000,-0.018336574216218060246307100,23450.0000,108.9000,105.6500,-3.2500,-2.9843893480257116620752984400,108.5500,111.4500,2.9000,2.6715799170888991248272685400,Other,Other,False,False,False,0,-1,False,Other,Other,B,Other,Other,Other,A,Other,Other,B
2026-09-23,2026-09-29,6,625,616,625,14:55:06.000,14:58:20.000,194,29575,23453.0000,23443.0000,-10.0000,-0.0426384684262141303884364500,23450.0000,109.4000,104.7500,-4.6500,-4.2504570383912248628884826300,107.6000,112.3500,4.7500,4.4144981412639405204460966500,Other,Other,False,False,False,0,-1,False,Other,B,Other,Other,Other,A,Other,Other,B,Other
2026-09-23,2026-09-29,6,626,617,626,14:55:17.000,14:58:35.000,198,29705,23455.0000,23441.6000,-13.4000,-0.0571306757620976337667874700,23450.0000,109.4000,103.9000,-5.5000,-5.0274223034734917733089579500,107.4500,113.7000,6.2500,5.8166589111214518380642159100,Other,Other,False,False,False,0,-1,False,B,Other,Other,Other,A,Other,Other,B,Other,B
2026-09-23,2026-09-29,6,627,618,627,14:55:36.000,14:58:38.000,182,29640,23452.8000,23442.0000,-10.8000,-0.0460499386000818665575112600,23450.0000,109.3500,103.8500,-5.5000,-5.0297210791037951531778692300,107.2500,113.4500,6.2000,5.7808857808857808857808857800,Other,Other,False,False,False,0,-1,False,Other,Other,Other,A,Other,Other,B,Other,B,A
2026-09-23,2026-09-29,6,628,619,628,14:55:49.000,14:59:23.000,214,29770,23454.1000,23438.7000,-15.4000,-0.0656601617627621609867784300,23450.0000,110.0000,101.9500,-8.0500,-7.3181818181818181818181818200,106.3500,114.5000,8.1500,7.6633756464503996238834038600,Other,Other,False,False,False,0,-1,False,Other,Other,A,Other,Other,B,Other,B,A,Other
2026-09-23,2026-09-29,6,629,620,629,14:56:22.000,14:59:46.000,204,30030,23448.9000,23441.9000,-7.0000,-0.0298521465825689051512011200,23450.0000,107.3000,102.7000,-4.6000,-4.2870456663560111835973904900,109.5000,113.1000,3.6000,3.2876712328767123287671232900,Other,Other,False,False,False,0,-1,False,Other,A,Other,Other,B,Other,B,A,Other,Other
2026-09-23,2026-09-29,6,630,621,630,14:57:00.000,14:59:57.000,177,29900,23445.0000,23446.7000,1.7000,0.007251013009170398805715500,23450.0000,105.5500,102.9500,-2.6000,-2.4632875414495499763145428700,111.6500,113.3000,1.6500,1.4778325123152709359605911300,A,Other,True,False,False,1,45,False,A,Other,Other,B,Other,B,A,Other,Other,Other
2026-09-23,2026-09-29,6,631,622,631,14:57:32.000,15:00:12.000,160,28860,23450.6000,23444.1000,-6.5000,-0.0277178409081217538144013400,23450.0000,104.3000,101.7000,-2.6000,-2.4928092042186001917545541700,113.1500,114.9000,1.7500,1.5466195315952275740167918700,Other,A,False,False,True,0,-1,False,Other,Other,B,Other,B,A,Other,Other,Other,Other
2026-09-23,2026-09-29,6,632,623,632,14:57:45.000,15:00:18.000,153,28860,23440.8000,23448.4000,7.6000,0.0324221016347564929524589600,23450.0000,103.9000,103.2500,-0.6500,-0.6256015399422521655437921100,113.1000,112.9000,-0.2000,-0.1768346595932802829354553500,Other,Other,False,False,False,0,-1,False,Other,B,Other,B,A,Other,Other,Other,Other,Other
2026-09-23,2026-09-29,6,633,624,633,14:58:03.000,15:00:27.000,144,28665,23448.8000,23442.4000,-6.4000,-0.027293507556889904813892400,23450.0000,104.6500,102.6500,-2.0000,-1.9111323459149546106067845200,112.4500,113.7500,1.3000,1.1560693641618497109826589600,Other,Other,False,False,False,0,-1,False,B,Other,B,A,Other,Other,Other,Other,Other,B
2026-09-23,2026-09-29,6,634,625,634,14:58:13.000,15:00:46.000,153,27560,23446.1000,23440.5000,-5.6000,-0.0238845692887089963789286900,23450.0000,105.6500,102.1000,-3.5500,-3.3601514434453383814481779500,111.4500,114.6500,3.2000,2.8712427097353073126962763600,Other,Other,False,False,False,0,-1,False,Other,B,A,Other,Other,Other,Other,Other,B,Other
2026-09-23,2026-09-29,6,635,626,635,14:58:20.000,15:01:14.000,174,27365,23443.0000,23442.8000,-0.2000,-0.0008531331314251588960457300,23450.0000,104.7500,103.1000,-1.6500,-1.5751789976133651551312649200,112.3500,112.7000,0.3500,0.3115264797507788161993769500,Other,Other,False,False,False,0,-1,False,B,A,Other,Other,Other,Other,Other,B,Other,Other
2026-09-23,2026-09-29,6,636,627,636,14:58:35.000,15:01:50.000,195,27365,23441.6000,23442.4000,0.8000,0.0034127363319909903760835400,23450.0000,103.9000,102.7000,-1.2000,-1.1549566891241578440808469700,113.7000,113.0000,-0.7000,-0.6156552330694810905892700100,Other,Other,False,False,False,0,-1,False,A,Other,Other,Other,Other,Other,B,Other,Other,B
2026-09-23,2026-09-29,6,637,628,637,14:58:38.000,15:02:03.000,205,28210,23442.0000,23435.0000,-7.0000,-0.0298609333674601143247163200,23450.0000,103.8500,99.9000,-3.9500,-3.8035628310062590274434280200,113.4500,115.6500,2.2000,1.9391802556192155134420449500,Other,Other,False,False,False,0,-1,False,Other,Other,Other,Other,Other,B,Other,Other,B,Other
2026-09-23,2026-09-29,6,638,629,638,14:59:23.000,15:02:11.000,168,28860,23438.7000,23433.2000,-5.5000,-0.0234654652348466425185697200,23450.0000,101.9500,98.4000,-3.5500,-3.482099068170671897989210400,114.5000,117.1000,2.6000,2.2707423580786026200873362400,Other,Other,False,False,False,0,-1,False,Other,Other,Other,Other,B,Other,Other,B,Other,Other
2026-09-23,2026-09-29,6,639,630,639,14:59:46.000,15:02:16.000,150,31200,23441.9000,23435.8000,-6.1000,-0.0260217815108843566434461400,23450.0000,102.7000,98.6000,-4.1000,-3.9922103213242453748782862700,113.1000,116.6500,3.5500,3.1388152077807250221043324500,Other,Other,False,False,False,0,-1,False,Other,Other,Other,B,Other,Other,B,Other,Other,A
2026-09-23,2026-09-29,6,640,631,640,14:59:57.000,15:02:16.000,139,31200,23446.7000,23435.8000,-10.9000,-0.0464884184128256854909219600,23450.0000,102.9500,98.6000,-4.3500,-4.2253521126760563380281690100,113.3000,116.6500,3.3500,2.9567519858781994704324801400,Other,Other,False,False,False,0,-1,False,Other,Other,B,Other,Other,B,Other,Other,A,Other
2026-09-23,2026-09-29,6,641,632,641,15:00:12.000,15:02:37.000,145,31200,23444.1000,23439.0000,-5.1000,-0.0217538741090508912690186400,23450.0000,101.7000,99.8500,-1.8500,-1.8190757128810226155358898700,114.9000,115.4000,0.5000,0.4351610095735422106179286300,Other,Other,False,False,False,0,-1,False,Other,B,Other,Other,B,Other,Other,A,Other,Other
2026-09-23,2026-09-29,6,642,633,642,15:00:18.000,15:03:34.000,196,31200,23448.4000,23433.0000,-15.4000,-0.0656761228911141058664983500,23450.0000,103.2500,98.2500,-5.0000,-4.8426150121065375302663438300,112.9000,116.3000,3.4000,3.0115146147032772364924712100,Other,Other,False,False,False,0,-1,False,B,Other,Other,B,Other,Other,A,Other,Other,Other
2026-09-23,2026-09-29,6,643,634,643,15:00:27.000,15:04:30.000,243,31070,23442.4000,23433.0000,-9.4000,-0.0400982834522062587448384100,23450.0000,102.6500,99.3500,-3.3000,-3.2148075986361422308816366300,113.7500,114.4000,0.6500,0.5714285714285714285714285700,Other,Other,False,False,False,0,-1,False,Other,Other,B,Other,Other,A,Other,Other,Other,Other
2026-09-23,2026-09-29,6,644,635,644,15:00:46.000,15:05:14.000,268,31135,23440.5000,23440.0000,-0.5000,-0.0021330603016147266483223500,23450.0000,102.1000,100.8000,-1.3000,-1.2732615083251714005876591600,114.6500,112.0000,-2.6500,-2.3113824683820322721325774100,Other,Other,False,False,False,0,-1,False,Other,B,Other,Other,A,Other,Other,Other,Other,Other
2026-09-23,2026-09-29,6,645,636,645,15:01:14.000,15:05:34.000,260,31200,23442.8000,23444.8000,2.0000,0.0085314040984865289129284900,23450.0000,103.1000,102.2000,-0.9000,-0.8729388942774005819592628500,112.7000,110.3000,-2.4000,-2.1295474711623779946761313200,Other,Other,False,False,False,0,-1,False,B,Other,Other,A,Other,Other,Other,Other,Other,Other
2026-09-23,2026-09-29,6,646,637,646,15:01:50.000,15:06:33.000,283,31005,23442.4000,23440.6000,-1.8000,-0.0076783947036139644405009700,23450.0000,102.7000,104.4500,1.7500,1.7039922103213242453748782900,113.0000,108.8000,-4.2000,-3.716814159292035398230088500,B,Other,True,False,False,1,46,False,Other,Other,A,Other,Other,Other,Other,Other,Other,B
2026-09-23,2026-09-29,6,647,638,647,15:02:03.000,15:06:56.000,293,30095,23435.0000,23440.0000,5.0000,0.0213356091316407083422231700,23450.0000,99.9000,103.4500,3.5500,3.5535535535535535535535535500,115.6500,110.0000,-5.6500,-4.8854301772589710332900994400,Other,B,False,False,True,0,-1,False,Other,A,Other,Other,Other,Other,Other,Other,B,Other
2026-09-23,2026-09-29,6,648,639,648,15:02:11.000,15:08:39.000,388,29055,23433.2000,23444.0000,10.8000,0.0460884556953382380554085700,23450.0000,98.4000,103.2000,4.8000,4.8780487804878048780487804900,117.1000,109.4500,-7.6500,-6.532877882152006831767719900,Other,Other,False,False,False,0,-1,False,A,Other,Other,Other,Other,Other,Other,B,Other,A
2026-09-23,2026-09-29,6,649,640,649,15:02:16.000,15:09:12.000,416,28080,23435.8000,23440.1000,4.3000,0.0183479975080859198320518200,23450.0000,98.6000,104.1000,5.5000,5.5780933062880324543610547700,116.6500,109.1500,-7.5000,-6.4294899271324474924989284200,Other,Other,False,False,False,0,-1,False,Other,Other,Other,Other,Other,Other,B,Other,A,B
2026-09-23,2026-09-29,6,650,641,650,15:02:18.000,15:09:30.000,432,28080,23439.6000,23444.0000,4.4000,0.0187716513933684875168518200,23450.0000,98.6000,104.0000,5.4000,5.4766734279918864097363083200,116.6000,108.9500,-7.6500,-6.5608919382504288164665523200,Other,Other,False,False,False,0,-1,False,Other,Other,Other,Other,Other,B,Other,A,B,Other
2026-09-23,2026-09-29,6,651,642,651,15:02:37.000,15:10:01.000,444,28990,23439.0000,23444.0000,5.0000,0.0213319680873757412858910400,23450.0000,99.8500,103.1500,3.3000,3.304957436154231347020530800,115.4000,111.0000,-4.4000,-3.8128249566724436741767764300,Other,Other,False,False,False,0,-1,False,Other,Other,Other,Other,B,Other,A,B,Other,Other
2026-09-23,2026-09-29,6,652,643,652,15:03:34.000,15:10:08.000,394,28795,23433.0000,23446.0000,13.0000,0.0554773183117825289122178100,23450.0000,98.2500,102.0000,3.7500,3.8167938931297709923664122100,116.3000,111.8500,-4.4500,-3.8263112639724849527085124700,Other,Other,False,False,False,0,-1,False,Other,Other,Other,B,Other,A,B,Other,Other,A
2026-09-23,2026-09-29,6,653,644,653,15:04:30.000,15:10:49.000,379,28860,23433.0000,23441.3000,8.3000,0.0354201339990611530747236800,23450.0000,99.3500,102.2500,2.9000,2.9189733266230498238550578800,114.4000,111.9500,-2.4500,-2.1416083916083916083916083900,Other,Other,False,False,False,0,-1,False,Other,Other,B,Other,A,B,Other,Other,A,Other
2026-09-23,2026-09-29,6,654,645,654,15:05:14.000,15:12:12.000,418,29185,23440.0000,23440.0000,0.0000,0,23450.0000,100.8000,103.2000,2.4000,2.3809523809523809523809523800,112.0000,111.0500,-0.9500,-0.8482142857142857142857142900,Other,Other,False,False,False,0,-1,False,Other,B,Other,A,B,Other,Other,A,Other,B
2026-09-23,2026-09-29,6,655,646,655,15:05:34.000,15:13:08.000,454,29185,23444.8000,23439.4000,-5.4000,-0.0230328260424486453286016500,23450.0000,102.2000,103.0500,0.8500,0.8317025440313111545988258300,110.3000,110.9500,0.6500,0.5893019038984587488667271100,Other,Other,False,False,False,0,-1,False,B,Other,A,B,Other,Other,A,Other,B,B
2026-09-23,2026-09-29,6,656,647,656,15:06:33.000,15:14:06.000,453,29510,23440.6000,23438.0000,-2.6000,-0.0110918662491574447753043900,23450.0000,104.4500,103.5500,-0.9000,-0.8616562948779320248922929600,108.8000,110.1000,1.3000,1.1948529411764705882352941200,Other,Other,False,False,False,0,-1,False,Other,A,B,Other,Other,A,Other,B,B,Other
2026-09-23,2026-09-29,6,657,648,657,15:06:56.000,15:15:25.000,509,29510,23440.0000,23446.9000,6.9000,0.0294368600682593856655290100,23450.0000,103.4500,107.2500,3.8000,3.6732721121314644755920734700,110.0000,105.9500,-4.0500,-3.6818181818181818181818181800,Other,Other,False,False,False,0,-1,False,A,B,Other,Other,A,Other,B,B,Other,Other
2026-09-23,2026-09-29,6,658,649,658,15:08:39.000,15:16:46.000,487,30095,23444.0000,23448.9000,4.9000,0.0209008701586759938577034600,23450.0000,103.2000,106.8500,3.6500,3.5368217054263565891472868200,109.4500,106.4000,-3.0500,-2.7866605756052992233896756500,Other,Other,False,False,False,0,-1,False,B,Other,Other,A,Other,B,B,Other,Other,Other
2026-09-23,2026-09-29,6,659,650,659,15:09:12.000,15:17:01.000,469,29250,23440.1000,23445.3000,5.2000,0.0221842056987811485445881200,23450.0000,104.1000,107.0000,2.9000,2.7857829010566762728146013400,109.1500,106.4500,-2.7000,-2.4736601007787448465414567100,Other,Other,False,False,False,0,-1,False,Other,Other,A,Other,B,B,Other,Other,Other,Other
2026-09-23,2026-09-29,6,660,651,660,15:09:30.000,15:17:26.000,476,29380,23444.0000,23450.2000,6.2000,0.0264459989762839105954615300,23450.0000,104.0000,105.4000,1.4000,1.3461538461538461538461538500,108.9500,107.0000,-1.9500,-1.7898118402937127122533272100,Other,Other,False,False,False,0,-1,False,Other,A,Other,B,B,Other,Other,Other,Other,A
2026-09-23,2026-09-29,6,661,652,661,15:10:01.000,15:18:22.000,501,28340,23444.0000,23444.0000,0.0000,0,23450.0000,103.1500,105.5500,2.4000,2.3267086766844401357246728100,111.0000,107.7500,-3.2500,-2.9279279279279279279279279300,Other,Other,False,False,False,0,-1,False,A,Other,B,B,Other,Other,Other,Other,A,Other
2026-09-23,2026-09-29,6,662,653,662,15:10:08.000,15:19:03.000,535,28340,23446.0000,23450.0000,4.0000,0.017060479399471125138616400,23450.0000,102.0000,105.5500,3.5500,3.4803921568627450980392156900,111.8500,107.9500,-3.9000,-3.4868126955744300402324541800,Other,Other,False,False,False,0,-1,False,Other,B,B,Other,Other,Other,Other,A,Other,A
2026-09-23,2026-09-29,6,663,654,663,15:10:49.000,15:20:02.000,553,28535,23441.3000,23450.4000,9.1000,0.0388203725902573662723483800,23450.0000,102.2500,108.8000,6.5500,6.4058679706601466992665036700,111.9500,103.3000,-8.6500,-7.7266636891469405984814649400,Other,Other,False,False,False,0,-1,False,B,B,Other,Other,Other,Other,A,Other,A,Other
2026-09-23,2026-09-29,6,664,655,664,15:12:12.000,15:20:07.000,475,28145,23440.0000,23454.0000,14.0000,0.0597269624573378839590443700,23450.0000,103.2000,106.8000,3.6000,3.4883720930232558139534883700,111.0500,105.5000,-5.5500,-4.997748761819000450247636200,Other,Other,False,False,False,0,-1,False,B,Other,Other,Other,Other,A,Other,A,Other,Other
2026-09-23,2026-09-29,6,665,656,665,15:13:08.000,15:21:18.000,490,28080,23439.4000,23454.0000,14.6000,0.0622882838297908649538810700,23450.0000,103.0500,109.7500,6.7000,6.5016982047549733139252789900,110.9500,101.7500,-9.2000,-8.292023433979269941415051830,Other,Other,False,False,False,0,-1,False,Other,Other,Other,Other,A,Other,A,Other,Other,Other
2026-09-23,2026-09-29,6,666,657,666,15:14:06.000,15:22:32.000,506,27755,23438.0000,23452.0000,14.0000,0.0597320590494069459851523200,23450.0000,103.5500,107.0000,3.4500,3.331723804925156929019797200,110.1000,104.0500,-6.0500,-5.4950045413260672116257947300,Other,Other,False,False,False,0,-1,False,Other,Other,Other,A,Other,A,Other,Other,Other,Other
2026-09-23,2026-09-29,6,667,658,667,15:15:25.000,15:23:55.000,510,28665,23446.9000,23451.1000,4.2000,0.0179128157666898395949997700,23450.0000,107.2500,106.4000,-0.8500,-0.7925407925407925407925407900,105.9500,105.2500,-0.7000,-0.6606890042472864558754129300,Other,Other,False,False,False,0,-1,False,Other,Other,A,Other,A,Other,Other,Other,Other,Other
2026-09-23,2026-09-29,6,668,659,668,15:16:46.000,15:24:29.000,463,28145,23448.9000,23451.6000,2.7000,0.0115143993961337205583204300,23450.0000,106.8500,106.3000,-0.5500,-0.5147402901263453439401029500,106.4000,105.9500,-0.4500,-0.4229323308270676691729323300,Other,Other,False,False,False,0,-1,False,Other,A,Other,A,Other,Other,Other,Other,Other,A
2026-09-23,2026-09-29,6,669,660,669,15:17:01.000,15:25:50.000,529,27430,23445.3000,23452.3000,7.0000,0.029856730346807249214128200,23450.0000,107.0000,107.1000,0.1000,0.0934579439252336448598130800,106.4500,105.3500,-1.1000,-1.0333489901362141850634100500,Other,Other,False,False,False,0,-1,False,A,Other,A,Other,Other,Other,Other,Other,A,Other
2026-09-23,2026-09-29,6,670,661,670,15:17:26.000,15:26:49.000,563,27300,23450.2000,23450.1000,-0.1000,-0.0004264355954320219017321800,23450.0000,105.4000,106.1500,0.7500,0.7115749525616698292220113900,107.0000,105.1000,-1.9000,-1.775700934579439252336448600,B,Other,True,False,False,1,47,False,Other,A,Other,Other,Other,Other,Other,A,Other,Other
2026-09-23,2026-09-29,6,671,662,671,15:18:22.000,15:27:37.000,555,27300,23444.0000,23448.9000,4.9000,0.0209008701586759938577034600,23450.0000,105.5500,107.4500,1.9000,1.8000947418285172903837044100,107.7500,103.3000,-4.4500,-4.1299303944315545243619489600,Other,B,False,False,True,0,-1,False,A,Other,Other,Other,Other,Other,A,Other,Other,B
2026-09-23,2026-09-29,6,672,663,672,15:19:03.000,15:28:59.000,596,27560,23450.0000,23452.4000,2.4000,0.0102345415778251599147121500,23450.0000,105.5500,107.4500,1.9000,1.8000947418285172903837044100,107.9500,101.7500,-6.2000,-5.7433997220935618341824918900,Other,Other,False,False,False,0,-1,False,Other,Other,Other,Other,Other,A,Other,Other,B,Other
2026-09-23,2026-09-29,6,673,664,673,15:20:02.000,15:29:54.000,592,27495,23450.4000,23449.8000,-0.6000,-0.0025585917511001944529730800,23450.0000,108.8000,107.0000,-1.8000,-1.6544117647058823529411764700,103.3000,102.7000,-0.6000,-0.5808325266214908034849951600,Other,Other,False,False,False,0,-1,False,Other,Other,Other,Other,A,Other,Other,B,Other,Other
2026-09-23,2026-09-29,6,674,665,674,15:20:07.000,15:30:00.000,593,25740,23454.0000,23453.0000,-1.0000,-0.0042636650464739490065660400,23450.0000,106.8000,107.4000,0.6000,0.5617977528089887640449438200,105.5000,102.7500,-2.7500,-2.6066350710900473933649289100,B,Other,True,False,False,1,48,False,Other,Other,Other,A,Other,Other,B,Other,Other,Other
