Rank,Group,TradeId,TradingDate,ExpiryDate,Pattern,OptionType,Strike,Dte,SignalTimeIST,EntryTimeIST,ExitTimeIST,NetPnl,MaePercent,MfePercent,HoldingSeconds
0,Baseline,0,2026-09-04,2026-09-08,PatternA,Put,24050.0000,4,09:26:32.000,09:26:32.000,09:27:38.000,3381.9900,0.6675567423230974632843791700,3.9052069425901201602136181600,66
0,Baseline,1,2026-09-04,2026-09-08,PatternB,Call,24050.0000,4,09:27:38.000,09:27:38.000,09:30:39.000,-316.6900,2.1666666666666666666666666700,1.4166666666666666666666666700,181
0,Baseline,2,2026-09-04,2026-09-08,PatternA,Put,24050.0000,4,09:30:39.000,09:30:39.000,09:32:11.000,1917.9700,0,4.1078305519897304236200256700,92
0,Baseline,3,2026-09-04,2026-09-08,PatternB,Call,24050.0000,4,09:32:11.000,09:32:11.000,09:34:49.000,1080.4200,0,4.9319727891156462585034013600,158
0,Baseline,4,2026-09-04,2026-09-08,PatternA,Put,24050.0000,4,09:34:49.000,09:34:49.000,09:37:05.000,2471.0000,0.195248942401561991539212500,5.629677839245037422713960300,136
0,Baseline,5,2026-09-04,2026-09-08,PatternB,Call,24050.0000,4,09:37:05.000,09:37:05.000,09:42:11.000,-24.0900,3.1197301854974704890387858300,3.1197301854974704890387858300,306
0,Baseline,6,2026-09-04,2026-09-08,PatternA,Put,24050.0000,4,09:42:10.000,09:42:10.000,09:44:19.000,-2272.2000,1.9808306709265175718849840300,1.5974440894568690095846645400,129
0,Baseline,7,2026-09-04,2026-09-08,PatternB,Call,24050.0000,4,09:44:19.000,09:44:19.000,09:44:35.000,72.8000,0,0.6595218466611706512778235800,16
0,Baseline,8,2026-09-04,2026-09-08,PatternA,Put,24050.0000,4,09:44:35.000,09:44:35.000,09:50:58.000,-6850.4700,7.4436826640548481880509304600,0.4897159647404505386875612100,383
0,Baseline,9,2026-09-04,2026-09-08,PatternB,Call,24050.0000,4,09:50:58.000,09:50:58.000,09:53:13.000,2312.0500,0.8435582822085889570552147200,6.518404907975460122699386500,135
0,Baseline,10,2026-09-04,2026-09-08,PatternA,Put,24050.0000,4,09:53:13.000,09:53:13.000,09:53:29.000,-1288.7900,1.8615040953090096798212956100,0.4839910647803425167535368600,16
0,Baseline,11,2026-09-04,2026-09-08,PatternB,Call,24050.0000,4,09:53:29.000,09:53:29.000,09:53:38.000,-840.3300,2.0071684587813620071684587800,0.0716845878136200716845878100,9
0,Baseline,12,2026-09-04,2026-09-08,PatternA,Put,24050.0000,4,09:53:38.000,09:53:38.000,09:54:38.000,10.4800,0.8575689783743475018642803900,1.0439970171513795674869500400,60
0,Baseline,13,2026-09-04,2026-09-08,PatternB,Call,24050.0000,4,09:54:38.000,09:54:38.000,09:57:57.000,1206.4200,0.51132213294375456537618700,6.2089116143170197224251278300,199
0,Baseline,14,2026-09-04,2026-09-08,PatternA,Put,24050.0000,4,09:57:57.000,09:57:57.000,09:57:59.000,-410.8000,0.3795066413662239089184060700,0,2
0,Baseline,15,2026-09-04,2026-09-08,PatternB,Call,24050.0000,4,09:57:59.000,09:57:59.000,09:59:03.000,718.2700,0,2.4011299435028248587570621500,64
0,Baseline,16,2026-09-04,2026-09-08,PatternA,Put,24100.0000,4,09:59:03.000,09:59:03.000,10:00:05.000,1753.5800,0.3733665214685749844430616100,3.0802738021157436216552582500,62
0,Baseline,17,2026-09-04,2026-09-08,PatternB,Call,24050.0000,4,10:00:05.000,10:00:05.000,10:01:19.000,2699.5700,0.3536067892503536067892503500,6.8599717114568599717114568600,74
0,Baseline,18,2026-09-04,2026-09-08,PatternA,Put,24100.0000,4,10:01:19.000,10:01:19.000,10:01:28.000,-258.7400,0.4770992366412213740458015300,0.0954198473282442748091603100,9
0,Baseline,19,2026-09-04,2026-09-08,PatternB,Call,24100.0000,4,10:01:28.000,10:01:29.000,10:01:39.000,-444.8000,1.7101710171017101710171017100,0,10
0,Baseline,20,2026-09-04,2026-09-08,PatternA,Put,24100.0000,4,10:01:39.000,10:01:39.000,10:01:58.000,715.4100,0.3168567807351077313054499400,1.3941698352344740177439797200,19
0,Baseline,21,2026-09-04,2026-09-08,PatternB,Call,24100.0000,4,10:01:58.000,10:01:58.000,10:02:09.000,237.8200,0,1.3837638376383763837638376400,11
0,Baseline,22,2026-09-04,2026-09-08,PatternA,Put,24100.0000,4,10:02:09.000,10:02:09.000,10:03:15.000,-1233.5200,1.3278533038254821372115080600,0.8536199810306670882073980400,66
0,Baseline,23,2026-09-04,2026-09-08,PatternB,Call,24100.0000,4,10:03:15.000,10:03:15.000,10:03:37.000,-379.7000,1.086956521739130434782608700,0.1811594202898550724637681200,22
0,Baseline,24,2026-09-04,2026-09-08,PatternA,Put,24100.0000,4,10:03:37.000,10:03:37.000,10:17:35.000,5717.6000,0.6369426751592356687898089200,10.828025477707006369426751590,838
0,Baseline,25,2026-09-04,2026-09-08,PatternB,Call,24050.0000,4,10:17:35.000,10:17:35.000,10:24:29.000,1759.0400,1.3372956909361069836552748900,6.5378900445765230312035661200,414
0,Baseline,26,2026-09-04,2026-09-08,PatternA,Put,24100.0000,4,10:24:29.000,10:24:29.000,10:31:34.000,-6496.5700,9.135955404149891607308764320,0.1238773614122019200991018900,425
0,Baseline,27,2026-09-04,2026-09-08,PatternB,Call,24100.0000,4,10:31:34.000,10:31:34.000,10:36:48.000,-1938.8700,7.200720072007200720072007200,2.1602160216021602160216021600,314
0,Baseline,28,2026-09-04,2026-09-08,PatternA,Put,24100.0000,4,10:36:48.000,10:36:48.000,10:43:01.000,-1103.5400,3.9556962025316455696202531600,0.4430379746835443037974683500,373
0,Baseline,29,2026-09-04,2026-09-08,PatternB,Call,24100.0000,4,10:43:01.000,10:43:01.000,10:45:55.000,-314.1300,1.0242085661080074487895716900,1.9553072625698324022346368700,174
0,Baseline,30,2026-09-04,2026-09-08,PatternA,Put,24100.0000,4,10:45:55.000,10:45:55.000,10:46:49.000,-1915.4900,2.2482583913869537682077264100,0.1583280557314756174794173500,54
0,Baseline,31,2026-09-04,2026-09-08,PatternB,Call,24100.0000,4,10:46:49.000,10:46:49.000,10:48:19.000,530.0800,0,2.4839006439742410303587856500,90
0,Baseline,32,2026-09-04,2026-09-08,PatternA,Put,24100.0000,4,10:48:19.000,10:48:19.000,10:50:10.000,879.4300,0.6501950585175552665799739900,1.1053315994798439531859557900,111
0,Baseline,33,2026-09-04,2026-09-08,PatternB,Call,24100.0000,4,10:50:10.000,10:50:10.000,10:50:56.000,-476.7800,1.4732965009208103130755064500,0.7366482504604051565377532200,46
0,Baseline,34,2026-09-04,2026-09-08,PatternA,Put,24100.0000,4,10:50:56.000,10:50:56.000,10:53:54.000,-1265.4500,2.1683673469387755102040816300,0,178
0,Baseline,35,2026-09-04,2026-09-08,PatternB,Call,24100.0000,4,10:53:54.000,10:53:54.000,10:55:55.000,854.9100,0.4608294930875576036866359400,4.0552995391705069124423963100,121
0,Baseline,36,2026-09-04,2026-09-08,PatternA,Put,24100.0000,4,10:55:55.000,10:55:55.000,10:57:53.000,1269.6300,0.4256712508185985592665356900,1.7681728880157170923379174900,118
0,Baseline,37,2026-09-04,2026-09-08,PatternB,Call,24100.0000,4,10:57:52.000,10:57:52.000,10:58:43.000,-314.6400,1.3648771610555050045495905400,0,51
0,Baseline,38,2026-09-04,2026-09-08,PatternA,Put,24100.0000,4,10:58:43.000,10:58:43.000,11:04:38.000,-615.2900,3.0888030888030888030888030900,1.6087516087516087516087516100,355
0,Baseline,39,2026-09-04,2026-09-08,PatternB,Call,24100.0000,4,11:04:38.000,11:04:38.000,11:04:48.000,-184.4800,0.5519779208831646734130634800,0.2759889604415823367065317400,10
0,Baseline,40,2026-09-04,2026-09-08,PatternA,Put,24100.0000,4,11:04:48.000,11:04:48.000,11:08:25.000,-257.7500,0.6462035541195476575121163200,2.1001615508885298869143780300,217
0,Baseline,41,2026-09-04,2026-09-08,PatternB,Call,24100.0000,4,11:08:25.000,11:08:25.000,11:09:03.000,172.8600,0.5535055350553505535055350600,0.8302583025830258302583025800,38
0,Baseline,42,2026-09-04,2026-09-08,PatternA,Put,24100.0000,4,11:09:03.000,11:09:03.000,11:21:47.000,-3018.1300,3.6736020806241872561768530600,3.9661898569570871261378413500,764
0,Baseline,43,2026-09-04,2026-09-08,PatternB,Call,24100.0000,4,11:21:47.000,11:21:47.000,11:23:13.000,42.2900,1.2544802867383512544802867400,0.9856630824372759856630824400,86
0,Baseline,44,2026-09-04,2026-09-08,PatternA,Put,24100.0000,4,11:23:13.000,11:23:13.000,11:23:57.000,1011.4600,0,1.3458950201884253028263795400,44
0,Baseline,45,2026-09-04,2026-09-08,PatternB,Call,24100.0000,4,11:23:57.000,11:23:57.000,11:25:33.000,-152.3200,3.1731640979147778785131459700,1.4505893019038984587488667300,96
0,Baseline,46,2026-09-04,2026-09-08,PatternA,Put,24100.0000,4,11:25:33.000,11:25:33.000,11:26:17.000,-1652.6200,2.0604852110335659687603855100,0.166168162180126287803256900,44
0,Baseline,47,2026-09-04,2026-09-08,PatternB,Call,24100.0000,4,11:26:17.000,11:26:17.000,11:26:23.000,-87.6500,0.2685765443151298119964189800,0.1790510295434198746642793200,6
0,Baseline,48,2026-09-04,2026-09-08,PatternA,Put,24100.0000,4,11:26:23.000,11:26:23.000,11:27:14.000,-2820.9800,2.834008097165991902834008100,0,51
0,Baseline,49,2026-09-04,2026-09-08,PatternB,Call,24100.0000,4,11:27:14.000,11:27:14.000,11:27:27.000,-770.1900,2.8947368421052631578947368400,0,13
0,Baseline,50,2026-09-04,2026-09-08,PatternA,Put,24100.0000,4,11:27:27.000,11:27:27.000,11:29:08.000,232.3500,1.9986449864498644986449864500,0.5758807588075880758807588100,101
0,Baseline,51,2026-09-04,2026-09-08,PatternB,Call,24100.0000,4,11:29:08.000,11:29:08.000,11:36:11.000,2641.0500,0.3646308113035551504102096600,11.212397447584320875113947130,423
0,Baseline,52,2026-09-04,2026-09-08,PatternA,Put,24100.0000,4,11:36:11.000,11:36:11.000,11:37:07.000,-513.0900,0.8698677800974251913709116200,0.1739735560194850382741823200,56
0,Baseline,53,2026-09-04,2026-09-08,PatternB,Call,24100.0000,4,11:37:07.000,11:37:07.000,11:37:19.000,-154.0100,0.758853288364249578414839800,0.5059021922428330522765598700,12
0,Baseline,54,2026-09-04,2026-09-08,PatternA,Put,24100.0000,4,11:37:19.000,11:37:19.000,11:40:05.000,-3923.1400,4.8285514345696291112666200100,0.8047585724282715185444366700,166
0,Baseline,55,2026-09-04,2026-09-08,PatternB,Call,24100.0000,4,11:40:05.000,11:40:05.000,11:42:29.000,-2592.0000,6.2256809338521400778210116700,2.6459143968871595330739299600,144
0,Baseline,56,2026-09-04,2026-09-08,PatternA,Put,24100.0000,4,11:42:29.000,11:42:29.000,11:45:26.000,884.0000,0.5261311820413889863205892700,2.2448263767099263416345142100,177
0,Baseline,57,2026-09-04,2026-09-08,PatternB,Call,24100.0000,4,11:45:26.000,11:45:26.000,11:45:55.000,-673.6800,1.7706576728499156829679595300,0.6745362563237774030354131500,29
0,Baseline,58,2026-09-04,2026-09-08,PatternA,Put,24100.0000,4,11:45:55.000,11:45:55.000,11:48:35.000,-221.5100,2.0618556701030927835051546400,0.1718213058419243986254295500,160
0,Baseline,59,2026-09-04,2026-09-08,PatternB,Call,24100.0000,4,11:48:35.000,11:48:35.000,11:51:53.000,1600.1800,0.4266211604095563139931740600,6.911262798634812286689419800,198
0,Baseline,60,2026-09-04,2026-09-08,PatternA,Put,24100.0000,4,11:51:53.000,11:51:53.000,11:55:01.000,526.5600,1.0842952081147254284714935300,1.6089541797831409583770549100,188
0,Baseline,61,2026-09-04,2026-09-08,PatternB,Call,24100.0000,4,11:55:01.000,11:55:01.000,11:56:19.000,7.8400,0.7419620774938169826875515300,0.6595218466611706512778235800,78
0,Baseline,62,2026-09-04,2026-09-08,PatternA,Put,24100.0000,4,11:56:19.000,11:56:19.000,11:57:40.000,-935.3700,1.5299026425591098748261474300,0.0695410292072322670375521600,81
0,Baseline,63,2026-09-04,2026-09-08,PatternB,Call,24100.0000,4,11:57:40.000,11:57:40.000,11:58:02.000,-57.2800,0.9828009828009828009828009800,0.4914004914004914004914004900,22
0,Baseline,64,2026-09-04,2026-09-08,PatternA,Put,24100.0000,4,11:58:02.000,11:58:02.000,12:05:33.000,9685.8100,0.2797202797202797202797202800,10.979020979020979020979020980,451
0,Baseline,65,2026-09-04,2026-09-08,PatternB,Call,24100.0000,4,12:05:33.000,12:05:33.000,12:07:54.000,-508.1600,1.6472868217054263565891472900,2.3255813953488372093023255800,141
0,Baseline,66,2026-09-04,2026-09-08,PatternA,Put,24100.0000,4,12:07:54.000,12:07:54.000,12:10:08.000,-941.2800,3.3154404799494790022102936500,0,134
0,Baseline,67,2026-09-04,2026-09-08,PatternB,Call,24100.0000,4,12:10:08.000,12:10:08.000,12:22:28.000,-4178.2800,13.035019455252918287937743190,1.6536964980544747081712062300,740
0,Baseline,68,2026-09-04,2026-09-08,PatternA,Put,24050.0000,4,12:22:28.000,12:22:28.000,12:26:02.000,1731.4200,0.4804138950480413895048041400,4.9519586104951958610495195900,214
0,Baseline,69,2026-09-04,2026-09-08,PatternB,Call,24050.0000,4,12:26:02.000,12:26:02.000,12:27:38.000,430.2000,0.0828500414250207125103562600,2.7340513670256835128417564200,96
0,Baseline,70,2026-09-04,2026-09-08,PatternA,Put,24050.0000,4,12:27:38.000,12:27:38.000,12:27:56.000,-770.8000,0.8667388949079089924160346700,0,18
0,Baseline,71,2026-09-04,2026-09-08,PatternB,Call,24050.0000,4,12:27:56.000,12:27:56.000,12:28:50.000,1144.2600,0.4061738424045491470349309500,3.5743298131600324939073923600,54
0,Baseline,72,2026-09-04,2026-09-08,PatternA,Put,24050.0000,4,12:28:50.000,12:28:50.000,12:30:52.000,2446.5600,0.7844602166604407919312663400,4.2211430706014194994396712700,122
0,Baseline,73,2026-09-04,2026-09-08,PatternB,Call,24050.0000,4,12:30:52.000,12:30:52.000,12:37:19.000,-1356.5300,3.5947712418300653594771241800,1.8790849673202614379084967300,387
0,Baseline,74,2026-09-04,2026-09-08,PatternA,Put,24050.0000,4,12:37:19.000,12:37:19.000,12:40:48.000,-2590.4700,2.9547881808472766108935564300,1.6019935920256318974724101100,209
0,Baseline,75,2026-09-04,2026-09-08,PatternB,Call,24050.0000,4,12:40:48.000,12:40:48.000,12:40:59.000,-576.7700,1.7326732673267326732673267300,0,11
0,Baseline,76,2026-09-04,2026-09-08,PatternA,Put,24050.0000,4,12:40:58.000,12:40:59.000,12:48:33.000,171.1100,0.7945106536655832430480317800,3.6114120621162874684001444600,454
0,Baseline,77,2026-09-04,2026-09-08,PatternB,Call,24050.0000,4,12:48:33.000,12:48:33.000,12:54:23.000,690.3800,1.7647058823529411764705882400,3.9495798319327731092436974800,350
0,Baseline,78,2026-09-04,2026-09-08,PatternA,Put,24050.0000,4,12:54:23.000,12:54:23.000,13:03:58.000,1504.1800,1.4814814814814814814814814800,9.222222222222222222222222220,575
0,Baseline,79,2026-09-04,2026-09-08,PatternB,Call,24050.0000,4,13:03:58.000,13:03:58.000,13:05:01.000,-543.3400,2.1459227467811158798283261800,0,63
0,Baseline,80,2026-09-04,2026-09-08,PatternA,Put,24050.0000,4,13:05:01.000,13:05:01.000,13:05:47.000,-673.4800,1.0450450450450450450450450500,0,46
0,Baseline,81,2026-09-04,2026-09-08,PatternB,Call,24050.0000,4,13:05:47.000,13:05:47.000,13:10:21.000,1665.3800,1.8965517241379310344827586200,6.3793103448275862068965517200,274
0,Baseline,82,2026-09-04,2026-09-08,PatternA,Put,24050.0000,4,13:10:21.000,13:10:21.000,13:17:23.000,-8465.7200,10.748195974173946069122673760,0.2278769464489175845043676400,422
0,Baseline,83,2026-09-04,2026-09-08,PatternB,Call,24100.0000,4,13:17:23.000,13:17:23.000,13:18:00.000,-214.2000,1.5772870662460567823343848600,0.9463722397476340694006309100,37
0,Baseline,84,2026-09-04,2026-09-08,PatternA,Put,24100.0000,4,13:18:00.000,13:18:00.000,13:29:06.000,9292.5600,1.055408970976253298153034300,9.729551451187335092348284960,666
0,Baseline,85,2026-09-04,2026-09-08,PatternB,Call,24050.0000,4,13:29:06.000,13:29:06.000,13:36:21.000,-998.3600,5.7627118644067796610169491500,1.7796610169491525423728813600,435
0,Baseline,86,2026-09-04,2026-09-08,PatternA,Put,24050.0000,4,13:36:21.000,13:36:21.000,13:37:30.000,-2134.0500,3.5963302752293577981651376100,0.4770642201834862385321100900,69
0,Baseline,87,2026-09-04,2026-09-08,PatternB,Call,24050.0000,4,13:37:30.000,13:37:30.000,13:43:52.000,-348.5400,2.4807527801539777587681779300,1.7964071856287425149700598800,382
0,Baseline,88,2026-09-04,2026-09-08,PatternA,Put,24050.0000,4,13:43:52.000,13:43:52.000,13:48:25.000,-4861.0000,6.7694622038360285821737495300,1.1282437006393380970289582500,273
0,Baseline,89,2026-09-04,2026-09-08,PatternB,Call,24050.0000,4,13:48:25.000,13:48:25.000,13:49:33.000,-1389.1500,3.7367993501218521527213647400,0.0812347684809098294069861900,68
0,Baseline,90,2026-09-04,2026-09-08,PatternA,Put,24050.0000,4,13:49:33.000,13:49:33.000,13:50:57.000,-864.2800,2.4087024087024087024087024100,0,84
0,Baseline,91,2026-09-04,2026-09-08,PatternB,Call,24050.0000,4,13:50:57.000,13:50:57.000,13:54:41.000,-2427.8900,6.8276436303080766028309741900,0,224
0,Baseline,92,2026-09-04,2026-09-08,PatternA,Put,24050.0000,4,13:54:41.000,13:54:41.000,14:02:31.000,-1093.7900,3.2462686567164179104477611900,2.126865671641791044776119400,470
0,Baseline,93,2026-09-04,2026-09-08,PatternB,Call,24050.0000,4,14:02:31.000,14:02:31.000,14:02:44.000,-153.3800,0.6060606060606060606060606100,0.0865800865800865800865800900,13
0,Baseline,94,2026-09-04,2026-09-08,PatternA,Put,24050.0000,4,14:02:44.000,14:02:44.000,14:12:47.000,-4276.3700,5.2275291462955998495675065800,0.2256487401278676194057916500,603
0,Baseline,95,2026-09-04,2026-09-08,PatternB,Call,24100.0000,4,14:12:47.000,14:12:47.000,14:15:18.000,-244.8700,1.3921113689095127610208816700,2.4361948955916473317865429200,151
0,Baseline,96,2026-09-04,2026-09-08,PatternA,Put,24100.0000,4,14:15:18.000,14:15:18.000,14:21:51.000,-1201.7300,1.4701282452299030340944635600,2.5336252736940882076947137900,393
0,Baseline,97,2026-09-04,2026-09-08,PatternB,Call,24050.0000,4,14:21:51.000,14:21:51.000,14:23:15.000,-674.0500,1.7441860465116279069767441900,2.4916943521594684385382059800,84
0,Baseline,98,2026-09-04,2026-09-08,PatternA,Put,24050.0000,4,14:23:15.000,14:23:15.000,14:25:40.000,-4696.1700,5.6715242221346987002756990900,0.1969279243796770382040173300,145
0,Baseline,99,2026-09-04,2026-09-08,PatternB,Call,24100.0000,4,14:25:40.000,14:25:40.000,14:28:11.000,144.1200,0.7777777777777777777777777800,3.6666666666666666666666666700,151
0,Baseline,100,2026-09-04,2026-09-08,PatternA,Put,24100.0000,4,14:28:11.000,14:28:11.000,14:29:45.000,-2530.0400,4.4525065963060686015831134600,0.0989445910290237467018469700,94
0,Baseline,101,2026-09-04,2026-09-08,PatternB,Call,24100.0000,4,14:29:45.000,14:29:45.000,14:35:08.000,-1220.5600,4.4276457883369330453563714900,4.4276457883369330453563714900,323
0,Baseline,102,2026-09-04,2026-09-08,PatternA,Put,24100.0000,4,14:35:08.000,14:35:08.000,14:41:11.000,6337.8000,1.2717536813922356091030789800,11.178045515394912985274431060,363
0,Baseline,103,2026-09-04,2026-09-08,PatternB,Call,24050.0000,4,14:41:11.000,14:41:11.000,14:51:47.000,-1289.8000,8.970976253298153034300791560,1.4072119613016710642040457300,636
0,Baseline,104,2026-09-04,2026-09-08,PatternA,Put,24050.0000,4,14:51:47.000,14:51:47.000,14:57:55.000,207.0900,0.8086253369272237196765498700,2.7339237581825182903350019300,368
0,Baseline,105,2026-09-04,2026-09-08,PatternB,Call,24050.0000,4,14:57:55.000,14:57:55.000,14:59:34.000,530.0100,0.6422018348623853211009174300,3.1192660550458715596330275200,99
0,Baseline,106,2026-09-04,2026-09-08,PatternA,Put,24050.0000,4,14:59:34.000,14:59:34.000,15:02:12.000,2156.5800,1.24902419984387197501951600,4.2154566744730679156908665100,158
0,Baseline,0,2026-09-08,2026-09-08,PatternB,Call,23800.0000,0,09:15:12.000,09:15:12.000,09:15:15.000,-138.2900,8.252427184466019417475728160,0,3
0,Baseline,1,2026-09-08,2026-09-08,PatternA,Put,23800.0000,0,09:15:15.000,09:15:15.000,09:16:49.000,1515.7200,0,11.632270168855534709193245780,94
0,Baseline,2,2026-09-08,2026-09-08,PatternB,Call,23800.0000,0,09:16:49.000,09:16:49.000,09:17:36.000,-495.6700,8.393285371702637889688249400,0,47
0,Baseline,3,2026-09-08,2026-09-08,PatternA,Put,23800.0000,0,09:17:36.000,09:17:36.000,09:18:04.000,181.8800,1.2505582849486377847253238100,4.1089772219740955783832067900,28
0,Baseline,4,2026-09-08,2026-09-08,PatternB,Call,23800.0000,0,09:18:04.000,09:18:04.000,09:18:19.000,-300.4400,2.00,0.7500,15
0,Baseline,5,2026-09-08,2026-09-08,PatternA,Put,23800.0000,0,09:18:19.000,09:18:19.000,09:18:24.000,18.7700,0.747581354441512752858399300,0.5716798592788038698328935800,5
0,Baseline,6,2026-09-08,2026-09-08,PatternB,Call,23800.0000,0,09:18:24.000,09:18:24.000,09:18:27.000,-137.9400,1.0126582278481012658227848100,0,3
0,Baseline,7,2026-09-08,2026-09-08,PatternA,Put,23800.0000,0,09:18:27.000,09:18:27.000,09:18:29.000,-468.8100,1.2211077191452245965983427800,0,2
0,Baseline,8,2026-09-08,2026-09-08,PatternB,Call,23800.0000,0,09:18:29.000,09:18:29.000,09:19:54.000,-332.8200,3.5443037974683544303797468400,1.2658227848101265822784810100,85
0,Baseline,9,2026-09-08,2026-09-08,PatternA,Put,23800.0000,0,09:19:54.000,09:19:54.000,09:21:42.000,2000.6600,0.0445831475702184574230940700,4.4137316094516272848863129700,108
0,Baseline,10,2026-09-08,2026-09-08,PatternB,Call,23800.0000,0,09:21:42.000,09:21:42.000,09:23:25.000,-202.3100,2.1857923497267759562841530100,4.6448087431693989071038251400,103
0,Baseline,11,2026-09-08,2026-09-08,PatternA,Put,23800.0000,0,09:23:25.000,09:23:25.000,09:24:49.000,2226.2300,0,4.7190047190047190047190047200,84
0,Baseline,12,2026-09-08,2026-09-08,PatternB,Call,23800.0000,0,09:24:49.000,09:24:49.000,09:26:02.000,-72.2100,3.9215686274509803921568627500,2.8011204481792717086834733900,73
0,Baseline,13,2026-09-08,2026-09-08,PatternA,Put,23800.0000,0,09:26:02.000,09:26:02.000,09:26:19.000,-503.9900,0.9068425391591096455070074200,0,17
0,Baseline,14,2026-09-08,2026-09-08,PatternB,Call,23800.0000,0,09:26:19.000,09:26:19.000,09:26:33.000,-169.6500,1.4005602240896358543417366900,0,14
0,Baseline,15,2026-09-08,2026-09-08,PatternA,Put,23800.0000,0,09:26:33.000,09:26:33.000,09:26:40.000,-569.5600,1.0993485342019543973941368100,0.2035830618892508143322475600,7
0,Baseline,16,2026-09-08,2026-09-08,PatternB,Call,23800.0000,0,09:26:40.000,09:26:40.000,09:26:46.000,-169.6700,1.3966480446927374301675977700,0,6
0,Baseline,17,2026-09-08,2026-09-08,PatternA,Put,23800.0000,0,09:26:46.000,09:26:46.000,09:28:35.000,2678.3200,1.8699186991869918699186991900,5.4878048780487804878048780500,109
0,Baseline,18,2026-09-08,2026-09-08,PatternB,Call,23800.0000,0,09:28:35.000,09:28:35.000,09:29:16.000,-136.7600,2.0771513353115727002967359100,1.4836795252225519287833827900,41
0,Baseline,19,2026-09-08,2026-09-08,PatternA,Put,23750.0000,0,09:29:16.000,09:29:16.000,09:29:29.000,354.0300,0,1.5349630471859010801591813500,13
0,Baseline,20,2026-09-08,2026-09-08,PatternB,Call,23750.0000,0,09:29:29.000,09:29:29.000,09:32:11.000,410.9000,3.9426523297491039426523297500,3.4050179211469534050179211500,162
0,Baseline,21,2026-09-08,2026-09-08,PatternA,Put,23800.0000,0,09:32:11.000,09:32:11.000,09:32:49.000,-50.9200,1.3163143199042680494615077800,1.156761069006781013163143200,38
0,Baseline,22,2026-09-08,2026-09-08,PatternB,Call,23800.0000,0,09:32:49.000,09:32:49.000,09:33:11.000,-234.2200,2.0710059171597633136094674600,0,22
0,Baseline,23,2026-09-08,2026-09-08,PatternA,Put,23800.0000,0,09:33:11.000,09:33:11.000,09:34:03.000,-831.1100,1.2598425196850393700787401600,0.2362204724409448818897637800,52
0,Baseline,24,2026-09-08,2026-09-08,PatternB,Call,23800.0000,0,09:34:03.000,09:34:03.000,09:38:11.000,967.6500,1.506024096385542168674698800,9.337349397590361445783132530,248
0,Baseline,25,2026-09-08,2026-09-08,PatternA,Put,23800.0000,0,09:38:11.000,09:38:11.000,09:39:46.000,1577.3100,1.1749347258485639686684073100,4.0469973890339425587467362900,95
0,Baseline,26,2026-09-08,2026-09-08,PatternB,Call,23800.0000,0,09:39:46.000,09:39:46.000,09:42:02.000,-591.7200,7.4498567335243553008595988500,0.5730659025787965616045845300,136
0,Baseline,27,2026-09-08,2026-09-08,PatternA,Put,23800.0000,0,09:42:02.000,09:42:02.000,09:43:08.000,2906.3100,0.6998764923836969946480032900,4.5286125977768629065459036600,66
0,Baseline,28,2026-09-08,2026-09-08,PatternB,Call,23800.0000,0,09:43:08.000,09:43:08.000,09:46:01.000,-623.3300,9.803921568627450980392156860,1.3071895424836601307189542500,173
0,Baseline,29,2026-09-08,2026-09-08,PatternA,Put,23750.0000,0,09:46:01.000,09:46:01.000,09:47:29.000,-2796.9300,5.617977528089887640449438200,0.6741573033707865168539325800,88
0,Baseline,30,2026-09-08,2026-09-08,PatternB,Call,23800.0000,0,09:47:29.000,09:47:29.000,09:47:47.000,-38.6500,1.3157894736842105263157894700,0,18
0,Baseline,31,2026-09-08,2026-09-08,PatternA,Put,23800.0000,0,09:47:47.000,09:47:47.000,09:48:24.000,274.4200,0.2016129032258064516129032300,1.9758064516129032258064516100,37
0,Baseline,32,2026-09-08,2026-09-08,PatternB,Call,23800.0000,0,09:48:24.000,09:48:24.000,09:48:43.000,-71.0900,0.3311258278145695364238410600,0.6622516556291390728476821200,19
0,Baseline,33,2026-09-08,2026-09-08,PatternA,Put,23800.0000,0,09:48:43.000,09:48:43.000,09:50:07.000,-6514.2800,8.233413269384492406075139890,0.9992006394884092725819344500,84
0,Baseline,34,2026-09-08,2026-09-08,PatternB,Call,23800.0000,0,09:50:07.000,09:50:07.000,09:50:19.000,-104.2600,1.4880952380952380952380952400,1.4880952380952380952380952400,12
0,Baseline,35,2026-09-08,2026-09-08,PatternA,Put,23800.0000,0,09:50:19.000,09:50:19.000,09:50:32.000,-631.7400,1.2074169900819318671841310900,0,13
0,Baseline,36,2026-09-08,2026-09-08,PatternB,Call,23800.0000,0,09:50:32.000,09:50:32.000,09:50:56.000,-364.1800,3.8235294117647058823529411800,1.1764705882352941176470588200,24
0,Baseline,37,2026-09-08,2026-09-08,PatternA,Put,23800.0000,0,09:50:56.000,09:50:56.000,09:52:29.000,2258.3400,2.0008514261387824606215410800,3.8739889314601958280119199700,93
0,Baseline,38,2026-09-08,2026-09-08,PatternB,Call,23800.0000,0,09:52:29.000,09:52:29.000,09:52:41.000,-168.8800,1.5673981191222570532915360500,1.5673981191222570532915360500,12
0,Baseline,39,2026-09-08,2026-09-08,PatternA,Put,23800.0000,0,09:52:41.000,09:52:41.000,09:53:26.000,1282.3700,0.2884219200659250103007828600,3.7082818294190358467243510500,45
0,Baseline,40,2026-09-08,2026-09-08,PatternB,Call,23800.0000,0,09:53:26.000,09:53:26.000,09:54:06.000,188.6800,0.3278688524590163934426229500,4.9180327868852459016393442600,40
0,Baseline,41,2026-09-08,2026-09-08,PatternA,Put,23800.0000,0,09:54:06.000,09:54:06.000,09:54:09.000,-147.1400,0.5312627707396812423375561900,0.0408663669799754801798120100,3
0,Baseline,42,2026-09-08,2026-09-08,PatternB,Call,23800.0000,0,09:54:09.000,09:54:09.000,09:57:40.000,-948.2700,10.862619808306709265175718850,2.2364217252396166134185303500,211
0,Baseline,43,2026-09-08,2026-09-08,PatternA,Put,23800.0000,0,09:57:40.000,09:57:40.000,10:01:10.000,273.2200,0.1575423395037416305632138600,6.3410791650256006301693580100,210
0,Baseline,44,2026-09-08,2026-09-08,PatternB,Call,23800.0000,0,10:01:10.000,10:01:10.000,10:01:22.000,-330.3800,4.00,0,12
0,Baseline,45,2026-09-08,2026-09-08,PatternA,Put,23800.0000,0,10:01:22.000,10:01:22.000,10:01:33.000,-540.3300,0.6116207951070336391437308900,0.382262996941896024464831800,11
0,Baseline,46,2026-09-08,2026-09-08,PatternB,Call,23800.0000,0,10:01:33.000,10:01:33.000,10:03:12.000,-395.2400,6.6666666666666666666666666700,2.5925925925925925925925925900,99
0,Baseline,47,2026-09-08,2026-09-08,PatternA,Put,23750.0000,0,10:03:12.000,10:03:12.000,10:03:22.000,-622.6400,2.0844468198824158204168893600,0,10
0,Baseline,48,2026-09-08,2026-09-08,PatternB,Call,23750.0000,0,10:03:22.000,10:03:22.000,10:03:32.000,-301.1700,2.0642201834862385321100917400,1.1467889908256880733944954100,10
0,Baseline,49,2026-09-08,2026-09-08,PatternA,Put,23750.0000,0,10:03:32.000,10:03:32.000,10:03:59.000,-265.7700,1.0576414595452141723955579100,1.7451084082496033844526705400,27
0,Baseline,50,2026-09-08,2026-09-08,PatternB,Call,23750.0000,0,10:03:59.000,10:03:59.000,10:05:49.000,-8.7100,2.097902097902097902097902100,2.097902097902097902097902100,110
0,Baseline,51,2026-09-08,2026-09-08,PatternA,Put,23750.0000,0,10:05:49.000,10:05:49.000,10:06:20.000,-1174.9000,1.9189765458422174840085287800,1.9189765458422174840085287800,31
0,Baseline,52,2026-09-08,2026-09-08,PatternB,Call,23750.0000,0,10:06:20.000,10:06:20.000,10:08:53.000,2232.2600,0,19.770114942528735632183908050,153
0,Baseline,53,2026-09-08,2026-09-08,PatternA,Put,23800.0000,0,10:08:53.000,10:08:54.000,10:10:07.000,-1998.2400,2.8336755646817248459958932200,1.2320328542094455852156057500,73
0,Baseline,54,2026-09-08,2026-09-08,PatternB,Call,23800.0000,0,10:10:07.000,10:10:07.000,10:11:31.000,58.6600,4.8387096774193548387096774200,2.5806451612903225806451612900,84
0,Baseline,55,2026-09-08,2026-09-08,PatternA,Put,23800.0000,0,10:11:31.000,10:11:31.000,10:15:30.000,-14599.8300,23.204649232046492320464923200,0.6226650062266500622665006200,239
0,Baseline,56,2026-09-08,2026-09-08,PatternB,Call,23800.0000,0,10:15:30.000,10:15:30.000,10:17:15.000,-1340.2200,11.401425178147268408551068880,1.1876484560570071258907363400,105
0,Baseline,57,2026-09-08,2026-09-08,PatternA,Put,23800.0000,0,10:17:15.000,10:17:15.000,10:17:52.000,-1178.4100,1.7081503172279160566129819400,0.0976085895558809175207418300,37
0,Baseline,58,2026-09-08,2026-09-08,PatternB,Call,23800.0000,0,10:17:52.000,10:17:52.000,10:18:26.000,-1664.3900,14.615384615384615384615384620,0,34
0,Baseline,59,2026-09-08,2026-09-08,PatternA,Put,23800.0000,0,10:18:26.000,10:18:26.000,10:22:54.000,-3064.8100,7.950367647058823529411764710,1.562500,268
0,Baseline,60,2026-09-08,2026-09-08,PatternB,Call,23800.0000,0,10:22:54.000,10:22:54.000,10:23:26.000,57.4400,2.4324324324324324324324324300,1.0810810810810810810810810800,32
0,Baseline,61,2026-09-08,2026-09-08,PatternA,Put,23800.0000,0,10:23:26.000,10:23:26.000,10:24:16.000,2426.4300,1.159980666988883518608023200,3.914934751087481875302078300,50
0,Baseline,62,2026-09-08,2026-09-08,PatternB,Call,23800.0000,0,10:24:16.000,10:24:16.000,10:26:54.000,-1501.1300,13.793103448275862068965517240,0.8620689655172413793103448300,158
0,Baseline,63,2026-09-08,2026-09-08,PatternA,Put,23800.0000,0,10:26:54.000,10:26:54.000,10:30:27.000,-2741.7800,8.351745470614228899690676090,0.4418912947414935925762262500,213
0,Baseline,64,2026-09-08,2026-09-08,PatternB,Call,23800.0000,0,10:30:27.000,10:30:27.000,10:38:03.000,-2799.6900,29.968454258675078864353312300,4.7318611987381703470031545700,456
0,Baseline,65,2026-09-08,2026-09-08,PatternA,Put,23750.0000,0,10:38:03.000,10:38:03.000,10:40:53.000,1459.3100,2.2209234365867913500876680300,3.6236119228521332554061952100,170
0,Baseline,66,2026-09-08,2026-09-08,PatternB,Call,23750.0000,0,10:40:53.000,10:40:53.000,10:42:50.000,609.0100,0.5012531328320802005012531300,7.0175438596491228070175438600,117
0,Baseline,67,2026-09-08,2026-09-08,PatternA,Put,23750.0000,0,10:42:50.000,10:42:50.000,10:44:08.000,485.4100,1.0077059869590989922940130400,3.7344398340248962655601659800,78
0,Baseline,68,2026-09-08,2026-09-08,PatternB,Call,23750.0000,0,10:44:08.000,10:44:08.000,10:53:51.000,2849.8400,5.0970873786407766990291262100,35.679611650485436893203883500,583
0,Baseline,69,2026-09-08,2026-09-08,PatternA,Put,23800.0000,0,10:53:51.000,10:53:51.000,11:08:23.000,5572.9200,2.3809523809523809523809523800,17.283950617283950617283950620,872
0,Baseline,70,2026-09-08,2026-09-08,PatternB,Call,23800.0000,0,11:08:23.000,11:08:23.000,11:10:39.000,-102.2900,2.0920502092050209205020920500,5.8577405857740585774058577400,136
0,Baseline,71,2026-09-08,2026-09-08,PatternA,Put,23800.0000,0,11:10:39.000,11:10:39.000,11:14:59.000,-1836.5300,3.1591737545565006075334143400,2.0656136087484811664641555300,260
0,Baseline,72,2026-09-08,2026-09-08,PatternB,Call,23800.0000,0,11:14:59.000,11:14:59.000,11:15:36.000,-232.2900,6.1728395061728395061728395100,0,37
0,Baseline,73,2026-09-08,2026-09-08,PatternA,Put,23800.0000,0,11:15:36.000,11:15:36.000,11:19:03.000,-3005.5200,4.1547861507128309572301425700,1.8329938900203665987780040700,207
0,Baseline,74,2026-09-08,2026-09-08,PatternB,Call,23800.0000,0,11:19:03.000,11:19:03.000,11:22:00.000,-719.9200,9.090909090909090909090909090,4.1666666666666666666666666700,177
0,Baseline,75,2026-09-08,2026-09-08,PatternA,Put,23800.0000,0,11:22:00.000,11:22:00.000,11:25:53.000,-1933.3000,2.4630541871921182266009852200,4.022988505747126436781609200,233
0,Baseline,76,2026-09-08,2026-09-08,PatternB,Call,23800.0000,0,11:25:53.000,11:25:53.000,11:27:35.000,254.7000,1.581027667984189723320158100,5.9288537549407114624505928900,102
0,Baseline,77,2026-09-08,2026-09-08,PatternA,Put,23800.0000,0,11:27:35.000,11:27:35.000,11:28:46.000,828.7300,1.0109519797809604043807919100,1.937657961246840775063184500,71
0,Baseline,78,2026-09-08,2026-09-08,PatternB,Call,23800.0000,0,11:28:46.000,11:28:46.000,11:42:57.000,-752.1900,13.385826771653543307086614170,0,851
0,Baseline,79,2026-09-08,2026-09-08,PatternA,Put,23750.0000,0,11:42:57.000,11:42:57.000,11:44:14.000,259.0900,1.4669926650366748166259168700,2.6894865525672371638141809300,77
0,Baseline,80,2026-09-08,2026-09-08,PatternB,Call,23750.0000,0,11:44:14.000,11:44:14.000,11:49:51.000,-1242.5000,10.565110565110565110565110570,5.4054054054054054054054054100,337
0,Baseline,81,2026-09-08,2026-09-08,PatternA,Put,23750.0000,0,11:49:51.000,11:49:51.000,11:50:26.000,5973.8000,0,13.313953488372093023255813950,35
0,Baseline,82,2026-09-08,2026-09-08,PatternB,Call,23750.0000,0,11:50:26.000,11:50:26.000,11:50:50.000,123.1100,0.2985074626865671641791044800,2.686567164179104477611940300,24
0,Baseline,83,2026-09-08,2026-09-08,PatternA,Put,23750.0000,0,11:50:49.000,11:50:49.000,11:57:24.000,-3416.0500,11.335816923895689196381053750,0.7982969664715274081958488600,395
0,Baseline,84,2026-09-08,2026-09-08,PatternB,Call,23750.0000,0,11:57:24.000,11:57:24.000,11:58:29.000,-202.0900,4.5070422535211267605633802800,0.2816901408450704225352112700,65
0,Baseline,85,2026-09-08,2026-09-08,PatternA,Put,23750.0000,0,11:58:29.000,11:58:29.000,11:59:10.000,775.7300,1.0644257703081232492997198900,1.736694677871148459383753500,41
0,Baseline,86,2026-09-08,2026-09-08,PatternB,Call,23750.0000,0,11:59:10.000,11:59:10.000,12:00:16.000,-461.6600,7.0175438596491228070175438600,1.461988304093567251461988300,66
0,Baseline,87,2026-09-08,2026-09-08,PatternA,Put,23750.0000,0,12:00:16.000,12:00:16.000,12:00:56.000,2885.1700,0.6948156066274719401389631200,7.5360769641902725815072153900,40
0,Baseline,88,2026-09-08,2026-09-08,PatternB,Call,23750.0000,0,12:00:56.000,12:00:56.000,12:00:58.000,-6.2400,1.3029315960912052117263843600,0,2
0,Baseline,89,2026-09-08,2026-09-08,PatternA,Put,23750.0000,0,12:00:58.000,12:00:58.000,12:01:14.000,122.2800,0.4556962025316455696202531600,2.8860759493670886075949367100,16
0,Baseline,90,2026-09-08,2026-09-08,PatternB,Call,23750.0000,0,12:01:14.000,12:01:14.000,12:01:37.000,-103.5900,1.9801980198019801980198019800,1.9801980198019801980198019800,23
0,Baseline,91,2026-09-08,2026-09-08,PatternA,Put,23750.0000,0,12:01:37.000,12:01:37.000,12:01:50.000,-234.7700,1.1201629327902240325865580400,0.5600814663951120162932790200,13
0,Baseline,92,2026-09-08,2026-09-08,PatternB,Call,23750.0000,0,12:01:50.000,12:01:50.000,12:03:10.000,351.1800,0,6.3333333333333333333333333300,80
0,Baseline,93,2026-09-08,2026-09-08,PatternA,Put,23750.0000,0,12:03:10.000,12:03:10.000,12:03:28.000,26.4100,0.4741833508956796628029504700,1.00105374077976817702845100,18
0,Baseline,94,2026-09-08,2026-09-08,PatternB,Call,23750.0000,0,12:03:28.000,12:03:28.000,12:03:59.000,-103.8200,1.2738853503184713375796178300,1.2738853503184713375796178300,31
0,Baseline,95,2026-09-08,2026-09-08,PatternA,Put,23750.0000,0,12:03:59.000,12:03:59.000,12:04:22.000,1000.2500,0.4155844155844155844155844200,3.0129870129870129870129870100,23
0,Baseline,96,2026-09-08,2026-09-08,PatternB,Call,23750.0000,0,12:04:22.000,12:04:22.000,12:04:57.000,-298.5100,3.6065573770491803278688524600,1.6393442622950819672131147500,35
0,Baseline,97,2026-09-08,2026-09-08,PatternA,Put,23750.0000,0,12:04:57.000,12:04:57.000,12:06:41.000,1842.6900,1.234567901234567901234567900,6.9135802469135802469135802500,104
0,Baseline,98,2026-09-08,2026-09-08,PatternB,Call,23750.0000,0,12:06:41.000,12:06:41.000,12:08:40.000,91.7700,1.075268817204301075268817200,5.7347670250896057347670250900,119
0,Baseline,99,2026-09-08,2026-09-08,PatternA,Put,23750.0000,0,12:08:40.000,12:08:40.000,12:08:54.000,542.3400,0.2401536983669548511047070100,1.4409221902017291066282420700,14
0,Baseline,100,2026-09-08,2026-09-08,PatternB,Call,23750.0000,0,12:08:54.000,12:08:54.000,12:12:35.000,611.4300,3.5714285714285714285714285700,10.0,221
0,Baseline,101,2026-09-08,2026-09-08,PatternA,Put,23750.0000,0,12:12:35.000,12:12:35.000,12:12:42.000,-1728.8200,2.6999490575649516046867040200,0,7
0,Baseline,102,2026-09-08,2026-09-08,PatternB,Call,23750.0000,0,12:12:41.000,12:12:41.000,12:14:55.000,-233.6300,3.8834951456310679611650485400,2.588996763754045307443365700,134
0,Baseline,103,2026-09-08,2026-09-08,PatternA,Put,23750.0000,0,12:14:55.000,12:14:55.000,12:17:43.000,-331.7600,1.7507723995880535530381050500,3.6560247167868177136972193600,168
0,Baseline,104,2026-09-08,2026-09-08,PatternB,Call,23750.0000,0,12:17:43.000,12:17:43.000,12:19:35.000,-71.3000,2.2435897435897435897435897400,1.9230769230769230769230769200,112
0,Baseline,105,2026-09-08,2026-09-08,PatternA,Put,23750.0000,0,12:19:35.000,12:19:35.000,12:27:38.000,-2052.6800,6.9900886802295252999478351600,2.3995826812728221178925404300,483
0,Baseline,106,2026-09-08,2026-09-08,PatternB,Call,23750.0000,0,12:27:38.000,12:27:38.000,12:37:34.000,1845.0500,3.2258064516129032258064516100,22.903225806451612903225806450,596
0,Baseline,107,2026-09-08,2026-09-08,PatternA,Put,23750.0000,0,12:37:34.000,12:37:34.000,12:45:39.000,5911.1400,3.3602986932171748599875544500,13.690105787181082762912258870,485
0,Baseline,108,2026-09-08,2026-09-08,PatternB,Call,23750.0000,0,12:45:39.000,12:45:39.000,12:48:16.000,-850.3000,10.104529616724738675958188150,1.0452961672473867595818815300,157
0,Baseline,109,2026-09-08,2026-09-08,PatternA,Put,23750.0000,0,12:48:16.000,12:48:16.000,12:49:21.000,124.2700,0.6393180607352157698454981400,1.9712306872669152903569525800,65
0,Baseline,110,2026-09-08,2026-09-08,PatternB,Call,23750.0000,0,12:49:21.000,12:49:21.000,12:55:48.000,1196.4900,4.2471042471042471042471042500,16.602316602316602316602316600,387
0,Baseline,111,2026-09-08,2026-09-08,PatternA,Put,23750.0000,0,12:55:48.000,12:55:48.000,13:06:10.000,5388.4800,1.02622576966932725199543900,11.573546180159635119726339790,622
0,Baseline,112,2026-09-08,2026-09-08,PatternB,Call,23750.0000,0,13:06:10.000,13:06:10.000,13:12:59.000,-70.0800,6.3492063492063492063492063500,9.126984126984126984126984130,409
0,Baseline,113,2026-09-08,2026-09-08,PatternA,Put,23750.0000,0,13:12:59.000,13:12:59.000,13:15:45.000,-2636.3000,7.8200321371183717193358328900,0.4284949116229244777718264600,166
0,Baseline,114,2026-09-08,2026-09-08,PatternB,Call,23750.0000,0,13:15:45.000,13:15:45.000,13:17:47.000,-395.3400,5.4545454545454545454545454500,2.5454545454545454545454545500,122
0,Baseline,115,2026-09-08,2026-09-08,PatternA,Put,23750.0000,0,13:17:47.000,13:17:47.000,13:26:36.000,3211.4900,0.8351893095768374164810690400,7.0155902004454342984409799600,529
0,Baseline,116,2026-09-08,2026-09-08,PatternB,Call,23750.0000,0,13:26:36.000,13:26:36.000,13:27:05.000,-654.4900,9.128630705394190871369294610,0.8298755186721991701244813300,29
0,Baseline,117,2026-09-08,2026-09-08,PatternA,Put,23750.0000,0,13:27:05.000,13:27:05.000,13:27:10.000,-624.5100,1.171676006113092205807437600,0,5
0,Baseline,118,2026-09-08,2026-09-08,PatternB,Call,23750.0000,0,13:27:10.000,13:27:10.000,13:27:39.000,60.4100,3.12500,1.7857142857142857142857142900,29
0,Baseline,119,2026-09-08,2026-09-08,PatternA,Put,23750.0000,0,13:27:39.000,13:27:39.000,13:30:33.000,-753.6100,4.4721788871554862194487779500,2.3920956838273530941237649500,174
0,Baseline,120,2026-09-08,2026-09-08,PatternB,Call,23750.0000,0,13:30:33.000,13:30:33.000,13:31:48.000,-37.1500,1.7391304347826086956521739100,3.0434782608695652173913043500,75
0,Baseline,121,2026-09-08,2026-09-08,PatternA,Put,23750.0000,0,13:31:48.000,13:31:48.000,13:33:04.000,4638.4000,0.210084033613445378151260500,9.348739495798319327731092440,76
0,Baseline,122,2026-09-08,2026-09-08,PatternB,Call,23750.0000,0,13:33:04.000,13:33:04.000,13:34:57.000,-361.2800,10.152284263959390862944162440,2.5380710659898477157360406100,113
0,Baseline,123,2026-09-08,2026-09-08,PatternA,Put,23750.0000,0,13:34:57.000,13:34:57.000,13:36:08.000,-5336.3200,9.064609450337512054001928640,0,71
0,Baseline,124,2026-09-08,2026-09-08,PatternB,Call,23750.0000,0,13:36:08.000,13:36:08.000,13:41:51.000,-946.2800,16.279069767441860465116279070,5.1162790697674418604651162800,343
0,Baseline,125,2026-09-08,2026-09-08,PatternA,Put,23750.0000,0,13:41:51.000,13:41:51.000,13:42:26.000,-886.6400,1.6377649325626204238921001900,0.0963391136801541425818882500,35
0,Baseline,126,2026-09-08,2026-09-08,PatternB,Call,23750.0000,0,13:42:26.000,13:42:26.000,13:43:46.000,-36.4200,0.5154639175257731958762886600,4.6391752577319587628865979400,80
0,Baseline,127,2026-09-08,2026-09-08,PatternA,Put,23750.0000,0,13:43:46.000,13:43:46.000,13:46:23.000,1452.9100,0.8884501480750246791707798600,5.1332675222112537018756169800,157
0,Baseline,128,2026-09-08,2026-09-08,PatternB,Call,23750.0000,0,13:46:23.000,13:46:23.000,13:51:30.000,-1140.5300,20.108695652173913043478260870,6.5217391304347826086956521700,307
0,Baseline,129,2026-09-08,2026-09-08,PatternA,Put,23750.0000,0,13:51:30.000,13:51:30.000,13:53:20.000,-1215.8700,2.1360069747166521360069747200,4.4463818657367044463818657400,110
0,Baseline,130,2026-09-08,2026-09-08,PatternB,Call,23750.0000,0,13:53:20.000,13:53:20.000,13:53:33.000,-35.5900,1.9607843137254901960784313700,1.3071895424836601307189542500,13
0,Baseline,131,2026-09-08,2026-09-08,PatternA,Put,23750.0000,0,13:53:33.000,13:53:33.000,13:55:43.000,-3683.8100,6.3464081092992507712648743900,0,130
0,Baseline,132,2026-09-08,2026-09-08,PatternB,Call,23750.0000,0,13:55:43.000,13:55:43.000,13:59:31.000,-133.3500,5.3254437869822485207100591700,4.1420118343195266272189349100,228
0,Baseline,133,2026-09-08,2026-09-08,PatternA,Put,23750.0000,0,13:59:31.000,13:59:31.000,14:00:35.000,-2739.8900,4.1013824884792626728110599100,0.829493087557603686635944700,64
0,Baseline,134,2026-09-08,2026-09-08,PatternB,Call,23750.0000,0,14:00:35.000,14:00:35.000,14:02:38.000,-198.6000,4.3715846994535519125683060100,2.7322404371584699453551912600,123
0,Baseline,135,2026-09-08,2026-09-08,PatternA,Put,23750.0000,0,14:02:38.000,14:02:38.000,14:02:52.000,346.5100,0.9394081728511038046031000500,0.9863785814936589948332550500,14
0,Baseline,136,2026-09-08,2026-09-08,PatternB,Call,23750.0000,0,14:02:52.000,14:02:52.000,14:04:35.000,418.6600,2.2727272727272727272727272700,13.636363636363636363636363640,103
0,Baseline,137,2026-09-08,2026-09-08,PatternA,Put,23750.0000,0,14:04:35.000,14:04:35.000,14:07:50.000,-138.9000,4.8995590396864282214600685900,1.1268985791278784909358157800,195
0,Baseline,138,2026-09-08,2026-09-08,PatternB,Call,23750.0000,0,14:07:50.000,14:07:51.000,14:14:55.000,353.3400,2.577319587628865979381443300,30.412371134020618556701030930,424
0,Baseline,139,2026-09-08,2026-09-08,PatternA,Put,23750.0000,0,14:14:55.000,14:14:55.000,14:15:35.000,-72.3100,0.7649158592554818969913309500,1.7848036715961244263131055600,40
0,Baseline,140,2026-09-08,2026-09-08,PatternB,Call,23750.0000,0,14:15:35.000,14:15:35.000,14:20:06.000,450.5100,1.4492753623188405797101449300,22.222222222222222222222222220,271
0,Baseline,141,2026-09-08,2026-09-08,PatternA,Put,23750.0000,0,14:20:06.000,14:20:06.000,14:20:24.000,-1403.0900,3.3907146583202921231090245200,0.3129890453834115805946791900,18
0,Baseline,142,2026-09-08,2026-09-08,PatternB,Call,23750.0000,0,14:20:24.000,14:20:24.000,14:21:07.000,-297.0700,4.2735042735042735042735042700,0.8547008547008547008547008500,43
0,Baseline,143,2026-09-08,2026-09-08,PatternA,Put,23750.0000,0,14:21:07.000,14:21:07.000,14:25:06.000,870.3300,1.298701298701298701298701300,3.6363636363636363636363636400,239
0,Baseline,144,2026-09-08,2026-09-08,PatternB,Call,23750.0000,0,14:25:06.000,14:25:06.000,14:25:30.000,-328.9800,4.8543689320388349514563106800,0.9708737864077669902912621400,24
0,Baseline,145,2026-09-08,2026-09-08,PatternA,Put,23750.0000,0,14:25:30.000,14:25:30.000,14:26:46.000,186.7500,1.100550275137568784392196100,4.2521260630315157578789394700,76
0,Baseline,146,2026-09-08,2026-09-08,PatternB,Call,23750.0000,0,14:26:46.000,14:26:46.000,14:36:48.000,1749.9200,1.5306122448979591836734693900,37.244897959183673469387755100,602
0,Baseline,147,2026-09-08,2026-09-08,PatternA,Put,23750.0000,0,14:36:48.000,14:36:48.000,14:38:44.000,2560.2700,0.053304904051172707889125800,5.4371002132196162046908315600,116
0,Baseline,148,2026-09-08,2026-09-08,PatternB,Call,23750.0000,0,14:38:44.000,14:38:44.000,14:40:37.000,-751.4000,10.232558139534883720930232560,0,113
0,Baseline,149,2026-09-08,2026-09-08,PatternA,Put,23750.0000,0,14:40:37.000,14:40:37.000,14:40:58.000,-1113.1500,1.769911504424778761061946900,0.6882989183874139626352015700,21
0,Baseline,150,2026-09-08,2026-09-08,PatternB,Call,23750.0000,0,14:40:58.000,14:40:58.000,14:42:53.000,807.8900,0.495049504950495049504950500,23.267326732673267326732673270,115
0,Baseline,151,2026-09-08,2026-09-08,PatternA,Put,23750.0000,0,14:42:53.000,14:42:53.000,14:45:43.000,1553.1300,2.1175224986765484383271572300,4.3409211222869242985706723100,170
0,Baseline,152,2026-09-08,2026-09-08,PatternB,Call,23750.0000,0,14:45:43.000,14:45:43.000,14:45:57.000,-394.2000,5.9360730593607305936073059400,0,14
0,Baseline,153,2026-09-08,2026-09-08,PatternA,Put,23750.0000,0,14:45:57.000,14:45:57.000,14:46:01.000,-819.7700,2.2199798183652875882946518700,0,4
0,Baseline,154,2026-09-08,2026-09-08,PatternB,Call,23750.0000,0,14:46:01.000,14:46:01.000,14:47:49.000,-199.2500,7.4418604651162790697674418600,0,108
0,Baseline,155,2026-09-08,2026-09-08,PatternA,Put,23750.0000,0,14:47:49.000,14:47:49.000,14:48:42.000,-1534.0800,2.9441624365482233502538071100,0,53
0,Baseline,156,2026-09-08,2026-09-08,PatternB,Call,23750.0000,0,14:48:42.000,14:48:42.000,14:50:30.000,-686.6000,13.901345291479820627802690580,2.6905829596412556053811659200,108
0,Baseline,157,2026-09-08,2026-09-08,PatternA,Put,23750.0000,0,14:50:30.000,14:50:30.000,14:55:07.000,-2931.0900,5.8823529411764705882352941200,5.1784816490698843640020110600,277
0,Baseline,158,2026-09-08,2026-09-08,PatternB,Call,23750.0000,0,14:55:07.000,14:55:07.000,14:57:01.000,-848.7800,13.679245283018867924528301890,2.8301886792452830188679245300,114
0,Baseline,159,2026-09-08,2026-09-08,PatternA,Put,23750.0000,0,14:57:01.000,14:57:01.000,15:00:59.000,-2964.5900,8.778813143697891123099558610,1.422265816576753310446297200,238
0,Baseline,0,2026-09-09,2026-09-15,PatternB,Call,23650.0000,6,09:15:27.000,09:15:27.000,09:15:28.000,-234.2000,0.5681818181818181818181818200,0,1
0,Baseline,1,2026-09-09,2026-09-15,PatternA,Put,23650.0000,6,09:15:28.000,09:15:28.000,09:15:38.000,2983.3600,0.1456452082726478298863967400,4.10719487328866880279638800,10
0,Baseline,2,2026-09-09,2026-09-15,PatternB,Call,23650.0000,6,09:15:38.000,09:15:38.000,09:17:10.000,-3674.9000,7.8688524590163934426229508200,0.3278688524590163934426229500,92
0,Baseline,3,2026-09-09,2026-09-15,PatternA,Put,23600.0000,6,09:17:10.000,09:17:10.000,09:19:39.000,-713.5400,3.08132147395171537484116900,2.5730622617534942820838627700,149
0,Baseline,4,2026-09-09,2026-09-15,PatternB,Call,23600.0000,6,09:19:39.000,09:19:39.000,09:19:59.000,-271.6000,0.550964187327823691460055100,0.5968778696051423324150596900,20
0,Baseline,5,2026-09-09,2026-09-15,PatternA,Put,23600.0000,6,09:19:59.000,09:19:59.000,09:20:35.000,-2467.2800,3.1847133757961783439490445900,1.3057324840764331210191082800,36
0,Baseline,6,2026-09-09,2026-09-15,PatternB,Call,23600.0000,6,09:20:35.000,09:20:35.000,09:20:44.000,-239.9100,0.4059539918809201623815967500,0.6314839873703202525935949500,9
0,Baseline,7,2026-09-09,2026-09-15,PatternA,Put,23600.0000,6,09:20:43.000,09:20:44.000,09:21:01.000,-679.6200,0.5199870003249918752031199200,0.5849853753656158596035099100,17
0,Baseline,8,2026-09-09,2026-09-15,PatternB,Call,23600.0000,6,09:21:01.000,09:21:01.000,09:21:49.000,117.3000,0.3603603603603603603603603600,1.801801801801801801801801800,48
0,Baseline,9,2026-09-09,2026-09-15,PatternA,Put,23600.0000,6,09:21:49.000,09:21:49.000,09:22:13.000,1497.5000,0,1.749752393529217563552327500,24
0,Baseline,10,2026-09-09,2026-09-15,PatternB,Call,23600.0000,6,09:22:13.000,09:22:13.000,09:22:19.000,-304.6300,0.453514739229024943310657600,0.1360544217687074829931972800,6
0,Baseline,11,2026-09-09,2026-09-15,PatternA,Put,23600.0000,6,09:22:19.000,09:22:19.000,09:23:14.000,1626.0200,0.225952227243382827630729500,1.9690122659780503550677856700,55
0,Baseline,12,2026-09-09,2026-09-15,PatternB,Call,23600.0000,6,09:23:14.000,09:23:14.000,09:23:17.000,-466.2700,0.5996309963099630996309963100,0,3
0,Baseline,13,2026-09-09,2026-09-15,PatternA,Put,23600.0000,6,09:23:17.000,09:23:17.000,09:23:31.000,-291.5000,0.53831538948701709943001900,0.4433185560481317289423685900,14
0,Baseline,14,2026-09-09,2026-09-15,PatternB,Call,23600.0000,6,09:23:31.000,09:23:31.000,09:24:11.000,443.3000,0.5090236001850994909763998100,1.4345210550670985654789449300,40
0,Baseline,15,2026-09-09,2026-09-15,PatternA,Put,23600.0000,6,09:24:11.000,09:24:12.000,09:24:49.000,-3474.0100,3.3195020746887966804979253100,0.3830194701563996169805298400,37
0,Baseline,16,2026-09-09,2026-09-15,PatternB,Call,23600.0000,6,09:24:49.000,09:24:49.000,09:25:09.000,-78.1200,0.4450378282153983088562527800,0.8900756564307966177125055600,20
0,Baseline,17,2026-09-09,2026-09-15,PatternA,Put,23600.0000,6,09:25:09.000,09:25:09.000,09:26:01.000,-1912.6200,1.9224395094464700033145508800,1.0938017898574743122306927400,52
0,Baseline,18,2026-09-09,2026-09-15,PatternB,Call,23600.0000,6,09:26:01.000,09:26:01.000,09:26:31.000,700.5000,0.261894369271060672195547800,1.7459624618070711479703186400,30
0,Baseline,19,2026-09-09,2026-09-15,PatternA,Put,23650.0000,6,09:26:31.000,09:26:31.000,09:27:29.000,3859.1700,0.0573230151905990255087417600,4.987102321582115219260533100,58
0,Baseline,20,2026-09-09,2026-09-15,PatternB,Call,23600.0000,6,09:27:29.000,09:27:29.000,09:28:04.000,1188.7100,0.8032128514056224899598393600,2.8112449799196787148594377500,35
0,Baseline,21,2026-09-09,2026-09-15,PatternA,Put,23600.0000,6,09:28:04.000,09:28:04.000,09:29:49.000,1303.3900,0.4346372450685389501838849900,2.0728853226345703778000668700,105
0,Baseline,22,2026-09-09,2026-09-15,PatternB,Call,23600.0000,6,09:29:49.000,09:29:49.000,09:30:46.000,246.7800,0.223015165031222123104371100,1.9179304192685102586975914400,57
0,Baseline,23,2026-09-09,2026-09-15,PatternA,Put,23600.0000,6,09:30:46.000,09:30:46.000,09:30:51.000,-418.6200,0.5960264900662251655629139100,0,5
0,Baseline,24,2026-09-09,2026-09-15,PatternB,Call,23600.0000,6,09:30:51.000,09:30:52.000,09:31:41.000,1188.4600,0.5770084332001775410563692900,2.7962716378162450066577896100,49
0,Baseline,25,2026-09-09,2026-09-15,PatternA,Put,23650.0000,6,09:31:41.000,09:31:41.000,09:33:54.000,-883.3900,0.7112375533428165007112375500,1.7069701280227596017069701300,133
0,Baseline,26,2026-09-09,2026-09-15,PatternB,Call,23600.0000,6,09:33:54.000,09:33:54.000,09:35:27.000,-436.1500,1.4448336252189141856392294200,2.1015761821366024518388791600,93
0,Baseline,27,2026-09-09,2026-09-15,PatternA,Put,23600.0000,6,09:35:27.000,09:35:27.000,09:39:49.000,-6328.5400,6.7750677506775067750677506800,2.3035230352303523035230352300,262
0,Baseline,28,2026-09-09,2026-09-15,PatternB,Call,23650.0000,6,09:39:49.000,09:39:49.000,09:40:50.000,188.0900,2.4831867563372995344024831900,2.2762545266425245732022762500,61
0,Baseline,29,2026-09-09,2026-09-15,PatternA,Put,23650.0000,6,09:40:50.000,09:40:50.000,09:41:07.000,62.9300,0.6367495451788963007883565800,0.6973923590054578532443905400,17
0,Baseline,30,2026-09-09,2026-09-15,PatternB,Call,23650.0000,6,09:41:07.000,09:41:07.000,09:41:59.000,-1273.5100,2.2750775594622543950361944200,0.2585315408479834539813857300,52
0,Baseline,31,2026-09-09,2026-09-15,PatternA,Put,23650.0000,6,09:41:59.000,09:41:59.000,09:42:47.000,-1497.6200,1.7788319003854135784168396100,0.444707975096353394604209900,48
0,Baseline,32,2026-09-09,2026-09-15,PatternB,Call,23650.0000,6,09:42:47.000,09:42:47.000,09:46:32.000,-1987.7800,3.8020833333333333333333333300,2.4479166666666666666666666700,225
0,Baseline,33,2026-09-09,2026-09-15,PatternA,Put,23650.0000,6,09:46:32.000,09:46:32.000,09:49:47.000,6133.9300,1.7487612940833576216846400500,6.3246866802681433984261148400,195
0,Baseline,34,2026-09-09,2026-09-15,PatternB,Call,23600.0000,6,09:49:47.000,09:49:47.000,09:50:30.000,-1147.9000,1.6775396085740913327120223700,1.164958061509785647716682200,43
0,Baseline,35,2026-09-09,2026-09-15,PatternA,Put,23600.0000,6,09:50:30.000,09:50:30.000,09:52:25.000,-419.8400,0.5519480519480519480519480500,2.5649350649350649350649350600,115
0,Baseline,36,2026-09-09,2026-09-15,PatternB,Call,23600.0000,6,09:52:25.000,09:52:25.000,09:53:15.000,-173.2700,0.2811621368322399250234301800,1.8744142455482661668228678500,50
0,Baseline,37,2026-09-09,2026-09-15,PatternA,Put,23600.0000,6,09:53:15.000,09:53:15.000,09:55:28.000,717.2800,0.5874673629242819843342036600,1.5339425587467362924281984300,133
0,Baseline,38,2026-09-09,2026-09-15,PatternB,Call,23600.0000,6,09:55:28.000,09:55:28.000,09:56:58.000,-1309.7700,2.2169811320754716981132075500,1.0849056603773584905660377400,90
0,Baseline,39,2026-09-09,2026-09-15,PatternA,Put,23600.0000,6,09:56:58.000,09:56:58.000,09:57:24.000,293.7600,0.3517748640869843300287815800,0.8954269267668692037096258400,26
0,Baseline,40,2026-09-09,2026-09-15,PatternB,Call,23600.0000,6,09:57:24.000,09:57:24.000,09:58:13.000,185.0500,0.0960153624579932789246279400,1.7282765242438790206433029300,49
0,Baseline,41,2026-09-09,2026-09-15,PatternA,Put,23600.0000,6,09:58:13.000,09:58:13.000,09:59:48.000,845.8300,0.7984669434685404024273395100,2.5870328968380709038645800100,95
0,Baseline,42,2026-09-09,2026-09-15,PatternB,Call,23600.0000,6,09:59:48.000,09:59:49.000,10:00:31.000,-1600.8300,3.1098153547133138969873663800,0.097181729834791059280855200,42
0,Baseline,43,2026-09-09,2026-09-15,PatternA,Put,23600.0000,6,10:00:31.000,10:00:31.000,10:01:19.000,2078.2300,0.0310462589257994411673393400,2.9804408568767463520645762200,48
0,Baseline,44,2026-09-09,2026-09-15,PatternB,Call,23600.0000,6,10:01:19.000,10:01:19.000,10:01:26.000,-429.5100,0.8686765457332652018395503300,0,7
0,Baseline,45,2026-09-09,2026-09-15,PatternA,Put,23600.0000,6,10:01:26.000,10:01:26.000,10:01:52.000,-749.3500,0.935990338164251207729468600,1.2077294685990338164251207700,26
0,Baseline,46,2026-09-09,2026-09-15,PatternB,Call,23600.0000,6,10:01:52.000,10:01:52.000,10:01:57.000,-267.1300,0.4596527068437180796731358500,0.2553626149131767109295199200,5
0,Baseline,47,2026-09-09,2026-09-15,PatternA,Put,23600.0000,6,10:01:57.000,10:01:57.000,10:02:24.000,-2080.8700,1.9062027231467473524962178500,0.453857791225416036308623300,27
0,Baseline,48,2026-09-09,2026-09-15,PatternB,Call,23600.0000,6,10:02:24.000,10:02:24.000,10:03:54.000,-332.6000,0.5042864346949067070095814400,1.5128593040847201210287443300,90
0,Baseline,49,2026-09-09,2026-09-15,PatternA,Put,23600.0000,6,10:03:54.000,10:03:54.000,10:05:09.000,-1301.1800,2.6092233009708737864077669900,0,75
0,Baseline,50,2026-09-09,2026-09-15,PatternB,Call,23600.0000,6,10:05:09.000,10:05:09.000,10:05:56.000,-7.9600,0.1506780512305374183827222500,1.3561024610748367654445002500,47
0,Baseline,51,2026-09-09,2026-09-15,PatternA,Put,23600.0000,6,10:05:56.000,10:05:56.000,10:06:16.000,-780.9300,0.8567931456548347613219094200,0.1223990208078335373317013500,20
0,Baseline,52,2026-09-09,2026-09-15,PatternB,Call,23600.0000,6,10:06:16.000,10:06:16.000,10:06:41.000,-527.9200,0.5985037406483790523690773100,0.6483790523690773067331670800,25
0,Baseline,53,2026-09-09,2026-09-15,PatternA,Put,23600.0000,6,10:06:41.000,10:06:41.000,10:09:00.000,940.3100,0.2746414403417760146475434800,3.1431187061336588342996643300,139
0,Baseline,54,2026-09-09,2026-09-15,PatternB,Call,23600.0000,6,10:09:00.000,10:09:00.000,10:10:46.000,-689.6300,1.0654490106544901065449010700,1.3191273465246067985794013200,106
0,Baseline,55,2026-09-09,2026-09-15,PatternA,Put,23600.0000,6,10:10:46.000,10:10:46.000,10:12:21.000,-2633.9800,2.9236276849642004773269689700,1.4916467780429594272076372300,95
0,Baseline,56,2026-09-09,2026-09-15,PatternB,Call,23600.0000,6,10:12:21.000,10:12:21.000,10:12:47.000,89.3100,0.0500250125062531265632816400,0.7503751875937968984492246100,26
0,Baseline,57,2026-09-09,2026-09-15,PatternA,Put,23600.0000,6,10:12:47.000,10:12:47.000,10:12:54.000,-423.0700,0.339610991046619326952763200,0.1852423587527014510651435600,7
0,Baseline,58,2026-09-09,2026-09-15,PatternB,Call,23600.0000,6,10:12:54.000,10:12:54.000,10:13:32.000,706.1600,0.0994035785288270377733598400,1.5407554671968190854870775300,38
0,Baseline,59,2026-09-09,2026-09-15,PatternA,Put,23600.0000,6,10:13:32.000,10:13:32.000,10:13:39.000,-227.0500,0.5340873389883757461514294700,0.0942507068803016022620169700,7
0,Baseline,60,2026-09-09,2026-09-15,PatternB,Call,23600.0000,6,10:13:39.000,10:13:39.000,10:13:53.000,121.0000,0.2944062806673209028459273800,0.7360157016683022571148184500,14
0,Baseline,61,2026-09-09,2026-09-15,PatternA,Put,23600.0000,6,10:13:53.000,10:13:53.000,10:16:29.000,-1558.1900,1.6471333544504276211593284800,2.1539436173582515045929680100,156
0,Baseline,62,2026-09-09,2026-09-15,PatternB,Call,23600.0000,6,10:16:29.000,10:16:29.000,10:18:45.000,3822.9500,0.3857280617164898746383799400,6.65380906460945033751205400,136
0,Baseline,63,2026-09-09,2026-09-15,PatternA,Put,23600.0000,6,10:18:44.000,10:18:45.000,10:19:17.000,-676.5700,1.7765630338230269900922446200,0.4441407584557567475230611500,32
0,Baseline,64,2026-09-09,2026-09-15,PatternB,Call,23600.0000,6,10:19:17.000,10:19:17.000,10:20:04.000,1254.9900,0,4.5955882352941176470588235300,47
0,Baseline,65,2026-09-09,2026-09-15,PatternA,Put,23650.0000,6,10:20:04.000,10:20:04.000,10:21:17.000,-4096.5400,4.4117647058823529411764705900,0.1470588235294117647058823500,73
0,Baseline,66,2026-09-09,2026-09-15,PatternB,Call,23650.0000,6,10:21:17.000,10:21:17.000,10:24:15.000,7010.7200,1.6847826086956521739130434800,12.500,178
0,Baseline,67,2026-09-09,2026-09-15,PatternA,Put,23650.0000,6,10:24:15.000,10:24:15.000,10:24:52.000,2278.0700,0.7054081289889150151158884800,4.4004030903594222371514947900,37
0,Baseline,68,2026-09-09,2026-09-15,PatternB,Call,23650.0000,6,10:24:52.000,10:24:52.000,10:24:53.000,-171.0700,0.7403751233958538993089832200,0,1
0,Baseline,69,2026-09-09,2026-09-15,PatternA,Put,23650.0000,6,10:24:53.000,10:24:53.000,10:25:03.000,1107.1700,0,1.6028786391887471377167157300,10
0,Baseline,70,2026-09-09,2026-09-15,PatternB,Call,23650.0000,6,10:25:03.000,10:25:03.000,10:26:28.000,-365.2400,2.3606228026117528879959819200,1.9588146659969864389753892500,85
0,Baseline,71,2026-09-09,2026-09-15,PatternA,Put,23650.0000,6,10:26:28.000,10:26:28.000,10:26:50.000,326.1800,0.6709265175718849840255591100,0.7667731629392971246006389800,22
0,Baseline,72,2026-09-09,2026-09-15,PatternB,Call,23650.0000,6,10:26:50.000,10:26:50.000,10:28:18.000,512.0000,3.0349013657056145675265553900,2.1750126454223571067273646900,88
0,Baseline,73,2026-09-09,2026-09-15,PatternA,Put,23650.0000,6,10:28:18.000,10:28:18.000,10:28:41.000,-62.8500,0.4524886877828054298642533900,0.6140917905623787976729153200,23
0,Baseline,74,2026-09-09,2026-09-15,PatternB,Call,23650.0000,6,10:28:41.000,10:28:41.000,10:29:37.000,-137.9600,0.5513784461152882205513784500,1.7042606516290726817042606500,56
0,Baseline,75,2026-09-09,2026-09-15,PatternA,Put,23650.0000,6,10:29:37.000,10:29:37.000,10:29:39.000,-355.1000,0.5499838240051763183435781300,0,2
0,Baseline,76,2026-09-09,2026-09-15,PatternB,Call,23650.0000,6,10:29:39.000,10:29:39.000,10:29:52.000,349.1900,0,1.151727591387080620931397100,13
0,Baseline,77,2026-09-09,2026-09-15,PatternA,Put,23650.0000,6,10:29:52.000,10:29:52.000,10:31:34.000,2731.0000,2.5122349102773246329526916800,3.1973898858075040783034257700,102
0,Baseline,78,2026-09-09,2026-09-15,PatternB,Call,23650.0000,6,10:31:34.000,10:31:34.000,10:31:49.000,-624.4300,1.3782542113323124042879019900,0,15
0,Baseline,79,2026-09-09,2026-09-15,PatternA,Put,23650.0000,6,10:31:49.000,10:31:49.000,10:32:29.000,909.8000,0,1.8867924528301886792452830200,40
0,Baseline,80,2026-09-09,2026-09-15,PatternB,Call,23650.0000,6,10:32:29.000,10:32:29.000,10:33:16.000,578.0500,0.3640145605824232969318772800,1.8200728029121164846593863800,47
0,Baseline,81,2026-09-09,2026-09-15,PatternA,Put,23650.0000,6,10:33:16.000,10:33:16.000,10:33:25.000,-681.6100,0.6299212598425196850393700800,0,9
0,Baseline,82,2026-09-09,2026-09-15,PatternB,Call,23650.0000,6,10:33:25.000,10:33:26.000,10:34:33.000,-1761.2400,2.8061224489795918367346938800,1.3775510204081632653061224500,67
0,Baseline,83,2026-09-09,2026-09-15,PatternA,Put,23650.0000,6,10:34:33.000,10:34:33.000,10:41:14.000,8119.5800,0,9.051321928460342146189735610,401
0,Baseline,84,2026-09-09,2026-09-15,PatternB,Call,23600.0000,6,10:41:14.000,10:41:14.000,10:42:00.000,-725.6400,2.00466200466200466200466200,0,46
0,Baseline,85,2026-09-09,2026-09-15,PatternA,Put,23600.0000,6,10:42:00.000,10:42:00.000,10:43:37.000,427.7800,0.4444444444444444444444444400,1.8803418803418803418803418800,97
0,Baseline,86,2026-09-09,2026-09-15,PatternB,Call,23600.0000,6,10:43:37.000,10:43:37.000,10:47:09.000,2945.1900,0.8514664143803216650898770100,5.2034058656575212866603595100,212
0,Baseline,87,2026-09-09,2026-09-15,PatternA,Put,23600.0000,6,10:47:09.000,10:47:09.000,10:49:14.000,-933.9700,1.9950124688279301745635910200,2.0662629141432133950837192700,125
0,Baseline,88,2026-09-09,2026-09-15,PatternB,Call,23650.0000,6,10:49:14.000,10:49:14.000,10:57:38.000,1847.7500,4.2229729729729729729729729700,5.0675675675675675675675675700,504
0,Baseline,89,2026-09-09,2026-09-15,PatternA,Put,23650.0000,6,10:57:38.000,10:57:38.000,11:05:01.000,-3281.8300,6.4605021432945499081445192900,1.163502755664421310471524800,443
0,Baseline,90,2026-09-09,2026-09-15,PatternB,Call,23650.0000,6,11:05:01.000,11:05:01.000,11:07:03.000,-298.4700,3.2597266035751840168243953700,0.3154574132492113564668769700,122
0,Baseline,91,2026-09-09,2026-09-15,PatternA,Put,23650.0000,6,11:07:03.000,11:07:03.000,11:30:31.000,1656.8900,1.6367642429965376141013534800,4.7843877872206484104501101700,1408
0,Baseline,92,2026-09-09,2026-09-15,PatternB,Call,23650.0000,6,11:30:31.000,11:30:31.000,11:34:53.000,-1141.1600,1.9294377067254685777287761900,1.1025358324145534729878721100,262
0,Baseline,93,2026-09-09,2026-09-15,PatternA,Put,23650.0000,6,11:34:53.000,11:34:53.000,11:43:05.000,-2924.5300,3.2159264931087289433384379800,1.0413476263399693721286370600,492
0,Baseline,94,2026-09-09,2026-09-15,PatternB,Call,23650.0000,6,11:43:05.000,11:43:05.000,11:47:50.000,482.3000,0.5434782608695652173913043500,4.5652173913043478260869565200,285
0,Baseline,95,2026-09-09,2026-09-15,PatternA,Put,23650.0000,6,11:47:50.000,11:47:50.000,11:51:03.000,5035.3500,0.4128294696729120355668466200,4.9539536360749444268021594200,193
0,Baseline,96,2026-09-09,2026-09-15,PatternB,Call,23600.0000,6,11:51:03.000,11:51:03.000,11:51:27.000,-986.0900,1.3333333333333333333333333300,0.0459770114942528735632183900,24
0,Baseline,97,2026-09-09,2026-09-15,PatternA,Put,23600.0000,6,11:51:27.000,11:51:27.000,11:51:51.000,138.4300,0.7556675062972292191435768300,0.3238575026988125224901043500,24
0,Baseline,98,2026-09-09,2026-09-15,PatternB,Call,23600.0000,6,11:51:51.000,11:51:51.000,11:53:10.000,-1959.7300,3.2273152478952291861552853100,0.1870907390084190832553788600,79
0,Baseline,99,2026-09-09,2026-09-15,PatternA,Put,23600.0000,6,11:53:10.000,11:53:10.000,11:57:02.000,1565.3800,2.0450606585788561525129982700,2.8076256499133448873483535500,232
0,Baseline,100,2026-09-09,2026-09-15,PatternB,Call,23600.0000,6,11:57:02.000,11:57:02.000,11:57:07.000,-398.4700,0.5424063116370808678500986200,0,5
0,Baseline,101,2026-09-09,2026-09-15,PatternA,Put,23600.0000,6,11:57:07.000,11:57:07.000,11:58:28.000,199.8800,1.1856368563685636856368563700,1.4227642276422764227642276400,81
0,Baseline,102,2026-09-09,2026-09-15,PatternB,Call,23600.0000,6,11:58:28.000,11:58:28.000,11:58:48.000,-1210.0800,1.8417122946739671478347436500,0,20
0,Baseline,103,2026-09-09,2026-09-15,PatternA,Put,23600.0000,6,11:58:48.000,11:58:48.000,11:59:00.000,133.7000,0.7304116865869853917662682600,0.3984063745019920318725099600,12
0,Baseline,104,2026-09-09,2026-09-15,PatternB,Call,23600.0000,6,11:59:00.000,11:59:00.000,12:00:16.000,-2118.8400,4.04858299595141700404858300,0.1012145748987854251012145700,76
0,Baseline,105,2026-09-09,2026-09-15,PatternA,Put,23600.0000,6,12:00:16.000,12:00:16.000,12:00:47.000,-1167.4800,2.1864951768488745980707395500,0.1607717041800643086816720300,31
0,Baseline,106,2026-09-09,2026-09-15,PatternB,Call,23600.0000,6,12:00:47.000,12:00:47.000,12:00:52.000,-786.3200,1.6028955532574974146845915200,0,5
0,Baseline,107,2026-09-09,2026-09-15,PatternA,Put,23600.0000,6,12:00:52.000,12:00:52.000,12:03:07.000,3184.8000,0,4.1800643086816720257234726700,135
0,Baseline,108,2026-09-09,2026-09-15,PatternB,Call,23600.0000,6,12:03:07.000,12:03:07.000,12:03:54.000,838.9900,0.6420545746388443017656500800,1.8191546281433921883360085600,47
0,Baseline,109,2026-09-09,2026-09-15,PatternA,Put,23600.0000,6,12:03:53.000,12:03:53.000,12:04:15.000,-551.4600,0.5372945638432364096080910200,1.0429835651074589127686472800,22
0,Baseline,110,2026-09-09,2026-09-15,PatternB,Call,23600.0000,6,12:04:15.000,12:04:15.000,12:05:33.000,-753.2500,1.2073490813648293963254593200,0.4199475065616797900262467200,78
0,Baseline,111,2026-09-09,2026-09-15,PatternA,Put,23600.0000,6,12:05:33.000,12:05:33.000,12:06:54.000,1201.8700,0.3446115288220551378446115300,2.0989974937343358395989974900,81
0,Baseline,112,2026-09-09,2026-09-15,PatternB,Call,23600.0000,6,12:06:54.000,12:06:54.000,12:07:03.000,-38.0500,1.1211959423384943940202883100,0.373731980779498131340096100,9
0,Baseline,113,2026-09-09,2026-09-15,PatternA,Put,23600.0000,6,12:07:03.000,12:07:03.000,12:07:53.000,1006.2800,0.4028509451502943910753021400,1.3634955066625348621010226200,50
0,Baseline,114,2026-09-09,2026-09-15,PatternB,Call,23600.0000,6,12:07:53.000,12:07:53.000,12:08:04.000,-199.9800,0.3243243243243243243243243200,0.3243243243243243243243243200,11
0,Baseline,115,2026-09-09,2026-09-15,PatternA,Put,23600.0000,6,12:08:04.000,12:08:04.000,12:11:18.000,-1885.3000,3.3934576582084989299908284900,0,194
0,Baseline,116,2026-09-09,2026-09-15,PatternB,Call,23600.0000,6,12:11:18.000,12:11:18.000,12:15:03.000,1683.3000,0.1065530101225359616409163600,3.9957378795950985615343633500,225
0,Baseline,117,2026-09-09,2026-09-15,PatternA,Put,23600.0000,6,12:15:03.000,12:15:03.000,12:18:06.000,359.1900,1.1920103092783505154639175300,3.6404639175257731958762886600,183
0,Baseline,118,2026-09-09,2026-09-15,PatternB,Call,23600.0000,6,12:18:06.000,12:18:06.000,12:18:55.000,-1273.5300,1.9638242894056847545219638200,0.258397932816537467700258400,49
0,Baseline,119,2026-09-09,2026-09-15,PatternA,Put,23600.0000,6,12:18:55.000,12:18:55.000,12:21:11.000,-1623.8200,1.8808777429467084639498432600,1.3166144200626959247648902800,136
0,Baseline,120,2026-09-09,2026-09-15,PatternB,Call,23600.0000,6,12:21:11.000,12:21:11.000,12:25:22.000,-71.6200,3.2693305656460819927348209700,0.8303061754021795537104307200,251
0,Baseline,121,2026-09-09,2026-09-15,PatternA,Put,23600.0000,6,12:25:22.000,12:25:22.000,12:27:34.000,-3993.2100,5.2733118971061093247588424400,0.4823151125401929260450160800,132
0,Baseline,122,2026-09-09,2026-09-15,PatternB,Call,23600.0000,6,12:27:34.000,12:27:34.000,12:29:59.000,2038.3400,1.2078510317060895822848515300,4.1771514846502264720684448900,145
0,Baseline,123,2026-09-09,2026-09-15,PatternA,Put,23600.0000,6,12:29:59.000,12:29:59.000,12:30:43.000,-3663.3200,4.092339979013641133263378800,0,44
0,Baseline,124,2026-09-09,2026-09-15,PatternB,Call,23600.0000,6,12:30:43.000,12:30:43.000,12:31:33.000,-465.0300,1.0915994304698623635500711900,0.616990982439487422876127200,50
0,Baseline,125,2026-09-09,2026-09-15,PatternA,Put,23600.0000,6,12:31:33.000,12:31:33.000,12:32:59.000,-4343.3400,5.5837563451776649746192893400,0,86
0,Baseline,126,2026-09-09,2026-09-15,PatternB,Call,23650.0000,6,12:32:59.000,12:32:59.000,12:34:39.000,6720.2300,1.0857142857142857142857142900,14.685714285714285714285714290,100
0,Baseline,127,2026-09-09,2026-09-15,PatternA,Put,23650.0000,6,12:34:39.000,12:34:39.000,12:35:03.000,-189.4100,0.4096961420279959030385797200,1.707067258449982929327415500,24
0,Baseline,128,2026-09-09,2026-09-15,PatternB,Call,23650.0000,6,12:35:03.000,12:35:03.000,12:36:07.000,4799.4400,0.4058853373921867072552004100,10.654490106544901065449010650,64
0,Baseline,129,2026-09-09,2026-09-15,PatternA,Put,23650.0000,6,12:36:07.000,12:36:07.000,12:36:08.000,40.2200,0,0.2129925452609158679446219400,1
0,Baseline,130,2026-09-09,2026-09-15,PatternB,Call,23650.0000,6,12:36:08.000,12:36:08.000,12:36:13.000,-1504.7300,2.0244821092278719397363465200,0,5
0,Baseline,131,2026-09-09,2026-09-15,PatternA,Put,23650.0000,6,12:36:13.000,12:36:13.000,12:36:32.000,-1162.3800,1.0842952081147254284714935300,0.3147953830010493179433368300,19
0,Baseline,132,2026-09-09,2026-09-15,PatternB,Call,23650.0000,6,12:36:32.000,12:36:32.000,12:37:48.000,-1082.4300,4.0075436115040075436115040100,1.5087223008015087223008015100,76
0,Baseline,133,2026-09-09,2026-09-15,PatternA,Put,23650.0000,6,12:37:48.000,12:37:48.000,12:38:01.000,-1389.9000,0.9766306243460062783397279400,0.453435647017788629229159400,13
0,Baseline,134,2026-09-09,2026-09-15,PatternB,Call,23650.0000,6,12:38:01.000,12:38:01.000,12:38:13.000,-1667.1100,2.3080546396608572774375883200,0,12
0,Baseline,135,2026-09-09,2026-09-15,PatternA,Put,23650.0000,6,12:38:13.000,12:38:13.000,12:38:46.000,-1520.0000,2.1210013908205841446453407500,0,33
0,Baseline,136,2026-09-09,2026-09-15,PatternB,Call,23650.0000,6,12:38:46.000,12:38:46.000,12:40:57.000,-1667.0300,2.4539877300613496932515337400,0.4719207173194903256252949500,131
0,Baseline,137,2026-09-09,2026-09-15,PatternA,Put,23650.0000,6,12:40:57.000,12:40:57.000,12:41:59.000,-1779.7200,2.0557491289198606271777003500,2.1951219512195121951219512200,62
0,Baseline,138,2026-09-09,2026-09-15,PatternB,Call,23650.0000,6,12:41:59.000,12:41:59.000,12:42:29.000,1158.3200,0.4677268475210477081384471500,3.7418147801683816651075771700,30
0,Baseline,139,2026-09-09,2026-09-15,PatternA,Put,23650.0000,6,12:42:29.000,12:42:29.000,12:42:46.000,-1583.5000,1.6405135520684736091298145500,0.3209700427960057061340941500,17
0,Baseline,140,2026-09-09,2026-09-15,PatternB,Call,23650.0000,6,12:42:46.000,12:42:46.000,12:43:44.000,-2123.8800,3.1924460431654676258992805800,1.3039568345323741007194244600,58
0,Baseline,141,2026-09-09,2026-09-15,PatternA,Put,23650.0000,6,12:43:44.000,12:43:44.000,12:44:04.000,-739.0100,1.1773100249732429539778808400,0.3567606136282554405993578300,20
0,Baseline,142,2026-09-09,2026-09-15,PatternB,Call,23650.0000,6,12:44:04.000,12:44:05.000,12:44:50.000,-1376.0300,2.7930402930402930402930402900,0.3205128205128205128205128200,45
0,Baseline,143,2026-09-09,2026-09-15,PatternA,Put,23650.0000,6,12:44:50.000,12:44:50.000,12:46:23.000,1599.4100,0.2847988608045567817728729100,3.5599857600569597721609113600,93
0,Baseline,144,2026-09-09,2026-09-15,PatternB,Call,23650.0000,6,12:46:23.000,12:46:24.000,12:48:38.000,769.3000,1.284490960989533777354900100,4.2340627973358705994291151300,134
0,Baseline,145,2026-09-09,2026-09-15,PatternA,Put,23650.0000,6,12:48:38.000,12:48:38.000,12:52:48.000,-772.0800,3.2838983050847457627118644100,2.189265536723163841807909600,250
0,Baseline,146,2026-09-09,2026-09-15,PatternB,Call,23650.0000,6,12:52:48.000,12:52:48.000,12:54:31.000,-5532.5400,9.579439252336448598130841120,0,103
0,Baseline,147,2026-09-09,2026-09-15,PatternA,Put,23650.0000,6,12:54:31.000,12:54:31.000,12:54:40.000,135.0600,0.4074702886247877758913412600,0.4753820033955857385398981300,9
0,Baseline,148,2026-09-09,2026-09-15,PatternB,Call,23650.0000,6,12:54:40.000,12:54:40.000,12:54:59.000,-1501.4600,2.5471217524197656647987773800,0,19
0,Baseline,149,2026-09-09,2026-09-15,PatternA,Put,23650.0000,6,12:54:59.000,12:54:59.000,12:58:55.000,-5939.5200,7.630522088353413654618473900,1.7402945113788487282463186100,236
0,Baseline,150,2026-09-09,2026-09-15,PatternB,Call,23650.0000,6,12:58:55.000,12:58:55.000,13:00:30.000,-75.6200,0.4708097928436911487758945400,3.4369114877589453860640301300,95
0,Baseline,151,2026-09-09,2026-09-15,PatternA,Put,23650.0000,6,13:00:30.000,13:00:30.000,13:09:49.000,2606.0900,0.1064584811923349893541518800,5.2164655784244144783534421600,559
0,Baseline,152,2026-09-09,2026-09-15,PatternB,Call,23650.0000,6,13:09:49.000,13:09:49.000,13:10:07.000,-1339.2400,2.1805273833671399594320486800,0,18
0,Baseline,153,2026-09-09,2026-09-15,PatternA,Put,23650.0000,6,13:10:07.000,13:10:07.000,13:12:48.000,914.6300,0.5778382053025152957171991800,2.3793337865397688647178789900,161
0,Baseline,154,2026-09-09,2026-09-15,PatternB,Call,23650.0000,6,13:12:48.000,13:12:48.000,13:15:01.000,286.3000,2.9551451187335092348284960400,0.7915567282321899736147757300,133
0,Baseline,155,2026-09-09,2026-09-15,PatternA,Put,23650.0000,6,13:15:01.000,13:15:01.000,13:15:19.000,362.1700,0.3381805884342238755495434600,0.743997294555292526208995600,18
0,Baseline,156,2026-09-09,2026-09-15,PatternB,Call,23650.0000,6,13:15:19.000,13:15:19.000,13:16:55.000,-720.4000,2.1197668256491785903550609400,1.11287758346581875993640700,96
0,Baseline,157,2026-09-09,2026-09-15,PatternA,Put,23650.0000,6,13:16:55.000,13:16:56.000,13:27:23.000,-2561.6500,3.6132485781197724991635998700,1.4386082301773168283706925400,627
0,Baseline,158,2026-09-09,2026-09-15,PatternB,Call,23650.0000,6,13:27:23.000,13:27:23.000,13:44:38.000,512.7700,5.0025786487880350696235172800,5.4151624548736462093862815900,1035
0,Baseline,159,2026-09-09,2026-09-15,PatternA,Put,23650.0000,6,13:44:38.000,13:44:38.000,13:49:41.000,493.2700,0.6553984132459468782338737500,2.5181096929975853742669886200,303
0,Baseline,160,2026-09-09,2026-09-15,PatternB,Call,23650.0000,6,13:49:41.000,13:49:41.000,13:52:46.000,610.6500,0.4173187271778821074595722500,2.8169014084507042253521126800,185
0,Baseline,161,2026-09-09,2026-09-15,PatternA,Put,23650.0000,6,13:52:46.000,13:52:46.000,13:57:03.000,2896.9700,1.6960886119764624437521633800,4.7767393561786085150571131900,257
0,Baseline,162,2026-09-09,2026-09-15,PatternB,Call,23650.0000,6,13:57:03.000,13:57:03.000,14:03:15.000,6458.3600,1.1891891891891891891891891900,12.702702702702702702702702700,372
0,Baseline,163,2026-09-09,2026-09-15,PatternA,Put,23650.0000,6,14:03:15.000,14:03:15.000,14:07:53.000,3094.5100,0,4.278462654097171863669325600,278
0,Baseline,164,2026-09-09,2026-09-15,PatternB,Call,23650.0000,6,14:07:52.000,14:07:53.000,14:08:48.000,-656.5800,2.2130725681935151827071538900,1.389603705609881626351003600,55
0,Baseline,165,2026-09-09,2026-09-15,PatternA,Put,23650.0000,6,14:08:48.000,14:08:48.000,14:12:45.000,1436.0300,0.7000350017500875043752187600,4.3052152607630381519075953800,237
0,Baseline,166,2026-09-09,2026-09-15,PatternB,Call,23650.0000,6,14:12:45.000,14:12:45.000,14:16:10.000,-3806.2000,6.796628029504741833508956800,1.6859852476290832455216016900,205
0,Baseline,167,2026-09-09,2026-09-15,PatternA,Put,23650.0000,6,14:16:10.000,14:16:10.000,14:17:51.000,-613.4600,2.0212060967528164347249834300,2.0212060967528164347249834300,101
0,Baseline,168,2026-09-09,2026-09-15,PatternB,Call,23650.0000,6,14:17:51.000,14:17:51.000,14:18:57.000,-296.1600,2.2930648769574944071588366900,0,66
0,Baseline,169,2026-09-09,2026-09-15,PatternA,Put,23650.0000,6,14:18:57.000,14:18:57.000,14:19:41.000,3.6600,0.1656726308813783962889330700,0.7620941020543406229290921100,44
0,Baseline,170,2026-09-09,2026-09-15,PatternB,Call,23650.0000,6,14:19:41.000,14:19:41.000,14:23:10.000,2205.0400,1.4647887323943661971830985900,4.6760563380281690140845070400,209
0,Baseline,171,2026-09-09,2026-09-15,PatternA,Put,23650.0000,6,14:23:10.000,14:23:10.000,14:23:31.000,-774.4500,0.7121057985757884028484231900,0.305188199389623601220752800,21
0,Baseline,172,2026-09-09,2026-09-15,PatternB,Call,23650.0000,6,14:23:31.000,14:23:31.000,14:33:00.000,-6468.7000,10.716208939149165320409262250,0,569
0,Baseline,173,2026-09-09,2026-09-15,PatternA,Put,23650.0000,6,14:33:00.000,14:33:00.000,14:34:35.000,1559.1500,0.7832080200501253132832080200,2.6315789473684210526315789500,95
0,Baseline,174,2026-09-09,2026-09-15,PatternB,Call,23600.0000,6,14:34:35.000,14:34:35.000,14:36:44.000,-2088.6700,4.5454545454545454545454545500,0.5263157894736842105263157900,129
0,Baseline,175,2026-09-09,2026-09-15,PatternA,Put,23600.0000,6,14:36:44.000,14:36:44.000,14:38:12.000,495.6900,0.1438848920863309352517985600,0.6115107913669064748201438800,88
0,Baseline,176,2026-09-09,2026-09-15,PatternB,Call,23600.0000,6,14:38:12.000,14:38:12.000,14:39:08.000,-2444.3900,3.9244908097367113760556383500,0,56
0,Baseline,177,2026-09-09,2026-09-15,PatternA,Put,23600.0000,6,14:39:08.000,14:39:08.000,14:39:40.000,-2007.8100,2.8905712319339298004129387500,0,32
0,Baseline,178,2026-09-09,2026-09-15,PatternB,Call,23600.0000,6,14:39:40.000,14:39:40.000,14:40:25.000,-754.8100,1.5640766902119071644803229100,0.1513622603430877901109989900,45
0,Baseline,179,2026-09-09,2026-09-15,PatternA,Put,23600.0000,6,14:40:25.000,14:40:25.000,14:43:05.000,-350.8800,1.4915019077349982656954561200,1.9771071800208116545265348600,160
0,Baseline,180,2026-09-09,2026-09-15,PatternB,Call,23600.0000,6,14:43:05.000,14:43:05.000,14:45:46.000,-2573.4100,3.9106145251396648044692737400,0.4062976130015236160487557100,161
0,Baseline,181,2026-09-09,2026-09-15,PatternA,Put,23600.0000,6,14:45:45.000,14:45:45.000,14:46:32.000,-937.4800,1.6442953020134228187919463100,1.275167785234899328859060400,47
0,Baseline,182,2026-09-09,2026-09-15,PatternB,Call,23600.0000,6,14:46:32.000,14:46:32.000,14:47:20.000,-1338.3700,2.4883359253499222395023328100,0,48
0,Baseline,183,2026-09-09,2026-09-15,PatternA,Put,23600.0000,6,14:47:20.000,14:47:20.000,14:47:27.000,-1555.1900,1.7946161515453639082751744800,0,7
0,Baseline,184,2026-09-09,2026-09-15,PatternB,Call,23600.0000,6,14:47:27.000,14:47:27.000,14:51:10.000,1909.8200,0.3649635036496350364963503600,3.7539103232533889468196037500,223
0,Baseline,185,2026-09-09,2026-09-15,PatternA,Put,23600.0000,6,14:51:10.000,14:51:10.000,14:52:42.000,2541.4200,0.3209700427960057061340941500,3.4236804564907275320970042800,92
0,Baseline,186,2026-09-09,2026-09-15,PatternB,Call,23600.0000,6,14:52:42.000,14:52:42.000,14:53:22.000,-104.4500,0.3600823045267489711934156400,0.3086419753086419753086419800,40
0,Baseline,187,2026-09-09,2026-09-15,PatternA,Put,23600.0000,6,14:53:22.000,14:53:22.000,14:54:13.000,-2007.2800,2.3611111111111111111111111100,0.1736111111111111111111111100,51
0,Baseline,188,2026-09-09,2026-09-15,PatternB,Call,23600.0000,6,14:54:13.000,14:54:13.000,14:56:18.000,-884.6900,1.4646464646464646464646464600,0.1515151515151515151515151500,125
0,Baseline,189,2026-09-09,2026-09-15,PatternA,Put,23600.0000,6,14:56:18.000,14:56:18.000,14:57:24.000,136.5800,0.1393728222996515679442508700,2.752613240418118466898954700,66
0,Baseline,190,2026-09-09,2026-09-15,PatternB,Call,23600.0000,6,14:57:24.000,14:57:24.000,14:59:45.000,-396.8900,1.0256410256410256410256410300,0.7179487179487179487179487200,141
0,Baseline,191,2026-09-09,2026-09-15,PatternA,Put,23600.0000,6,14:59:45.000,14:59:45.000,15:01:33.000,428.5700,0.900900900900900900900900900,1.8711018711018711018711018700,108
0,Baseline,0,2026-09-10,2026-09-15,PatternA,Put,23550.0000,5,09:15:28.000,09:15:28.000,09:15:45.000,-1227.1000,1.8264840182648401826484018300,2.9855988760098349139445029900,17
0,Baseline,1,2026-09-10,2026-09-15,PatternB,Call,23550.0000,5,09:15:45.000,09:15:45.000,09:15:46.000,-266.2600,1.7754569190600522193211488300,0,1
0,Baseline,2,2026-09-10,2026-09-15,PatternA,Put,23550.0000,5,09:15:46.000,09:15:46.000,09:16:18.000,917.1700,0,5.2183173588924387646432374900,32
0,Baseline,3,2026-09-10,2026-09-15,PatternB,Call,23550.0000,5,09:16:18.000,09:16:18.000,09:16:28.000,-1530.6100,2.2790439132851584213451917700,0.5002779321845469705391884400,10
0,Baseline,4,2026-09-10,2026-09-15,PatternA,Put,23550.0000,5,09:16:28.000,09:16:28.000,09:16:42.000,-1683.2600,1.7820424948594928032899246100,0.3427004797806716929403701200,14
0,Baseline,5,2026-09-10,2026-09-15,PatternB,Call,23550.0000,5,09:16:42.000,09:16:42.000,09:17:10.000,-4063.6400,7.808988764044943820224719100,0,28
0,Baseline,6,2026-09-10,2026-09-15,PatternA,Put,23550.0000,5,09:17:10.000,09:17:10.000,09:17:23.000,-2563.6000,4.0518638573743922204213938400,0,13
0,Baseline,7,2026-09-10,2026-09-15,PatternB,Call,23550.0000,5,09:17:23.000,09:17:23.000,09:18:38.000,6753.7400,0,14.243672748675691583284284870,75
0,Baseline,8,2026-09-10,2026-09-15,PatternA,Put,23550.0000,5,09:18:38.000,09:18:38.000,09:19:15.000,561.5200,0.6211180124223602484472049700,2.0094994519546949214468396100,37
0,Baseline,9,2026-09-10,2026-09-15,PatternB,Call,23550.0000,5,09:19:15.000,09:19:15.000,09:21:03.000,-5754.5700,10.596379126730564430244941430,0,108
0,Baseline,10,2026-09-10,2026-09-15,PatternA,Put,23550.0000,5,09:21:03.000,09:21:03.000,09:22:31.000,2279.4100,6.1490896599106836138783923100,3.641360357265544486430779800,88
0,Baseline,11,2026-09-10,2026-09-15,PatternB,Call,23550.0000,5,09:22:31.000,09:22:31.000,09:22:41.000,-2242.2200,4.8972188633615477629987908100,0,10
0,Baseline,12,2026-09-10,2026-09-15,PatternA,Put,23550.0000,5,09:22:41.000,09:22:41.000,09:22:56.000,1756.3400,0.6822612085769980506822612100,2.6315789473684210526315789500,15
0,Baseline,13,2026-09-10,2026-09-15,PatternB,Call,23550.0000,5,09:22:56.000,09:22:56.000,09:23:00.000,33.2700,0.9615384615384615384615384600,0.7051282051282051282051282100,4
0,Baseline,14,2026-09-10,2026-09-15,PatternA,Put,23550.0000,5,09:23:00.000,09:23:00.000,09:23:25.000,910.7300,0.7019783024888321633694958500,1.9463943841735800893426930400,25
0,Baseline,15,2026-09-10,2026-09-15,PatternB,Call,23500.0000,5,09:23:25.000,09:23:25.000,09:23:30.000,-787.4500,2.2110552763819095477386934700,0,5
0,Baseline,16,2026-09-10,2026-09-15,PatternA,Put,23500.0000,5,09:23:30.000,09:23:30.000,09:27:08.000,-5866.5100,6.905864197530864197530864200,3.703703703703703703703703700,218
0,Baseline,17,2026-09-10,2026-09-15,PatternB,Call,23550.0000,5,09:27:08.000,09:27:08.000,09:27:55.000,-2697.6800,4.6717918391484328799526907200,2.7202838557066824364281490200,47
0,Baseline,18,2026-09-10,2026-09-15,PatternA,Put,23550.0000,5,09:27:55.000,09:27:55.000,09:28:17.000,-4447.6700,5.4568937681627381336777526600,0,22
0,Baseline,19,2026-09-10,2026-09-15,PatternB,Call,23550.0000,5,09:28:17.000,09:28:17.000,09:28:25.000,-196.5000,0.6551518761167361524717093500,0,8
0,Baseline,20,2026-09-10,2026-09-15,PatternA,Put,23550.0000,5,09:28:25.000,09:28:25.000,09:28:47.000,-2236.6900,3.0862126803086212680308621300,0,22
0,Baseline,21,2026-09-10,2026-09-15,PatternB,Call,23550.0000,5,09:28:47.000,09:28:47.000,09:28:53.000,160.3500,0.1764705882352941176470588200,0.4117647058823529411764705900,6
0,Baseline,22,2026-09-10,2026-09-15,PatternA,Put,23550.0000,5,09:28:53.000,09:28:53.000,09:31:32.000,7411.1600,1.3731548232063165121867490600,10.950909715070374184689323720,159
0,Baseline,23,2026-09-10,2026-09-15,PatternB,Call,23500.0000,5,09:31:32.000,09:31:32.000,09:32:47.000,-787.4100,2.3641851106639839034205231400,1.710261569416498993963782700,75
0,Baseline,24,2026-09-10,2026-09-15,PatternA,Put,23500.0000,5,09:32:47.000,09:32:47.000,09:40:37.000,1473.7500,7.4259330511735282801077337400,2.5779145825317429780684878800,470
0,Baseline,25,2026-09-10,2026-09-15,PatternB,Call,23500.0000,5,09:40:37.000,09:40:37.000,09:43:26.000,5709.5200,0.1547189272821041774110366200,10.005157297576070139247034550,169
0,Baseline,26,2026-09-10,2026-09-15,PatternA,Put,23550.0000,5,09:43:26.000,09:43:26.000,09:46:46.000,2570.4200,2.084033613445378151260504200,5.7142857142857142857142857100,200
0,Baseline,27,2026-09-10,2026-09-15,PatternB,Call,23550.0000,5,09:46:46.000,09:46:46.000,09:50:41.000,3833.3800,3.4593209481101857783472133200,9.929532351057014734144778990,235
0,Baseline,28,2026-09-10,2026-09-15,PatternA,Put,23550.0000,5,09:50:41.000,09:50:41.000,09:50:50.000,-1001.1600,0.9256085018854988001371271900,0,9
0,Baseline,29,2026-09-10,2026-09-15,PatternB,Call,23550.0000,5,09:50:49.000,09:50:49.000,09:51:59.000,-2.0300,0.7062978222483814008240141300,3.2960565038257798705120659200,70
0,Baseline,30,2026-09-10,2026-09-15,PatternA,Put,23550.0000,5,09:51:59.000,09:51:59.000,09:52:08.000,-1065.0500,1.1173184357541899441340782100,0,9
0,Baseline,31,2026-09-10,2026-09-15,PatternB,Call,23550.0000,5,09:52:08.000,09:52:08.000,09:53:39.000,-814.3900,2.6208503203261502620850320300,2.5043680838672102504368083900,91
0,Baseline,32,2026-09-10,2026-09-15,PatternA,Put,23550.0000,5,09:53:39.000,09:53:39.000,09:54:37.000,-1130.1100,1.0456605088881143255489717700,1.6382014639247124433600557700,58
0,Baseline,33,2026-09-10,2026-09-15,PatternB,Call,23550.0000,5,09:54:37.000,09:54:38.000,09:55:09.000,-1658.7000,3.8619075482738443534230544200,0,31
0,Baseline,34,2026-09-10,2026-09-15,PatternA,Put,23550.0000,5,09:55:09.000,09:55:09.000,09:55:45.000,915.3200,0.2407152682255845942228335600,2.1320495185694635488308115500,36
0,Baseline,35,2026-09-10,2026-09-15,PatternB,Call,23550.0000,5,09:55:45.000,09:55:45.000,10:01:47.000,-4418.2900,8.661417322834645669291338580,3.6341611144760751059963658400,362
0,Baseline,36,2026-09-10,2026-09-15,PatternA,Put,23500.0000,5,10:01:47.000,10:01:47.000,10:03:12.000,2416.4800,0,4.1422430636967565455255959400,85
0,Baseline,37,2026-09-10,2026-09-15,PatternB,Call,23500.0000,5,10:03:12.000,10:03:12.000,10:10:52.000,383.9700,3.1316348195329087048832271800,6.0509554140127388535031847100,460
0,Baseline,38,2026-09-10,2026-09-15,PatternA,Put,23500.0000,5,10:10:52.000,10:10:52.000,10:14:21.000,660.6000,1.3554216867469879518072289200,3.0873493975903614457831325300,209
0,Baseline,39,2026-09-10,2026-09-15,PatternB,Call,23500.0000,5,10:14:21.000,10:14:21.000,10:34:26.000,3534.6200,0.2129925452609158679446219400,12.673056443024494142705005320,1205
0,Baseline,40,2026-09-10,2026-09-15,PatternA,Put,23550.0000,5,10:34:26.000,10:34:26.000,10:36:07.000,-2042.4800,2.1234240212342402123424021200,0.3649635036496350364963503600,101
0,Baseline,41,2026-09-10,2026-09-15,PatternB,Call,23550.0000,5,10:36:07.000,10:36:07.000,10:40:55.000,2013.9200,4.1509433962264150943396226400,5.9748427672955974842767295600,288
0,Baseline,42,2026-09-10,2026-09-15,PatternA,Put,23550.0000,5,10:40:55.000,10:40:55.000,10:43:00.000,786.7800,0.5633802816901408450704225400,2.8169014084507042253521126800,125
0,Baseline,43,2026-09-10,2026-09-15,PatternB,Call,23550.0000,5,10:43:00.000,10:43:00.000,10:43:54.000,-682.9100,1.5853658536585365853658536600,1.7073170731707317073170731700,54
0,Baseline,44,2026-09-10,2026-09-15,PatternA,Put,23550.0000,5,10:43:54.000,10:43:54.000,10:44:47.000,-4053.9100,4.4137931034482758620689655200,0,53
0,Baseline,45,2026-09-10,2026-09-15,PatternB,Call,23550.0000,5,10:44:47.000,10:44:47.000,10:45:10.000,1686.5300,0,3.0849825378346915017462165300,23
0,Baseline,46,2026-09-10,2026-09-15,PatternA,Put,23550.0000,5,10:45:10.000,10:45:10.000,10:53:44.000,14301.0800,0.6654343807763401109057301300,16.672828096118299445471349350,514
0,Baseline,47,2026-09-10,2026-09-15,PatternB,Call,23500.0000,5,10:53:44.000,10:53:44.000,10:54:58.000,-589.9400,1.1827956989247311827956989200,1.2903225806451612903225806500,74
0,Baseline,48,2026-09-10,2026-09-15,PatternA,Put,23500.0000,5,10:54:58.000,10:54:58.000,10:56:22.000,2513.1400,1.1166730843280708509819021900,3.1189834424335772044666923400,84
0,Baseline,49,2026-09-10,2026-09-15,PatternB,Call,23500.0000,5,10:56:22.000,10:56:22.000,10:57:01.000,93.3800,1.278488048916064480266814900,1.6120066703724291272929405200,39
0,Baseline,50,2026-09-10,2026-09-15,PatternA,Put,23500.0000,5,10:57:01.000,10:57:01.000,10:59:39.000,-1873.0000,4.3902439024390243902439024400,0.4502814258911819887429643500,158
0,Baseline,51,2026-09-10,2026-09-15,PatternB,Call,23500.0000,5,10:59:39.000,10:59:39.000,11:02:46.000,1293.9700,0.2693965517241379310344827600,4.2564655172413793103448275900,187
0,Baseline,52,2026-09-10,2026-09-15,PatternA,Put,23500.0000,5,11:02:46.000,11:02:46.000,11:03:01.000,-766.2500,1.0216110019646365422396856600,0.7465618860510805500982318300,15
0,Baseline,53,2026-09-10,2026-09-15,PatternB,Call,23500.0000,5,11:03:01.000,11:03:01.000,11:13:53.000,5482.7100,1.8828451882845188284518828500,10.460251046025104602510460250,652
0,Baseline,54,2026-09-10,2026-09-15,PatternA,Put,23550.0000,5,11:13:53.000,11:13:53.000,11:18:34.000,105.5800,5.9349302824454772971040400400,2.2881658920271719699678226700,281
0,Baseline,55,2026-09-10,2026-09-15,PatternB,Call,23550.0000,5,11:18:34.000,11:18:34.000,11:19:52.000,-260.8900,2.0593579648697758933979406400,1.8776499091459721380981223500,78
0,Baseline,56,2026-09-10,2026-09-15,PatternA,Put,23550.0000,5,11:19:52.000,11:19:52.000,11:47:39.000,592.5000,0.2490217004624688722874421900,12.593383137673425827107790820,1667
0,Baseline,57,2026-09-10,2026-09-15,PatternB,Call,23550.0000,5,11:47:39.000,11:47:39.000,11:47:49.000,-454.5900,0.7532956685499058380414312600,0.4394224733207784055241682400,10
0,Baseline,58,2026-09-10,2026-09-15,PatternA,Put,23550.0000,5,11:47:49.000,11:47:49.000,11:51:13.000,-1811.9600,2.2043386983904828551434569600,1.9944016794961511546536039200,204
0,Baseline,59,2026-09-10,2026-09-15,PatternB,Call,23550.0000,5,11:51:13.000,11:51:13.000,12:02:23.000,3182.7000,4.2750929368029739776951672900,6.5675340768277571251548946700,670
0,Baseline,60,2026-09-10,2026-09-15,PatternA,Put,23550.0000,5,12:02:23.000,12:02:23.000,12:03:27.000,74.8700,1.4760147601476014760147601500,0.7380073800738007380073800700,64
0,Baseline,61,2026-09-10,2026-09-15,PatternB,Call,23550.0000,5,12:03:27.000,12:03:27.000,12:04:37.000,95.3500,1.9388954171562867215041128100,1.0575793184488836662749706200,70
0,Baseline,62,2026-09-10,2026-09-15,PatternA,Put,23550.0000,5,12:04:37.000,12:04:37.000,12:05:14.000,659.2400,1.4689680499449136981270657400,0.844656628718325376423062800,37
0,Baseline,63,2026-09-10,2026-09-15,PatternB,Call,23550.0000,5,12:05:14.000,12:05:14.000,12:07:59.000,-1073.4300,2.7413587604290822407628128700,3.2777115613825983313468414800,165
0,Baseline,64,2026-09-10,2026-09-15,PatternA,Put,23550.0000,5,12:07:59.000,12:07:59.000,12:12:17.000,-7429.2200,8.222142084385142445005409300,1.8391633609808871258564731300,258
0,Baseline,65,2026-09-10,2026-09-15,PatternB,Call,23550.0000,5,12:12:17.000,12:12:17.000,12:14:56.000,-2830.7700,8.121277747698971304818624800,0,159
0,Baseline,66,2026-09-10,2026-09-15,PatternA,Put,23550.0000,5,12:14:56.000,12:14:56.000,12:19:34.000,791.3800,2.1040550879877582249426166800,2.6396327467482785003825554700,278
0,Baseline,67,2026-09-10,2026-09-15,PatternB,Call,23550.0000,5,12:19:34.000,12:19:34.000,12:22:42.000,1751.0000,0.9758897818599311136624569500,7.4626865671641791044776119400,188
0,Baseline,68,2026-09-10,2026-09-15,PatternA,Put,23550.0000,5,12:22:42.000,12:22:42.000,12:23:32.000,-344.5000,0.5838847800700661736084079400,0.8174386920980926430517711200,50
0,Baseline,69,2026-09-10,2026-09-15,PatternB,Call,23550.0000,5,12:23:32.000,12:23:32.000,12:23:40.000,-4226.6000,7.1349557522123893805309734500,0,8
0,Baseline,70,2026-09-10,2026-09-15,PatternA,Put,23550.0000,5,12:23:40.000,12:23:40.000,12:28:41.000,-2100.9800,5.0816023738872403560830860500,0.6305637982195845697329376900,301
0,Baseline,71,2026-09-10,2026-09-15,PatternB,Call,23550.0000,5,12:28:41.000,12:28:41.000,12:43:17.000,-3023.5200,11.710677382319173363949483350,1.205510907003444316877152700,876
0,Baseline,72,2026-09-10,2026-09-15,PatternA,Put,23550.0000,5,12:43:17.000,12:43:17.000,12:44:25.000,-281.7800,1.08249346771183277342291900,1.0451661067562523329600597200,68
0,Baseline,73,2026-09-10,2026-09-15,PatternB,Call,23550.0000,5,12:44:25.000,12:44:25.000,12:56:35.000,-3866.1600,7.6876513317191283292978208200,4.4188861985472154963680387400,730
0,Baseline,74,2026-09-10,2026-09-15,PatternA,Put,23550.0000,5,12:56:35.000,12:56:35.000,12:56:58.000,-1031.4300,1.3532763532763532763532763500,0,23
0,Baseline,75,2026-09-10,2026-09-15,PatternB,Call,23550.0000,5,12:56:58.000,12:56:58.000,12:59:19.000,-3019.6800,5.9884095299420476497102382500,1.4166130070830650354153251800,141
0,Baseline,76,2026-09-10,2026-09-15,PatternA,Put,23550.0000,5,12:59:19.000,12:59:19.000,13:05:33.000,2929.6100,0.9371745921555015619576535900,4.4776119402985074626865671600,374
0,Baseline,77,2026-09-10,2026-09-15,PatternB,Call,23500.0000,5,13:05:33.000,13:05:33.000,13:12:46.000,254.6000,7.3774905761981690899299946100,1.8847603661820140010770059200,433
0,Baseline,78,2026-09-10,2026-09-15,PatternA,Put,23500.0000,5,13:12:46.000,13:12:46.000,13:12:56.000,114.4000,0,1.1849344054168429961912822700,10
0,Baseline,79,2026-09-10,2026-09-15,PatternB,Call,23500.0000,5,13:12:56.000,13:12:56.000,13:17:41.000,3307.6700,0.4843918191603875134553283100,7.4273412271259418729817007500,285
0,Baseline,80,2026-09-10,2026-09-15,PatternA,Put,23550.0000,5,13:17:41.000,13:17:41.000,13:17:58.000,72.9600,0,0.677603423680456490727532100,17
0,Baseline,81,2026-09-10,2026-09-15,PatternB,Call,23550.0000,5,13:17:58.000,13:17:58.000,13:19:19.000,-420.4700,1.2566137566137566137566137600,0.9920634920634920634920634900,81
0,Baseline,82,2026-09-10,2026-09-15,PatternA,Put,23550.0000,5,13:19:18.000,13:19:18.000,13:26:08.000,787.0700,1.5569709837225760792639773500,2.9723991507430997876857749500,410
0,Baseline,83,2026-09-10,2026-09-15,PatternB,Call,23550.0000,5,13:26:08.000,13:26:08.000,13:28:59.000,-1524.2100,3.9083557951482479784366576800,0.1347708894878706199460916400,171
0,Baseline,84,2026-09-10,2026-09-15,PatternA,Put,23500.0000,5,13:28:59.000,13:28:59.000,13:34:52.000,3135.3000,0.6811409110259684972328650500,6.9391230310770540655598126900,353
0,Baseline,85,2026-09-10,2026-09-15,PatternB,Call,23500.0000,5,13:34:52.000,13:34:52.000,13:44:16.000,2335.1000,0.4524886877828054298642533900,6.787330316742081447963800900,564
0,Baseline,86,2026-09-10,2026-09-15,PatternA,Put,23500.0000,5,13:44:15.000,13:44:15.000,13:51:30.000,-209.7500,0.7293007293007293007293007300,5.8773058773058773058773058800,435
0,Baseline,87,2026-09-10,2026-09-15,PatternB,Call,23500.0000,5,13:51:30.000,13:51:30.000,13:54:14.000,-1563.7000,3.0071077091306724986331328600,0.6560962274466921815199562600,164
0,Baseline,88,2026-09-10,2026-09-15,PatternA,Put,23500.0000,5,13:54:14.000,13:54:14.000,13:56:04.000,1478.4200,0.2532714225411566061629379500,2.5749261291684254959898691400,110
0,Baseline,89,2026-09-10,2026-09-15,PatternB,Call,23500.0000,5,13:56:04.000,13:56:04.000,14:04:57.000,-4257.9100,7.5428571428571428571428571400,0.800,533
0,Baseline,90,2026-09-10,2026-09-15,PatternA,Put,23500.0000,5,14:04:57.000,14:04:57.000,14:05:27.000,402.0200,0.2313030069390902081727062500,1.696222050886661526599845800,30
0,Baseline,91,2026-09-10,2026-09-15,PatternB,Call,23500.0000,5,14:05:27.000,14:05:27.000,14:11:50.000,1234.2300,0,5.3783614759224515322076297700,383
0,Baseline,92,2026-09-10,2026-09-15,PatternA,Put,23500.0000,5,14:11:50.000,14:11:50.000,14:12:26.000,-864.0500,1.4826375341396800624268435400,0,36
0,Baseline,93,2026-09-10,2026-09-15,PatternB,Call,23500.0000,5,14:12:26.000,14:12:26.000,14:13:12.000,-910.6100,1.8105009052504526252263126100,0.3017501508750754375377187700,46
0,Baseline,94,2026-09-10,2026-09-15,PatternA,Put,23500.0000,5,14:13:12.000,14:13:12.000,14:14:59.000,-344.9300,2.1621621621621621621621621600,1.4285714285714285714285714300,107
0,Baseline,95,2026-09-10,2026-09-15,PatternB,Call,23500.0000,5,14:14:59.000,14:14:59.000,14:15:42.000,-650.4300,1.8902439024390243902439024400,0.0609756097560975609756097600,43
0,Baseline,96,2026-09-10,2026-09-15,PatternA,Put,23500.0000,5,14:15:42.000,14:15:42.000,14:16:58.000,-1027.2200,1.1534025374855824682814302200,1.6147635524798154555940023100,76
0,Baseline,97,2026-09-10,2026-09-15,PatternB,Call,23500.0000,5,14:16:58.000,14:16:58.000,14:18:07.000,-552.9700,1.8913971934106162294081757200,0.0610128126906650396583282500,69
0,Baseline,98,2026-09-10,2026-09-15,PatternA,Put,23500.0000,5,14:18:07.000,14:18:07.000,14:19:36.000,1376.2700,0.3844675124951941560938100700,3.9600153787004998077662437500,89
0,Baseline,99,2026-09-10,2026-09-15,PatternB,Call,23500.0000,5,14:19:36.000,14:19:36.000,14:20:34.000,812.0500,0.2506265664160401002506265700,2.255639097744360902255639100,58
0,Baseline,100,2026-09-10,2026-09-15,PatternA,Put,23500.0000,5,14:20:34.000,14:20:34.000,14:20:50.000,-865.0300,1.1106855610877058598238222900,0.1148985063194178475679816200,16
0,Baseline,101,2026-09-10,2026-09-15,PatternB,Call,23500.0000,5,14:20:50.000,14:20:50.000,14:23:29.000,941.2000,0,4.0391676866585067319461444300,159
0,Baseline,102,2026-09-10,2026-09-15,PatternA,Put,23500.0000,5,14:23:29.000,14:23:29.000,14:39:34.000,3261.4400,2.287968441814595660749506900,6.4299802761341222879684418100,965
0,Baseline,103,2026-09-10,2026-09-15,PatternB,Call,23500.0000,5,14:39:34.000,14:39:34.000,14:39:59.000,-908.8800,2.417302798982188295165394400,0,25
0,Baseline,104,2026-09-10,2026-09-15,PatternA,Put,23500.0000,5,14:39:59.000,14:39:59.000,14:40:13.000,-1516.0400,1.7157776948899664304364043300,0.2983961208504289444237224900,14
0,Baseline,105,2026-09-10,2026-09-15,PatternB,Call,23500.0000,5,14:40:13.000,14:40:13.000,14:43:13.000,-389.2300,5.9758423394787031150667514300,0.9535918626827717736808645900,180
0,Baseline,106,2026-09-10,2026-09-15,PatternA,Put,23500.0000,5,14:43:13.000,14:43:13.000,14:45:14.000,-3496.5300,4.9564888384411653424139235700,0.7188800605372682557699583800,121
0,Baseline,107,2026-09-10,2026-09-15,PatternB,Call,23500.0000,5,14:45:14.000,14:45:15.000,14:49:11.000,843.6800,0.4884004884004884004884004900,3.296703296703296703296703300,236
0,Baseline,108,2026-09-10,2026-09-15,PatternA,Put,23500.0000,5,14:49:11.000,14:49:11.000,14:49:36.000,-764.8300,1.2525252525252525252525252500,0,25
0,Baseline,109,2026-09-10,2026-09-15,PatternB,Call,23500.0000,5,14:49:36.000,14:49:36.000,14:50:14.000,2077.0800,0.2382370458606313281715306700,4.7647409172126265634306134600,38
0,Baseline,110,2026-09-10,2026-09-15,PatternA,Put,23500.0000,5,14:50:14.000,14:50:14.000,14:52:05.000,1835.6400,0.5059021922428330522765598700,3.2040472175379426644182124800,111
0,Baseline,111,2026-09-10,2026-09-15,PatternB,Call,23500.0000,5,14:52:05.000,14:52:05.000,14:58:57.000,-3055.1800,5.9929494712103407755581668600,0.7050528789659224441833137500,412
0,Baseline,112,2026-09-10,2026-09-15,PatternA,Put,23500.0000,5,14:58:57.000,14:58:57.000,14:59:38.000,240.1500,0,2.1028037383177570093457943900,41
0,Baseline,113,2026-09-10,2026-09-15,PatternB,Call,23500.0000,5,14:59:38.000,14:59:38.000,15:00:16.000,-2890.9000,5.4692355500310752019888129300,0,38
0,Baseline,0,2026-09-11,2026-09-15,PatternB,Call,23300.0000,4,09:15:23.000,09:15:23.000,09:15:33.000,-1139.5900,1.6695451928612550374208405300,1.3241220495106505469199769700,10
0,Baseline,1,2026-09-11,2026-09-15,PatternA,Put,23300.0000,4,09:15:33.000,09:15:33.000,09:15:48.000,-2036.0600,4.7442550037064492216456634500,0,15
0,Baseline,2,2026-09-11,2026-09-15,PatternB,Call,23300.0000,4,09:15:48.000,09:15:48.000,09:15:56.000,-262.9900,2.2234891676168757126567844900,0.9692132269099201824401368300,8
0,Baseline,3,2026-09-11,2026-09-15,PatternA,Put,23300.0000,4,09:15:56.000,09:15:56.000,09:16:00.000,-832.8100,2.9725609756097560975609756100,0,4
0,Baseline,4,2026-09-11,2026-09-15,PatternB,Call,23300.0000,4,09:16:00.000,09:16:00.000,09:16:11.000,-2764.7100,5.1310652537646402677077523700,0,11
0,Baseline,5,2026-09-11,2026-09-15,PatternA,Put,23300.0000,4,09:16:11.000,09:16:11.000,09:16:18.000,-1871.3900,2.1655065738592420726991492700,0.2320185614849187935034802800,7
0,Baseline,6,2026-09-11,2026-09-15,PatternB,Call,23300.0000,4,09:16:18.000,09:16:18.000,09:16:20.000,-1660.0000,2.8200789622109419063733784500,0,2
0,Baseline,7,2026-09-11,2026-09-15,PatternA,Put,23300.0000,4,09:16:20.000,09:16:20.000,09:16:21.000,-150.2900,0.6149116064565718677940046100,0,1
0,Baseline,8,2026-09-11,2026-09-15,PatternB,Call,23300.0000,4,09:16:21.000,09:16:21.000,09:16:50.000,-1724.1200,3.0023094688221709006928406500,0.519630484988452655889145500,29
0,Baseline,9,2026-09-11,2026-09-15,PatternA,Put,23300.0000,4,09:16:50.000,09:16:50.000,09:16:55.000,-1027.8300,1.9384264538198403648802736600,0,5
0,Baseline,10,2026-09-11,2026-09-15,PatternB,Call,23300.0000,4,09:16:55.000,09:16:55.000,09:17:42.000,-618.9600,2.721893491124260355029585800,0.0591715976331360946745562100,47
0,Baseline,11,2026-09-11,2026-09-15,PatternA,Put,23300.0000,4,09:17:42.000,09:17:42.000,09:18:28.000,-2100.0900,3.3182503770739064856711915500,0.7164404223227752639517345400,46
0,Baseline,12,2026-09-11,2026-09-15,PatternB,Call,23300.0000,4,09:18:28.000,09:18:28.000,09:18:34.000,-132.0500,0.1760563380281690140845070400,0.7629107981220657276995305200,6
0,Baseline,13,2026-09-11,2026-09-15,PatternA,Put,23300.0000,4,09:18:34.000,09:18:34.000,09:18:49.000,-182.2400,0.3105590062111801242236024800,1.3975155279503105590062111800,15
0,Baseline,14,2026-09-11,2026-09-15,PatternB,Call,23300.0000,4,09:18:49.000,09:18:49.000,09:18:59.000,-66.9900,0,1.2360211889346674514420247200,10
0,Baseline,15,2026-09-11,2026-09-15,PatternA,Put,23300.0000,4,09:18:59.000,09:18:59.000,09:19:32.000,-2520.6800,3.2672112018669778296382730500,0,33
0,Baseline,16,2026-09-11,2026-09-15,PatternB,Call,23300.0000,4,09:19:32.000,09:19:32.000,09:19:56.000,581.9900,1.677270098322729901677270100,1.677270098322729901677270100,24
0,Baseline,17,2026-09-11,2026-09-15,PatternA,Put,23300.0000,4,09:19:56.000,09:19:56.000,09:20:19.000,3295.7200,0.1635322976287816843826655800,4.9059689288634505314799672900,23
0,Baseline,18,2026-09-11,2026-09-15,PatternB,Call,23300.0000,4,09:20:19.000,09:20:19.000,09:21:17.000,2044.4300,0.4149377593360995850622406600,4.8606994665085951393005334900,58
0,Baseline,19,2026-09-11,2026-09-15,PatternA,Put,23300.0000,4,09:21:17.000,09:21:17.000,09:22:07.000,1119.5400,0,3.0637254901960784313725490200,50
0,Baseline,20,2026-09-11,2026-09-15,PatternB,Call,23300.0000,4,09:22:07.000,09:22:07.000,09:23:17.000,354.8600,0.291036088474970896391152500,2.4447031431897555296856810200,70
0,Baseline,21,2026-09-11,2026-09-15,PatternA,Put,23300.0000,4,09:23:17.000,09:23:17.000,09:24:40.000,-667.4900,0.806451612903225806451612900,3.6290322580645161290322580600,83
0,Baseline,22,2026-09-11,2026-09-15,PatternB,Call,23300.0000,4,09:24:40.000,09:24:40.000,09:25:02.000,-100.3600,0.7458405048766494549627079700,0.8032128514056224899598393600,22
0,Baseline,23,2026-09-11,2026-09-15,PatternA,Put,23300.0000,4,09:25:02.000,09:25:02.000,09:25:36.000,-991.8200,2.8083028083028083028083028100,1.2617012617012617012617012600,34
0,Baseline,24,2026-09-11,2026-09-15,PatternB,Call,23300.0000,4,09:25:36.000,09:25:36.000,09:25:39.000,-490.5900,0.5662514156285390713476783700,0,3
0,Baseline,25,2026-09-11,2026-09-15,PatternA,Put,23300.0000,4,09:25:39.000,09:25:39.000,09:25:42.000,-244.6400,1.2244897959183673469387755100,0,3
0,Baseline,26,2026-09-11,2026-09-15,PatternB,Call,23300.0000,4,09:25:42.000,09:25:42.000,09:26:09.000,-555.3200,1.3105413105413105413105413100,1.2535612535612535612535612500,27
0,Baseline,27,2026-09-11,2026-09-15,PatternA,Put,23300.0000,4,09:26:09.000,09:26:09.000,09:26:44.000,-797.5500,1.0454362685967028548451950100,2.2919179734620024125452352200,35
0,Baseline,28,2026-09-11,2026-09-15,PatternB,Call,23300.0000,4,09:26:44.000,09:26:44.000,09:27:51.000,-457.7800,2.7428571428571428571428571400,0.5714285714285714285714285700,67
0,Baseline,29,2026-09-11,2026-09-15,PatternA,Put,23300.0000,4,09:27:51.000,09:27:51.000,09:28:42.000,1053.8500,0.52334943639291465378421900,2.0933977455716586151368760100,51
0,Baseline,30,2026-09-11,2026-09-15,PatternB,Call,23300.0000,4,09:28:42.000,09:28:42.000,09:29:40.000,-132.2100,0.6425233644859813084112149500,1.2850467289719626168224299100,58
0,Baseline,31,2026-09-11,2026-09-15,PatternA,Put,23300.0000,4,09:29:40.000,09:29:40.000,09:29:49.000,-505.5200,0.8796481407437025189924030400,0.2399040383846461415433826500,9
0,Baseline,32,2026-09-11,2026-09-15,PatternB,Call,23300.0000,4,09:29:49.000,09:29:49.000,09:30:00.000,387.4800,0,1.1104617182933956750438340200,11
0,Baseline,33,2026-09-11,2026-09-15,PatternA,Put,23300.0000,4,09:30:00.000,09:30:00.000,09:30:25.000,-602.4700,0.9689140088817117480823576900,0.8477997577714977795720629800,25
0,Baseline,34,2026-09-11,2026-09-15,PatternB,Call,23300.0000,4,09:30:25.000,09:30:25.000,09:30:36.000,-164.8400,0.7562536358347876672484002300,0.2908667830133798720186154700,11
0,Baseline,35,2026-09-11,2026-09-15,PatternA,Put,23300.0000,4,09:30:35.000,09:30:36.000,09:33:11.000,2158.4900,5.3484602917341977309562398700,3.2414910858995137763371150700,155
0,Baseline,36,2026-09-11,2026-09-15,PatternB,Call,23300.0000,4,09:33:11.000,09:33:11.000,09:37:42.000,2434.2300,0.2373887240356083086053412500,9.020771513353115727002967360,271
0,Baseline,37,2026-09-11,2026-09-15,PatternA,Put,23350.0000,4,09:37:42.000,09:37:42.000,09:38:29.000,-710.1900,1.0727455581629232316459939700,0.5698960777740529668119342900,47
0,Baseline,38,2026-09-11,2026-09-15,PatternB,Call,23300.0000,4,09:38:29.000,09:38:29.000,09:39:15.000,-523.5100,2.0693512304250559284116331100,0.9507829977628635346756152100,46
0,Baseline,39,2026-09-11,2026-09-15,PatternA,Put,23300.0000,4,09:39:15.000,09:39:15.000,09:40:52.000,1185.4400,0.7077435470441298917568692800,2.9558701082431307243963363900,97
0,Baseline,40,2026-09-11,2026-09-15,PatternB,Call,23300.0000,4,09:40:52.000,09:40:52.000,09:41:12.000,-3023.5200,5.281285878300803673938002300,0,20
0,Baseline,41,2026-09-11,2026-09-15,PatternA,Put,23300.0000,4,09:41:12.000,09:41:12.000,09:41:18.000,-604.0500,0.6262230919765166340508806300,0.0782778864970645792563600800,6
0,Baseline,42,2026-09-11,2026-09-15,PatternB,Call,23300.0000,4,09:41:18.000,09:41:18.000,09:44:12.000,1460.3100,1.3237063778580024067388688300,3.971119133574007220216606500,174
0,Baseline,43,2026-09-11,2026-09-15,PatternA,Put,23300.0000,4,09:44:12.000,09:44:12.000,09:48:10.000,2548.4900,0.4071661237785016286644951100,4.1938110749185667752442996700,238
0,Baseline,44,2026-09-11,2026-09-15,PatternB,Call,23300.0000,4,09:48:10.000,09:48:10.000,09:52:15.000,-33.5200,1.1515151515151515151515151500,2.4242424242424242424242424200,245
0,Baseline,45,2026-09-11,2026-09-15,PatternA,Put,23300.0000,4,09:52:15.000,09:52:15.000,09:53:18.000,-473.3000,0.6762132060461416070007955400,1.4319809069212410501193317400,63
0,Baseline,46,2026-09-11,2026-09-15,PatternB,Call,23300.0000,4,09:53:18.000,09:53:18.000,09:54:04.000,-1072.7000,2.3142509135200974421437271600,0.1827040194884287454323995100,46
0,Baseline,47,2026-09-11,2026-09-15,PatternA,Put,23300.0000,4,09:54:04.000,09:54:04.000,09:54:22.000,-1643.3200,1.9600156801254410035280282200,0.1568012544100352802822422600,18
0,Baseline,48,2026-09-11,2026-09-15,PatternB,Call,23300.0000,4,09:54:22.000,09:54:22.000,09:56:49.000,1233.3100,1.0340632603406326034063260300,4.1362530413625304136253041400,147
0,Baseline,49,2026-09-11,2026-09-15,PatternA,Put,23300.0000,4,09:56:49.000,09:56:49.000,09:57:54.000,-1283.5300,1.8541409147095179233621755300,0.3296250515039142974866089800,65
0,Baseline,50,2026-09-11,2026-09-15,PatternB,Call,23300.0000,4,09:57:54.000,09:57:54.000,09:59:05.000,257.6600,0.762016412661195779601406800,1.4654161781946072684642438500,71
0,Baseline,51,2026-09-11,2026-09-15,PatternA,Put,23300.0000,4,09:59:05.000,09:59:05.000,10:05:16.000,-4335.5200,6.1946902654867256637168141600,2.6548672566371681415929203500,371
0,Baseline,52,2026-09-11,2026-09-15,PatternB,Call,23350.0000,4,10:05:16.000,10:05:16.000,10:05:41.000,-417.6500,1.4566642388929351784413692600,0.1456664238892935178441369300,25
0,Baseline,53,2026-09-11,2026-09-15,PatternA,Put,23350.0000,4,10:05:41.000,10:05:41.000,10:06:14.000,657.0900,0.9190526687875574407917992200,1.0604453870625662778366914100,33
0,Baseline,54,2026-09-11,2026-09-15,PatternB,Call,23350.0000,4,10:06:14.000,10:06:14.000,10:06:46.000,5.0800,0.3706449221645663454410674600,0.8154188287620459599703484100,32
0,Baseline,55,2026-09-11,2026-09-15,PatternA,Put,23350.0000,4,10:06:46.000,10:06:46.000,10:07:15.000,266.9100,0,1.3684210526315789473684210500,29
0,Baseline,56,2026-09-11,2026-09-15,PatternB,Call,23350.0000,4,10:07:15.000,10:07:15.000,10:08:03.000,-449.6400,1.1119347664936990363232023700,1.0378057820607857672349888800,48
0,Baseline,57,2026-09-11,2026-09-15,PatternA,Put,23350.0000,4,10:08:03.000,10:08:03.000,10:09:51.000,-4735.6800,6.5511265164644714038128249600,0,108
0,Baseline,58,2026-09-11,2026-09-15,PatternB,Call,23350.0000,4,10:09:51.000,10:09:51.000,10:10:39.000,-159.2700,1.9377162629757785467128027700,1.7301038062283737024221453300,48
0,Baseline,59,2026-09-11,2026-09-15,PatternA,Put,23350.0000,4,10:10:39.000,10:10:39.000,10:11:41.000,-88.2000,0.9114108640174990885891359800,0.9478672985781990521327014200,62
0,Baseline,60,2026-09-11,2026-09-15,PatternB,Call,23350.0000,4,10:11:41.000,10:11:41.000,10:14:00.000,5134.6300,0.8224811514736120630568882800,13.708019191226867717614804660,139
0,Baseline,61,2026-09-11,2026-09-15,PatternA,Put,23350.0000,4,10:14:00.000,10:14:00.000,10:14:32.000,303.5300,1.5873015873015873015873015900,1.3227513227513227513227513200,32
0,Baseline,62,2026-09-11,2026-09-15,PatternB,Call,23350.0000,4,10:14:32.000,10:14:32.000,10:15:15.000,-1136.6900,2.2584692597239648682559598500,2.7603513174404015056461731500,43
0,Baseline,63,2026-09-11,2026-09-15,PatternA,Put,23350.0000,4,10:15:15.000,10:15:15.000,10:16:00.000,-444.1100,1.046337817638266068759342300,1.8310911808669656203288490300,45
0,Baseline,64,2026-09-11,2026-09-15,PatternB,Call,23350.0000,4,10:16:00.000,10:16:00.000,10:20:24.000,65.4100,3.2339885859226379201014584700,1.4584654407102092580849714600,264
0,Baseline,65,2026-09-11,2026-09-15,PatternA,Put,23350.0000,4,10:20:24.000,10:20:24.000,10:20:39.000,-1223.2200,1.3554216867469879518072289200,0,15
0,Baseline,66,2026-09-11,2026-09-15,PatternB,Call,23350.0000,4,10:20:39.000,10:20:39.000,10:21:49.000,3019.9000,1.4687882496940024479804161600,9.36352509179926560587515300,70
0,Baseline,67,2026-09-11,2026-09-15,PatternA,Put,23350.0000,4,10:21:49.000,10:21:49.000,10:21:52.000,-149.5000,0.3121342177136168552477565400,0,3
0,Baseline,68,2026-09-11,2026-09-15,PatternB,Call,23350.0000,4,10:21:52.000,10:21:52.000,10:22:57.000,2173.5600,1.7960602549246813441483198100,7.7056778679026651216685979100,65
0,Baseline,69,2026-09-11,2026-09-15,PatternA,Put,23350.0000,4,10:22:57.000,10:22:57.000,10:23:07.000,-960.0700,1.4039310068190934616927396700,0,10
0,Baseline,70,2026-09-11,2026-09-15,PatternB,Call,23350.0000,4,10:23:07.000,10:23:07.000,10:23:12.000,-686.8700,1.3079019073569482288828337900,0.6539509536784741144414168900,5
0,Baseline,71,2026-09-11,2026-09-15,PatternA,Put,23350.0000,4,10:23:12.000,10:23:12.000,10:24:04.000,1638.5300,0,2.9814665592264302981466559200,52
0,Baseline,72,2026-09-11,2026-09-15,PatternB,Call,23350.0000,4,10:24:04.000,10:24:04.000,10:24:42.000,-1204.6100,2.6436781609195402298850574700,0,38
0,Baseline,73,2026-09-11,2026-09-15,PatternA,Put,23350.0000,4,10:24:42.000,10:24:42.000,10:28:47.000,5501.8600,0.7009345794392523364485981300,7.4766355140186915887850467300,245
0,Baseline,74,2026-09-11,2026-09-15,PatternB,Call,23350.0000,4,10:28:47.000,10:28:47.000,10:34:04.000,910.8100,2.939255388634879163945133900,4.7028086218158066623122142400,317
0,Baseline,75,2026-09-11,2026-09-15,PatternA,Put,23350.0000,4,10:34:04.000,10:34:04.000,10:34:44.000,-3660.3500,4.2388499815702174714338370800,0.4423147806855879100626612600,40
0,Baseline,76,2026-09-11,2026-09-15,PatternB,Call,23350.0000,4,10:34:44.000,10:34:44.000,10:35:07.000,-1040.4900,2.9003021148036253776435045300,0,23
0,Baseline,77,2026-09-11,2026-09-15,PatternA,Put,23350.0000,4,10:35:07.000,10:35:07.000,10:36:21.000,-832.7900,1.4868471216164696911932901300,1.5630956919557758292032024400,74
0,Baseline,78,2026-09-11,2026-09-15,PatternB,Call,23350.0000,4,10:36:21.000,10:36:21.000,10:36:27.000,-261.1800,0.4804804804804804804804804800,0.3603603603603603603603603600,6
0,Baseline,79,2026-09-11,2026-09-15,PatternA,Put,23350.0000,4,10:36:27.000,10:36:27.000,10:36:41.000,44.5500,1.1520737327188940092165898600,0.1536098310291858678955453100,14
0,Baseline,80,2026-09-11,2026-09-15,PatternB,Call,23350.0000,4,10:36:41.000,10:36:41.000,10:38:16.000,161.2600,1.3897280966767371601208459200,4.0483383685800604229607250800,95
0,Baseline,81,2026-09-11,2026-09-15,PatternA,Put,23350.0000,4,10:38:16.000,10:38:16.000,10:39:10.000,12.1500,0.7692307692307692307692307700,0.3461538461538461538461538500,54
0,Baseline,82,2026-09-11,2026-09-15,PatternB,Call,23350.0000,4,10:39:10.000,10:39:10.000,10:39:23.000,-228.7600,0.8992805755395683453237410100,0.4196642685851318944844124700,13
0,Baseline,83,2026-09-11,2026-09-15,PatternA,Put,23350.0000,4,10:39:23.000,10:39:24.000,10:40:06.000,-20.4300,0.422264875239923224568138200,0.8061420345489443378119001900,42
0,Baseline,84,2026-09-11,2026-09-15,PatternB,Call,23350.0000,4,10:40:06.000,10:40:06.000,10:42:08.000,-163.8600,1.9748653500897666068222621200,1.8551765409934171154997007800,122
0,Baseline,85,2026-09-11,2026-09-15,PatternA,Put,23350.0000,4,10:42:08.000,10:42:08.000,10:43:38.000,-767.8300,1.1437285550895920701486847100,0.4956157072054898970644300400,90
0,Baseline,86,2026-09-11,2026-09-15,PatternB,Call,23350.0000,4,10:43:38.000,10:43:38.000,10:45:43.000,3473.4800,0,14.556213017751479289940828400,125
0,Baseline,87,2026-09-11,2026-09-15,PatternA,Put,23350.0000,4,10:45:43.000,10:45:43.000,10:46:44.000,46.6800,0.2400960384153661464585834300,2.3609443777511004401760704300,61
0,Baseline,88,2026-09-11,2026-09-15,PatternB,Call,23350.0000,4,10:46:44.000,10:46:44.000,10:49:09.000,-3056.7500,6.9702079820123664980326025900,0.9555930297920179876335019700,145
0,Baseline,89,2026-09-11,2026-09-15,PatternA,Put,23350.0000,4,10:49:09.000,10:49:09.000,10:49:35.000,-1189.0900,1.3592233009708737864077669900,0,26
0,Baseline,90,2026-09-11,2026-09-15,PatternB,Call,23350.0000,4,10:49:35.000,10:49:35.000,10:50:23.000,-2243.5800,3.9511911679256246368390470700,0.2324230098779779198140615900,48
0,Baseline,91,2026-09-11,2026-09-15,PatternA,Put,23350.0000,4,10:50:23.000,10:50:23.000,10:53:38.000,1473.5300,0.0766283524904214559386973200,2.6053639846743295019157088100,195
0,Baseline,92,2026-09-11,2026-09-15,PatternB,Call,23350.0000,4,10:53:38.000,10:53:38.000,10:54:51.000,-714.4100,1.5703517587939698492462311600,1.0050251256281407035175879400,73
0,Baseline,93,2026-09-11,2026-09-15,PatternA,Put,23350.0000,4,10:54:51.000,10:54:51.000,10:56:52.000,238.0200,0.5611672278338945005611672300,1.646090534979423868312757200,121
0,Baseline,94,2026-09-11,2026-09-15,PatternB,Call,23350.0000,4,10:56:52.000,10:56:52.000,10:56:53.000,-31.6500,0,0.128369704749679075738125800,1
0,Baseline,95,2026-09-11,2026-09-15,PatternA,Put,23350.0000,4,10:56:53.000,10:56:53.000,10:59:41.000,75.4600,2.4990675121223424095486758700,0.7086907870197687430063409200,168
0,Baseline,96,2026-09-11,2026-09-15,PatternB,Call,23350.0000,4,10:59:41.000,10:59:41.000,11:00:07.000,650.6700,2.069857697283311772315653300,1.8111254851228978007761966400,26
0,Baseline,97,2026-09-11,2026-09-15,PatternA,Put,23350.0000,4,11:00:07.000,11:00:07.000,11:04:46.000,-313.6900,5.05469634100339494530365900,0.1508864579403998491135420600,279
0,Baseline,98,2026-09-11,2026-09-15,PatternB,Call,23350.0000,4,11:04:46.000,11:04:46.000,11:08:14.000,3897.8500,0.6309148264984227129337539400,8.895899053627760252365930600,208
0,Baseline,99,2026-09-11,2026-09-15,PatternA,Put,23350.0000,4,11:08:14.000,11:08:14.000,11:08:33.000,566.1100,0.5575467941059338908801274400,1.1150935882118677817602548800,19
0,Baseline,100,2026-09-11,2026-09-15,PatternB,Call,23350.0000,4,11:08:33.000,11:08:33.000,11:08:51.000,-261.6000,1.364175563463819691577698700,0.1186239620403321470937129300,18
0,Baseline,101,2026-09-11,2026-09-15,PatternA,Put,23350.0000,4,11:08:51.000,11:08:51.000,11:09:37.000,-2260.2700,2.831301612268973653165552500,0.6685017695635076681085332300,46
0,Baseline,102,2026-09-11,2026-09-15,PatternB,Call,23350.0000,4,11:09:37.000,11:09:37.000,11:10:12.000,-165.3600,1.088825214899713467048710600,0.8022922636103151862464183400,35
0,Baseline,103,2026-09-11,2026-09-15,PatternA,Put,23350.0000,4,11:10:12.000,11:10:12.000,11:11:02.000,-1446.7000,1.8255578093306288032454361100,1.0547667342799188640973630800,50
0,Baseline,104,2026-09-11,2026-09-15,PatternB,Call,23350.0000,4,11:11:02.000,11:11:02.000,11:11:06.000,-393.1500,0.9060022650056625141562853900,0,4
0,Baseline,105,2026-09-11,2026-09-15,PatternA,Put,23350.0000,4,11:11:06.000,11:11:06.000,11:11:24.000,-926.4900,1.025010250102501025010250100,0.0410004100041000410004100,18
0,Baseline,106,2026-09-11,2026-09-15,PatternB,Call,23350.0000,4,11:11:24.000,11:11:24.000,11:13:04.000,3504.3100,1.7504234895539243365330321900,9.203839638622247317899491810,100
0,Baseline,107,2026-09-11,2026-09-15,PatternA,Put,23400.0000,4,11:13:04.000,11:13:04.000,11:13:12.000,-1909.6600,1.9157088122605363984674329500,0,8
0,Baseline,108,2026-09-11,2026-09-15,PatternB,Call,23400.0000,4,11:13:12.000,11:13:12.000,11:13:55.000,2925.6100,1.4874915483434753211629479400,11.426639621365787694388100070,43
0,Baseline,109,2026-09-11,2026-09-15,PatternA,Put,23400.0000,4,11:13:54.000,11:13:54.000,11:14:09.000,-2685.7200,4.1095890410958904109589041100,0,15
0,Baseline,110,2026-09-11,2026-09-15,PatternB,Call,23400.0000,4,11:14:09.000,11:14:09.000,11:14:22.000,1850.2200,0.6650544135429262394195888800,6.5900846432889963724304715800,13
0,Baseline,111,2026-09-11,2026-09-15,PatternA,Put,23400.0000,4,11:14:22.000,11:14:22.000,11:14:58.000,-929.5000,2.4739080015461925009663703100,1.1596443757247777348279860800,36
0,Baseline,112,2026-09-11,2026-09-15,PatternB,Call,23400.0000,4,11:14:58.000,11:14:58.000,11:15:07.000,1198.8800,0,3.8505747126436781609195402300,9
0,Baseline,113,2026-09-11,2026-09-15,PatternA,Put,23400.0000,4,11:15:07.000,11:15:07.000,11:16:19.000,2968.9000,0.3927729772191673212882953700,6.8342498036135113904163393600,72
0,Baseline,114,2026-09-11,2026-09-15,PatternB,Call,23400.0000,4,11:16:19.000,11:16:19.000,11:16:44.000,193.0100,1.3601419278533412182140745100,2.8976936723832052040212891800,25
0,Baseline,115,2026-09-11,2026-09-15,PatternA,Put,23400.0000,4,11:16:44.000,11:16:44.000,11:16:54.000,-1547.7500,1.8161180476730987514188422200,0,10
0,Baseline,116,2026-09-11,2026-09-15,PatternB,Call,23400.0000,4,11:16:54.000,11:16:54.000,11:17:39.000,8668.9500,0,17.113519680547632629777524240,45
0,Baseline,117,2026-09-11,2026-09-15,PatternA,Put,23450.0000,4,11:17:39.000,11:17:39.000,11:18:27.000,1790.3600,0.3331112591605596269153897400,3.0313124583610926049300466400,48
0,Baseline,118,2026-09-11,2026-09-15,PatternB,Call,23450.0000,4,11:18:27.000,11:18:27.000,11:19:11.000,-3083.2300,6.401617250673854447439353100,1.9541778975741239892183288400,44
0,Baseline,119,2026-09-11,2026-09-15,PatternA,Put,23400.0000,4,11:19:11.000,11:19:11.000,11:19:42.000,-734.7000,1.0420686993438826707834812800,0.733307603241991509069857200,31
0,Baseline,120,2026-09-11,2026-09-15,PatternB,Call,23400.0000,4,11:19:42.000,11:19:42.000,11:20:57.000,-1205.9300,2.1052631578947368421052631600,6.8144044321329639889196675900,75
0,Baseline,121,2026-09-11,2026-09-15,PatternA,Put,23400.0000,4,11:20:57.000,11:20:57.000,11:21:27.000,-1644.5600,2.2970903522205206738131699800,1.1485451761102603369065849900,30
0,Baseline,122,2026-09-11,2026-09-15,PatternB,Call,23400.0000,4,11:21:27.000,11:21:27.000,11:23:52.000,2723.7000,2.7945205479452054794520547900,5.9178082191780821917808219200,145
0,Baseline,123,2026-09-11,2026-09-15,PatternA,Put,23400.0000,4,11:23:52.000,11:23:52.000,11:24:14.000,-1089.7200,1.2500,1.1290322580645161290322580600,22
0,Baseline,124,2026-09-11,2026-09-15,PatternB,Call,23450.0000,4,11:24:14.000,11:24:14.000,11:24:57.000,-452.9900,2.1796565389696169088507265500,0.9907529722589167767503302500,43
0,Baseline,125,2026-09-11,2026-09-15,PatternA,Put,23450.0000,4,11:24:57.000,11:24:57.000,11:25:18.000,295.8700,0.4961958319550115779027456200,0.7277538868673503142573602400,21
0,Baseline,126,2026-09-11,2026-09-15,PatternB,Call,23450.0000,4,11:25:18.000,11:25:18.000,11:25:45.000,651.8300,0.2014775016789791806581598400,3.7609133646742780389523169900,27
0,Baseline,127,2026-09-11,2026-09-15,PatternA,Put,23450.0000,4,11:25:45.000,11:25:45.000,11:29:53.000,3966.4000,0.0332557366145660126371799100,5.4871965414033920851346857300,248
0,Baseline,128,2026-09-11,2026-09-15,PatternB,Call,23400.0000,4,11:29:53.000,11:29:53.000,11:30:04.000,-523.9000,1.2728278915329275041505257300,0,11
0,Baseline,129,2026-09-11,2026-09-15,PatternA,Put,23400.0000,4,11:30:04.000,11:30:04.000,11:30:42.000,434.9700,0.3111629716063788409179307700,1.361338000777907429015947100,38
0,Baseline,130,2026-09-11,2026-09-15,PatternB,Call,23400.0000,4,11:30:42.000,11:30:42.000,11:31:33.000,-3.6600,0.6745362563237774030354131500,1.517706576728499156829679600,51
0,Baseline,131,2026-09-11,2026-09-15,PatternA,Put,23400.0000,4,11:31:33.000,11:31:33.000,11:33:22.000,-2520.8000,3.6088474970896391152502910400,2.0954598370197904540162980200,109
0,Baseline,132,2026-09-11,2026-09-15,PatternB,Call,23400.0000,4,11:33:22.000,11:33:22.000,11:34:20.000,-1889.1200,3.2258064516129032258064516100,1.6666666666666666666666666700,58
0,Baseline,133,2026-09-11,2026-09-15,PatternA,Put,23400.0000,4,11:34:20.000,11:34:20.000,11:37:33.000,-376.5700,2.4323264025107885445272655900,2.0400156924284032954099646900,193
0,Baseline,134,2026-09-11,2026-09-15,PatternB,Call,23400.0000,4,11:37:32.000,11:37:32.000,11:42:43.000,1684.7200,1.9369120088544548976203652500,7.636967349197565024903154400,311
0,Baseline,135,2026-09-11,2026-09-15,PatternA,Put,23450.0000,4,11:42:43.000,11:42:43.000,11:44:11.000,-2075.6500,2.230971128608923884514435700,0.9514435695538057742782152200,88
0,Baseline,136,2026-09-11,2026-09-15,PatternB,Call,23450.0000,4,11:44:11.000,11:44:11.000,11:44:31.000,-62.3200,0,3.4036759700476514635806671200,20
0,Baseline,137,2026-09-11,2026-09-15,PatternA,Put,23450.0000,4,11:44:31.000,11:44:31.000,11:45:11.000,-2269.3300,3.1114084978253596520575443300,0,40
0,Baseline,138,2026-09-11,2026-09-15,PatternB,Call,23450.0000,4,11:45:11.000,11:45:11.000,11:45:33.000,-2434.1100,4.9104180491041804910418049100,1.0617120106171201061712010600,22
0,Baseline,139,2026-09-11,2026-09-15,PatternA,Put,23450.0000,4,11:45:33.000,11:45:33.000,11:46:36.000,-2529.6200,3.6532713384257721687147127200,0,63
0,Baseline,140,2026-09-11,2026-09-15,PatternB,Call,23450.0000,4,11:46:36.000,11:46:36.000,11:46:57.000,-712.2600,1.2113055181695827725437415900,1.0767160161507402422611036300,21
0,Baseline,141,2026-09-11,2026-09-15,PatternA,Put,23450.0000,4,11:46:57.000,11:46:57.000,11:47:46.000,-677.3600,1.7532029669588671611598111900,0.1348617666891436277815239400,49
0,Baseline,142,2026-09-11,2026-09-15,PatternB,Call,23450.0000,4,11:47:46.000,11:47:46.000,11:49:55.000,-3732.7100,9.472259810554803788903924220,0.7442489851150202976995940500,129
0,Baseline,143,2026-09-11,2026-09-15,PatternA,Put,23400.0000,4,11:49:55.000,11:49:55.000,11:50:58.000,-1155.6200,1.8606492478226444972288202700,0.8313539192399049881235154400,63
0,Baseline,144,2026-09-11,2026-09-15,PatternB,Call,23400.0000,4,11:50:58.000,11:50:58.000,11:51:04.000,-556.4600,1.325234676974047487575924900,0,6
0,Baseline,145,2026-09-11,2026-09-15,PatternA,Put,23400.0000,4,11:51:04.000,11:51:04.000,11:55:26.000,-278.2800,1.515755883526126844834463500,2.5528520143597925807738332700,262
0,Baseline,146,2026-09-11,2026-09-15,PatternB,Call,23400.0000,4,11:55:26.000,11:55:26.000,11:57:12.000,1523.1700,0.9065155807365439093484419300,4.4759206798866855524079320100,106
0,Baseline,147,2026-09-11,2026-09-15,PatternA,Put,23400.0000,4,11:57:12.000,11:57:12.000,11:58:51.000,1542.0000,0,4.3906442347148132950348789500,99
0,Baseline,148,2026-09-11,2026-09-15,PatternB,Call,23400.0000,4,11:58:51.000,11:58:51.000,12:01:04.000,776.4000,0.5707762557077625570776255700,5.0228310502283105022831050200,133
0,Baseline,149,2026-09-11,2026-09-15,PatternA,Put,23400.0000,4,12:01:04.000,12:01:04.000,12:02:34.000,-732.0400,1.6666666666666666666666666700,1.2195121951219512195121951200,90
0,Baseline,150,2026-09-11,2026-09-15,PatternB,Call,23400.0000,4,12:02:34.000,12:02:34.000,12:03:23.000,-1887.9500,3.829078801331853496115427300,0.1109877913429522752497225300,49
0,Baseline,151,2026-09-11,2026-09-15,PatternA,Put,23400.0000,4,12:03:23.000,12:03:23.000,12:08:33.000,-927.4500,2.2123893805309734513274336300,0.9251810136765888978278358800,310
0,Baseline,152,2026-09-11,2026-09-15,PatternB,Call,23400.0000,4,12:08:33.000,12:08:33.000,12:10:28.000,-1919.4900,3.8154897494305239179954441900,0.5694760820045558086560364500,115
0,Baseline,153,2026-09-11,2026-09-15,PatternA,Put,23400.0000,4,12:10:28.000,12:10:28.000,12:14:41.000,1767.7400,0.6356773937226857369884783500,5.1251489868891537544696066700,253
0,Baseline,154,2026-09-11,2026-09-15,PatternB,Call,23400.0000,4,12:14:41.000,12:14:41.000,12:15:03.000,681.9500,1.4953271028037383177570093500,1.3707165109034267912772585700,22
0,Baseline,155,2026-09-11,2026-09-15,PatternA,Put,23400.0000,4,12:15:03.000,12:15:03.000,12:15:56.000,3683.3700,0.7058823529411764705882352900,4.6666666666666666666666666700,53
0,Baseline,156,2026-09-11,2026-09-15,PatternB,Call,23400.0000,4,12:15:56.000,12:15:56.000,12:21:00.000,3021.9900,0.1306335728282168517308948400,12.344872632266492488569562380,304
0,Baseline,157,2026-09-11,2026-09-15,PatternA,Put,23400.0000,4,12:21:00.000,12:21:00.000,12:21:25.000,272.4700,0.9704968944099378881987577600,0.8540372670807453416149068300,25
0,Baseline,158,2026-09-11,2026-09-15,PatternB,Call,23400.0000,4,12:21:25.000,12:21:25.000,12:26:45.000,2208.3800,1.8001241464928615766604593400,6.9522036002482929857231533200,320
0,Baseline,159,2026-09-11,2026-09-15,PatternA,Put,23400.0000,4,12:26:45.000,12:26:45.000,12:33:40.000,565.5400,3.1508467900748326112642772700,2.4419062623079952737298148900,415
0,Baseline,160,2026-09-11,2026-09-15,PatternB,Call,23400.0000,4,12:33:40.000,12:33:40.000,12:34:05.000,-33.1300,0.3065603923973022685469037400,1.4714898835070508890251379500,25
0,Baseline,161,2026-09-11,2026-09-15,PatternA,Put,23400.0000,4,12:34:05.000,12:34:05.000,12:34:52.000,-2877.6700,3.2459913961673836527180289400,0.1173249902229174814235432100,47
0,Baseline,162,2026-09-11,2026-09-15,PatternB,Call,23400.0000,4,12:34:52.000,12:34:52.000,12:35:35.000,-619.6500,2.2621809744779582366589327100,0,43
0,Baseline,163,2026-09-11,2026-09-15,PatternA,Put,23400.0000,4,12:35:35.000,12:35:35.000,12:37:39.000,-277.8800,2.1310816244471250502613590700,2.1310816244471250502613590700,124
0,Baseline,164,2026-09-11,2026-09-15,PatternB,Call,23400.0000,4,12:37:39.000,12:37:39.000,12:38:29.000,842.0800,0.5824111822947000582411182300,3.0867792661619103086779266200,50
0,Baseline,165,2026-09-11,2026-09-15,PatternA,Put,23400.0000,4,12:38:29.000,12:38:29.000,12:39:05.000,956.7800,0.1622060016220600162206001600,2.1897810218978102189781021900,36
0,Baseline,166,2026-09-11,2026-09-15,PatternB,Call,23400.0000,4,12:39:05.000,12:39:05.000,12:39:14.000,-1106.4600,2.0527859237536656891495601200,0,9
0,Baseline,167,2026-09-11,2026-09-15,PatternA,Put,23400.0000,4,12:39:14.000,12:39:14.000,12:39:53.000,-571.0700,1.1857707509881422924901185800,0.3952569169960474308300395300,39
0,Baseline,168,2026-09-11,2026-09-15,PatternB,Call,23400.0000,4,12:39:53.000,12:39:53.000,12:40:29.000,160.6300,0.3558718861209964412811387900,2.1352313167259786476868327400,36
0,Baseline,169,2026-09-11,2026-09-15,PatternA,Put,23400.0000,4,12:40:29.000,12:40:29.000,12:40:53.000,111.3500,0,0.7958615200955033824114604100,24
0,Baseline,170,2026-09-11,2026-09-15,PatternB,Call,23400.0000,4,12:40:53.000,12:40:54.000,12:41:00.000,-423.9200,0.6539833531510107015457788300,0,6
0,Baseline,171,2026-09-11,2026-09-15,PatternA,Put,23400.0000,4,12:41:00.000,12:41:00.000,12:41:08.000,-506.1100,1.0671936758893280632411067200,0,8
0,Baseline,172,2026-09-11,2026-09-15,PatternB,Call,23400.0000,4,12:41:08.000,12:41:08.000,12:43:35.000,3376.1400,0.8902077151335311572700296700,9.732937685459940652818991100,147
0,Baseline,173,2026-09-11,2026-09-15,PatternA,Put,23450.0000,4,12:43:35.000,12:43:35.000,12:49:01.000,2473.0500,0.3701211305518169582772543700,5.3162853297442799461641991900,326
0,Baseline,174,2026-09-11,2026-09-15,PatternB,Call,23400.0000,4,12:49:01.000,12:49:01.000,12:51:44.000,-3412.0500,6.1831153388822829964328180700,0.1783590963139120095124851400,163
0,Baseline,175,2026-09-11,2026-09-15,PatternA,Put,23400.0000,4,12:51:44.000,12:51:44.000,12:52:35.000,-2195.9200,2.6428293820443062572872133700,1.2048192771084337349397590400,51
0,Baseline,176,2026-09-11,2026-09-15,PatternB,Call,23400.0000,4,12:52:35.000,12:52:35.000,12:54:33.000,1948.0100,0.6108735491753207086133170400,3.9706780696395846059865607800,118
0,Baseline,177,2026-09-11,2026-09-15,PatternA,Put,23400.0000,4,12:54:33.000,12:54:33.000,12:55:22.000,80.3600,0.4918032786885245901639344300,1.3524590163934426229508196700,49
0,Baseline,178,2026-09-11,2026-09-15,PatternB,Call,23400.0000,4,12:55:22.000,12:55:22.000,12:56:28.000,-1073.8800,2.2352941176470588235294117600,0.5294117647058823529411764700,66
0,Baseline,179,2026-09-11,2026-09-15,PatternA,Put,23400.0000,4,12:56:28.000,12:56:28.000,12:57:26.000,-147.6900,1.0913500404203718674211802700,0.2021018593371059013742926400,58
0,Baseline,180,2026-09-11,2026-09-15,PatternB,Call,23400.0000,4,12:57:26.000,12:57:26.000,12:57:30.000,-358.6400,0.6002400960384153661464585800,0,4
0,Baseline,181,2026-09-11,2026-09-15,PatternA,Put,23400.0000,4,12:57:30.000,12:57:30.000,12:57:58.000,-699.9700,0.8870967741935483870967741900,0.1612903225806451612903225800,28
0,Baseline,182,2026-09-11,2026-09-15,PatternB,Call,23400.0000,4,12:57:58.000,12:57:58.000,12:59:19.000,1102.6600,0.4166666666666666666666666700,5.7142857142857142857142857100,81
0,Baseline,183,2026-09-11,2026-09-15,PatternA,Put,23400.0000,4,12:59:19.000,12:59:19.000,13:02:12.000,3296.1500,0.9072164948453608247422680400,4.7422680412371134020618556700,173
0,Baseline,184,2026-09-11,2026-09-15,PatternB,Call,23400.0000,4,13:02:12.000,13:02:12.000,13:03:12.000,-0.0400,0.9369144284821986258588382300,2.4359775140537164272329793900,60
0,Baseline,185,2026-09-11,2026-09-15,PatternA,Put,23400.0000,4,13:03:12.000,13:03:12.000,13:03:52.000,955.5600,0,2.6128266033254156769596199500,40
0,Baseline,186,2026-09-11,2026-09-15,PatternB,Call,23400.0000,4,13:03:52.000,13:03:52.000,13:06:03.000,-2792.6600,6.3694267515923566878980891700,0.4458598726114649681528662400,131
0,Baseline,187,2026-09-11,2026-09-15,PatternA,Put,23400.0000,4,13:06:03.000,13:06:03.000,13:07:58.000,-1580.7200,2.362204724409448818897637800,1.1248593925759280089988751400,115
0,Baseline,188,2026-09-11,2026-09-15,PatternB,Call,23400.0000,4,13:07:58.000,13:07:58.000,13:09:02.000,-1200.1600,2.432610124917817225509533200,0.9204470742932281393819855400,64
0,Baseline,189,2026-09-11,2026-09-15,PatternA,Put,23400.0000,4,13:09:02.000,13:09:02.000,13:11:12.000,1862.0900,1.311352566504308729861371300,2.8100412139378044211315099300,130
0,Baseline,190,2026-09-11,2026-09-15,PatternB,Call,23400.0000,4,13:11:12.000,13:11:12.000,13:21:20.000,685.1400,1.5883977900552486187845303900,7.3895027624309392265193370200,608
0,Baseline,191,2026-09-11,2026-09-15,PatternA,Put,23400.0000,4,13:21:20.000,13:21:20.000,13:21:44.000,-2263.3000,2.5260029717682020802377414600,0.2600297176820208023774145600,24
0,Baseline,192,2026-09-11,2026-09-15,PatternB,Call,23400.0000,4,13:21:44.000,13:21:44.000,13:22:14.000,-842.6200,1.7904509283819628647214854100,0.4641909814323607427055702900,30
0,Baseline,193,2026-09-11,2026-09-15,PatternA,Put,23400.0000,4,13:22:14.000,13:22:14.000,13:29:04.000,-7329.5600,8.333333333333333333333333330,0,410
0,Baseline,194,2026-09-11,2026-09-15,PatternB,Call,23400.0000,4,13:29:04.000,13:29:04.000,13:30:35.000,908.6200,1.5253203172666259914582062200,4.6979865771812080536912751700,91
0,Baseline,195,2026-09-11,2026-09-15,PatternA,Put,23400.0000,4,13:30:35.000,13:30:35.000,13:31:21.000,340.6000,1.4876033057851239669421487600,0.7851239669421487603305785100,46
0,Baseline,196,2026-09-11,2026-09-15,PatternB,Call,23400.0000,4,13:31:21.000,13:31:21.000,13:31:58.000,908.4600,1.5786278081360048573163327300,2.0036429872495446265938069200,37
0,Baseline,197,2026-09-11,2026-09-15,PatternA,Put,23400.0000,4,13:31:58.000,13:31:58.000,13:36:43.000,2419.4800,2.820406470344255495644960600,6.014102032351721277478224800,285
0,Baseline,198,2026-09-11,2026-09-15,PatternB,Call,23400.0000,4,13:36:43.000,13:36:43.000,13:39:01.000,-909.3700,4.072681704260651629072681700,0,138
0,Baseline,199,2026-09-11,2026-09-15,PatternA,Put,23400.0000,4,13:39:01.000,13:39:01.000,13:39:30.000,-115.8600,0.5187549880287310454908220300,1.0375099760574620909816440500,29
0,Baseline,200,2026-09-11,2026-09-15,PatternB,Call,23400.0000,4,13:39:30.000,13:39:30.000,13:39:43.000,-31.9100,0.7001909611712285168682367900,1.5913430935709739019732654400,13
0,Baseline,201,2026-09-11,2026-09-15,PatternA,Put,23400.0000,4,13:39:43.000,13:39:43.000,13:40:59.000,-213.3600,0.7174172977281785571941012400,2.550817058589079314467915500,76
0,Baseline,202,2026-09-11,2026-09-15,PatternB,Call,23400.0000,4,13:40:59.000,13:40:59.000,13:41:19.000,-2208.0300,5.2229299363057324840764331200,0.0636942675159235668789808900,20
0,Baseline,203,2026-09-11,2026-09-15,PatternA,Put,23400.0000,4,13:41:19.000,13:41:19.000,13:42:48.000,1733.8800,0.2707930367504835589941972900,9.477756286266924564796905220,89
0,Baseline,204,2026-09-11,2026-09-15,PatternB,Call,23400.0000,4,13:42:48.000,13:42:48.000,13:46:50.000,327.5000,2.9331514324693042291950886800,6.8212824010914051841746248300,242
0,Baseline,205,2026-09-11,2026-09-15,PatternA,Put,23400.0000,4,13:46:50.000,13:46:50.000,13:46:54.000,-442.8500,0.4590665646518745218056618200,0,4
0,Baseline,206,2026-09-11,2026-09-15,PatternB,Call,23400.0000,4,13:46:54.000,13:46:54.000,13:47:47.000,1561.3200,1.0094212651413189771197846600,5.1816958277254374158815612400,53
0,Baseline,207,2026-09-11,2026-09-15,PatternA,Put,23400.0000,4,13:47:47.000,13:47:47.000,13:51:24.000,-2357.4900,3.6334913112164296998420221200,2.4881516587677725118483412300,217
0,Baseline,208,2026-09-11,2026-09-15,PatternB,Call,23400.0000,4,13:51:24.000,13:51:24.000,13:51:56.000,1429.1700,1.1278195488721804511278195500,3.8847117794486215538847117800,32
0,Baseline,209,2026-09-11,2026-09-15,PatternA,Put,23400.0000,4,13:51:56.000,13:51:56.000,13:55:35.000,-8461.6600,14.303329223181257706535141800,2.3016851623510069872585285700,219
0,Baseline,210,2026-09-11,2026-09-15,PatternB,Call,23450.0000,4,13:55:34.000,13:55:34.000,13:55:53.000,2212.3200,1.3408609738884968242766407900,6.5631616090331686661961891300,19
0,Baseline,211,2026-09-11,2026-09-15,PatternA,Put,23450.0000,4,13:55:53.000,13:55:53.000,13:56:19.000,3519.0200,0.4913076341647770219198790600,4.3461829176114890400604686300,26
0,Baseline,212,2026-09-11,2026-09-15,PatternB,Call,23450.0000,4,13:56:19.000,13:56:19.000,13:57:32.000,4941.1000,0,10.839913854989231873653984210,73
0,Baseline,213,2026-09-11,2026-09-15,PatternA,Put,23450.0000,4,13:57:31.000,13:57:31.000,13:57:34.000,-1318.9700,1.7489312087057909055577147300,0,3
0,Baseline,214,2026-09-11,2026-09-15,PatternB,Call,23450.0000,4,13:57:34.000,13:57:34.000,13:57:47.000,-1233.3800,2.6332691072575465639049454100,1.9267822736030828516377649300,13
0,Baseline,215,2026-09-11,2026-09-15,PatternA,Put,23450.0000,4,13:57:47.000,13:57:47.000,13:58:14.000,-669.4800,3.3359193173002327385570209500,0.2715283165244375484871993800,27
0,Baseline,216,2026-09-11,2026-09-15,PatternB,Call,23450.0000,4,13:58:14.000,13:58:14.000,14:00:21.000,-1200.5500,6.4935064935064935064935064900,1.6883116883116883116883116900,127
0,Baseline,217,2026-09-11,2026-09-15,PatternA,Put,23450.0000,4,14:00:21.000,14:00:21.000,14:01:14.000,-4307.2500,7.9069767441860465116279069800,0,53
0,Baseline,218,2026-09-11,2026-09-15,PatternB,Call,23450.0000,4,14:01:14.000,14:01:14.000,14:02:54.000,18707.3200,0.8500303582270795385549483900,39.465695203400121432908318150,100
0,Baseline,219,2026-09-11,2026-09-15,PatternA,Put,23500.0000,4,14:02:54.000,14:02:54.000,14:05:41.000,2546.7400,4.7206923682140047206923682100,4.5239968528717545239968528700,167
0,Baseline,220,2026-09-11,2026-09-15,PatternB,Call,23500.0000,4,14:05:41.000,14:05:41.000,14:08:18.000,-4841.2200,11.394658753709198813056379820,1.1275964391691394658753709200,157
0,Baseline,221,2026-09-11,2026-09-15,PatternA,Put,23500.0000,4,14:08:18.000,14:08:18.000,14:08:30.000,-867.7500,1.0200364298724954462659380700,0,12
0,Baseline,222,2026-09-11,2026-09-15,PatternB,Call,23500.0000,4,14:08:29.000,14:08:30.000,14:08:59.000,-2565.0000,6.3022508038585209003215434100,0,29
0,Baseline,223,2026-09-11,2026-09-15,PatternA,Put,23450.0000,4,14:08:59.000,14:08:59.000,14:09:34.000,-2937.2300,3.84111741597555652553470100,0.130947184635530336097773900,35
0,Baseline,224,2026-09-11,2026-09-15,PatternB,Call,23500.0000,4,14:09:34.000,14:09:34.000,14:10:06.000,-2532.3200,6.1488673139158576051779935300,1.4886731391585760517799352800,32
0,Baseline,225,2026-09-11,2026-09-15,PatternA,Put,23450.0000,4,14:10:06.000,14:10:06.000,14:10:55.000,-565.7800,1.4977973568281938325991189400,1.0572687224669603524229074900,49
0,Baseline,226,2026-09-11,2026-09-15,PatternB,Call,23450.0000,4,14:10:55.000,14:10:55.000,14:15:02.000,-884.3200,6.0142711518858307849133537200,3.1600407747196738022426095800,247
0,Baseline,227,2026-09-11,2026-09-15,PatternA,Put,23500.0000,4,14:15:02.000,14:15:02.000,14:15:22.000,301.9500,0.0734214390602055800293685800,2.42290748898678414096916300,20
0,Baseline,228,2026-09-11,2026-09-15,PatternB,Call,23500.0000,4,14:15:22.000,14:15:22.000,14:19:03.000,-1036.4500,6.3873626373626373626373626400,2.953296703296703296703296700,221
0,Baseline,229,2026-09-11,2026-09-15,PatternA,Put,23450.0000,4,14:19:03.000,14:19:03.000,14:21:41.000,-1052.2900,1.3416815742397137745974955300,2.4150268336314847942754919500,158
0,Baseline,230,2026-09-11,2026-09-15,PatternB,Call,23450.0000,4,14:21:41.000,14:21:41.000,14:27:48.000,2786.5900,2.8022833419823559937727036800,6.7981318111053450960041515300,367
0,Baseline,231,2026-09-11,2026-09-15,PatternA,Put,23500.0000,4,14:27:48.000,14:27:48.000,14:29:24.000,-2587.7300,2.8421839940164547494390426300,1.53328347045624532535527300,96
0,Baseline,232,2026-09-11,2026-09-15,PatternB,Call,23500.0000,4,14:29:24.000,14:29:24.000,14:31:12.000,1104.2500,2.3720349563046192259675405700,4.3071161048689138576779026200,108
0,Baseline,233,2026-09-11,2026-09-15,PatternA,Put,23500.0000,4,14:31:12.000,14:31:12.000,14:35:57.000,-2455.5000,4.179687500,3.51562500,285
0,Baseline,234,2026-09-11,2026-09-15,PatternB,Call,23500.0000,4,14:35:57.000,14:35:58.000,14:36:51.000,-1235.5300,4.6903187011425135297654840600,0,53
0,Baseline,235,2026-09-11,2026-09-15,PatternA,Put,23500.0000,4,14:36:51.000,14:36:51.000,14:38:32.000,2871.7800,0.6324110671936758893280632400,5.1383399209486166007905138300,101
0,Baseline,236,2026-09-11,2026-09-15,PatternB,Call,23500.0000,4,14:38:32.000,14:38:33.000,14:41:29.000,1528.4500,2.5913621262458471760797342200,4.7840531561461794019933554800,176
0,Baseline,237,2026-09-11,2026-09-15,PatternA,Put,23500.0000,4,14:41:28.000,14:41:28.000,14:42:25.000,-1578.5000,2.892885066458170445660672400,0.0390930414386239249413604400,57
0,Baseline,238,2026-09-11,2026-09-15,PatternB,Call,23500.0000,4,14:42:25.000,14:42:25.000,14:45:30.000,-1786.4200,4.0599625234228607120549656500,1.5615240474703310430980637100,185
0,Baseline,239,2026-09-11,2026-09-15,PatternA,Put,23500.0000,4,14:45:30.000,14:45:30.000,14:47:47.000,1506.4200,0.5405405405405405405405405400,3.204633204633204633204633200,137
0,Baseline,240,2026-09-11,2026-09-15,PatternB,Call,23500.0000,4,14:47:47.000,14:47:47.000,14:58:02.000,651.2200,0.8558262014483212639894667500,5.266622778143515470704410800,615
0,Baseline,241,2026-09-11,2026-09-15,PatternA,Put,23500.0000,4,14:58:02.000,14:58:02.000,15:01:05.000,464.9100,1.965875370919881305637982200,1.7433234421364985163204747800,183
0,Baseline,0,2026-09-15,2026-09-15,PatternA,Put,23550.0000,0,09:15:24.000,09:15:24.000,09:15:29.000,842.7200,4.5103857566765578635014836800,1.2462908011869436201780415400,5
0,Baseline,1,2026-09-15,2026-09-15,PatternB,Call,23550.0000,0,09:15:29.000,09:15:29.000,09:16:14.000,-4660.8200,25.657071339173967459324155190,0.8760951188986232790988735900,45
0,Baseline,2,2026-09-15,2026-09-15,PatternA,Put,23550.0000,0,09:16:14.000,09:16:14.000,09:16:27.000,-586.2200,3.3392963625521765056648777600,0.7155635062611806797853309500,13
0,Baseline,3,2026-09-15,2026-09-15,PatternB,Call,23550.0000,0,09:16:27.000,09:16:27.000,09:16:42.000,2325.1900,0,14.155251141552511415525114160,15
0,Baseline,4,2026-09-15,2026-09-15,PatternA,Put,23550.0000,0,09:16:42.000,09:16:42.000,09:16:51.000,780.2600,0.5121638924455825864276568500,1.7285531370038412291933418700,9
0,Baseline,5,2026-09-15,2026-09-15,PatternB,Call,23550.0000,0,09:16:51.000,09:16:51.000,09:17:44.000,-79.3800,4.9295774647887323943661971800,3.0985915492957746478873239400,53
0,Baseline,6,2026-09-15,2026-09-15,PatternA,Put,23550.0000,0,09:17:44.000,09:17:44.000,09:18:14.000,6983.7400,1.5296367112810707456978967500,14.149139579349904397705544930,30
0,Baseline,7,2026-09-15,2026-09-15,PatternB,Call,23500.0000,0,09:18:14.000,09:18:14.000,09:18:37.000,1505.7900,1.5655577299412915851272015700,5.0880626223091976516634050900,23
0,Baseline,8,2026-09-15,2026-09-15,PatternA,Put,23500.0000,0,09:18:37.000,09:18:37.000,09:18:41.000,-964.3400,2.5362318840579710144927536200,1.5398550724637681159420289900,4
0,Baseline,9,2026-09-15,2026-09-15,PatternB,Call,23500.0000,0,09:18:41.000,09:18:41.000,09:19:01.000,-2815.3100,8.655616942909760589318600370,0,20
0,Baseline,10,2026-09-15,2026-09-15,PatternA,Put,23500.0000,0,09:19:01.000,09:19:01.000,09:19:09.000,-1973.4200,5.7708161582852431986809563100,0,8
0,Baseline,11,2026-09-15,2026-09-15,PatternB,Call,23500.0000,0,09:19:09.000,09:19:09.000,09:20:19.000,-767.9300,2.4295432458697764820213799800,5.4421768707482993197278911600,70
0,Baseline,12,2026-09-15,2026-09-15,PatternA,Put,23500.0000,0,09:20:19.000,09:20:19.000,09:21:08.000,-705.3100,3.496503496503496503496503500,1.3111888111888111888111888100,49
0,Baseline,13,2026-09-15,2026-09-15,PatternB,Call,23500.0000,0,09:21:08.000,09:21:08.000,09:21:59.000,272.1700,2.6209677419354838709677419400,4.0322580645161290322580645200,51
0,Baseline,14,2026-09-15,2026-09-15,PatternA,Put,23500.0000,0,09:21:59.000,09:21:59.000,09:23:45.000,5824.0400,0.3642987249544626593806921700,20.309653916211293260473588340,106
0,Baseline,15,2026-09-15,2026-09-15,PatternB,Call,23500.0000,0,09:23:44.000,09:23:44.000,09:24:16.000,1118.3900,1.4348785871964679911699779200,4.1942604856512141280353200900,32
0,Baseline,16,2026-09-15,2026-09-15,PatternA,Put,23500.0000,0,09:24:16.000,09:24:16.000,09:25:34.000,7023.5800,1.4084507042253521126760563400,21.789560894780447390223695110,78
0,Baseline,17,2026-09-15,2026-09-15,PatternB,Call,23500.0000,0,09:25:34.000,09:25:34.000,09:26:11.000,-1121.3100,4.0621266427718040621266427700,0.3584229390681003584229390700,37
0,Baseline,18,2026-09-15,2026-09-15,PatternA,Put,23500.0000,0,09:26:11.000,09:26:11.000,09:26:22.000,683.6200,0.5909389363099146421536441200,3.2829940906106369008535784600,11
0,Baseline,19,2026-09-15,2026-09-15,PatternB,Call,23500.0000,0,09:26:22.000,09:26:22.000,09:26:52.000,860.4400,0.2460024600246002460024600200,4.7970479704797047970479704800,30
0,Baseline,20,2026-09-15,2026-09-15,PatternA,Put,23500.0000,0,09:26:52.000,09:26:52.000,09:27:22.000,522.6000,0,6.9415807560137457044673539500,30
0,Baseline,21,2026-09-15,2026-09-15,PatternB,Call,23500.0000,0,09:27:22.000,09:27:22.000,09:27:42.000,-699.1200,3.3373063170441001191895113200,1.191895113230035756853396900,20
0,Baseline,22,2026-09-15,2026-09-15,PatternA,Put,23500.0000,0,09:27:42.000,09:27:42.000,09:27:54.000,1592.7600,2.4072869225764476252439817800,3.5133376707872478854912166600,12
0,Baseline,23,2026-09-15,2026-09-15,PatternB,Call,23500.0000,0,09:27:54.000,09:27:54.000,09:28:57.000,-828.4000,3.3415841584158415841584158400,2.4752475247524752475247524800,63
0,Baseline,24,2026-09-15,2026-09-15,PatternA,Put,23500.0000,0,09:28:57.000,09:28:57.000,09:29:33.000,-422.0100,1.5113350125944584382871536500,1.1964735516372795969773299700,36
0,Baseline,25,2026-09-15,2026-09-15,PatternB,Call,23500.0000,0,09:29:33.000,09:29:33.000,09:30:19.000,341.3500,0.3826530612244897959183673500,5.994897959183673469387755100,46
0,Baseline,26,2026-09-15,2026-09-15,PatternA,Put,23500.0000,0,09:30:19.000,09:30:19.000,09:33:32.000,3931.3200,4.492187500,8.854166666666666666666666670,193
0,Baseline,27,2026-09-15,2026-09-15,PatternB,Call,23500.0000,0,09:33:32.000,09:33:32.000,09:35:53.000,861.6400,0.3978779840848806366047745400,10.742705570291777188328912470,141
0,Baseline,28,2026-09-15,2026-09-15,PatternA,Put,23500.0000,0,09:35:53.000,09:35:53.000,09:37:13.000,2339.1100,0,7.5747931253978357733927434800,80
0,Baseline,29,2026-09-15,2026-09-15,PatternB,Call,23500.0000,0,09:37:13.000,09:37:13.000,09:38:41.000,-1021.9000,5.8108108108108108108108108100,1.8918918918918918918918918900,88
0,Baseline,30,2026-09-15,2026-09-15,PatternA,Put,23500.0000,0,09:38:41.000,09:38:42.000,09:39:39.000,-3120.4100,5.9475218658892128279883381900,1.1661807580174927113702623900,57
0,Baseline,31,2026-09-15,2026-09-15,PatternB,Call,23500.0000,0,09:39:39.000,09:39:39.000,09:40:21.000,732.0800,0,5.8423913043478260869565217400,42
0,Baseline,32,2026-09-15,2026-09-15,PatternA,Put,23500.0000,0,09:40:21.000,09:40:21.000,09:40:29.000,-421.5900,1.7230376515634971282705807300,0,8
0,Baseline,33,2026-09-15,2026-09-15,PatternB,Call,23500.0000,0,09:40:29.000,09:40:29.000,09:41:11.000,-1347.2500,5.3455019556714471968709256800,0.5215123859191655801825293400,42
0,Baseline,34,2026-09-15,2026-09-15,PatternA,Put,23500.0000,0,09:41:11.000,09:41:11.000,09:41:22.000,-33.1900,1.2851897184822521419828641400,0.5507955936352509179926560600,11
0,Baseline,35,2026-09-15,2026-09-15,PatternB,Call,23500.0000,0,09:41:22.000,09:41:22.000,09:41:32.000,82.5900,0,3.2831737346101231190150478800,10
0,Baseline,36,2026-09-15,2026-09-15,PatternA,Put,23500.0000,0,09:41:32.000,09:41:32.000,09:42:04.000,-1007.4600,2.702702702702702702702702700,0,32
0,Baseline,37,2026-09-15,2026-09-15,PatternB,Call,23500.0000,0,09:42:04.000,09:42:04.000,09:43:53.000,926.5500,1.8518518518518518518518518500,5.0264550264550264550264550300,109
0,Baseline,38,2026-09-15,2026-09-15,PatternA,Put,23500.0000,0,09:43:53.000,09:43:53.000,09:44:15.000,652.1300,0,2.7815468113975576662143826300,22
0,Baseline,39,2026-09-15,2026-09-15,PatternB,Call,23500.0000,0,09:44:15.000,09:44:15.000,09:47:23.000,-4563.0400,20.332480818414322250639386190,2.0460358056265984654731457800,188
0,Baseline,40,2026-09-15,2026-09-15,PatternA,Put,23500.0000,0,09:47:23.000,09:47:23.000,09:47:26.000,-1269.1700,2.9069767441860465116279069800,0,3
0,Baseline,41,2026-09-15,2026-09-15,PatternB,Call,23500.0000,0,09:47:26.000,09:47:26.000,09:49:38.000,-4073.2900,19.664634146341463414634146340,1.8292682926829268292682926800,132
0,Baseline,42,2026-09-15,2026-09-15,PatternA,Put,23450.0000,0,09:49:38.000,09:49:38.000,09:49:44.000,100.4200,1.0330578512396694214876033100,0.8264462809917355371900826400,6
0,Baseline,43,2026-09-15,2026-09-15,PatternB,Call,23450.0000,0,09:49:44.000,09:49:44.000,09:50:01.000,-310.5000,1.6759776536312849162011173200,0,17
0,Baseline,44,2026-09-15,2026-09-15,PatternA,Put,23450.0000,0,09:50:01.000,09:50:01.000,09:50:06.000,-906.7500,2.6584867075664621676891615500,0,5
0,Baseline,45,2026-09-15,2026-09-15,PatternB,Call,23450.0000,0,09:50:06.000,09:50:06.000,09:51:38.000,1118.5900,1.8973214285714285714285714300,6.3616071428571428571428571400,92
0,Baseline,46,2026-09-15,2026-09-15,PatternA,Put,23450.0000,0,09:51:38.000,09:51:38.000,09:52:21.000,3.0100,1.5851137146795313576843556200,3.3769813921433494141971054400,43
0,Baseline,47,2026-09-15,2026-09-15,PatternB,Call,23450.0000,0,09:52:21.000,09:52:21.000,09:53:31.000,-1382.7900,7.1895424836601307189542483700,1.0893246187363834422657952100,70
0,Baseline,48,2026-09-15,2026-09-15,PatternA,Put,23450.0000,0,09:53:31.000,09:53:31.000,09:54:24.000,-1103.7800,3.5600762873490146217418944700,3.3057851239669421487603305800,53
0,Baseline,49,2026-09-15,2026-09-15,PatternB,Call,23450.0000,0,09:54:24.000,09:54:24.000,09:54:32.000,-213.0400,1.118568232662192393736017900,0,8
0,Baseline,50,2026-09-15,2026-09-15,PatternA,Put,23450.0000,0,09:54:32.000,09:54:32.000,09:55:45.000,9354.8400,0,23.322683706070287539936102240,73
0,Baseline,51,2026-09-15,2026-09-15,PatternB,Call,23400.0000,0,09:55:45.000,09:55:45.000,09:57:04.000,-3435.8200,9.018355945730247406225059860,0.5586592178770949720670391100,79
0,Baseline,52,2026-09-15,2026-09-15,PatternA,Put,23400.0000,0,09:57:03.000,09:57:03.000,09:58:20.000,164.2100,5.9602649006622516556291390700,4.0397350993377483443708609300,77
0,Baseline,53,2026-09-15,2026-09-15,PatternB,Call,23400.0000,0,09:58:20.000,09:58:20.000,09:59:08.000,1828.5700,1.7841213202497769848349687800,7.4041034790365744870651204300,48
0,Baseline,54,2026-09-15,2026-09-15,PatternA,Put,23400.0000,0,09:59:08.000,09:59:08.000,09:59:23.000,-2107.7900,4.5391061452513966480446927400,0,15
0,Baseline,55,2026-09-15,2026-09-15,PatternB,Call,23400.0000,0,09:59:23.000,09:59:23.000,10:01:08.000,-1421.3300,4.8519736842105263157894736800,1.562500,105
0,Baseline,56,2026-09-15,2026-09-15,PatternA,Put,23400.0000,0,10:01:08.000,10:01:08.000,10:04:24.000,-158.9900,7.8965758211041229909154437500,3.4241788958770090845562543700,196
0,Baseline,57,2026-09-15,2026-09-15,PatternB,Call,23450.0000,0,10:04:24.000,10:04:24.000,10:06:05.000,958.8500,0,7.1895424836601307189542483700,101
0,Baseline,58,2026-09-15,2026-09-15,PatternA,Put,23450.0000,0,10:06:05.000,10:06:05.000,10:08:01.000,804.8800,1.7957927142124166239096972800,4.0533606977937403796818881500,116
0,Baseline,59,2026-09-15,2026-09-15,PatternB,Call,23450.0000,0,10:08:01.000,10:08:01.000,10:08:56.000,-697.9200,3.4615384615384615384615384600,0.897435897435897435897435900,55
0,Baseline,60,2026-09-15,2026-09-15,PatternA,Put,23400.0000,0,10:08:56.000,10:08:56.000,10:12:48.000,-3926.4100,8.450704225352112676056338030,7.0422535211267605633802816900,232
0,Baseline,61,2026-09-15,2026-09-15,PatternB,Call,23450.0000,0,10:12:48.000,10:12:48.000,10:13:43.000,48.6900,0.3745318352059925093632958800,4.2446941323345817727840199800,55
0,Baseline,62,2026-09-15,2026-09-15,PatternA,Put,23450.0000,0,10:13:43.000,10:13:43.000,10:26:13.000,4996.9800,1.7934782608695652173913043500,13.423913043478260869565217390,750
0,Baseline,63,2026-09-15,2026-09-15,PatternB,Call,23400.0000,0,10:26:13.000,10:26:13.000,10:27:29.000,757.6200,3.4322820037105751391465677200,3.896103896103896103896103900,76
0,Baseline,64,2026-09-15,2026-09-15,PatternA,Put,23400.0000,0,10:27:29.000,10:27:29.000,10:41:55.000,5331.5600,1.9882179675994108983799705400,25.773195876288659793814432990,866
0,Baseline,65,2026-09-15,2026-09-15,PatternB,Call,23400.0000,0,10:41:55.000,10:41:55.000,10:42:56.000,-538.5000,2.9126213592233009708737864100,0.2157497303128371089536138100,61
0,Baseline,66,2026-09-15,2026-09-15,PatternA,Put,23400.0000,0,10:42:56.000,10:42:56.000,10:45:29.000,4060.8100,0.3853564547206165703275529900,12.588310854206807964033397560,153
0,Baseline,67,2026-09-15,2026-09-15,PatternB,Call,23400.0000,0,10:45:29.000,10:45:29.000,10:46:21.000,-1380.6200,6.2885326757090012330456226900,1.9728729963008631319358816300,52
0,Baseline,68,2026-09-15,2026-09-15,PatternA,Put,23400.0000,0,10:46:20.000,10:46:21.000,10:47:00.000,5161.6300,0.636205899363794100636205900,10.757663389242336610757663390,39
0,Baseline,69,2026-09-15,2026-09-15,PatternB,Call,23350.0000,0,10:47:00.000,10:47:00.000,10:50:55.000,1991.5200,0,11.425959780621572212065813530,235
0,Baseline,70,2026-09-15,2026-09-15,PatternA,Put,23400.0000,0,10:50:55.000,10:50:55.000,10:58:26.000,3731.6500,0.5643340857787810383747178300,14.446952595936794582392776520,451
0,Baseline,71,2026-09-15,2026-09-15,PatternB,Call,23350.0000,0,10:58:26.000,10:58:26.000,11:01:12.000,303.0200,2.3320895522388059701492537300,3.3582089552238805970149253700,166
0,Baseline,72,2026-09-15,2026-09-15,PatternA,Put,23350.0000,0,11:01:12.000,11:01:12.000,11:02:11.000,-3695.8200,10.229976209357652656621728790,0.5551149881046788263283108600,59
0,Baseline,73,2026-09-15,2026-09-15,PatternB,Call,23350.0000,0,11:02:11.000,11:02:11.000,11:05:28.000,1632.7800,0.8576329331046312178387650100,10.377358490566037735849056600,197
0,Baseline,74,2026-09-15,2026-09-15,PatternA,Put,23400.0000,0,11:05:28.000,11:05:28.000,11:08:24.000,5260.5500,0.1811594202898550724637681200,12.016908212560386473429951690,176
0,Baseline,75,2026-09-15,2026-09-15,PatternB,Call,23350.0000,0,11:08:24.000,11:08:24.000,11:10:16.000,-3757.1200,11.285846438482886216466234970,1.3876040703052728954671600400,112
0,Baseline,76,2026-09-15,2026-09-15,PatternA,Put,23350.0000,0,11:10:16.000,11:10:16.000,11:12:15.000,-5808.3200,18.174962292609351432880844650,1.9607843137254901960784313700,119
0,Baseline,77,2026-09-15,2026-09-15,PatternB,Call,23400.0000,0,11:12:15.000,11:12:15.000,11:12:25.000,-274.2000,1.9801980198019801980198019800,0,10
0,Baseline,78,2026-09-15,2026-09-15,PatternA,Put,23400.0000,0,11:12:25.000,11:12:25.000,11:22:03.000,4966.7100,7.4523396880415944540727902900,15.771230502599653379549393410,578
0,Baseline,79,2026-09-15,2026-09-15,PatternB,Call,23350.0000,0,11:22:03.000,11:22:03.000,11:26:12.000,-345.2300,2.9821073558648111332007952300,6.7594433399602385685884691800,249
0,Baseline,80,2026-09-15,2026-09-15,PatternA,Put,23350.0000,0,11:26:12.000,11:26:12.000,11:29:14.000,2637.5600,3.703703703703703703703703700,11.111111111111111111111111110,182
0,Baseline,81,2026-09-15,2026-09-15,PatternB,Call,23350.0000,0,11:29:14.000,11:29:14.000,11:29:39.000,-668.2600,2.5027203482045701849836779100,2.0674646354733405875952121900,25
0,Baseline,82,2026-09-15,2026-09-15,PatternA,Put,23350.0000,0,11:29:39.000,11:29:39.000,11:31:34.000,-1976.7300,5.4505813953488372093023255800,2.4709302325581395348837209300,115
0,Baseline,83,2026-09-15,2026-09-15,PatternB,Call,23350.0000,0,11:31:34.000,11:31:34.000,11:32:39.000,598.0400,2.0234291799787007454739084100,4.3663471778487752928647497300,65
0,Baseline,84,2026-09-15,2026-09-15,PatternA,Put,23350.0000,0,11:32:39.000,11:32:39.000,11:32:52.000,-480.7200,3.2812500,0,13
0,Baseline,85,2026-09-15,2026-09-15,PatternB,Call,23350.0000,0,11:32:52.000,11:32:52.000,11:33:21.000,-441.9200,2.3735810113519091847265221900,0.103199174406604747162022700,29
0,Baseline,86,2026-09-15,2026-09-15,PatternA,Put,23350.0000,0,11:33:21.000,11:33:21.000,11:35:56.000,-1033.0700,2.9457364341085271317829457400,0.6976744186046511627906976700,155
0,Baseline,87,2026-09-15,2026-09-15,PatternB,Call,23350.0000,0,11:35:56.000,11:35:56.000,11:37:14.000,2383.5700,1.0193679918450560652395514800,9.072375127420998980632008150,78
0,Baseline,88,2026-09-15,2026-09-15,PatternA,Put,23350.0000,0,11:37:14.000,11:37:14.000,11:38:37.000,-2070.0900,5.6170212765957446808510638300,3.4893617021276595744680851100,83
0,Baseline,89,2026-09-15,2026-09-15,PatternB,Call,23400.0000,0,11:38:37.000,11:38:37.000,11:39:45.000,18.0400,4.7819971870604781997187060500,2.8129395218002812939521800300,68
0,Baseline,90,2026-09-15,2026-09-15,PatternA,Put,23400.0000,0,11:39:45.000,11:39:45.000,11:40:13.000,355.1600,1.3505578391074574280681150900,0.998238402818555490311215500,28
0,Baseline,91,2026-09-15,2026-09-15,PatternB,Call,23400.0000,0,11:40:13.000,11:40:13.000,11:41:07.000,-566.4500,5.2556818181818181818181818200,0,54
0,Baseline,92,2026-09-15,2026-09-15,PatternA,Put,23400.0000,0,11:41:07.000,11:41:07.000,11:41:09.000,-295.7900,0.6779661016949152542372881400,0.0564971751412429378531073400,2
0,Baseline,93,2026-09-15,2026-09-15,PatternB,Call,23400.0000,0,11:41:09.000,11:41:09.000,11:41:32.000,-436.2300,2.1770682148040638606676342500,1.1611030478955007256894049300,23
0,Baseline,94,2026-09-15,2026-09-15,PatternA,Put,23400.0000,0,11:41:32.000,11:41:32.000,11:44:34.000,-2862.2300,6.4552031163049526989426822500,3.2832498608792431830829159700,182
0,Baseline,95,2026-09-15,2026-09-15,PatternB,Call,23400.0000,0,11:44:33.000,11:44:33.000,11:46:25.000,-858.9300,4.9157303370786516853932584300,2.1067415730337078651685393300,112
0,Baseline,96,2026-09-15,2026-09-15,PatternA,Put,23400.0000,0,11:46:25.000,11:46:25.000,11:47:25.000,61.6700,1.6467915956842703009653605900,1.760363429869392390687109600,60
0,Baseline,97,2026-09-15,2026-09-15,PatternB,Call,23400.0000,0,11:47:25.000,11:47:25.000,11:49:51.000,-1020.6200,5.1698670605612998522895125600,6.7946824224519940915805022200,146
0,Baseline,98,2026-09-15,2026-09-15,PatternA,Put,23400.0000,0,11:49:51.000,11:49:51.000,11:50:03.000,-588.9200,1.9337016574585635359116022100,0,12
0,Baseline,99,2026-09-15,2026-09-15,PatternB,Call,23400.0000,0,11:50:03.000,11:50:03.000,11:50:06.000,-45.8000,1.524390243902439024390243900,0,3
0,Baseline,100,2026-09-15,2026-09-15,PatternA,Put,23400.0000,0,11:50:06.000,11:50:06.000,11:58:26.000,-1627.9200,2.7886224205242610150585610700,8.087005019520356943669827110,500
0,Baseline,101,2026-09-15,2026-09-15,PatternB,Call,23400.0000,0,11:58:26.000,11:58:26.000,11:58:56.000,-272.9600,1.7027863777089783281733746100,1.8575851393188854489164086700,30
0,Baseline,102,2026-09-15,2026-09-15,PatternA,Put,23400.0000,0,11:58:56.000,11:58:56.000,12:05:15.000,-4907.8700,9.389140271493212669683257920,2.6583710407239819004524886900,379
0,Baseline,103,2026-09-15,2026-09-15,PatternB,Call,23400.0000,0,12:05:15.000,12:05:15.000,12:05:54.000,-372.1700,2.4556616643929058663028649400,2.7285129604365620736698499300,39
0,Baseline,104,2026-09-15,2026-09-15,PatternA,Put,23400.0000,0,12:05:54.000,12:05:54.000,12:08:54.000,-195.7100,0.9146341463414634146341463400,7.0121951219512195121951219500,180
0,Baseline,105,2026-09-15,2026-09-15,PatternB,Call,23400.0000,0,12:08:54.000,12:08:54.000,12:17:02.000,-2872.3700,17.647058823529411764705882350,0,488
0,Baseline,106,2026-09-15,2026-09-15,PatternA,Put,23400.0000,0,12:17:02.000,12:17:02.000,12:18:01.000,29.2900,2.9043280182232346241457858800,2.1070615034168564920273348500,59
0,Baseline,107,2026-09-15,2026-09-15,PatternB,Call,23400.0000,0,12:18:01.000,12:18:01.000,12:27:13.000,-2448.3700,16.721311475409836065573770490,0,552
0,Baseline,108,2026-09-15,2026-09-15,PatternA,Put,23350.0000,0,12:27:13.000,12:27:14.000,12:31:58.000,5595.3200,8.154506437768240343347639480,17.854077253218884120171673820,284
0,Baseline,109,2026-09-15,2026-09-15,PatternB,Call,23350.0000,0,12:31:58.000,12:31:58.000,12:38:48.000,634.4800,3.0913978494623655913978494600,18.010752688172043010752688170,410
0,Baseline,110,2026-09-15,2026-09-15,PatternA,Put,23350.0000,0,12:38:48.000,12:38:48.000,12:40:59.000,-934.5000,3.8897893030794165316045380900,3.2414910858995137763371150700,131
0,Baseline,111,2026-09-15,2026-09-15,PatternB,Call,23350.0000,0,12:40:59.000,12:40:59.000,12:51:57.000,795.8400,14.968553459119496855345911950,11.320754716981132075471698110,658
0,Baseline,112,2026-09-15,2026-09-15,PatternA,Put,23400.0000,0,12:51:57.000,12:51:57.000,12:54:13.000,1555.5700,0.1130582249858677218767665300,6.8400226116449971735443753500,136
0,Baseline,113,2026-09-15,2026-09-15,PatternB,Call,23350.0000,0,12:54:13.000,12:54:13.000,12:55:19.000,48.8100,2.5157232704402515723270440300,2.1383647798742138364779874200,66
0,Baseline,114,2026-09-15,2026-09-15,PatternA,Put,23350.0000,0,12:55:19.000,12:55:19.000,12:59:24.000,6537.4800,0.6938421509106678230702515200,26.712922810060711188204683430,245
0,Baseline,115,2026-09-15,2026-09-15,PatternB,Call,23350.0000,0,12:59:24.000,12:59:24.000,13:00:10.000,-500.1100,3.3018867924528301886792452800,0,46
0,Baseline,116,2026-09-15,2026-09-15,PatternA,Put,23350.0000,0,13:00:09.000,13:00:10.000,13:03:00.000,1173.7800,5.8097312999273783587509077700,4.8656499636891793754538852600,170
0,Baseline,117,2026-09-15,2026-09-15,PatternB,Call,23350.0000,0,13:03:00.000,13:03:00.000,13:03:11.000,-1279.0000,6.7768595041322314049586776900,0,11
0,Baseline,118,2026-09-15,2026-09-15,PatternA,Put,23350.0000,0,13:03:11.000,13:03:11.000,13:05:21.000,-4642.4800,11.036789297658862876254180600,0.6020066889632107023411371200,130
0,Baseline,119,2026-09-15,2026-09-15,PatternB,Call,23350.0000,0,13:05:21.000,13:05:21.000,13:09:00.000,-1182.0900,7.923930269413629160063391440,4.7543581616481774960380348700,219
0,Baseline,120,2026-09-15,2026-09-15,PatternA,Put,23350.0000,0,13:09:00.000,13:09:00.000,13:11:39.000,7214.0200,3.1578947368421052631578947400,15.719298245614035087719298250,159
0,Baseline,121,2026-09-15,2026-09-15,PatternB,Call,23350.0000,0,13:11:39.000,13:11:39.000,13:11:50.000,-561.7600,3.5940803382663847780126849900,1.2684989429175475687103594100,11
0,Baseline,122,2026-09-15,2026-09-15,PatternA,Put,23350.0000,0,13:11:49.000,13:11:50.000,13:12:45.000,-4321.6100,8.827014218009478672985781990,0,55
0,Baseline,123,2026-09-15,2026-09-15,PatternB,Call,23350.0000,0,13:12:45.000,13:12:45.000,13:16:34.000,-1179.2000,7.3619631901840490797546012300,6.7484662576687116564417177900,229
0,Baseline,124,2026-09-15,2026-09-15,PatternA,Put,23350.0000,0,13:16:34.000,13:16:34.000,13:19:13.000,-2664.3100,5.2823315118397085610200364300,7.7109896782027929568913175500,159
0,Baseline,125,2026-09-15,2026-09-15,PatternB,Call,23350.0000,0,13:19:13.000,13:19:13.000,13:21:31.000,-951.7600,6.3917525773195876288659793800,3.7113402061855670103092783500,138
0,Baseline,126,2026-09-15,2026-09-15,PatternA,Put,23350.0000,0,13:21:31.000,13:21:31.000,13:24:32.000,-65.9800,2.0012128562765312310491206800,5.8217101273499090357792601600,181
0,Baseline,127,2026-09-15,2026-09-15,PatternB,Call,23300.0000,0,13:24:32.000,13:24:32.000,13:24:34.000,-340.6800,1.2787723785166240409207161100,0,2
0,Baseline,128,2026-09-15,2026-09-15,PatternA,Put,23300.0000,0,13:24:34.000,13:24:34.000,13:26:03.000,596.7200,0.3984063745019920318725099600,5.7768924302788844621513944200,89
0,Baseline,129,2026-09-15,2026-09-15,PatternB,Call,23300.0000,0,13:26:03.000,13:26:03.000,13:27:49.000,1640.7200,1.2903225806451612903225806500,10.322580645161290322580645160,106
0,Baseline,130,2026-09-15,2026-09-15,PatternA,Put,23350.0000,0,13:27:49.000,13:27:49.000,13:32:51.000,9841.1800,1.3067828251400124455507156200,27.504667081518357187305538270,302
0,Baseline,131,2026-09-15,2026-09-15,PatternB,Call,23300.0000,0,13:32:51.000,13:32:51.000,13:33:10.000,-760.2400,3.5384615384615384615384615400,0,19
0,Baseline,132,2026-09-15,2026-09-15,PatternA,Put,23300.0000,0,13:33:10.000,13:33:10.000,13:33:17.000,-90.3100,0.5608974358974358974358974400,0.8814102564102564102564102600,7
0,Baseline,133,2026-09-15,2026-09-15,PatternB,Call,23300.0000,0,13:33:17.000,13:33:17.000,13:37:08.000,2260.8400,0,16.108452950558213716108452950,231
0,Baseline,134,2026-09-15,2026-09-15,PatternA,Put,23300.0000,0,13:37:08.000,13:37:08.000,13:38:56.000,2348.2700,0.1785714285714285714285714300,8.839285714285714285714285710,108
0,Baseline,135,2026-09-15,2026-09-15,PatternB,Call,23300.0000,0,13:38:56.000,13:38:56.000,13:39:32.000,279.2400,0.6211180124223602484472049700,3.5714285714285714285714285700,36
0,Baseline,136,2026-09-15,2026-09-15,PatternA,Put,23300.0000,0,13:39:32.000,13:39:32.000,13:41:43.000,4198.2500,0,19.966301600673967986520640270,131
0,Baseline,137,2026-09-15,2026-09-15,PatternB,Call,23300.0000,0,13:41:43.000,13:41:43.000,13:43:47.000,1092.9100,0.7130124777183600713012477700,9.447415329768270944741532980,124
0,Baseline,138,2026-09-15,2026-09-15,PatternA,Put,23300.0000,0,13:43:47.000,13:43:47.000,13:45:08.000,-1650.6100,4.1952707856598016781083142600,0.9153318077803203661327231100,81
0,Baseline,139,2026-09-15,2026-09-15,PatternB,Call,23300.0000,0,13:45:08.000,13:45:08.000,13:46:34.000,84.7800,1.1235955056179775280898876400,9.309791332263242375601926160,86
0,Baseline,140,2026-09-15,2026-09-15,PatternA,Put,23300.0000,0,13:46:34.000,13:46:34.000,13:46:47.000,-1292.4800,2.9156816390858944050433412100,0,13
0,Baseline,141,2026-09-15,2026-09-15,PatternB,Call,23300.0000,0,13:46:47.000,13:46:47.000,13:47:38.000,-565.1300,3.2863849765258215962441314600,3.7558685446009389671361502300,51
0,Baseline,142,2026-09-15,2026-09-15,PatternA,Put,23300.0000,0,13:47:38.000,13:47:38.000,13:47:41.000,-1519.9800,3.6833855799373040752351097200,0,3
0,Baseline,143,2026-09-15,2026-09-15,PatternB,Call,23300.0000,0,13:47:41.000,13:47:41.000,13:48:15.000,-175.6400,2.1472392638036809815950920200,0.4601226993865030674846625800,34
0,Baseline,144,2026-09-15,2026-09-15,PatternA,Put,23300.0000,0,13:48:15.000,13:48:15.000,13:49:54.000,-1519.3800,5.2969502407704654895666131600,1.1235955056179775280898876400,99
0,Baseline,145,2026-09-15,2026-09-15,PatternB,Call,23300.0000,0,13:49:54.000,13:49:54.000,13:50:00.000,-78.8300,1.171303074670571010248901900,0.4392386530014641288433382100,6
0,Baseline,146,2026-09-15,2026-09-15,PatternA,Put,23300.0000,0,13:50:00.000,13:50:00.000,13:52:51.000,-1096.3500,6.7937033968516984258492129200,2.5683512841756420878210439100,171
0,Baseline,147,2026-09-15,2026-09-15,PatternB,Call,23300.0000,0,13:52:51.000,13:52:51.000,13:53:29.000,-794.4800,3.3921302578018995929443690600,1.8995929443690637720488466800,38
0,Baseline,148,2026-09-15,2026-09-15,PatternA,Put,23300.0000,0,13:53:29.000,13:53:29.000,13:54:38.000,-251.8300,0.9958506224066390041493775900,1.2448132780082987551867219900,69
0,Baseline,149,2026-09-15,2026-09-15,PatternB,Call,23300.0000,0,13:54:38.000,13:54:38.000,14:04:53.000,-1346.5000,10.136986301369863013698630140,6.1643835616438356164383561600,615
0,Baseline,150,2026-09-15,2026-09-15,PatternA,Put,23300.0000,0,14:04:53.000,14:04:53.000,14:08:43.000,657.0900,1.8699186991869918699186991900,8.699186991869918699186991870,230
0,Baseline,151,2026-09-15,2026-09-15,PatternB,Call,23300.0000,0,14:08:43.000,14:08:43.000,14:09:30.000,-1994.4600,11.230769230769230769230769230,0,47
0,Baseline,152,2026-09-15,2026-09-15,PatternA,Put,23300.0000,0,14:09:30.000,14:09:30.000,14:11:22.000,5526.8100,1.3432835820895522388059701500,18.507462686567164179104477610,112
0,Baseline,153,2026-09-15,2026-09-15,PatternB,Call,23300.0000,0,14:11:22.000,14:11:22.000,14:11:26.000,-237.4700,3.2128514056224899598393574300,0,4
0,Baseline,154,2026-09-15,2026-09-15,PatternA,Put,23300.0000,0,14:11:26.000,14:11:26.000,14:13:22.000,1300.3900,2.9870129870129870129870129900,7.3376623376623376623376623400,116
0,Baseline,155,2026-09-15,2026-09-15,PatternB,Call,23250.0000,0,14:13:22.000,14:13:22.000,14:14:37.000,-2225.6400,10.501193317422434367541766110,5.011933174224343675417661100,75
0,Baseline,156,2026-09-15,2026-09-15,PatternA,Put,23300.0000,0,14:14:37.000,14:14:37.000,14:15:07.000,4090.9800,0.7181328545780969479353680400,9.335727109515260323159784560,30
0,Baseline,157,2026-09-15,2026-09-15,PatternB,Call,23250.0000,0,14:15:07.000,14:15:07.000,14:15:34.000,-2710.6600,12.722298221614227086183310530,0,27
0,Baseline,158,2026-09-15,2026-09-15,PatternA,Put,23250.0000,0,14:15:34.000,14:15:34.000,14:15:40.000,38.5100,0,5.9907834101382488479262672800,6
0,Baseline,159,2026-09-15,2026-09-15,PatternB,Call,23250.0000,0,14:15:40.000,14:15:40.000,14:16:30.000,473.9500,5.6748466257668711656441717800,5.8282208588957055214723926400,50
0,Baseline,160,2026-09-15,2026-09-15,PatternA,Put,23250.0000,0,14:16:30.000,14:16:30.000,14:16:32.000,-580.1900,1.086956521739130434782608700,0.1449275362318840579710144900,2
0,Baseline,161,2026-09-15,2026-09-15,PatternB,Call,23250.0000,0,14:16:32.000,14:16:32.000,14:16:43.000,-403.4500,1.9287833827893175074183976300,1.7804154302670623145400593500,11
0,Baseline,162,2026-09-15,2026-09-15,PatternA,Put,23250.0000,0,14:16:43.000,14:16:43.000,14:17:02.000,1109.1000,0,4.0352164343360234776228906800,19
0,Baseline,163,2026-09-15,2026-09-15,PatternB,Call,23250.0000,0,14:17:02.000,14:17:02.000,14:17:18.000,-13.4100,2.2727272727272727272727272700,1.0606060606060606060606060600,16
0,Baseline,164,2026-09-15,2026-09-15,PatternA,Put,23250.0000,0,14:17:18.000,14:17:18.000,14:17:31.000,523.7600,0,5.2217453505007153075822603700,13
0,Baseline,165,2026-09-15,2026-09-15,PatternB,Call,23250.0000,0,14:17:31.000,14:17:31.000,14:18:03.000,51.6500,1.5267175572519083969465648900,6.2595419847328244274809160300,32
0,Baseline,166,2026-09-15,2026-09-15,PatternA,Put,23250.0000,0,14:18:03.000,14:18:03.000,14:19:00.000,68.6000,5.1408450704225352112676056300,3.3098591549295774647887323900,57
0,Baseline,167,2026-09-15,2026-09-15,PatternB,Call,23250.0000,0,14:19:00.000,14:19:00.000,14:19:01.000,-13.2800,3.8226299694189602446483180400,0,1
0,Baseline,168,2026-09-15,2026-09-15,PatternA,Put,23250.0000,0,14:19:01.000,14:19:01.000,14:19:40.000,2667.0500,0,8.050847457627118644067796610,39
0,Baseline,169,2026-09-15,2026-09-15,PatternB,Call,23250.0000,0,14:19:40.000,14:19:40.000,14:19:48.000,117.5500,2.1346469622331691297208538600,1.806239737274220032840722500,8
0,Baseline,170,2026-09-15,2026-09-15,PatternA,Put,23250.0000,0,14:19:48.000,14:19:48.000,14:20:15.000,-1881.8700,5.854956753160345974717232200,1.0645375914836992681304058500,27
0,Baseline,171,2026-09-15,2026-09-15,PatternB,Call,23250.0000,0,14:20:15.000,14:20:15.000,14:21:12.000,863.7100,0,5.0613496932515337423312883400,57
0,Baseline,172,2026-09-15,2026-09-15,PatternA,Put,23250.0000,0,14:21:11.000,14:21:11.000,14:22:18.000,-2107.8900,5.9151009046624913013221990300,0,67
0,Baseline,173,2026-09-15,2026-09-15,PatternB,Call,23250.0000,0,14:22:18.000,14:22:18.000,14:23:08.000,635.7200,0,6.1493411420204978038067349900,50
0,Baseline,174,2026-09-15,2026-09-15,PatternA,Put,23250.0000,0,14:23:08.000,14:23:08.000,14:24:27.000,1466.6200,0.148038490007401924500370100,5.1073279052553663952627683200,79
0,Baseline,175,2026-09-15,2026-09-15,PatternB,Call,23250.0000,0,14:24:27.000,14:24:27.000,14:25:46.000,-371.2100,6.7055393586005830903790087500,0.583090379008746355685131200,79
0,Baseline,176,2026-09-15,2026-09-15,PatternA,Put,23250.0000,0,14:25:46.000,14:25:46.000,14:26:24.000,-418.2500,1.2829650748396293656450463300,2.352102637205987170349251600,38
0,Baseline,177,2026-09-15,2026-09-15,PatternB,Call,23250.0000,0,14:26:24.000,14:26:24.000,14:28:39.000,-2092.6500,9.315866084425036390101892290,0.7278020378457059679767103300,135
0,Baseline,178,2026-09-15,2026-09-15,PatternA,Put,23250.0000,0,14:28:39.000,14:28:39.000,14:29:30.000,-1621.0200,3.5788024776324845147969717800,4.6111493461803165863730213400,51
0,Baseline,179,2026-09-15,2026-09-15,PatternB,Call,23250.0000,0,14:29:30.000,14:29:30.000,14:30:52.000,-1475.0300,7.2507552870090634441087613300,0,82
0,Baseline,180,2026-09-15,2026-09-15,PatternA,Put,23250.0000,0,14:30:52.000,14:30:52.000,14:31:15.000,-2012.0300,4.3564356435643564356435643600,0,23
0,Baseline,181,2026-09-15,2026-09-15,PatternB,Call,23250.0000,0,14:31:15.000,14:31:15.000,14:31:16.000,-143.1200,0.9230769230769230769230769200,0,1
0,Baseline,182,2026-09-15,2026-09-15,PatternA,Put,23250.0000,0,14:31:16.000,14:31:16.000,14:34:24.000,-1718.6600,7.1086807928913192071086807900,5.8783321941216678058783321900,188
0,Baseline,183,2026-09-15,2026-09-15,PatternB,Call,23250.0000,0,14:34:24.000,14:34:24.000,14:34:47.000,-565.5600,3.4848484848484848484848484800,1.3636363636363636363636363600,23
0,Baseline,184,2026-09-15,2026-09-15,PatternA,Put,23250.0000,0,14:34:47.000,14:34:47.000,14:35:49.000,-2107.7100,4.5518207282913165266106442600,2.8011204481792717086834733900,62
0,Baseline,185,2026-09-15,2026-09-15,PatternB,Call,23250.0000,0,14:35:49.000,14:35:49.000,14:39:10.000,2779.3000,4.6579330422125181950509461400,14.264919941775836972343522560,201
0,Baseline,186,2026-09-15,2026-09-15,PatternA,Put,23250.0000,0,14:39:10.000,14:39:10.000,14:40:25.000,2832.8600,0.9615384615384615384615384600,12.419871794871794871794871790,75
0,Baseline,187,2026-09-15,2026-09-15,PatternB,Call,23250.0000,0,14:40:25.000,14:40:25.000,14:41:51.000,179.8100,3.7735849056603773584905660400,5.1212938005390835579514824800,86
0,Baseline,188,2026-09-15,2026-09-15,PatternA,Put,23250.0000,0,14:41:51.000,14:41:51.000,14:42:34.000,-2235.1900,6.1162079510703363914373088700,0.4587155963302752293577981700,43
0,Baseline,189,2026-09-15,2026-09-15,PatternB,Call,23250.0000,0,14:42:34.000,14:42:34.000,14:42:51.000,-1152.9200,4.4080604534005037783375314900,5.9193954659949622166246851400,17
0,Baseline,190,2026-09-15,2026-09-15,PatternA,Put,23250.0000,0,14:42:51.000,14:42:51.000,14:43:32.000,753.6300,0.6279434850863422291993720600,6.7503924646781789638932496100,41
0,Baseline,191,2026-09-15,2026-09-15,PatternB,Call,23250.0000,0,14:43:32.000,14:43:32.000,14:43:54.000,-339.7100,2.8610354223433242506811989100,0.1362397820163487738419618500,22
0,Baseline,192,2026-09-15,2026-09-15,PatternA,Put,23250.0000,0,14:43:54.000,14:43:54.000,14:43:57.000,-189.2100,0.303030303030303030303030300,0,3
0,Baseline,193,2026-09-15,2026-09-15,PatternB,Call,23250.0000,0,14:43:57.000,14:43:57.000,14:44:04.000,439.9100,0.9602194787379972565157750300,2.469135802469135802469135800,7
0,Baseline,194,2026-09-15,2026-09-15,PatternA,Put,23250.0000,0,14:44:04.000,14:44:04.000,14:44:37.000,428.2300,0,4.0644171779141104294478527600,33
0,Baseline,195,2026-09-15,2026-09-15,PatternB,Call,23250.0000,0,14:44:37.000,14:44:37.000,14:45:02.000,148.2600,3.5919540229885057471264367800,1.5804597701149425287356321800,25
0,Baseline,196,2026-09-15,2026-09-15,PatternA,Put,23250.0000,0,14:45:02.000,14:45:02.000,14:45:04.000,-384.1900,1.5849056603773584905660377400,0.3018867924528301886792452800,2
0,Baseline,197,2026-09-15,2026-09-15,PatternB,Call,23250.0000,0,14:45:04.000,14:45:04.000,14:45:49.000,-501.4800,5.6899004267425320056899004300,0,45
0,Baseline,198,2026-09-15,2026-09-15,PatternA,Put,23250.0000,0,14:45:49.000,14:45:49.000,14:46:17.000,2148.3100,0,6.204379562043795620437956200,28
0,Baseline,199,2026-09-15,2026-09-15,PatternB,Call,23250.0000,0,14:46:17.000,14:46:17.000,14:46:39.000,-1311.6200,11.274509803921568627450980390,3.431372549019607843137254900,22
0,Baseline,200,2026-09-15,2026-09-15,PatternA,Put,23250.0000,0,14:46:39.000,14:46:39.000,14:50:15.000,15593.1300,0.0686341798215511324639670600,47.288949897048730267673301300,216
0,Baseline,201,2026-09-15,2026-09-15,PatternB,Call,23200.0000,0,14:50:15.000,14:50:15.000,14:51:24.000,3754.4400,0,29.538461538461538461538461540,69
0,Baseline,202,2026-09-15,2026-09-15,PatternA,Put,23200.0000,0,14:51:24.000,14:51:24.000,14:51:34.000,-1386.5500,4.7144152311876699909338168600,0,10
0,Baseline,203,2026-09-15,2026-09-15,PatternB,Call,23200.0000,0,14:51:34.000,14:51:34.000,14:54:13.000,405.8400,6.3197026022304832713754646800,8.426270136307311028500619580,159
0,Baseline,204,2026-09-15,2026-09-15,PatternA,Put,23200.0000,0,14:54:13.000,14:54:13.000,14:54:27.000,432.4100,0.3642987249544626593806921700,1.4571948998178506375227686700,14
0,Baseline,205,2026-09-15,2026-09-15,PatternB,Call,23200.0000,0,14:54:27.000,14:54:27.000,14:54:42.000,-828.6500,3.048780487804878048780487800,1.3414634146341463414634146300,15
0,Baseline,206,2026-09-15,2026-09-15,PatternA,Put,23200.0000,0,14:54:42.000,14:54:42.000,14:55:08.000,-2751.4500,8.508771929824561403508771930,1.6666666666666666666666666700,26
0,Baseline,207,2026-09-15,2026-09-15,PatternB,Call,23200.0000,0,14:55:08.000,14:55:08.000,14:55:23.000,-407.2900,2.6651216685979142526071842400,1.5063731170336037079953650100,15
0,Baseline,208,2026-09-15,2026-09-15,PatternA,Put,23200.0000,0,14:55:23.000,14:55:23.000,14:57:34.000,-249.4800,2.4793388429752066115702479300,5.0505050505050505050505050500,131
0,Baseline,209,2026-09-15,2026-09-15,PatternB,Call,23200.0000,0,14:57:34.000,14:57:34.000,14:57:41.000,-179.4800,1.3079667063020214030915576700,0.7134363852556480380499405500,7
0,Baseline,210,2026-09-15,2026-09-15,PatternA,Put,23200.0000,0,14:57:41.000,14:57:41.000,14:58:17.000,-834.0500,3.8674033149171270718232044200,0.2762430939226519337016574600,36
0,Baseline,211,2026-09-15,2026-09-15,PatternB,Call,23200.0000,0,14:58:17.000,14:58:17.000,14:59:07.000,-4336.7600,16.167664670658682634730538920,0.4790419161676646706586826300,50
0,Baseline,212,2026-09-15,2026-09-15,PatternA,Put,23200.0000,0,14:59:07.000,14:59:07.000,15:00:25.000,-1583.1800,5.5508830950378469301934398700,0,78
0,Baseline,0,2026-09-16,2026-09-22,PatternA,Put,23250.0000,6,09:15:20.000,09:15:20.000,09:15:36.000,-6400.7900,6.8861371186952582301419510700,0,16
0,Baseline,1,2026-09-16,2026-09-22,PatternB,Call,23300.0000,6,09:15:36.000,09:15:36.000,09:15:49.000,2707.2500,0,4.743833017077798861480075900,13
0,Baseline,2,2026-09-16,2026-09-22,PatternA,Put,23300.0000,6,09:15:49.000,09:15:49.000,09:16:00.000,-299.7900,2.019068984856982613572630400,0.9254066180594503645541222700,11
0,Baseline,3,2026-09-16,2026-09-22,PatternB,Call,23300.0000,6,09:16:00.000,09:16:00.000,09:16:03.000,-22.4200,1.1468738438771735109137994800,0.961894191638919718830928600,3
0,Baseline,4,2026-09-16,2026-09-22,PatternA,Put,23300.0000,6,09:16:03.000,09:16:03.000,09:16:08.000,57.4800,0.5608524957936062815479528900,0.8693213684800897363993269800,5
0,Baseline,5,2026-09-16,2026-09-22,PatternB,Call,23300.0000,6,09:16:08.000,09:16:08.000,09:16:23.000,-769.3200,0.9643916913946587537091988100,1.1127596439169139465875370900,15
0,Baseline,6,2026-09-16,2026-09-22,PatternA,Put,23300.0000,6,09:16:23.000,09:16:23.000,09:17:58.000,-13974.3100,13.439065108514190317195325540,0.6677796327212020033388981600,95
0,Baseline,7,2026-09-16,2026-09-22,PatternB,Call,23350.0000,6,09:17:58.000,09:17:58.000,09:18:14.000,-1321.9000,1.435406698564593301435406700,0.772911299227088700772911300,16
0,Baseline,8,2026-09-16,2026-09-22,PatternA,Put,23350.0000,6,09:18:14.000,09:18:14.000,09:18:36.000,4570.5800,0,5.3787047200878155872667398500,22
0,Baseline,9,2026-09-16,2026-09-22,PatternB,Call,23300.0000,6,09:18:36.000,09:18:36.000,09:19:09.000,-1881.1800,3.8461538461538461538461538500,0.2933507170795306388526727500,33
0,Baseline,10,2026-09-16,2026-09-22,PatternA,Put,23300.0000,6,09:19:09.000,09:19:09.000,09:20:37.000,1166.3000,1.3456937799043062200956937800,3.6483253588516746411483253600,88
0,Baseline,11,2026-09-16,2026-09-22,PatternB,Call,23300.0000,6,09:20:37.000,09:20:37.000,09:20:47.000,-905.6500,1.2284196547144754316069057100,0.6972111553784860557768924300,10
0,Baseline,12,2026-09-16,2026-09-22,PatternA,Put,23300.0000,6,09:20:47.000,09:20:47.000,09:21:36.000,-1498.4700,1.3177159590043923865300146400,3.016105417276720351390922400,49
0,Baseline,13,2026-09-16,2026-09-22,PatternB,Call,23300.0000,6,09:21:36.000,09:21:36.000,09:21:47.000,-158.7200,0.7292011932383162081537951600,0.0331455087835598276433543300,11
0,Baseline,14,2026-09-16,2026-09-22,PatternA,Put,23300.0000,6,09:21:47.000,09:21:47.000,09:22:44.000,61.5100,0.7422802850356294536817102100,3.9786223277909738717339667500,57
0,Baseline,15,2026-09-16,2026-09-22,PatternB,Call,23300.0000,6,09:22:44.000,09:22:44.000,09:23:09.000,1856.1200,0,2.9024637192035099561255484300,25
0,Baseline,16,2026-09-16,2026-09-22,PatternA,Put,23300.0000,6,09:23:09.000,09:23:09.000,09:27:09.000,6752.6300,0,9.484044139576498657918282140,240
0,Baseline,17,2026-09-16,2026-09-22,PatternB,Call,23300.0000,6,09:27:09.000,09:27:09.000,09:28:07.000,-3663.0300,5.869947275922671353251318100,0,58
0,Baseline,18,2026-09-16,2026-09-22,PatternA,Put,23300.0000,6,09:28:07.000,09:28:07.000,09:31:14.000,7330.2100,0,12.378378378378378378378378380,187
0,Baseline,19,2026-09-16,2026-09-22,PatternB,Call,23250.0000,6,09:31:14.000,09:31:14.000,09:31:41.000,-2402.7900,2.3711666139740752450205501100,0.9168510907366424280746127100,27
0,Baseline,20,2026-09-16,2026-09-22,PatternA,Put,23250.0000,6,09:31:41.000,09:31:41.000,09:31:46.000,-1079.4700,0.8953553441522104085058757700,0.1678791270285394515948517100,5
0,Baseline,21,2026-09-16,2026-09-22,PatternB,Call,23250.0000,6,09:31:46.000,09:31:46.000,09:32:06.000,-258.1300,0.7707129094412331406551059700,1.1881824020552344251766217100,20
0,Baseline,22,2026-09-16,2026-09-22,PatternA,Put,23250.0000,6,09:32:06.000,09:32:06.000,09:33:49.000,-1631.3400,1.8539325842696629213483146100,3.4831460674157303370786516900,103
0,Baseline,23,2026-09-16,2026-09-22,PatternB,Call,23250.0000,6,09:33:49.000,09:33:49.000,09:35:19.000,-1947.5000,2.2009569377990430622009569400,4.912280701754385964912280700,90
0,Baseline,24,2026-09-16,2026-09-22,PatternA,Put,23250.0000,6,09:35:19.000,09:35:19.000,09:36:29.000,3794.0500,0,3.7174721189591078066914498100,70
0,Baseline,25,2026-09-16,2026-09-22,PatternB,Call,23250.0000,6,09:36:29.000,09:36:29.000,09:37:10.000,-872.8700,0.800800800800800800800800800,3.403403403403403403403403400,41
0,Baseline,26,2026-09-16,2026-09-22,PatternA,Put,23250.0000,6,09:37:10.000,09:37:10.000,09:39:07.000,4928.3400,2.1546961325966850828729281800,5.7182320441988950276243093900,117
0,Baseline,27,2026-09-16,2026-09-22,PatternB,Call,23250.0000,6,09:39:07.000,09:39:07.000,09:40:49.000,-2428.3200,2.6940801134349521446295639800,2.4813895781637717121588089300,102
0,Baseline,28,2026-09-16,2026-09-22,PatternA,Put,23200.0000,6,09:40:49.000,09:40:49.000,09:41:04.000,-945.7900,0.9147241074063145470640306900,0.6786662732369430510475066400,15
0,Baseline,29,2026-09-16,2026-09-22,PatternB,Call,23200.0000,6,09:41:04.000,09:41:04.000,09:41:54.000,-2957.7400,3.9684943956376855498333838200,0.1817631020902756740381702500,50
0,Baseline,30,2026-09-16,2026-09-22,PatternA,Put,23200.0000,6,09:41:54.000,09:41:54.000,09:41:57.000,-947.0700,0.9559675550405561993047508700,0,3
0,Baseline,31,2026-09-16,2026-09-22,PatternB,Call,23200.0000,6,09:41:57.000,09:41:57.000,09:42:07.000,-1007.7800,1.5417823003391921060746222600,0.1541782300339192106074622300,10
0,Baseline,32,2026-09-16,2026-09-22,PatternA,Put,23200.0000,6,09:42:07.000,09:42:07.000,09:42:19.000,871.6900,0,2.1116575065085334104715070900,12
0,Baseline,33,2026-09-16,2026-09-22,PatternB,Call,23200.0000,6,09:42:19.000,09:42:19.000,09:42:22.000,-778.9400,0.6624605678233438485804416400,0,3
0,Baseline,34,2026-09-16,2026-09-22,PatternA,Put,23200.0000,6,09:42:22.000,09:42:22.000,09:42:31.000,-558.4700,1.7383870048446850954687945300,0.370475919065260758050726700,9
0,Baseline,35,2026-09-16,2026-09-22,PatternB,Call,23200.0000,6,09:42:31.000,09:42:31.000,09:43:14.000,-96.6500,0.6014561570117125672681228200,1.3611902500791389680278569200,43
0,Baseline,36,2026-09-16,2026-09-22,PatternA,Put,23200.0000,6,09:43:14.000,09:43:14.000,09:44:05.000,-2603.9800,2.2452504317789291882556131300,1.1514104778353483016695451900,51
0,Baseline,37,2026-09-16,2026-09-22,PatternB,Call,23200.0000,6,09:44:05.000,09:44:05.000,09:44:22.000,-2892.1500,3.6391437308868501529051987800,0,17
0,Baseline,38,2026-09-16,2026-09-22,PatternA,Put,23200.0000,6,09:44:22.000,09:44:22.000,09:45:04.000,3794.7200,0.0288683602771362586605080800,4.8787528868360277136258660500,42
0,Baseline,39,2026-09-16,2026-09-22,PatternB,Call,23200.0000,6,09:45:04.000,09:45:04.000,09:46:17.000,878.6200,2.0860077021822849807445442900,2.663671373555840821566110400,73
0,Baseline,40,2026-09-16,2026-09-22,PatternA,Put,23200.0000,6,09:46:17.000,09:46:17.000,09:48:07.000,2396.6500,3.7057991513437057991513437100,3.5926449787835926449787835900,110
0,Baseline,41,2026-09-16,2026-09-22,PatternB,Call,23200.0000,6,09:48:07.000,09:48:07.000,09:50:59.000,9420.6100,0,13.476312419974391805377720870,172
0,Baseline,42,2026-09-16,2026-09-22,PatternA,Put,23250.0000,6,09:50:59.000,09:50:59.000,09:53:27.000,-8131.2800,11.684854937450093159435719990,1.9962736225712004258717061500,148
0,Baseline,43,2026-09-16,2026-09-22,PatternB,Call,23250.0000,6,09:53:27.000,09:53:27.000,09:55:00.000,9486.4000,0,10.282192669477781381771002270,93
0,Baseline,44,2026-09-16,2026-09-22,PatternA,Put,23300.0000,6,09:54:59.000,09:54:59.000,09:55:16.000,-3874.9100,3.9109179793590439978272677900,0,17
0,Baseline,45,2026-09-16,2026-09-22,PatternB,Call,23300.0000,6,09:55:16.000,09:55:16.000,09:55:27.000,-514.6400,1.3220338983050847457627118600,0.7457627118644067796610169500,11
0,Baseline,46,2026-09-16,2026-09-22,PatternA,Put,23300.0000,6,09:55:27.000,09:55:27.000,09:56:06.000,-4360.9100,3.7261937620756279326524979300,3.0913607507590394700524427300,39
0,Baseline,47,2026-09-16,2026-09-22,PatternB,Call,23300.0000,6,09:56:06.000,09:56:06.000,09:56:09.000,-516.9300,0.4570682337577538361083904700,0,3
0,Baseline,48,2026-09-16,2026-09-22,PatternA,Put,23300.0000,6,09:56:09.000,09:56:09.000,09:56:14.000,-2409.9200,1.8212862834376778599886169600,0,5
0,Baseline,49,2026-09-16,2026-09-22,PatternB,Call,23300.0000,6,09:56:14.000,09:56:14.000,09:56:19.000,-1037.5200,2.1879021879021879021879021900,0,5
0,Baseline,50,2026-09-16,2026-09-22,PatternA,Put,23300.0000,6,09:56:19.000,09:56:19.000,09:56:34.000,5255.9400,0,5.025847214244686961516369900,15
0,Baseline,51,2026-09-16,2026-09-22,PatternB,Call,23300.0000,6,09:56:34.000,09:56:34.000,09:57:41.000,2636.3800,0.2392344497607655502392344500,4.442925495557074504442925500,67
0,Baseline,52,2026-09-16,2026-09-22,PatternA,Put,23300.0000,6,09:57:41.000,09:57:41.000,09:57:43.000,-592.1300,0.3924866834875245304177179700,0.0841042893187552565180824200,2
0,Baseline,53,2026-09-16,2026-09-22,PatternB,Call,23300.0000,6,09:57:43.000,09:57:43.000,09:58:18.000,-4705.9400,5.0993377483443708609271523200,0,35
0,Baseline,54,2026-09-16,2026-09-22,PatternA,Put,23300.0000,6,09:58:18.000,09:58:18.000,09:58:56.000,930.8000,0.080106809078771695594125500,1.7890520694259012016021361800,38
0,Baseline,55,2026-09-16,2026-09-22,PatternB,Call,23300.0000,6,09:58:56.000,09:58:56.000,10:01:09.000,1566.1300,1.0533707865168539325842696600,6.0393258426966292134831460700,133
0,Baseline,56,2026-09-16,2026-09-22,PatternA,Put,23300.0000,6,10:01:09.000,10:01:09.000,10:01:31.000,-2770.2200,2.2386022386022386022386022400,0,22
0,Baseline,57,2026-09-16,2026-09-22,PatternB,Call,23300.0000,6,10:01:31.000,10:01:31.000,10:01:40.000,-3146.2000,4.0536013400335008375209380200,0,9
0,Baseline,58,2026-09-16,2026-09-22,PatternA,Put,23300.0000,6,10:01:40.000,10:01:40.000,10:02:44.000,2133.4800,0,3.2441200324412003244120032400,64
0,Baseline,59,2026-09-16,2026-09-22,PatternB,Call,23300.0000,6,10:02:44.000,10:02:44.000,10:02:59.000,-1323.8500,3.234980447920369712051190900,0,15
0,Baseline,60,2026-09-16,2026-09-22,PatternA,Put,23300.0000,6,10:02:59.000,10:02:59.000,10:06:03.000,11063.2000,2.784344628316259521933280800,9.272392960336222747570265300,184
0,Baseline,61,2026-09-16,2026-09-22,PatternB,Call,23250.0000,6,10:06:03.000,10:06:03.000,10:07:51.000,1270.3400,1.4243126863199735011593242800,3.0804902285525008280887711200,108
0,Baseline,62,2026-09-16,2026-09-22,PatternA,Put,23250.0000,6,10:07:51.000,10:07:51.000,10:15:58.000,-2378.6300,6.968933669185558354324097400,2.7987685418415897005317660200,487
0,Baseline,63,2026-09-16,2026-09-22,PatternB,Call,23250.0000,6,10:15:58.000,10:15:58.000,10:33:12.000,11013.3800,1.1757021554539516655780535600,13.651208360548661005878510780,1034
0,Baseline,64,2026-09-16,2026-09-22,PatternA,Put,23300.0000,6,10:33:12.000,10:33:12.000,10:36:41.000,-3614.4700,4.709748083242059145673603500,1.2595837897042716319824753600,209
0,Baseline,65,2026-09-16,2026-09-22,PatternB,Call,23300.0000,6,10:36:41.000,10:36:41.000,10:37:01.000,-1034.6600,1.4492753623188405797101449300,0.8088978766430738119312436800,20
0,Baseline,66,2026-09-16,2026-09-22,PatternA,Put,23300.0000,6,10:37:01.000,10:37:01.000,10:40:04.000,577.0600,0,4.6485578269392327079249509900,183
0,Baseline,67,2026-09-16,2026-09-22,PatternB,Call,23300.0000,6,10:40:04.000,10:40:04.000,10:41:24.000,817.4600,0.3072721065209969272789347900,2.4581768521679754182314783200,80
0,Baseline,68,2026-09-16,2026-09-22,PatternA,Put,23300.0000,6,10:41:24.000,10:41:24.000,10:43:30.000,-1631.3000,1.5739179314221472737492973600,2.107925801011804384485666100,126
0,Baseline,69,2026-09-16,2026-09-22,PatternB,Call,23300.0000,6,10:43:30.000,10:43:30.000,10:43:55.000,-1490.5900,1.519656425503799141063759500,1.0901883052527254707631318100,25
0,Baseline,70,2026-09-16,2026-09-22,PatternA,Put,23300.0000,6,10:43:55.000,10:43:55.000,10:48:31.000,-2735.2600,4.3772945495622705450437729500,0.8189776899181022310081897800,276
0,Baseline,71,2026-09-16,2026-09-22,PatternB,Call,23300.0000,6,10:48:31.000,10:48:31.000,10:49:09.000,977.0300,0.3585397653194263363754889200,2.3468057366362451108213820100,38
0,Baseline,72,2026-09-16,2026-09-22,PatternA,Put,23300.0000,6,10:49:09.000,10:49:09.000,10:52:24.000,-2212.7000,3.3539276257722859664607237400,3.4127684613121506325389820500,195
0,Baseline,73,2026-09-16,2026-09-22,PatternB,Call,23300.0000,6,10:52:24.000,10:52:24.000,10:53:05.000,227.9500,1.2622278321236983275481224400,0.9151151782896812874723887700,41
0,Baseline,74,2026-09-16,2026-09-22,PatternA,Put,23300.0000,6,10:53:05.000,10:53:05.000,11:00:20.000,5616.1400,1.1683642899940083882564409800,9.017375674056321150389454760,435
0,Baseline,75,2026-09-16,2026-09-22,PatternB,Call,23300.0000,6,11:00:20.000,11:00:20.000,11:00:56.000,1790.5100,0.5008347245409015025041736200,2.2036727879799666110183639400,36
0,Baseline,76,2026-09-16,2026-09-22,PatternA,Put,23300.0000,6,11:00:56.000,11:00:56.000,11:06:51.000,-1726.5800,7.3001158748551564310544611800,0,355
0,Baseline,77,2026-09-16,2026-09-22,PatternB,Call,23300.0000,6,11:06:51.000,11:06:51.000,11:09:24.000,-1360.8400,3.6573311367380560131795716600,0.5601317957166392092257001600,153
0,Baseline,78,2026-09-16,2026-09-22,PatternA,Put,23300.0000,6,11:09:24.000,11:09:24.000,11:12:13.000,-2895.8900,3.2426172553561088592935726700,0.8106543138390272148233931700,169
0,Baseline,79,2026-09-16,2026-09-22,PatternB,Call,23300.0000,6,11:12:13.000,11:12:13.000,11:14:33.000,-3310.1200,4.0849673202614379084967320300,0.1307189542483660130718954200,140
0,Baseline,80,2026-09-16,2026-09-22,PatternA,Put,23300.0000,6,11:14:33.000,11:14:33.000,11:16:38.000,-4455.6100,4.3577981651376146788990825700,1.5481651376146788990825688100,125
0,Baseline,81,2026-09-16,2026-09-22,PatternB,Call,23300.0000,6,11:16:38.000,11:16:38.000,11:17:31.000,-2693.5000,2.626459143968871595330739300,0.2918287937743190661478599200,53
0,Baseline,82,2026-09-16,2026-09-22,PatternA,Put,23300.0000,6,11:17:31.000,11:17:31.000,11:24:05.000,2366.3900,1.3718622300058377116170461200,8.318739054290718038528896670,394
0,Baseline,83,2026-09-16,2026-09-22,PatternB,Call,23300.0000,6,11:24:05.000,11:24:05.000,11:26:40.000,-8114.7000,8.432505950357021421285277120,0.4760285617137028221693301600,155
0,Baseline,84,2026-09-16,2026-09-22,PatternA,Put,23300.0000,6,11:26:40.000,11:26:40.000,11:32:10.000,-530.9300,2.7452025586353944562899786800,3.4381663113006396588486140700,330
0,Baseline,85,2026-09-16,2026-09-22,PatternB,Call,23300.0000,6,11:32:10.000,11:32:10.000,11:33:59.000,-542.3400,0.9944751381215469613259668500,1.8784530386740331491712707200,109
0,Baseline,86,2026-09-16,2026-09-22,PatternA,Put,23300.0000,6,11:33:59.000,11:33:59.000,11:34:09.000,-920.5800,0.720576461168935148118494800,0.026688017080330931411796100,10
0,Baseline,87,2026-09-16,2026-09-22,PatternB,Call,23300.0000,6,11:34:09.000,11:34:09.000,11:45:43.000,-2231.4100,5.2554208011760382212421903700,4.5203969128996692392502756300,694
0,Baseline,88,2026-09-16,2026-09-22,PatternA,Put,23300.0000,6,11:45:43.000,11:45:43.000,11:50:22.000,-3747.0500,3.2513877874702616970658207800,1.3481363996827914353687549600,279
0,Baseline,89,2026-09-16,2026-09-22,PatternB,Call,23300.0000,6,11:50:22.000,11:50:22.000,11:51:25.000,1243.9800,0,2.9433406916850625459896983100,63
0,Baseline,90,2026-09-16,2026-09-22,PatternA,Put,23300.0000,6,11:51:25.000,11:51:25.000,11:57:40.000,7818.5500,0.6860592755214050493962678400,8.068057080131723380900109770,375
0,Baseline,91,2026-09-16,2026-09-22,PatternB,Call,23250.0000,6,11:57:40.000,11:57:40.000,11:58:13.000,-873.6000,1.2858555885262116716122650800,0.2307945928123969666996373200,33
0,Baseline,92,2026-09-16,2026-09-22,PatternA,Put,23250.0000,6,11:58:13.000,11:58:14.000,12:03:39.000,1977.0000,1.9953051643192488262910798100,3.2276995305164319248826291100,325
0,Baseline,93,2026-09-16,2026-09-22,PatternB,Call,23250.0000,6,12:03:39.000,12:03:39.000,12:20:02.000,9359.2500,0.6786562606040040719375636200,12.962334577536477774007465220,983
0,Baseline,94,2026-09-16,2026-09-22,PatternA,Put,23300.0000,6,12:20:02.000,12:20:02.000,12:22:37.000,-593.1200,0.9126106194690265486725663700,2.3230088495575221238938053100,155
0,Baseline,95,2026-09-16,2026-09-22,PatternB,Call,23300.0000,6,12:22:37.000,12:22:37.000,12:27:14.000,-1841.4900,1.9535569480280132694434205700,1.5112421673424253593807593100,277
0,Baseline,96,2026-09-16,2026-09-22,PatternA,Put,23300.0000,6,12:27:13.000,12:27:13.000,12:47:46.000,-10532.8400,10.677225559803386127799016930,1.2288367012561441835062807200,1233
0,Baseline,97,2026-09-16,2026-09-22,PatternB,Call,23300.0000,6,12:47:46.000,12:47:46.000,12:54:05.000,-903.9900,4.3344709897610921501706484600,0.6484641638225255972696245700,379
0,Baseline,98,2026-09-16,2026-09-22,PatternA,Put,23300.0000,6,12:54:05.000,12:54:05.000,12:54:51.000,743.6600,0.7134363852556480380499405500,0.8917954815695600475624256800,46
0,Baseline,99,2026-09-16,2026-09-22,PatternB,Call,23300.0000,6,12:54:51.000,12:54:51.000,12:57:20.000,883.5100,1.7043478260869565217391304300,2.9217391304347826086956521700,149
0,Baseline,100,2026-09-16,2026-09-22,PatternA,Put,23300.0000,6,12:57:20.000,12:57:20.000,13:00:17.000,2043.0300,0.9538002980625931445603576800,3.3681073025335320417287630400,177
0,Baseline,101,2026-09-16,2026-09-22,PatternB,Call,23300.0000,6,13:00:17.000,13:00:17.000,13:02:56.000,787.4100,0.0711997152011391954432182300,3.417586329654681381274474900,159
0,Baseline,102,2026-09-16,2026-09-22,PatternA,Put,23300.0000,6,13:02:56.000,13:02:56.000,13:08:07.000,-7669.4100,7.1365638766519823788546255500,1.4390602055800293685756240800,311
0,Baseline,103,2026-09-16,2026-09-22,PatternB,Call,23300.0000,6,13:08:07.000,13:08:07.000,13:10:33.000,2893.9000,0.7894736842105263157894736800,10.0,146
0,Baseline,104,2026-09-16,2026-09-22,PatternA,Put,23350.0000,6,13:10:33.000,13:10:33.000,13:11:35.000,-1047.1900,1.0044642857142857142857142900,0.9207589285714285714285714300,62
0,Baseline,105,2026-09-16,2026-09-22,PatternB,Call,23350.0000,6,13:11:35.000,13:11:35.000,13:11:38.000,-248.3800,0.5694760820045558086560364500,0.0379650721336370539104024300,3
0,Baseline,106,2026-09-16,2026-09-22,PatternA,Put,23350.0000,6,13:11:38.000,13:11:38.000,13:12:55.000,3045.7200,0,4.7458579050828418983431620300,77
0,Baseline,107,2026-09-16,2026-09-22,PatternB,Call,23300.0000,6,13:12:55.000,13:12:55.000,13:15:13.000,-3764.2900,4.0553907022749752720079129600,0.0329706561160567095285196200,138
0,Baseline,108,2026-09-16,2026-09-22,PatternA,Put,23300.0000,6,13:15:13.000,13:15:13.000,13:15:48.000,-423.6200,0.6123698714023270055113288400,0.4286589099816289038579301900,35
0,Baseline,109,2026-09-16,2026-09-22,PatternB,Call,23300.0000,6,13:15:48.000,13:15:48.000,13:20:04.000,4065.4700,0.5807994533652203621455415100,7.1404168090194738640245985700,256
0,Baseline,110,2026-09-16,2026-09-22,PatternA,Put,23350.0000,6,13:20:04.000,13:20:05.000,13:25:18.000,5837.4700,0.4126547455295735900962861100,6.6850068775790921595598349400,313
0,Baseline,111,2026-09-16,2026-09-22,PatternB,Call,23300.0000,6,13:25:18.000,13:25:18.000,13:25:23.000,-804.7400,1.0911650827173530447025695200,0,5
0,Baseline,112,2026-09-16,2026-09-22,PatternA,Put,23300.0000,6,13:25:23.000,13:25:23.000,13:29:37.000,9058.9500,0.5389221556886227544910179600,9.251497005988023952095808380,254
0,Baseline,113,2026-09-16,2026-09-22,PatternB,Call,23300.0000,6,13:29:37.000,13:29:37.000,13:32:08.000,1538.6300,3.3038801383019592777564348800,2.7276219746446407990779869400,151
0,Baseline,114,2026-09-16,2026-09-22,PatternA,Put,23300.0000,6,13:32:08.000,13:32:08.000,13:32:53.000,-364.7900,0.7847533632286995515695067300,0.0840807174887892376681614300,45
0,Baseline,115,2026-09-16,2026-09-22,PatternB,Call,23300.0000,6,13:32:53.000,13:32:53.000,13:38:49.000,-2262.5300,6.7445365486058779201205727200,1.2810851544837980406932931400,356
0,Baseline,116,2026-09-16,2026-09-22,PatternA,Put,23250.0000,6,13:38:49.000,13:38:49.000,13:39:40.000,1753.9400,0.8448060075093867334167709600,2.4718397997496871088861076300,51
0,Baseline,117,2026-09-16,2026-09-22,PatternB,Call,23250.0000,6,13:39:40.000,13:39:40.000,13:43:16.000,-1815.7100,3.0561945448570489648373315800,0.1314492277357870522510680200,216
0,Baseline,118,2026-09-16,2026-09-22,PatternA,Put,23250.0000,6,13:43:16.000,13:43:16.000,13:48:02.000,-3218.4500,3.7081339712918660287081339700,1.913875598086124401913875600,286
0,Baseline,119,2026-09-16,2026-09-22,PatternB,Call,23250.0000,6,13:48:02.000,13:48:02.000,13:49:34.000,-1165.5900,2.3533311236327477626781571100,0.4640371229698375870069605600,92
0,Baseline,120,2026-09-16,2026-09-22,PatternA,Put,23250.0000,6,13:49:34.000,13:49:34.000,13:50:04.000,-489.2100,0.8492569002123142250530785600,0.3336366393691234455565665800,30
0,Baseline,121,2026-09-16,2026-09-22,PatternB,Call,23250.0000,6,13:50:04.000,13:50:04.000,13:56:43.000,1011.3000,1.0738255033557046979865771800,2.7516778523489932885906040300,399
0,Baseline,122,2026-09-16,2026-09-22,PatternA,Put,23250.0000,6,13:56:43.000,13:56:43.000,13:57:49.000,-455.5300,1.0191476219888820259419394700,0.2470660901791229153798641100,66
0,Baseline,123,2026-09-16,2026-09-22,PatternB,Call,23250.0000,6,13:57:49.000,13:57:49.000,14:02:37.000,3706.0400,1.8463567424991757335970985800,6.1325420375865479723046488600,288
0,Baseline,124,2026-09-16,2026-09-22,PatternA,Put,23300.0000,6,14:02:37.000,14:02:37.000,14:04:02.000,-560.0000,3.2087053571428571428571428600,0.1395089285714285714285714300,85
0,Baseline,125,2026-09-16,2026-09-22,PatternB,Call,23300.0000,6,14:04:02.000,14:04:02.000,14:06:24.000,-768.4000,2.036967182195397963032817800,1.6220294228592983779705771400,142
0,Baseline,126,2026-09-16,2026-09-22,PatternA,Put,23300.0000,6,14:06:24.000,14:06:24.000,14:14:31.000,-1761.6600,1.7597765363128491620111731800,5.4189944134078212290502793300,487
0,Baseline,127,2026-09-16,2026-09-22,PatternB,Call,23300.0000,6,14:14:31.000,14:14:31.000,14:20:13.000,-2424.9700,3.6897590361445783132530120500,3.9156626506024096385542168700,342
0,Baseline,128,2026-09-16,2026-09-22,PatternA,Put,23300.0000,6,14:20:13.000,14:20:13.000,14:20:54.000,121.6300,0.8596783139212423738214087600,1.2201885745978924015529672800,41
0,Baseline,129,2026-09-16,2026-09-22,PatternB,Call,23300.0000,6,14:20:54.000,14:20:54.000,14:28:22.000,-1871.3500,2.7476780185758513931888544900,4.179566563467492260061919500,448
0,Baseline,130,2026-09-16,2026-09-22,PatternA,Put,23250.0000,6,14:28:22.000,14:28:22.000,14:48:17.000,-3995.2700,5.3565867331049517284335098100,2.1488632824665213329180940500,1195
0,Baseline,131,2026-09-16,2026-09-22,PatternB,Call,23300.0000,6,14:48:17.000,14:48:17.000,14:49:28.000,-1677.1200,3.2874617737003058103975535200,0,71
0,Baseline,132,2026-09-16,2026-09-22,PatternA,Put,23250.0000,6,14:49:28.000,14:49:28.000,14:51:52.000,-421.0800,3.2155364533588029290035020700,0.2865329512893982808022922600,144
0,Baseline,133,2026-09-16,2026-09-22,PatternB,Call,23300.0000,6,14:51:52.000,14:51:52.000,14:54:56.000,-896.9800,1.5087040618955512572533849100,0.889748549323017408123791100,184
0,Baseline,134,2026-09-16,2026-09-22,PatternA,Put,23250.0000,6,14:54:56.000,14:54:56.000,15:05:36.000,1592.4400,7.994923857868020304568527920,5.7106598984771573604060913700,640
0,Baseline,0,2026-09-17,2026-09-22,PatternB,Call,23250.0000,5,09:15:06.000,09:15:06.000,09:15:54.000,5958.2200,0,22.396461600321672698029754720,48
0,Baseline,1,2026-09-17,2026-09-22,PatternA,Put,23300.0000,5,09:15:54.000,09:15:54.000,09:16:30.000,2013.5000,0,4.3613707165109034267912772600,36
0,Baseline,2,2026-09-17,2026-09-22,PatternB,Call,23250.0000,5,09:16:30.000,09:16:30.000,09:17:07.000,4170.6000,0,10.753532182103610675039246470,37
0,Baseline,3,2026-09-17,2026-09-22,PatternA,Put,23300.0000,5,09:17:07.000,09:17:07.000,09:17:13.000,-1168.7400,1.7339218158890290037831021400,0.0945775535939470365699873900,6
0,Baseline,4,2026-09-17,2026-09-22,PatternB,Call,23300.0000,5,09:17:13.000,09:17:13.000,09:18:17.000,8594.2200,0,14.234556848701880035810205910,64
0,Baseline,5,2026-09-17,2026-09-22,PatternA,Put,23300.0000,5,09:18:17.000,09:18:17.000,09:18:35.000,1596.8500,1.0902896081771720613287904600,3.713798977853492333901192500,18
0,Baseline,6,2026-09-17,2026-09-22,PatternB,Call,23300.0000,5,09:18:35.000,09:18:35.000,09:19:47.000,924.6700,0,5.7189542483660130718954248400,72
0,Baseline,7,2026-09-17,2026-09-22,PatternA,Put,23300.0000,5,09:19:47.000,09:19:47.000,09:20:57.000,297.7600,4.7781569965870307167235494900,1.8771331058020477815699658700,70
0,Baseline,8,2026-09-17,2026-09-22,PatternB,Call,23300.0000,5,09:20:57.000,09:20:57.000,09:22:32.000,-2225.6600,3.5274815422477440525020508600,4.5529122231337161607875307600,95
0,Baseline,9,2026-09-17,2026-09-22,PatternA,Put,23300.0000,5,09:22:32.000,09:22:32.000,09:25:57.000,5720.5100,0,7.3740407073740407073740407100,205
0,Baseline,10,2026-09-17,2026-09-22,PatternB,Call,23250.0000,5,09:25:57.000,09:25:57.000,09:26:34.000,985.7900,0.0758437618505877891543420600,2.3890784982935153583617747400,37
0,Baseline,11,2026-09-17,2026-09-22,PatternA,Put,23300.0000,5,09:26:34.000,09:26:34.000,09:31:58.000,-12893.5000,12.563451776649746192893401020,0.1586294416243654822335025400,324
0,Baseline,12,2026-09-17,2026-09-22,PatternB,Call,23300.0000,5,09:31:58.000,09:31:58.000,09:33:29.000,5373.5500,2.3704298915226998794696665300,6.7095218963439132181599035800,91
0,Baseline,13,2026-09-17,2026-09-22,PatternA,Put,23350.0000,5,09:33:29.000,09:33:29.000,09:33:31.000,-1523.9700,1.5955714750895473787040052100,0,2
0,Baseline,14,2026-09-17,2026-09-22,PatternB,Call,23350.0000,5,09:33:31.000,09:33:31.000,09:35:24.000,216.4900,7.4507966260543580131208997200,3.0927835051546391752577319600,113
0,Baseline,15,2026-09-17,2026-09-22,PatternA,Put,23350.0000,5,09:35:24.000,09:35:24.000,09:40:59.000,7084.0200,5.1519154557463672391017173100,10.237780713342140026420079260,335
0,Baseline,16,2026-09-17,2026-09-22,PatternB,Call,23300.0000,5,09:40:59.000,09:40:59.000,09:42:21.000,-6676.0300,9.109311740890688259109311740,0,82
0,Baseline,17,2026-09-17,2026-09-22,PatternA,Put,23300.0000,5,09:42:21.000,09:42:21.000,09:48:28.000,-546.9500,4.8606390210740992522093813700,8.769544527532290958531611150,367
0,Baseline,18,2026-09-17,2026-09-22,PatternB,Call,23300.0000,5,09:48:28.000,09:48:28.000,09:55:27.000,6709.8500,0.5307386112339672711189739100,12.206988058381247235736399820,419
0,Baseline,19,2026-09-17,2026-09-22,PatternA,Put,23300.0000,5,09:55:27.000,09:55:27.000,09:59:59.000,-1970.1900,4.2593290614398793818318884300,1.658499811534112325669053900,272
0,Baseline,20,2026-09-17,2026-09-22,PatternB,Call,23300.0000,5,09:59:59.000,09:59:59.000,10:03:57.000,662.7400,3.1752254018032144257154057200,5.1352410819286554292434339500,238
0,Baseline,21,2026-09-17,2026-09-22,PatternA,Put,23350.0000,5,10:03:57.000,10:03:57.000,10:04:53.000,-678.3800,1.3925729442970822281167108800,0.4973474801061007957559681700,56
0,Baseline,22,2026-09-17,2026-09-22,PatternB,Call,23350.0000,5,10:04:53.000,10:04:53.000,10:06:02.000,3497.5500,0.2851711026615969581749049400,10.741444866920152091254752850,69
0,Baseline,23,2026-09-17,2026-09-22,PatternA,Put,23350.0000,5,10:06:02.000,10:06:02.000,10:06:25.000,-2786.9000,3.3622183708838821490467937600,0,23
0,Baseline,24,2026-09-17,2026-09-22,PatternB,Call,23350.0000,5,10:06:25.000,10:06:25.000,10:09:29.000,-306.0700,3.6467486818980667838312829500,2.0650263620386643233743409500,184
0,Baseline,25,2026-09-17,2026-09-22,PatternA,Put,23350.0000,5,10:09:29.000,10:09:29.000,10:09:59.000,-836.9200,1.2031139419674451521585279500,0.1415428167020523708421797600,30
0,Baseline,26,2026-09-17,2026-09-22,PatternB,Call,23350.0000,5,10:09:59.000,10:09:59.000,10:10:35.000,-46.6400,0.043554006968641114982578400,2.3519163763066202090592334500,36
0,Baseline,27,2026-09-17,2026-09-22,PatternA,Put,23350.0000,5,10:10:35.000,10:10:35.000,10:13:46.000,-4312.0400,6.0369318181818181818181818200,0,191
0,Baseline,28,2026-09-17,2026-09-22,PatternB,Call,23350.0000,5,10:13:46.000,10:13:46.000,10:13:55.000,-926.2500,1.2772970745776679027606098100,0.1236093943139678615574783700,9
0,Baseline,29,2026-09-17,2026-09-22,PatternA,Put,23350.0000,5,10:13:55.000,10:13:55.000,10:14:21.000,399.5100,0.4782928623988226637233259700,1.5452538631346578366445916100,26
0,Baseline,30,2026-09-17,2026-09-22,PatternB,Call,23350.0000,5,10:14:21.000,10:14:21.000,10:16:51.000,-990.3400,1.8456375838926174496644295300,2.9362416107382550335570469800,150
0,Baseline,31,2026-09-17,2026-09-22,PatternA,Put,23350.0000,5,10:16:51.000,10:16:51.000,10:18:20.000,1015.4200,0.8642419877565718401152322700,2.8447965430320489737126395400,89
0,Baseline,32,2026-09-17,2026-09-22,PatternB,Call,23350.0000,5,10:18:20.000,10:18:20.000,10:20:01.000,-3099.8100,4.1739130434782608695652173900,0.6956521739130434782608695700,101
0,Baseline,33,2026-09-17,2026-09-22,PatternA,Put,23350.0000,5,10:20:01.000,10:20:01.000,10:20:19.000,-90.8200,0.3133704735376044568245125300,0.9052924791086350974930362100,18
0,Baseline,34,2026-09-17,2026-09-22,PatternB,Call,23350.0000,5,10:20:19.000,10:20:19.000,10:22:12.000,85.0300,0.4072398190045248868778280500,3.3031674208144796380090497700,113
0,Baseline,35,2026-09-17,2026-09-22,PatternA,Put,23350.0000,5,10:22:12.000,10:22:12.000,10:28:30.000,2020.6300,0,5.036726128016789087093389300,378
0,Baseline,36,2026-09-17,2026-09-22,PatternB,Call,23350.0000,5,10:28:30.000,10:28:30.000,10:33:11.000,-5077.4100,7.7830188679245283018867924500,0.7547169811320754716981132100,281
0,Baseline,37,2026-09-17,2026-09-22,PatternA,Put,23300.0000,5,10:33:11.000,10:33:11.000,10:33:16.000,-312.1800,0.5044625533566162204113310100,0,5
0,Baseline,38,2026-09-17,2026-09-22,PatternB,Call,23300.0000,5,10:33:16.000,10:33:16.000,10:34:33.000,-634.9100,1.9797979797979797979797979800,0.7676767676767676767676767700,77
0,Baseline,39,2026-09-17,2026-09-22,PatternA,Put,23300.0000,5,10:34:33.000,10:34:33.000,10:43:12.000,1344.5200,6.4327485380116959064327485400,5.4580896686159844054580896700,519
0,Baseline,40,2026-09-17,2026-09-22,PatternB,Call,23300.0000,5,10:43:12.000,10:43:12.000,10:48:27.000,-1672.7300,5.00,2.0416666666666666666666666700,315
0,Baseline,41,2026-09-17,2026-09-22,PatternA,Put,23300.0000,5,10:48:27.000,10:48:27.000,10:48:52.000,367.6600,0,1.6747301823595087458131745400,25
0,Baseline,42,2026-09-17,2026-09-22,PatternB,Call,23300.0000,5,10:48:52.000,10:48:52.000,11:01:37.000,-4984.3000,7.8011144449207029575653664800,5.6150878696956708101157308200,765
0,Baseline,43,2026-09-17,2026-09-22,PatternA,Put,23300.0000,5,11:01:37.000,11:01:37.000,11:01:53.000,-1552.3400,1.8124782154060648309515510600,0.766817706517950505402579300,16
0,Baseline,44,2026-09-17,2026-09-22,PatternB,Call,23300.0000,5,11:01:53.000,11:01:53.000,11:02:50.000,344.8700,1.3574660633484162895927601800,1.6742081447963800904977375600,57
0,Baseline,45,2026-09-17,2026-09-22,PatternA,Put,23300.0000,5,11:02:49.000,11:02:49.000,11:05:12.000,9101.7700,0.353232073472271282232426700,11.056163899682091133874955850,143
0,Baseline,46,2026-09-17,2026-09-22,PatternB,Call,23250.0000,5,11:05:12.000,11:05:12.000,11:06:31.000,-1609.6400,1.8459069020866773675762439800,0.401284109149277688603531300,79
0,Baseline,47,2026-09-17,2026-09-22,PatternA,Put,23250.0000,5,11:06:31.000,11:06:31.000,11:06:51.000,3973.6300,0,6.8653338362881931346661637100,20
0,Baseline,48,2026-09-17,2026-09-22,PatternB,Call,23250.0000,5,11:06:51.000,11:06:51.000,11:07:22.000,309.0800,0.2528445006321112515802781300,2.6548672566371681415929203500,31
0,Baseline,49,2026-09-17,2026-09-22,PatternA,Put,23250.0000,5,11:07:22.000,11:07:22.000,11:08:43.000,561.0100,0,5.1049963794351918899348298300,81
0,Baseline,50,2026-09-17,2026-09-22,PatternB,Call,23250.0000,5,11:08:43.000,11:08:43.000,11:10:12.000,-730.5800,2.6800670016750418760469011700,1.6750418760469011725293132300,89
0,Baseline,51,2026-09-17,2026-09-22,PatternA,Put,23250.0000,5,11:10:12.000,11:10:12.000,11:13:40.000,-4410.2900,5.042016806722689075630252100,3.0112044817927170868347338900,208
0,Baseline,52,2026-09-17,2026-09-22,PatternB,Call,23250.0000,5,11:13:40.000,11:13:40.000,11:13:51.000,-406.4500,0.9500206526228831061544816200,0,11
0,Baseline,53,2026-09-17,2026-09-22,PatternA,Put,23250.0000,5,11:13:51.000,11:13:51.000,11:14:46.000,-283.2200,4.5818181818181818181818181800,0.2181818181818181818181818200,55
0,Baseline,54,2026-09-17,2026-09-22,PatternB,Call,23250.0000,5,11:14:46.000,11:14:46.000,11:23:05.000,5309.9700,0.8674101610904584882280049600,13.424204874019000413052457660,499
0,Baseline,55,2026-09-17,2026-09-22,PatternA,Put,23300.0000,5,11:23:05.000,11:23:05.000,11:24:39.000,-2659.1900,2.9058116232464929859719438900,1.1356045424181696726786907100,94
0,Baseline,56,2026-09-17,2026-09-22,PatternB,Call,23300.0000,5,11:24:39.000,11:24:39.000,11:48:47.000,5153.2000,6.3432835820895522388059701500,12.500,1448
0,Baseline,57,2026-09-17,2026-09-22,PatternA,Put,23300.0000,5,11:48:47.000,11:48:47.000,11:56:05.000,-6971.9400,10.351341140914242538723082740,0.4911220249338874197204382300,438
0,Baseline,58,2026-09-17,2026-09-22,PatternB,Call,23350.0000,5,11:56:05.000,11:56:06.000,12:00:26.000,10743.0400,0,17.878787878787878787878787880,260
0,Baseline,59,2026-09-17,2026-09-22,PatternA,Put,23350.0000,5,12:00:26.000,12:00:26.000,12:01:10.000,1050.5600,1.3227513227513227513227513200,3.0234315948601662887377173100,44
0,Baseline,60,2026-09-17,2026-09-22,PatternB,Call,23350.0000,5,12:01:10.000,12:01:10.000,12:01:41.000,-728.6300,1.5706806282722513089005235600,1.8760907504363001745200698100,31
0,Baseline,61,2026-09-17,2026-09-22,PatternA,Put,23350.0000,5,12:01:41.000,12:01:41.000,12:05:26.000,1211.7800,0.665680473372781065088757400,3.8831360946745562130177514800,225
0,Baseline,62,2026-09-17,2026-09-22,PatternB,Call,23350.0000,5,12:05:26.000,12:05:26.000,12:08:02.000,12882.0500,0.5885015844273426889995473100,20.959710276143051154368492530,156
0,Baseline,63,2026-09-17,2026-09-22,PatternA,Put,23400.0000,5,12:08:02.000,12:08:02.000,12:11:31.000,-2267.1600,2.6717557251908396946564885500,1.6308119361554476058292852200,209
0,Baseline,64,2026-09-17,2026-09-22,PatternB,Call,23400.0000,5,12:11:31.000,12:11:31.000,12:12:15.000,119.6200,1.1396011396011396011396011400,4.3684710351377018043684710400,44
0,Baseline,65,2026-09-17,2026-09-22,PatternA,Put,23400.0000,5,12:12:15.000,12:12:15.000,12:12:27.000,202.5800,0.2128414331323164242639233800,1.3125221709826179496275274900,12
0,Baseline,66,2026-09-17,2026-09-22,PatternB,Call,23400.0000,5,12:12:27.000,12:12:27.000,12:13:50.000,-1016.9700,3.2919847328244274809160305300,1.812977099236641221374045800,83
0,Baseline,67,2026-09-17,2026-09-22,PatternA,Put,23400.0000,5,12:13:50.000,12:13:50.000,12:15:58.000,331.8900,1.895401895401895401895401900,1.5795015795015795015795015800,128
0,Baseline,68,2026-09-17,2026-09-22,PatternB,Call,23400.0000,5,12:15:58.000,12:15:58.000,12:18:19.000,4701.2300,0.4977600796416127426580388300,8.909905425584868093578894970,141
0,Baseline,69,2026-09-17,2026-09-22,PatternA,Put,23400.0000,5,12:18:19.000,12:18:19.000,12:19:44.000,1406.1900,0.2566923359002566923359002600,2.3835716905023835716905023800,85
0,Baseline,70,2026-09-17,2026-09-22,PatternB,Call,23400.0000,5,12:19:44.000,12:19:44.000,12:20:13.000,-659.6500,0.8118433619866284622731614100,0.2865329512893982808022922600,29
0,Baseline,71,2026-09-17,2026-09-22,PatternA,Put,23400.0000,5,12:20:13.000,12:20:13.000,12:23:41.000,-5870.3300,7.230215827338129496402877700,0.5755395683453237410071942400,208
0,Baseline,72,2026-09-17,2026-09-22,PatternB,Call,23400.0000,5,12:23:41.000,12:23:41.000,12:28:02.000,-5080.0800,8.396268325188804975566414930,1.1106175033318525099955575300,261
0,Baseline,73,2026-09-17,2026-09-22,PatternA,Put,23400.0000,5,12:28:02.000,12:28:02.000,12:29:18.000,-88.6400,1.0849909584086799276672694400,1.2658227848101265822784810100,76
0,Baseline,74,2026-09-17,2026-09-22,PatternB,Call,23400.0000,5,12:29:18.000,12:29:18.000,12:40:07.000,3594.9700,4.6555819477434679334916864600,7.8859857482185273159144893100,649
0,Baseline,75,2026-09-17,2026-09-22,PatternA,Put,23400.0000,5,12:40:07.000,12:40:07.000,12:45:13.000,3616.1900,1.1658518239939827002632568600,5.1147047762316660398646107600,306
0,Baseline,76,2026-09-17,2026-09-22,PatternB,Call,23400.0000,5,12:45:13.000,12:45:13.000,12:47:50.000,-2445.6500,3.7590361445783132530120481900,1.3493975903614457831325301200,157
0,Baseline,77,2026-09-17,2026-09-22,PatternA,Put,23400.0000,5,12:47:50.000,12:47:50.000,12:58:21.000,-1779.1300,3.3438929954241464273143259400,2.7455121436114044350580781400,631
0,Baseline,78,2026-09-17,2026-09-22,PatternB,Call,23400.0000,5,12:58:21.000,12:58:21.000,13:21:28.000,-7154.1400,14.532871972318339100346020760,0.7909045971329708353929807200,1387
0,Baseline,79,2026-09-17,2026-09-22,PatternA,Put,23350.0000,5,13:21:28.000,13:21:28.000,13:22:27.000,1899.1000,0.8585445625511038430089942800,2.4529844644317252657399836500,59
0,Baseline,80,2026-09-17,2026-09-22,PatternB,Call,23350.0000,5,13:22:27.000,13:22:27.000,13:24:33.000,-2969.1400,4.9933716305788775961113566100,0.2209456473707467962881131200,126
0,Baseline,81,2026-09-17,2026-09-22,PatternA,Put,23350.0000,5,13:24:33.000,13:24:33.000,13:25:50.000,3325.8700,0.5076142131979695431472081200,5.6228035923467395548613822700,77
0,Baseline,82,2026-09-17,2026-09-22,PatternB,Call,23350.0000,5,13:25:50.000,13:25:50.000,13:26:28.000,-1471.2100,2.5566811384466956102267245500,0.578871201157742402315484800,38
0,Baseline,83,2026-09-17,2026-09-22,PatternA,Put,23350.0000,5,13:26:28.000,13:26:29.000,13:27:41.000,6927.7800,0.4403669724770642201834862400,9.944954128440366972477064220,72
0,Baseline,84,2026-09-17,2026-09-22,PatternB,Call,23300.0000,5,13:27:41.000,13:27:42.000,13:27:45.000,-827.6900,1.0118043844856661045531197300,0,3
0,Baseline,85,2026-09-17,2026-09-22,PatternA,Put,23300.0000,5,13:27:45.000,13:27:45.000,13:28:21.000,5471.3500,0.8498583569405099150141643100,7.972480777013354917037636580,36
0,Baseline,86,2026-09-17,2026-09-22,PatternB,Call,23300.0000,5,13:28:21.000,13:28:21.000,13:29:01.000,1189.2000,0,6.2697338746053225078935498400,40
0,Baseline,87,2026-09-17,2026-09-22,PatternA,Put,23300.0000,5,13:29:01.000,13:29:01.000,13:29:53.000,-767.3200,1.0007698229407236335642802200,2.232486528098537336412625100,52
0,Baseline,88,2026-09-17,2026-09-22,PatternB,Call,23300.0000,5,13:29:53.000,13:29:53.000,13:30:31.000,-4690.8900,7.985958753839403247038174640,0,38
0,Baseline,89,2026-09-17,2026-09-22,PatternA,Put,23300.0000,5,13:30:31.000,13:30:31.000,13:30:40.000,-705.9400,2.0187454938716654650324441200,0,9
0,Baseline,90,2026-09-17,2026-09-22,PatternB,Call,23300.0000,5,13:30:40.000,13:30:40.000,13:31:02.000,1028.3000,2.0531964535697620158656089600,1.7265515632291180587960802600,22
0,Baseline,91,2026-09-17,2026-09-22,PatternA,Put,23300.0000,5,13:31:02.000,13:31:02.000,13:31:16.000,-802.1200,1.2905604719764011799410029500,0,14
0,Baseline,92,2026-09-17,2026-09-22,PatternB,Call,23300.0000,5,13:31:16.000,13:31:16.000,13:33:12.000,20.5400,2.7434842249657064471879286700,2.9721079103795153177869227300,116
0,Baseline,93,2026-09-17,2026-09-22,PatternA,Put,23300.0000,5,13:33:12.000,13:33:12.000,13:35:39.000,2738.7100,0.6331471135940409683426443200,8.119180633147113594040968340,147
0,Baseline,94,2026-09-17,2026-09-22,PatternB,Call,23300.0000,5,13:35:39.000,13:35:39.000,13:35:59.000,-529.9100,1.0461245839277223014740846400,0.2377555872563005230622919600,20
0,Baseline,95,2026-09-17,2026-09-22,PatternA,Put,23300.0000,5,13:35:59.000,13:35:59.000,13:36:28.000,1209.8500,0.6073597713469096105752054300,3.6084315827081100392997499100,29
0,Baseline,96,2026-09-17,2026-09-22,PatternB,Call,23300.0000,5,13:36:28.000,13:36:28.000,13:38:28.000,770.2100,1.798736023334953816237238700,3.8405444822557122022362664100,120
0,Baseline,97,2026-09-17,2026-09-22,PatternA,Put,23300.0000,5,13:38:28.000,13:38:28.000,13:43:47.000,-6000.6600,9.714285714285714285714285710,0.2500,319
0,Baseline,98,2026-09-17,2026-09-22,PatternB,Call,23300.0000,5,13:43:47.000,13:43:47.000,13:45:20.000,-1668.6300,2.9572338489535941765241128300,0.5914467697907188353048225700,93
0,Baseline,99,2026-09-17,2026-09-22,PatternA,Put,23300.0000,5,13:45:20.000,13:45:20.000,13:47:11.000,-4861.4500,5.7441253263707571801566579600,0.4848936963819470346885490500,111
0,Baseline,100,2026-09-17,2026-09-22,PatternB,Call,23300.0000,5,13:47:11.000,13:47:11.000,13:48:54.000,-3683.5300,5.3658536585365853658536585400,1.2860310421286031042128603100,103
0,Baseline,101,2026-09-17,2026-09-22,PatternA,Put,23300.0000,5,13:48:54.000,13:48:54.000,13:49:35.000,-801.6500,3.1610264038676087764968389700,0,41
0,Baseline,102,2026-09-17,2026-09-22,PatternB,Call,23300.0000,5,13:49:35.000,13:49:35.000,13:54:04.000,-985.7500,1.5291936978683966635773864700,4.772937905468025949953660800,269
0,Baseline,103,2026-09-17,2026-09-22,PatternA,Put,23300.0000,5,13:54:04.000,13:54:04.000,13:56:58.000,-2653.1400,3.9688427299703264094955489600,0.853115727002967359050445100,174
0,Baseline,104,2026-09-17,2026-09-22,PatternB,Call,23300.0000,5,13:56:58.000,13:56:58.000,13:59:22.000,-206.9800,1.0478359908883826879271070600,2.5056947608200455580865603600,144
0,Baseline,105,2026-09-17,2026-09-22,PatternA,Put,23300.0000,5,13:59:22.000,13:59:22.000,14:17:18.000,-377.8500,7.0444104134762633996937212900,3.9433384379785604900459418100,1076
0,Baseline,106,2026-09-17,2026-09-22,PatternB,Call,23300.0000,5,14:17:18.000,14:17:18.000,14:22:59.000,6256.7000,0.7326007326007326007326007300,10.347985347985347985347985350,341
0,Baseline,107,2026-09-17,2026-09-22,PatternA,Put,23350.0000,5,14:22:59.000,14:22:59.000,14:23:29.000,-252.6700,0.8435852372583479789103690700,0.3514938488576449912126537800,30
0,Baseline,108,2026-09-17,2026-09-22,PatternB,Call,23350.0000,5,14:23:29.000,14:23:29.000,14:23:44.000,-590.2600,0.9594882729211087420042643900,0.53304904051172707889125800,15
0,Baseline,109,2026-09-17,2026-09-22,PatternA,Put,23350.0000,5,14:23:44.000,14:23:44.000,14:27:55.000,6275.3600,2.6536312849162011173184357500,8.100558659217877094972067040,251
0,Baseline,110,2026-09-17,2026-09-22,PatternB,Call,23300.0000,5,14:27:55.000,14:27:55.000,14:28:25.000,-1668.9000,2.3066485753052917232021709600,0.3618272274988692899140660300,30
0,Baseline,111,2026-09-17,2026-09-22,PatternA,Put,23300.0000,5,14:28:25.000,14:28:25.000,14:29:22.000,-2163.7300,2.9764205643602628527251642800,1.1982991882489369926555856200,57
0,Baseline,112,2026-09-17,2026-09-22,PatternB,Call,23300.0000,5,14:29:22.000,14:29:22.000,14:33:56.000,-77.5100,1.4884979702300405953991880900,3.0221019395579612088407758200,274
0,Baseline,113,2026-09-17,2026-09-22,PatternA,Put,23300.0000,5,14:33:56.000,14:33:56.000,14:38:55.000,-6806.8000,14.649681528662420382165605100,2.4681528662420382165605095500,299
0,Baseline,114,2026-09-17,2026-09-22,PatternB,Call,23350.0000,5,14:38:55.000,14:38:55.000,14:40:55.000,1618.0100,0.898045430533544638140517700,7.7654516640253565768621236100,120
0,Baseline,115,2026-09-17,2026-09-22,PatternA,Put,23350.0000,5,14:40:55.000,14:40:55.000,14:42:04.000,2088.1200,0.3657644476956839795171909300,2.596927578639356254572055600,69
0,Baseline,116,2026-09-17,2026-09-22,PatternB,Call,23350.0000,5,14:42:04.000,14:42:04.000,14:48:12.000,806.1000,7.3054526204340921122286924300,2.1704605611434621492853361600,368
0,Baseline,117,2026-09-17,2026-09-22,PatternA,Put,23350.0000,5,14:48:12.000,14:48:12.000,14:49:38.000,-998.4200,2.6240115025161754133716750500,0.6470165348670021567217828900,86
0,Baseline,118,2026-09-17,2026-09-22,PatternB,Call,23350.0000,5,14:49:38.000,14:49:38.000,14:51:22.000,-2117.8600,3.4751037344398340248962655600,0.0518672199170124481327800800,104
0,Baseline,119,2026-09-17,2026-09-22,PatternA,Put,23350.0000,5,14:51:22.000,14:51:22.000,14:57:40.000,3580.1400,2.469135802469135802469135800,5.2910052910052910052910052900,378
0,Baseline,120,2026-09-17,2026-09-22,PatternB,Call,23300.0000,5,14:57:40.000,14:57:40.000,14:58:18.000,-1507.9800,2.0140105078809106830122591900,0.0437828371278458844133099800,38
0,Baseline,121,2026-09-17,2026-09-22,PatternA,Put,23300.0000,5,14:58:18.000,14:58:18.000,14:58:54.000,-1544.6600,2.9706945002007226013649136900,0,36
0,Baseline,122,2026-09-17,2026-09-22,PatternB,Call,23300.0000,5,14:58:54.000,14:58:54.000,15:03:42.000,376.0900,4.7095070422535211267605633800,2.5088028169014084507042253500,288
0,Baseline,0,2026-09-18,2026-09-22,PatternB,Call,23350.0000,4,09:15:32.000,09:15:32.000,09:16:06.000,-3062.6600,6.6183574879227053140096618400,1.3526570048309178743961352700,34
0,Baseline,1,2026-09-18,2026-09-22,PatternA,Put,23350.0000,4,09:16:05.000,09:16:05.000,09:16:11.000,-2385.2800,3.1725336810082572794437201200,0.6953498478922207735767057800,6
0,Baseline,2,2026-09-18,2026-09-22,PatternB,Call,23350.0000,4,09:16:11.000,09:16:11.000,09:17:15.000,3401.8600,0.495540138751238850346878100,6.8384539147670961347869177400,64
0,Baseline,3,2026-09-18,2026-09-22,PatternA,Put,23350.0000,4,09:17:15.000,09:17:15.000,09:27:37.000,15742.2300,1.9886363636363636363636363600,25.142045454545454545454545450,622
0,Baseline,4,2026-09-18,2026-09-22,PatternB,Call,23350.0000,4,09:27:37.000,09:27:37.000,09:30:50.000,-719.8100,3.12163616792249730893433800,3.2292787944025834230355220700,193
0,Baseline,5,2026-09-18,2026-09-22,PatternA,Put,23300.0000,4,09:30:49.000,09:30:49.000,09:31:02.000,1092.2600,1.2773722627737226277372262800,2.4635036496350364963503649600,13
0,Baseline,6,2026-09-18,2026-09-22,PatternB,Call,23300.0000,4,09:31:02.000,09:31:02.000,09:31:04.000,-371.4300,0.6097560975609756097560975600,0.043554006968641114982578400,2
0,Baseline,7,2026-09-18,2026-09-22,PatternA,Put,23300.0000,4,09:31:04.000,09:31:04.000,09:32:59.000,-3001.3800,6.7081297201243891603731674800,0,115
0,Baseline,8,2026-09-18,2026-09-22,PatternB,Call,23350.0000,4,09:32:59.000,09:32:59.000,09:35:33.000,-1985.5100,3.5398230088495575221238938100,1.3274336283185840707964601800,154
0,Baseline,9,2026-09-18,2026-09-22,PatternA,Put,23300.0000,4,09:35:33.000,09:35:34.000,09:38:31.000,-8587.9000,13.854351687388987566607460040,0.0888099467140319715808170500,177
0,Baseline,10,2026-09-18,2026-09-22,PatternB,Call,23350.0000,4,09:38:31.000,09:38:31.000,09:39:06.000,-2344.6100,3.7407797681770284510010537400,0.1053740779768177028451001100,35
0,Baseline,11,2026-09-18,2026-09-22,PatternA,Put,23350.0000,4,09:39:06.000,09:39:06.000,09:39:57.000,-4891.6800,6.8093385214007782101167315200,0,51
0,Baseline,12,2026-09-18,2026-09-22,PatternB,Call,23350.0000,4,09:39:57.000,09:39:57.000,09:40:33.000,-493.7200,1.4062500,1.2500,36
0,Baseline,13,2026-09-18,2026-09-22,PatternA,Put,23350.0000,4,09:40:33.000,09:40:33.000,09:42:05.000,-796.9600,1.871440195280716029292107400,1.4646053702196908055329536200,92
0,Baseline,14,2026-09-18,2026-09-22,PatternB,Call,23350.0000,4,09:42:05.000,09:42:05.000,09:42:15.000,-786.2400,1.4507772020725388601036269400,0.155440414507772020725388600,10
0,Baseline,15,2026-09-18,2026-09-22,PatternA,Put,23350.0000,4,09:42:15.000,09:42:15.000,09:42:48.000,-2550.9700,4.9127080795777507105156313400,0,33
0,Baseline,16,2026-09-18,2026-09-22,PatternB,Call,23350.0000,4,09:42:48.000,09:42:48.000,09:44:30.000,-4002.3300,8.724489795918367346938775510,0.510204081632653061224489800,102
0,Baseline,17,2026-09-18,2026-09-22,PatternA,Put,23350.0000,4,09:44:30.000,09:44:30.000,09:45:10.000,-2844.6600,4.2670881074674041880679573300,0.3555906756222836823389964400,40
0,Baseline,18,2026-09-18,2026-09-22,PatternB,Call,23350.0000,4,09:45:10.000,09:45:10.000,09:45:30.000,-1499.8800,2.7586206896551724137931034500,0.3713527851458885941644562300,20
0,Baseline,19,2026-09-18,2026-09-22,PatternA,Put,23350.0000,4,09:45:30.000,09:45:30.000,09:46:40.000,-1610.2300,2.0230067433558111860372867900,1.904006346687822292740975800,70
0,Baseline,20,2026-09-18,2026-09-22,PatternB,Call,23350.0000,4,09:46:40.000,09:46:40.000,09:47:12.000,91.7100,1.6480595427963849016480595400,0.478468899521531100478468900,32
0,Baseline,21,2026-09-18,2026-09-22,PatternA,Put,23350.0000,4,09:47:12.000,09:47:12.000,09:50:21.000,-861.9200,4.9633848657445077298616761600,2.8885272579332790886899918600,189
0,Baseline,22,2026-09-18,2026-09-22,PatternB,Call,23350.0000,4,09:50:21.000,09:50:21.000,09:51:01.000,-2961.7200,4.9525816649104320337197049500,0.2107481559536354056902002100,40
0,Baseline,23,2026-09-18,2026-09-22,PatternA,Put,23350.0000,4,09:51:01.000,09:51:01.000,09:51:46.000,-2357.7300,4.1666666666666666666666666700,0.6289308176100628930817610100,45
0,Baseline,24,2026-09-18,2026-09-22,PatternB,Call,23350.0000,4,09:51:46.000,09:51:46.000,09:55:48.000,3177.7700,0.7000538502961766289714593400,8.939149165320409262250942380,242
0,Baseline,25,2026-09-18,2026-09-22,PatternA,Put,23350.0000,4,09:55:48.000,09:55:48.000,09:57:08.000,-1541.1900,2.1551724137931034482758620700,3.2758620689655172413793103400,80
0,Baseline,26,2026-09-18,2026-09-22,PatternB,Call,23350.0000,4,09:57:08.000,09:57:08.000,09:57:38.000,-332.5800,0.8577194752774974772956609500,2.6740665993945509586276488400,30
0,Baseline,27,2026-09-18,2026-09-22,PatternA,Put,23350.0000,4,09:57:38.000,09:57:38.000,10:04:52.000,1285.1900,3.8461538461538461538461538500,3.3653846153846153846153846200,434
0,Baseline,28,2026-09-18,2026-09-22,PatternB,Call,23350.0000,4,10:04:52.000,10:04:52.000,10:08:05.000,-558.4500,4.1382922996333158721843897300,3.8763750654793085385018334200,193
0,Baseline,29,2026-09-18,2026-09-22,PatternA,Put,23350.0000,4,10:08:05.000,10:08:05.000,10:10:33.000,-2483.6500,6.0502769492969748615253515100,0.383468257349808265871325100,148
0,Baseline,30,2026-09-18,2026-09-22,PatternB,Call,23350.0000,4,10:10:33.000,10:10:33.000,10:11:06.000,-526.8200,1.0251153254741158380317785800,0.8713480266529984623270117900,33
0,Baseline,31,2026-09-18,2026-09-22,PatternA,Put,23350.0000,4,10:11:06.000,10:11:06.000,10:11:50.000,-1313.0000,1.7112768758227292672224659900,0.5265467310223782360684510800,44
0,Baseline,32,2026-09-18,2026-09-22,PatternB,Call,23350.0000,4,10:11:50.000,10:11:50.000,10:13:15.000,-299.8500,1.4720812182741116751269035500,0.9644670050761421319796954300,85
0,Baseline,33,2026-09-18,2026-09-22,PatternA,Put,23350.0000,4,10:13:15.000,10:13:15.000,10:13:58.000,-2092.0700,3.7217545414266725742135578200,0.4873726185201595037660611400,43
0,Baseline,34,2026-09-18,2026-09-22,PatternB,Call,23350.0000,4,10:13:58.000,10:13:58.000,10:14:58.000,-885.0200,2.2545090180360721442885771500,0.200400801603206412825651300,60
0,Baseline,35,2026-09-18,2026-09-22,PatternA,Put,23350.0000,4,10:14:58.000,10:14:58.000,10:15:36.000,-759.5700,2.4368231046931407942238267100,0,38
0,Baseline,36,2026-09-18,2026-09-22,PatternB,Call,23350.0000,4,10:15:36.000,10:15:36.000,10:20:33.000,-2541.1300,6.5689742294087923193532086900,0.050530570995452248610409300,297
0,Baseline,37,2026-09-18,2026-09-22,PatternA,Put,23350.0000,4,10:20:33.000,10:20:33.000,10:29:19.000,3169.0100,2.3601398601398601398601398600,10.358391608391608391608391610,526
0,Baseline,38,2026-09-18,2026-09-22,PatternB,Call,23350.0000,4,10:29:19.000,10:29:19.000,10:30:04.000,450.3900,2.4834437086092715231788079500,1.1589403973509933774834437100,45
0,Baseline,39,2026-09-18,2026-09-22,PatternA,Put,23350.0000,4,10:30:04.000,10:30:05.000,10:38:09.000,1316.5100,1.8763326226012793176972281400,8.059701492537313432835820900,484
0,Baseline,40,2026-09-18,2026-09-22,PatternB,Call,23350.0000,4,10:38:09.000,10:38:09.000,10:38:42.000,-848.1500,1.6853932584269662921348314600,0.3370786516853932584269662900,33
0,Baseline,41,2026-09-18,2026-09-22,PatternA,Put,23350.0000,4,10:38:42.000,10:38:42.000,10:48:34.000,632.8600,1.5683037556747833264548080900,7.2224515063970284770945109400,592
0,Baseline,42,2026-09-18,2026-09-22,PatternB,Call,23350.0000,4,10:48:34.000,10:48:34.000,10:53:25.000,614.2500,3.8505747126436781609195402300,4.5402298850574712643678160900,291
0,Baseline,43,2026-09-18,2026-09-22,PatternA,Put,23350.0000,4,10:53:25.000,10:53:25.000,10:54:27.000,-536.0500,0.6652806652806652806652806700,1.704781704781704781704781700,62
0,Baseline,44,2026-09-18,2026-09-22,PatternB,Call,23350.0000,4,10:54:27.000,10:54:27.000,11:11:46.000,-1530.0200,10.0,1.9774011299435028248587570600,1039
0,Baseline,45,2026-09-18,2026-09-22,PatternA,Put,23350.0000,4,11:11:46.000,11:11:46.000,11:34:01.000,5213.0000,0.5421184320266889074228523800,8.673894912427022518765638030,1335
0,Baseline,46,2026-09-18,2026-09-22,PatternB,Call,23300.0000,4,11:34:01.000,11:34:01.000,11:42:40.000,1939.1100,1.493975903614457831325301200,3.6144578313253012048192771100,519
0,Baseline,47,2026-09-18,2026-09-22,PatternA,Put,23350.0000,4,11:42:40.000,11:42:40.000,11:50:25.000,-4077.2500,5.0612244897959183673469387800,2.8571428571428571428571428600,465
0,Baseline,48,2026-09-18,2026-09-22,PatternB,Call,23350.0000,4,11:50:25.000,11:50:25.000,11:54:25.000,2660.5300,2.5906735751295336787564766800,7.4841681059297639608520437500,240
0,Baseline,49,2026-09-18,2026-09-22,PatternA,Put,23350.0000,4,11:54:25.000,11:54:25.000,12:13:16.000,-921.6800,6.8119891008174386920980926400,3.9963669391462306993642143500,1131
0,Baseline,50,2026-09-18,2026-09-22,PatternB,Call,23350.0000,4,12:13:16.000,12:13:16.000,12:20:32.000,-3576.9500,6.4265927977839335180055401700,1.3850415512465373961218836600,436
0,Baseline,51,2026-09-18,2026-09-22,PatternA,Put,23350.0000,4,12:20:32.000,12:20:32.000,12:22:13.000,-2092.3100,2.9087703834288232701630674300,0.3966505068312031732040546500,101
0,Baseline,52,2026-09-18,2026-09-22,PatternB,Call,23350.0000,4,12:22:13.000,12:22:13.000,12:38:15.000,4284.4800,2.702702702702702702702702700,10.235767682576193214491086830,962
0,Baseline,53,2026-09-18,2026-09-22,PatternA,Put,23350.0000,4,12:38:15.000,12:38:15.000,12:42:30.000,-333.4900,1.3320177602368031573754316700,4.2427232363098174642328564400,255
0,Baseline,54,2026-09-18,2026-09-22,PatternB,Call,23350.0000,4,12:42:30.000,12:42:30.000,12:47:00.000,-1109.9800,4.3130990415335463258785942500,2.6091586794462193823216187400,270
0,Baseline,55,2026-09-18,2026-09-22,PatternA,Put,23350.0000,4,12:47:00.000,12:47:00.000,12:54:45.000,-496.0300,0.8849557522123893805309734500,3.6873156342182890855457227100,465
0,Baseline,56,2026-09-18,2026-09-22,PatternB,Call,23350.0000,4,12:54:45.000,12:54:45.000,13:10:27.000,1099.5200,3.1062670299727520435967302500,7.9019073569482288828337874700,942
0,Baseline,57,2026-09-18,2026-09-22,PatternA,Put,23350.0000,4,13:10:27.000,13:10:27.000,13:13:46.000,1162.3400,0.7216494845360824742268041200,2.0618556701030927835051546400,199
0,Baseline,58,2026-09-18,2026-09-22,PatternB,Call,23350.0000,4,13:13:46.000,13:13:46.000,13:15:51.000,-1660.9500,3.5714285714285714285714285700,0.6593406593406593406593406600,125
0,Baseline,59,2026-09-18,2026-09-22,PatternA,Put,23350.0000,4,13:15:51.000,13:15:51.000,13:16:34.000,-41.1500,0.5923000987166831194471865700,0.6416584402764067127344521200,43
0,Baseline,60,2026-09-18,2026-09-22,PatternB,Call,23350.0000,4,13:16:34.000,13:16:34.000,13:20:32.000,-2147.2100,4.5659526493799323562570462200,2.4802705749718151071025930100,238
0,Baseline,61,2026-09-18,2026-09-22,PatternA,Put,23350.0000,4,13:20:32.000,13:20:32.000,13:26:19.000,-2348.3100,5.7692307692307692307692307700,0.5769230769230769230769230800,347
0,Baseline,62,2026-09-18,2026-09-22,PatternB,Call,23350.0000,4,13:26:19.000,13:26:19.000,13:34:37.000,-750.2400,5.122367672168468981217985200,2.2196926579396698918611269200,498
0,Baseline,63,2026-09-18,2026-09-22,PatternA,Put,23350.0000,4,13:34:37.000,13:34:37.000,13:47:30.000,5546.1200,1.4084507042253521126760563400,12.877263581488933601609657950,773
0,Baseline,64,2026-09-18,2026-09-22,PatternB,Call,23350.0000,4,13:47:30.000,13:47:30.000,13:47:35.000,-356.3200,0.5798969072164948453608247400,2.9639175257731958762886597900,5
0,Baseline,65,2026-09-18,2026-09-22,PatternA,Put,23350.0000,4,13:47:35.000,13:47:35.000,13:49:12.000,-823.7500,4.775022956841138659320477500,1.1937557392102846648301193800,97
0,Baseline,66,2026-09-18,2026-09-22,PatternB,Call,23350.0000,4,13:49:12.000,13:49:12.000,13:52:21.000,3768.2900,1.7230376515634971282705807300,9.125717932354818123803446080,189
0,Baseline,67,2026-09-18,2026-09-22,PatternA,Put,23350.0000,4,13:52:21.000,13:52:21.000,13:55:42.000,-722.8600,2.3904382470119521912350597600,2.3904382470119521912350597600,201
0,Baseline,68,2026-09-18,2026-09-22,PatternB,Call,23350.0000,4,13:55:42.000,13:55:42.000,13:56:18.000,-1366.2200,2.7042915931804820693709582600,0.1175778953556731334509112300,36
0,Baseline,69,2026-09-18,2026-09-22,PatternA,Put,23350.0000,4,13:56:18.000,13:56:18.000,13:58:51.000,-1600.3400,4.4739429695181907571288102300,0.6882989183874139626352015700,153
0,Baseline,70,2026-09-18,2026-09-22,PatternB,Call,23350.0000,4,13:58:51.000,13:58:51.000,14:07:17.000,4090.2700,3.7514654161781946072684642400,8.147713950762016412661195780,506
0,Baseline,71,2026-09-18,2026-09-22,PatternA,Put,23350.0000,4,14:07:17.000,14:07:17.000,14:13:37.000,-720.3200,7.1694105151354221986192246400,0.7966011683483802442910249600,380
0,Baseline,72,2026-09-18,2026-09-22,PatternB,Call,23400.0000,4,14:13:37.000,14:13:37.000,14:18:24.000,1466.3800,1.6140865737344093910491562700,6.4563462949376375641966250900,287
0,Baseline,73,2026-09-18,2026-09-22,PatternA,Put,23400.0000,4,14:18:24.000,14:18:24.000,14:18:57.000,-177.0800,0.4306632213608957795004306600,1.1197243755383290267011197200,33
0,Baseline,74,2026-09-18,2026-09-22,PatternB,Call,23400.0000,4,14:18:57.000,14:18:57.000,14:24:39.000,491.1400,1.6370106761565836298932384300,4.9822064056939501779359430600,342
0,Baseline,75,2026-09-18,2026-09-22,PatternA,Put,23400.0000,4,14:24:39.000,14:24:39.000,14:26:23.000,635.2100,0.130039011703511053315994800,1.4304291287386215864759427800,104
0,Baseline,76,2026-09-18,2026-09-22,PatternB,Call,23400.0000,4,14:26:23.000,14:26:23.000,14:26:33.000,-450.8200,0.9239516702203269367448471900,0,10
0,Baseline,77,2026-09-18,2026-09-22,PatternA,Put,23400.0000,4,14:26:33.000,14:26:33.000,14:30:44.000,-7095.6200,9.743589743589743589743589740,0,251
0,Baseline,78,2026-09-18,2026-09-22,PatternB,Call,23400.0000,4,14:30:44.000,14:30:44.000,14:31:08.000,-649.8000,1.4294592914853946550652579200,2.4860161591050341827221876900,24
0,Baseline,79,2026-09-18,2026-09-22,PatternA,Put,23400.0000,4,14:31:08.000,14:31:08.000,14:31:39.000,379.0100,0,1.0338345864661654135338345900,31
0,Baseline,80,2026-09-18,2026-09-22,PatternB,Call,23400.0000,4,14:31:39.000,14:31:39.000,14:32:09.000,-941.6500,2.2698612862547288776796973500,0.1261034047919293820933165200,30
0,Baseline,81,2026-09-18,2026-09-22,PatternA,Put,23400.0000,4,14:32:09.000,14:32:09.000,14:32:34.000,-2187.6600,3.1394275161588180978762696200,0,25
0,Baseline,82,2026-09-18,2026-09-22,PatternB,Call,23400.0000,4,14:32:34.000,14:32:34.000,14:35:09.000,-455.1200,1.1117974058060531192093885100,5.8060531192093885114268066700,155
0,Baseline,83,2026-09-18,2026-09-22,PatternA,Put,23400.0000,4,14:35:09.000,14:35:09.000,14:42:57.000,3497.2600,1.1803588290840415486307837600,5.6185080264400377714825306900,468
0,Baseline,84,2026-09-18,2026-09-22,PatternB,Call,23400.0000,4,14:42:57.000,14:42:57.000,14:44:01.000,-1036.5500,2.2587268993839835728952772100,0.6160164271047227926078028700,64
0,Baseline,85,2026-09-18,2026-09-22,PatternA,Put,23400.0000,4,14:44:01.000,14:44:01.000,14:44:43.000,116.6300,0.7989347536617842876165113200,0.9764758100310696848646249400,42
0,Baseline,86,2026-09-18,2026-09-22,PatternB,Call,23400.0000,4,14:44:43.000,14:44:43.000,14:44:48.000,-418.5600,0.9167842031029619181946403400,0,5
0,Baseline,87,2026-09-18,2026-09-22,PatternA,Put,23400.0000,4,14:44:48.000,14:44:48.000,14:46:04.000,-1150.5400,1.7135325131810193321616871700,1.8014059753954305799648506200,76
0,Baseline,88,2026-09-18,2026-09-22,PatternB,Call,23400.0000,4,14:46:04.000,14:46:04.000,14:51:36.000,4615.3000,1.3176144244105409153952843300,12.829403606102635228848821080,332
0,Baseline,89,2026-09-18,2026-09-22,PatternA,Put,23400.0000,4,14:51:36.000,14:51:36.000,14:53:16.000,-3907.6000,6.4022933588150979455327281400,1.2422360248447204968944099400,100
0,Baseline,90,2026-09-18,2026-09-22,PatternB,Call,23400.0000,4,14:53:16.000,14:53:16.000,14:54:59.000,811.0400,0.2430133657351154313487241800,5.5893074119076549210206561400,103
0,Baseline,91,2026-09-18,2026-09-22,PatternA,Put,23400.0000,4,14:54:59.000,14:54:59.000,14:56:44.000,-365.1400,1.7623363544813695871097683800,0.8559919436052366565961732100,105
0,Baseline,92,2026-09-18,2026-09-22,PatternB,Call,23400.0000,4,14:56:44.000,14:56:44.000,14:59:05.000,1493.0700,4.429611650485436893203883500,3.9441747572815533980582524300,141
0,Baseline,93,2026-09-18,2026-09-22,PatternA,Put,23400.0000,4,14:59:04.000,14:59:04.000,15:02:20.000,4280.6600,0.0518941359626362221069019200,11.312921639854696419304618580,196
0,Baseline,0,2026-09-21,2026-09-22,PatternA,Put,23400.0000,1,09:15:19.000,09:15:19.000,09:17:13.000,709.2900,4.0904198062432723358449946200,16.038751345532831001076426260,114
0,Baseline,1,2026-09-21,2026-09-22,PatternB,Call,23400.0000,1,09:17:13.000,09:17:13.000,09:19:02.000,3288.9400,0,15.834038950042337002540220150,109
0,Baseline,2,2026-09-21,2026-09-22,PatternA,Put,23400.0000,1,09:19:02.000,09:19:02.000,09:19:15.000,-262.2300,0.5241700640652300524170064100,0.8736167734420500873616773400,13
0,Baseline,3,2026-09-21,2026-09-22,PatternB,Call,23400.0000,1,09:19:15.000,09:19:15.000,09:20:36.000,980.7500,0.699844479004665629860031100,5.5209953343701399688958009300,81
0,Baseline,4,2026-09-21,2026-09-22,PatternA,Put,23400.0000,1,09:20:36.000,09:20:36.000,09:21:01.000,-521.3200,0.9523809523809523809523809500,4.2857142857142857142857142900,25
0,Baseline,5,2026-09-21,2026-09-22,PatternB,Call,23400.0000,1,09:21:01.000,09:21:01.000,09:21:34.000,-1326.1200,3.2428355957767722473604826500,0.6033182503770739064856711900,33
0,Baseline,6,2026-09-21,2026-09-22,PatternA,Put,23400.0000,1,09:21:34.000,09:21:34.000,09:26:10.000,-457.3000,4.3453070683661645422943221300,3.1286210892236384704519119400,276
0,Baseline,7,2026-09-21,2026-09-22,PatternB,Call,23400.0000,1,09:26:10.000,09:26:10.000,09:27:01.000,1662.7400,0.1550387596899224806201550400,4.5736434108527131782945736400,51
0,Baseline,8,2026-09-21,2026-09-22,PatternA,Put,23400.0000,1,09:27:01.000,09:27:01.000,09:27:26.000,-2534.3700,4.860267314702308626974483600,0.0607533414337788578371810400,25
0,Baseline,9,2026-09-21,2026-09-22,PatternB,Call,23400.0000,1,09:27:26.000,09:27:26.000,09:28:50.000,-451.0600,3.1712473572938689217758985200,1.1275546159267089499647639200,84
0,Baseline,10,2026-09-21,2026-09-22,PatternA,Put,23400.0000,1,09:28:50.000,09:28:50.000,09:29:15.000,-259.7000,0.8793969849246231155778894500,1.0050251256281407035175879400,25
0,Baseline,11,2026-09-21,2026-09-22,PatternB,Call,23400.0000,1,09:29:15.000,09:29:15.000,09:29:54.000,1368.0100,0,4.8970901348474095102909865200,39
0,Baseline,12,2026-09-21,2026-09-22,PatternA,Put,23400.0000,1,09:29:54.000,09:29:54.000,09:30:07.000,-388.6800,2.1992238033635187580853816300,0.9055627425614489003880983200,13
0,Baseline,13,2026-09-21,2026-09-22,PatternB,Call,23400.0000,1,09:30:07.000,09:30:07.000,09:30:46.000,327.6800,0,3.2258064516129032258064516100,39
0,Baseline,14,2026-09-21,2026-09-22,PatternA,Put,23400.0000,1,09:30:46.000,09:30:46.000,09:31:12.000,-1167.5600,3.1683168316831683168316831700,0.4620462046204620462046204600,26
0,Baseline,15,2026-09-21,2026-09-22,PatternB,Call,23400.0000,1,09:31:12.000,09:31:12.000,09:31:21.000,164.5500,0,1.1386470194239785666443402500,9
0,Baseline,16,2026-09-21,2026-09-22,PatternA,Put,23400.0000,1,09:31:21.000,09:31:21.000,09:35:09.000,1496.5600,0.3387533875338753387533875300,6.978319783197831978319783200,228
0,Baseline,17,2026-09-21,2026-09-22,PatternB,Call,23400.0000,1,09:35:09.000,09:35:09.000,09:38:04.000,-2140.3500,5.0835654596100278551532033400,5.4317548746518105849582172700,175
0,Baseline,18,2026-09-21,2026-09-22,PatternA,Put,23400.0000,1,09:38:04.000,09:38:04.000,09:38:32.000,-1234.1700,2.7568922305764411027568922300,1.3157894736842105263157894700,28
0,Baseline,19,2026-09-21,2026-09-22,PatternB,Call,23400.0000,1,09:38:32.000,09:38:32.000,09:39:14.000,-1620.2700,4.9435028248587570621468926600,0,42
0,Baseline,20,2026-09-21,2026-09-22,PatternA,Put,23400.0000,1,09:39:13.000,09:39:13.000,09:42:51.000,1526.9500,2.469917669411019632678910700,5.8898036732108929702343255200,218
0,Baseline,21,2026-09-21,2026-09-22,PatternB,Call,23400.0000,1,09:42:51.000,09:42:51.000,09:43:50.000,38.3700,1.9098548510313216195569136700,2.8265851795263559969442322400,59
0,Baseline,22,2026-09-21,2026-09-22,PatternA,Put,23400.0000,1,09:43:50.000,09:43:50.000,09:46:24.000,-3443.2300,6.4276885043263288009888751500,0.8034610630407911001236093900,154
0,Baseline,23,2026-09-21,2026-09-22,PatternB,Call,23400.0000,1,09:46:24.000,09:46:24.000,09:50:11.000,945.8500,3.9145907473309608540925266900,5.3380782918149466192170818500,227
0,Baseline,24,2026-09-21,2026-09-22,PatternA,Put,23400.0000,1,09:50:11.000,09:50:11.000,09:51:10.000,392.6000,1.4393420150788211103495544900,1.5764222069910897875257025400,59
0,Baseline,25,2026-09-21,2026-09-22,PatternB,Call,23400.0000,1,09:51:10.000,09:51:10.000,09:54:28.000,-1165.6900,3.7245256500351370344342937500,3.0920590302178496134926212200,198
0,Baseline,26,2026-09-21,2026-09-22,PatternA,Put,23400.0000,1,09:54:28.000,09:54:28.000,09:55:33.000,554.1200,1.1984021304926764314247669800,2.6631158455392809587217043900,65
0,Baseline,27,2026-09-21,2026-09-22,PatternB,Call,23400.0000,1,09:55:33.000,09:55:33.000,10:01:28.000,-1327.0000,4.3097151205259313367421475500,6.2819576333089846603360116900,355
0,Baseline,28,2026-09-21,2026-09-22,PatternA,Put,23400.0000,1,10:01:28.000,10:01:28.000,10:05:12.000,2339.2300,1.8530351437699680511182108600,9.265175718849840255591054310,224
0,Baseline,29,2026-09-21,2026-09-22,PatternB,Call,23400.0000,1,10:05:12.000,10:05:12.000,10:08:01.000,-1454.6000,5.5776892430278884462151394400,1.8326693227091633466135458200,169
0,Baseline,30,2026-09-21,2026-09-22,PatternA,Put,23400.0000,1,10:08:01.000,10:08:01.000,10:08:30.000,-34.4900,0.4711425206124852767962308600,1.2367491166077738515901060100,29
0,Baseline,31,2026-09-21,2026-09-22,PatternB,Call,23400.0000,1,10:08:30.000,10:08:30.000,10:13:23.000,202.6800,0.4938271604938271604938271600,9.629629629629629629629629630,293
0,Baseline,32,2026-09-21,2026-09-22,PatternA,Put,23400.0000,1,10:13:23.000,10:13:23.000,10:16:24.000,1395.2000,0.8388256440982624325943678800,6.4110245656081485919712402600,181
0,Baseline,33,2026-09-21,2026-09-22,PatternB,Call,23400.0000,1,10:16:24.000,10:16:24.000,10:17:54.000,-1258.1000,3.3191489361702127659574468100,3.3191489361702127659574468100,90
0,Baseline,34,2026-09-21,2026-09-22,PatternA,Put,23400.0000,1,10:17:54.000,10:17:54.000,10:22:03.000,-360.2800,5.1516886090440755580995993100,0.9158557527189467658843732100,249
0,Baseline,35,2026-09-21,2026-09-22,PatternB,Call,23400.0000,1,10:22:03.000,10:22:03.000,10:22:11.000,-55.9200,0.6065857885615251299826689800,0.6065857885615251299826689800,8
0,Baseline,36,2026-09-21,2026-09-22,PatternA,Put,23400.0000,1,10:22:11.000,10:22:11.000,10:23:18.000,-327.6600,2.5287356321839080459770114900,0.0574712643678160919540229900,67
0,Baseline,37,2026-09-21,2026-09-22,PatternB,Call,23400.0000,1,10:23:18.000,10:23:18.000,10:25:16.000,-705.6000,2.5043177892918825561312607900,3.9723661485319516407599309200,118
0,Baseline,38,2026-09-21,2026-09-22,PatternA,Put,23400.0000,1,10:25:16.000,10:25:16.000,10:27:01.000,191.7100,1.4245014245014245014245014200,1.9373219373219373219373219400,105
0,Baseline,39,2026-09-21,2026-09-22,PatternB,Call,23400.0000,1,10:27:01.000,10:27:01.000,10:30:36.000,171.9000,3.7135278514588859416445623300,3.0061892130857648099027409400,215
0,Baseline,40,2026-09-21,2026-09-22,PatternA,Put,23400.0000,1,10:30:36.000,10:30:36.000,10:32:28.000,127.0800,3.2202415181138585393904542800,0.7475560667050028752156411700,112
0,Baseline,41,2026-09-21,2026-09-22,PatternB,Call,23400.0000,1,10:32:28.000,10:32:28.000,10:34:10.000,-1517.0400,4.0671971706454465075154730300,0.8841732979664014146772767500,102
0,Baseline,42,2026-09-21,2026-09-22,PatternA,Put,23400.0000,1,10:34:10.000,10:34:10.000,10:38:56.000,-1400.8500,3.9845047039291643608190370800,1.0514665190924183729939125600,286
0,Baseline,43,2026-09-21,2026-09-22,PatternB,Call,23400.0000,1,10:38:56.000,10:38:56.000,10:39:30.000,-899.2800,2.4567788898999090081892629700,0.4549590536851683348498635100,34
0,Baseline,44,2026-09-21,2026-09-22,PatternA,Put,23400.0000,1,10:39:30.000,10:39:30.000,10:52:01.000,-7377.0900,13.842746400885935769656699890,0.6644518272425249169435215900,751
0,Baseline,45,2026-09-21,2026-09-22,PatternB,Call,23400.0000,1,10:52:01.000,10:52:01.000,11:00:58.000,-739.7800,4.267310789049919484702093400,2.8985507246376811594202898600,537
0,Baseline,46,2026-09-21,2026-09-22,PatternA,Put,23400.0000,1,11:00:58.000,11:00:58.000,11:03:10.000,-681.7900,2.7760252365930599369085173500,0.8201892744479495268138801300,132
0,Baseline,47,2026-09-21,2026-09-22,PatternB,Call,23400.0000,1,11:03:10.000,11:03:10.000,11:03:24.000,-187.5500,0.6462035541195476575121163200,0.0807754442649434571890145400,14
0,Baseline,48,2026-09-21,2026-09-22,PatternA,Put,23400.0000,1,11:03:24.000,11:03:24.000,11:03:53.000,-843.8800,2.7388535031847133757961783400,0.1910828025477707006369426800,29
0,Baseline,49,2026-09-21,2026-09-22,PatternB,Call,23400.0000,1,11:03:53.000,11:03:53.000,11:05:25.000,364.2600,0.2390438247011952191235059800,2.9482071713147410358565737100,92
0,Baseline,50,2026-09-21,2026-09-22,PatternA,Put,23400.0000,1,11:05:25.000,11:05:25.000,11:09:02.000,-2402.2000,5.7328990228013029315960912100,1.6286644951140065146579804600,217
0,Baseline,51,2026-09-21,2026-09-22,PatternB,Call,23400.0000,1,11:09:02.000,11:09:02.000,11:12:53.000,818.0000,1.3814274750575594781273983100,4.0675364543361473522640061400,231
0,Baseline,52,2026-09-21,2026-09-22,PatternA,Put,23400.0000,1,11:12:53.000,11:12:53.000,11:20:13.000,1757.2500,2.3012552301255230125523012600,7.0432357043235704323570432400,440
0,Baseline,53,2026-09-21,2026-09-22,PatternB,Call,23400.0000,1,11:20:13.000,11:20:13.000,11:27:38.000,526.4400,2.2906793048973143759873617700,5.0552922590837282780410742500,445
0,Baseline,54,2026-09-21,2026-09-22,PatternA,Put,23400.0000,1,11:27:38.000,11:27:38.000,11:28:13.000,-354.5500,3.0716723549488054607508532400,0.2047781569965870307167235500,35
0,Baseline,55,2026-09-21,2026-09-22,PatternB,Call,23400.0000,1,11:28:13.000,11:28:13.000,11:36:12.000,1077.9400,0.4622496147919876733436055500,9.013867488443759630200308170,479
0,Baseline,56,2026-09-21,2026-09-22,PatternA,Put,23400.0000,1,11:36:12.000,11:36:12.000,11:37:49.000,296.6000,1.4409221902017291066282420700,1.3688760806916426512968299700,97
0,Baseline,57,2026-09-21,2026-09-22,PatternB,Call,23400.0000,1,11:37:49.000,11:37:49.000,11:38:08.000,-676.9300,1.9316493313521545319465081700,0,19
0,Baseline,58,2026-09-21,2026-09-22,PatternA,Put,23400.0000,1,11:38:08.000,11:38:08.000,11:51:27.000,-548.1900,3.6324786324786324786324786300,2.9914529914529914529914529900,799
0,Baseline,59,2026-09-21,2026-09-22,PatternB,Call,23400.0000,1,11:51:27.000,11:51:27.000,11:54:38.000,3870.0800,0.9608277900960827790096082800,11.529933481152993348115299330,191
0,Baseline,60,2026-09-21,2026-09-22,PatternA,Put,23400.0000,1,11:54:38.000,11:54:38.000,11:54:49.000,-577.9900,1.7295597484276729559748427700,0,11
0,Baseline,61,2026-09-21,2026-09-22,PatternB,Call,23400.0000,1,11:54:49.000,11:54:49.000,11:54:56.000,261.7700,0.0664893617021276595744680900,0.9308510638297872340425531900,7
0,Baseline,62,2026-09-21,2026-09-22,PatternA,Put,23450.0000,1,11:54:56.000,11:54:56.000,11:56:03.000,-1107.5600,1.9897669130187606594656054600,1.4781125639567936327458783400,67
0,Baseline,63,2026-09-21,2026-09-22,PatternB,Call,23450.0000,1,11:56:03.000,11:56:03.000,11:59:16.000,628.5300,0.8678881388621022179363548700,6.7502410800385728061716489900,193
0,Baseline,64,2026-09-21,2026-09-22,PatternA,Put,23450.0000,1,11:59:16.000,11:59:16.000,12:00:12.000,-521.6900,1.0011778563015312131919905800,1.5901060070671378091872791500,56
0,Baseline,65,2026-09-21,2026-09-22,PatternB,Call,23450.0000,1,12:00:12.000,12:00:12.000,12:01:31.000,-866.2300,2.8011204481792717086834733900,3.3613445378151260504201680700,79
0,Baseline,66,2026-09-21,2026-09-22,PatternA,Put,23450.0000,1,12:01:31.000,12:01:31.000,12:04:31.000,647.3600,0.8191925102399063779988297200,3.5693387946167349327091866600,180
0,Baseline,67,2026-09-21,2026-09-22,PatternB,Call,23400.0000,1,12:04:31.000,12:04:31.000,12:06:50.000,585.9100,1.757812500,2.148437500,139
0,Baseline,68,2026-09-21,2026-09-22,PatternA,Put,23450.0000,1,12:06:50.000,12:06:50.000,12:10:29.000,1783.9200,0,4.1279069767441860465116279100,219
0,Baseline,69,2026-09-21,2026-09-22,PatternB,Call,23400.0000,1,12:10:29.000,12:10:29.000,12:10:45.000,-224.9200,1.014198782961460446247464500,0,16
0,Baseline,70,2026-09-21,2026-09-22,PatternA,Put,23400.0000,1,12:10:45.000,12:10:45.000,12:13:48.000,-967.7500,3.1446540880503144654088050300,0.5503144654088050314465408800,183
0,Baseline,71,2026-09-21,2026-09-22,PatternB,Call,23450.0000,1,12:13:48.000,12:13:48.000,12:17:58.000,-117.8300,0.3984063745019920318725099600,3.8844621513944223107569721100,250
0,Baseline,72,2026-09-21,2026-09-22,PatternA,Put,23450.0000,1,12:17:58.000,12:17:58.000,12:21:40.000,-1757.0500,3.4777651083238312428734321600,1.3112884834663625997719498300,222
0,Baseline,73,2026-09-21,2026-09-22,PatternB,Call,23450.0000,1,12:21:40.000,12:21:40.000,12:22:17.000,-346.0000,2.2988505747126436781609195400,0.0957854406130268199233716500,37
0,Baseline,74,2026-09-21,2026-09-22,PatternA,Put,23450.0000,1,12:22:17.000,12:22:17.000,12:33:11.000,776.9900,2.6117237376668601276842716200,3.9466047591410330818340104500,654
0,Baseline,75,2026-09-21,2026-09-22,PatternB,Call,23400.0000,1,12:33:11.000,12:33:11.000,12:45:54.000,-972.3000,7.7540106951871657754010695200,1.7379679144385026737967914400,763
0,Baseline,76,2026-09-21,2026-09-22,PatternA,Put,23400.0000,1,12:45:54.000,12:45:54.000,12:46:44.000,-772.1400,2.2653721682847896440129449800,0.0809061488673139158576051800,50
0,Baseline,77,2026-09-21,2026-09-22,PatternB,Call,23400.0000,1,12:46:43.000,12:46:43.000,12:50:02.000,-1979.0500,4.9664429530201342281879194600,0.268456375838926174496644300,199
0,Baseline,78,2026-09-21,2026-09-22,PatternA,Put,23400.0000,1,12:50:02.000,12:50:02.000,12:52:53.000,428.9800,2.0520915548539857932123125500,1.2628255722178374112075769500,171
0,Baseline,79,2026-09-21,2026-09-22,PatternB,Call,23400.0000,1,12:52:53.000,12:52:53.000,13:03:57.000,-710.5500,2.5677603423680456490727532100,5.278174037089871611982881600,664
0,Baseline,80,2026-09-21,2026-09-22,PatternA,Put,23400.0000,1,13:03:57.000,13:03:57.000,13:05:43.000,-448.5000,1.6241299303944315545243619500,2.861562258313998453209590100,106
0,Baseline,81,2026-09-21,2026-09-22,PatternB,Call,23400.0000,1,13:05:43.000,13:05:43.000,13:06:59.000,-677.7500,2.6695526695526695526695526700,0.2886002886002886002886002900,76
0,Baseline,82,2026-09-21,2026-09-22,PatternA,Put,23400.0000,1,13:06:59.000,13:06:59.000,13:09:06.000,753.0000,0.6896551724137931034482758600,3.6781609195402298850574712600,127
0,Baseline,83,2026-09-21,2026-09-22,PatternB,Call,23400.0000,1,13:09:06.000,13:09:06.000,13:10:27.000,-1488.8500,4.6199701937406855439642324900,0.3725782414307004470938897200,81
0,Baseline,84,2026-09-21,2026-09-22,PatternA,Put,23400.0000,1,13:10:27.000,13:10:27.000,13:12:52.000,-222.4400,2.210759027266028002947678700,2.210759027266028002947678700,145
0,Baseline,85,2026-09-21,2026-09-22,PatternB,Call,23400.0000,1,13:12:52.000,13:12:52.000,13:21:01.000,7216.5800,0.69284064665127020785219400,19.091608929946112394149345650,489
0,Baseline,86,2026-09-21,2026-09-22,PatternA,Put,23450.0000,1,13:21:01.000,13:21:01.000,13:22:13.000,-1624.4900,3.3251231527093596059113300500,2.83251231527093596059113300,72
0,Baseline,87,2026-09-21,2026-09-22,PatternB,Call,23450.0000,1,13:22:13.000,13:22:13.000,13:24:00.000,-735.7600,3.6398467432950191570881226100,0.7662835249042145593869731800,107
0,Baseline,88,2026-09-21,2026-09-22,PatternA,Put,23450.0000,1,13:24:00.000,13:24:00.000,13:27:14.000,-1136.9100,2.4922118380062305295950155800,2.9906542056074766355140186900,194
0,Baseline,89,2026-09-21,2026-09-22,PatternB,Call,23450.0000,1,13:27:14.000,13:27:14.000,13:28:35.000,-248.5000,1.4409221902017291066282420700,1.8251681075888568683957732900,81
0,Baseline,90,2026-09-21,2026-09-22,PatternA,Put,23450.0000,1,13:28:35.000,13:28:35.000,13:34:59.000,-2435.5500,6.0836501901140684410646387800,2.0912547528517110266159695800,384
0,Baseline,91,2026-09-21,2026-09-22,PatternB,Call,23450.0000,1,13:34:59.000,13:34:59.000,13:36:26.000,-22.0000,1.1080332409972299168975069300,2.40073868882733148661126500,87
0,Baseline,92,2026-09-21,2026-09-22,PatternA,Put,23450.0000,1,13:36:26.000,13:36:26.000,13:36:53.000,488.9000,1.5841584158415841584158415800,1.0561056105610561056105610600,27
0,Baseline,93,2026-09-21,2026-09-22,PatternB,Call,23450.0000,1,13:36:53.000,13:36:53.000,13:37:06.000,108.3900,1.4150943396226415094339622600,0.8490566037735849056603773600,13
0,Baseline,94,2026-09-21,2026-09-22,PatternA,Put,23450.0000,1,13:37:06.000,13:37:06.000,13:40:07.000,98.8400,1.9607843137254901960784313700,1.2418300653594771241830065400,181
0,Baseline,95,2026-09-21,2026-09-22,PatternB,Call,23450.0000,1,13:40:07.000,13:40:07.000,13:42:03.000,-1450.6400,5.5660377358490566037735849100,0,116
0,Baseline,96,2026-09-21,2026-09-22,PatternA,Put,23450.0000,1,13:42:03.000,13:42:03.000,13:42:45.000,162.8900,2.095238095238095238095238100,0.6349206349206349206349206300,42
0,Baseline,97,2026-09-21,2026-09-22,PatternB,Call,23450.0000,1,13:42:45.000,13:42:45.000,13:51:52.000,2610.3000,3.1620553359683794466403162100,12.154150197628458498023715420,547
0,Baseline,98,2026-09-21,2026-09-22,PatternA,Put,23450.0000,1,13:51:52.000,13:51:52.000,13:52:06.000,-225.3500,0.400,0.8666666666666666666666666700,14
0,Baseline,99,2026-09-21,2026-09-22,PatternB,Call,23450.0000,1,13:52:06.000,13:52:06.000,13:53:51.000,-282.1400,0.8196721311475409836065573800,2.9143897996357012750455373400,105
0,Baseline,100,2026-09-21,2026-09-22,PatternA,Put,23450.0000,1,13:53:51.000,13:53:51.000,13:56:32.000,-1296.9500,3.1564808596373404969778374700,1.5446608462055070517125587600,161
0,Baseline,101,2026-09-21,2026-09-22,PatternB,Call,23450.0000,1,13:56:32.000,13:56:32.000,13:56:45.000,-315.0500,1.0723860589812332439678284200,0.3574620196604110813226094700,13
0,Baseline,102,2026-09-21,2026-09-22,PatternA,Put,23450.0000,1,13:56:45.000,13:56:45.000,13:57:34.000,-2855.5300,6.6802999318336741649625085200,0,49
0,Baseline,103,2026-09-21,2026-09-22,PatternB,Call,23450.0000,1,13:57:34.000,13:57:34.000,13:58:20.000,4652.6600,0,14.143094841930116472545757070,46
0,Baseline,104,2026-09-21,2026-09-22,PatternA,Put,23450.0000,1,13:58:20.000,13:58:20.000,13:59:06.000,-383.9500,1.2185833968012185833968012200,3.2749428789032749428789032700,46
0,Baseline,105,2026-09-21,2026-09-22,PatternB,Call,23450.0000,1,13:59:06.000,13:59:06.000,14:03:03.000,1402.0100,0.8245877061469265367316341800,14.092953523238380809595202400,237
0,Baseline,106,2026-09-21,2026-09-22,PatternA,Put,23450.0000,1,14:03:03.000,14:03:03.000,14:07:33.000,-90.5100,2.5437201907790143084260731300,4.1335453100158982511923688400,270
0,Baseline,107,2026-09-21,2026-09-22,PatternB,Call,23450.0000,1,14:07:33.000,14:07:33.000,14:22:56.000,-2366.1400,9.492273730684326710816777040,2.1339220014716703458425312700,923
0,Baseline,108,2026-09-21,2026-09-22,PatternA,Put,23450.0000,1,14:22:56.000,14:22:56.000,14:23:04.000,-58.4600,0.1563721657544956997654417500,0.312744331508991399530883500,8
0,Baseline,109,2026-09-21,2026-09-22,PatternB,Call,23450.0000,1,14:23:04.000,14:23:04.000,14:25:47.000,233.5900,0,2.7089783281733746130030959800,163
0,Baseline,110,2026-09-21,2026-09-22,PatternA,Put,23450.0000,1,14:25:47.000,14:25:47.000,14:27:19.000,-708.0700,3.04687500,1.32812500,92
0,Baseline,111,2026-09-21,2026-09-22,PatternB,Call,23450.0000,1,14:27:19.000,14:27:19.000,14:28:26.000,-384.2700,1.2791572610985703536493604200,2.2573363431151241534988713300,67
0,Baseline,112,2026-09-21,2026-09-22,PatternA,Put,23450.0000,1,14:28:26.000,14:28:26.000,14:30:08.000,1760.6300,0.3943217665615141955835962100,4.8895899053627760252365930600,102
0,Baseline,113,2026-09-21,2026-09-22,PatternB,Call,23450.0000,1,14:30:08.000,14:30:08.000,14:32:47.000,-1259.3800,4.4426494345718901453957996800,0.7269789983844911147011308600,159
0,Baseline,114,2026-09-21,2026-09-22,PatternA,Put,23450.0000,1,14:32:47.000,14:32:47.000,14:32:55.000,-612.1200,1.4781966001478196600147819700,0,8
0,Baseline,115,2026-09-21,2026-09-22,PatternB,Call,23450.0000,1,14:32:55.000,14:32:55.000,14:34:28.000,-219.7800,2.0391517128874388254486133800,1.0603588907014681892332789600,93
0,Baseline,116,2026-09-21,2026-09-22,PatternA,Put,23450.0000,1,14:34:28.000,14:34:28.000,14:38:14.000,-1098.8700,3.3809166040570999248685199100,2.7798647633358377160030052600,226
0,Baseline,117,2026-09-21,2026-09-22,PatternB,Call,23450.0000,1,14:38:14.000,14:38:14.000,14:42:02.000,-512.5700,1.521216973578863090472377900,3.8430744595676541232986389100,228
0,Baseline,118,2026-09-21,2026-09-22,PatternA,Put,23450.0000,1,14:42:02.000,14:42:02.000,14:48:39.000,-903.3400,3.3102386451116243264049268700,2.3864511162432640492686682100,397
0,Baseline,119,2026-09-21,2026-09-22,PatternB,Call,23450.0000,1,14:48:39.000,14:48:39.000,14:53:09.000,-1000.2300,4.0880503144654088050314465400,1.6509433962264150943396226400,270
0,Baseline,120,2026-09-21,2026-09-22,PatternA,Put,23450.0000,1,14:53:09.000,14:53:09.000,15:05:36.000,980.4600,3.4615384615384615384615384600,6.6923076923076923076923076900,747
0,Baseline,0,2026-09-22,2026-09-22,PatternA,Put,23450.0000,0,09:15:17.000,09:15:17.000,09:15:43.000,2678.5100,0.3521126760563380281690140800,15.610328638497652582159624410,26
0,Baseline,1,2026-09-22,2026-09-22,PatternB,Call,23450.0000,0,09:15:43.000,09:15:43.000,09:16:25.000,-1028.9900,6.0606060606060606060606060600,2.2038567493112947658402203900,42
0,Baseline,2,2026-09-22,2026-09-22,PatternA,Put,23450.0000,0,09:16:25.000,09:16:25.000,09:16:32.000,-930.1500,5.4901960784313725490196078400,0,7
0,Baseline,3,2026-09-22,2026-09-22,PatternB,Call,23450.0000,0,09:16:32.000,09:16:32.000,09:17:10.000,-3951.7000,12.288930581613508442776735460,1.7823639774859287054409005600,38
0,Baseline,4,2026-09-22,2026-09-22,PatternA,Put,23450.0000,0,09:17:10.000,09:17:10.000,09:18:31.000,-4669.0300,13.466334164588528678304239400,3.8237738985868661679135494600,81
0,Baseline,5,2026-09-22,2026-09-22,PatternB,Call,23450.0000,0,09:18:31.000,09:18:31.000,09:20:01.000,-2098.6900,7.0121951219512195121951219500,5.5894308943089430894308943100,90
0,Baseline,6,2026-09-22,2026-09-22,PatternA,Put,23450.0000,0,09:20:01.000,09:20:01.000,09:22:42.000,-2230.6800,8.195211786372007366482504600,9.944751381215469613259668510,161
0,Baseline,7,2026-09-22,2026-09-22,PatternB,Call,23450.0000,0,09:22:42.000,09:22:42.000,09:22:46.000,45.6400,0.6309148264984227129337539400,0.2103049421661409043112513100,4
0,Baseline,8,2026-09-22,2026-09-22,PatternA,Put,23450.0000,0,09:22:46.000,09:22:46.000,09:24:34.000,-897.5700,4.5320197044334975369458128100,8.374384236453201970443349750,108
0,Baseline,9,2026-09-22,2026-09-22,PatternB,Call,23450.0000,0,09:24:34.000,09:24:34.000,09:25:02.000,-1253.5500,4.1009463722397476340694006300,0.1051524710830704521556256600,28
0,Baseline,10,2026-09-22,2026-09-22,PatternA,Put,23450.0000,0,09:25:02.000,09:25:02.000,09:25:57.000,1635.4600,0,6.2862669245647969052224371400,55
0,Baseline,11,2026-09-22,2026-09-22,PatternB,Call,23450.0000,0,09:25:57.000,09:25:57.000,09:26:07.000,-310.0500,1.3745704467353951890034364300,0.5727376861397479954180985100,10
0,Baseline,12,2026-09-22,2026-09-22,PatternA,Put,23450.0000,0,09:26:07.000,09:26:07.000,09:26:56.000,757.0700,0,4.1628959276018099547511312200,49
0,Baseline,13,2026-09-22,2026-09-22,PatternB,Call,23450.0000,0,09:26:56.000,09:26:56.000,09:27:15.000,-1511.2500,5.4373522458628841607565011800,0,19
0,Baseline,14,2026-09-22,2026-09-22,PatternA,Put,23450.0000,0,09:27:15.000,09:27:15.000,09:28:21.000,-2557.8500,9.393183707398171238570241060,0.3325020781379883624272651700,66
0,Baseline,15,2026-09-22,2026-09-22,PatternB,Call,23450.0000,0,09:28:21.000,09:28:21.000,09:30:51.000,2451.7400,0,18.833535844471445929526123940,150
0,Baseline,16,2026-09-22,2026-09-22,PatternA,Put,23450.0000,0,09:30:51.000,09:30:51.000,09:31:11.000,-572.8100,4.8180924287118977384464110100,1.5732546705998033431661750200,20
0,Baseline,17,2026-09-22,2026-09-22,PatternB,Call,23450.0000,0,09:31:11.000,09:31:11.000,09:32:45.000,-1122.7500,4.6255506607929515418502202600,4.4052863436123348017621145400,94
0,Baseline,18,2026-09-22,2026-09-22,PatternA,Put,23450.0000,0,09:32:45.000,09:32:45.000,09:32:54.000,-53.5200,1.4478764478764478764478764500,0.7722007722007722007722007700,9
0,Baseline,19,2026-09-22,2026-09-22,PatternB,Call,23450.0000,0,09:32:54.000,09:32:54.000,09:36:04.000,-2356.3500,9.236031927023945267958950970,0,190
0,Baseline,20,2026-09-22,2026-09-22,PatternA,Put,23450.0000,0,09:36:04.000,09:36:04.000,09:36:21.000,-867.0800,2.6055705300988319856244384500,0.1796945193171608265947888600,17
0,Baseline,21,2026-09-22,2026-09-22,PatternB,Call,23450.0000,0,09:36:21.000,09:36:21.000,09:39:21.000,2581.6200,2.303030303030303030303030300,13.939393939393939393939393940,180
0,Baseline,22,2026-09-22,2026-09-22,PatternA,Put,23450.0000,0,09:39:21.000,09:39:21.000,09:39:34.000,-1481.2300,4.8603929679420889348500517100,0,13
0,Baseline,23,2026-09-22,2026-09-22,PatternB,Call,23450.0000,0,09:39:34.000,09:39:34.000,09:40:07.000,-1350.8200,4.8780487804878048780487804900,1.2725344644750795334040296900,33
0,Baseline,24,2026-09-22,2026-09-22,PatternA,Put,23450.0000,0,09:40:07.000,09:40:07.000,09:41:05.000,-1968.6100,6.8647540983606557377049180300,1.0245901639344262295081967200,58
0,Baseline,25,2026-09-22,2026-09-22,PatternB,Call,23450.0000,0,09:41:05.000,09:41:05.000,09:41:43.000,857.8200,0,4.0339702760084925690021231400,38
0,Baseline,26,2026-09-22,2026-09-22,PatternA,Put,23450.0000,0,09:41:43.000,09:41:43.000,09:44:04.000,-180.1900,6.8493150684931506849315068500,2.2831050228310502283105022800,141
0,Baseline,27,2026-09-22,2026-09-22,PatternB,Call,23450.0000,0,09:44:04.000,09:44:04.000,09:44:12.000,-376.8400,1.3499480789200415368639667700,0,8
0,Baseline,28,2026-09-22,2026-09-22,PatternA,Put,23450.0000,0,09:44:12.000,09:44:12.000,09:45:25.000,-797.3100,7.5342465753424657534246575300,2.1689497716894977168949771700,73
0,Baseline,29,2026-09-22,2026-09-22,PatternB,Call,23450.0000,0,09:45:25.000,09:45:25.000,09:45:44.000,-929.4200,3.5569105691056910569105691100,0,19
0,Baseline,30,2026-09-22,2026-09-22,PatternA,Put,23450.0000,0,09:45:44.000,09:45:44.000,09:46:47.000,-862.2900,3.5347776510832383124287343200,1.1402508551881413911060433300,63
0,Baseline,31,2026-09-22,2026-09-22,PatternB,Call,23450.0000,0,09:46:47.000,09:46:47.000,09:47:27.000,402.4100,0.1024590163934426229508196700,2.9713114754098360655737704900,40
0,Baseline,32,2026-09-22,2026-09-22,PatternA,Put,23450.0000,0,09:47:27.000,09:47:27.000,09:47:38.000,-146.9400,1.0739856801909307875894988100,0.5966587112171837708830548900,11
0,Baseline,33,2026-09-22,2026-09-22,PatternB,Call,23450.0000,0,09:47:38.000,09:47:38.000,09:47:47.000,-344.9900,2.6156941649899396378269617700,0,9
0,Baseline,34,2026-09-22,2026-09-22,PatternA,Put,23450.0000,0,09:47:47.000,09:47:47.000,09:48:18.000,-1446.2500,6.2796208530805687203791469200,0,31
0,Baseline,35,2026-09-22,2026-09-22,PatternB,Call,23450.0000,0,09:48:18.000,09:48:18.000,09:48:53.000,-2131.9600,7.3313782991202346041055718500,0.8797653958944281524926686200,35
0,Baseline,36,2026-09-22,2026-09-22,PatternA,Put,23450.0000,0,09:48:53.000,09:48:53.000,09:50:24.000,-1056.8400,4.4134727061556329849012775800,3.8327526132404181184668989500,91
0,Baseline,37,2026-09-22,2026-09-22,PatternB,Call,23450.0000,0,09:50:24.000,09:50:24.000,09:52:01.000,-2975.6400,9.756097560975609756097560980,1.524390243902439024390243900,97
0,Baseline,38,2026-09-22,2026-09-22,PatternA,Put,23450.0000,0,09:52:01.000,09:52:01.000,09:53:32.000,-1674.6200,9.060402684563758389261744970,1.0067114093959731543624161100,91
0,Baseline,39,2026-09-22,2026-09-22,PatternB,Call,23450.0000,0,09:53:32.000,09:53:32.000,09:53:47.000,403.1400,0,2.1276595744680851063829787200,15
0,Baseline,40,2026-09-22,2026-09-22,PatternA,Put,23450.0000,0,09:53:47.000,09:53:47.000,09:54:13.000,-958.9500,4.0524433849821215733015494600,0,26
0,Baseline,41,2026-09-22,2026-09-22,PatternB,Call,23450.0000,0,09:54:13.000,09:54:13.000,09:54:59.000,-929.3600,3.8735983690112130479102956200,0.5096839959225280326197757400,46
0,Baseline,42,2026-09-22,2026-09-22,PatternA,Put,23450.0000,0,09:54:59.000,09:54:59.000,09:55:30.000,632.4700,2.4911032028469750889679715300,4.2704626334519572953736654800,31
0,Baseline,43,2026-09-22,2026-09-22,PatternB,Call,23450.0000,0,09:55:30.000,09:55:30.000,09:55:35.000,-473.4800,2.2727272727272727272727272700,0,5
0,Baseline,44,2026-09-22,2026-09-22,PatternA,Put,23450.0000,0,09:55:35.000,09:55:35.000,09:56:12.000,-894.7500,3.196347031963470319634703200,0.6849315068493150684931506800,37
0,Baseline,45,2026-09-22,2026-09-22,PatternB,Call,23450.0000,0,09:56:12.000,09:56:12.000,10:01:56.000,1117.8800,5.8002148227712137486573576800,8.592910848549946294307196560,344
0,Baseline,46,2026-09-22,2026-09-22,PatternA,Put,23450.0000,0,10:01:56.000,10:01:56.000,10:04:18.000,-925.8400,3.7128712871287128712871287100,5.6930693069306930693069306900,142
0,Baseline,47,2026-09-22,2026-09-22,PatternB,Call,23450.0000,0,10:04:18.000,10:04:18.000,10:06:26.000,-539.3600,2.2703818369453044375644994800,2.0639834881320949432404540800,128
0,Baseline,48,2026-09-22,2026-09-22,PatternA,Put,23450.0000,0,10:06:26.000,10:06:26.000,10:08:09.000,-536.0100,3.6069651741293532338308457700,4.6019900497512437810945273600,103
0,Baseline,49,2026-09-22,2026-09-22,PatternB,Call,23450.0000,0,10:08:09.000,10:08:09.000,10:09:04.000,1312.1700,0,5.2083333333333333333333333300,55
0,Baseline,50,2026-09-22,2026-09-22,PatternA,Put,23450.0000,0,10:09:04.000,10:09:04.000,10:09:09.000,-437.4900,1.997336884154460719041278300,0,5
0,Baseline,51,2026-09-22,2026-09-22,PatternB,Call,23450.0000,0,10:09:09.000,10:09:09.000,10:09:50.000,206.7400,0.2955665024630541871921182300,3.4482758620689655172413793100,41
0,Baseline,52,2026-09-22,2026-09-22,PatternA,Put,23450.0000,0,10:09:50.000,10:09:50.000,10:11:46.000,-307.2300,3.1335149863760217983651226200,4.63215258855585831062670300,116
0,Baseline,53,2026-09-22,2026-09-22,PatternB,Call,23450.0000,0,10:11:46.000,10:11:46.000,10:11:49.000,-702.8300,2.5440313111545988258317025400,0,3
0,Baseline,54,2026-09-22,2026-09-22,PatternA,Put,23450.0000,0,10:11:49.000,10:11:49.000,10:14:32.000,147.3100,2.1534320323014804845222072700,5.9219380888290713324360699900,163
0,Baseline,55,2026-09-22,2026-09-22,PatternB,Call,23450.0000,0,10:14:32.000,10:14:32.000,10:15:45.000,-474.6600,3.5641547861507128309572301400,0.5091649694501018329938900200,73
0,Baseline,56,2026-09-22,2026-09-22,PatternA,Put,23450.0000,0,10:15:45.000,10:15:45.000,10:19:08.000,146.8800,0.5235602094240837696335078500,6.1518324607329842931937172800,203
0,Baseline,57,2026-09-22,2026-09-22,PatternB,Call,23450.0000,0,10:19:08.000,10:19:08.000,10:20:45.000,-1383.3200,4.4491525423728813559322033900,1.483050847457627118644067800,97
0,Baseline,58,2026-09-22,2026-09-22,PatternA,Put,23450.0000,0,10:20:45.000,10:20:45.000,10:21:37.000,795.5000,0,5.6650246305418719211822660100,52
0,Baseline,59,2026-09-22,2026-09-22,PatternB,Call,23450.0000,0,10:21:37.000,10:21:37.000,10:22:03.000,-2031.5100,8.00,0.800,26
0,Baseline,60,2026-09-22,2026-09-22,PatternA,Put,23450.0000,0,10:22:03.000,10:22:03.000,10:23:44.000,176.6600,0.2229654403567447045707915300,10.033444816053511705685618730,101
0,Baseline,61,2026-09-22,2026-09-22,PatternB,Call,23450.0000,0,10:23:44.000,10:23:44.000,10:25:57.000,-1542.6300,5.9343434343434343434343434300,0.7575757575757575757575757600,133
0,Baseline,62,2026-09-22,2026-09-22,PatternA,Put,23450.0000,0,10:25:57.000,10:25:57.000,10:27:55.000,-1026.8800,3.1472081218274111675126903600,4.162436548223350253807106600,118
0,Baseline,63,2026-09-22,2026-09-22,PatternB,Call,23450.0000,0,10:27:55.000,10:27:55.000,10:29:47.000,49.7200,3.4666666666666666666666666700,3.7333333333333333333333333300,112
0,Baseline,64,2026-09-22,2026-09-22,PatternA,Put,23450.0000,0,10:29:47.000,10:29:47.000,10:30:40.000,2676.2900,0.2081165452653485952133194600,9.157127991675338189386056190,53
0,Baseline,65,2026-09-22,2026-09-22,PatternB,Call,23450.0000,0,10:30:40.000,10:30:40.000,10:31:37.000,-2190.2600,11.798561151079136690647482010,0,57
0,Baseline,66,2026-09-22,2026-09-22,PatternA,Put,23450.0000,0,10:31:37.000,10:31:37.000,10:31:39.000,-23.5600,0.0862068965517241379310344800,0,2
0,Baseline,67,2026-09-22,2026-09-22,PatternB,Call,23450.0000,0,10:31:39.000,10:31:39.000,10:32:45.000,-370.0500,2.2257551669316375198728139900,3.3386327503974562798092209900,66
0,Baseline,68,2026-09-22,2026-09-22,PatternA,Put,23450.0000,0,10:32:45.000,10:32:45.000,10:34:12.000,2314.6700,0.7659574468085106382978723400,9.787234042553191489361702130,87
0,Baseline,69,2026-09-22,2026-09-22,PatternB,Call,23400.0000,0,10:34:12.000,10:34:12.000,10:39:17.000,-3140.5800,9.648331830477908025247971150,4.4183949504057709648331830500,305
0,Baseline,70,2026-09-22,2026-09-22,PatternA,Put,23400.0000,0,10:39:17.000,10:39:17.000,10:39:26.000,1054.4800,1.87353629976580796252927400,3.9812646370023419203747072600,9
0,Baseline,71,2026-09-22,2026-09-22,PatternB,Call,23400.0000,0,10:39:26.000,10:39:26.000,10:40:29.000,1116.6200,1.309164149043303121852970800,6.2437059415911379657603222600,63
0,Baseline,72,2026-09-22,2026-09-22,PatternA,Put,23400.0000,0,10:40:29.000,10:40:29.000,10:40:50.000,535.1900,0.3592814371257485029940119800,3.3532934131736526946107784400,21
0,Baseline,73,2026-09-22,2026-09-22,PatternB,Call,23400.0000,0,10:40:50.000,10:40:50.000,10:41:27.000,-670.3900,3.12500,0.976562500,37
0,Baseline,74,2026-09-22,2026-09-22,PatternA,Put,23400.0000,0,10:41:27.000,10:41:27.000,10:42:31.000,15150.3200,0.1148105625717566016073478800,59.127439724454649827784156140,64
0,Baseline,75,2026-09-22,2026-09-22,PatternB,Call,23400.0000,0,10:42:31.000,10:42:31.000,10:44:23.000,2452.9200,0,15.294117647058823529411764710,112
0,Baseline,76,2026-09-22,2026-09-22,PatternA,Put,23400.0000,0,10:44:23.000,10:44:23.000,10:44:51.000,333.8000,1.038062283737024221453287200,4.0657439446366782006920415200,28
0,Baseline,77,2026-09-22,2026-09-22,PatternB,Call,23400.0000,0,10:44:51.000,10:44:51.000,10:45:03.000,-991.4300,4.767580452920143027413587600,0,12
0,Baseline,78,2026-09-22,2026-09-22,PatternA,Put,23400.0000,0,10:45:03.000,10:45:03.000,10:45:14.000,397.1900,0,4.9472830494728304947283049500,11
0,Baseline,79,2026-09-22,2026-09-22,PatternB,Call,23400.0000,0,10:45:14.000,10:45:14.000,10:45:21.000,-113.7100,0.8739076154806491885143570500,0,7
0,Baseline,80,2026-09-22,2026-09-22,PatternA,Put,23400.0000,0,10:45:21.000,10:45:21.000,10:45:31.000,299.2600,0.6364359586316626889419252200,2.6252983293556085918854415300,10
0,Baseline,81,2026-09-22,2026-09-22,PatternB,Call,23400.0000,0,10:45:31.000,10:45:31.000,10:46:39.000,763.3000,3.5087719298245614035087719300,4.6365914786967418546365914800,68
0,Baseline,82,2026-09-22,2026-09-22,PatternA,Put,23400.0000,0,10:46:39.000,10:46:39.000,10:49:46.000,-673.8700,6.3598326359832635983263598300,4.9372384937238493723849372400,187
0,Baseline,83,2026-09-22,2026-09-22,PatternB,Call,23400.0000,0,10:49:45.000,10:49:45.000,10:51:15.000,-2972.3100,13.536585365853658536585365850,0,90
0,Baseline,84,2026-09-22,2026-09-22,PatternA,Put,23400.0000,0,10:51:15.000,10:51:15.000,10:55:01.000,-2365.2300,6.3165905631659056316590563200,6.2404870624048706240487062400,226
0,Baseline,85,2026-09-22,2026-09-22,PatternB,Call,23400.0000,0,10:55:01.000,10:55:01.000,10:55:31.000,-437.6100,1.981505944517833553500660500,1.453104359313077939233817700,30
0,Baseline,86,2026-09-22,2026-09-22,PatternA,Put,23400.0000,0,10:55:31.000,10:55:31.000,10:55:57.000,-1617.4600,5.7120500782472613458528951500,1.3302034428794992175273865400,26
0,Baseline,87,2026-09-22,2026-09-22,PatternB,Call,23400.0000,0,10:55:56.000,10:55:56.000,10:56:25.000,49.3200,0.1298701298701298701298701300,2.8571428571428571428571428600,29
0,Baseline,88,2026-09-22,2026-09-22,PatternA,Put,23400.0000,0,10:56:25.000,10:56:25.000,10:57:16.000,-901.6100,2.0593080724876441515650741400,5.4365733113673805601317957200,51
0,Baseline,89,2026-09-22,2026-09-22,PatternB,Call,23400.0000,0,10:57:16.000,10:57:16.000,10:58:03.000,666.2100,0,4.2253521126760563380281690100,47
0,Baseline,90,2026-09-22,2026-09-22,PatternA,Put,23400.0000,0,10:58:03.000,10:58:03.000,10:59:03.000,1048.7100,3.6906854130052724077328646700,3.1634446397188049209138840100,60
0,Baseline,91,2026-09-22,2026-09-22,PatternB,Call,23400.0000,0,10:59:03.000,10:59:03.000,11:00:11.000,81.5300,0.127713920817369093231162200,4.4699872286079182630906768800,68
0,Baseline,92,2026-09-22,2026-09-22,PatternA,Put,23400.0000,0,11:00:11.000,11:00:11.000,11:00:32.000,1340.9500,0,5.0788091068301225919439579700,21
0,Baseline,93,2026-09-22,2026-09-22,PatternB,Call,23400.0000,0,11:00:32.000,11:00:32.000,11:03:02.000,-1801.9800,7.942708333333333333333333330,1.3020833333333333333333333300,150
0,Baseline,94,2026-09-22,2026-09-22,PatternA,Put,23400.0000,0,11:03:02.000,11:03:02.000,11:04:05.000,-739.6600,3.317152103559870550161812300,4.5307443365695792880258899700,63
0,Baseline,95,2026-09-22,2026-09-22,PatternB,Call,23400.0000,0,11:04:05.000,11:04:05.000,11:05:14.000,-469.3400,3.8888888888888888888888888900,1.1111111111111111111111111100,69
0,Baseline,96,2026-09-22,2026-09-22,PatternA,Put,23400.0000,0,11:05:14.000,11:05:14.000,11:06:31.000,-545.0000,1.4434643143544506816359262200,4.0096230954290296712109061700,77
0,Baseline,97,2026-09-22,2026-09-22,PatternB,Call,23400.0000,0,11:06:31.000,11:06:31.000,11:07:36.000,213.0000,1.5558698727015558698727015600,3.2531824611032531824611032500,65
0,Baseline,98,2026-09-22,2026-09-22,PatternA,Put,23400.0000,0,11:07:36.000,11:07:36.000,11:07:56.000,-1291.7500,3.2441200324412003244120032400,1.1354420113544201135442011400,20
0,Baseline,99,2026-09-22,2026-09-22,PatternB,Call,23400.0000,0,11:07:56.000,11:07:56.000,11:12:15.000,1121.8800,3.8147138964577656675749318800,6.1307901907356948228882833800,259
0,Baseline,100,2026-09-22,2026-09-22,PatternA,Put,23400.0000,0,11:12:15.000,11:12:15.000,11:21:02.000,-2556.1200,15.116279069767441860465116280,1.8783542039355992844364937400,527
0,Baseline,101,2026-09-22,2026-09-22,PatternB,Call,23400.0000,0,11:21:02.000,11:21:02.000,11:23:46.000,1152.8600,1.7326732673267326732673267300,8.539603960396039603960396040,164
0,Baseline,102,2026-09-22,2026-09-22,PatternA,Put,23400.0000,0,11:23:46.000,11:23:46.000,11:24:31.000,-604.3800,2.5720164609053497942386831300,1.1316872427983539094650205800,45
0,Baseline,103,2026-09-22,2026-09-22,PatternB,Call,23400.0000,0,11:24:31.000,11:24:31.000,11:25:19.000,891.8600,1.2716763005780346820809248600,3.6994219653179190751445086700,48
0,Baseline,104,2026-09-22,2026-09-22,PatternA,Put,23400.0000,0,11:25:19.000,11:25:19.000,11:25:40.000,-115.8600,1.7640573318632855567805953700,1.1025358324145534729878721100,21
0,Baseline,105,2026-09-22,2026-09-22,PatternB,Call,23400.0000,0,11:25:40.000,11:25:40.000,11:27:04.000,-2453.9500,8.474576271186440677966101690,0,84
0,Baseline,106,2026-09-22,2026-09-22,PatternA,Put,23400.0000,0,11:27:04.000,11:27:04.000,11:29:11.000,-279.9300,4.1456016177957532861476238600,2.1233569261880687563195146600,127
0,Baseline,107,2026-09-22,2026-09-22,PatternB,Call,23400.0000,0,11:29:11.000,11:29:11.000,11:30:05.000,-991.2500,5.1807228915662650602409638600,0.8433734939759036144578313300,54
0,Baseline,108,2026-09-22,2026-09-22,PatternA,Put,23400.0000,0,11:30:05.000,11:30:05.000,11:31:22.000,3097.7600,0,12.112112112112112112112112110,77
0,Baseline,109,2026-09-22,2026-09-22,PatternB,Call,23400.0000,0,11:31:22.000,11:31:22.000,11:32:17.000,-1736.3700,7.8804347826086956521739130400,0.5434782608695652173913043500,55
0,Baseline,110,2026-09-22,2026-09-22,PatternA,Put,23400.0000,0,11:32:17.000,11:32:17.000,11:34:29.000,-803.0300,5.0086355785837651122625215900,1.1226252158894645941278065600,132
0,Baseline,111,2026-09-22,2026-09-22,PatternB,Call,23400.0000,0,11:34:29.000,11:34:29.000,11:36:41.000,-1670.6600,12.017167381974248927038626610,1.4306151645207439198855507900,132
0,Baseline,112,2026-09-22,2026-09-22,PatternA,Put,23400.0000,0,11:36:41.000,11:36:41.000,11:38:00.000,-901.0600,5.5602358887952822240943555200,0.7582139848357203032855939300,79
0,Baseline,113,2026-09-22,2026-09-22,PatternB,Call,23400.0000,0,11:38:00.000,11:38:00.000,11:42:45.000,-2222.1300,15.187969924812030075187969920,3.4586466165413533834586466200,285
0,Baseline,114,2026-09-22,2026-09-22,PatternA,Put,23400.0000,0,11:42:45.000,11:42:45.000,11:46:58.000,2930.0000,4.1963578780680918448139350800,12.430720506730007917656373710,253
0,Baseline,115,2026-09-22,2026-09-22,PatternB,Call,23350.0000,0,11:46:58.000,11:46:58.000,11:48:08.000,-247.6300,7.2144288577154308617234468900,0,70
0,Baseline,116,2026-09-22,2026-09-22,PatternA,Put,23350.0000,0,11:48:08.000,11:48:08.000,11:53:56.000,1348.0200,3.904282115869017632241813600,13.476070528967254408060453400,348
0,Baseline,117,2026-09-22,2026-09-22,PatternB,Call,23350.0000,0,11:53:56.000,11:53:56.000,11:54:33.000,-895.9600,2.6709401709401709401709401700,0.1068376068376068376068376100,37
0,Baseline,118,2026-09-22,2026-09-22,PatternA,Put,23350.0000,0,11:54:33.000,11:54:33.000,11:56:35.000,4237.3100,1.0428736964078794901506373100,16.917728852838933951332560830,122
0,Baseline,119,2026-09-22,2026-09-22,PatternB,Call,23350.0000,0,11:56:35.000,11:56:35.000,12:00:27.000,4044.0400,0.510204081632653061224489800,18.367346938775510204081632650,232
0,Baseline,120,2026-09-22,2026-09-22,PatternA,Put,23350.0000,0,12:00:27.000,12:00:27.000,12:01:42.000,1217.6100,1.5892420537897310513447432800,7.0904645476772616136919315400,75
0,Baseline,121,2026-09-22,2026-09-22,PatternB,Call,23350.0000,0,12:01:42.000,12:01:42.000,12:03:24.000,1151.4500,1.1402508551881413911060433300,4.9030786773090079817559863200,102
0,Baseline,122,2026-09-22,2026-09-22,PatternA,Put,23350.0000,0,12:03:24.000,12:03:24.000,12:06:05.000,-2550.1100,9.975669099756690997566909980,0.9732360097323600973236009700,161
0,Baseline,123,2026-09-22,2026-09-22,PatternB,Call,23350.0000,0,12:06:05.000,12:06:05.000,12:08:32.000,-669.0700,9.071949947862356621480709070,0.3128258602711157455683003100,147
0,Baseline,124,2026-09-22,2026-09-22,PatternA,Put,23350.0000,0,12:08:32.000,12:08:32.000,12:13:54.000,1543.4500,7.1707953063885267275097783600,7.8226857887874837027379400300,322
0,Baseline,125,2026-09-22,2026-09-22,PatternB,Call,23350.0000,0,12:13:54.000,12:13:54.000,12:15:05.000,-1089.7000,4.4318181818181818181818181800,5.7954545454545454545454545500,71
0,Baseline,126,2026-09-22,2026-09-22,PatternA,Put,23350.0000,0,12:15:05.000,12:15:05.000,12:16:22.000,-1024.0500,5.6737588652482269503546099300,3.9007092198581560283687943300,77
0,Baseline,127,2026-09-22,2026-09-22,PatternB,Call,23350.0000,0,12:16:22.000,12:16:22.000,12:21:06.000,2743.1200,0.46029919447640966628308400,15.074798619102416570771001150,284
0,Baseline,128,2026-09-22,2026-09-22,PatternA,Put,23400.0000,0,12:21:06.000,12:21:06.000,12:25:49.000,720.9100,5.6765163297045101088646967300,5.7542768273716951788491446300,283
0,Baseline,129,2026-09-22,2026-09-22,PatternB,Call,23350.0000,0,12:25:49.000,12:25:49.000,12:25:56.000,143.7100,0.2173913043478260869565217400,0.8695652173913043478260869600,7
0,Baseline,130,2026-09-22,2026-09-22,PatternA,Put,23350.0000,0,12:25:56.000,12:25:56.000,12:27:24.000,-827.0400,7.1524966261808367071524966300,2.1592442645074224021592442600,88
0,Baseline,131,2026-09-22,2026-09-22,PatternB,Call,23400.0000,0,12:27:24.000,12:27:24.000,12:28:22.000,-725.0500,6.189555125725338491295938100,0,58
0,Baseline,132,2026-09-22,2026-09-22,PatternA,Put,23400.0000,0,12:28:22.000,12:28:22.000,12:41:43.000,785.5000,2.9907975460122699386503067500,10.122699386503067484662576690,801
0,Baseline,133,2026-09-22,2026-09-22,PatternB,Call,23350.0000,0,12:41:43.000,12:41:43.000,12:42:28.000,143.8300,2.2975929978118161925601750500,1.0940919037199124726477024100,45
0,Baseline,134,2026-09-22,2026-09-22,PatternA,Put,23350.0000,0,12:42:28.000,12:42:28.000,12:46:12.000,4987.0200,0.1367989056087551299589603300,26.949384404924760601915184680,224
0,Baseline,135,2026-09-22,2026-09-22,PatternB,Call,23350.0000,0,12:46:12.000,12:46:12.000,12:48:05.000,407.2500,2.1680216802168021680216802200,4.3360433604336043360433604300,113
0,Baseline,136,2026-09-22,2026-09-22,PatternA,Put,23350.0000,0,12:48:05.000,12:48:05.000,12:49:22.000,-504.5400,6.7915690866510538641686182700,2.6932084309133489461358313800,77
0,Baseline,137,2026-09-22,2026-09-22,PatternB,Call,23350.0000,0,12:49:22.000,12:49:22.000,12:53:10.000,-3068.7500,20.492866407263294422827496760,0.9079118028534370946822308700,228
0,Baseline,138,2026-09-22,2026-09-22,PatternA,Put,23350.0000,0,12:53:10.000,12:53:10.000,12:56:38.000,3684.5700,0.2242152466367713004484304900,17.600896860986547085201793720,208
0,Baseline,139,2026-09-22,2026-09-22,PatternB,Call,23350.0000,0,12:56:38.000,12:56:38.000,12:58:28.000,702.7100,0,6.5180102915951972555746140700,110
0,Baseline,140,2026-09-22,2026-09-22,PatternA,Put,23350.0000,0,12:58:28.000,12:58:28.000,12:59:05.000,-311.9000,4.253112033195020746887966800,0.1037344398340248962655601700,37
0,Baseline,141,2026-09-22,2026-09-22,PatternB,Call,23350.0000,0,12:59:05.000,12:59:05.000,13:00:06.000,-954.2000,5.6198347107438016528925619800,0.8264462809917355371900826400,61
0,Baseline,142,2026-09-22,2026-09-22,PatternA,Put,23350.0000,0,13:00:06.000,13:00:06.000,13:02:43.000,694.3000,3.510531594784353059177532600,9.729187562688064192577733200,157
0,Baseline,143,2026-09-22,2026-09-22,PatternB,Call,23350.0000,0,13:02:43.000,13:02:43.000,13:03:09.000,-888.1800,4.701627486437613019891500900,0,26
0,Baseline,144,2026-09-22,2026-09-22,PatternA,Put,23350.0000,0,13:03:09.000,13:03:09.000,13:04:01.000,-216.5100,0.845070422535211267605633800,2.347417840375586854460093900,52
0,Baseline,145,2026-09-22,2026-09-22,PatternB,Call,23350.0000,0,13:04:01.000,13:04:01.000,13:04:34.000,476.8200,0.195694716242661448140900200,6.0665362035225048923679060700,33
0,Baseline,146,2026-09-22,2026-09-22,PatternA,Put,23350.0000,0,13:04:34.000,13:04:34.000,13:05:07.000,-540.8200,1.2487992315081652257444764600,1.0566762728146013448607108500,33
0,Baseline,147,2026-09-22,2026-09-22,PatternB,Call,23350.0000,0,13:05:07.000,13:05:07.000,13:08:39.000,1970.1900,2.2018348623853211009174311900,16.880733944954128440366972480,212
0,Baseline,148,2026-09-22,2026-09-22,PatternA,Put,23350.0000,0,13:08:39.000,13:08:39.000,13:10:04.000,-1643.1200,7.5371549893842887473460721900,0.2123142250530785562632696400,85
0,Baseline,149,2026-09-22,2026-09-22,PatternB,Call,23350.0000,0,13:10:04.000,13:10:04.000,13:11:31.000,-337.8800,4.3478260869565217391304347800,2.3291925465838509316770186300,87
0,Baseline,150,2026-09-22,2026-09-22,PatternA,Put,23350.0000,0,13:11:31.000,13:11:31.000,13:11:59.000,695.9100,0.3267973856209150326797385600,2.9411764705882352941176470600,28
0,Baseline,151,2026-09-22,2026-09-22,PatternB,Call,23350.0000,0,13:11:59.000,13:11:59.000,13:16:28.000,-12.4300,1.9607843137254901960784313700,12.581699346405228758169934640,269
0,Baseline,152,2026-09-22,2026-09-22,PatternA,Put,23350.0000,0,13:16:28.000,13:16:28.000,13:17:09.000,597.9800,2.0169851380042462845010615700,2.7600849256900212314225053100,41
0,Baseline,153,2026-09-22,2026-09-22,PatternB,Call,23350.0000,0,13:17:09.000,13:17:09.000,13:17:54.000,-1246.3500,6.5326633165829145728643216100,1.1725293132328308207705192600,45
0,Baseline,154,2026-09-22,2026-09-22,PatternA,Put,23350.0000,0,13:17:54.000,13:17:54.000,13:20:10.000,-312.8500,6.8249258160237388724035608300,2.8684470820969337289812067300,136
0,Baseline,155,2026-09-22,2026-09-22,PatternB,Call,23350.0000,0,13:20:10.000,13:20:10.000,13:20:30.000,-855.9900,4.5855379188712522045855379200,0.3527336860670194003527336900,20
0,Baseline,156,2026-09-22,2026-09-22,PatternA,Put,23350.0000,0,13:20:30.000,13:20:30.000,13:20:56.000,-1255.3500,3.4615384615384615384615384600,0,26
0,Baseline,157,2026-09-22,2026-09-22,PatternB,Call,23350.0000,0,13:20:55.000,13:20:55.000,13:21:45.000,-726.0700,5.6437389770723104056437389800,0,50
0,Baseline,158,2026-09-22,2026-09-22,PatternA,Put,23350.0000,0,13:21:45.000,13:21:45.000,13:23:59.000,-995.3900,4.3520309477756286266924564800,1.2572533849129593810444874300,134
0,Baseline,159,2026-09-22,2026-09-22,PatternB,Call,23350.0000,0,13:23:59.000,13:23:59.000,13:24:11.000,-465.8500,2.1897810218978102189781021900,0,12
0,Baseline,160,2026-09-22,2026-09-22,PatternA,Put,23350.0000,0,13:24:11.000,13:24:11.000,13:27:57.000,-2132.1000,8.058252427184466019417475730,0.1941747572815533980582524300,226
0,Baseline,161,2026-09-22,2026-09-22,PatternB,Call,23350.0000,0,13:27:57.000,13:27:57.000,13:32:01.000,1709.5600,0.1712328767123287671232876700,13.356164383561643835616438360,244
0,Baseline,162,2026-09-22,2026-09-22,PatternA,Put,23350.0000,0,13:32:01.000,13:32:01.000,13:32:38.000,-895.7200,6.4935064935064935064935064900,0,37
0,Baseline,163,2026-09-22,2026-09-22,PatternB,Call,23350.0000,0,13:32:38.000,13:32:38.000,13:33:04.000,-468.2000,2.8614457831325301204819277100,1.506024096385542168674698800,26
0,Baseline,164,2026-09-22,2026-09-22,PatternA,Put,23350.0000,0,13:33:04.000,13:33:04.000,13:34:30.000,-311.0000,5.7608695652173913043478260900,0.4347826086956521739130434800,86
0,Baseline,165,2026-09-22,2026-09-22,PatternB,Call,23350.0000,0,13:34:30.000,13:34:30.000,13:38:36.000,-78.3500,3.4901365705614567526555386900,6.8285280728376327769347496200,246
0,Baseline,166,2026-09-22,2026-09-22,PatternA,Put,23350.0000,0,13:38:36.000,13:38:36.000,13:40:04.000,-603.1600,2.8508771929824561403508771900,1.8640350877192982456140350900,88
0,Baseline,167,2026-09-22,2026-09-22,PatternB,Call,23350.0000,0,13:40:04.000,13:40:04.000,13:44:04.000,473.4000,2.503681885125184094256259200,13.991163475699558173784977910,240
0,Baseline,168,2026-09-22,2026-09-22,PatternA,Put,23350.0000,0,13:44:04.000,13:44:04.000,13:50:25.000,8718.7100,0,33.481152993348115299334811530,381
0,Baseline,169,2026-09-22,2026-09-22,PatternB,Call,23350.0000,0,13:50:25.000,13:50:25.000,13:51:09.000,-172.8000,3.12500,2.3437500,44
0,Baseline,170,2026-09-22,2026-09-22,PatternA,Put,23350.0000,0,13:51:09.000,13:51:09.000,13:51:41.000,1437.2300,2.085070892410341951626355300,4.0867389491242702251876563800,32
0,Baseline,171,2026-09-22,2026-09-22,PatternB,Call,23350.0000,0,13:51:41.000,13:51:41.000,13:55:02.000,-2316.0700,20.081135902636916835699797160,6.2880324543610547667342799200,201
0,Baseline,172,2026-09-22,2026-09-22,PatternA,Put,23300.0000,0,13:55:02.000,13:55:02.000,13:58:44.000,1834.4600,13.357400722021660649819494580,7.8219013237063778580024067400,222
0,Baseline,173,2026-09-22,2026-09-22,PatternB,Call,23300.0000,0,13:58:44.000,13:58:44.000,13:59:45.000,438.5700,0.377358490566037735849056600,4.2767295597484276729559748400,61
0,Baseline,174,2026-09-22,2026-09-22,PatternA,Put,23300.0000,0,13:59:45.000,13:59:45.000,14:01:09.000,4724.2200,0.68415051311288483466362600,26.681870011402508551881413910,84
0,Baseline,175,2026-09-22,2026-09-22,PatternB,Call,23300.0000,0,14:01:09.000,14:01:09.000,14:01:23.000,17.9600,0.8391608391608391608391608400,3.496503496503496503496503500,14
0,Baseline,176,2026-09-22,2026-09-22,PatternA,Put,23300.0000,0,14:01:23.000,14:01:23.000,14:02:14.000,499.4400,6.8273092369477911646586345400,4.3172690763052208835341365500,51
0,Baseline,177,2026-09-22,2026-09-22,PatternB,Call,23300.0000,0,14:02:14.000,14:02:14.000,14:02:31.000,570.1700,0.5617977528089887640449438200,4.3539325842696629213483146100,17
0,Baseline,178,2026-09-22,2026-09-22,PatternA,Put,23300.0000,0,14:02:31.000,14:02:31.000,14:02:56.000,-20.5000,5.5500495540138751238850346900,0.2973240832507433102081268600,25
0,Baseline,179,2026-09-22,2026-09-22,PatternB,Call,23300.0000,0,14:02:56.000,14:02:57.000,14:03:43.000,245.0100,0,3.698630136986301369863013700,46
0,Baseline,180,2026-09-22,2026-09-22,PatternA,Put,23300.0000,0,14:03:43.000,14:03:43.000,14:08:05.000,-1546.9200,14.556331006979062811565304090,0.2991026919242273180458624100,262
0,Baseline,181,2026-09-22,2026-09-22,PatternB,Call,23300.0000,0,14:08:05.000,14:08:05.000,14:15:48.000,33145.8200,1.4012738853503184713375796200,205.98726114649681528662420382,463
0,Baseline,182,2026-09-22,2026-09-22,PatternA,Put,23400.0000,0,14:15:48.000,14:15:48.000,14:16:28.000,4005.5400,1.296296296296296296296296300,21.759259259259259259259259260,40
0,Baseline,183,2026-09-22,2026-09-22,PatternB,Call,23400.0000,0,14:16:28.000,14:16:28.000,14:17:27.000,3690.8200,5.6506849315068493150684931500,23.972602739726027397260273970,59
0,Baseline,184,2026-09-22,2026-09-22,PatternA,Put,23400.0000,0,14:17:27.000,14:17:27.000,14:20:28.000,-3626.6500,15.085388994307400379506641370,6.3567362428842504743833017100,181
0,Baseline,185,2026-09-22,2026-09-22,PatternB,Call,23400.0000,0,14:20:28.000,14:20:28.000,14:22:02.000,-601.6000,2.1556886227544910179640718600,15.928143712574850299401197600,94
0,Baseline,186,2026-09-22,2026-09-22,PatternA,Put,23400.0000,0,14:22:02.000,14:22:02.000,14:22:12.000,-961.3700,4.3841336116910229645093945700,0,10
0,Baseline,187,2026-09-22,2026-09-22,PatternB,Call,23400.0000,0,14:22:12.000,14:22:12.000,14:23:49.000,177.6900,2.3640661938534278959810874700,6.6193853427895981087470449200,97
0,Baseline,188,2026-09-22,2026-09-22,PatternA,Put,23400.0000,0,14:23:49.000,14:23:49.000,14:24:59.000,4853.0000,2.6795284030010718113612004300,17.148981779206859592711682740,70
0,Baseline,189,2026-09-22,2026-09-22,PatternB,Call,23400.0000,0,14:24:59.000,14:24:59.000,14:26:42.000,4988.7100,0,27.006172839506172839506172840,103
0,Baseline,190,2026-09-22,2026-09-22,PatternA,Put,23400.0000,0,14:26:42.000,14:26:42.000,14:27:05.000,-506.1500,4.0728831725616291532690246500,0,23
0,Baseline,191,2026-09-22,2026-09-22,PatternB,Call,23400.0000,0,14:27:05.000,14:27:05.000,14:27:08.000,-1608.4200,7.8031212484993997599039615800,0,3
0,Baseline,192,2026-09-22,2026-09-22,PatternA,Put,23400.0000,0,14:27:08.000,14:27:08.000,14:28:01.000,467.7000,2.187500,5.2083333333333333333333333300,53
0,Baseline,193,2026-09-22,2026-09-22,PatternB,Call,23400.0000,0,14:28:01.000,14:28:01.000,14:28:09.000,-1315.0500,4.7375160051216389244558258600,0,8
0,Baseline,194,2026-09-22,2026-09-22,PatternA,Put,23400.0000,0,14:28:09.000,14:28:09.000,14:29:37.000,-767.3500,4.100,5.00,88
0,Baseline,195,2026-09-22,2026-09-22,PatternB,Call,23400.0000,0,14:29:37.000,14:29:37.000,14:29:52.000,-307.9800,3.6316472114137483787289234800,0.6485084306095979247730220500,15
0,Baseline,196,2026-09-22,2026-09-22,PatternA,Put,23400.0000,0,14:29:52.000,14:29:52.000,14:31:53.000,-474.7400,4.6653144016227180527383367100,4.1582150101419878296146044600,121
0,Baseline,197,2026-09-22,2026-09-22,PatternB,Call,23400.0000,0,14:31:53.000,14:31:53.000,14:32:16.000,82.0400,1.3192612137203166226912928800,1.1873350923482849604221635900,23
0,Baseline,198,2026-09-22,2026-09-22,PatternA,Put,23400.0000,0,14:32:16.000,14:32:16.000,14:34:26.000,3618.1000,10.662525879917184265010351970,14.389233954451345755693581780,130
0,Baseline,199,2026-09-22,2026-09-22,PatternB,Call,23400.0000,0,14:34:26.000,14:34:26.000,14:34:31.000,-1961.8400,10.730948678071539657853810260,0,5
0,Baseline,200,2026-09-22,2026-09-22,PatternA,Put,23400.0000,0,14:34:31.000,14:34:32.000,14:35:39.000,-997.1400,9.37500,3.3035714285714285714285714300,67
0,Baseline,201,2026-09-22,2026-09-22,PatternB,Call,23400.0000,0,14:35:39.000,14:35:39.000,14:35:54.000,2196.0200,0,14.838709677419354838709677420,15
0,Baseline,202,2026-09-22,2026-09-22,PatternA,Put,23400.0000,0,14:35:54.000,14:35:54.000,14:36:10.000,-539.7800,2.7272727272727272727272727300,0.6060606060606060606060606100,16
0,Baseline,203,2026-09-22,2026-09-22,PatternB,Call,23400.0000,0,14:36:10.000,14:36:10.000,14:36:24.000,-1573.4700,6.7510548523206751054852320700,0,14
0,Baseline,204,2026-09-22,2026-09-22,PatternA,Put,23400.0000,0,14:36:24.000,14:36:24.000,14:38:04.000,-1449.8200,12.941176470588235294117647060,1.2745098039215686274509803900,100
0,Baseline,205,2026-09-22,2026-09-22,PatternB,Call,23400.0000,0,14:38:04.000,14:38:04.000,14:38:17.000,-1345.4000,6.2130177514792899408284023700,0,13
0,Baseline,206,2026-09-22,2026-09-22,PatternA,Put,23400.0000,0,14:38:17.000,14:38:17.000,14:38:22.000,-800.2500,3.1341821743388834476003917700,0,5
0,Baseline,207,2026-09-22,2026-09-22,PatternB,Call,23400.0000,0,14:38:22.000,14:38:22.000,14:42:08.000,-3910.9100,22.983257229832572298325722980,1.5220700152207001522070015200,226
0,Baseline,208,2026-09-22,2026-09-22,PatternA,Put,23400.0000,0,14:42:08.000,14:42:08.000,14:42:25.000,4524.7900,0,14.623069936421435059037238870,17
0,Baseline,209,2026-09-22,2026-09-22,PatternB,Call,23400.0000,0,14:42:25.000,14:42:25.000,14:43:38.000,1452.8300,4.1763341067285382830626450100,14.617169373549883990719257540,73
0,Baseline,210,2026-09-22,2026-09-22,PatternA,Put,23350.0000,0,14:43:38.000,14:43:38.000,14:49:41.000,-3715.9700,23.241590214067278287461773700,1.5290519877675840978593272200,363
0,Baseline,211,2026-09-22,2026-09-22,PatternB,Call,23400.0000,0,14:49:41.000,14:49:41.000,14:50:01.000,-1340.9300,9.868421052631578947368421050,2.8508771929824561403508771900,20
0,Baseline,212,2026-09-22,2026-09-22,PatternA,Put,23400.0000,0,14:50:01.000,14:50:01.000,14:50:17.000,-55.1100,2.7827648114901256732495511700,1.4362657091561938958707360900,16
0,Baseline,213,2026-09-22,2026-09-22,PatternB,Call,23400.0000,0,14:50:17.000,14:50:17.000,14:54:00.000,-73.4900,7.8571428571428571428571428600,21.666666666666666666666666670,223
0,Baseline,214,2026-09-22,2026-09-22,PatternA,Put,23400.0000,0,14:54:00.000,14:54:00.000,14:56:18.000,205.7900,7.344632768361581920903954800,1.3182674199623352165725047100,138
0,Baseline,215,2026-09-22,2026-09-22,PatternB,Call,23400.0000,0,14:56:18.000,14:56:18.000,14:56:24.000,23.9500,0,2.8571428571428571428571428600,6
0,Baseline,216,2026-09-22,2026-09-22,PatternA,Put,23400.0000,0,14:56:24.000,14:56:24.000,14:57:02.000,-866.1200,5.8161350844277673545966228900,1.6885553470919324577861163200,38
0,Baseline,217,2026-09-22,2026-09-22,PatternB,Call,23400.0000,0,14:57:02.000,14:57:02.000,14:57:07.000,-236.0900,1.6279069767441860465116279100,0,5
0,Baseline,218,2026-09-22,2026-09-22,PatternA,Put,23400.0000,0,14:57:07.000,14:57:07.000,14:57:43.000,-248.7700,1.7077798861480075901328273200,1.9924098671726755218216318800,36
0,Baseline,219,2026-09-22,2026-09-22,PatternB,Call,23400.0000,0,14:57:43.000,14:57:43.000,14:58:34.000,-950.4800,17.772511848341232227488151660,0,51
0,Baseline,220,2026-09-22,2026-09-22,PatternA,Put,23350.0000,0,14:58:34.000,14:58:34.000,14:58:45.000,1028.0400,0,6.8222621184919210053859964100,11
0,Baseline,221,2026-09-22,2026-09-22,PatternB,Call,23350.0000,0,14:58:45.000,14:58:45.000,14:58:50.000,-276.1100,0.9987515605493133583021223500,0.3745318352059925093632958800,5
0,Baseline,222,2026-09-22,2026-09-22,PatternA,Put,23350.0000,0,14:58:50.000,14:58:50.000,15:01:43.000,-11.8800,2.0512820512820512820512820500,20.854700854700854700854700850,173
0,Baseline,0,2026-09-23,2026-09-29,PatternA,Put,23400.0000,6,09:15:14.000,09:15:14.000,09:15:33.000,989.5400,0,5.2202283849918433931484502400,19
0,Baseline,1,2026-09-23,2026-09-29,PatternB,Call,23400.0000,6,09:15:33.000,09:15:33.000,09:15:46.000,-3653.1800,5.1271186440677966101694915300,0,13
0,Baseline,2,2026-09-23,2026-09-29,PatternA,Put,23400.0000,6,09:15:46.000,09:15:46.000,09:17:09.000,-4794.2000,5.9190031152647975077881619900,5.8800623052959501557632398800,83
0,Baseline,3,2026-09-23,2026-09-29,PatternB,Call,23400.0000,6,09:17:09.000,09:17:09.000,09:17:11.000,-16.1700,1.4196242171189979123173277700,0.2505219206680584551148225500,2
0,Baseline,4,2026-09-23,2026-09-29,PatternA,Put,23400.0000,6,09:17:11.000,09:17:11.000,09:19:16.000,-5798.7300,8.927843456991439054219323280,0.1222992254382388911536893600,125
0,Baseline,5,2026-09-23,2026-09-29,PatternB,Call,23400.0000,6,09:19:16.000,09:19:16.000,09:20:09.000,3423.0200,0.271844660194174757281553400,5.9417475728155339805825242700,53
0,Baseline,6,2026-09-23,2026-09-29,PatternA,Put,23450.0000,6,09:20:09.000,09:20:09.000,09:22:32.000,-21.3500,2.9056603773584905660377358500,1.2075471698113207547169811300,143
0,Baseline,7,2026-09-23,2026-09-29,PatternB,Call,23400.0000,6,09:22:32.000,09:22:32.000,09:24:11.000,-3108.2200,3.463522476050110537951363300,1.5475313190862196020633750900,99
0,Baseline,8,2026-09-23,2026-09-29,PatternA,Put,23400.0000,6,09:24:11.000,09:24:11.000,09:27:59.000,4728.7500,1.8641810918774966711051930800,8.033732800710164225477141590,228
0,Baseline,9,2026-09-23,2026-09-29,PatternB,Call,23400.0000,6,09:27:59.000,09:27:59.000,09:28:21.000,-698.9700,1.0695187165775401069518716600,0.7815713698066639243109831300,22
0,Baseline,10,2026-09-23,2026-09-29,PatternA,Put,23400.0000,6,09:28:21.000,09:28:21.000,09:33:13.000,2127.0200,2.2332506203473945409429280400,3.8047973531844499586435070300,292
0,Baseline,11,2026-09-23,2026-09-29,PatternB,Call,23400.0000,6,09:33:13.000,09:33:13.000,09:33:36.000,276.9000,0,3.3078880407124681933842239200,23
0,Baseline,12,2026-09-23,2026-09-29,PatternA,Put,23400.0000,6,09:33:36.000,09:33:36.000,09:35:05.000,-4077.5500,4.7464503042596348884381338700,1.622718052738336713995943200,89
0,Baseline,13,2026-09-23,2026-09-29,PatternB,Call,23400.0000,6,09:35:05.000,09:35:05.000,09:35:11.000,-829.8100,1.1308562197092084006462035500,0,6
0,Baseline,14,2026-09-23,2026-09-29,PatternA,Put,23400.0000,6,09:35:11.000,09:35:11.000,09:35:16.000,-795.0700,1.0570824524312896405919661700,0.1268498942917547568710359400,5
0,Baseline,15,2026-09-23,2026-09-29,PatternB,Call,23400.0000,6,09:35:16.000,09:35:16.000,09:40:11.000,-1804.1600,6.1843168957154405820533548900,0.8892481810832659660468876300,295
0,Baseline,16,2026-09-23,2026-09-29,PatternA,Put,23400.0000,6,09:40:11.000,09:40:11.000,09:40:22.000,-1152.9800,1.7529215358931552587646076800,0,11
0,Baseline,17,2026-09-23,2026-09-29,PatternB,Call,23400.0000,6,09:40:22.000,09:40:22.000,09:41:25.000,-536.8200,1.1461318051575931232091690500,1.0233319688907081457224723700,63
0,Baseline,18,2026-09-23,2026-09-29,PatternA,Put,23400.0000,6,09:41:25.000,09:41:25.000,09:45:06.000,-2159.4000,3.9174389216512215669755686600,0.6739679865206402695871946100,221
0,Baseline,19,2026-09-23,2026-09-29,PatternB,Call,23400.0000,6,09:45:06.000,09:45:06.000,09:45:31.000,1086.9800,0,2.6101141924959216965742251200,25
0,Baseline,20,2026-09-23,2026-09-29,PatternA,Put,23400.0000,6,09:45:31.000,09:45:31.000,09:52:08.000,8171.0700,1.3602457218078104431768319400,13.514699429574374725756910930,397
0,Baseline,21,2026-09-23,2026-09-29,PatternB,Call,23400.0000,6,09:52:08.000,09:52:08.000,09:57:29.000,1837.5300,4.9583150504607283896445809600,3.9929793769197016235190873200,321
0,Baseline,22,2026-09-23,2026-09-29,PatternA,Put,23400.0000,6,09:57:29.000,09:57:29.000,09:57:56.000,697.6900,0.7822149032523672293124742700,2.2231370934540963359407163400,27
0,Baseline,23,2026-09-23,2026-09-29,PatternB,Call,23400.0000,6,09:57:56.000,09:57:56.000,10:00:59.000,2810.7600,1.8407534246575342465753424700,6.5496575342465753424657534200,183
0,Baseline,24,2026-09-23,2026-09-29,PatternA,Put,23400.0000,6,10:00:59.000,10:00:59.000,10:01:07.000,-826.9200,1.1139674378748928877463581800,0.2142245072836332476435304200,8
0,Baseline,25,2026-09-23,2026-09-29,PatternB,Call,23400.0000,6,10:01:07.000,10:01:07.000,10:01:54.000,-1348.5700,1.645413410119292472233648700,0.1234060057589469354175236500,47
0,Baseline,26,2026-09-23,2026-09-29,PatternA,Put,23400.0000,6,10:01:54.000,10:01:54.000,10:04:15.000,-1412.3500,2.9919932574799831436999578600,1.053518752633796881584492200,141
0,Baseline,27,2026-09-23,2026-09-29,PatternB,Call,23400.0000,6,10:04:15.000,10:04:15.000,10:12:59.000,-5733.0400,8.978071990070335126189491100,2.9375258585022755482002482400,524
0,Baseline,28,2026-09-23,2026-09-29,PatternA,Put,23400.0000,6,10:12:59.000,10:12:59.000,10:13:49.000,-2649.5000,5.2840683353198251887167262600,0,50
0,Baseline,29,2026-09-23,2026-09-29,PatternB,Call,23400.0000,6,10:13:49.000,10:13:49.000,10:15:37.000,1025.1100,1.00,1.7826086956521739130434782600,108
0,Baseline,30,2026-09-23,2026-09-29,PatternA,Put,23400.0000,6,10:15:37.000,10:15:37.000,10:17:28.000,-5147.9400,6.5580618212197159565580618200,0,111
0,Baseline,31,2026-09-23,2026-09-29,PatternB,Call,23400.0000,6,10:17:28.000,10:17:28.000,10:18:00.000,144.8100,0.5273833671399594320486815400,1.7038539553752535496957403700,32
0,Baseline,32,2026-09-23,2026-09-29,PatternA,Put,23400.0000,6,10:18:00.000,10:18:00.000,10:21:04.000,-4235.0100,6.5256525652565256525652565300,0,184
0,Baseline,33,2026-09-23,2026-09-29,PatternB,Call,23450.0000,6,10:21:04.000,10:21:04.000,10:23:15.000,-301.8200,3.9671020803096274794388001900,0.7256894049346879535558780800,131
0,Baseline,34,2026-09-23,2026-09-29,PatternA,Put,23400.0000,6,10:23:15.000,10:23:15.000,10:24:14.000,-238.1600,1.6424213984045049272641952100,0,59
0,Baseline,35,2026-09-23,2026-09-29,PatternB,Call,23400.0000,6,10:24:14.000,10:24:14.000,10:25:45.000,-2683.0600,4.0077821011673151750972762600,1.1673151750972762645914396900,91
0,Baseline,36,2026-09-23,2026-09-29,PatternA,Put,23400.0000,6,10:25:45.000,10:25:45.000,10:26:46.000,-1505.9700,2.05949656750572082379862700,0.7322654462242562929061784900,61
0,Baseline,37,2026-09-23,2026-09-29,PatternB,Call,23400.0000,6,10:26:46.000,10:26:46.000,10:35:28.000,857.4300,0.742187500,4.492187500,522
0,Baseline,38,2026-09-23,2026-09-29,PatternA,Put,23400.0000,6,10:35:28.000,10:35:28.000,10:37:51.000,-3452.9800,5.0047664442326024785510009500,1.9065776930409914204003813200,143
0,Baseline,39,2026-09-23,2026-09-29,PatternB,Call,23450.0000,6,10:37:51.000,10:37:51.000,10:37:53.000,-304.0000,0.4139834406623735050597976100,0.0919963201471941122355105800,2
0,Baseline,40,2026-09-23,2026-09-29,PatternA,Put,23450.0000,6,10:37:53.000,10:37:53.000,10:39:56.000,242.4700,1.1002444987775061124694376500,0.9779951100244498777506112500,123
0,Baseline,41,2026-09-23,2026-09-29,PatternB,Call,23450.0000,6,10:39:56.000,10:39:56.000,10:40:06.000,-1667.8600,2.4074074074074074074074074100,0,10
0,Baseline,42,2026-09-23,2026-09-29,PatternA,Put,23450.0000,6,10:40:06.000,10:40:06.000,10:40:47.000,-2292.1800,2.9821073558648111332007952300,0,41
0,Baseline,43,2026-09-23,2026-09-29,PatternB,Call,23450.0000,6,10:40:47.000,10:40:47.000,10:45:11.000,-921.1700,3.8125861276986678915939366100,0.7349563619660082682590721200,264
0,Baseline,44,2026-09-23,2026-09-29,PatternA,Put,23450.0000,6,10:45:11.000,10:45:11.000,10:45:21.000,-1121.7800,1.8300122000813338755591703900,0,10
0,Baseline,45,2026-09-23,2026-09-29,PatternB,Call,23450.0000,6,10:45:21.000,10:45:21.000,10:46:02.000,507.8300,0.3208065994500458295142071500,1.970669110907424381301558200,41
0,Baseline,46,2026-09-23,2026-09-29,PatternA,Put,23450.0000,6,10:46:02.000,10:46:02.000,10:47:30.000,-341.1900,0.9559434746467165419783873600,2.1612635078969243557772236100,88
0,Baseline,47,2026-09-23,2026-09-29,PatternB,Call,23450.0000,6,10:47:30.000,10:47:30.000,10:49:27.000,-1279.1400,1.9448213478064224332881049300,1.2211668928086838534599728600,117
0,Baseline,48,2026-09-23,2026-09-29,PatternA,Put,23450.0000,6,10:49:27.000,10:49:27.000,10:53:33.000,502.9000,1.0309278350515463917525773200,2.1855670103092783505154639200,246
0,Baseline,49,2026-09-23,2026-09-29,PatternB,Call,23450.0000,6,10:53:33.000,10:53:33.000,10:55:25.000,313.4000,0.1851851851851851851851851900,3.8888888888888888888888888900,112
0,Baseline,50,2026-09-23,2026-09-29,PatternA,Put,23450.0000,6,10:55:25.000,10:55:25.000,10:55:50.000,-666.7000,1.1061040557148709545268332700,0,25
0,Baseline,51,2026-09-23,2026-09-29,PatternB,Call,23450.0000,6,10:55:50.000,10:55:50.000,10:58:29.000,377.7500,0,4.5662100456621004566210045700,159
0,Baseline,52,2026-09-23,2026-09-29,PatternA,Put,23450.0000,6,10:58:29.000,10:58:29.000,10:59:25.000,827.9800,0.4562422231439236831190377400,1.9079220240564081294068851100,56
0,Baseline,53,2026-09-23,2026-09-29,PatternB,Call,23450.0000,6,10:59:25.000,10:59:25.000,11:04:39.000,-1798.1600,3.2583754015603487838458008300,1.7439192290041303350160624100,314
0,Baseline,54,2026-09-23,2026-09-29,PatternA,Put,23450.0000,6,11:04:39.000,11:04:39.000,11:06:52.000,-5312.0600,6.4945542557482855990318676900,0,133
0,Baseline,55,2026-09-23,2026-09-29,PatternB,Call,23450.0000,6,11:06:52.000,11:06:52.000,11:07:11.000,-598.5500,1.007005253940455341506129600,0.5253940455341506129597197900,19
0,Baseline,56,2026-09-23,2026-09-29,PatternA,Put,23450.0000,6,11:07:11.000,11:07:11.000,11:07:47.000,-469.8700,2.686567164179104477611940300,0,36
0,Baseline,57,2026-09-23,2026-09-29,PatternB,Call,23450.0000,6,11:07:47.000,11:07:47.000,11:08:36.000,-2157.4100,2.8119507908611599297012302300,0.9666080843585237258347978900,49
0,Baseline,58,2026-09-23,2026-09-29,PatternA,Put,23450.0000,6,11:08:36.000,11:08:36.000,11:10:36.000,-1997.2300,3.1865828092243186582809224300,0.5031446540880503144654088100,120
0,Baseline,59,2026-09-23,2026-09-29,PatternB,Call,23450.0000,6,11:10:36.000,11:10:36.000,11:11:11.000,-500.9300,0.6153846153846153846153846200,0.2197802197802197802197802200,35
0,Baseline,60,2026-09-23,2026-09-29,PatternA,Put,23450.0000,6,11:11:11.000,11:11:11.000,11:14:40.000,-1573.9100,2.9588336192109777015437392800,0.9862778730703259005145797600,209
0,Baseline,61,2026-09-23,2026-09-29,PatternB,Call,23450.0000,6,11:14:40.000,11:14:40.000,11:15:24.000,-2256.1100,2.737382378100940975192472200,0.1710863986313088109495295100,44
0,Baseline,62,2026-09-23,2026-09-29,PatternA,Put,23450.0000,6,11:15:24.000,11:15:24.000,11:19:33.000,3135.3400,0.5112910097997443544951001300,4.8572645930975713677034512100,249
0,Baseline,63,2026-09-23,2026-09-29,PatternB,Call,23450.0000,6,11:19:33.000,11:19:33.000,11:19:59.000,-531.0500,0.787401574803149606299212600,0.9726725335803612783696155600,26
0,Baseline,64,2026-09-23,2026-09-29,PatternA,Put,23450.0000,6,11:19:59.000,11:19:59.000,11:21:03.000,-2193.6300,2.8048780487804878048780487800,0,64
0,Baseline,65,2026-09-23,2026-09-29,PatternB,Call,23450.0000,6,11:21:03.000,11:21:03.000,11:24:36.000,-12.6100,0.7207207207207207207207207200,1.801801801801801801801801800,213
0,Baseline,66,2026-09-23,2026-09-29,PatternA,Put,23450.0000,6,11:24:36.000,11:24:36.000,11:26:49.000,-2939.2800,3.7207357859531772575250836100,1.0033444816053511705685618700,133
0,Baseline,67,2026-09-23,2026-09-29,PatternB,Call,23450.0000,6,11:26:49.000,11:26:49.000,11:29:07.000,-3067.4900,5.0259965337954939341421143800,0,138
0,Baseline,68,2026-09-23,2026-09-29,PatternA,Put,23450.0000,6,11:29:07.000,11:29:07.000,11:29:34.000,-535.8400,0.6263048016701461377870563700,0.6263048016701461377870563700,27
0,Baseline,69,2026-09-23,2026-09-29,PatternB,Call,23450.0000,6,11:29:34.000,11:29:34.000,11:31:30.000,1773.4000,0.848972296693476318141197500,3.3512064343163538873994638100,116
0,Baseline,70,2026-09-23,2026-09-29,PatternA,Put,23450.0000,6,11:31:30.000,11:31:30.000,11:32:31.000,-1996.0700,3.4364261168384879725085910700,0.9450171821305841924398625400,61
0,Baseline,71,2026-09-23,2026-09-29,PatternB,Call,23450.0000,6,11:32:31.000,11:32:31.000,11:35:33.000,-2581.7600,3.5714285714285714285714285700,1.4705882352941176470588235300,182
0,Baseline,72,2026-09-23,2026-09-29,PatternA,Put,23450.0000,6,11:35:33.000,11:35:33.000,11:36:26.000,-534.3800,0.7748600947051226861816616400,0.4735256134309083082221265600,53
0,Baseline,73,2026-09-23,2026-09-29,PatternB,Call,23450.0000,6,11:36:26.000,11:36:26.000,11:38:47.000,115.2900,0.1293661060802069857697283300,2.8460543337645536869340232900,141
0,Baseline,74,2026-09-23,2026-09-29,PatternA,Put,23450.0000,6,11:38:47.000,11:38:47.000,11:39:59.000,-79.4400,0.648788927335640138408304500,1.038062283737024221453287200,72
0,Baseline,75,2026-09-23,2026-09-29,PatternB,Call,23450.0000,6,11:39:59.000,11:39:59.000,11:40:43.000,-1053.5500,1.784160139251523063533507400,0.7832898172323759791122715400,44
0,Baseline,76,2026-09-23,2026-09-29,PatternA,Put,23450.0000,6,11:40:43.000,11:40:43.000,11:44:16.000,-729.4800,1.9708654670094258783204798600,0.1713796058269065981148243400,213
0,Baseline,77,2026-09-23,2026-09-29,PatternB,Call,23450.0000,6,11:44:16.000,11:44:16.000,11:46:26.000,992.6500,0.2609830361026533275337103100,2.392344497607655502392344500,130
0,Baseline,78,2026-09-23,2026-09-29,PatternA,Put,23450.0000,6,11:46:26.000,11:46:26.000,11:46:49.000,-1508.1800,2.0052310374891020052310374900,0.2179598953792502179598953800,23
0,Baseline,79,2026-09-23,2026-09-29,PatternB,Call,23450.0000,6,11:46:49.000,11:46:49.000,11:47:58.000,-16.1500,1.2113617376775271512113617400,1.503759398496240601503759400,69
0,Baseline,80,2026-09-23,2026-09-29,PatternA,Put,23450.0000,6,11:47:58.000,11:47:58.000,11:55:51.000,3657.3700,0.4930524428507395786642761100,7.0820259973106230389959659300,473
0,Baseline,81,2026-09-23,2026-09-29,PatternB,Call,23450.0000,6,11:55:51.000,11:55:51.000,11:57:26.000,-630.3800,1.2433392539964476021314387200,0.9769094138543516873889875700,95
0,Baseline,82,2026-09-23,2026-09-29,PatternA,Put,23450.0000,6,11:57:26.000,11:57:26.000,12:00:41.000,-2061.8400,3.9273648648648648648648648600,0.3800675675675675675675675700,195
0,Baseline,83,2026-09-23,2026-09-29,PatternB,Call,23450.0000,6,12:00:41.000,12:00:41.000,12:01:12.000,798.2000,0.4828797190517998244073748900,1.5364354697102721685689201100,31
0,Baseline,84,2026-09-23,2026-09-29,PatternA,Put,23450.0000,6,12:01:12.000,12:01:12.000,12:03:04.000,-3326.7200,5.0921861281826163301141352100,0,112
0,Baseline,85,2026-09-23,2026-09-29,PatternB,Call,23450.0000,6,12:03:04.000,12:03:04.000,12:05:42.000,4562.9800,0.2480363786688714344770566300,9.136006614303431169904919390,158
0,Baseline,86,2026-09-23,2026-09-29,PatternA,Put,23450.0000,6,12:05:42.000,12:05:42.000,12:07:04.000,-2707.2300,4.9514113836186950485886163800,0.1388246182322998611753817700,82
0,Baseline,87,2026-09-23,2026-09-29,PatternB,Call,23500.0000,6,12:07:04.000,12:07:04.000,12:08:15.000,-2673.9800,4.7103155911446066886481394300,0,71
0,Baseline,88,2026-09-23,2026-09-29,PatternA,Put,23450.0000,6,12:08:15.000,12:08:15.000,12:08:32.000,-433.0600,1.5009380863039399624765478400,0,17
0,Baseline,89,2026-09-23,2026-09-29,PatternB,Call,23450.0000,6,12:08:32.000,12:08:32.000,12:08:48.000,-1383.9700,1.6699029126213592233009708700,0.1941747572815533980582524300,16
0,Baseline,90,2026-09-23,2026-09-29,PatternA,Put,23450.0000,6,12:08:48.000,12:08:48.000,12:10:28.000,-757.9800,1.262862488306828811973807300,1.0289990645463049579045837200,100
0,Baseline,91,2026-09-23,2026-09-29,PatternB,Call,23450.0000,6,12:10:28.000,12:10:28.000,12:12:09.000,2319.3000,0.5498821681068342498036135100,3.8884524744697564807541241200,101
0,Baseline,92,2026-09-23,2026-09-29,PatternA,Put,23500.0000,6,12:12:09.000,12:12:09.000,12:12:55.000,-604.0900,1.1341415721548689870942510800,0.1564333202972233085647242900,46
0,Baseline,93,2026-09-23,2026-09-29,PatternB,Call,23500.0000,6,12:12:55.000,12:12:55.000,12:13:48.000,-367.6600,0.8056872037914691943127962100,3.0805687203791469194312796200,53
0,Baseline,94,2026-09-23,2026-09-29,PatternA,Put,23500.0000,6,12:13:48.000,12:13:48.000,12:16:42.000,370.3600,0.7047768206734534064212999200,1.4095536413469068128425998400,174
0,Baseline,95,2026-09-23,2026-09-29,PatternB,Call,23450.0000,6,12:16:42.000,12:16:42.000,12:25:44.000,-2585.9400,3.248259860788863109048723900,4.3310131477184841453982985300,542
0,Baseline,96,2026-09-23,2026-09-29,PatternA,Put,23450.0000,6,12:25:44.000,12:25:44.000,12:28:50.000,-563.3700,1.2087401208740120874012087400,1.0227801022780102278010227800,186
0,Baseline,97,2026-09-23,2026-09-29,PatternB,Call,23450.0000,6,12:28:50.000,12:28:50.000,12:31:32.000,-3234.1600,3.9316918189038919777601270800,0.3971405877680698967434471800,162
0,Baseline,98,2026-09-23,2026-09-29,PatternA,Put,23450.0000,6,12:31:32.000,12:31:32.000,12:31:50.000,-271.9000,1.0943912448700410396716826300,0.1367989056087551299589603300,18
0,Baseline,99,2026-09-23,2026-09-29,PatternB,Call,23450.0000,6,12:31:50.000,12:31:50.000,12:39:57.000,1834.6900,1.2815212897891690781314592800,4.5886730053741215378255477500,487
0,Baseline,100,2026-09-23,2026-09-29,PatternA,Put,23450.0000,6,12:39:57.000,12:39:57.000,12:40:58.000,-563.3500,1.0697674418604651162790697700,0.418604651162790697674418600,61
0,Baseline,101,2026-09-23,2026-09-29,PatternB,Call,23450.0000,6,12:40:58.000,12:40:58.000,12:47:05.000,-3396.1700,4.1216486594637855142056822700,1.8007202881152460984393757500,367
0,Baseline,102,2026-09-23,2026-09-29,PatternA,Put,23450.0000,6,12:47:05.000,12:47:05.000,13:02:31.000,-3130.2400,5.4570259208731241473396998600,1.4097316962255570713960891300,926
0,Baseline,103,2026-09-23,2026-09-29,PatternB,Call,23450.0000,6,13:02:31.000,13:02:31.000,13:11:32.000,-3266.3900,3.990422984836392657621707900,2.7932960893854748603351955300,541
0,Baseline,104,2026-09-23,2026-09-29,PatternA,Put,23450.0000,6,13:11:32.000,13:11:32.000,13:22:43.000,-2675.2000,4.3060009161704076958314246400,0.6871278057718735684837379800,671
0,Baseline,105,2026-09-23,2026-09-29,PatternB,Call,23450.0000,6,13:22:43.000,13:22:43.000,13:29:39.000,-3980.6000,4.9015668943350743270389714700,1.2454801124949779027721976700,416
0,Baseline,106,2026-09-23,2026-09-29,PatternA,Put,23450.0000,6,13:29:39.000,13:29:39.000,13:31:57.000,1969.0500,0.1818181818181818181818181800,3.4090909090909090909090909100,138
0,Baseline,107,2026-09-23,2026-09-29,PatternB,Call,23450.0000,6,13:31:57.000,13:31:57.000,13:32:38.000,-761.0900,1.6150152771715408118725447400,0.6547359231776516804888694900,41
0,Baseline,108,2026-09-23,2026-09-29,PatternA,Put,23450.0000,6,13:32:38.000,13:32:38.000,13:36:37.000,2747.0600,0.6596306068601583113456464400,5.8487247141600703605980650800,239
0,Baseline,109,2026-09-23,2026-09-29,PatternB,Call,23450.0000,6,13:36:37.000,13:36:37.000,13:47:27.000,2749.9100,0.4686035613870665417057169600,8.481724461105904404873477040,650
0,Baseline,110,2026-09-23,2026-09-29,PatternA,Put,23450.0000,6,13:47:27.000,13:47:27.000,13:49:49.000,-1344.9100,2.2656597067969791203909373600,0.5775211017325633051976899200,142
0,Baseline,111,2026-09-23,2026-09-29,PatternB,Call,23450.0000,6,13:49:49.000,13:49:49.000,13:57:55.000,-2741.6200,4.3458980044345898004434589800,0.6651884700665188470066518800,486
0,Baseline,112,2026-09-23,2026-09-29,PatternA,Put,23450.0000,6,13:57:55.000,13:57:55.000,14:03:28.000,-3229.3000,5.0899517332163229486616937300,0.8336989907854322071083808700,333
0,Baseline,113,2026-09-23,2026-09-29,PatternB,Call,23450.0000,6,14:03:28.000,14:03:28.000,14:05:15.000,1383.0200,0.3966505068312031732040546500,2.6884089907448215072719259600,107
0,Baseline,114,2026-09-23,2026-09-29,PatternA,Put,23450.0000,6,14:05:15.000,14:05:15.000,14:10:06.000,-1602.3700,3.2802249297094657919400187400,1.9212746016869728209934395500,291
0,Baseline,115,2026-09-23,2026-09-29,PatternB,Call,23450.0000,6,14:10:06.000,14:10:06.000,14:10:59.000,991.4100,0.1694915254237288135593220300,2.1610169491525423728813559300,53
0,Baseline,116,2026-09-23,2026-09-29,PatternA,Put,23450.0000,6,14:10:59.000,14:10:59.000,14:11:19.000,-1048.7300,2.8141678796700630761766132900,0,20
0,Baseline,117,2026-09-23,2026-09-29,PatternB,Call,23450.0000,6,14:11:19.000,14:11:19.000,14:13:04.000,210.5000,0.9057225195553725813091807300,2.5113215314944421572663647600,105
0,Baseline,118,2026-09-23,2026-09-29,PatternA,Put,23450.0000,6,14:13:04.000,14:13:04.000,14:14:23.000,153.9300,1.2896825396825396825396825400,1.0416666666666666666666666700,79
0,Baseline,119,2026-09-23,2026-09-29,PatternB,Call,23450.0000,6,14:14:23.000,14:14:23.000,14:15:15.000,-82.0000,0.2050861361771944216570959800,1.2715340442986054142739950800,52
0,Baseline,120,2026-09-23,2026-09-29,PatternA,Put,23450.0000,6,14:15:15.000,14:15:15.000,14:17:38.000,836.0400,0.5461767626613704071499503500,2.6812313803376365441906653400,143
0,Baseline,121,2026-09-23,2026-09-29,PatternB,Call,23450.0000,6,14:17:38.000,14:17:38.000,14:18:02.000,-178.6700,1.00,0,24
0,Baseline,122,2026-09-23,2026-09-29,PatternA,Put,23450.0000,6,14:18:02.000,14:18:02.000,14:18:46.000,-528.7500,0.7820136852394916911045943300,0.6842619745845552297165200400,44
0,Baseline,123,2026-09-23,2026-09-29,PatternB,Call,23450.0000,6,14:18:46.000,14:18:46.000,14:21:02.000,-2225.0700,3.196347031963470319634703200,1.5774180157741801577418015800,136
0,Baseline,124,2026-09-23,2026-09-29,PatternA,Put,23450.0000,6,14:21:02.000,14:21:02.000,14:22:07.000,-789.3400,1.1041766682669227076332213200,0.7201152184349495919347095500,65
0,Baseline,125,2026-09-23,2026-09-29,PatternB,Call,23450.0000,6,14:22:06.000,14:22:06.000,14:24:46.000,1348.3000,1.3871374527112232030264817200,3.7831021437578814627994955900,160
0,Baseline,126,2026-09-23,2026-09-29,PatternA,Put,23450.0000,6,14:24:46.000,14:24:46.000,14:26:48.000,-301.1900,1.1296660117878192534381139500,0.589390962671905697445972500,122
0,Baseline,127,2026-09-23,2026-09-29,PatternB,Call,23450.0000,6,14:26:48.000,14:26:48.000,14:29:07.000,2256.6800,0.7815713698066639243109831300,4.9773755656108597285067873300,139
0,Baseline,128,2026-09-23,2026-09-29,PatternA,Put,23500.0000,6,14:29:07.000,14:29:07.000,14:29:35.000,-2647.9000,3.4454470877768662838392124700,0.5332239540607054963084495500,28
0,Baseline,129,2026-09-23,2026-09-29,PatternB,Call,23500.0000,6,14:29:35.000,14:29:35.000,14:30:12.000,-756.0900,1.6136919315403422982885085600,1.6136919315403422982885085600,37
0,Baseline,130,2026-09-23,2026-09-29,PatternA,Put,23500.0000,6,14:30:12.000,14:30:12.000,14:37:56.000,7844.2600,0.756938603868797308662741800,12.615643397813288477712363330,464
0,Baseline,131,2026-09-23,2026-09-29,PatternB,Call,23450.0000,6,14:37:56.000,14:37:56.000,14:40:54.000,-1279.8900,2.9804270462633451957295373700,2.6245551601423487544483985800,178
0,Baseline,132,2026-09-23,2026-09-29,PatternA,Put,23450.0000,6,14:40:54.000,14:40:54.000,14:42:10.000,247.8100,0.3194888178913738019169329100,1.323596531264262893655864900,76
0,Baseline,133,2026-09-23,2026-09-29,PatternB,Call,23450.0000,6,14:42:10.000,14:42:10.000,14:44:20.000,-2643.0600,3.6363636363636363636363636400,1.4090909090909090909090909100,130
0,Baseline,134,2026-09-23,2026-09-29,PatternA,Put,23450.0000,6,14:44:20.000,14:44:20.000,14:44:30.000,-565.5600,0.7082779991146525011066843700,0,10
0,Baseline,135,2026-09-23,2026-09-29,PatternB,Call,23450.0000,6,14:44:30.000,14:44:30.000,14:44:49.000,-303.1400,1.2195121951219512195121951200,0.1407129455909943714821763600,19
0,Baseline,136,2026-09-23,2026-09-29,PatternA,Put,23450.0000,6,14:44:49.000,14:44:49.000,14:44:58.000,-695.3200,1.0661928031985784095957352300,0,9
0,Baseline,137,2026-09-23,2026-09-29,PatternB,Call,23450.0000,6,14:44:58.000,14:44:58.000,14:45:12.000,-1212.8800,1.6301816488122962272938984600,0,14
0,Baseline,138,2026-09-23,2026-09-29,PatternA,Put,23450.0000,6,14:45:12.000,14:45:12.000,14:45:22.000,-1117.9400,1.6299559471365638766519823800,0,10
0,Baseline,139,2026-09-23,2026-09-29,PatternB,Call,23450.0000,6,14:45:22.000,14:45:22.000,14:47:00.000,1223.1200,0.1397949673811742777260018600,2.8424976700838769804287045700,98
0,Baseline,140,2026-09-23,2026-09-29,PatternA,Put,23450.0000,6,14:47:00.000,14:47:00.000,14:48:38.000,1059.9100,0,5.2150045745654162854528819800,98
0,Baseline,141,2026-09-23,2026-09-29,PatternB,Call,23450.0000,6,14:48:38.000,14:48:38.000,14:48:45.000,-303.1400,0.5159474671669793621013133200,0.0938086303939962476547842400,7
0,Baseline,142,2026-09-23,2026-09-29,PatternA,Put,23450.0000,6,14:48:45.000,14:48:45.000,14:49:04.000,-1149.6100,1.8834080717488789237668161400,0,19
0,Baseline,143,2026-09-23,2026-09-29,PatternB,Call,23450.0000,6,14:49:04.000,14:49:04.000,14:49:13.000,248.6900,0.6052141527001862197392923600,0.5586592178770949720670391100,9
0,Baseline,144,2026-09-23,2026-09-29,PatternA,Put,23450.0000,6,14:49:13.000,14:49:13.000,14:51:24.000,1384.7000,0.2287282708142726440988106100,4.0713632204940530649588289100,131
0,Baseline,145,2026-09-23,2026-09-29,PatternB,Call,23450.0000,6,14:51:24.000,14:51:24.000,14:52:43.000,475.8200,0.0463177396943029180176007400,2.5474756831866604909680407600,79
0,Baseline,146,2026-09-23,2026-09-29,PatternA,Put,23450.0000,6,14:52:43.000,14:52:43.000,14:53:30.000,539.9900,0,1.68334849863512283894449500,47
0,Baseline,147,2026-09-23,2026-09-29,PatternB,Call,23450.0000,6,14:53:30.000,14:53:30.000,14:54:58.000,1158.3000,0.6077606358111266947171575500,2.571294997662459093034128100,88
0,Baseline,148,2026-09-23,2026-09-29,PatternA,Put,23450.0000,6,14:54:58.000,14:54:58.000,14:55:06.000,-758.5700,1.1536686663590216889709275500,0.3230272265805260729118597100,8
0,Baseline,149,2026-09-23,2026-09-29,PatternB,Call,23450.0000,6,14:55:06.000,14:55:06.000,14:55:17.000,-499.2000,1.0502283105022831050228310500,0.4109589041095890410958904100,11
0,Baseline,150,2026-09-23,2026-09-29,PatternA,Put,23450.0000,6,14:55:17.000,14:55:17.000,14:55:29.000,-855.7500,1.62488393686165273909006500,0,12
0,Baseline,151,2026-09-23,2026-09-29,PatternB,Call,23450.0000,6,14:55:29.000,14:55:29.000,14:57:32.000,-3584.8300,5.0615595075239398084815321500,0.6383948928408572731418148700,123
0,Baseline,152,2026-09-23,2026-09-29,PatternA,Put,23450.0000,6,14:57:32.000,14:57:32.000,14:58:13.000,-1182.7800,1.6784452296819787985865724400,0.3975265017667844522968197900,41
0,Baseline,153,2026-09-23,2026-09-29,PatternB,Call,23450.0000,6,14:58:13.000,14:58:13.000,14:58:38.000,-1374.7100,2.0764511562057574327512977800,0,25
0,Baseline,154,2026-09-23,2026-09-29,PatternA,Put,23450.0000,6,14:58:38.000,14:58:38.000,15:00:17.000,246.4100,0.7964601769911504424778761100,3.1415929203539823008849557500,99
0,Candidate2ConsecAB,0,2026-09-04,2026-09-08,PatternA,Put,24050.0000,4,09:42:56.000,09:42:56.000,09:44:19.000,-3539.7000,3.1871252761123382770590091500,0.3155569580309245818870306100,83
0,Candidate2ConsecAB,1,2026-09-04,2026-09-08,PatternB,Call,24100.0000,4,10:34:59.000,10:34:59.000,10:36:48.000,-1223.8700,5.325987144168962350780532600,0.6427915518824609733700642800,109
0,Candidate2ConsecAB,2,2026-09-04,2026-09-08,PatternA,Put,24100.0000,4,10:49:36.000,10:49:36.000,10:50:10.000,294.4300,0.872656755009696186166774400,0.5171299288946347769877181600,34
0,Candidate2ConsecAB,3,2026-09-04,2026-09-08,PatternB,Call,24100.0000,4,11:29:25.000,11:29:25.000,11:36:11.000,2706.0500,0.1826484018264840182648401800,11.415525114155251141552511420,406
0,Candidate2ConsecAB,4,2026-09-04,2026-09-08,PatternA,Put,24100.0000,4,11:46:11.000,11:46:11.000,11:48:35.000,5.9900,1.8256975542542197726489838100,0.2755769893213916637960730300,144
0,Candidate2ConsecAB,5,2026-09-04,2026-09-08,PatternB,Call,24100.0000,4,12:06:19.000,12:06:19.000,12:07:54.000,-1320.6600,3.9735099337748344370860927200,0,95
0,Candidate2ConsecAB,6,2026-09-04,2026-09-08,PatternB,Call,24100.0000,4,12:15:24.000,12:15:24.000,12:22:28.000,-2163.2800,7.4534161490683229813664596300,1.1387163561076604554865424400,424
0,Candidate2ConsecAB,7,2026-09-04,2026-09-08,PatternB,Call,24050.0000,4,13:06:32.000,13:06:32.000,13:10:21.000,1860.3800,1.3864818024263431542461005200,6.932409012131715771230502600,229
0,Candidate2ConsecAB,8,2026-09-04,2026-09-08,PatternA,Put,24100.0000,4,13:25:11.000,13:25:11.000,13:29:06.000,6432.5600,0.2243589743589743589743589700,6.6346153846153846153846153800,235
0,Candidate2ConsecAB,9,2026-09-04,2026-09-08,PatternB,Call,24050.0000,4,13:33:41.000,13:33:41.000,13:36:21.000,-543.3600,4.6312178387650085763293310500,0,160
0,Candidate2ConsecAB,10,2026-09-04,2026-09-08,PatternA,Put,24050.0000,4,14:24:42.000,14:24:42.000,14:25:40.000,-2778.6700,3.4274193548387096774193548400,0.4838709677419354838709677400,58
0,Candidate2ConsecAB,0,2026-09-08,2026-09-08,PatternB,Call,23800.0000,0,09:18:14.000,09:18:14.000,09:18:19.000,-397.9400,2.7295285359801488833746898300,0,5
0,Candidate2ConsecAB,1,2026-09-08,2026-09-08,PatternB,Call,23800.0000,0,09:18:37.000,09:18:37.000,09:19:54.000,-397.8200,4.0302267002518891687657430700,0.7556675062972292191435768300,77
0,Candidate2ConsecAB,2,2026-09-08,2026-09-08,PatternB,Call,23800.0000,0,09:38:03.000,09:38:03.000,09:38:11.000,-39.8500,0.8264462809917355371900826400,0,8
0,Candidate2ConsecAB,3,2026-09-08,2026-09-08,PatternB,Call,23800.0000,0,09:40:03.000,09:40:03.000,09:42:02.000,-364.2200,5.5555555555555555555555555600,1.7543859649122807017543859600,119
0,Candidate2ConsecAB,4,2026-09-08,2026-09-08,PatternB,Call,23750.0000,0,09:45:10.000,09:45:10.000,09:46:01.000,-269.8700,2.6315789473684210526315789500,1.8218623481781376518218623500,51
0,Candidate2ConsecAB,5,2026-09-08,2026-09-08,PatternB,Call,23800.0000,0,09:54:11.000,09:54:11.000,09:57:40.000,-1078.2700,11.987381703470031545741324920,0.9463722397476340694006309100,209
0,Candidate2ConsecAB,6,2026-09-08,2026-09-08,PatternA,Put,23800.0000,0,10:01:31.000,10:01:31.000,10:01:33.000,-605.3300,0.6875477463712757830404889200,0,2
0,Candidate2ConsecAB,7,2026-09-08,2026-09-08,PatternB,Call,23750.0000,0,10:45:08.000,10:45:08.000,10:53:51.000,3012.3400,0.2457002457002457002457002500,37.346437346437346437346437350,523
0,Candidate2ConsecAB,8,2026-09-08,2026-09-08,PatternA,Put,23800.0000,0,11:11:34.000,11:11:34.000,11:14:59.000,-796.5300,1.8875666803446860894542470300,3.4058268362741075092326631100,205
0,Candidate2ConsecAB,9,2026-09-08,2026-09-08,PatternB,Call,23750.0000,0,11:50:29.000,11:50:29.000,11:50:50.000,123.1100,0,2.686567164179104477611940300,21
0,Candidate2ConsecAB,10,2026-09-08,2026-09-08,PatternB,Call,23750.0000,0,12:04:27.000,12:04:27.000,12:04:57.000,-233.5100,2.9702970297029702970297029700,0.9900990099009900990099009900,30
0,Candidate2ConsecAB,11,2026-09-08,2026-09-08,PatternB,Call,23750.0000,0,12:13:00.000,12:13:00.000,12:14:55.000,-266.1300,4.193548387096774193548387100,2.2580645161290322580645161300,115
0,Candidate2ConsecAB,12,2026-09-08,2026-09-08,PatternB,Call,23750.0000,0,12:45:45.000,12:45:45.000,12:48:16.000,-785.3000,9.473684210526315789473684210,1.7543859649122807017543859600,151
0,Candidate2ConsecAB,13,2026-09-08,2026-09-08,PatternB,Call,23750.0000,0,14:18:28.000,14:18:28.000,14:20:06.000,-426.9900,12.393162393162393162393162390,0,98
0,Candidate2ConsecAB,14,2026-09-08,2026-09-08,PatternA,Put,23750.0000,0,14:23:23.000,14:23:23.000,14:25:06.000,545.3300,0.9819121447028423772609819100,3.1007751937984496124031007800,103
0,Candidate2ConsecAB,15,2026-09-08,2026-09-08,PatternB,Call,23750.0000,0,14:48:56.000,14:48:56.000,14:50:30.000,-621.6000,13.122171945701357466063348420,1.8099547511312217194570135700,94
0,Candidate2ConsecAB,0,2026-09-09,2026-09-15,PatternA,Put,23600.0000,6,09:23:22.000,09:23:22.000,09:23:31.000,-779.0000,1.0085092971950835171761739700,0,9
0,Candidate2ConsecAB,1,2026-09-09,2026-09-15,PatternA,Put,23600.0000,6,09:25:13.000,09:25:13.000,09:26:01.000,-2562.6200,2.5683240039512676983865656900,0.4280540006585446163977609500,48
0,Candidate2ConsecAB,2,2026-09-09,2026-09-15,PatternB,Call,23600.0000,6,09:30:59.000,09:30:59.000,09:31:41.000,1123.4600,0.6651884700665188470066518800,2.70509977827050997782705100,42
0,Candidate2ConsecAB,3,2026-09-09,2026-09-15,PatternB,Call,23600.0000,6,10:13:04.000,10:13:04.000,10:13:32.000,218.6600,0,0.7893438579181055747409965500,28
0,Candidate2ConsecAB,4,2026-09-09,2026-09-15,PatternA,Put,23600.0000,6,10:13:58.000,10:13:58.000,10:16:29.000,-1818.1900,1.8957345971563981042654028400,1.8957345971563981042654028400,151
0,Candidate2ConsecAB,5,2026-09-09,2026-09-15,PatternB,Call,23600.0000,6,10:19:31.000,10:19:31.000,10:20:04.000,149.9900,0.4524886877828054298642533900,2.986425339366515837104072400,33
0,Candidate2ConsecAB,6,2026-09-09,2026-09-15,PatternB,Call,23650.0000,6,10:21:20.000,10:21:20.000,10:24:15.000,6880.7200,1.8980477223427331887201735400,12.255965292841648590021691970,175
0,Candidate2ConsecAB,7,2026-09-09,2026-09-15,PatternA,Put,23650.0000,6,10:28:21.000,10:28:21.000,10:28:41.000,-192.8500,0.5810200129115558424790187200,0.4841833440929632020658489300,20
0,Candidate2ConsecAB,8,2026-09-09,2026-09-15,PatternA,Put,23650.0000,6,10:31:51.000,10:31:51.000,10:32:29.000,487.3000,0.3445036016285624804259317300,1.4719699342311305981835264600,38
0,Candidate2ConsecAB,9,2026-09-09,2026-09-15,PatternB,Call,23600.0000,6,10:52:47.000,10:52:47.000,10:57:38.000,4145.8600,0.5537609598523304107060452200,7.7526534379326257498846331300,291
0,Candidate2ConsecAB,10,2026-09-09,2026-09-15,PatternB,Call,23600.0000,6,12:07:58.000,12:07:58.000,12:08:04.000,-232.4800,0.3781739600216099405726634300,0.1080497028633171258779038400,6
0,Candidate2ConsecAB,11,2026-09-09,2026-09-15,PatternB,Call,23600.0000,6,12:11:25.000,12:11:25.000,12:15:03.000,1553.3000,0,3.7745879851143009037745879900,218
0,Candidate2ConsecAB,12,2026-09-09,2026-09-15,PatternB,Call,23650.0000,6,12:33:10.000,12:33:10.000,12:34:39.000,6590.2300,0,14.424173318129988597491448120,89
0,Candidate2ConsecAB,13,2026-09-09,2026-09-15,PatternB,Call,23650.0000,6,12:44:11.000,12:44:11.000,12:44:50.000,-1213.5300,2.5699862322166131252868288200,0.367140890316659017898118400,39
0,Candidate2ConsecAB,14,2026-09-09,2026-09-15,PatternA,Put,23650.0000,6,12:45:00.000,12:45:00.000,12:46:23.000,1241.9100,0.6737588652482269503546099300,3.1560283687943262411347517700,83
0,Candidate2ConsecAB,15,2026-09-09,2026-09-15,PatternB,Call,23650.0000,6,12:46:28.000,12:46:28.000,12:48:38.000,509.3000,1.6587677725118483412322274900,3.8388625592417061611374407600,130
0,Candidate2ConsecAB,16,2026-09-09,2026-09-15,PatternA,Put,23650.0000,6,13:17:26.000,13:17:26.000,13:27:23.000,-2626.6500,3.6776997659645603477097960500,1.3707790036776997659645603500,597
0,Candidate2ConsecAB,17,2026-09-09,2026-09-15,PatternB,Call,23650.0000,6,13:57:16.000,13:57:16.000,14:03:15.000,6523.3600,0.4329004329004329004329004300,12.824675324675324675324675320,359
0,Candidate2ConsecAB,18,2026-09-09,2026-09-15,PatternB,Call,23600.0000,6,14:47:33.000,14:47:33.000,14:51:10.000,1519.8200,0.9844559585492227979274611400,3.1088082901554404145077720200,217
0,Candidate2ConsecAB,0,2026-09-10,2026-09-15,PatternB,Call,23550.0000,5,09:16:22.000,09:16:22.000,09:16:28.000,-588.1100,0.6779661016949152542372881400,0.7909604519774011299435028200,6
0,Candidate2ConsecAB,1,2026-09-10,2026-09-15,PatternB,Call,23550.0000,5,09:54:50.000,09:54:50.000,09:55:09.000,-748.7000,2.2605591909577632361689470600,0,19
0,Candidate2ConsecAB,2,2026-09-10,2026-09-15,PatternB,Call,23500.0000,5,10:03:22.000,10:03:22.000,10:10:52.000,318.9700,3.234358430540827147401908800,5.938494167550371155885471900,450
0,Candidate2ConsecAB,3,2026-09-10,2026-09-15,PatternB,Call,23500.0000,5,10:30:10.000,10:30:10.000,10:34:26.000,-300.3800,1.9038076152304609218436873700,2.2044088176352705410821643300,256
0,Candidate2ConsecAB,4,2026-09-10,2026-09-15,PatternB,Call,23550.0000,5,10:37:56.000,10:37:56.000,10:40:55.000,3118.9200,0.9640102827763496143958868900,8.290488431876606683804627250,179
0,Candidate2ConsecAB,5,2026-09-10,2026-09-15,PatternA,Put,23550.0000,5,10:41:13.000,10:41:13.000,10:43:00.000,591.7800,0.7730147575544624033731553100,2.6001405481377371749824314800,107
0,Candidate2ConsecAB,6,2026-09-10,2026-09-15,PatternA,Put,23550.0000,5,11:48:17.000,11:48:17.000,11:51:13.000,-2916.9600,3.3540802213001383125864453700,0.7952973720608575380359612700,176
0,Candidate2ConsecAB,7,2026-09-10,2026-09-15,PatternA,Put,23550.0000,5,12:18:35.000,12:18:35.000,12:19:34.000,-703.6200,2.1428571428571428571428571400,0.8646616541353383458646616500,59
0,Candidate2ConsecAB,8,2026-09-10,2026-09-15,PatternB,Call,23550.0000,5,12:20:26.000,12:20:26.000,12:22:42.000,1036.0000,1.0770975056689342403628117900,6.1224489795918367346938775500,136
0,Candidate2ConsecAB,9,2026-09-10,2026-09-15,PatternB,Call,23500.0000,5,14:59:49.000,14:59:49.000,15:00:16.000,-2468.4000,4.6992481203007518796992481200,0.3759398496240601503759398500,27
0,Candidate2ConsecAB,0,2026-09-11,2026-09-15,PatternB,Call,23300.0000,4,09:15:28.000,09:15:28.000,09:15:33.000,-1237.0900,1.8390804597701149425287356300,0.6896551724137931034482758600,5
0,Candidate2ConsecAB,1,2026-09-11,2026-09-15,PatternB,Call,23300.0000,4,09:17:14.000,09:17:14.000,09:17:42.000,356.0400,0.3614457831325301204819277100,1.2650602409638554216867469900,28
0,Candidate2ConsecAB,2,2026-09-11,2026-09-15,PatternA,Put,23300.0000,4,09:18:36.000,09:18:36.000,09:18:49.000,-312.2400,0.4651162790697674418604651200,1.2403100775193798449612403100,13
0,Candidate2ConsecAB,3,2026-09-11,2026-09-15,PatternB,Call,23300.0000,4,09:24:42.000,09:24:42.000,09:25:02.000,-132.8600,0.8027522935779816513761467900,0.7454128440366972477064220200,20
0,Candidate2ConsecAB,4,2026-09-11,2026-09-15,PatternA,Put,23300.0000,4,09:25:05.000,09:25:05.000,09:25:36.000,-1479.3200,3.3980582524271844660194174800,0.6067961165048543689320388300,31
0,Candidate2ConsecAB,5,2026-09-11,2026-09-15,PatternA,Put,23300.0000,4,09:27:59.000,09:27:59.000,09:28:42.000,1118.8500,0.2820306204673650282030620500,2.1756647864625302175664786500,43
0,Candidate2ConsecAB,6,2026-09-11,2026-09-15,PatternA,Put,23300.0000,4,09:44:16.000,09:44:16.000,09:48:10.000,2320.9900,0.6902151847340641494112870500,3.8976857490864799025578562700,234
0,Candidate2ConsecAB,7,2026-09-11,2026-09-15,PatternA,Put,23350.0000,4,10:06:59.000,10:06:59.000,10:07:15.000,-740.5900,0.8330440819160013884068031900,0.104130510239500173550850400,16
0,Candidate2ConsecAB,8,2026-09-11,2026-09-15,PatternA,Put,23350.0000,4,10:26:25.000,10:26:25.000,10:28:47.000,3876.8600,0.4965622612681436210847975600,5.4239877769289533995416348400,142
0,Candidate2ConsecAB,9,2026-09-11,2026-09-15,PatternA,Put,23350.0000,4,10:35:40.000,10:35:40.000,10:36:21.000,-995.2900,1.6742770167427701674277016700,0,41
0,Candidate2ConsecAB,10,2026-09-11,2026-09-15,PatternB,Call,23350.0000,4,10:54:06.000,10:54:06.000,10:54:51.000,-941.9100,2.0012507817385866166353971200,0.1250781738586616635397123200,45
0,Candidate2ConsecAB,11,2026-09-11,2026-09-15,PatternA,Put,23350.0000,4,10:55:42.000,10:55:42.000,10:56:52.000,270.5200,0.5239520958083832335329341300,1.6841317365269461077844311400,70
0,Candidate2ConsecAB,12,2026-09-11,2026-09-15,PatternB,Call,23400.0000,4,11:19:44.000,11:19:44.000,11:20:57.000,-1335.9300,2.3217247097844112769485903800,6.5782200110558319513543394100,73
0,Candidate2ConsecAB,13,2026-09-11,2026-09-15,PatternA,Put,23400.0000,4,11:30:06.000,11:30:06.000,11:30:42.000,337.4700,0.4273504273504273504273504300,1.2432012432012432012432012400,36
0,Candidate2ConsecAB,14,2026-09-11,2026-09-15,PatternA,Put,23450.0000,4,11:47:06.000,11:47:06.000,11:47:46.000,-677.3600,1.7532029669588671611598111900,0.1348617666891436277815239400,40
0,Candidate2ConsecAB,15,2026-09-11,2026-09-15,PatternA,Put,23400.0000,4,11:51:27.000,11:51:27.000,11:55:26.000,209.2200,0.9229534510433386837881219900,3.1701444622792937399678972700,239
0,Candidate2ConsecAB,16,2026-09-11,2026-09-15,PatternA,Put,23400.0000,4,12:28:13.000,12:28:13.000,12:33:40.000,-636.9600,4.5419254658385093167701863400,0.9704968944099378881987577600,327
0,Candidate2ConsecAB,17,2026-09-11,2026-09-15,PatternA,Put,23400.0000,4,12:37:16.000,12:37:16.000,12:37:39.000,-1187.8800,1.3916500994035785288270377700,0,23
0,Candidate2ConsecAB,18,2026-09-11,2026-09-15,PatternA,Put,23400.0000,4,13:00:45.000,13:00:45.000,13:02:12.000,1768.6500,0.4449838187702265372168284800,2.7508090614886731391585760500,87
0,Candidate2ConsecAB,19,2026-09-11,2026-09-15,PatternA,Put,23400.0000,4,13:03:24.000,13:03:24.000,13:03:52.000,-506.9400,0.8168028004667444574095682600,0.3500583430571761960326721100,28
0,Candidate2ConsecAB,20,2026-09-11,2026-09-15,PatternB,Call,23400.0000,4,13:21:59.000,13:21:59.000,13:22:14.000,-160.1200,0.4034969737726967047747141900,0.8742434431741761936785474100,15
0,Candidate2ConsecAB,21,2026-09-11,2026-09-15,PatternB,Call,23400.0000,4,13:44:16.000,13:44:16.000,13:46:50.000,-2272.5000,7.956015523932729624838292370,1.2936610608020698576972833100,154
0,Candidate2ConsecAB,22,2026-09-11,2026-09-15,PatternA,Put,23500.0000,4,14:04:58.000,14:04:58.000,14:05:41.000,2416.7400,0,4.3597800471327572663000785500,43
0,Candidate2ConsecAB,23,2026-09-11,2026-09-15,PatternB,Call,23500.0000,4,14:15:55.000,14:15:55.000,14:19:03.000,-1946.4500,8.153638814016172506738544470,0.2695417789757412398921832900,188
0,Candidate2ConsecAB,24,2026-09-11,2026-09-15,PatternB,Call,23500.0000,4,14:26:23.000,14:26:23.000,14:27:48.000,1203.7400,0.1998667554963357761492338400,4.7968021319120586275816122600,85
0,Candidate2ConsecAB,25,2026-09-11,2026-09-15,PatternA,Put,23500.0000,4,14:27:51.000,14:27:51.000,14:29:24.000,-3335.2300,3.6707452725250278086763070100,0.6674082313681868743047830900,93
0,Candidate2ConsecAB,26,2026-09-11,2026-09-15,PatternB,Call,23500.0000,4,14:42:54.000,14:42:54.000,14:45:30.000,-2371.4200,5.1266213712168004941321803600,0,156
0,Candidate2ConsecAB,0,2026-09-15,2026-09-15,PatternB,Call,23550.0000,0,09:16:29.000,09:16:29.000,09:16:42.000,1285.1900,0.870827285921625544267053700,8.853410740203193033381712630,13
0,Candidate2ConsecAB,1,2026-09-15,2026-09-15,PatternB,Call,23500.0000,0,09:19:41.000,09:19:41.000,09:20:19.000,-1417.9300,4.2897998093422306959008579600,3.4318398474737845567206863700,38
0,Candidate2ConsecAB,2,2026-09-15,2026-09-15,PatternB,Call,23500.0000,0,09:35:09.000,09:35:09.000,09:35:53.000,-1055.8600,4.6740467404674046740467404700,2.7060270602706027060270602700,44
0,Candidate2ConsecAB,3,2026-09-15,2026-09-15,PatternB,Call,23450.0000,0,09:52:37.000,09:52:37.000,09:53:31.000,-1350.2900,7.0883315158124318429661941100,0,54
0,Candidate2ConsecAB,4,2026-09-15,2026-09-15,PatternB,Call,23400.0000,0,09:58:26.000,09:58:26.000,09:59:08.000,2121.0700,0.9892086330935251798561151100,8.273381294964028776978417270,42
0,Candidate2ConsecAB,5,2026-09-15,2026-09-15,PatternB,Call,23450.0000,0,10:13:15.000,10:13:15.000,10:13:43.000,-763.8100,3.3898305084745762711864406800,1.0895883777239709443099273600,28
0,Candidate2ConsecAB,6,2026-09-15,2026-09-15,PatternA,Put,23450.0000,0,10:13:53.000,10:13:53.000,10:26:13.000,5419.4800,1.0946907498631636562671045400,14.230979748221127531472359060,740
0,Candidate2ConsecAB,7,2026-09-15,2026-09-15,PatternB,Call,23400.0000,0,10:42:14.000,10:42:14.000,10:42:56.000,-18.5000,1.2074643249176728869374313900,1.6465422612513721185510428100,42
0,Candidate2ConsecAB,8,2026-09-15,2026-09-15,PatternA,Put,23350.0000,0,11:10:24.000,11:10:24.000,11:12:15.000,-4735.8200,16.086620262954369682907965970,0,111
0,Candidate2ConsecAB,9,2026-09-15,2026-09-15,PatternB,Call,23400.0000,0,12:05:31.000,12:05:31.000,12:05:54.000,-112.1700,1.3793103448275862068965517200,0.5517241379310344827586206900,23
0,Candidate2ConsecAB,10,2026-09-15,2026-09-15,PatternB,Call,23350.0000,0,13:06:09.000,13:06:09.000,13:09:00.000,-1702.0900,10.200927357032457496136012360,0,171
0,Candidate2ConsecAB,11,2026-09-15,2026-09-15,PatternA,Put,23300.0000,0,13:31:06.000,13:31:06.000,13:32:51.000,2088.1200,0.1762114537444933920704845800,15.682819383259911894273127750,105
0,Candidate2ConsecAB,12,2026-09-15,2026-09-15,PatternB,Call,23300.0000,0,13:41:51.000,13:41:51.000,13:43:47.000,280.4100,4.9488054607508532423208191100,4.7781569965870307167235494900,116
0,Candidate2ConsecAB,13,2026-09-15,2026-09-15,PatternB,Call,23300.0000,0,13:45:18.000,13:45:18.000,13:46:34.000,-142.7200,2.2222222222222222222222222200,8.095238095238095238095238100,76
0,Candidate2ConsecAB,14,2026-09-15,2026-09-15,PatternB,Call,23300.0000,0,13:46:53.000,13:46:53.000,13:47:38.000,-1150.1300,5.9360730593607305936073059400,0.9132420091324200913242009100,45
0,Candidate2ConsecAB,15,2026-09-15,2026-09-15,PatternB,Call,23300.0000,0,13:47:48.000,13:47:48.000,13:48:15.000,-208.1400,2.2970903522205206738131699800,0.3062787136294027565084226600,27
0,Candidate2ConsecAB,16,2026-09-15,2026-09-15,PatternA,Put,23300.0000,0,13:53:52.000,13:53:52.000,13:54:38.000,-544.3300,1.6474464579901153212520593100,0.4942339373970345963756177900,46
0,Candidate2ConsecAB,17,2026-09-15,2026-09-15,PatternA,Put,23300.0000,0,14:05:06.000,14:05:06.000,14:08:43.000,494.5900,2.2672064777327935222672064800,8.259109311740890688259109310,217
0,Candidate2ConsecAB,18,2026-09-15,2026-09-15,PatternA,Put,23250.0000,0,14:18:13.000,14:18:13.000,14:19:00.000,1141.1000,2.8839221341023792357606344600,5.7678442682047584715212689300,47
0,Candidate2ConsecAB,19,2026-09-15,2026-09-15,PatternB,Call,23250.0000,0,14:20:16.000,14:20:16.000,14:21:12.000,636.2100,1.0622154779969650986342943900,3.94537177541729893778452200,56
0,Candidate2ConsecAB,20,2026-09-15,2026-09-15,PatternB,Call,23250.0000,0,14:26:52.000,14:26:52.000,14:28:39.000,-1995.1500,8.918128654970760233918128650,1.1695906432748538011695906400,107
0,Candidate2ConsecAB,21,2026-09-15,2026-09-15,PatternA,Put,23250.0000,0,14:30:55.000,14:30:55.000,14:31:15.000,-1849.5300,4.0397350993377483443708609300,0,20
0,Candidate2ConsecAB,22,2026-09-15,2026-09-15,PatternA,Put,23250.0000,0,14:42:08.000,14:42:08.000,14:42:34.000,-1780.1900,5.1004636785162287480680061800,0,26
0,Candidate2ConsecAB,23,2026-09-15,2026-09-15,PatternA,Put,23200.0000,0,14:47:40.000,14:47:40.000,14:50:15.000,3419.7300,2.4604569420035149384885764500,24.516695957820738137082601050,155
0,Candidate2ConsecAB,24,2026-09-15,2026-09-15,PatternA,Put,23200.0000,0,14:55:32.000,14:55:32.000,14:57:34.000,-704.4800,3.7171350861287398005439709900,3.7171350861287398005439709900,122
0,Candidate2ConsecAB,0,2026-09-16,2026-09-22,PatternA,Put,23300.0000,6,09:19:51.000,09:19:51.000,09:20:37.000,256.3000,1.4234875444839857651245551600,2.7876631079478054567022538600,46
0,Candidate2ConsecAB,1,2026-09-16,2026-09-22,PatternA,Put,23300.0000,6,09:20:52.000,09:20:52.000,09:21:36.000,-913.4700,0.7948189579040329702678834300,3.5619664409773329408301442400,44
0,Candidate2ConsecAB,2,2026-09-16,2026-09-22,PatternA,Put,23300.0000,6,09:21:57.000,09:21:57.000,09:22:44.000,-1238.4900,1.9072769953051643192488262900,2.7582159624413145539906103300,47
0,Candidate2ConsecAB,3,2026-09-16,2026-09-22,PatternA,Put,23200.0000,6,09:42:24.000,09:42:24.000,09:42:31.000,-655.9700,1.8223234624145785876993166300,0.2847380410022779043280182200,7
0,Candidate2ConsecAB,4,2026-09-16,2026-09-22,PatternB,Call,23200.0000,6,09:48:25.000,09:48:25.000,09:50:59.000,7990.6100,0,11.900252525252525252525252530,154
0,Candidate2ConsecAB,5,2026-09-16,2026-09-22,PatternB,Call,23250.0000,6,10:16:18.000,10:16:18.000,10:33:12.000,10883.3800,0.7175472928897586431833007200,13.502935420743639921722113500,1014
0,Candidate2ConsecAB,6,2026-09-16,2026-09-22,PatternA,Put,23300.0000,6,10:33:36.000,10:33:36.000,10:36:41.000,-3549.4700,4.6575342465753424657534246600,1.3150684931506849315068493200,185
0,Candidate2ConsecAB,7,2026-09-16,2026-09-22,PatternA,Put,23300.0000,6,10:49:24.000,10:49:24.000,10:52:24.000,-1432.7000,2.6666666666666666666666666700,4.1481481481481481481481481500,180
0,Candidate2ConsecAB,8,2026-09-16,2026-09-22,PatternB,Call,23250.0000,6,12:03:44.000,12:03:44.000,12:20:02.000,9196.7500,0.8468834688346883468834688300,12.771002710027100271002710030,978
0,Candidate2ConsecAB,9,2026-09-16,2026-09-22,PatternA,Put,23300.0000,6,12:46:03.000,12:46:03.000,12:47:46.000,-1400.3400,1.5084294587400177462289263500,1.2422360248447204968944099400,103
0,Candidate2ConsecAB,10,2026-09-16,2026-09-22,PatternA,Put,23300.0000,6,13:03:48.000,13:03:48.000,13:08:07.000,-8774.4100,8.054667054376272172143064840,0.0581564408258214597266647300,259
0,Candidate2ConsecAB,11,2026-09-16,2026-09-22,PatternB,Call,23350.0000,6,13:19:32.000,13:19:32.000,13:20:05.000,-1936.2700,2.2850503485670023237800154900,0.9682416731216111541440743600,33
0,Candidate2ConsecAB,12,2026-09-16,2026-09-22,PatternA,Put,23300.0000,6,13:23:15.000,13:23:15.000,13:25:18.000,3767.7000,0.0625978090766823161189358400,5.4147104851330203442879499200,123
0,Candidate2ConsecAB,0,2026-09-17,2026-09-22,PatternB,Call,23300.0000,5,09:32:01.000,09:32:01.000,09:33:29.000,6023.5500,1.5795868772782503037667071700,7.5739165654110976103685702700,88
0,Candidate2ConsecAB,1,2026-09-17,2026-09-22,PatternB,Call,23350.0000,5,10:05:04.000,10:05:04.000,10:06:02.000,2035.0500,0.8375988832014890646812470900,8.422522103303862261516984640,58
0,Candidate2ConsecAB,2,2026-09-17,2026-09-22,PatternB,Call,23350.0000,5,10:10:12.000,10:10:12.000,10:10:35.000,-956.6400,1.2478485370051635111876075700,0.344234079173838209982788300,23
0,Candidate2ConsecAB,3,2026-09-17,2026-09-22,PatternB,Call,23350.0000,5,10:14:38.000,10:14:38.000,10:16:51.000,-1185.3400,2.0920502092050209205020920500,2.6778242677824267782426778200,133
0,Candidate2ConsecAB,4,2026-09-17,2026-09-22,PatternA,Put,23350.0000,5,10:20:09.000,10:20:09.000,10:20:19.000,-708.3200,0.9685230024213075060532687700,0.0345901072293324109304738800,10
0,Candidate2ConsecAB,5,2026-09-17,2026-09-22,PatternB,Call,23300.0000,5,10:32:13.000,10:32:13.000,10:33:11.000,-1967.6500,2.6503164556962025316455696200,0.5933544303797468354430379700,58
0,Candidate2ConsecAB,6,2026-09-17,2026-09-22,PatternA,Put,23300.0000,5,10:35:13.000,10:35:13.000,10:43:12.000,499.5200,7.3716711694326514859127749900,4.3998456194519490544191431900,479
0,Candidate2ConsecAB,7,2026-09-17,2026-09-22,PatternB,Call,23300.0000,5,10:45:50.000,10:45:50.000,10:48:27.000,1187.2700,0.6920415224913494809688581300,3.6332179930795847750865051900,157
0,Candidate2ConsecAB,8,2026-09-17,2026-09-22,PatternB,Call,23250.0000,5,11:08:55.000,11:08:55.000,11:10:12.000,81.9200,1.6504443504020313161235717300,2.7507405840033855268726195500,77
0,Candidate2ConsecAB,9,2026-09-17,2026-09-22,PatternA,Put,23400.0000,5,12:08:12.000,12:08:12.000,12:11:31.000,-3112.1600,3.5419532324621733149931224200,0.7221458046767537826685006900,199
0,Candidate2ConsecAB,10,2026-09-17,2026-09-22,PatternB,Call,23400.0000,5,12:12:45.000,12:12:45.000,12:13:50.000,-1244.4700,3.6138849262957679505468378500,0.5706134094151212553495007100,65
0,Candidate2ConsecAB,11,2026-09-17,2026-09-22,PatternA,Put,23400.0000,5,12:18:38.000,12:18:38.000,12:19:44.000,561.1900,0.0726480203414456956047947700,1.41663639665819106429349800,66
0,Candidate2ConsecAB,12,2026-09-17,2026-09-22,PatternA,Put,23400.0000,5,12:23:31.000,12:23:31.000,12:23:41.000,-962.8300,1.141118295930011411182959300,0,10
0,Candidate2ConsecAB,13,2026-09-17,2026-09-22,PatternB,Call,23400.0000,5,12:34:00.000,12:34:00.000,12:40:07.000,4049.9700,1.482544237207077953132472500,8.608321377331420373027259680,367
0,Candidate2ConsecAB,14,2026-09-17,2026-09-22,PatternA,Put,23350.0000,5,13:24:44.000,13:24:44.000,13:25:50.000,3423.3700,0.1563721657544956997654417500,5.7466770914777169663799843600,66
0,Candidate2ConsecAB,15,2026-09-17,2026-09-22,PatternB,Call,23300.0000,5,13:31:41.000,13:31:41.000,13:33:12.000,-369.4600,2.9558890404729422464756707600,2.4101864483856298317417007700,91
0,Candidate2ConsecAB,16,2026-09-17,2026-09-22,PatternA,Put,23300.0000,5,13:38:58.000,13:38:58.000,13:43:47.000,-4635.6600,8.339376359680928208846990570,0.0725163161711385061638868700,289
0,Candidate2ConsecAB,17,2026-09-17,2026-09-22,PatternB,Call,23300.0000,5,13:43:52.000,13:43:52.000,13:45:20.000,-1928.6300,3.3091568449682683590208522200,0.2266545784224841341795104300,88
0,Candidate2ConsecAB,18,2026-09-17,2026-09-22,PatternB,Call,23300.0000,5,14:29:27.000,14:29:27.000,14:33:56.000,-142.5100,1.5772870662460567823343848600,2.9292474087426768814781433100,269
0,Candidate2ConsecAB,19,2026-09-17,2026-09-22,PatternA,Put,23300.0000,5,14:34:19.000,14:34:19.000,14:38:55.000,-7489.3000,15.357283853138570864587445720,1.618634030793525463876825900,276
0,Candidate2ConsecAB,0,2026-09-18,2026-09-22,PatternB,Call,23350.0000,4,09:17:10.000,09:17:10.000,09:17:15.000,-888.1400,1.3953488372093023255813953500,0,5
0,Candidate2ConsecAB,1,2026-09-18,2026-09-22,PatternB,Call,23350.0000,4,09:50:41.000,09:50:41.000,09:51:01.000,-1499.2200,2.6443604964921748515920129500,0.1079330814894765245547760400,20
0,Candidate2ConsecAB,2,2026-09-18,2026-09-22,PatternA,Put,23350.0000,4,09:51:03.000,09:51:03.000,09:51:46.000,-2585.2300,4.4296354370834966679733437900,0.3528028224225793806350450800,43
0,Candidate2ConsecAB,3,2026-09-18,2026-09-22,PatternA,Put,23350.0000,4,10:11:16.000,10:11:16.000,10:11:50.000,-1150.5000,1.4951627088830255057167985900,0.747581354441512752858399300,34
0,Candidate2ConsecAB,4,2026-09-18,2026-09-22,PatternB,Call,23350.0000,4,10:38:36.000,10:38:36.000,10:38:42.000,-425.6500,0.7357102433503112620260328200,0,6
0,Candidate2ConsecAB,5,2026-09-18,2026-09-22,PatternA,Put,23350.0000,4,10:53:57.000,10:53:57.000,10:54:27.000,-1413.5500,1.7680921052631578947368421100,0,30
0,Candidate2ConsecAB,6,2026-09-18,2026-09-22,PatternB,Call,23350.0000,4,10:55:04.000,10:55:04.000,11:11:46.000,-652.5200,8.605851979345955249569707400,3.5570854847963281698221457300,1002
0,Candidate2ConsecAB,7,2026-09-18,2026-09-22,PatternA,Put,23350.0000,4,12:20:41.000,12:20:41.000,12:22:13.000,-2254.8100,3.1222515391380826737027264700,0.1759014951627088830255057200,92
0,Candidate2ConsecAB,8,2026-09-18,2026-09-22,PatternB,Call,23350.0000,4,12:44:42.000,12:44:42.000,12:47:00.000,-752.4800,3.7493304767005891805034815200,0,138
0,Candidate2ConsecAB,9,2026-09-18,2026-09-22,PatternA,Put,23350.0000,4,13:34:45.000,13:34:45.000,13:47:30.000,5286.1200,1.8036072144288577154308617200,12.424849699398797595190380760,765
0,Candidate2ConsecAB,10,2026-09-18,2026-09-22,PatternB,Call,23400.0000,4,14:46:18.000,14:46:18.000,14:51:36.000,4940.3000,0.4189944134078212290502793300,13.617318435754189944134078210,318
0,Candidate2ConsecAB,11,2026-09-18,2026-09-22,PatternA,Put,23400.0000,4,14:51:43.000,14:51:43.000,14:53:16.000,-4330.1000,6.9800569800569800569800569800,0.6172839506172839506172839500,93
0,Candidate2ConsecAB,0,2026-09-21,2026-09-22,PatternB,Call,23400.0000,1,09:19:17.000,09:19:17.000,09:20:36.000,525.7500,1.7692307692307692307692307700,4.3846153846153846153846153800,79
0,Candidate2ConsecAB,1,2026-09-21,2026-09-22,PatternA,Put,23400.0000,1,09:24:29.000,09:24:29.000,09:26:10.000,-34.8000,2.5102159953298307063631056600,3.2107413893753648569760653800,101
0,Candidate2ConsecAB,2,2026-09-21,2026-09-22,PatternA,Put,23400.0000,1,09:29:05.000,09:29:05.000,09:29:15.000,-779.7000,1.8656716417910447761194029900,0,10
0,Candidate2ConsecAB,3,2026-09-21,2026-09-22,PatternB,Call,23400.0000,1,09:31:19.000,09:31:19.000,09:31:21.000,-160.4500,0.2661343978709248170326014600,0.199600798403193612774451100,2
0,Candidate2ConsecAB,4,2026-09-21,2026-09-22,PatternA,Put,23400.0000,1,09:31:30.000,09:31:30.000,09:35:09.000,684.0600,1.9986675549633577614923384400,5.1965356429047301798800799500,219
0,Candidate2ConsecAB,5,2026-09-21,2026-09-22,PatternA,Put,23400.0000,1,11:19:29.000,11:19:29.000,11:20:13.000,-615.2500,2.6542800265428002654280026500,1.3934970139349701393497013900,44
0,Candidate2ConsecAB,6,2026-09-21,2026-09-22,PatternB,Call,23400.0000,1,11:22:07.000,11:22:07.000,11:27:38.000,331.4400,0.6289308176100628930817610100,4.559748427672955974842767300,331
0,Candidate2ConsecAB,7,2026-09-21,2026-09-22,PatternA,Put,23450.0000,1,11:55:03.000,11:55:03.000,11:56:03.000,-1920.0600,3.363228699551569506726457400,0,60
0,Candidate2ConsecAB,8,2026-09-21,2026-09-22,PatternA,Put,23450.0000,1,12:07:16.000,12:07:16.000,12:10:29.000,1491.4200,0.173510699826489300173510700,3.585887796414112203585887800,193
0,Candidate2ConsecAB,9,2026-09-21,2026-09-22,PatternA,Put,23450.0000,1,12:13:09.000,12:13:09.000,12:13:48.000,-717.9900,1.2443438914027149321266968300,0.1131221719457013574660633500,39
0,Candidate2ConsecAB,10,2026-09-21,2026-09-22,PatternB,Call,23400.0000,1,12:38:24.000,12:38:24.000,12:45:54.000,-939.8000,7.6923076923076923076923076900,0.0668896321070234113712374600,450
0,Candidate2ConsecAB,11,2026-09-21,2026-09-22,PatternB,Call,23450.0000,1,13:27:54.000,13:27:54.000,13:28:35.000,-378.5000,1.5311004784688995215311004800,0,41
0,Candidate2ConsecAB,12,2026-09-21,2026-09-22,PatternB,Call,23450.0000,1,13:53:32.000,13:53:32.000,13:53:51.000,-1192.1400,3.108348134991119005328596800,0,19
0,Candidate2ConsecAB,13,2026-09-21,2026-09-22,PatternA,Put,23450.0000,1,13:56:49.000,13:56:49.000,13:57:34.000,-2725.5300,6.4251537935748462064251537900,0,45
0,Candidate2ConsecAB,14,2026-09-21,2026-09-22,PatternA,Put,23450.0000,1,14:03:04.000,14:03:04.000,14:07:33.000,-90.5100,2.5437201907790143084260731300,4.1335453100158982511923688400,269
0,Candidate2ConsecAB,15,2026-09-21,2026-09-22,PatternB,Call,23450.0000,1,14:24:32.000,14:24:32.000,14:25:47.000,-676.4100,1.5151515151515151515151515200,0.5303030303030303030303030300,75
0,Candidate2ConsecAB,0,2026-09-22,2026-09-22,PatternA,Put,23450.0000,0,09:15:22.000,09:15:22.000,09:15:43.000,1638.5100,0,11.425339366515837104072398190,21
0,Candidate2ConsecAB,1,2026-09-22,2026-09-22,PatternA,Put,23450.0000,0,09:27:23.000,09:27:23.000,09:28:21.000,-1972.8500,8.016877637130801687763713080,1.8565400843881856540084388200,58
0,Candidate2ConsecAB,2,2026-09-22,2026-09-22,PatternB,Call,23450.0000,0,09:37:54.000,09:37:54.000,09:39:21.000,1119.1200,1.2643678160919540229885057500,8.045977011494252873563218390,87
0,Candidate2ConsecAB,3,2026-09-22,2026-09-22,PatternA,Put,23450.0000,0,09:48:55.000,09:48:55.000,09:50:24.000,-1414.3400,5.6192660550458715596330275200,2.5229357798165137614678899100,89
0,Candidate2ConsecAB,4,2026-09-22,2026-09-22,PatternB,Call,23450.0000,0,10:25:23.000,10:25:23.000,10:25:57.000,-665.1300,2.614379084967320261437908500,0,34
0,Candidate2ConsecAB,5,2026-09-22,2026-09-22,PatternB,Call,23450.0000,0,10:31:44.000,10:31:44.000,10:32:45.000,-695.0500,3.7558685446009389671361502300,1.7214397496087636932707355200,61
0,Candidate2ConsecAB,6,2026-09-22,2026-09-22,PatternA,Put,23450.0000,0,10:32:47.000,10:32:47.000,10:34:12.000,2314.6700,0.7659574468085106382978723400,9.787234042553191489361702130,85
0,Candidate2ConsecAB,7,2026-09-22,2026-09-22,PatternA,Put,23400.0000,0,10:45:08.000,10:45:08.000,10:45:14.000,-642.8100,1.6600790513833992094861660100,0,6
0,Candidate2ConsecAB,8,2026-09-22,2026-09-22,PatternA,Put,23400.0000,0,10:55:43.000,10:55:43.000,10:55:57.000,-2169.9600,6.9498069498069498069498069500,0,14
0,Candidate2ConsecAB,9,2026-09-22,2026-09-22,PatternA,Put,23400.0000,0,10:56:34.000,10:56:34.000,10:57:16.000,-1096.6100,2.5409836065573770491803278700,4.9180327868852459016393442600,42
0,Candidate2ConsecAB,10,2026-09-22,2026-09-22,PatternB,Call,23400.0000,0,10:57:45.000,10:57:45.000,10:58:03.000,471.2100,0,3.4307496823379923761118170300,18
0,Candidate2ConsecAB,11,2026-09-22,2026-09-22,PatternB,Call,23400.0000,0,11:08:08.000,11:08:08.000,11:12:15.000,1901.8800,0.5633802816901408450704225400,9.718309859154929577464788730,247
0,Candidate2ConsecAB,12,2026-09-22,2026-09-22,PatternB,Call,23400.0000,0,11:23:20.000,11:23:20.000,11:23:46.000,-959.6400,4.4673539518900343642611683800,0,26
0,Candidate2ConsecAB,13,2026-09-22,2026-09-22,PatternB,Call,23400.0000,0,11:24:46.000,11:24:46.000,11:25:19.000,599.3600,2.2883295194508009153318077800,2.6315789473684210526315789500,33
0,Candidate2ConsecAB,14,2026-09-22,2026-09-22,PatternA,Put,23400.0000,0,11:27:50.000,11:27:50.000,11:29:11.000,-84.9300,3.5605289928789420142421159700,2.7466937945066124109867751800,81
0,Candidate2ConsecAB,15,2026-09-22,2026-09-22,PatternB,Call,23400.0000,0,11:39:50.000,11:39:50.000,11:42:45.000,20.3700,5.3691275167785234899328859100,6.0402684563758389261744966400,175
0,Candidate2ConsecAB,16,2026-09-22,2026-09-22,PatternB,Call,23350.0000,0,11:59:38.000,11:59:38.000,12:00:27.000,-343.4600,1.9586507072905331882480957600,0.9793253536452665941240478800,49
0,Candidate2ConsecAB,17,2026-09-22,2026-09-22,PatternA,Put,23350.0000,0,12:00:56.000,12:00:56.000,12:01:42.000,15.1100,0.9356725146198830409356725100,2.4561403508771929824561403500,46
0,Candidate2ConsecAB,18,2026-09-22,2026-09-22,PatternA,Put,23350.0000,0,12:40:45.000,12:40:46.000,12:41:43.000,17.6100,0.9562841530054644808743169400,4.6448087431693989071038251400,57
0,Candidate2ConsecAB,19,2026-09-22,2026-09-22,PatternB,Call,23350.0000,0,13:40:43.000,13:40:43.000,13:44:04.000,473.4000,2.503681885125184094256259200,13.991163475699558173784977910,201
0,Candidate2ConsecAB,20,2026-09-22,2026-09-22,PatternA,Put,23300.0000,0,14:01:46.000,14:01:46.000,14:02:14.000,-280.5600,9.019607843137254901960784310,0,28
0,Candidate2ConsecAB,21,2026-09-22,2026-09-22,PatternB,Call,23300.0000,0,14:10:06.000,14:10:06.000,14:15:48.000,29473.3200,3.0066815144766146993318485500,167.48329621380846325167037862,342
0,Candidate2ConsecAB,22,2026-09-22,2026-09-22,PatternA,Put,23400.0000,0,14:23:55.000,14:23:55.000,14:24:59.000,5113.0000,0,18.162162162162162162162162160,64
0,Candidate2ConsecAB,23,2026-09-22,2026-09-22,PatternB,Call,23400.0000,0,14:25:04.000,14:25:04.000,14:26:42.000,4143.7100,0,22.106824925816023738872403560,98
0,Candidate2ConsecAB,24,2026-09-22,2026-09-22,PatternB,Call,23400.0000,0,14:32:04.000,14:32:04.000,14:32:16.000,-210.4600,2.4771838331160365058670143400,0,12
0,Candidate2ConsecAB,25,2026-09-22,2026-09-22,PatternA,Put,23400.0000,0,14:49:38.000,14:49:38.000,14:49:41.000,-21.6500,0.8442776735459662288930581600,0.3752345215759849906191369600,3
0,Candidate2ConsecAB,26,2026-09-22,2026-09-22,PatternB,Call,23350.0000,0,14:58:46.000,14:58:46.000,14:58:50.000,-243.6100,0.87500,0.500,4
0,Candidate2ConsecAB,0,2026-09-23,2026-09-29,PatternB,Call,23400.0000,6,09:28:16.000,09:28:16.000,09:28:21.000,-1088.9700,1.55546459271387638149815800,0,5
0,Candidate2ConsecAB,1,2026-09-23,2026-09-29,PatternA,Put,23400.0000,6,09:43:28.000,09:43:28.000,09:45:06.000,-1964.4000,2.4915540540540540540540540500,0.9290540540540540540540540500,98
0,Candidate2ConsecAB,2,2026-09-23,2026-09-29,PatternB,Call,23450.0000,6,10:41:25.000,10:41:25.000,10:45:11.000,86.3300,2.4231127679403541472506989700,2.1901211556383970177073625300,226
0,Candidate2ConsecAB,3,2026-09-23,2026-09-29,PatternB,Call,23450.0000,6,10:45:24.000,10:45:24.000,10:46:02.000,312.8300,0.594149908592321755027422300,1.691042047531992687385740400,38
0,Candidate2ConsecAB,4,2026-09-23,2026-09-29,PatternB,Call,23450.0000,6,10:48:54.000,10:48:54.000,10:49:27.000,-1636.6400,2.4302430243024302430243024300,0.2250225022502250225022502300,33
0,Candidate2ConsecAB,5,2026-09-23,2026-09-29,PatternA,Put,23450.0000,6,10:49:42.000,10:49:42.000,10:53:33.000,600.4000,0.908340214698596201486374900,2.3121387283236994219653179200,231
0,Candidate2ConsecAB,6,2026-09-23,2026-09-29,PatternB,Call,23450.0000,6,11:08:08.000,11:08:08.000,11:08:36.000,-2254.9100,2.9398859148749451513821851700,0,28
0,Candidate2ConsecAB,7,2026-09-23,2026-09-29,PatternA,Put,23450.0000,6,11:36:23.000,11:36:23.000,11:36:26.000,-501.8800,0.7321274763135228251507321300,0,3
0,Candidate2ConsecAB,8,2026-09-23,2026-09-29,PatternA,Put,23450.0000,6,11:42:24.000,11:42:24.000,11:44:16.000,-534.4800,1.7182130584192439862542955300,0.3436426116838487972508591100,112
0,Candidate2ConsecAB,9,2026-09-23,2026-09-29,PatternA,Put,23450.0000,6,13:29:42.000,13:29:42.000,13:31:57.000,1839.0500,0,3.2214156079854809437386569900,135
0,Candidate2ConsecAB,10,2026-09-23,2026-09-29,PatternA,Put,23500.0000,6,14:29:13.000,14:29:13.000,14:29:35.000,-2680.4000,3.4850348503485034850348503500,0,22
0,Candidate2ConsecAB,11,2026-09-23,2026-09-29,PatternB,Call,23450.0000,6,14:45:54.000,14:45:54.000,14:47:00.000,378.1200,1.0128913443830570902394106800,1.6114180478821362799263351700,66
0,Candidate2ConsecAB,12,2026-09-23,2026-09-29,PatternA,Put,23450.0000,6,14:47:20.000,14:47:20.000,14:48:38.000,-240.0900,0.4941599281221922731356693600,3.3243486073674752920035938900,78
0,Candidate2ConsecAB,13,2026-09-23,2026-09-29,PatternB,Call,23450.0000,6,14:55:12.000,14:55:12.000,14:55:17.000,-369.2000,0.8691674290942360475754803300,0.0914913083257090576395242500,5
0,Candidate2ConsecAB,14,2026-09-23,2026-09-29,PatternB,Call,23450.0000,6,14:55:36.000,14:55:36.000,14:57:32.000,-3292.3300,4.6703296703296703296703296700,0.7326007326007326007326007300,116
0,Diag2ConsecAOnly,0,2026-09-04,2026-09-08,PatternA,Put,24050.0000,4,09:42:56.000,09:42:56.000,09:44:19.000,-3539.7000,3.1871252761123382770590091500,0.3155569580309245818870306100,83
0,Diag2ConsecAOnly,1,2026-09-04,2026-09-08,PatternA,Put,24100.0000,4,10:49:36.000,10:49:36.000,10:50:10.000,294.4300,0.872656755009696186166774400,0.5171299288946347769877181600,34
0,Diag2ConsecAOnly,2,2026-09-04,2026-09-08,PatternA,Put,24100.0000,4,11:46:11.000,11:46:11.000,11:48:35.000,5.9900,1.8256975542542197726489838100,0.2755769893213916637960730300,144
0,Diag2ConsecAOnly,3,2026-09-04,2026-09-08,PatternA,Put,24100.0000,4,13:25:11.000,13:25:11.000,13:29:06.000,6432.5600,0.2243589743589743589743589700,6.6346153846153846153846153800,235
0,Diag2ConsecAOnly,4,2026-09-04,2026-09-08,PatternA,Put,24050.0000,4,14:24:42.000,14:24:42.000,14:25:40.000,-2778.6700,3.4274193548387096774193548400,0.4838709677419354838709677400,58
0,Diag2ConsecAOnly,0,2026-09-08,2026-09-08,PatternA,Put,23800.0000,0,10:01:31.000,10:01:31.000,10:01:33.000,-605.3300,0.6875477463712757830404889200,0,2
0,Diag2ConsecAOnly,1,2026-09-08,2026-09-08,PatternA,Put,23800.0000,0,11:11:34.000,11:11:34.000,11:14:59.000,-796.5300,1.8875666803446860894542470300,3.4058268362741075092326631100,205
0,Diag2ConsecAOnly,2,2026-09-08,2026-09-08,PatternA,Put,23750.0000,0,14:23:23.000,14:23:23.000,14:25:06.000,545.3300,0.9819121447028423772609819100,3.1007751937984496124031007800,103
0,Diag2ConsecAOnly,0,2026-09-09,2026-09-15,PatternA,Put,23600.0000,6,09:23:22.000,09:23:22.000,09:23:31.000,-779.0000,1.0085092971950835171761739700,0,9
0,Diag2ConsecAOnly,1,2026-09-09,2026-09-15,PatternA,Put,23600.0000,6,09:25:13.000,09:25:13.000,09:26:01.000,-2562.6200,2.5683240039512676983865656900,0.4280540006585446163977609500,48
0,Diag2ConsecAOnly,2,2026-09-09,2026-09-15,PatternA,Put,23600.0000,6,10:13:58.000,10:13:58.000,10:16:29.000,-1818.1900,1.8957345971563981042654028400,1.8957345971563981042654028400,151
0,Diag2ConsecAOnly,3,2026-09-09,2026-09-15,PatternA,Put,23650.0000,6,10:28:21.000,10:28:21.000,10:28:41.000,-192.8500,0.5810200129115558424790187200,0.4841833440929632020658489300,20
0,Diag2ConsecAOnly,4,2026-09-09,2026-09-15,PatternA,Put,23650.0000,6,10:31:51.000,10:31:51.000,10:32:29.000,487.3000,0.3445036016285624804259317300,1.4719699342311305981835264600,38
0,Diag2ConsecAOnly,5,2026-09-09,2026-09-15,PatternA,Put,23650.0000,6,12:45:00.000,12:45:00.000,12:46:23.000,1241.9100,0.6737588652482269503546099300,3.1560283687943262411347517700,83
0,Diag2ConsecAOnly,6,2026-09-09,2026-09-15,PatternA,Put,23650.0000,6,13:17:26.000,13:17:26.000,13:27:23.000,-2626.6500,3.6776997659645603477097960500,1.3707790036776997659645603500,597
0,Diag2ConsecAOnly,0,2026-09-10,2026-09-15,PatternA,Put,23550.0000,5,10:41:13.000,10:41:13.000,10:43:00.000,591.7800,0.7730147575544624033731553100,2.6001405481377371749824314800,107
0,Diag2ConsecAOnly,1,2026-09-10,2026-09-15,PatternA,Put,23550.0000,5,11:48:17.000,11:48:17.000,11:51:13.000,-2916.9600,3.3540802213001383125864453700,0.7952973720608575380359612700,176
0,Diag2ConsecAOnly,2,2026-09-10,2026-09-15,PatternA,Put,23550.0000,5,12:18:35.000,12:18:35.000,12:19:34.000,-703.6200,2.1428571428571428571428571400,0.8646616541353383458646616500,59
0,Diag2ConsecAOnly,0,2026-09-11,2026-09-15,PatternA,Put,23300.0000,4,09:18:36.000,09:18:36.000,09:18:49.000,-312.2400,0.4651162790697674418604651200,1.2403100775193798449612403100,13
0,Diag2ConsecAOnly,1,2026-09-11,2026-09-15,PatternA,Put,23300.0000,4,09:25:05.000,09:25:05.000,09:25:36.000,-1479.3200,3.3980582524271844660194174800,0.6067961165048543689320388300,31
0,Diag2ConsecAOnly,2,2026-09-11,2026-09-15,PatternA,Put,23300.0000,4,09:27:59.000,09:27:59.000,09:28:42.000,1118.8500,0.2820306204673650282030620500,2.1756647864625302175664786500,43
0,Diag2ConsecAOnly,3,2026-09-11,2026-09-15,PatternA,Put,23300.0000,4,09:44:16.000,09:44:16.000,09:48:10.000,2320.9900,0.6902151847340641494112870500,3.8976857490864799025578562700,234
0,Diag2ConsecAOnly,4,2026-09-11,2026-09-15,PatternA,Put,23350.0000,4,10:06:59.000,10:06:59.000,10:07:15.000,-740.5900,0.8330440819160013884068031900,0.104130510239500173550850400,16
0,Diag2ConsecAOnly,5,2026-09-11,2026-09-15,PatternA,Put,23350.0000,4,10:26:25.000,10:26:25.000,10:28:47.000,3876.8600,0.4965622612681436210847975600,5.4239877769289533995416348400,142
0,Diag2ConsecAOnly,6,2026-09-11,2026-09-15,PatternA,Put,23350.0000,4,10:35:40.000,10:35:40.000,10:36:21.000,-995.2900,1.6742770167427701674277016700,0,41
0,Diag2ConsecAOnly,7,2026-09-11,2026-09-15,PatternA,Put,23350.0000,4,10:55:42.000,10:55:42.000,10:56:52.000,270.5200,0.5239520958083832335329341300,1.6841317365269461077844311400,70
0,Diag2ConsecAOnly,8,2026-09-11,2026-09-15,PatternA,Put,23400.0000,4,11:30:06.000,11:30:06.000,11:30:42.000,337.4700,0.4273504273504273504273504300,1.2432012432012432012432012400,36
0,Diag2ConsecAOnly,9,2026-09-11,2026-09-15,PatternA,Put,23450.0000,4,11:47:06.000,11:47:06.000,11:47:46.000,-677.3600,1.7532029669588671611598111900,0.1348617666891436277815239400,40
0,Diag2ConsecAOnly,10,2026-09-11,2026-09-15,PatternA,Put,23400.0000,4,11:51:27.000,11:51:27.000,11:55:26.000,209.2200,0.9229534510433386837881219900,3.1701444622792937399678972700,239
0,Diag2ConsecAOnly,11,2026-09-11,2026-09-15,PatternA,Put,23400.0000,4,12:28:13.000,12:28:13.000,12:33:40.000,-636.9600,4.5419254658385093167701863400,0.9704968944099378881987577600,327
0,Diag2ConsecAOnly,12,2026-09-11,2026-09-15,PatternA,Put,23400.0000,4,12:37:16.000,12:37:16.000,12:37:39.000,-1187.8800,1.3916500994035785288270377700,0,23
0,Diag2ConsecAOnly,13,2026-09-11,2026-09-15,PatternA,Put,23400.0000,4,13:00:45.000,13:00:45.000,13:02:12.000,1768.6500,0.4449838187702265372168284800,2.7508090614886731391585760500,87
0,Diag2ConsecAOnly,14,2026-09-11,2026-09-15,PatternA,Put,23400.0000,4,13:03:24.000,13:03:24.000,13:03:52.000,-506.9400,0.8168028004667444574095682600,0.3500583430571761960326721100,28
0,Diag2ConsecAOnly,15,2026-09-11,2026-09-15,PatternA,Put,23500.0000,4,14:04:58.000,14:04:58.000,14:05:41.000,2416.7400,0,4.3597800471327572663000785500,43
0,Diag2ConsecAOnly,16,2026-09-11,2026-09-15,PatternA,Put,23500.0000,4,14:27:51.000,14:27:51.000,14:29:24.000,-3335.2300,3.6707452725250278086763070100,0.6674082313681868743047830900,93
0,Diag2ConsecAOnly,0,2026-09-15,2026-09-15,PatternA,Put,23450.0000,0,10:13:53.000,10:13:53.000,10:26:13.000,5419.4800,1.0946907498631636562671045400,14.230979748221127531472359060,740
0,Diag2ConsecAOnly,1,2026-09-15,2026-09-15,PatternA,Put,23350.0000,0,11:10:24.000,11:10:24.000,11:12:15.000,-4735.8200,16.086620262954369682907965970,0,111
0,Diag2ConsecAOnly,2,2026-09-15,2026-09-15,PatternA,Put,23300.0000,0,13:31:06.000,13:31:06.000,13:32:51.000,2088.1200,0.1762114537444933920704845800,15.682819383259911894273127750,105
0,Diag2ConsecAOnly,3,2026-09-15,2026-09-15,PatternA,Put,23300.0000,0,13:53:52.000,13:53:52.000,13:54:38.000,-544.3300,1.6474464579901153212520593100,0.4942339373970345963756177900,46
0,Diag2ConsecAOnly,4,2026-09-15,2026-09-15,PatternA,Put,23300.0000,0,14:05:06.000,14:05:06.000,14:08:43.000,494.5900,2.2672064777327935222672064800,8.259109311740890688259109310,217
0,Diag2ConsecAOnly,5,2026-09-15,2026-09-15,PatternA,Put,23250.0000,0,14:18:13.000,14:18:13.000,14:19:00.000,1141.1000,2.8839221341023792357606344600,5.7678442682047584715212689300,47
0,Diag2ConsecAOnly,6,2026-09-15,2026-09-15,PatternA,Put,23250.0000,0,14:30:55.000,14:30:55.000,14:31:15.000,-1849.5300,4.0397350993377483443708609300,0,20
0,Diag2ConsecAOnly,7,2026-09-15,2026-09-15,PatternA,Put,23250.0000,0,14:42:08.000,14:42:08.000,14:42:34.000,-1780.1900,5.1004636785162287480680061800,0,26
0,Diag2ConsecAOnly,8,2026-09-15,2026-09-15,PatternA,Put,23200.0000,0,14:47:40.000,14:47:40.000,14:50:15.000,3419.7300,2.4604569420035149384885764500,24.516695957820738137082601050,155
0,Diag2ConsecAOnly,9,2026-09-15,2026-09-15,PatternA,Put,23200.0000,0,14:55:32.000,14:55:32.000,14:57:34.000,-704.4800,3.7171350861287398005439709900,3.7171350861287398005439709900,122
0,Diag2ConsecAOnly,0,2026-09-16,2026-09-22,PatternA,Put,23300.0000,6,09:19:51.000,09:19:51.000,09:20:37.000,256.3000,1.4234875444839857651245551600,2.7876631079478054567022538600,46
0,Diag2ConsecAOnly,1,2026-09-16,2026-09-22,PatternA,Put,23300.0000,6,09:20:52.000,09:20:52.000,09:21:36.000,-913.4700,0.7948189579040329702678834300,3.5619664409773329408301442400,44
0,Diag2ConsecAOnly,2,2026-09-16,2026-09-22,PatternA,Put,23300.0000,6,09:21:57.000,09:21:57.000,09:22:44.000,-1238.4900,1.9072769953051643192488262900,2.7582159624413145539906103300,47
0,Diag2ConsecAOnly,3,2026-09-16,2026-09-22,PatternA,Put,23200.0000,6,09:42:24.000,09:42:24.000,09:42:31.000,-655.9700,1.8223234624145785876993166300,0.2847380410022779043280182200,7
0,Diag2ConsecAOnly,4,2026-09-16,2026-09-22,PatternA,Put,23300.0000,6,10:33:36.000,10:33:36.000,10:36:41.000,-3549.4700,4.6575342465753424657534246600,1.3150684931506849315068493200,185
0,Diag2ConsecAOnly,5,2026-09-16,2026-09-22,PatternA,Put,23300.0000,6,10:49:24.000,10:49:24.000,10:52:24.000,-1432.7000,2.6666666666666666666666666700,4.1481481481481481481481481500,180
0,Diag2ConsecAOnly,6,2026-09-16,2026-09-22,PatternA,Put,23300.0000,6,12:46:03.000,12:46:03.000,12:47:46.000,-1400.3400,1.5084294587400177462289263500,1.2422360248447204968944099400,103
0,Diag2ConsecAOnly,7,2026-09-16,2026-09-22,PatternA,Put,23300.0000,6,13:03:48.000,13:03:48.000,13:08:07.000,-8774.4100,8.054667054376272172143064840,0.0581564408258214597266647300,259
0,Diag2ConsecAOnly,8,2026-09-16,2026-09-22,PatternA,Put,23300.0000,6,13:23:15.000,13:23:15.000,13:25:18.000,3767.7000,0.0625978090766823161189358400,5.4147104851330203442879499200,123
0,Diag2ConsecAOnly,0,2026-09-17,2026-09-22,PatternA,Put,23350.0000,5,10:20:09.000,10:20:09.000,10:20:19.000,-708.3200,0.9685230024213075060532687700,0.0345901072293324109304738800,10
0,Diag2ConsecAOnly,1,2026-09-17,2026-09-22,PatternA,Put,23300.0000,5,10:35:13.000,10:35:13.000,10:43:12.000,499.5200,7.3716711694326514859127749900,4.3998456194519490544191431900,479
0,Diag2ConsecAOnly,2,2026-09-17,2026-09-22,PatternA,Put,23400.0000,5,12:08:12.000,12:08:12.000,12:11:31.000,-3112.1600,3.5419532324621733149931224200,0.7221458046767537826685006900,199
0,Diag2ConsecAOnly,3,2026-09-17,2026-09-22,PatternA,Put,23400.0000,5,12:18:38.000,12:18:38.000,12:19:44.000,561.1900,0.0726480203414456956047947700,1.41663639665819106429349800,66
0,Diag2ConsecAOnly,4,2026-09-17,2026-09-22,PatternA,Put,23400.0000,5,12:23:31.000,12:23:31.000,12:23:41.000,-962.8300,1.141118295930011411182959300,0,10
0,Diag2ConsecAOnly,5,2026-09-17,2026-09-22,PatternA,Put,23350.0000,5,13:24:44.000,13:24:44.000,13:25:50.000,3423.3700,0.1563721657544956997654417500,5.7466770914777169663799843600,66
0,Diag2ConsecAOnly,6,2026-09-17,2026-09-22,PatternA,Put,23300.0000,5,13:38:58.000,13:38:58.000,13:43:47.000,-4635.6600,8.339376359680928208846990570,0.0725163161711385061638868700,289
0,Diag2ConsecAOnly,7,2026-09-17,2026-09-22,PatternA,Put,23300.0000,5,14:34:19.000,14:34:19.000,14:38:55.000,-7489.3000,15.357283853138570864587445720,1.618634030793525463876825900,276
0,Diag2ConsecAOnly,0,2026-09-18,2026-09-22,PatternA,Put,23350.0000,4,09:51:03.000,09:51:03.000,09:51:46.000,-2585.2300,4.4296354370834966679733437900,0.3528028224225793806350450800,43
0,Diag2ConsecAOnly,1,2026-09-18,2026-09-22,PatternA,Put,23350.0000,4,10:11:16.000,10:11:16.000,10:11:50.000,-1150.5000,1.4951627088830255057167985900,0.747581354441512752858399300,34
0,Diag2ConsecAOnly,2,2026-09-18,2026-09-22,PatternA,Put,23350.0000,4,10:53:57.000,10:53:57.000,10:54:27.000,-1413.5500,1.7680921052631578947368421100,0,30
0,Diag2ConsecAOnly,3,2026-09-18,2026-09-22,PatternA,Put,23350.0000,4,12:20:41.000,12:20:41.000,12:22:13.000,-2254.8100,3.1222515391380826737027264700,0.1759014951627088830255057200,92
0,Diag2ConsecAOnly,4,2026-09-18,2026-09-22,PatternA,Put,23350.0000,4,13:34:45.000,13:34:45.000,13:47:30.000,5286.1200,1.8036072144288577154308617200,12.424849699398797595190380760,765
0,Diag2ConsecAOnly,5,2026-09-18,2026-09-22,PatternA,Put,23400.0000,4,14:51:43.000,14:51:43.000,14:53:16.000,-4330.1000,6.9800569800569800569800569800,0.6172839506172839506172839500,93
0,Diag2ConsecAOnly,0,2026-09-21,2026-09-22,PatternA,Put,23400.0000,1,09:24:29.000,09:24:29.000,09:26:10.000,-34.8000,2.5102159953298307063631056600,3.2107413893753648569760653800,101
0,Diag2ConsecAOnly,1,2026-09-21,2026-09-22,PatternA,Put,23400.0000,1,09:29:05.000,09:29:05.000,09:29:15.000,-779.7000,1.8656716417910447761194029900,0,10
0,Diag2ConsecAOnly,2,2026-09-21,2026-09-22,PatternA,Put,23400.0000,1,09:31:30.000,09:31:30.000,09:35:09.000,684.0600,1.9986675549633577614923384400,5.1965356429047301798800799500,219
0,Diag2ConsecAOnly,3,2026-09-21,2026-09-22,PatternA,Put,23400.0000,1,11:19:29.000,11:19:29.000,11:20:13.000,-615.2500,2.6542800265428002654280026500,1.3934970139349701393497013900,44
0,Diag2ConsecAOnly,4,2026-09-21,2026-09-22,PatternA,Put,23450.0000,1,11:55:03.000,11:55:03.000,11:56:03.000,-1920.0600,3.363228699551569506726457400,0,60
0,Diag2ConsecAOnly,5,2026-09-21,2026-09-22,PatternA,Put,23450.0000,1,12:07:16.000,12:07:16.000,12:10:29.000,1491.4200,0.173510699826489300173510700,3.585887796414112203585887800,193
0,Diag2ConsecAOnly,6,2026-09-21,2026-09-22,PatternA,Put,23450.0000,1,12:13:09.000,12:13:09.000,12:13:48.000,-717.9900,1.2443438914027149321266968300,0.1131221719457013574660633500,39
0,Diag2ConsecAOnly,7,2026-09-21,2026-09-22,PatternA,Put,23450.0000,1,13:56:49.000,13:56:49.000,13:57:34.000,-2725.5300,6.4251537935748462064251537900,0,45
0,Diag2ConsecAOnly,8,2026-09-21,2026-09-22,PatternA,Put,23450.0000,1,14:03:04.000,14:03:04.000,14:07:33.000,-90.5100,2.5437201907790143084260731300,4.1335453100158982511923688400,269
0,Diag2ConsecAOnly,0,2026-09-22,2026-09-22,PatternA,Put,23450.0000,0,09:15:22.000,09:15:22.000,09:15:43.000,1638.5100,0,11.425339366515837104072398190,21
0,Diag2ConsecAOnly,1,2026-09-22,2026-09-22,PatternA,Put,23450.0000,0,09:27:23.000,09:27:23.000,09:28:21.000,-1972.8500,8.016877637130801687763713080,1.8565400843881856540084388200,58
0,Diag2ConsecAOnly,2,2026-09-22,2026-09-22,PatternA,Put,23450.0000,0,09:48:55.000,09:48:55.000,09:50:24.000,-1414.3400,5.6192660550458715596330275200,2.5229357798165137614678899100,89
0,Diag2ConsecAOnly,3,2026-09-22,2026-09-22,PatternA,Put,23450.0000,0,10:32:47.000,10:32:47.000,10:34:12.000,2314.6700,0.7659574468085106382978723400,9.787234042553191489361702130,85
0,Diag2ConsecAOnly,4,2026-09-22,2026-09-22,PatternA,Put,23400.0000,0,10:45:08.000,10:45:08.000,10:45:14.000,-642.8100,1.6600790513833992094861660100,0,6
0,Diag2ConsecAOnly,5,2026-09-22,2026-09-22,PatternA,Put,23400.0000,0,10:55:43.000,10:55:43.000,10:55:57.000,-2169.9600,6.9498069498069498069498069500,0,14
0,Diag2ConsecAOnly,6,2026-09-22,2026-09-22,PatternA,Put,23400.0000,0,10:56:34.000,10:56:34.000,10:57:16.000,-1096.6100,2.5409836065573770491803278700,4.9180327868852459016393442600,42
0,Diag2ConsecAOnly,7,2026-09-22,2026-09-22,PatternA,Put,23400.0000,0,11:27:50.000,11:27:50.000,11:29:11.000,-84.9300,3.5605289928789420142421159700,2.7466937945066124109867751800,81
0,Diag2ConsecAOnly,8,2026-09-22,2026-09-22,PatternA,Put,23350.0000,0,12:00:56.000,12:00:56.000,12:01:42.000,15.1100,0.9356725146198830409356725100,2.4561403508771929824561403500,46
0,Diag2ConsecAOnly,9,2026-09-22,2026-09-22,PatternA,Put,23350.0000,0,12:40:45.000,12:40:46.000,12:41:43.000,17.6100,0.9562841530054644808743169400,4.6448087431693989071038251400,57
0,Diag2ConsecAOnly,10,2026-09-22,2026-09-22,PatternA,Put,23300.0000,0,14:01:46.000,14:01:46.000,14:02:14.000,-280.5600,9.019607843137254901960784310,0,28
0,Diag2ConsecAOnly,11,2026-09-22,2026-09-22,PatternA,Put,23400.0000,0,14:23:55.000,14:23:55.000,14:24:59.000,5113.0000,0,18.162162162162162162162162160,64
0,Diag2ConsecAOnly,12,2026-09-22,2026-09-22,PatternA,Put,23400.0000,0,14:49:38.000,14:49:38.000,14:49:41.000,-21.6500,0.8442776735459662288930581600,0.3752345215759849906191369600,3
0,Diag2ConsecAOnly,0,2026-09-23,2026-09-29,PatternA,Put,23400.0000,6,09:43:28.000,09:43:28.000,09:45:06.000,-1964.4000,2.4915540540540540540540540500,0.9290540540540540540540540500,98
0,Diag2ConsecAOnly,1,2026-09-23,2026-09-29,PatternA,Put,23450.0000,6,10:49:42.000,10:49:42.000,10:53:33.000,600.4000,0.908340214698596201486374900,2.3121387283236994219653179200,231
0,Diag2ConsecAOnly,2,2026-09-23,2026-09-29,PatternA,Put,23450.0000,6,11:36:23.000,11:36:23.000,11:36:26.000,-501.8800,0.7321274763135228251507321300,0,3
0,Diag2ConsecAOnly,3,2026-09-23,2026-09-29,PatternA,Put,23450.0000,6,11:42:24.000,11:42:24.000,11:44:16.000,-534.4800,1.7182130584192439862542955300,0.3436426116838487972508591100,112
0,Diag2ConsecAOnly,4,2026-09-23,2026-09-29,PatternA,Put,23450.0000,6,13:29:42.000,13:29:42.000,13:31:57.000,1839.0500,0,3.2214156079854809437386569900,135
0,Diag2ConsecAOnly,5,2026-09-23,2026-09-29,PatternA,Put,23500.0000,6,14:29:13.000,14:29:13.000,14:29:35.000,-2680.4000,3.4850348503485034850348503500,0,22
0,Diag2ConsecAOnly,6,2026-09-23,2026-09-29,PatternA,Put,23450.0000,6,14:47:20.000,14:47:20.000,14:48:38.000,-240.0900,0.4941599281221922731356693600,3.3243486073674752920035938900,78
0,Diag2ConsecBOnly,0,2026-09-04,2026-09-08,PatternB,Call,24100.0000,4,10:34:59.000,10:34:59.000,10:36:48.000,-1223.8700,5.325987144168962350780532600,0.6427915518824609733700642800,109
0,Diag2ConsecBOnly,1,2026-09-04,2026-09-08,PatternB,Call,24100.0000,4,11:29:25.000,11:29:25.000,11:36:11.000,2706.0500,0.1826484018264840182648401800,11.415525114155251141552511420,406
0,Diag2ConsecBOnly,2,2026-09-04,2026-09-08,PatternB,Call,24100.0000,4,12:06:19.000,12:06:19.000,12:07:54.000,-1320.6600,3.9735099337748344370860927200,0,95
0,Diag2ConsecBOnly,3,2026-09-04,2026-09-08,PatternB,Call,24100.0000,4,12:15:24.000,12:15:24.000,12:22:28.000,-2163.2800,7.4534161490683229813664596300,1.1387163561076604554865424400,424
0,Diag2ConsecBOnly,4,2026-09-04,2026-09-08,PatternB,Call,24050.0000,4,13:06:32.000,13:06:32.000,13:10:21.000,1860.3800,1.3864818024263431542461005200,6.932409012131715771230502600,229
0,Diag2ConsecBOnly,5,2026-09-04,2026-09-08,PatternB,Call,24050.0000,4,13:33:41.000,13:33:41.000,13:36:21.000,-543.3600,4.6312178387650085763293310500,0,160
0,Diag2ConsecBOnly,0,2026-09-08,2026-09-08,PatternB,Call,23800.0000,0,09:18:14.000,09:18:14.000,09:18:19.000,-397.9400,2.7295285359801488833746898300,0,5
0,Diag2ConsecBOnly,1,2026-09-08,2026-09-08,PatternB,Call,23800.0000,0,09:18:37.000,09:18:37.000,09:19:54.000,-397.8200,4.0302267002518891687657430700,0.7556675062972292191435768300,77
0,Diag2ConsecBOnly,2,2026-09-08,2026-09-08,PatternB,Call,23800.0000,0,09:38:03.000,09:38:03.000,09:38:11.000,-39.8500,0.8264462809917355371900826400,0,8
0,Diag2ConsecBOnly,3,2026-09-08,2026-09-08,PatternB,Call,23800.0000,0,09:40:03.000,09:40:03.000,09:42:02.000,-364.2200,5.5555555555555555555555555600,1.7543859649122807017543859600,119
0,Diag2ConsecBOnly,4,2026-09-08,2026-09-08,PatternB,Call,23750.0000,0,09:45:10.000,09:45:10.000,09:46:01.000,-269.8700,2.6315789473684210526315789500,1.8218623481781376518218623500,51
0,Diag2ConsecBOnly,5,2026-09-08,2026-09-08,PatternB,Call,23800.0000,0,09:54:11.000,09:54:11.000,09:57:40.000,-1078.2700,11.987381703470031545741324920,0.9463722397476340694006309100,209
0,Diag2ConsecBOnly,6,2026-09-08,2026-09-08,PatternB,Call,23750.0000,0,10:45:08.000,10:45:08.000,10:53:51.000,3012.3400,0.2457002457002457002457002500,37.346437346437346437346437350,523
0,Diag2ConsecBOnly,7,2026-09-08,2026-09-08,PatternB,Call,23750.0000,0,11:50:29.000,11:50:29.000,11:50:50.000,123.1100,0,2.686567164179104477611940300,21
0,Diag2ConsecBOnly,8,2026-09-08,2026-09-08,PatternB,Call,23750.0000,0,12:04:27.000,12:04:27.000,12:04:57.000,-233.5100,2.9702970297029702970297029700,0.9900990099009900990099009900,30
0,Diag2ConsecBOnly,9,2026-09-08,2026-09-08,PatternB,Call,23750.0000,0,12:13:00.000,12:13:00.000,12:14:55.000,-266.1300,4.193548387096774193548387100,2.2580645161290322580645161300,115
0,Diag2ConsecBOnly,10,2026-09-08,2026-09-08,PatternB,Call,23750.0000,0,12:45:45.000,12:45:45.000,12:48:16.000,-785.3000,9.473684210526315789473684210,1.7543859649122807017543859600,151
0,Diag2ConsecBOnly,11,2026-09-08,2026-09-08,PatternB,Call,23750.0000,0,14:18:28.000,14:18:28.000,14:20:06.000,-426.9900,12.393162393162393162393162390,0,98
0,Diag2ConsecBOnly,12,2026-09-08,2026-09-08,PatternB,Call,23750.0000,0,14:48:56.000,14:48:56.000,14:50:30.000,-621.6000,13.122171945701357466063348420,1.8099547511312217194570135700,94
0,Diag2ConsecBOnly,0,2026-09-09,2026-09-15,PatternB,Call,23600.0000,6,09:30:59.000,09:30:59.000,09:31:41.000,1123.4600,0.6651884700665188470066518800,2.70509977827050997782705100,42
0,Diag2ConsecBOnly,1,2026-09-09,2026-09-15,PatternB,Call,23600.0000,6,10:13:04.000,10:13:04.000,10:13:32.000,218.6600,0,0.7893438579181055747409965500,28
0,Diag2ConsecBOnly,2,2026-09-09,2026-09-15,PatternB,Call,23600.0000,6,10:19:31.000,10:19:31.000,10:20:04.000,149.9900,0.4524886877828054298642533900,2.986425339366515837104072400,33
0,Diag2ConsecBOnly,3,2026-09-09,2026-09-15,PatternB,Call,23650.0000,6,10:21:20.000,10:21:20.000,10:24:15.000,6880.7200,1.8980477223427331887201735400,12.255965292841648590021691970,175
0,Diag2ConsecBOnly,4,2026-09-09,2026-09-15,PatternB,Call,23600.0000,6,10:52:47.000,10:52:47.000,10:57:38.000,4145.8600,0.5537609598523304107060452200,7.7526534379326257498846331300,291
0,Diag2ConsecBOnly,5,2026-09-09,2026-09-15,PatternB,Call,23600.0000,6,12:07:58.000,12:07:58.000,12:08:04.000,-232.4800,0.3781739600216099405726634300,0.1080497028633171258779038400,6
0,Diag2ConsecBOnly,6,2026-09-09,2026-09-15,PatternB,Call,23600.0000,6,12:11:25.000,12:11:25.000,12:15:03.000,1553.3000,0,3.7745879851143009037745879900,218
0,Diag2ConsecBOnly,7,2026-09-09,2026-09-15,PatternB,Call,23650.0000,6,12:33:10.000,12:33:10.000,12:34:39.000,6590.2300,0,14.424173318129988597491448120,89
0,Diag2ConsecBOnly,8,2026-09-09,2026-09-15,PatternB,Call,23650.0000,6,12:44:11.000,12:44:11.000,12:44:50.000,-1213.5300,2.5699862322166131252868288200,0.367140890316659017898118400,39
0,Diag2ConsecBOnly,9,2026-09-09,2026-09-15,PatternB,Call,23650.0000,6,12:46:28.000,12:46:28.000,12:48:38.000,509.3000,1.6587677725118483412322274900,3.8388625592417061611374407600,130
0,Diag2ConsecBOnly,10,2026-09-09,2026-09-15,PatternB,Call,23650.0000,6,13:57:16.000,13:57:16.000,14:03:15.000,6523.3600,0.4329004329004329004329004300,12.824675324675324675324675320,359
0,Diag2ConsecBOnly,11,2026-09-09,2026-09-15,PatternB,Call,23600.0000,6,14:47:33.000,14:47:33.000,14:51:10.000,1519.8200,0.9844559585492227979274611400,3.1088082901554404145077720200,217
0,Diag2ConsecBOnly,0,2026-09-10,2026-09-15,PatternB,Call,23550.0000,5,09:16:22.000,09:16:22.000,09:16:28.000,-588.1100,0.6779661016949152542372881400,0.7909604519774011299435028200,6
0,Diag2ConsecBOnly,1,2026-09-10,2026-09-15,PatternB,Call,23550.0000,5,09:54:50.000,09:54:50.000,09:55:09.000,-748.7000,2.2605591909577632361689470600,0,19
0,Diag2ConsecBOnly,2,2026-09-10,2026-09-15,PatternB,Call,23500.0000,5,10:03:22.000,10:03:22.000,10:10:52.000,318.9700,3.234358430540827147401908800,5.938494167550371155885471900,450
0,Diag2ConsecBOnly,3,2026-09-10,2026-09-15,PatternB,Call,23500.0000,5,10:30:10.000,10:30:10.000,10:34:26.000,-300.3800,1.9038076152304609218436873700,2.2044088176352705410821643300,256
0,Diag2ConsecBOnly,4,2026-09-10,2026-09-15,PatternB,Call,23550.0000,5,10:37:56.000,10:37:56.000,10:40:55.000,3118.9200,0.9640102827763496143958868900,8.290488431876606683804627250,179
0,Diag2ConsecBOnly,5,2026-09-10,2026-09-15,PatternB,Call,23550.0000,5,12:20:26.000,12:20:26.000,12:22:42.000,1036.0000,1.0770975056689342403628117900,6.1224489795918367346938775500,136
0,Diag2ConsecBOnly,6,2026-09-10,2026-09-15,PatternB,Call,23500.0000,5,14:59:49.000,14:59:49.000,15:00:16.000,-2468.4000,4.6992481203007518796992481200,0.3759398496240601503759398500,27
0,Diag2ConsecBOnly,0,2026-09-11,2026-09-15,PatternB,Call,23300.0000,4,09:15:28.000,09:15:28.000,09:15:33.000,-1237.0900,1.8390804597701149425287356300,0.6896551724137931034482758600,5
0,Diag2ConsecBOnly,1,2026-09-11,2026-09-15,PatternB,Call,23300.0000,4,09:17:14.000,09:17:14.000,09:17:42.000,356.0400,0.3614457831325301204819277100,1.2650602409638554216867469900,28
0,Diag2ConsecBOnly,2,2026-09-11,2026-09-15,PatternB,Call,23300.0000,4,09:24:42.000,09:24:42.000,09:25:02.000,-132.8600,0.8027522935779816513761467900,0.7454128440366972477064220200,20
0,Diag2ConsecBOnly,3,2026-09-11,2026-09-15,PatternB,Call,23350.0000,4,10:54:06.000,10:54:06.000,10:54:51.000,-941.9100,2.0012507817385866166353971200,0.1250781738586616635397123200,45
0,Diag2ConsecBOnly,4,2026-09-11,2026-09-15,PatternB,Call,23400.0000,4,11:19:44.000,11:19:44.000,11:20:57.000,-1335.9300,2.3217247097844112769485903800,6.5782200110558319513543394100,73
0,Diag2ConsecBOnly,5,2026-09-11,2026-09-15,PatternB,Call,23400.0000,4,13:21:59.000,13:21:59.000,13:22:14.000,-160.1200,0.4034969737726967047747141900,0.8742434431741761936785474100,15
0,Diag2ConsecBOnly,6,2026-09-11,2026-09-15,PatternB,Call,23400.0000,4,13:44:16.000,13:44:16.000,13:46:50.000,-2272.5000,7.956015523932729624838292370,1.2936610608020698576972833100,154
0,Diag2ConsecBOnly,7,2026-09-11,2026-09-15,PatternB,Call,23500.0000,4,14:15:55.000,14:15:55.000,14:19:03.000,-1946.4500,8.153638814016172506738544470,0.2695417789757412398921832900,188
0,Diag2ConsecBOnly,8,2026-09-11,2026-09-15,PatternB,Call,23500.0000,4,14:26:23.000,14:26:23.000,14:27:48.000,1203.7400,0.1998667554963357761492338400,4.7968021319120586275816122600,85
0,Diag2ConsecBOnly,9,2026-09-11,2026-09-15,PatternB,Call,23500.0000,4,14:42:54.000,14:42:54.000,14:45:30.000,-2371.4200,5.1266213712168004941321803600,0,156
0,Diag2ConsecBOnly,0,2026-09-15,2026-09-15,PatternB,Call,23550.0000,0,09:16:29.000,09:16:29.000,09:16:42.000,1285.1900,0.870827285921625544267053700,8.853410740203193033381712630,13
0,Diag2ConsecBOnly,1,2026-09-15,2026-09-15,PatternB,Call,23500.0000,0,09:19:41.000,09:19:41.000,09:20:19.000,-1417.9300,4.2897998093422306959008579600,3.4318398474737845567206863700,38
0,Diag2ConsecBOnly,2,2026-09-15,2026-09-15,PatternB,Call,23500.0000,0,09:35:09.000,09:35:09.000,09:35:53.000,-1055.8600,4.6740467404674046740467404700,2.7060270602706027060270602700,44
0,Diag2ConsecBOnly,3,2026-09-15,2026-09-15,PatternB,Call,23450.0000,0,09:52:37.000,09:52:37.000,09:53:31.000,-1350.2900,7.0883315158124318429661941100,0,54
0,Diag2ConsecBOnly,4,2026-09-15,2026-09-15,PatternB,Call,23400.0000,0,09:58:26.000,09:58:26.000,09:59:08.000,2121.0700,0.9892086330935251798561151100,8.273381294964028776978417270,42
0,Diag2ConsecBOnly,5,2026-09-15,2026-09-15,PatternB,Call,23450.0000,0,10:13:15.000,10:13:15.000,10:13:43.000,-763.8100,3.3898305084745762711864406800,1.0895883777239709443099273600,28
0,Diag2ConsecBOnly,6,2026-09-15,2026-09-15,PatternB,Call,23400.0000,0,10:42:14.000,10:42:14.000,10:42:56.000,-18.5000,1.2074643249176728869374313900,1.6465422612513721185510428100,42
0,Diag2ConsecBOnly,7,2026-09-15,2026-09-15,PatternB,Call,23400.0000,0,12:05:31.000,12:05:31.000,12:05:54.000,-112.1700,1.3793103448275862068965517200,0.5517241379310344827586206900,23
0,Diag2ConsecBOnly,8,2026-09-15,2026-09-15,PatternB,Call,23350.0000,0,13:06:09.000,13:06:09.000,13:09:00.000,-1702.0900,10.200927357032457496136012360,0,171
0,Diag2ConsecBOnly,9,2026-09-15,2026-09-15,PatternB,Call,23300.0000,0,13:41:51.000,13:41:51.000,13:43:47.000,280.4100,4.9488054607508532423208191100,4.7781569965870307167235494900,116
0,Diag2ConsecBOnly,10,2026-09-15,2026-09-15,PatternB,Call,23300.0000,0,13:45:18.000,13:45:18.000,13:46:34.000,-142.7200,2.2222222222222222222222222200,8.095238095238095238095238100,76
0,Diag2ConsecBOnly,11,2026-09-15,2026-09-15,PatternB,Call,23300.0000,0,13:46:53.000,13:46:53.000,13:47:38.000,-1150.1300,5.9360730593607305936073059400,0.9132420091324200913242009100,45
0,Diag2ConsecBOnly,12,2026-09-15,2026-09-15,PatternB,Call,23300.0000,0,13:47:48.000,13:47:48.000,13:48:15.000,-208.1400,2.2970903522205206738131699800,0.3062787136294027565084226600,27
0,Diag2ConsecBOnly,13,2026-09-15,2026-09-15,PatternB,Call,23250.0000,0,14:20:16.000,14:20:16.000,14:21:12.000,636.2100,1.0622154779969650986342943900,3.94537177541729893778452200,56
0,Diag2ConsecBOnly,14,2026-09-15,2026-09-15,PatternB,Call,23250.0000,0,14:26:52.000,14:26:52.000,14:28:39.000,-1995.1500,8.918128654970760233918128650,1.1695906432748538011695906400,107
0,Diag2ConsecBOnly,0,2026-09-16,2026-09-22,PatternB,Call,23200.0000,6,09:48:25.000,09:48:25.000,09:50:59.000,7990.6100,0,11.900252525252525252525252530,154
0,Diag2ConsecBOnly,1,2026-09-16,2026-09-22,PatternB,Call,23250.0000,6,10:16:18.000,10:16:18.000,10:33:12.000,10883.3800,0.7175472928897586431833007200,13.502935420743639921722113500,1014
0,Diag2ConsecBOnly,2,2026-09-16,2026-09-22,PatternB,Call,23250.0000,6,12:03:44.000,12:03:44.000,12:20:02.000,9196.7500,0.8468834688346883468834688300,12.771002710027100271002710030,978
0,Diag2ConsecBOnly,3,2026-09-16,2026-09-22,PatternB,Call,23350.0000,6,13:19:32.000,13:19:32.000,13:20:05.000,-1936.2700,2.2850503485670023237800154900,0.9682416731216111541440743600,33
0,Diag2ConsecBOnly,0,2026-09-17,2026-09-22,PatternB,Call,23300.0000,5,09:32:01.000,09:32:01.000,09:33:29.000,6023.5500,1.5795868772782503037667071700,7.5739165654110976103685702700,88
0,Diag2ConsecBOnly,1,2026-09-17,2026-09-22,PatternB,Call,23350.0000,5,10:05:04.000,10:05:04.000,10:06:02.000,2035.0500,0.8375988832014890646812470900,8.422522103303862261516984640,58
0,Diag2ConsecBOnly,2,2026-09-17,2026-09-22,PatternB,Call,23350.0000,5,10:10:12.000,10:10:12.000,10:10:35.000,-956.6400,1.2478485370051635111876075700,0.344234079173838209982788300,23
0,Diag2ConsecBOnly,3,2026-09-17,2026-09-22,PatternB,Call,23350.0000,5,10:14:38.000,10:14:38.000,10:16:51.000,-1185.3400,2.0920502092050209205020920500,2.6778242677824267782426778200,133
0,Diag2ConsecBOnly,4,2026-09-17,2026-09-22,PatternB,Call,23300.0000,5,10:32:13.000,10:32:13.000,10:33:11.000,-1967.6500,2.6503164556962025316455696200,0.5933544303797468354430379700,58
0,Diag2ConsecBOnly,5,2026-09-17,2026-09-22,PatternB,Call,23300.0000,5,10:45:50.000,10:45:50.000,10:48:27.000,1187.2700,0.6920415224913494809688581300,3.6332179930795847750865051900,157
0,Diag2ConsecBOnly,6,2026-09-17,2026-09-22,PatternB,Call,23250.0000,5,11:08:55.000,11:08:55.000,11:10:12.000,81.9200,1.6504443504020313161235717300,2.7507405840033855268726195500,77
0,Diag2ConsecBOnly,7,2026-09-17,2026-09-22,PatternB,Call,23400.0000,5,12:12:45.000,12:12:45.000,12:13:50.000,-1244.4700,3.6138849262957679505468378500,0.5706134094151212553495007100,65
0,Diag2ConsecBOnly,8,2026-09-17,2026-09-22,PatternB,Call,23400.0000,5,12:34:00.000,12:34:00.000,12:40:07.000,4049.9700,1.482544237207077953132472500,8.608321377331420373027259680,367
0,Diag2ConsecBOnly,9,2026-09-17,2026-09-22,PatternB,Call,23300.0000,5,13:31:41.000,13:31:41.000,13:33:12.000,-369.4600,2.9558890404729422464756707600,2.4101864483856298317417007700,91
0,Diag2ConsecBOnly,10,2026-09-17,2026-09-22,PatternB,Call,23300.0000,5,13:43:52.000,13:43:52.000,13:45:20.000,-1928.6300,3.3091568449682683590208522200,0.2266545784224841341795104300,88
0,Diag2ConsecBOnly,11,2026-09-17,2026-09-22,PatternB,Call,23300.0000,5,14:29:27.000,14:29:27.000,14:33:56.000,-142.5100,1.5772870662460567823343848600,2.9292474087426768814781433100,269
0,Diag2ConsecBOnly,0,2026-09-18,2026-09-22,PatternB,Call,23350.0000,4,09:17:10.000,09:17:10.000,09:17:15.000,-888.1400,1.3953488372093023255813953500,0,5
0,Diag2ConsecBOnly,1,2026-09-18,2026-09-22,PatternB,Call,23350.0000,4,09:50:41.000,09:50:41.000,09:51:01.000,-1499.2200,2.6443604964921748515920129500,0.1079330814894765245547760400,20
0,Diag2ConsecBOnly,2,2026-09-18,2026-09-22,PatternB,Call,23350.0000,4,10:38:36.000,10:38:36.000,10:38:42.000,-425.6500,0.7357102433503112620260328200,0,6
0,Diag2ConsecBOnly,3,2026-09-18,2026-09-22,PatternB,Call,23350.0000,4,10:55:04.000,10:55:04.000,11:11:46.000,-652.5200,8.605851979345955249569707400,3.5570854847963281698221457300,1002
0,Diag2ConsecBOnly,4,2026-09-18,2026-09-22,PatternB,Call,23350.0000,4,12:44:42.000,12:44:42.000,12:47:00.000,-752.4800,3.7493304767005891805034815200,0,138
0,Diag2ConsecBOnly,5,2026-09-18,2026-09-22,PatternB,Call,23400.0000,4,14:46:18.000,14:46:18.000,14:51:36.000,4940.3000,0.4189944134078212290502793300,13.617318435754189944134078210,318
0,Diag2ConsecBOnly,0,2026-09-21,2026-09-22,PatternB,Call,23400.0000,1,09:19:17.000,09:19:17.000,09:20:36.000,525.7500,1.7692307692307692307692307700,4.3846153846153846153846153800,79
0,Diag2ConsecBOnly,1,2026-09-21,2026-09-22,PatternB,Call,23400.0000,1,09:31:19.000,09:31:19.000,09:31:21.000,-160.4500,0.2661343978709248170326014600,0.199600798403193612774451100,2
0,Diag2ConsecBOnly,2,2026-09-21,2026-09-22,PatternB,Call,23400.0000,1,11:22:07.000,11:22:07.000,11:27:38.000,331.4400,0.6289308176100628930817610100,4.559748427672955974842767300,331
0,Diag2ConsecBOnly,3,2026-09-21,2026-09-22,PatternB,Call,23400.0000,1,12:38:24.000,12:38:24.000,12:45:54.000,-939.8000,7.6923076923076923076923076900,0.0668896321070234113712374600,450
0,Diag2ConsecBOnly,4,2026-09-21,2026-09-22,PatternB,Call,23450.0000,1,13:27:54.000,13:27:54.000,13:28:35.000,-378.5000,1.5311004784688995215311004800,0,41
0,Diag2ConsecBOnly,5,2026-09-21,2026-09-22,PatternB,Call,23450.0000,1,13:53:32.000,13:53:32.000,13:53:51.000,-1192.1400,3.108348134991119005328596800,0,19
0,Diag2ConsecBOnly,6,2026-09-21,2026-09-22,PatternB,Call,23450.0000,1,14:24:32.000,14:24:32.000,14:25:47.000,-676.4100,1.5151515151515151515151515200,0.5303030303030303030303030300,75
0,Diag2ConsecBOnly,0,2026-09-22,2026-09-22,PatternB,Call,23450.0000,0,09:37:54.000,09:37:54.000,09:39:21.000,1119.1200,1.2643678160919540229885057500,8.045977011494252873563218390,87
0,Diag2ConsecBOnly,1,2026-09-22,2026-09-22,PatternB,Call,23450.0000,0,10:25:23.000,10:25:23.000,10:25:57.000,-665.1300,2.614379084967320261437908500,0,34
0,Diag2ConsecBOnly,2,2026-09-22,2026-09-22,PatternB,Call,23450.0000,0,10:31:44.000,10:31:44.000,10:32:45.000,-695.0500,3.7558685446009389671361502300,1.7214397496087636932707355200,61
0,Diag2ConsecBOnly,3,2026-09-22,2026-09-22,PatternB,Call,23400.0000,0,10:57:45.000,10:57:45.000,10:58:03.000,471.2100,0,3.4307496823379923761118170300,18
0,Diag2ConsecBOnly,4,2026-09-22,2026-09-22,PatternB,Call,23400.0000,0,11:08:08.000,11:08:08.000,11:12:15.000,1901.8800,0.5633802816901408450704225400,9.718309859154929577464788730,247
0,Diag2ConsecBOnly,5,2026-09-22,2026-09-22,PatternB,Call,23400.0000,0,11:23:20.000,11:23:20.000,11:23:46.000,-959.6400,4.4673539518900343642611683800,0,26
0,Diag2ConsecBOnly,6,2026-09-22,2026-09-22,PatternB,Call,23400.0000,0,11:24:46.000,11:24:46.000,11:25:19.000,599.3600,2.2883295194508009153318077800,2.6315789473684210526315789500,33
0,Diag2ConsecBOnly,7,2026-09-22,2026-09-22,PatternB,Call,23400.0000,0,11:39:50.000,11:39:50.000,11:42:45.000,20.3700,5.3691275167785234899328859100,6.0402684563758389261744966400,175
0,Diag2ConsecBOnly,8,2026-09-22,2026-09-22,PatternB,Call,23350.0000,0,11:59:38.000,11:59:38.000,12:00:27.000,-343.4600,1.9586507072905331882480957600,0.9793253536452665941240478800,49
0,Diag2ConsecBOnly,9,2026-09-22,2026-09-22,PatternB,Call,23350.0000,0,13:40:43.000,13:40:43.000,13:44:04.000,473.4000,2.503681885125184094256259200,13.991163475699558173784977910,201
0,Diag2ConsecBOnly,10,2026-09-22,2026-09-22,PatternB,Call,23300.0000,0,14:10:06.000,14:10:06.000,14:15:48.000,29473.3200,3.0066815144766146993318485500,167.48329621380846325167037862,342
0,Diag2ConsecBOnly,11,2026-09-22,2026-09-22,PatternB,Call,23400.0000,0,14:25:04.000,14:25:04.000,14:26:42.000,4143.7100,0,22.106824925816023738872403560,98
0,Diag2ConsecBOnly,12,2026-09-22,2026-09-22,PatternB,Call,23400.0000,0,14:32:04.000,14:32:04.000,14:32:16.000,-210.4600,2.4771838331160365058670143400,0,12
0,Diag2ConsecBOnly,13,2026-09-22,2026-09-22,PatternB,Call,23350.0000,0,14:58:46.000,14:58:46.000,14:58:50.000,-243.6100,0.87500,0.500,4
0,Diag2ConsecBOnly,0,2026-09-23,2026-09-29,PatternB,Call,23400.0000,6,09:28:16.000,09:28:16.000,09:28:21.000,-1088.9700,1.55546459271387638149815800,0,5
0,Diag2ConsecBOnly,1,2026-09-23,2026-09-29,PatternB,Call,23450.0000,6,10:41:25.000,10:41:25.000,10:45:11.000,86.3300,2.4231127679403541472506989700,2.1901211556383970177073625300,226
0,Diag2ConsecBOnly,2,2026-09-23,2026-09-29,PatternB,Call,23450.0000,6,10:45:24.000,10:45:24.000,10:46:02.000,312.8300,0.594149908592321755027422300,1.691042047531992687385740400,38
0,Diag2ConsecBOnly,3,2026-09-23,2026-09-29,PatternB,Call,23450.0000,6,10:48:54.000,10:48:54.000,10:49:27.000,-1636.6400,2.4302430243024302430243024300,0.2250225022502250225022502300,33
0,Diag2ConsecBOnly,4,2026-09-23,2026-09-29,PatternB,Call,23450.0000,6,11:08:08.000,11:08:08.000,11:08:36.000,-2254.9100,2.9398859148749451513821851700,0,28
0,Diag2ConsecBOnly,5,2026-09-23,2026-09-29,PatternB,Call,23450.0000,6,14:45:54.000,14:45:54.000,14:47:00.000,378.1200,1.0128913443830570902394106800,1.6114180478821362799263351700,66
0,Diag2ConsecBOnly,6,2026-09-23,2026-09-29,PatternB,Call,23450.0000,6,14:55:12.000,14:55:12.000,14:55:17.000,-369.2000,0.8691674290942360475754803300,0.0914913083257090576395242500,5
0,Diag2ConsecBOnly,7,2026-09-23,2026-09-29,PatternB,Call,23450.0000,6,14:55:36.000,14:55:36.000,14:57:32.000,-3292.3300,4.6703296703296703296703296700,0.7326007326007326007326007300,116
1,Baseline,0,2026-09-04,2026-09-15,PatternA,Put,24050.0000,11,09:26:32.000,09:26:32.000,09:29:14.000,3234.1600,0.3610108303249097472924187700,3.378029912325941206807632800,162
1,Baseline,1,2026-09-04,2026-09-15,PatternB,Call,24050.0000,11,09:29:13.000,09:29:14.000,09:30:40.000,-508.1600,0.7981755986316989737742303300,0.9502090459901178259217027700,86
1,Baseline,2,2026-09-04,2026-09-15,PatternA,Put,24050.0000,11,09:30:39.000,09:30:40.000,09:32:11.000,1023.2800,0.0250689395838556029079969900,2.3063424417147154675357232400,91
1,Baseline,3,2026-09-04,2026-09-15,PatternB,Call,24050.0000,11,09:32:11.000,09:32:11.000,09:34:49.000,1441.2700,0.2308580223162754905732974200,3.6167756829549826856483262800,158
1,Baseline,4,2026-09-04,2026-09-15,PatternA,Put,24050.0000,11,09:34:49.000,09:34:49.000,09:37:06.000,1251.9000,0.1273236567354214413037942400,3.3358798064680417621594092200,137
1,Baseline,5,2026-09-04,2026-09-15,PatternB,Call,24050.0000,11,09:37:05.000,09:37:05.000,09:42:10.000,207.0200,1.1538461538461538461538461500,2.2307692307692307692307692300,305
1,Baseline,6,2026-09-04,2026-09-15,PatternA,Put,24050.0000,11,09:42:10.000,09:42:11.000,09:53:29.000,-13982.2100,10.745669093648004017072558370,0.652774290735626412252071300,678
1,Baseline,7,2026-09-04,2026-09-15,PatternB,Call,24050.0000,11,09:53:29.000,09:53:29.000,09:53:38.000,-902.6500,0.8379888268156424581005586600,0,9
1,Baseline,8,2026-09-04,2026-09-15,PatternA,Put,24050.0000,11,09:53:38.000,09:53:38.000,09:53:41.000,-852.3500,0.6971556051310652537646402700,0,3
1,Baseline,9,2026-09-04,2026-09-15,PatternB,Call,24050.0000,11,09:53:41.000,09:53:41.000,09:59:03.000,2377.9800,1.0507880910683012259194395800,3.3274956217162872154115586700,322
1,Baseline,10,2026-09-04,2026-09-15,PatternA,Put,24100.0000,11,09:59:03.000,09:59:03.000,10:00:05.000,1055.2100,0.2988047808764940239043824700,1.992031872509960159362549800,62
1,Baseline,11,2026-09-04,2026-09-15,PatternB,Call,24050.0000,11,10:00:05.000,10:00:06.000,10:01:19.000,2441.8300,0.2405498281786941580756013700,3.539518900343642611683848800,73
1,Baseline,12,2026-09-04,2026-09-15,PatternA,Put,24100.0000,11,10:01:19.000,10:01:19.000,10:01:28.000,-599.6500,0.3048006096012192024384048800,0,9
1,Baseline,13,2026-09-04,2026-09-15,PatternB,Call,24100.0000,11,10:01:28.000,10:01:28.000,10:01:39.000,-668.3200,0.8330027766759222530741769100,0.0793335977786592621975406600,11
1,Baseline,14,2026-09-04,2026-09-15,PatternA,Put,24100.0000,11,10:01:39.000,10:01:39.000,10:02:14.000,-209.9500,0.1015228426395939086294416200,1.0659898477157360406091370600,35
1,Baseline,15,2026-09-04,2026-09-15,PatternB,Call,24100.0000,11,10:02:14.000,10:02:14.000,10:02:47.000,-1155.1900,1.5968063872255489021956087800,0,33
1,Baseline,16,2026-09-04,2026-09-15,PatternA,Put,24100.0000,11,10:02:47.000,10:02:47.000,10:03:16.000,-1477.3100,1.08257804632426988922457200,0,29
1,Baseline,17,2026-09-04,2026-09-15,PatternB,Call,24100.0000,11,10:03:15.000,10:03:15.000,10:03:37.000,-472.9600,0.4004805766920304365238285900,0.2402883460152182619142971600,22
1,Baseline,18,2026-09-04,2026-09-15,PatternA,Put,24100.0000,11,10:03:37.000,10:03:37.000,10:09:49.000,5441.5600,0.4824784154393092940578974100,4.4946673438293550025393600800,372
1,Baseline,19,2026-09-04,2026-09-15,PatternB,Call,24050.0000,11,10:09:49.000,10:09:50.000,10:11:17.000,-544.2300,2.3148148148148148148148148100,0.6054131054131054131054131100,87
1,Baseline,20,2026-09-04,2026-09-15,PatternA,Put,24050.0000,11,10:11:16.000,10:11:16.000,10:17:35.000,-1924.3200,2.5883662677428332869468410800,2.8666852212635680489841358200,379
1,Baseline,21,2026-09-04,2026-09-15,PatternB,Call,24050.0000,11,10:17:35.000,10:17:36.000,10:24:30.000,1793.6800,0.7396970764353645649876717200,3.2405776681930257132793237100,414
1,Baseline,22,2026-09-04,2026-09-15,PatternA,Put,24100.0000,11,10:24:29.000,10:24:29.000,10:31:34.000,-5797.7600,7.3176823176823176823176823200,0,425
1,Baseline,23,2026-09-04,2026-09-15,PatternB,Call,24100.0000,11,10:31:34.000,10:31:34.000,10:42:14.000,-278.5500,3.1746031746031746031746031700,2.2619047619047619047619047600,640
1,Baseline,24,2026-09-04,2026-09-15,PatternA,Put,24100.0000,11,10:42:14.000,10:42:14.000,10:43:01.000,18.1400,0.5122950819672131147540983600,1.0245901639344262295081967200,47
1,Baseline,25,2026-09-04,2026-09-15,PatternB,Call,24100.0000,11,10:43:01.000,10:43:01.000,10:45:55.000,-635.8000,0.9130607383882493052798729700,0.8336641524414450178642318400,174
1,Baseline,26,2026-09-04,2026-09-15,PatternA,Put,24100.0000,11,10:45:55.000,10:45:55.000,10:46:50.000,-2190.9300,1.6811003565970453387671930700,0.101884870096790626591951100,55
1,Baseline,27,2026-09-04,2026-09-15,PatternB,Call,24100.0000,11,10:46:49.000,10:46:49.000,10:48:19.000,208.2400,0.3543307086614173228346456700,0.6692913385826771653543307100,90
1,Baseline,28,2026-09-04,2026-09-15,PatternA,Put,24100.0000,11,10:48:19.000,10:48:19.000,10:49:04.000,-825.4000,0.388802488335925349922239500,0.4924831518921721099015033700,45
1,Baseline,29,2026-09-04,2026-09-15,PatternB,Call,24100.0000,11,10:49:03.000,10:49:03.000,10:49:33.000,-961.3900,1.2118842845973416731821735700,0,30
1,Baseline,30,2026-09-04,2026-09-15,PatternA,Put,24100.0000,11,10:49:32.000,10:49:33.000,10:53:54.000,-631.0500,1.0813594232749742533470648800,0.5921730175077239958805355300,261
1,Baseline,31,2026-09-04,2026-09-15,PatternB,Call,24100.0000,11,10:53:54.000,10:53:54.000,10:54:10.000,-116.4900,0.4335829720141899881750098500,0.0788332676389436342136381600,16
1,Baseline,32,2026-09-04,2026-09-15,PatternA,Put,24100.0000,11,10:54:10.000,10:54:11.000,10:55:50.000,-1085.3400,1.5790836137716800414185865900,0,99
1,Baseline,33,2026-09-04,2026-09-15,PatternB,Call,24100.0000,11,10:55:50.000,10:55:50.000,10:55:55.000,-474.5800,0.6984866123399301513387660100,0,5
1,Baseline,34,2026-09-04,2026-09-15,PatternA,Put,24100.0000,11,10:55:55.000,10:55:55.000,10:57:52.000,539.3000,0.2349256068911511354737666400,1.2529365700861393891934220800,117
1,Baseline,35,2026-09-04,2026-09-15,PatternB,Call,24100.0000,11,10:57:52.000,10:57:53.000,10:58:43.000,-733.8700,0.8235294117647058823529411800,0,50
1,Baseline,36,2026-09-04,2026-09-15,PatternA,Put,24100.0000,11,10:58:43.000,10:58:43.000,11:04:38.000,-760.9100,2.3447565060551404277248131900,1.0048956454522030404534913700,355
1,Baseline,37,2026-09-04,2026-09-15,PatternB,Call,24100.0000,11,11:04:38.000,11:04:38.000,11:06:33.000,-1383.2600,1.4960629921259842519685039400,0.2362204724409448818897637800,115
1,Baseline,38,2026-09-04,2026-09-15,PatternA,Put,24100.0000,11,11:06:32.000,11:06:33.000,11:21:47.000,-4723.9800,4.1965199590583418628454452400,1.9703172978505629477993858800,914
1,Baseline,39,2026-09-04,2026-09-15,PatternB,Call,24100.0000,11,11:21:47.000,11:21:47.000,11:22:14.000,-799.7600,1.0015408320493066255778120200,0,27
1,Baseline,40,2026-09-04,2026-09-15,PatternA,Put,24100.0000,11,11:22:14.000,11:22:14.000,11:23:57.000,345.8000,0.7440871644964124368854637300,0.3720435822482062184427318600,103
1,Baseline,41,2026-09-04,2026-09-15,PatternB,Call,24100.0000,11,11:23:57.000,11:23:57.000,11:25:33.000,-766.9000,2.2118742724097788125727590200,0.5044625533566162204113310100,96
1,Baseline,42,2026-09-04,2026-09-15,PatternA,Put,24100.0000,11,11:25:33.000,11:25:34.000,11:26:17.000,-1863.4700,1.6073781291172595520421607400,0,43
1,Baseline,43,2026-09-04,2026-09-15,PatternB,Call,24100.0000,11,11:26:17.000,11:26:17.000,11:26:22.000,-279.8900,0.3093580819798917246713070400,0,5
1,Baseline,44,2026-09-04,2026-09-15,PatternA,Put,24100.0000,11,11:26:21.000,11:26:21.000,11:27:14.000,-2706.9900,1.8143009605122732123799359700,0.0266808964781216648879402300,53
1,Baseline,45,2026-09-04,2026-09-15,PatternB,Call,24100.0000,11,11:27:14.000,11:27:14.000,11:27:27.000,-1157.3200,1.6475095785440613026819923400,0,13
1,Baseline,46,2026-09-04,2026-09-15,PatternA,Put,24100.0000,11,11:27:27.000,11:27:27.000,11:28:51.000,-595.4000,1.3143776824034334763948497900,0.4023605150214592274678111600,84
1,Baseline,47,2026-09-04,2026-09-15,PatternB,Call,24100.0000,11,11:28:51.000,11:28:51.000,11:35:40.000,2773.1000,1.3894249324585102277113083800,4.0138942493245851022771130800,409
1,Baseline,48,2026-09-04,2026-09-15,PatternA,Put,24100.0000,11,11:35:40.000,11:35:41.000,11:37:13.000,381.1400,0,1.1595803423522915516289342900,92
1,Baseline,49,2026-09-04,2026-09-15,PatternB,Call,24100.0000,11,11:37:13.000,11:37:13.000,11:42:29.000,757.7400,1.4226881317858479970048670900,4.4552602021714713590415574700,316
1,Baseline,50,2026-09-04,2026-09-15,PatternA,Put,24100.0000,11,11:42:29.000,11:42:29.000,11:45:26.000,803.0100,0.2472527472527472527472527500,1.5109890109890109890109890100,177
1,Baseline,51,2026-09-04,2026-09-15,PatternB,Call,24100.0000,11,11:45:26.000,11:45:26.000,11:46:11.000,-476.5100,1.0104790419161676646706586800,0.2994011976047904191616766500,45
1,Baseline,52,2026-09-04,2026-09-15,PatternA,Put,24100.0000,11,11:46:11.000,11:46:11.000,11:48:35.000,-432.2100,1.3282732447817836812144212500,0.1084304689617782596909731600,144
1,Baseline,53,2026-09-04,2026-09-15,PatternB,Call,24100.0000,11,11:48:35.000,11:48:35.000,11:51:53.000,1732.3900,0.3009781790820165537998495100,3.1226486079759217456734386800,198
1,Baseline,54,2026-09-04,2026-09-15,PatternA,Put,24100.0000,11,11:51:53.000,11:51:53.000,11:55:02.000,88.5400,0.6050605060506050605060506100,1.1551155115511551155115511600,189
1,Baseline,55,2026-09-04,2026-09-15,PatternB,Call,24100.0000,11,11:55:01.000,11:55:02.000,11:55:59.000,-704.5200,0.7396449704142011834319526600,0,57
1,Baseline,56,2026-09-04,2026-09-15,PatternA,Put,24100.0000,11,11:55:58.000,11:55:59.000,11:57:40.000,-1341.1300,1.4465065502183406113537117900,0.0272925764192139737991266400,101
1,Baseline,57,2026-09-04,2026-09-15,PatternB,Call,24100.0000,11,11:57:40.000,11:57:40.000,11:58:02.000,-217.5500,0.7366482504604051565377532200,0.0368324125230202578268876600,22
1,Baseline,58,2026-09-04,2026-09-15,PatternA,Put,24100.0000,11,11:58:02.000,11:58:02.000,12:06:19.000,7136.7400,0.0275406224180666483062517200,7.7939961443128614706692371200,497
1,Baseline,59,2026-09-04,2026-09-15,PatternB,Call,24100.0000,11,12:06:19.000,12:06:19.000,12:07:55.000,-1447.5300,1.7557861133280127693535514800,0,96
1,Baseline,60,2026-09-04,2026-09-15,PatternA,Put,24100.0000,11,12:07:54.000,12:07:55.000,12:10:09.000,-956.6600,2.0897043832823649337410805300,0,134
1,Baseline,61,2026-09-04,2026-09-15,PatternB,Call,24100.0000,11,12:10:08.000,12:10:09.000,12:16:49.000,-5052.3700,7.4014481094127111826226870500,1.1263073209975864843121480300,400
1,Baseline,62,2026-09-04,2026-09-15,PatternA,Put,24050.0000,11,12:16:49.000,12:16:50.000,12:17:29.000,-1565.9300,1.4132278123233465234595816800,0,39
1,Baseline,63,2026-09-04,2026-09-15,PatternB,Call,24050.0000,11,12:17:28.000,12:17:29.000,12:22:28.000,-2363.5800,3.1426553672316384180790960500,1.9420903954802259887005649700,299
1,Baseline,64,2026-09-04,2026-09-15,PatternA,Put,24050.0000,11,12:22:28.000,12:22:28.000,12:25:03.000,3532.9900,0.3092493674444756817542873200,3.148720832161934214225470900,155
1,Baseline,65,2026-09-04,2026-09-15,PatternB,Call,24050.0000,11,12:25:03.000,12:25:03.000,12:27:38.000,1894.9900,0.2265861027190332326283987900,3.3232628398791540785498489400,155
1,Baseline,66,2026-09-04,2026-09-15,PatternA,Put,24050.0000,11,12:27:38.000,12:27:38.000,12:31:52.000,-690.2600,2.7214662593723965565120799800,0.1943904470980283254651485700,254
1,Baseline,67,2026-09-04,2026-09-15,PatternB,Call,24050.0000,11,12:31:52.000,12:31:52.000,12:38:13.000,-2328.6900,3.2805012900847769996314043500,0.8477699963140434942867674200,381
1,Baseline,68,2026-09-04,2026-09-15,PatternA,Put,24050.0000,11,12:38:13.000,12:38:13.000,12:40:48.000,-3095.1000,2.236160349059176438505590400,0.0545404963185164985001363500,155
1,Baseline,69,2026-09-04,2026-09-15,PatternB,Call,24050.0000,11,12:40:48.000,12:40:48.000,12:42:17.000,-1126.5500,1.4105419450631031922791388300,0,89
1,Baseline,70,2026-09-04,2026-09-15,PatternA,Put,24050.0000,11,12:42:17.000,12:42:17.000,12:48:33.000,-755.7700,0.4134509371554575523704520400,1.5159867695700110253583241500,376
1,Baseline,71,2026-09-04,2026-09-15,PatternB,Call,24050.0000,11,12:48:33.000,12:48:33.000,12:54:23.000,984.8900,0.7459903021260723610593062300,2.4244684819097351734427452400,350
1,Baseline,72,2026-09-04,2026-09-15,PatternA,Put,24050.0000,11,12:54:23.000,12:54:23.000,13:03:58.000,1259.8600,0.5091937765205091937765205100,5.5728429985855728429985855700,575
1,Baseline,73,2026-09-04,2026-09-15,PatternB,Call,24050.0000,11,13:03:58.000,13:03:58.000,13:05:01.000,-801.1200,1.2016522718738265114532482200,0,63
1,Baseline,74,2026-09-04,2026-09-15,PatternA,Put,24050.0000,11,13:05:01.000,13:05:01.000,13:08:51.000,-2801.5800,1.5521064301552106430155210600,0.2494456762749445676274944600,230
1,Baseline,75,2026-09-04,2026-09-15,PatternB,Call,24050.0000,11,13:08:50.000,13:08:51.000,13:10:22.000,562.5300,0.2605135839225902493487160400,1.302567919612951246743580200,91
1,Baseline,76,2026-09-04,2026-09-15,PatternA,Put,24050.0000,11,13:10:21.000,13:10:22.000,13:17:23.000,-7703.8200,7.200,0,421
1,Baseline,77,2026-09-04,2026-09-15,PatternB,Call,24100.0000,11,13:17:23.000,13:17:23.000,13:18:00.000,-308.0000,0.8857022353437368199072121500,0.590468156895824546604808100,37
1,Baseline,78,2026-09-04,2026-09-15,PatternA,Put,24100.0000,11,13:18:00.000,13:18:00.000,13:31:13.000,7392.8600,0.4719454640797063450445726300,7.0791819611955951756685894100,793
1,Baseline,79,2026-09-04,2026-09-15,PatternB,Call,24050.0000,11,13:31:13.000,13:31:13.000,13:36:22.000,-1711.1000,3.3457249070631970260223048300,0.037174721189591078066914500,309
1,Baseline,80,2026-09-04,2026-09-15,PatternA,Put,24050.0000,11,13:36:21.000,13:36:22.000,13:37:30.000,-2216.4200,1.6750418760469011725293132300,0,68
1,Baseline,81,2026-09-04,2026-09-15,PatternB,Call,24050.0000,11,13:37:30.000,13:37:30.000,13:39:42.000,-346.5900,0.4116766467065868263473053900,0.3368263473053892215568862300,132
1,Baseline,82,2026-09-04,2026-09-15,PatternA,Put,24050.0000,11,13:39:41.000,13:39:42.000,13:48:25.000,-4651.4200,4.8670062252405206564799094500,0.8205998868138087153367289200,523
1,Baseline,83,2026-09-04,2026-09-15,PatternB,Call,24050.0000,11,13:48:25.000,13:48:25.000,13:54:42.000,-3920.9600,4.834605597964376590330788800,0,377
1,Baseline,84,2026-09-04,2026-09-15,PatternA,Put,24050.0000,11,13:54:41.000,13:54:42.000,14:12:47.000,-3872.2300,3.7464788732394366197183098600,0.7042253521126760563380281700,1085
1,Baseline,85,2026-09-04,2026-09-15,PatternB,Call,24100.0000,11,14:12:47.000,14:12:47.000,14:24:42.000,-78.7900,2.4561403508771929824561403500,0.8771929824561403508771929800,715
1,Baseline,86,2026-09-04,2026-09-15,PatternA,Put,24050.0000,11,14:24:42.000,14:24:42.000,14:25:40.000,-2374.8000,2.1276595744680851063829787200,0.3250591016548463356973995300,58
1,Baseline,87,2026-09-04,2026-09-15,PatternB,Call,24100.0000,11,14:25:40.000,14:25:40.000,14:28:11.000,-274.6500,0.4295532646048109965635738800,1.3745704467353951890034364300,151
1,Baseline,88,2026-09-04,2026-09-15,PatternA,Put,24100.0000,11,14:28:11.000,14:28:11.000,14:29:45.000,-2124.2200,3.04687500,0,94
1,Baseline,89,2026-09-04,2026-09-15,PatternB,Call,24100.0000,11,14:29:45.000,14:29:45.000,14:35:08.000,-1314.4200,1.362281822051936994465730100,2.0859940400170285227756492100,323
1,Baseline,90,2026-09-04,2026-09-15,PatternA,Put,24100.0000,11,14:35:08.000,14:35:08.000,14:41:12.000,3819.8300,0.8622942252417036843480533100,6.0883198327671805591847400100,364
1,Baseline,91,2026-09-04,2026-09-15,PatternB,Call,24050.0000,11,14:41:11.000,14:41:12.000,14:51:48.000,-2718.0400,4.9387300408466394355737096200,0.1113999257333828444114370600,636
1,Baseline,92,2026-09-04,2026-09-15,PatternA,Put,24050.0000,11,14:51:47.000,14:51:48.000,14:57:01.000,188.2400,0.7092198581560283687943262400,1.5035460992907801418439716300,313
1,Baseline,93,2026-09-04,2026-09-15,PatternB,Call,24050.0000,11,14:57:01.000,14:57:01.000,14:57:23.000,-117.8700,0,0.076775431861804222648752400,22
1,Baseline,94,2026-09-04,2026-09-15,PatternA,Put,24050.0000,11,14:57:23.000,14:57:23.000,14:57:55.000,-1176.0900,0.7074136955291454442558007900,0,32
1,Baseline,95,2026-09-04,2026-09-15,PatternB,Call,24050.0000,11,14:57:55.000,14:57:55.000,15:02:06.000,-1482.3000,2.1382206949217258495609011100,0.8018327605956471935853379200,251
1,Baseline,0,2026-09-08,2026-09-15,PatternA,Put,23800.0000,7,09:15:15.000,09:15:15.000,09:15:47.000,-132.3000,0.3318250377073906485671191600,3.1070889894419306184012066400,32
1,Baseline,1,2026-09-08,2026-09-15,PatternB,Call,23800.0000,7,09:15:47.000,09:15:47.000,09:16:14.000,-692.3900,2.5154247745609871855719031800,0.569530137636449928808732800,27
1,Baseline,2,2026-09-08,2026-09-15,PatternA,Put,23800.0000,7,09:16:14.000,09:16:14.000,09:16:23.000,224.0700,0.2380952380952380952380952400,0.8630952380952380952380952400,9
1,Baseline,3,2026-09-08,2026-09-15,PatternB,Call,23800.0000,7,09:16:23.000,09:16:23.000,09:16:24.000,-204.6900,0.2401536983669548511047070100,0,1
1,Baseline,4,2026-09-08,2026-09-15,PatternA,Put,23800.0000,7,09:16:24.000,09:16:24.000,09:16:49.000,-5005.5300,4.2332741267021906453522794600,0,25
1,Baseline,5,2026-09-08,2026-09-15,PatternB,Call,23800.0000,7,09:16:49.000,09:16:49.000,09:17:36.000,-887.2100,2.0912547528517110266159695800,0,47
1,Baseline,6,2026-09-08,2026-09-15,PatternA,Put,23800.0000,7,09:17:36.000,09:17:36.000,09:17:42.000,-553.9200,0.5175038051750380517503805200,0.1522070015220700152207001500,6
1,Baseline,7,2026-09-08,2026-09-15,PatternB,Call,23800.0000,7,09:17:42.000,09:17:42.000,09:17:51.000,-919.3400,1.2937230474365117393387637800,0.6229036895064686152371825600,9
1,Baseline,8,2026-09-08,2026-09-15,PatternA,Put,23800.0000,7,09:17:51.000,09:17:51.000,09:18:29.000,-1854.2500,2.6638730918886560909907213400,0,38
1,Baseline,9,2026-09-08,2026-09-15,PatternB,Call,23800.0000,7,09:18:29.000,09:18:29.000,09:19:41.000,315.2100,0,1.2071463061323032351521004300,72
1,Baseline,10,2026-09-08,2026-09-15,PatternA,Put,23800.0000,7,09:19:41.000,09:19:41.000,09:19:47.000,-749.4100,0.8144796380090497737556561100,0,6
1,Baseline,11,2026-09-08,2026-09-15,PatternB,Call,23800.0000,7,09:19:47.000,09:19:47.000,09:20:22.000,-984.3400,1.38822403063666826232647200,0.3350885591191957874581139300,35
1,Baseline,12,2026-09-08,2026-09-15,PatternA,Put,23800.0000,7,09:20:22.000,09:20:22.000,09:20:49.000,-782.6000,1.0149253731343283582089552200,0,27
1,Baseline,13,2026-09-08,2026-09-15,PatternB,Call,23800.0000,7,09:20:49.000,09:20:49.000,09:20:57.000,-204.7700,0.3355704697986577181208053700,0.1438159156279961649089165900,8
1,Baseline,14,2026-09-08,2026-09-15,PatternA,Put,23800.0000,7,09:20:57.000,09:20:57.000,09:21:42.000,484.2500,0.2991325157044570744839964100,1.0469638049655997606939874400,45
1,Baseline,15,2026-09-08,2026-09-15,PatternB,Call,23800.0000,7,09:21:42.000,09:21:42.000,09:22:00.000,-9.8500,0.095969289827255278310940500,0.8637236084452975047984644900,18
1,Baseline,16,2026-09-08,2026-09-15,PatternA,Put,23800.0000,7,09:22:00.000,09:22:00.000,09:22:44.000,-165.7500,0.8028545941123996431757359500,1.3975617008623253047873922100,44
1,Baseline,17,2026-09-08,2026-09-15,PatternB,Call,23800.0000,7,09:22:44.000,09:22:44.000,09:23:25.000,-399.7500,0.7651841224294595887135341900,1.3868962219033955045432807300,41
1,Baseline,18,2026-09-08,2026-09-15,PatternA,Put,23800.0000,7,09:23:25.000,09:23:25.000,09:24:49.000,711.0200,0,1.8979833926453143534994068800,84
1,Baseline,19,2026-09-08,2026-09-15,PatternB,Call,23800.0000,7,09:24:49.000,09:24:49.000,09:26:02.000,-106.6800,1.3145082765335929892891918200,1.0710808179162609542356377800,73
1,Baseline,20,2026-09-08,2026-09-15,PatternA,Put,23800.0000,7,09:26:02.000,09:26:02.000,09:26:20.000,-491.5600,0.5859947260474655728098447100,0.1464986815118663932024611800,18
1,Baseline,21,2026-09-08,2026-09-15,PatternB,Call,23800.0000,7,09:26:20.000,09:26:20.000,09:26:33.000,-788.9000,1.1159631246967491508976225100,0,13
1,Baseline,22,2026-09-08,2026-09-15,PatternA,Put,23800.0000,7,09:26:33.000,09:26:33.000,09:26:40.000,-654.5100,0.6395348837209302325581395300,0,7
1,Baseline,23,2026-09-08,2026-09-15,PatternB,Call,23800.0000,7,09:26:40.000,09:26:40.000,09:27:16.000,-74.2200,0.6326034063260340632603406300,0.2433090024330900243309002400,36
1,Baseline,24,2026-09-08,2026-09-15,PatternA,Put,23800.0000,7,09:27:16.000,09:27:16.000,09:28:35.000,1944.0700,0.8746355685131195335276967900,2.7113702623906705539358600600,79
1,Baseline,25,2026-09-08,2026-09-15,PatternB,Call,23800.0000,7,09:28:35.000,09:28:35.000,09:32:05.000,1225.7000,0.742942050520059435364041600,2.5260029717682020802377414600,210
1,Baseline,26,2026-09-08,2026-09-15,PatternA,Put,23800.0000,7,09:32:05.000,09:32:05.000,09:32:49.000,-394.3100,1.1981297486849795441262419600,0.4967855055523085914669783800,44
1,Baseline,27,2026-09-08,2026-09-15,PatternB,Call,23800.0000,7,09:32:49.000,09:32:49.000,09:33:11.000,-171.8200,0.5332040717401841977702375200,0.2423654871546291808046534200,22
1,Baseline,28,2026-09-08,2026-09-15,PatternA,Put,23800.0000,7,09:33:11.000,09:33:11.000,09:34:03.000,-134.6100,0.4957713619130941965587634900,0.5832604257801108194808982200,52
1,Baseline,29,2026-09-08,2026-09-15,PatternB,Call,23800.0000,7,09:34:03.000,09:34:03.000,09:34:10.000,-464.3200,0.5791505791505791505791505800,0,7
1,Baseline,30,2026-09-08,2026-09-15,PatternA,Put,23800.0000,7,09:34:10.000,09:34:10.000,09:34:20.000,-37.4400,0.2033701336432306798373038900,0.1743172574084834398605461900,10
1,Baseline,31,2026-09-08,2026-09-15,PatternB,Call,23800.0000,7,09:34:20.000,09:34:20.000,09:38:46.000,1614.5600,0.3393116820164808531265147800,3.1022782355792535142995637400,266
1,Baseline,32,2026-09-08,2026-09-15,PatternA,Put,23800.0000,7,09:38:46.000,09:38:46.000,09:39:46.000,323.1300,0.4878048780487804878048780500,1.4939024390243902439024390200,60
1,Baseline,33,2026-09-08,2026-09-15,PatternB,Call,23800.0000,7,09:39:46.000,09:39:46.000,09:42:02.000,-1959.2400,2.7436140018921475875118259200,0.1419110690633869441816461700,136
1,Baseline,34,2026-09-08,2026-09-15,PatternA,Put,23800.0000,7,09:42:02.000,09:42:02.000,09:43:08.000,2075.1900,0.1483239394838326905962622400,2.4028478196380895876594482300,66
1,Baseline,35,2026-09-08,2026-09-15,PatternB,Call,23800.0000,7,09:43:08.000,09:43:08.000,09:46:02.000,-1372.2700,3.5017508754377188594297148600,0.0500250125062531265632816400,174
1,Baseline,36,2026-09-08,2026-09-15,PatternA,Put,23750.0000,7,09:46:01.000,09:46:01.000,09:47:29.000,-2592.8100,2.8727770177838577291381668900,0.1025991792065663474692202500,88
1,Baseline,37,2026-09-08,2026-09-15,PatternB,Call,23800.0000,7,09:47:29.000,09:47:29.000,09:47:47.000,-268.7300,0.5891016200294550810014727500,0,18
1,Baseline,38,2026-09-08,2026-09-15,PatternA,Put,23800.0000,7,09:47:47.000,09:47:47.000,09:48:24.000,-198.6600,0.1773049645390070921985815600,0.9160756501182033096926713900,37
1,Baseline,39,2026-09-08,2026-09-15,PatternB,Call,23800.0000,7,09:48:24.000,09:48:24.000,09:50:19.000,2817.0200,0.2958579881656804733727810700,4.7830374753451676528599605500,115
1,Baseline,40,2026-09-08,2026-09-15,PatternA,Put,23800.0000,7,09:50:19.000,09:50:19.000,09:52:29.000,2532.0800,0.9803921568627450980392156900,2.9411764705882352941176470600,130
1,Baseline,41,2026-09-08,2026-09-15,PatternB,Call,23800.0000,7,09:52:29.000,09:52:29.000,09:53:10.000,-2186.3200,3.1428571428571428571428571400,0.4285714285714285714285714300,41
1,Baseline,42,2026-09-08,2026-09-15,PatternA,Put,23800.0000,7,09:53:10.000,09:53:10.000,09:53:26.000,-36.8500,0.3222970993261060650454145900,0.820392616466451801933782600,16
1,Baseline,43,2026-09-08,2026-09-15,PatternB,Call,23800.0000,7,09:53:26.000,09:53:26.000,09:56:46.000,-204.0000,0.39062500,2.539062500,200
1,Baseline,44,2026-09-08,2026-09-15,PatternA,Put,23800.0000,7,09:56:46.000,09:56:46.000,09:56:51.000,-492.2500,0.63823614737452857557296200,0,5
1,Baseline,45,2026-09-08,2026-09-15,PatternB,Call,23800.0000,7,09:56:51.000,09:56:51.000,09:57:40.000,-626.3000,0.9263773768893222818137493900,0.3412969283276450511945392500,49
1,Baseline,46,2026-09-08,2026-09-15,PatternA,Put,23800.0000,7,09:57:40.000,09:57:40.000,09:58:41.000,-265.1400,0.5203816131830008673026886400,0.3469210754553339115351257600,61
1,Baseline,47,2026-09-08,2026-09-15,PatternB,Call,23800.0000,7,09:58:41.000,09:58:41.000,09:58:45.000,-983.1200,1.4292755051749630359783144400,0,4
1,Baseline,48,2026-09-08,2026-09-15,PatternA,Put,23800.0000,7,09:58:45.000,09:58:45.000,10:01:33.000,-785.4800,1.5463917525773195876288659800,1.8613974799541809851088201600,168
1,Baseline,49,2026-09-08,2026-09-15,PatternB,Call,23800.0000,7,10:01:33.000,10:01:33.000,10:03:12.000,-1437.4100,2.3904382470119521912350597600,0.8466135458167330677290836700,99
1,Baseline,50,2026-09-08,2026-09-15,PatternA,Put,23750.0000,7,10:03:12.000,10:03:12.000,10:03:22.000,-483.1900,1.2329223592135954681772742400,0,10
1,Baseline,51,2026-09-08,2026-09-15,PatternB,Call,23750.0000,7,10:03:22.000,10:03:22.000,10:03:32.000,-601.4300,1.0717230008244023083264633100,0.2061005770816158285243198700,10
1,Baseline,52,2026-09-08,2026-09-15,PatternA,Put,23750.0000,7,10:03:32.000,10:03:32.000,10:03:59.000,35.9900,0.4297520661157024793388429800,0.9917355371900826446280991700,27
1,Baseline,53,2026-09-08,2026-09-15,PatternB,Call,23750.0000,7,10:03:59.000,10:03:59.000,10:05:42.000,-210.9500,0.3765690376569037656903765700,0.8786610878661087866108786600,103
1,Baseline,54,2026-09-08,2026-09-15,PatternA,Put,23750.0000,7,10:05:42.000,10:05:42.000,10:06:20.000,-1035.7300,1.092715231788079470198675500,0.9602649006622516556291390700,38
1,Baseline,55,2026-09-08,2026-09-15,PatternB,Call,23750.0000,7,10:06:20.000,10:06:20.000,10:09:25.000,3102.1200,0.2517834662190516156105749100,5.2874527906000839278220730200,185
1,Baseline,56,2026-09-08,2026-09-15,PatternA,Put,23800.0000,7,10:09:25.000,10:09:25.000,10:16:57.000,-8383.2900,14.145907473309608540925266900,0.0593119810201660735468564700,452
1,Baseline,57,2026-09-08,2026-09-15,PatternB,Call,23800.0000,7,10:16:57.000,10:16:57.000,10:17:15.000,-75.5800,0.1413760603204524033930254500,0.8482563619227144203581526900,18
1,Baseline,58,2026-09-08,2026-09-15,PatternA,Put,23800.0000,7,10:17:15.000,10:17:15.000,10:17:52.000,-583.0500,0.5128205128205128205128205100,0.3846153846153846153846153800,37
1,Baseline,59,2026-09-08,2026-09-15,PatternB,Call,23800.0000,7,10:17:52.000,10:17:52.000,10:18:26.000,-2349.4700,3.9307440336920917173607861500,0.0467945718296677585400093600,34
1,Baseline,60,2026-09-08,2026-09-15,PatternA,Put,23800.0000,7,10:18:26.000,10:18:26.000,10:22:16.000,-1396.7700,3.6817472698907956318252730100,0.8736349453978159126365054600,230
1,Baseline,61,2026-09-08,2026-09-15,PatternB,Call,23800.0000,7,10:22:16.000,10:22:16.000,10:25:52.000,-2445.5600,4.2008691453404152583293095100,2.8005794302269435055528730100,216
1,Baseline,62,2026-09-08,2026-09-15,PatternA,Put,23800.0000,7,10:25:52.000,10:25:52.000,10:30:27.000,-2470.3500,4.2540261318748100881191127300,0,275
1,Baseline,63,2026-09-08,2026-09-15,PatternB,Call,23800.0000,7,10:30:27.000,10:30:27.000,10:38:03.000,-5206.0100,9.245742092457420924574209250,0.9732360097323600973236009700,456
1,Baseline,64,2026-09-08,2026-09-15,PatternA,Put,23750.0000,7,10:38:03.000,10:38:03.000,10:41:15.000,1565.5700,0.7301808066759388038942976400,2.0862308762169680111265646700,192
1,Baseline,65,2026-09-08,2026-09-15,PatternB,Call,23750.0000,7,10:41:15.000,10:41:15.000,10:43:45.000,569.8100,0.386431945040790038643194500,1.975096607986260197509660800,150
1,Baseline,66,2026-09-08,2026-09-15,PatternA,Put,23750.0000,7,10:43:44.000,10:43:45.000,10:44:08.000,-1196.0600,0.9938313913639479095270733400,0,23
1,Baseline,67,2026-09-08,2026-09-15,PatternB,Call,23750.0000,7,10:44:08.000,10:44:08.000,10:49:03.000,3459.8700,0.9322033898305084745762711900,5.1694915254237288135593220300,295
1,Baseline,68,2026-09-08,2026-09-15,PatternA,Put,23800.0000,7,10:49:03.000,10:49:03.000,11:08:23.000,2889.7400,2.4036979969183359013867488400,7.6117103235747303543913713400,1160
1,Baseline,69,2026-09-08,2026-09-15,PatternB,Call,23800.0000,7,11:08:23.000,11:08:23.000,11:10:39.000,-526.9900,0.7656967840735068912710566600,0.969882593159775395610005100,136
1,Baseline,70,2026-09-08,2026-09-15,PatternA,Put,23800.0000,7,11:10:39.000,11:10:39.000,11:14:59.000,-1400.2400,1.5699052132701421800947867300,0.9774881516587677725118483400,260
1,Baseline,71,2026-09-08,2026-09-15,PatternB,Call,23800.0000,7,11:14:59.000,11:14:59.000,11:15:36.000,-364.6700,1.171676006113092205807437600,0,37
1,Baseline,72,2026-09-08,2026-09-15,PatternA,Put,23800.0000,7,11:15:36.000,11:15:36.000,11:19:04.000,-2666.7500,3.0600118835412953060011883500,0.9209744503862150920974450400,208
1,Baseline,73,2026-09-08,2026-09-15,PatternB,Call,23800.0000,7,11:19:03.000,11:19:03.000,11:22:00.000,-1014.7300,1.6112789526686807653575025200,0.7049345417925478348439073500,177
1,Baseline,74,2026-09-08,2026-09-15,PatternA,Put,23800.0000,7,11:22:00.000,11:22:00.000,11:25:53.000,-1009.7500,0.7784431137724550898203592800,1.4970059880239520958083832300,233
1,Baseline,75,2026-09-08,2026-09-15,PatternB,Call,23800.0000,7,11:25:53.000,11:25:53.000,11:27:35.000,187.4400,0.4071246819338422391857506400,1.5267175572519083969465648900,102
1,Baseline,76,2026-09-08,2026-09-15,PatternA,Put,23800.0000,7,11:27:35.000,11:27:35.000,11:28:46.000,225.0200,0.6942348324781165107153637200,0.6640507093268940537277392100,71
1,Baseline,77,2026-09-08,2026-09-15,PatternB,Call,23800.0000,7,11:28:46.000,11:28:46.000,11:42:57.000,-884.4500,4.0650406504065040650406504100,0.2032520325203252032520325200,851
1,Baseline,78,2026-09-08,2026-09-15,PatternA,Put,23750.0000,7,11:42:57.000,11:42:57.000,11:50:39.000,5301.6200,1.483050847457627118644067800,6.6384180790960451977401129900,462
1,Baseline,79,2026-09-08,2026-09-15,PatternB,Call,23750.0000,7,11:50:39.000,11:50:39.000,11:50:50.000,-240.3000,0.6261180679785330948121645800,0.581395348837209302325581400,11
1,Baseline,80,2026-09-08,2026-09-15,PatternA,Put,23750.0000,7,11:50:49.000,11:50:49.000,11:50:54.000,-28.5000,0.766155896069287141905396400,0.1998667554963357761492338400,5
1,Baseline,81,2026-09-08,2026-09-15,PatternB,Call,23750.0000,7,11:50:54.000,11:50:55.000,11:52:22.000,2098.4000,0,4.4883303411131059245960502700,87
1,Baseline,82,2026-09-08,2026-09-15,PatternA,Put,23750.0000,7,11:52:22.000,11:52:22.000,11:57:24.000,-514.8600,3.0395136778115501519756838900,1.925025329280648429584599800,302
1,Baseline,83,2026-09-08,2026-09-15,PatternB,Call,23750.0000,7,11:57:24.000,11:57:24.000,12:00:16.000,-1670.5000,2.9257641921397379912663755500,0.2620087336244541484716157200,172
1,Baseline,84,2026-09-08,2026-09-15,PatternA,Put,23750.0000,7,12:00:16.000,12:00:16.000,12:00:21.000,-28.4600,0.3333333333333333333333333300,0.3666666666666666666666666700,5
1,Baseline,85,2026-09-08,2026-09-15,PatternB,Call,23750.0000,7,12:00:21.000,12:00:21.000,12:00:58.000,-1831.7600,2.7752909579230080572963294500,0.1342882721575649059982094900,37
1,Baseline,86,2026-09-08,2026-09-15,PatternA,Put,23750.0000,7,12:00:58.000,12:00:59.000,12:01:14.000,-321.8700,0.4256712508185985592665356900,0.7858546168958742632612966600,15
1,Baseline,87,2026-09-08,2026-09-15,PatternB,Call,23750.0000,7,12:01:14.000,12:01:14.000,12:01:37.000,-77.0200,0.4559963520291837665298677600,0.6839945280437756497948016400,23
1,Baseline,88,2026-09-08,2026-09-15,PatternA,Put,23750.0000,7,12:01:37.000,12:01:37.000,12:02:04.000,-1036.2200,1.0512483574244415243101182700,0.032851511169513797634691200,27
1,Baseline,89,2026-09-08,2026-09-15,PatternB,Call,23750.0000,7,12:02:04.000,12:02:04.000,12:03:10.000,-207.4500,0.541027953110910730387736700,0.8566275924256086564472497700,66
1,Baseline,90,2026-09-08,2026-09-15,PatternA,Put,23750.0000,7,12:03:10.000,12:03:10.000,12:03:28.000,-60.6700,0.4017408771342484097756946800,0.4017408771342484097756946800,18
1,Baseline,91,2026-09-08,2026-09-15,PatternB,Call,23750.0000,7,12:03:28.000,12:03:28.000,12:03:33.000,-402.2900,0.5415162454873646209386281600,0.0451263537906137184115523500,5
1,Baseline,92,2026-09-08,2026-09-15,PatternA,Put,23750.0000,7,12:03:33.000,12:03:33.000,12:03:49.000,-807.8700,0.7679465776293823038397328900,0,16
1,Baseline,93,2026-09-08,2026-09-15,PatternB,Call,23750.0000,7,12:03:49.000,12:03:49.000,12:03:59.000,-369.8300,0.5863779882724402345511953100,0.1353179972936400541271989200,10
1,Baseline,94,2026-09-08,2026-09-15,PatternA,Put,23750.0000,7,12:03:59.000,12:03:59.000,12:06:56.000,3804.0400,0.2662229617304492512479201300,5.6239600665557404326123128100,177
1,Baseline,95,2026-09-08,2026-09-15,PatternB,Call,23750.0000,7,12:06:56.000,12:06:56.000,12:08:40.000,-205.9700,0.2331002331002331002331002300,1.1655011655011655011655011700,104
1,Baseline,96,2026-09-08,2026-09-15,PatternA,Put,23750.0000,7,12:08:40.000,12:08:41.000,12:09:21.000,-63.8800,0.2543720190779014308426073100,1.5580286168521462639109697900,40
1,Baseline,97,2026-09-08,2026-09-15,PatternB,Call,23750.0000,7,12:09:21.000,12:09:21.000,12:12:36.000,1418.1800,0.2339728591483387927000467900,3.4627983153954141319606925600,195
1,Baseline,98,2026-09-08,2026-09-15,PatternA,Put,23750.0000,7,12:12:35.000,12:12:36.000,12:12:41.000,-1296.9500,1.2305699481865284974093264200,0,5
1,Baseline,99,2026-09-08,2026-09-15,PatternB,Call,23750.0000,7,12:12:41.000,12:12:41.000,12:18:45.000,182.6100,1.5433499773036768043576940500,0.998638220608261461643213800,364
1,Baseline,100,2026-09-08,2026-09-15,PatternA,Put,23750.0000,7,12:18:45.000,12:18:45.000,12:31:26.000,-7565.1300,8.441981747066492829204693610,0.2607561929595827900912646700,761
1,Baseline,101,2026-09-08,2026-09-15,PatternB,Call,23750.0000,7,12:31:26.000,12:31:26.000,12:41:24.000,-111.7400,2.2145028224055579678679982600,2.1710811984368215371254884900,598
1,Baseline,102,2026-09-08,2026-09-15,PatternA,Put,23750.0000,7,12:41:23.000,12:41:23.000,12:45:39.000,5333.9600,0.1056710109193377949982388200,6.6924973582247270165551250400,256
1,Baseline,103,2026-09-08,2026-09-15,PatternB,Call,23750.0000,7,12:45:39.000,12:45:39.000,12:48:16.000,-661.5600,0.9597806215722120658135283400,1.0511882998171846435100548400,157
1,Baseline,104,2026-09-08,2026-09-15,PatternA,Put,23750.0000,7,12:48:16.000,12:48:16.000,12:49:21.000,-29.2700,0.0657894736842105263157894700,1.0197368421052631578947368400,65
1,Baseline,105,2026-09-08,2026-09-15,PatternB,Call,23750.0000,7,12:49:21.000,12:49:21.000,12:59:30.000,1839.7800,0.3690036900369003690036900400,4.5202952029520295202952029500,609
1,Baseline,106,2026-09-08,2026-09-15,PatternA,Put,23750.0000,7,12:59:30.000,12:59:30.000,13:06:10.000,3253.2100,0.9863945578231292517006802700,3.9455782312925170068027210900,400
1,Baseline,107,2026-09-08,2026-09-15,PatternB,Call,23750.0000,7,13:06:10.000,13:06:10.000,13:12:59.000,767.8500,0.4141739530602853198343304200,2.945236999539806718821905200,409
1,Baseline,108,2026-09-08,2026-09-15,PatternA,Put,23750.0000,7,13:12:59.000,13:12:59.000,13:15:46.000,-2107.1600,2.7666666666666666666666666700,0,167
1,Baseline,109,2026-09-08,2026-09-15,PatternB,Call,23750.0000,7,13:15:45.000,13:15:46.000,13:17:47.000,-1052.5300,1.2455516014234875444839857700,0,121
1,Baseline,110,2026-09-08,2026-09-15,PatternA,Put,23750.0000,7,13:17:47.000,13:17:47.000,13:18:07.000,-320.3900,0.4696410600469641060046964100,0.2012747400201274740020127500,20
1,Baseline,111,2026-09-08,2026-09-15,PatternB,Call,23750.0000,7,13:18:06.000,13:18:07.000,13:19:55.000,-369.9900,1.0786516853932584269662921300,0.0449438202247191011235955100,108
1,Baseline,112,2026-09-08,2026-09-15,PatternA,Put,23750.0000,7,13:19:55.000,13:19:55.000,13:21:04.000,-515.3700,0.3348961821835231078365706600,0.2344273275284661754855994600,69
1,Baseline,113,2026-09-08,2026-09-15,PatternB,Call,23750.0000,7,13:21:04.000,13:21:04.000,13:24:14.000,-499.8900,1.0791366906474820143884892100,0,190
1,Baseline,114,2026-09-08,2026-09-15,PatternA,Put,23750.0000,7,13:24:14.000,13:24:14.000,13:27:00.000,1238.1300,0.3659347970725216234198270100,1.763140385894876912840984700,166
1,Baseline,115,2026-09-08,2026-09-15,PatternB,Call,23750.0000,7,13:27:00.000,13:27:00.000,13:27:05.000,-1083.6300,1.9266055045871559633027522900,0,5
1,Baseline,116,2026-09-08,2026-09-15,PatternA,Put,23750.0000,7,13:27:05.000,13:27:05.000,13:27:10.000,-387.2000,0.7812500,0,5
1,Baseline,117,2026-09-08,2026-09-15,PatternB,Call,23750.0000,7,13:27:10.000,13:27:10.000,13:32:26.000,-1830.2000,2.6425591098748261474269819200,1.7617060732498840982846546100,316
1,Baseline,118,2026-09-08,2026-09-15,PatternA,Put,23750.0000,7,13:32:26.000,13:32:26.000,13:34:24.000,-908.3500,1.2400635930047694753577106500,1.2718600953895071542130365700,118
1,Baseline,119,2026-09-08,2026-09-15,PatternB,Call,23750.0000,7,13:34:24.000,13:34:24.000,13:34:57.000,-660.2800,0.9882352941176470588235294100,0.0470588235294117647058823500,33
1,Baseline,120,2026-09-08,2026-09-15,PatternA,Put,23750.0000,7,13:34:57.000,13:34:57.000,13:36:09.000,-3539.3100,3.904761904761904761904761900,0,72
1,Baseline,121,2026-09-08,2026-09-15,PatternB,Call,23750.0000,7,13:36:08.000,13:36:08.000,13:41:51.000,-2285.1600,3.9649608114338404794836330100,0.4149377593360995850622406600,343
1,Baseline,122,2026-09-08,2026-09-15,PatternA,Put,23750.0000,7,13:41:51.000,13:41:52.000,13:43:13.000,-1395.6500,1.0793650793650793650793650800,0.0317460317460317460317460300,81
1,Baseline,123,2026-09-08,2026-09-15,PatternB,Call,23750.0000,7,13:43:13.000,13:43:13.000,13:44:28.000,-692.3500,1.4251781472684085510688836100,0,75
1,Baseline,124,2026-09-08,2026-09-15,PatternA,Put,23750.0000,7,13:44:28.000,13:44:28.000,13:49:17.000,-421.2200,2.0012706480304955527318932700,1.6518424396442185514612452400,289
1,Baseline,125,2026-09-08,2026-09-15,PatternB,Call,23750.0000,7,13:49:17.000,13:49:17.000,13:51:03.000,-1438.9800,1.8705035971223021582733812900,0,106
1,Baseline,126,2026-09-08,2026-09-15,PatternA,Put,23750.0000,7,13:51:03.000,13:51:03.000,13:53:20.000,1201.7900,0.6570713391739674593241551900,4.536921151439299123904881100,137
1,Baseline,127,2026-09-08,2026-09-15,PatternB,Call,23750.0000,7,13:53:20.000,13:53:20.000,13:53:33.000,-267.9000,0.5511022044088176352705410800,0.200400801603206412825651300,13
1,Baseline,128,2026-09-08,2026-09-15,PatternA,Put,23750.0000,7,13:53:33.000,13:53:33.000,13:55:43.000,-2761.7700,3.0797659377887280566676932600,0,130
1,Baseline,129,2026-09-08,2026-09-15,PatternB,Call,23750.0000,7,13:55:43.000,13:55:43.000,13:59:32.000,-8.4900,0.4462072384729796727813584500,1.2890431333663857213683688600,229
1,Baseline,130,2026-09-08,2026-09-15,PatternA,Put,23750.0000,7,13:59:31.000,13:59:32.000,14:00:35.000,-1526.3200,0.9413241292751804204581110800,0.2196422968308754314402259200,63
1,Baseline,131,2026-09-08,2026-09-15,PatternB,Call,23750.0000,7,14:00:35.000,14:00:35.000,14:02:38.000,-658.4900,0.8836524300441826215022091300,0.4418262150220913107511045700,123
1,Baseline,132,2026-09-08,2026-09-15,PatternA,Put,23750.0000,7,14:02:38.000,14:02:38.000,14:10:04.000,-4189.1100,5.6329113924050632911392405100,0.8227848101265822784810126600,446
1,Baseline,133,2026-09-08,2026-09-15,PatternB,Call,23750.0000,7,14:10:04.000,14:10:05.000,14:14:55.000,-1374.0800,2.1551724137931034482758620700,2.6340996168582375478927203100,290
1,Baseline,134,2026-09-08,2026-09-15,PatternA,Put,23750.0000,7,14:14:55.000,14:14:55.000,14:16:04.000,-2529.9000,2.7768595041322314049586776900,0.3636363636363636363636363600,69
1,Baseline,135,2026-09-08,2026-09-15,PatternB,Call,23750.0000,7,14:16:04.000,14:16:04.000,14:16:34.000,-107.9400,0.8506616257088846880907372400,0.519848771266540642722117200,30
1,Baseline,136,2026-09-08,2026-09-15,PatternA,Put,23750.0000,7,14:16:34.000,14:16:34.000,14:18:01.000,-1034.7400,1.3800067317401548300235610900,0,87
1,Baseline,137,2026-09-08,2026-09-15,PatternB,Call,23750.0000,7,14:18:01.000,14:18:02.000,14:20:06.000,-1342.4100,2.8195488721804511278195488700,0.4229323308270676691729323300,124
1,Baseline,138,2026-09-08,2026-09-15,PatternA,Put,23750.0000,7,14:20:06.000,14:20:06.000,14:20:25.000,-1035.5900,1.261201460338533023564553600,0,19
1,Baseline,139,2026-09-08,2026-09-15,PatternB,Call,23750.0000,7,14:20:24.000,14:20:24.000,14:21:07.000,-789.8900,1.1848341232227488151658767800,0,43
1,Baseline,140,2026-09-08,2026-09-15,PatternA,Put,23750.0000,7,14:21:07.000,14:21:07.000,14:25:07.000,1660.0800,0.6622516556291390728476821200,2.6490066225165562913907284800,240
1,Baseline,141,2026-09-08,2026-09-15,PatternB,Call,23750.0000,7,14:25:06.000,14:25:07.000,14:25:30.000,-691.3400,0.7299270072992700729927007300,0.2919708029197080291970802900,23
1,Baseline,142,2026-09-08,2026-09-15,PatternA,Put,23750.0000,7,14:25:30.000,14:25:30.000,14:26:46.000,66.9900,0.3227888960619754680438992900,1.3234344738540994189799870900,76
1,Baseline,143,2026-09-08,2026-09-15,PatternB,Call,23750.0000,7,14:26:46.000,14:26:46.000,14:36:48.000,3076.9400,0.247035573122529644268774700,5.4841897233201581027667984200,602
1,Baseline,144,2026-09-08,2026-09-15,PatternA,Put,23750.0000,7,14:36:48.000,14:36:48.000,14:38:44.000,1660.9700,0.3696236559139784946236559100,2.4529569892473118279569892500,116
1,Baseline,145,2026-09-08,2026-09-15,PatternB,Call,23750.0000,7,14:38:44.000,14:38:44.000,14:40:37.000,-1861.1900,2.8310940499040307101727447200,0,113
1,Baseline,146,2026-09-08,2026-09-15,PatternA,Put,23750.0000,7,14:40:37.000,14:40:37.000,14:42:51.000,-3830.5500,4.4236357765579593154665805600,0.0968679367129480142072973800,134
1,Baseline,147,2026-09-08,2026-09-15,PatternB,Call,23750.0000,7,14:42:51.000,14:42:51.000,14:45:33.000,346.7300,0.7554296506137865911237016100,2.2190745986779981114258734700,162
1,Baseline,148,2026-09-08,2026-09-15,PatternA,Put,23750.0000,7,14:45:33.000,14:45:33.000,14:46:01.000,231.8300,0,0.8059100067159167226326393600,28
1,Baseline,149,2026-09-08,2026-09-15,PatternB,Call,23750.0000,7,14:46:01.000,14:46:01.000,14:46:14.000,-627.4500,1.4231499051233396584440227700,0,13
1,Baseline,150,2026-09-08,2026-09-15,PatternA,Put,23750.0000,7,14:46:13.000,14:46:14.000,14:47:15.000,458.3700,0.5964214711729622266401590500,1.1265738899933730947647448600,61
1,Baseline,151,2026-09-08,2026-09-15,PatternB,Call,23750.0000,7,14:47:14.000,14:47:15.000,14:47:49.000,-626.9000,1.009130225852955309947140800,0,34
1,Baseline,152,2026-09-08,2026-09-15,PatternA,Put,23750.0000,7,14:47:49.000,14:47:49.000,14:48:42.000,-549.2500,1.1456628477905073649754500800,0.0654664484451718494271685800,53
1,Baseline,153,2026-09-08,2026-09-15,PatternB,Call,23750.0000,7,14:48:42.000,14:48:42.000,14:50:30.000,-1081.7400,1.8687110685194058457115476800,1.0541447053186391950167704800,108
1,Baseline,154,2026-09-08,2026-09-15,PatternA,Put,23750.0000,7,14:50:30.000,14:50:30.000,14:55:07.000,-1816.6700,2.6213592233009708737864077700,1.0355987055016181229773462800,277
1,Baseline,155,2026-09-08,2026-09-15,PatternB,Call,23750.0000,7,14:55:07.000,14:55:08.000,14:57:01.000,-1601.0700,2.2222222222222222222222222200,0.4347826086956521739130434800,113
1,Baseline,156,2026-09-08,2026-09-15,PatternA,Put,23750.0000,7,14:57:01.000,14:57:01.000,15:00:59.000,-2011.8300,3.3505154639175257731958762900,0.547680412371134020618556700,238
1,Baseline,0,2026-09-09,2026-09-22,PatternB,Call,23650.0000,13,09:15:27.000,09:15:27.000,09:15:28.000,-2050.4900,0.9096244131455399061032863800,0,1
1,Baseline,1,2026-09-09,2026-09-22,PatternA,Put,23650.0000,13,09:15:28.000,09:15:28.000,09:16:40.000,11899.3300,0,9.530583214793741109530583210,72
1,Baseline,2,2026-09-09,2026-09-22,PatternB,Call,23600.0000,13,09:16:40.000,09:16:40.000,09:16:45.000,-8.9200,0,0.4949133901567225735496288100,5
1,Baseline,3,2026-09-09,2026-09-22,PatternA,Put,23600.0000,13,09:16:45.000,09:16:45.000,09:16:52.000,144.9300,0.0246426811237062592410054200,0.6407097092163627402661409600,7
1,Baseline,4,2026-09-09,2026-09-22,PatternB,Call,23600.0000,13,09:16:52.000,09:16:52.000,09:17:10.000,-334.1400,0.492072170585019136139967200,0.4100601421541826134499726600,18
1,Baseline,5,2026-09-09,2026-09-22,PatternA,Put,23600.0000,13,09:17:10.000,09:17:10.000,09:20:35.000,-3297.7800,3.3571957541347815354233522600,1.7032831399654406319427301900,205
1,Baseline,6,2026-09-09,2026-09-22,PatternB,Call,23600.0000,13,09:20:35.000,09:20:36.000,09:20:41.000,-433.3700,0.1601708489054991991457554700,0,5
1,Baseline,7,2026-09-09,2026-09-22,PatternA,Put,23600.0000,13,09:20:40.000,09:20:40.000,09:21:11.000,-242.3300,0.457433290978398983481575600,0.889453621346886912325285900,31
1,Baseline,8,2026-09-09,2026-09-22,PatternB,Call,23600.0000,13,09:21:11.000,09:21:11.000,09:21:49.000,-173.7700,0.3459286854709952102182011700,0.8515167642362959020755721100,38
1,Baseline,9,2026-09-09,2026-09-22,PatternA,Put,23600.0000,13,09:21:49.000,09:21:49.000,09:22:14.000,1122.0600,0,1.4274789701758858016823859300,25
1,Baseline,10,2026-09-09,2026-09-22,PatternB,Call,23600.0000,13,09:22:13.000,09:22:14.000,09:22:19.000,-887.9000,0.2943537597002943537597002900,0,5
1,Baseline,11,2026-09-09,2026-09-22,PatternA,Put,23600.0000,13,09:22:19.000,09:22:19.000,09:24:04.000,406.1900,0.3761283851554663991975927800,1.8806419257773319959879638900,105
1,Baseline,12,2026-09-09,2026-09-22,PatternB,Call,23600.0000,13,09:24:04.000,09:24:04.000,09:25:09.000,1093.9700,0.7283517669274345832209333700,1.753439438899379552198543300,65
1,Baseline,13,2026-09-09,2026-09-22,PatternA,Put,23600.0000,13,09:25:09.000,09:25:09.000,09:25:24.000,-502.0200,0.3309572301425661914460285100,0.5091649694501018329938900200,15
1,Baseline,14,2026-09-09,2026-09-22,PatternB,Call,23600.0000,13,09:25:24.000,09:25:24.000,09:27:09.000,-11.4200,0.2127659574468085106382978700,1.9148936170212765957446808500,105
1,Baseline,15,2026-09-09,2026-09-22,PatternA,Put,23600.0000,13,09:27:09.000,09:27:09.000,09:27:29.000,406.9200,0.1265182186234817813765182200,1.2904858299595141700404858300,20
1,Baseline,16,2026-09-09,2026-09-22,PatternB,Call,23600.0000,13,09:27:29.000,09:27:29.000,09:28:04.000,1417.7900,0.5059920106524633821571238300,1.6777629826897470039946737700,35
1,Baseline,17,2026-09-09,2026-09-22,PatternA,Put,23600.0000,13,09:28:04.000,09:28:04.000,09:29:49.000,1739.5400,0,1.6389244558258642765685019200,105
1,Baseline,18,2026-09-09,2026-09-22,PatternB,Call,23600.0000,13,09:29:49.000,09:29:49.000,09:31:55.000,281.2700,0.1336183858898984500267236800,2.0309994655264564404061998900,126
1,Baseline,19,2026-09-09,2026-09-22,PatternA,Put,23600.0000,13,09:31:54.000,09:31:55.000,09:38:38.000,-6121.1700,5.0050813008130081300813008100,0.2286585365853658536585365900,403
1,Baseline,20,2026-09-09,2026-09-22,PatternB,Call,23650.0000,13,09:38:38.000,09:38:38.000,09:42:00.000,-328.4900,0.5029585798816568047337278100,2.1597633136094674556213017800,202
1,Baseline,21,2026-09-09,2026-09-22,PatternA,Put,23650.0000,13,09:41:59.000,09:42:00.000,09:42:47.000,-1580.1900,0.6367924528301886792452830200,0,47
1,Baseline,22,2026-09-09,2026-09-22,PatternB,Call,23650.0000,13,09:42:47.000,09:42:47.000,09:44:20.000,223.4800,0,0.9147241074063145470640306900,93
1,Baseline,23,2026-09-09,2026-09-22,PatternA,Put,23650.0000,13,09:44:20.000,09:44:20.000,09:46:19.000,791.5400,0.1189060642092746730083234200,1.4268727705112960760998810900,119
1,Baseline,24,2026-09-09,2026-09-22,PatternB,Call,23650.0000,13,09:46:18.000,09:46:19.000,09:48:43.000,-4096.1600,3.5492457852706299911268855400,0.1183081928423543330375628500,144
1,Baseline,25,2026-09-09,2026-09-22,PatternA,Put,23600.0000,13,09:48:43.000,09:48:43.000,09:52:25.000,3169.3600,0,4.935400516795865633074935400,222
1,Baseline,26,2026-09-09,2026-09-22,PatternB,Call,23600.0000,13,09:52:25.000,09:52:25.000,09:53:15.000,251.1400,0,1.3789299503585217870932156600,50
1,Baseline,27,2026-09-09,2026-09-22,PatternA,Put,23600.0000,13,09:53:15.000,09:53:15.000,09:55:41.000,-15.2800,0.2784810126582278481012658200,1.2151898734177215189873417700,146
1,Baseline,28,2026-09-09,2026-09-22,PatternB,Call,23600.0000,13,09:55:41.000,09:55:41.000,09:56:10.000,-950.6200,0.7444168734491315136476426800,0,29
1,Baseline,29,2026-09-09,2026-09-22,PatternA,Put,23600.0000,13,09:56:10.000,09:56:10.000,09:57:50.000,2225.8600,0,2.5329280648429584599797365800,100
1,Baseline,30,2026-09-09,2026-09-22,PatternB,Call,23600.0000,13,09:57:49.000,09:57:50.000,09:58:13.000,-234.8300,0.1962983735277621985417835100,0.1682557487380818844643858700,23
1,Baseline,31,2026-09-09,2026-09-22,PatternA,Put,23600.0000,13,09:58:13.000,09:58:13.000,09:59:49.000,827.6300,0.496647628507573876334740500,1.8127638440526446486218028300,96
1,Baseline,32,2026-09-09,2026-09-22,PatternB,Call,23600.0000,13,09:59:48.000,09:59:49.000,10:01:26.000,-4586.3600,3.7404363842448285633323887800,0,97
1,Baseline,33,2026-09-09,2026-09-22,PatternA,Put,23600.0000,13,10:01:26.000,10:01:26.000,10:02:24.000,-2423.8500,1.4761904761904761904761904800,0.9523809523809523809523809500,58
1,Baseline,34,2026-09-09,2026-09-22,PatternB,Call,23600.0000,13,10:02:24.000,10:02:24.000,10:03:54.000,-491.7700,0.4089979550102249488752556200,0.9640666082383873794916739700,90
1,Baseline,35,2026-09-09,2026-09-22,PatternA,Put,23600.0000,13,10:03:54.000,10:03:54.000,10:05:09.000,-1935.9400,1.3445378151260504201680672300,0,75
1,Baseline,36,2026-09-09,2026-09-22,PatternB,Call,23600.0000,13,10:05:09.000,10:05:09.000,10:05:56.000,-264.9600,0.3478260869565217391304347800,0.3188405797101449275362318800,47
1,Baseline,37,2026-09-09,2026-09-22,PatternA,Put,23600.0000,13,10:05:56.000,10:05:56.000,10:06:16.000,-960.9000,0.653278490200822646987660300,0.1693684974594725381079119300,20
1,Baseline,38,2026-09-09,2026-09-22,PatternB,Call,23600.0000,13,10:06:16.000,10:06:16.000,10:06:41.000,-914.8800,0.5481823427582227351413733400,0.2308136180034622042700519300,25
1,Baseline,39,2026-09-09,2026-09-22,PatternA,Put,23600.0000,13,10:06:41.000,10:06:41.000,10:07:45.000,1929.6100,0.1207146306132303235152100400,2.1245774987928536938676967600,64
1,Baseline,40,2026-09-09,2026-09-22,PatternB,Call,23600.0000,13,10:07:45.000,10:07:45.000,10:08:23.000,223.2800,0.0588408355398646660782583100,0.7060900264783759929390997400,38
1,Baseline,41,2026-09-09,2026-09-22,PatternA,Put,23600.0000,13,10:08:22.000,10:08:23.000,10:08:35.000,662.2100,0.0239463601532567049808429100,0,12
1,Baseline,42,2026-09-09,2026-09-22,PatternB,Call,23600.0000,13,10:08:35.000,10:08:35.000,10:08:45.000,-816.1400,0.6466784244562022339800117600,0,10
1,Baseline,43,2026-09-09,2026-09-22,PatternA,Put,23600.0000,13,10:08:45.000,10:08:45.000,10:09:00.000,-930.0700,1.0915994304698623635500711900,0,15
1,Baseline,44,2026-09-09,2026-09-22,PatternB,Call,23600.0000,13,10:09:00.000,10:09:00.000,10:10:47.000,-264.0000,0.3526300323244196297384660600,0.9109609168380840434910373200,107
1,Baseline,45,2026-09-09,2026-09-22,PatternA,Put,23600.0000,13,10:10:46.000,10:10:47.000,10:12:22.000,-2294.0900,1.7585551330798479087452471500,1.2357414448669201520912547500,95
1,Baseline,46,2026-09-09,2026-09-22,PatternB,Call,23600.0000,13,10:12:21.000,10:12:21.000,10:12:47.000,-102.4800,0.0870574579222286709228090500,0.7254788160185722576900754500,26
1,Baseline,47,2026-09-09,2026-09-22,PatternA,Put,23600.0000,13,10:12:47.000,10:12:47.000,10:12:54.000,-830.9800,0.4597144931042826034357609500,0,7
1,Baseline,48,2026-09-09,2026-09-22,PatternB,Call,23600.0000,13,10:12:54.000,10:12:55.000,10:13:32.000,676.7900,0,1.214574898785425101214574900,37
1,Baseline,49,2026-09-09,2026-09-22,PatternA,Put,23600.0000,13,10:13:32.000,10:13:32.000,10:16:29.000,-2713.8100,1.8609206660137120470127326200,0.3917727717923604309500489700,177
1,Baseline,50,2026-09-09,2026-09-22,PatternB,Call,23600.0000,13,10:16:29.000,10:16:29.000,10:18:44.000,3370.6400,0.084388185654008438818565400,3.7412095639943741209563994400,135
1,Baseline,51,2026-09-09,2026-09-22,PatternA,Put,23600.0000,13,10:18:44.000,10:18:45.000,10:19:21.000,-1507.0700,1.3288170922355393434080250100,0,36
1,Baseline,52,2026-09-09,2026-09-22,PatternB,Call,23600.0000,13,10:19:21.000,10:19:21.000,10:20:39.000,1808.9700,0.2713704206241519674355495300,2.7137042062415196743554952500,78
1,Baseline,53,2026-09-09,2026-09-22,PatternA,Put,23650.0000,13,10:20:39.000,10:20:40.000,10:21:00.000,-864.7800,0.1429252024773701762744163900,0,20
1,Baseline,54,2026-09-09,2026-09-22,PatternB,Call,23650.0000,13,10:20:59.000,10:21:00.000,10:24:35.000,7599.2300,0.0615763546798029556650246300,8.990147783251231527093596060,215
1,Baseline,55,2026-09-09,2026-09-22,PatternA,Put,23650.0000,13,10:24:35.000,10:24:35.000,10:33:34.000,3395.3800,1.524390243902439024390243900,4.5731707317073170731707317100,539
1,Baseline,56,2026-09-09,2026-09-22,PatternB,Call,23650.0000,13,10:33:34.000,10:33:34.000,10:34:33.000,-2115.2800,1.500,0,59
1,Baseline,57,2026-09-09,2026-09-22,PatternA,Put,23650.0000,13,10:34:33.000,10:34:33.000,10:35:40.000,1021.0500,0,1.6101488167845816052695779500,67
1,Baseline,58,2026-09-09,2026-09-22,PatternB,Call,23650.0000,13,10:35:39.000,10:35:39.000,10:42:00.000,-6530.6900,6.1027190332326283987915407900,0,381
1,Baseline,59,2026-09-09,2026-09-22,PatternA,Put,23600.0000,13,10:42:00.000,10:42:00.000,10:43:38.000,117.1200,0.3657262277951933124346917500,1.2539184952978056426332288400,98
1,Baseline,60,2026-09-09,2026-09-22,PatternB,Call,23600.0000,13,10:43:37.000,10:43:37.000,10:47:09.000,4247.1600,0.1957494407158836689038031300,4.0548098434004474272930648800,212
1,Baseline,61,2026-09-09,2026-09-22,PatternA,Put,23600.0000,13,10:47:09.000,10:47:09.000,10:49:15.000,-497.7800,0.8066684592632428072062382400,1.1024468943264318365151922600,126
1,Baseline,62,2026-09-09,2026-09-22,PatternB,Call,23650.0000,13,10:49:14.000,10:49:14.000,10:52:17.000,-2729.0700,2.750309023485784919653893700,0.0309023485784919653893695900,183
1,Baseline,63,2026-09-09,2026-09-22,PatternA,Put,23600.0000,13,10:52:17.000,10:52:17.000,10:55:58.000,-4169.4700,4.0611814345991561181434599200,0.3428270042194092827004219400,221
1,Baseline,64,2026-09-09,2026-09-22,PatternB,Call,23650.0000,13,10:55:57.000,10:55:57.000,11:03:50.000,2012.2200,0.4582951420714940421631530700,3.88023220287198289031469600,473
1,Baseline,65,2026-09-09,2026-09-22,PatternA,Put,23650.0000,13,11:03:50.000,11:03:50.000,11:21:00.000,567.0600,1.1075559931085404873246369700,3.4211174009352695052916564100,1030
1,Baseline,66,2026-09-09,2026-09-22,PatternB,Call,23650.0000,13,11:21:00.000,11:21:00.000,11:47:50.000,-34.7300,3.3544877606527651858567543100,1.9643396796615291628890903600,1610
1,Baseline,67,2026-09-09,2026-09-22,PatternA,Put,23650.0000,13,11:47:50.000,11:47:50.000,11:51:03.000,4269.6500,0.1229105211406096361848574200,2.8515240904621435594886922300,193
1,Baseline,68,2026-09-09,2026-09-22,PatternB,Call,23600.0000,13,11:51:03.000,11:51:03.000,11:51:28.000,-886.6400,0.8435374149659863945578231300,0.1360544217687074829931972800,25
1,Baseline,69,2026-09-09,2026-09-22,PatternA,Put,23600.0000,13,11:51:27.000,11:51:27.000,11:57:15.000,4731.2700,0.34871244635193133047210300,4.8015021459227467811158798300,348
1,Baseline,70,2026-09-09,2026-09-22,PatternB,Call,23600.0000,13,11:57:15.000,11:57:15.000,11:58:02.000,-1208.0700,1.1399259048161869478483898500,0.1709888857224280421772584800,47
1,Baseline,71,2026-09-09,2026-09-22,PatternA,Put,23600.0000,13,11:58:02.000,11:58:02.000,11:58:28.000,83.0800,0.3841229193341869398207426400,0.9987195902688860435339308600,26
1,Baseline,72,2026-09-09,2026-09-22,PatternB,Call,23600.0000,13,11:58:28.000,11:58:28.000,11:58:49.000,-1045.0800,1.0919540229885057471264367800,0,21
1,Baseline,73,2026-09-09,2026-09-22,PatternA,Put,23600.0000,13,11:58:48.000,11:58:49.000,11:59:53.000,3395.1700,0.1267105930055752660922453100,3.294475418144956918398378100,64
1,Baseline,74,2026-09-09,2026-09-22,PatternB,Call,23600.0000,13,11:59:53.000,11:59:54.000,12:00:16.000,-620.4700,0.6244424620874219446922390700,0.6244424620874219446922390700,22
1,Baseline,75,2026-09-09,2026-09-22,PatternA,Put,23600.0000,13,12:00:16.000,12:00:16.000,12:00:48.000,-179.7000,1.234567901234567901234567900,0.2469135802469135802469135800,32
1,Baseline,76,2026-09-09,2026-09-22,PatternB,Call,23600.0000,13,12:00:47.000,12:00:48.000,12:00:52.000,-1042.8400,0.9198813056379821958456973300,0,4
1,Baseline,77,2026-09-09,2026-09-22,PatternA,Put,23600.0000,13,12:00:52.000,12:00:52.000,12:01:45.000,2580.6600,0.1474201474201474201474201500,2.2113022113022113022113022100,53
1,Baseline,78,2026-09-09,2026-09-22,PatternB,Call,23600.0000,13,12:01:45.000,12:01:45.000,12:02:48.000,323.2500,0.1527183872938301771533292600,1.9853390348197923029932803900,63
1,Baseline,79,2026-09-09,2026-09-22,PatternA,Put,23600.0000,13,12:02:47.000,12:02:48.000,12:04:15.000,-2293.1000,1.5388314498677566722769896600,0.3606636210627554700649194500,87
1,Baseline,80,2026-09-09,2026-09-22,PatternB,Call,23600.0000,13,12:04:15.000,12:04:15.000,12:05:33.000,-1139.5300,0.8400840084008400840084008400,0.1800180018001800180018001800,78
1,Baseline,81,2026-09-09,2026-09-22,PatternA,Put,23600.0000,13,12:05:33.000,12:05:33.000,12:06:33.000,955.2800,0.1932834017878714665378110700,1.4254650881855520657163566100,60
1,Baseline,82,2026-09-09,2026-09-22,PatternB,Call,23600.0000,13,12:06:33.000,12:06:33.000,12:07:04.000,-34.3300,0.6384919428397689267254484600,0.6688963210702341137123745800,31
1,Baseline,83,2026-09-09,2026-09-22,PatternA,Put,23600.0000,13,12:07:03.000,12:07:04.000,12:07:14.000,-19.5600,0.2883922134102379235760634500,0.5287190579187695265561163200,10
1,Baseline,84,2026-09-09,2026-09-22,PatternB,Call,23600.0000,13,12:07:14.000,12:07:14.000,12:07:38.000,-1138.6800,0.9723488301428137344272257700,0,24
1,Baseline,85,2026-09-09,2026-09-22,PatternA,Put,23600.0000,13,12:07:38.000,12:07:38.000,12:11:18.000,-1449.4600,2.2142857142857142857142857100,0.2619047619047619047619047600,220
1,Baseline,86,2026-09-09,2026-09-22,PatternB,Call,23600.0000,13,12:11:18.000,12:11:18.000,12:13:52.000,1427.2200,0.3342449103615922212093588600,2.2181707687632938316621087800,154
1,Baseline,87,2026-09-09,2026-09-22,PatternA,Put,23600.0000,13,12:13:52.000,12:13:53.000,12:14:19.000,-472.1800,1.2814194184327254805322819100,0.2710694923607688516510596400,26
1,Baseline,88,2026-09-09,2026-09-22,PatternB,Call,23600.0000,13,12:14:18.000,12:14:19.000,12:15:41.000,-1107.6000,0.8928571428571428571428571400,0.0595238095238095238095238100,82
1,Baseline,89,2026-09-09,2026-09-22,PatternA,Put,23600.0000,13,12:15:41.000,12:15:41.000,12:18:07.000,-1414.7000,0.9784735812133072407045009800,1.0518590998043052837573385500,146
1,Baseline,90,2026-09-09,2026-09-22,PatternB,Call,23600.0000,13,12:18:06.000,12:18:07.000,12:18:55.000,-1919.6100,1.6364177328176138054150550400,0,48
1,Baseline,91,2026-09-09,2026-09-22,PatternA,Put,23600.0000,13,12:18:55.000,12:18:55.000,12:21:11.000,-1967.5700,1.9645888915837982051903953400,0.3880669415474169294203250100,136
1,Baseline,92,2026-09-09,2026-09-22,PatternB,Call,23600.0000,13,12:21:11.000,12:21:11.000,12:25:22.000,-35.6100,2.5357995226730310262529832900,0.4474940334128878281622911700,251
1,Baseline,93,2026-09-09,2026-09-22,PatternA,Put,23600.0000,13,12:25:22.000,12:25:22.000,12:27:34.000,-3979.9100,3.6753823384311790823877651700,0.1726689689195855944745929900,132
1,Baseline,94,2026-09-09,2026-09-22,PatternB,Call,23600.0000,13,12:27:34.000,12:27:34.000,12:29:59.000,2820.9400,0.3203261502620850320326150300,3.3779848573092603377984857300,145
1,Baseline,95,2026-09-09,2026-09-22,PatternA,Put,23600.0000,13,12:29:59.000,12:29:59.000,12:30:43.000,-3487.9000,2.6722556981922976159287398500,0,44
1,Baseline,96,2026-09-09,2026-09-22,PatternB,Call,23600.0000,13,12:30:43.000,12:30:43.000,12:31:34.000,-657.7600,0.7222222222222222222222222200,0.4166666666666666666666666700,51
1,Baseline,97,2026-09-09,2026-09-22,PatternA,Put,23600.0000,13,12:31:33.000,12:31:33.000,12:35:03.000,-10534.3900,10.647405029427501337613697160,0,210
1,Baseline,98,2026-09-09,2026-09-22,PatternB,Call,23650.0000,13,12:35:03.000,12:35:03.000,12:36:13.000,4542.0800,0.5220417633410672853828306300,6.0904872389791183294663573100,70
1,Baseline,99,2026-09-09,2026-09-22,PatternA,Put,23650.0000,13,12:36:13.000,12:36:13.000,12:38:01.000,-1052.0900,0.9934640522875816993464052300,0.4705882352941176470588235300,108
1,Baseline,100,2026-09-09,2026-09-22,PatternB,Call,23650.0000,13,12:38:01.000,12:38:01.000,12:39:34.000,-885.6500,1.5995587424158852730281301700,0,93
1,Baseline,101,2026-09-09,2026-09-22,PatternA,Put,23650.0000,13,12:39:34.000,12:39:34.000,12:40:14.000,-597.3500,0.4968619246861924686192468600,0.4184100418410041841004184100,40
1,Baseline,102,2026-09-09,2026-09-22,PatternB,Call,23650.0000,13,12:40:14.000,12:40:14.000,12:40:57.000,-1599.8100,1.4970889936235098419739395600,0,43
1,Baseline,103,2026-09-09,2026-09-22,PatternA,Put,23650.0000,13,12:40:57.000,12:40:57.000,12:41:59.000,-2156.8200,1.1960478419136765470618824800,1.3260530421216848673946957900,62
1,Baseline,104,2026-09-09,2026-09-22,PatternB,Call,23650.0000,13,12:41:59.000,12:41:59.000,12:42:29.000,510.8400,0,1.8442058904486650151390035800,30
1,Baseline,105,2026-09-09,2026-09-22,PatternA,Put,23650.0000,13,12:42:29.000,12:42:29.000,12:42:49.000,-141.1500,1.1197014129565449213543055200,0.4532124766728872300719808100,20
1,Baseline,106,2026-09-09,2026-09-22,PatternB,Call,23650.0000,13,12:42:49.000,12:42:49.000,12:44:50.000,-1634.0400,1.9225561873815326292986731700,1.5705388572975900352017330100,121
1,Baseline,107,2026-09-09,2026-09-22,PatternA,Put,23650.0000,13,12:44:50.000,12:44:50.000,12:46:28.000,767.8300,0.1855287569573283858998144700,1.590246488205671879141266900,98
1,Baseline,108,2026-09-09,2026-09-22,PatternB,Call,23650.0000,13,12:46:28.000,12:46:28.000,12:55:00.000,-6341.8700,5.3492239467849223946784922400,3.852549889135254988913525500,512
1,Baseline,109,2026-09-09,2026-09-22,PatternA,Put,23650.0000,13,12:54:59.000,12:55:00.000,12:58:55.000,-5471.1300,5.416453755748594787940725600,0.7409299948901379662749105800,235
1,Baseline,110,2026-09-09,2026-09-22,PatternB,Call,23650.0000,13,12:58:55.000,12:58:55.000,13:09:24.000,-5205.5900,5.6151940545004128819157720900,1.8442058904486650151390035800,629
1,Baseline,111,2026-09-09,2026-09-22,PatternA,Put,23650.0000,13,13:09:24.000,13:09:24.000,13:12:48.000,1545.8200,0.3378378378378378378378378400,2.1309771309771309771309771300,204
1,Baseline,112,2026-09-09,2026-09-22,PatternB,Call,23650.0000,13,13:12:48.000,13:12:48.000,13:16:55.000,-1173.6200,2.0515826494724501758499413800,0.2051582649472450175849941400,247
1,Baseline,113,2026-09-09,2026-09-22,PatternA,Put,23650.0000,13,13:16:55.000,13:16:55.000,13:23:03.000,-469.6000,1.7298397354362757568048842500,1.0175527855507504451793436800,368
1,Baseline,114,2026-09-09,2026-09-22,PatternB,Call,23650.0000,13,13:23:03.000,13:23:03.000,13:44:38.000,2854.5200,0.887573964497041420118343200,5.443786982248520710059171600,1295
1,Baseline,115,2026-09-09,2026-09-22,PatternA,Put,23650.0000,13,13:44:38.000,13:44:38.000,13:49:42.000,-143.3500,1.3474993521637729981860585600,1.0624514122829748639543923300,304
1,Baseline,116,2026-09-09,2026-09-22,PatternB,Call,23650.0000,13,13:49:41.000,13:49:42.000,14:07:27.000,936.9500,3.9802440441603718768158047600,4.5031958163858221963974433500,1065
1,Baseline,117,2026-09-09,2026-09-22,PatternA,Put,23650.0000,13,14:07:27.000,14:07:27.000,14:12:45.000,1449.0500,0.1834862385321100917431192700,2.8571428571428571428571428600,318
1,Baseline,118,2026-09-09,2026-09-22,PatternB,Call,23650.0000,13,14:12:45.000,14:12:45.000,14:17:13.000,-4064.3700,5.3001464128843338213762811100,0.3221083455344070278184480200,268
1,Baseline,119,2026-09-09,2026-09-22,PatternA,Put,23650.0000,13,14:17:13.000,14:17:13.000,14:17:51.000,-535.2100,1.110269997476659096643956600,0.1261670451678021700731768900,38
1,Baseline,120,2026-09-09,2026-09-22,PatternB,Call,23650.0000,13,14:17:51.000,14:17:51.000,14:19:57.000,-1203.9200,1.2405446293494704992435703500,0,126
1,Baseline,121,2026-09-09,2026-09-22,PatternA,Put,23650.0000,13,14:19:56.000,14:19:57.000,14:20:56.000,-1640.0100,1.4547278655630800100326059700,0,59
1,Baseline,122,2026-09-09,2026-09-22,PatternB,Call,23650.0000,13,14:20:56.000,14:20:56.000,14:36:45.000,-7277.7200,7.9154078549848942598187311200,1.7522658610271903323262839900,949
1,Baseline,123,2026-09-09,2026-09-22,PatternA,Put,23600.0000,13,14:36:44.000,14:36:45.000,14:38:12.000,735.8400,0.2667377967457988797012536700,0.6668444918644971992531341700,87
1,Baseline,124,2026-09-09,2026-09-22,PatternB,Call,23600.0000,13,14:38:12.000,14:38:12.000,14:39:08.000,-2833.0700,2.6411913458836751896600168600,0.0842933408260747400955324500,56
1,Baseline,125,2026-09-09,2026-09-22,PatternA,Put,23600.0000,13,14:39:08.000,14:39:08.000,14:39:40.000,-1507.8600,1.9086922878514315192158885700,0,32
1,Baseline,126,2026-09-09,2026-09-22,PatternB,Call,23600.0000,13,14:39:40.000,14:39:40.000,14:40:26.000,-428.7400,0.6822057987492893689596361600,0.3411028993746446844798180800,46
1,Baseline,127,2026-09-09,2026-09-22,PatternA,Put,23600.0000,13,14:40:25.000,14:40:26.000,14:40:51.000,1286.0500,0.0260078023407022106631989600,1.0403120936280884265279583900,25
1,Baseline,128,2026-09-09,2026-09-22,PatternB,Call,23600.0000,13,14:40:51.000,14:40:51.000,14:42:34.000,221.4900,0.1433897332950960711213077100,1.4912532262689991396616002300,103
1,Baseline,129,2026-09-09,2026-09-22,PatternA,Put,23600.0000,13,14:42:34.000,14:42:35.000,14:46:32.000,2162.0800,1.1053984575835475578406169700,3.3419023136246786632390745500,237
1,Baseline,130,2026-09-09,2026-09-22,PatternB,Call,23600.0000,13,14:46:32.000,14:46:32.000,14:47:20.000,-1206.9300,1.5348971908485375036200405400,0,48
1,Baseline,131,2026-09-09,2026-09-22,PatternA,Put,23600.0000,13,14:47:20.000,14:47:20.000,14:47:28.000,-1867.7500,1.223165252121817274088866700,0.1747378931602596105841238100,8
1,Baseline,132,2026-09-09,2026-09-22,PatternB,Call,23600.0000,13,14:47:27.000,14:47:27.000,14:51:29.000,1098.9700,0.2600404507367812770875469500,1.7624963883270731002600404500,242
1,Baseline,133,2026-09-09,2026-09-22,PatternA,Put,23600.0000,13,14:51:29.000,14:51:29.000,14:52:42.000,1351.0700,0.2082248828735033836543466900,0.8328995314940135346173867800,73
1,Baseline,134,2026-09-09,2026-09-22,PatternB,Call,23600.0000,13,14:52:42.000,14:52:42.000,14:53:22.000,-167.9200,0.3170028818443804034582132600,0.2593659942363112391930835700,40
1,Baseline,135,2026-09-09,2026-09-22,PatternA,Put,23600.0000,13,14:53:22.000,14:53:23.000,14:54:13.000,-2060.0700,1.4948453608247422680412371100,0.1288659793814432989690721600,50
1,Baseline,136,2026-09-09,2026-09-22,PatternB,Call,23600.0000,13,14:54:13.000,14:54:13.000,14:56:31.000,-1208.0500,1.0547320410490307867730900800,0,138
1,Baseline,137,2026-09-09,2026-09-22,PatternA,Put,23600.0000,13,14:56:31.000,14:56:31.000,15:01:33.000,1252.9600,0.1032258064516129032258064500,1.9612903225806451612903225800,302
1,Baseline,0,2026-09-10,2026-09-22,PatternB,Call,23550.0000,12,09:15:33.000,09:15:34.000,09:15:46.000,643.7000,1.9208715596330275229357798200,1.1467889908256880733944954100,12
1,Baseline,1,2026-09-10,2026-09-22,PatternA,Put,23550.0000,12,09:15:46.000,09:15:46.000,09:16:18.000,-242.2100,0,2.9269534232629167727157037400,32
1,Baseline,2,2026-09-10,2026-09-22,PatternB,Call,23550.0000,12,09:16:18.000,09:16:18.000,09:16:28.000,-1823.2100,1.4947245017584994138335287200,0.3223915592028135990621336500,10
1,Baseline,3,2026-09-10,2026-09-22,PatternA,Put,23550.0000,12,09:16:28.000,09:16:28.000,09:16:42.000,-1737.8200,0.8239700374531835205992509400,0.2247191011235955056179775300,14
1,Baseline,4,2026-09-10,2026-09-22,PatternB,Call,23550.0000,12,09:16:42.000,09:16:42.000,09:17:10.000,-3836.5000,5.0147492625368731563421828900,0,28
1,Baseline,5,2026-09-10,2026-09-22,PatternA,Put,23550.0000,12,09:17:10.000,09:17:10.000,09:17:52.000,-7813.9500,5.4545454545454545454545454500,0,42
1,Baseline,6,2026-09-10,2026-09-22,PatternB,Call,23550.0000,12,09:17:52.000,09:17:52.000,09:20:40.000,-4194.9400,4.3225993617638526254714244300,3.1041485349579344357412242500,168
1,Baseline,7,2026-09-10,2026-09-22,PatternA,Put,23550.0000,12,09:20:40.000,09:20:40.000,09:22:31.000,2193.7500,3.2569974554707379134860050900,2.8753180661577608142493638700,111
1,Baseline,8,2026-09-10,2026-09-22,PatternB,Call,23550.0000,12,09:22:31.000,09:22:31.000,09:22:41.000,-2599.6100,2.608162012887388769561215100,0,10
1,Baseline,9,2026-09-10,2026-09-22,PatternA,Put,23550.0000,12,09:22:41.000,09:22:41.000,09:22:56.000,1963.0000,0.5125701732975347815474737600,1.1471808640468635587014888900,15
1,Baseline,10,2026-09-10,2026-09-22,PatternB,Call,23550.0000,12,09:22:56.000,09:22:56.000,09:23:00.000,618.2500,0.3182686187141947803946530900,0.381922342457033736473583700,4
1,Baseline,11,2026-09-10,2026-09-22,PatternA,Put,23550.0000,12,09:23:00.000,09:23:00.000,09:23:26.000,1085.3400,0,1.5972894482090997095837366900,26
1,Baseline,12,2026-09-10,2026-09-22,PatternB,Call,23500.0000,12,09:23:25.000,09:23:25.000,09:23:30.000,-593.2300,0.5799502899751449875724937900,0.2761668047500690417011875200,5
1,Baseline,13,2026-09-10,2026-09-22,PatternA,Put,23500.0000,12,09:23:30.000,09:23:30.000,09:27:08.000,-5141.7800,4.0650406504065040650406504100,2.2764227642276422764227642300,218
1,Baseline,14,2026-09-10,2026-09-22,PatternB,Call,23550.0000,12,09:27:08.000,09:27:08.000,09:27:55.000,-2404.9200,2.2949816401468788249694002400,1.7441860465116279069767441900,47
1,Baseline,15,2026-09-10,2026-09-22,PatternA,Put,23550.0000,12,09:27:55.000,09:27:55.000,09:28:17.000,-3818.7100,3.0634573304157549234135667400,0,22
1,Baseline,16,2026-09-10,2026-09-22,PatternB,Call,23550.0000,12,09:28:17.000,09:28:17.000,09:28:25.000,-1.4400,0,0.5200367084735393086570816800,8
1,Baseline,17,2026-09-10,2026-09-22,PatternA,Put,23550.0000,12,09:28:25.000,09:28:25.000,09:28:45.000,-2095.1700,1.6712397106510351708655525100,0,20
1,Baseline,18,2026-09-10,2026-09-22,PatternB,Call,23550.0000,12,09:28:45.000,09:28:46.000,09:31:16.000,-8219.7400,7.6018099547511312217194570100,0.2714932126696832579185520400,150
1,Baseline,19,2026-09-10,2026-09-22,PatternA,Put,23500.0000,12,09:31:15.000,09:31:15.000,09:31:32.000,-2154.3400,1.4500537056928034371643394200,0.3490870032223415682062298600,17
1,Baseline,20,2026-09-10,2026-09-22,PatternB,Call,23500.0000,12,09:31:32.000,09:31:32.000,09:32:47.000,-430.6200,0.4707837164220437551924674600,1.2461921905289393519800609200,75
1,Baseline,21,2026-09-10,2026-09-22,PatternA,Put,23500.0000,12,09:32:47.000,09:32:47.000,09:40:37.000,1808.8900,4.5811873136351314719436161600,1.9517484413120086744375169400,470
1,Baseline,22,2026-09-10,2026-09-22,PatternB,Call,23500.0000,12,09:40:37.000,09:40:37.000,09:44:33.000,2006.6500,0.0281928390188892021426557700,6.7380885255145193120947279400,236
1,Baseline,23,2026-09-10,2026-09-22,PatternA,Put,23550.0000,12,09:44:33.000,09:44:33.000,09:46:47.000,-1838.4400,2.7390677558865929841422393100,0,134
1,Baseline,24,2026-09-10,2026-09-22,PatternB,Call,23550.0000,12,09:46:46.000,09:46:47.000,09:50:42.000,3898.9800,1.6624040920716112531969309500,5.3069053708439897698209718700,235
1,Baseline,25,2026-09-10,2026-09-22,PatternA,Put,23550.0000,12,09:50:41.000,09:50:42.000,09:50:49.000,-1282.4100,0.9317552253840342483001762800,0,7
1,Baseline,26,2026-09-10,2026-09-22,PatternB,Call,23550.0000,12,09:50:49.000,09:50:49.000,09:51:59.000,63.4000,0.3053435114503816793893129800,1.8320610687022900763358778600,70
1,Baseline,27,2026-09-10,2026-09-22,PatternA,Put,23550.0000,12,09:51:59.000,09:51:59.000,09:54:37.000,-1346.2900,1.9908116385911179173047473200,0.7912200102092904543134252200,158
1,Baseline,28,2026-09-10,2026-09-22,PatternB,Call,23550.0000,12,09:54:37.000,09:54:38.000,09:55:10.000,-1820.6500,1.6737674984783931832014607400,0.091296409007912355447352400,32
1,Baseline,29,2026-09-10,2026-09-22,PatternA,Put,23550.0000,12,09:55:09.000,09:55:10.000,09:56:38.000,-957.1700,1.1395289946821980248164092200,0.8609774626487718409723980800,88
1,Baseline,30,2026-09-10,2026-09-22,PatternB,Call,23550.0000,12,09:56:38.000,09:56:38.000,10:01:47.000,-6399.9200,5.936352509179926560587515300,0.4895960832313341493268053900,309
1,Baseline,31,2026-09-10,2026-09-22,PatternA,Put,23500.0000,12,10:01:47.000,10:01:47.000,10:03:12.000,1777.1200,0.3010399562123700054734537500,2.4630541871921182266009852200,85
1,Baseline,32,2026-09-10,2026-09-22,PatternB,Call,23500.0000,12,10:03:12.000,10:03:12.000,10:10:52.000,903.3600,1.0294538175579067772376322600,3.5458964826994566771518444400,460
1,Baseline,33,2026-09-10,2026-09-22,PatternA,Put,23500.0000,12,10:10:52.000,10:10:52.000,10:30:05.000,-5760.2800,7.8233102714209686003193187900,1.9425226184140500266098988800,1153
1,Baseline,34,2026-09-10,2026-09-22,PatternB,Call,23500.0000,12,10:30:05.000,10:30:05.000,10:40:56.000,3823.6200,1.098901098901098901098901100,4.1208791208791208791208791200,651
1,Baseline,35,2026-09-10,2026-09-22,PatternA,Put,23550.0000,12,10:40:55.000,10:40:56.000,10:43:00.000,342.4900,0.2292409577177789098318899600,1.7575140091696383087111563900,124
1,Baseline,36,2026-09-10,2026-09-22,PatternB,Call,23550.0000,12,10:43:00.000,10:43:00.000,10:43:54.000,-1462.8700,1.2879484820607175712971481100,0.0613308800981294081570070500,54
1,Baseline,37,2026-09-10,2026-09-22,PatternA,Put,23550.0000,12,10:43:54.000,10:43:55.000,10:44:47.000,-3750.9900,2.9419160170983153130500377200,0,52
1,Baseline,38,2026-09-10,2026-09-22,PatternB,Call,23550.0000,12,10:44:47.000,10:44:47.000,10:45:10.000,1978.9200,0,2.0223362511319046181708421400,23
1,Baseline,39,2026-09-10,2026-09-22,PatternA,Put,23550.0000,12,10:45:10.000,10:45:10.000,10:50:10.000,8302.1700,0.5235602094240837696335078500,6.8062827225130890052356020900,300
1,Baseline,40,2026-09-10,2026-09-22,PatternB,Call,23550.0000,12,10:50:10.000,10:50:10.000,10:54:58.000,-3083.6600,2.9961340206185567010309278400,0.9020618556701030927835051500,288
1,Baseline,41,2026-09-10,2026-09-22,PatternA,Put,23500.0000,12,10:54:58.000,10:54:58.000,10:56:22.000,1775.9200,0.9695663883652033396175599200,1.8044707783463506598437920800,84
1,Baseline,42,2026-09-10,2026-09-22,PatternB,Call,23500.0000,12,10:56:22.000,10:56:22.000,10:57:01.000,-199.5300,0.5544207761890866647213306100,0.8462211847096585935220309300,39
1,Baseline,43,2026-09-10,2026-09-22,PatternA,Put,23500.0000,12,10:57:01.000,10:57:01.000,10:59:39.000,-1797.9200,2.7881040892193308550185873600,0,158
1,Baseline,44,2026-09-10,2026-09-22,PatternB,Call,23500.0000,12,10:59:39.000,10:59:39.000,11:02:46.000,1293.2400,0,2.3202520767688341449441420800,187
1,Baseline,45,2026-09-10,2026-09-22,PatternA,Put,23500.0000,12,11:02:46.000,11:02:46.000,11:03:02.000,-1308.5500,0.1639792292976223011751844800,0,16
1,Baseline,46,2026-09-10,2026-09-22,PatternB,Call,23500.0000,12,11:03:01.000,11:03:02.000,11:17:25.000,4247.4000,1.4309764309764309764309764300,8.726150392817059483726150390,863
1,Baseline,47,2026-09-10,2026-09-22,PatternA,Put,23550.0000,12,11:17:25.000,11:17:25.000,11:18:34.000,-1151.3300,1.4307613694430250383239652500,0.1532958610117526826775677100,69
1,Baseline,48,2026-09-10,2026-09-22,PatternB,Call,23550.0000,12,11:18:34.000,11:18:34.000,11:25:12.000,-2501.7300,4.2632066728452270620945319700,0.9267840593141797961075069500,398
1,Baseline,49,2026-09-10,2026-09-22,PatternA,Put,23550.0000,12,11:25:12.000,11:25:12.000,11:47:39.000,-2028.8700,1.5216839969566320060867359900,5.3766167892467664215064671600,1347
1,Baseline,50,2026-09-10,2026-09-22,PatternB,Call,23550.0000,12,11:47:39.000,11:47:39.000,11:58:44.000,-162.3200,2.2542266750156543519098309300,0.845335003130870381966186600,665
1,Baseline,51,2026-09-10,2026-09-22,PatternA,Put,23550.0000,12,11:58:43.000,11:58:44.000,12:03:27.000,-3099.3800,3.4553893759669932955131511100,0,283
1,Baseline,52,2026-09-10,2026-09-22,PatternB,Call,23550.0000,12,12:03:27.000,12:03:27.000,12:04:38.000,940.0400,1.0334346504559270516717325200,0.3039513677811550151975683900,71
1,Baseline,53,2026-09-10,2026-09-22,PatternA,Put,23550.0000,12,12:04:37.000,12:04:38.000,12:05:14.000,1027.8700,0,0.7706617060855700239170874300,36
1,Baseline,54,2026-09-10,2026-09-22,PatternB,Call,23550.0000,12,12:05:14.000,12:05:14.000,12:08:00.000,-1008.5400,1.6463414634146341463414634100,1.3109756097560975609756097600,166
1,Baseline,55,2026-09-10,2026-09-22,PatternA,Put,23550.0000,12,12:07:59.000,12:08:00.000,12:12:17.000,-5372.1100,5.4744525547445255474452554700,1.199165797705943691345151200,257
1,Baseline,56,2026-09-10,2026-09-22,PatternB,Call,23550.0000,12,12:12:17.000,12:12:17.000,12:14:57.000,-1530.8500,3.2844574780058651026392961900,0.4398826979472140762463343100,160
1,Baseline,57,2026-09-10,2026-09-22,PatternA,Put,23550.0000,12,12:14:56.000,12:14:56.000,12:15:34.000,-1828.6500,1.3586956521739130434782608700,0.6521739130434782608695652200,38
1,Baseline,58,2026-09-10,2026-09-22,PatternB,Call,23550.0000,12,12:15:33.000,12:15:34.000,12:16:57.000,-491.4000,1.3509544787077826725403817900,0,83
1,Baseline,59,2026-09-10,2026-09-22,PatternA,Put,23550.0000,12,12:16:56.000,12:16:57.000,12:19:35.000,997.4500,0.6007646095030038230475150200,1.6657564172583287820862916400,158
1,Baseline,60,2026-09-10,2026-09-22,PatternB,Call,23550.0000,12,12:19:34.000,12:19:35.000,12:22:42.000,1718.5600,0.6888289907157831686133572900,3.953279424977538185085354900,187
1,Baseline,61,2026-09-10,2026-09-22,PatternA,Put,23550.0000,12,12:22:42.000,12:22:42.000,12:24:08.000,900.7800,0.7174392935982339955849889600,3.2560706401766004415011037500,86
1,Baseline,62,2026-09-10,2026-09-22,PatternB,Call,23550.0000,12,12:24:08.000,12:24:08.000,12:27:35.000,-1757.0900,1.84798807749627421758569300,0.6855439642324888226527570800,207
1,Baseline,63,2026-09-10,2026-09-22,PatternA,Put,23550.0000,12,12:27:35.000,12:27:36.000,12:34:47.000,1841.0800,1.4582770726438023224412638400,1.6743181204428841479881177400,431
1,Baseline,64,2026-09-10,2026-09-22,PatternB,Call,23550.0000,12,12:34:47.000,12:34:47.000,12:56:35.000,-3313.6000,3.3735685546270504487774682800,2.7545651501083255957907768500,1308
1,Baseline,65,2026-09-10,2026-09-22,PatternA,Put,23550.0000,12,12:56:35.000,12:56:35.000,13:02:20.000,5508.3600,1.0397712503249285157265401600,5.4328047829477514946711723400,345
1,Baseline,66,2026-09-10,2026-09-22,PatternB,Call,23500.0000,12,13:02:20.000,13:02:20.000,13:05:10.000,-364.1400,1.0463800904977375565610859700,0.9332579185520361990950226200,170
1,Baseline,67,2026-09-10,2026-09-22,PatternA,Put,23500.0000,12,13:05:10.000,13:05:10.000,13:05:33.000,513.1300,0.4261363636363636363636363600,0.5397727272727272727272727300,23
1,Baseline,68,2026-09-10,2026-09-22,PatternB,Call,23500.0000,12,13:05:33.000,13:05:33.000,13:12:46.000,1098.0100,3.8483466362599771949828962400,1.36830102622576966932725200,433
1,Baseline,69,2026-09-10,2026-09-22,PatternA,Put,23500.0000,12,13:12:46.000,13:12:46.000,13:17:58.000,-4162.9900,4.7509357903829542182551108600,0.4319032536711776562050100800,312
1,Baseline,70,2026-09-10,2026-09-22,PatternB,Call,23550.0000,12,13:17:58.000,13:17:58.000,13:21:16.000,-1688.1700,2.6898734177215189873417721500,0.253164556962025316455696200,198
1,Baseline,71,2026-09-10,2026-09-22,PatternA,Put,23550.0000,12,13:21:15.000,13:21:16.000,13:27:49.000,2097.0400,1.4124293785310734463276836200,1.6949152542372881355932203400,393
1,Baseline,72,2026-09-10,2026-09-22,PatternB,Call,23500.0000,12,13:27:49.000,13:27:49.000,13:28:59.000,-494.3200,0.6762468300929839391377852900,0.3099464637926176387714849300,70
1,Baseline,73,2026-09-10,2026-09-22,PatternA,Put,23500.0000,12,13:28:59.000,13:29:00.000,13:34:52.000,3144.8200,0.4024144869215291750503018100,4.2828398965219890773210692700,352
1,Baseline,74,2026-09-10,2026-09-22,PatternB,Call,23500.0000,12,13:34:52.000,13:34:52.000,13:44:15.000,2625.9800,0.5235602094240837696335078500,3.6649214659685863874345549700,563
1,Baseline,75,2026-09-10,2026-09-22,PatternA,Put,23500.0000,12,13:44:15.000,13:44:15.000,13:56:04.000,2300.3300,0.4597701149425287356321839100,3.6206896551724137931034482800,709
1,Baseline,76,2026-09-10,2026-09-22,PatternB,Call,23500.0000,12,13:56:04.000,13:56:04.000,14:04:57.000,-5721.2400,5.0655021834061135371179039300,0.6113537117903930131004366800,533
1,Baseline,77,2026-09-10,2026-09-22,PatternA,Put,23500.0000,12,14:04:57.000,14:04:57.000,14:05:27.000,1321.8000,0,1.8729641693811074918566775200,30
1,Baseline,78,2026-09-10,2026-09-22,PatternB,Call,23500.0000,12,14:05:27.000,14:05:27.000,14:07:06.000,2532.3000,0.0307408545957577620657854300,2.6744543498309252997233323100,99
1,Baseline,79,2026-09-10,2026-09-22,PatternA,Put,23500.0000,12,14:07:05.000,14:07:06.000,14:08:01.000,998.3400,0.3040353786622443338861249300,1.4648977335544499723604201200,55
1,Baseline,80,2026-09-10,2026-09-22,PatternB,Call,23500.0000,12,14:08:01.000,14:08:01.000,14:08:43.000,-1171.8300,0.9025270758122743682310469300,0,42
1,Baseline,81,2026-09-10,2026-09-22,PatternA,Put,23500.0000,12,14:08:43.000,14:08:43.000,14:12:26.000,-1114.3400,1.30010834236186348862405200,0.7854821235102925243770314200,223
1,Baseline,82,2026-09-10,2026-09-22,PatternB,Call,23500.0000,12,14:12:26.000,14:12:26.000,14:13:12.000,-1301.3200,1.2110202845897668785952164700,0.0302755071147441719648804100,46
1,Baseline,83,2026-09-10,2026-09-22,PatternA,Put,23500.0000,12,14:13:12.000,14:13:12.000,14:14:59.000,-692.6600,1.5057811239580532401183113700,0.8335574079053509007797795100,107
1,Baseline,84,2026-09-10,2026-09-22,PatternB,Call,23500.0000,12,14:14:59.000,14:15:00.000,14:15:43.000,-586.1600,0.641613198900091659028414300,0.1222120378857317445768408200,43
1,Baseline,85,2026-09-10,2026-09-22,PatternA,Put,23500.0000,12,14:15:42.000,14:15:43.000,14:16:58.000,-1180.1600,0.8302088912694161756829137700,0.8837707552222817354043920700,75
1,Baseline,86,2026-09-10,2026-09-22,PatternB,Call,23500.0000,12,14:16:58.000,14:16:58.000,14:18:07.000,-813.5600,1.0076335877862595419847328200,0,69
1,Baseline,87,2026-09-10,2026-09-22,PatternA,Put,23500.0000,12,14:18:07.000,14:18:07.000,14:19:36.000,476.4900,0.4026845637583892617449664400,2.5503355704697986577181208100,89
1,Baseline,88,2026-09-10,2026-09-22,PatternB,Call,23500.0000,12,14:19:36.000,14:19:36.000,14:23:29.000,2435.6100,0.3420398009950248756218905500,3.6691542288557213930348258700,233
1,Baseline,89,2026-09-10,2026-09-22,PatternA,Put,23500.0000,12,14:23:29.000,14:23:29.000,14:23:57.000,380.1700,0.7356948228882833787465940100,0.2724795640326975476839237100,28
1,Baseline,90,2026-09-10,2026-09-22,PatternB,Call,23500.0000,12,14:23:56.000,14:23:57.000,14:24:33.000,257.8700,0.3641881638846737481031866500,0.6980273141122913505311077400,36
1,Baseline,91,2026-09-10,2026-09-22,PatternA,Put,23500.0000,12,14:24:33.000,14:24:33.000,14:40:14.000,4115.6200,1.1487964989059080962800875300,5.0328227571115973741794310700,941
1,Baseline,92,2026-09-10,2026-09-22,PatternB,Call,23500.0000,12,14:40:13.000,14:40:13.000,14:41:06.000,-2598.3500,3.253049734125742883953706600,0.0938379730997810447294338400,53
1,Baseline,93,2026-09-10,2026-09-22,PatternA,Put,23500.0000,12,14:41:06.000,14:41:06.000,14:43:10.000,-4041.9400,3.8363171355498721227621483400,0,124
1,Baseline,94,2026-09-10,2026-09-22,PatternB,Call,23500.0000,12,14:43:09.000,14:43:09.000,14:43:13.000,-617.2800,0.4990642545227698066126013700,0,4
1,Baseline,95,2026-09-10,2026-09-22,PatternA,Put,23500.0000,12,14:43:13.000,14:43:13.000,14:43:26.000,215.1500,0.658067912608581205580415900,0.368518031060805475125032900,13
1,Baseline,96,2026-09-10,2026-09-22,PatternB,Call,23500.0000,12,14:43:26.000,14:43:26.000,14:43:36.000,-487.0700,0.4385964912280701754385964900,0,10
1,Baseline,97,2026-09-10,2026-09-22,PatternA,Put,23500.0000,12,14:43:36.000,14:43:36.000,14:45:14.000,-3715.2800,3.6144578313253012048192771100,0,98
1,Baseline,98,2026-09-10,2026-09-22,PatternB,Call,23500.0000,12,14:45:14.000,14:45:15.000,14:49:12.000,1005.3100,0.4274809160305343511450381700,2.1984732824427480916030534400,237
1,Baseline,99,2026-09-10,2026-09-22,PatternA,Put,23500.0000,12,14:49:11.000,14:49:12.000,14:49:36.000,-1081.1700,0.9021323127392017495899398600,0,24
1,Baseline,100,2026-09-10,2026-09-22,PatternB,Call,23500.0000,12,14:49:36.000,14:49:36.000,14:50:24.000,971.6500,0.3600360036003600360036003600,2.1602160216021602160216021600,48
1,Baseline,101,2026-09-10,2026-09-22,PatternA,Put,23500.0000,12,14:50:24.000,14:50:24.000,14:52:06.000,381.9200,0.8649553571428571428571428600,0.8928571428571428571428571400,102
1,Baseline,102,2026-09-10,2026-09-22,PatternB,Call,23500.0000,12,14:52:05.000,14:52:06.000,14:58:57.000,-3998.2300,3.7533512064343163538873994600,0.0893655049151027703306523700,411
1,Baseline,103,2026-09-10,2026-09-22,PatternA,Put,23500.0000,12,14:58:57.000,14:58:57.000,14:59:38.000,21.5700,0.1338688085676037483266398900,0.8835341365461847389558232900,41
1,Baseline,104,2026-09-10,2026-09-22,PatternB,Call,23500.0000,12,14:59:38.000,14:59:38.000,15:00:16.000,-2891.2800,2.69600247908273938642702200,0.1239541369693213511000929700,38
1,Baseline,0,2026-09-11,2026-09-22,PatternB,Call,23300.0000,11,09:15:23.000,09:15:23.000,09:15:33.000,-495.4400,0.9988901220865704772475027700,1.5260821309655937846836847900,10
1,Baseline,1,2026-09-11,2026-09-22,PatternA,Put,23300.0000,11,09:15:33.000,09:15:33.000,09:15:42.000,-5213.3900,3.5847647498132935026138909600,0,9
1,Baseline,2,2026-09-11,2026-09-22,PatternB,Call,23300.0000,11,09:15:42.000,09:15:42.000,09:15:45.000,-1763.3100,1.5569516525539470090139306200,0,3
1,Baseline,3,2026-09-11,2026-09-22,PatternA,Put,23300.0000,11,09:15:45.000,09:15:45.000,09:15:48.000,-1249.8700,0.8316532258064516129032258100,0,3
1,Baseline,4,2026-09-11,2026-09-22,PatternB,Call,23300.0000,11,09:15:48.000,09:15:48.000,09:15:56.000,-1600.2800,1.9283746556473829201101928400,0,8
1,Baseline,5,2026-09-11,2026-09-22,PatternA,Put,23300.0000,11,09:15:56.000,09:15:56.000,09:16:00.000,-3198.4300,2.1733636593378822340156684400,0,4
1,Baseline,6,2026-09-11,2026-09-22,PatternB,Call,23300.0000,11,09:16:00.000,09:16:00.000,09:16:11.000,-2932.1700,2.6915682504806371875858280700,0,11
1,Baseline,7,2026-09-11,2026-09-22,PatternA,Put,23300.0000,11,09:16:11.000,09:16:11.000,09:16:21.000,-761.9400,1.3479145473041709053916581900,0.101729399796541200406917600,10
1,Baseline,8,2026-09-11,2026-09-22,PatternB,Call,23300.0000,11,09:16:21.000,09:16:21.000,09:17:17.000,-1956.6800,2.1187621968218567047672149400,0.0836353498745469751881795400,56
1,Baseline,9,2026-09-11,2026-09-22,PatternA,Put,23300.0000,11,09:17:17.000,09:17:17.000,09:18:28.000,-1997.4100,1.8532431755572251440020035100,0.9516654144753318307037315300,71
1,Baseline,10,2026-09-11,2026-09-22,PatternB,Call,23300.0000,11,09:18:28.000,09:18:28.000,09:18:36.000,-624.8300,0.447177193963107881498043600,0.1397428731134712129681386200,8
1,Baseline,11,2026-09-11,2026-09-22,PatternA,Put,23300.0000,11,09:18:36.000,09:18:36.000,09:18:49.000,-827.2300,0.4559270516717325227963525800,0.3292806484295845997973657500,13
1,Baseline,12,2026-09-11,2026-09-22,PatternB,Call,23300.0000,11,09:18:49.000,09:18:49.000,09:19:16.000,414.4400,0.0558347292015633724176437700,0.6420993858179787828029034100,27
1,Baseline,13,2026-09-11,2026-09-22,PatternA,Put,23300.0000,11,09:19:16.000,09:19:16.000,09:19:32.000,-2125.5200,1.3319672131147540983606557400,0,16
1,Baseline,14,2026-09-11,2026-09-22,PatternB,Call,23300.0000,11,09:19:32.000,09:19:33.000,09:19:56.000,1128.3400,0.774764803541781959048146100,1.3281682346430547869396790300,23
1,Baseline,15,2026-09-11,2026-09-22,PatternA,Put,23300.0000,11,09:19:56.000,09:19:56.000,09:21:02.000,-565.1800,0.6512112529304506381870278700,2.3964574107840583485282625700,66
1,Baseline,16,2026-09-11,2026-09-22,PatternB,Call,23300.0000,11,09:21:02.000,09:21:02.000,09:21:32.000,-430.4000,0.4444444444444444444444444400,1.0555555555555555555555555600,30
1,Baseline,17,2026-09-11,2026-09-22,PatternA,Put,23300.0000,11,09:21:32.000,09:21:32.000,09:21:59.000,-143.3200,0.5961638154484188698807672400,0.6739243131156039398652151400,27
1,Baseline,18,2026-09-11,2026-09-22,PatternB,Call,23300.0000,11,09:21:59.000,09:21:59.000,09:23:01.000,154.4200,0.4177109440267335004177109400,0.8911166805903648008911166800,62
1,Baseline,19,2026-09-11,2026-09-22,PatternA,Put,23300.0000,11,09:23:01.000,09:23:01.000,09:24:41.000,-1344.7900,1.0665972944849115504682622300,1.8730489073881373569198751300,100
1,Baseline,20,2026-09-11,2026-09-22,PatternB,Call,23300.0000,11,09:24:40.000,09:24:40.000,09:25:02.000,-398.2300,0.6085753803596127247579529700,0.1106500691562932226832641800,22
1,Baseline,21,2026-09-11,2026-09-22,PatternA,Put,23300.0000,11,09:25:02.000,09:25:02.000,09:25:36.000,-499.5700,1.234567901234567901234567900,0.8930916732335172051484108200,34
1,Baseline,22,2026-09-11,2026-09-22,PatternB,Call,23300.0000,11,09:25:36.000,09:25:36.000,09:25:39.000,-333.1900,0.0276931597895319855995569100,0.1107726391581279423982276400,3
1,Baseline,23,2026-09-11,2026-09-22,PatternA,Put,23300.0000,11,09:25:39.000,09:25:39.000,09:26:44.000,-239.7100,0.9721492380451918024172359400,2.1019442984760903836048344700,65
1,Baseline,24,2026-09-11,2026-09-22,PatternB,Call,23300.0000,11,09:26:44.000,09:26:44.000,09:27:51.000,-495.3600,1.3333333333333333333333333300,0.3888888888888888888888888900,67
1,Baseline,25,2026-09-11,2026-09-22,PatternA,Put,23300.0000,11,09:27:51.000,09:27:51.000,09:28:42.000,279.3600,0.6517205422314911366006256500,0.9124087591240875912408759100,51
1,Baseline,26,2026-09-11,2026-09-22,PatternB,Call,23300.0000,11,09:28:42.000,09:28:42.000,09:30:35.000,-202.2300,0.5617977528089887640449438200,0.5617977528089887640449438200,113
1,Baseline,27,2026-09-11,2026-09-22,PatternA,Put,23300.0000,11,09:30:35.000,09:30:35.000,09:33:44.000,-304.8700,3.5115303983228511530398322900,1.5723270440251572327044025200,189
1,Baseline,28,2026-09-11,2026-09-22,PatternB,Call,23300.0000,11,09:33:44.000,09:33:44.000,09:37:20.000,3890.3700,0,4.5889639639639639639639639600,216
1,Baseline,29,2026-09-11,2026-09-22,PatternA,Put,23350.0000,11,09:37:19.000,09:37:19.000,09:38:30.000,1539.2600,0,1.9180052745145049148885159400,71
1,Baseline,30,2026-09-11,2026-09-22,PatternB,Call,23300.0000,11,09:38:29.000,09:38:29.000,09:40:18.000,-2510.8100,2.2529858849077090119435396300,0.1900108577633007600434310500,109
1,Baseline,31,2026-09-11,2026-09-22,PatternA,Put,23300.0000,11,09:40:17.000,09:40:17.000,09:42:10.000,2618.3600,0.3409388932599003409388932600,2.7537372147915027537372147900,113
1,Baseline,32,2026-09-11,2026-09-22,PatternB,Call,23300.0000,11,09:42:10.000,09:42:10.000,09:44:17.000,1292.2800,0.5652911249293386093838326700,1.7524024872809496890898812900,127
1,Baseline,33,2026-09-11,2026-09-22,PatternA,Put,23300.0000,11,09:44:16.000,09:44:16.000,09:48:30.000,2293.1800,0.2087682672233820459290187900,2.5313152400835073068893528200,254
1,Baseline,34,2026-09-11,2026-09-22,PatternB,Call,23300.0000,11,09:48:30.000,09:48:30.000,09:52:15.000,-71.4600,0.7390562819783968163729391700,1.3644115974985787379192723100,225
1,Baseline,35,2026-09-11,2026-09-22,PatternA,Put,23300.0000,11,09:52:15.000,09:52:15.000,09:53:18.000,-696.6200,0.5620848237097598364844149200,0.5876341338783852835973428700,63
1,Baseline,36,2026-09-11,2026-09-22,PatternB,Call,23300.0000,11,09:53:18.000,09:53:18.000,09:54:04.000,-1403.1300,1.2507106310403638430926662900,0,46
1,Baseline,37,2026-09-11,2026-09-22,PatternA,Put,23300.0000,11,09:54:04.000,09:54:04.000,09:54:22.000,-1834.1400,1.4683544303797468354430379700,0,18
1,Baseline,38,2026-09-11,2026-09-22,PatternB,Call,23300.0000,11,09:54:22.000,09:54:22.000,09:56:49.000,1162.7100,0.738426583357000852030673100,1.8744674808293098551547855700,147
1,Baseline,39,2026-09-11,2026-09-22,PatternA,Put,23300.0000,11,09:56:49.000,09:56:49.000,09:57:54.000,-1636.5200,1.2319790301441677588466579300,0,65
1,Baseline,40,2026-09-11,2026-09-22,PatternB,Call,23300.0000,11,09:57:54.000,09:57:54.000,09:59:35.000,-202.7200,0.8649553571428571428571428600,0.4464285714285714285714285700,101
1,Baseline,41,2026-09-11,2026-09-22,PatternA,Put,23300.0000,11,09:59:35.000,09:59:35.000,10:05:16.000,-5175.9900,4.2384105960264900662251655600,0.7152317880794701986754966900,341
1,Baseline,42,2026-09-11,2026-09-22,PatternB,Call,23350.0000,11,10:05:16.000,10:05:16.000,10:06:46.000,-1038.7400,1.1679292929292929292929292900,0,90
1,Baseline,43,2026-09-11,2026-09-22,PatternA,Put,23350.0000,11,10:06:46.000,10:06:46.000,10:07:57.000,208.0200,0.6506024096385542168674698800,0.4578313253012048192771084300,71
1,Baseline,44,2026-09-11,2026-09-22,PatternB,Call,23350.0000,11,10:07:57.000,10:07:57.000,10:08:04.000,-453.3300,0,0.0638977635782747603833865800,7
1,Baseline,45,2026-09-11,2026-09-22,PatternA,Put,23350.0000,11,10:08:03.000,10:08:04.000,10:10:23.000,-4566.9000,3.9088729016786570743405275800,0.2877697841726618705035971200,139
1,Baseline,46,2026-09-11,2026-09-22,PatternB,Call,23350.0000,11,10:10:23.000,10:10:23.000,10:14:00.000,4416.0800,0.6451612903225806451612903200,4.7004608294930875576036866400,217
1,Baseline,47,2026-09-11,2026-09-22,PatternA,Put,23350.0000,11,10:14:00.000,10:14:00.000,10:16:00.000,732.0000,1.2188928390045708481462671400,1.980700863382427628237684100,120
1,Baseline,48,2026-09-11,2026-09-22,PatternB,Call,23350.0000,11,10:16:00.000,10:16:00.000,10:16:54.000,-1660.1200,1.1545293072824156305506216700,0.2368265245707519242155121400,54
1,Baseline,49,2026-09-11,2026-09-22,PatternA,Put,23350.0000,11,10:16:53.000,10:16:54.000,10:17:19.000,-1900.1100,1.400,0,25
1,Baseline,50,2026-09-11,2026-09-22,PatternB,Call,23350.0000,11,10:17:19.000,10:17:19.000,10:18:02.000,-1595.7100,1.7327459618208516886930983800,0,43
1,Baseline,51,2026-09-11,2026-09-22,PatternA,Put,23350.0000,11,10:18:02.000,10:18:02.000,10:19:45.000,-1379.9900,1.6339869281045751633986928100,0.0251382604323780794369029700,103
1,Baseline,52,2026-09-11,2026-09-22,PatternB,Call,23350.0000,11,10:19:45.000,10:19:45.000,10:21:49.000,3828.6000,0.4418262150220913107511045700,5.2430044182621502209131075100,124
1,Baseline,53,2026-09-11,2026-09-22,PatternA,Put,23350.0000,11,10:21:49.000,10:21:49.000,10:22:22.000,-2124.4600,1.6355140186915887850467289700,0.3634475597092419522326064400,33
1,Baseline,54,2026-09-11,2026-09-22,PatternB,Call,23350.0000,11,10:22:22.000,10:22:22.000,10:23:12.000,-8.4900,0.4424778761061946902654867300,0.9955752212389380530973451300,50
1,Baseline,55,2026-09-11,2026-09-22,PatternA,Put,23350.0000,11,10:23:12.000,10:23:12.000,10:24:05.000,1352.4300,0,1.7218543046357615894039735100,53
1,Baseline,56,2026-09-11,2026-09-22,PatternB,Call,23350.0000,11,10:24:04.000,10:24:05.000,10:24:42.000,-1468.5900,1.4959074230877787186000564500,0,37
1,Baseline,57,2026-09-11,2026-09-22,PatternA,Put,23350.0000,11,10:24:42.000,10:24:42.000,10:25:51.000,506.1500,0.7763975155279503105590062100,0.7763975155279503105590062100,69
1,Baseline,58,2026-09-11,2026-09-22,PatternB,Call,23350.0000,11,10:25:50.000,10:25:50.000,10:26:08.000,-655.1000,0.4900547708273277601614298100,0.5188815220524646872297492100,18
1,Baseline,59,2026-09-11,2026-09-22,PatternA,Put,23350.0000,11,10:26:08.000,10:26:09.000,10:29:47.000,4273.0800,0.5129520389843549628109771700,3.7701974865350089766606822300,218
1,Baseline,60,2026-09-11,2026-09-22,PatternB,Call,23350.0000,11,10:29:46.000,10:29:47.000,10:35:07.000,3927.4000,0.9615384615384615384615384600,4.1165865384615384615384615400,320
1,Baseline,61,2026-09-11,2026-09-22,PatternA,Put,23350.0000,11,10:35:07.000,10:35:07.000,10:36:22.000,-1475.9100,1.1017166282346912631309249300,0.435562387906738406354086600,75
1,Baseline,62,2026-09-11,2026-09-22,PatternB,Call,23350.0000,11,10:36:21.000,10:36:22.000,10:36:27.000,-395.7500,0.200400801603206412825651300,0,5
1,Baseline,63,2026-09-11,2026-09-22,PatternA,Put,23350.0000,11,10:36:27.000,10:36:27.000,10:37:45.000,-1637.6800,1.4204545454545454545454545500,0.4132231404958677685950413200,78
1,Baseline,64,2026-09-11,2026-09-22,PatternB,Call,23350.0000,11,10:37:44.000,10:37:45.000,10:38:16.000,-1273.3500,1.0496453900709219858156028400,0,31
1,Baseline,65,2026-09-11,2026-09-22,PatternA,Put,23350.0000,11,10:38:16.000,10:38:16.000,10:40:06.000,-500.8200,0.3876970793486689066942362400,0.1550788317394675626776944900,110
1,Baseline,66,2026-09-11,2026-09-22,PatternB,Call,23350.0000,11,10:40:06.000,10:40:06.000,10:40:53.000,-298.3700,0.3146453089244851258581235700,0.2574370709382151029748283800,47
1,Baseline,67,2026-09-11,2026-09-22,PatternA,Put,23350.0000,11,10:40:53.000,10:40:53.000,10:41:14.000,-630.4800,0.1296680497925311203319502100,0.0778008298755186721991701200,21
1,Baseline,68,2026-09-11,2026-09-22,PatternB,Call,23350.0000,11,10:41:14.000,10:41:14.000,10:42:09.000,-1175.6500,1.6514806378132118451025056900,0,55
1,Baseline,69,2026-09-11,2026-09-22,PatternA,Put,23350.0000,11,10:42:08.000,10:42:09.000,10:42:32.000,-143.9300,0.2829218106995884773662551400,0,23
1,Baseline,70,2026-09-11,2026-09-22,PatternB,Call,23350.0000,11,10:42:31.000,10:42:32.000,10:45:43.000,4573.9100,0.2298850574712643678160919500,8.045977011494252873563218390,191
1,Baseline,71,2026-09-11,2026-09-22,PatternA,Put,23350.0000,11,10:45:43.000,10:45:43.000,10:46:44.000,-11.2100,0,1.2800,61
1,Baseline,72,2026-09-11,2026-09-22,PatternB,Call,23350.0000,11,10:46:44.000,10:46:44.000,10:49:10.000,-3288.8200,3.6011080332409972299168975100,0.0554016620498614958448753500,146
1,Baseline,73,2026-09-11,2026-09-22,PatternA,Put,23350.0000,11,10:49:09.000,10:49:09.000,10:49:35.000,-1214.5200,0.705513457015939378102952700,0.3658217925267833812385680700,26
1,Baseline,74,2026-09-11,2026-09-22,PatternB,Call,23350.0000,11,10:49:35.000,10:49:35.000,10:52:19.000,-4326.8100,3.3305108664973186565057860600,0.0282246683601467682754727600,164
1,Baseline,75,2026-09-11,2026-09-22,PatternA,Put,23350.0000,11,10:52:19.000,10:52:19.000,10:56:52.000,180.3500,0.8433427038078200868898543300,0.9711219013544594939943777200,273
1,Baseline,76,2026-09-11,2026-09-22,PatternB,Call,23350.0000,11,10:56:52.000,10:56:53.000,11:00:07.000,418.1900,1.2363850456284957315278186600,1.0008831321754489255225198700,194
1,Baseline,77,2026-09-11,2026-09-22,PatternA,Put,23350.0000,11,11:00:07.000,11:00:07.000,11:04:46.000,-371.5800,2.8190671450538185545873910800,0.1793951819579702716555612500,279
1,Baseline,78,2026-09-11,2026-09-22,PatternB,Call,23350.0000,11,11:04:46.000,11:04:46.000,11:08:14.000,4510.3100,0,4.8344564898915909756812188700,208
1,Baseline,79,2026-09-11,2026-09-22,PatternA,Put,23350.0000,11,11:08:14.000,11:08:15.000,11:08:33.000,150.5600,0.238032266596138587675218200,0,18
1,Baseline,80,2026-09-11,2026-09-22,PatternB,Call,23350.0000,11,11:08:33.000,11:08:33.000,11:08:51.000,-526.6200,0.819209039548022598870056500,0.0564971751412429378531073400,18
1,Baseline,81,2026-09-11,2026-09-22,PatternA,Put,23350.0000,11,11:08:51.000,11:08:51.000,11:09:38.000,-2123.5500,0.2364066193853427895981087500,0,47
1,Baseline,82,2026-09-11,2026-09-22,PatternB,Call,23350.0000,11,11:09:37.000,11:09:38.000,11:10:12.000,-332.7600,1.5041782729805013927576601700,0.3064066852367688022284122600,34
1,Baseline,83,2026-09-11,2026-09-22,PatternA,Put,23350.0000,11,11:10:12.000,11:10:12.000,11:11:02.000,-1505.1400,1.095378039006144803633449100,0.0801496126102057173390328600,50
1,Baseline,84,2026-09-11,2026-09-22,PatternB,Call,23350.0000,11,11:11:02.000,11:11:02.000,11:13:04.000,3661.9200,0.3882418191902384914032168600,5.0748752079866888519134775400,122
1,Baseline,85,2026-09-11,2026-09-22,PatternA,Put,23400.0000,11,11:13:04.000,11:13:04.000,11:13:12.000,-1868.6100,1.5563241106719367588932806300,0,8
1,Baseline,86,2026-09-11,2026-09-22,PatternB,Call,23400.0000,11,11:13:12.000,11:13:12.000,11:13:29.000,1363.0100,0.7990165949600491702519975400,2.3355869698832206515058389700,17
1,Baseline,87,2026-09-11,2026-09-22,PatternA,Put,23400.0000,11,11:13:29.000,11:13:29.000,11:13:49.000,-1508.7100,1.0717019647869354427149783100,1.1227353916815514161775963300,20
1,Baseline,88,2026-09-11,2026-09-22,PatternB,Call,23400.0000,11,11:13:49.000,11:13:49.000,11:13:54.000,-1042.6800,0.3569303985722784057108863800,0.029744199881023200475907200,5
1,Baseline,89,2026-09-11,2026-09-22,PatternA,Put,23400.0000,11,11:13:54.000,11:13:54.000,11:14:58.000,-4886.0700,4.2383765733367582840996660700,0.0513742614949910095042383800,64
1,Baseline,90,2026-09-11,2026-09-22,PatternB,Call,23400.0000,11,11:14:58.000,11:14:58.000,11:15:07.000,-462.6800,0.97493036211699164345403900,0.194986072423398328690807800,9
1,Baseline,91,2026-09-11,2026-09-22,PatternA,Put,23400.0000,11,11:15:07.000,11:15:07.000,11:16:19.000,2879.8000,0.1339046598821638993036957700,4.4456347080878414568826995200,72
1,Baseline,92,2026-09-11,2026-09-22,PatternB,Call,23400.0000,11,11:16:19.000,11:16:20.000,11:16:44.000,-38.4900,0.9730967372638809387521465400,0.9730967372638809387521465400,24
1,Baseline,93,2026-09-11,2026-09-22,PatternA,Put,23400.0000,11,11:16:44.000,11:16:45.000,11:16:54.000,-889.4400,0.6556517178075006556517178100,0,9
1,Baseline,94,2026-09-11,2026-09-22,PatternB,Call,23400.0000,11,11:16:54.000,11:16:54.000,11:19:11.000,739.8800,0,8.140845070422535211267605630,137
1,Baseline,95,2026-09-11,2026-09-22,PatternA,Put,23400.0000,11,11:19:11.000,11:19:11.000,11:19:42.000,-660.9700,0.5321979776476849387972325700,0.2660989888238424693986162900,31
1,Baseline,96,2026-09-11,2026-09-22,PatternB,Call,23400.0000,11,11:19:42.000,11:19:42.000,11:20:57.000,-1664.4700,1.3919821826280623608017817400,2.9231625835189309576837416500,75
1,Baseline,97,2026-09-11,2026-09-22,PatternA,Put,23400.0000,11,11:20:57.000,11:20:57.000,11:21:27.000,-1993.1200,1.2691697514542570068746694900,0.4759386567953463775780010600,30
1,Baseline,98,2026-09-11,2026-09-22,PatternB,Call,23400.0000,11,11:21:27.000,11:21:27.000,11:23:52.000,3564.5200,1.1653718091009988901220865700,3.6903440621531631520532741400,145
1,Baseline,99,2026-09-11,2026-09-22,PatternA,Put,23400.0000,11,11:23:52.000,11:23:52.000,11:24:14.000,-1146.3800,0.8174386920980926430517711200,0.5449591280653950953678474100,22
1,Baseline,100,2026-09-11,2026-09-22,PatternB,Call,23450.0000,11,11:24:14.000,11:24:14.000,11:24:39.000,-618.0300,1.3259327782917052112241751500,0.3700277520814061054579093400,25
1,Baseline,101,2026-09-11,2026-09-22,PatternA,Put,23450.0000,11,11:24:39.000,11:24:39.000,11:24:50.000,-635.9800,0.5573055488248122122607220700,0,11
1,Baseline,102,2026-09-11,2026-09-22,PatternB,Call,23450.0000,11,11:24:50.000,11:24:50.000,11:25:03.000,-292.9500,0.9290802105915144007432641700,0.557448126354908640445958500,13
1,Baseline,103,2026-09-11,2026-09-22,PatternA,Put,23450.0000,11,11:25:03.000,11:25:03.000,11:25:18.000,-83.7100,0.0242659548653239504974520700,0.388255277845183207959233200,15
1,Baseline,104,2026-09-11,2026-09-22,PatternB,Call,23450.0000,11,11:25:18.000,11:25:18.000,11:25:45.000,844.2100,0,1.8997197134848956711304889400,27
1,Baseline,105,2026-09-11,2026-09-22,PatternA,Put,23450.0000,11,11:25:45.000,11:25:45.000,11:28:05.000,2027.7600,0,2.0939858777696615534453372300,140
1,Baseline,106,2026-09-11,2026-09-22,PatternB,Call,23450.0000,11,11:28:05.000,11:28:05.000,11:29:03.000,-1980.5700,2.0227560050568900126422250300,0,58
1,Baseline,107,2026-09-11,2026-09-22,PatternA,Put,23400.0000,11,11:29:03.000,11:29:03.000,11:29:53.000,118.8300,0.026709401709401709401709400,0.9615384615384615384615384600,50
1,Baseline,108,2026-09-11,2026-09-22,PatternB,Call,23400.0000,11,11:29:53.000,11:29:53.000,11:30:04.000,-787.8000,0.8596783139212423738214087600,0,11
1,Baseline,109,2026-09-11,2026-09-22,PatternA,Put,23400.0000,11,11:30:04.000,11:30:04.000,11:30:42.000,-174.0800,0.3445534057778955738139411600,0.6360985952822687516565067600,38
1,Baseline,110,2026-09-11,2026-09-22,PatternB,Call,23400.0000,11,11:30:42.000,11:30:42.000,11:34:20.000,1064.1700,2.097902097902097902097902100,3.3566433566433566433566433600,218
1,Baseline,111,2026-09-11,2026-09-22,PatternA,Put,23400.0000,11,11:34:20.000,11:34:20.000,11:37:32.000,21.5100,1.070090957731407169609416800,1.605136436597110754414125200,192
1,Baseline,112,2026-09-11,2026-09-22,PatternB,Call,23400.0000,11,11:37:32.000,11:37:32.000,11:43:07.000,1290.9000,0.942872989462007764836383800,3.99334442595673876871880200,335
1,Baseline,113,2026-09-11,2026-09-22,PatternA,Put,23450.0000,11,11:43:07.000,11:43:07.000,11:44:11.000,-3105.4800,1.2446146481570129248444231700,0.0239348970799425562470081400,64
1,Baseline,114,2026-09-11,2026-09-22,PatternB,Call,23450.0000,11,11:44:11.000,11:44:11.000,11:44:18.000,746.5700,0,1.9559143123253647935423781400,7
1,Baseline,115,2026-09-11,2026-09-22,PatternA,Put,23450.0000,11,11:44:18.000,11:44:18.000,11:45:11.000,-797.1400,0.63944909001475651746187900,1.1067388096409247417609444200,53
1,Baseline,116,2026-09-11,2026-09-22,PatternB,Call,23450.0000,11,11:45:11.000,11:45:11.000,11:45:33.000,-2599.4300,2.5846153846153846153846153800,0.5538461538461538461538461500,22
1,Baseline,117,2026-09-11,2026-09-22,PatternA,Put,23450.0000,11,11:45:33.000,11:45:33.000,11:46:03.000,-1383.1000,1.1377390462357782619220527700,0,30
1,Baseline,118,2026-09-11,2026-09-22,PatternB,Call,23450.0000,11,11:46:03.000,11:46:03.000,11:46:57.000,779.5700,0.2190923317683881064162754300,1.8779342723004694835680751200,54
1,Baseline,119,2026-09-11,2026-09-22,PatternA,Put,23450.0000,11,11:46:57.000,11:46:57.000,11:47:47.000,-407.5700,0.6380368098159509202453987700,0.2208588957055214723926380400,50
1,Baseline,120,2026-09-11,2026-09-22,PatternB,Call,23450.0000,11,11:47:46.000,11:47:46.000,11:51:04.000,-4677.5600,5.4314090626939788950962135300,0.3414028553693358162631905600,198
1,Baseline,121,2026-09-11,2026-09-22,PatternA,Put,23400.0000,11,11:51:04.000,11:51:04.000,11:55:26.000,-141.0100,1.1752136752136752136752136800,1.7094017094017094017094017100,262
1,Baseline,122,2026-09-11,2026-09-22,PatternB,Call,23400.0000,11,11:55:26.000,11:55:26.000,12:01:04.000,479.3300,1.3389121338912133891213389100,2.4825662482566248256624825700,338
1,Baseline,123,2026-09-11,2026-09-22,PatternA,Put,23400.0000,11,12:01:04.000,12:01:04.000,12:08:33.000,216.8200,0.9954264191552327145547484500,0.9685230024213075060532687700,449
1,Baseline,124,2026-09-11,2026-09-22,PatternB,Call,23400.0000,11,12:08:33.000,12:08:33.000,12:10:28.000,-2476.2200,2.0670391061452513966480446900,0,115
1,Baseline,125,2026-09-11,2026-09-22,PatternA,Put,23400.0000,11,12:10:28.000,12:10:28.000,12:12:47.000,1741.9600,0.1584786053882725832012678300,2.0338087691494981510829371400,139
1,Baseline,126,2026-09-11,2026-09-22,PatternB,Call,23400.0000,11,12:12:47.000,12:12:48.000,12:15:03.000,-69.8100,2.5894675589176607506546406800,0.3200465522257782950247308700,135
1,Baseline,127,2026-09-11,2026-09-22,PatternA,Put,23400.0000,11,12:15:03.000,12:15:03.000,12:18:31.000,-2416.8400,1.9195849546044098573281452700,2.5162127107652399481193255500,208
1,Baseline,128,2026-09-11,2026-09-22,PatternB,Call,23400.0000,11,12:18:31.000,12:18:31.000,12:21:00.000,-1760.2000,1.3397947548460661345496009100,0.34207525655644241733181300,149
1,Baseline,129,2026-09-11,2026-09-22,PatternA,Put,23400.0000,11,12:21:00.000,12:21:00.000,12:32:25.000,-2448.9000,2.190923317683881064162754300,1.0954616588419405320813771500,685
1,Baseline,130,2026-09-11,2026-09-22,PatternB,Call,23400.0000,11,12:32:25.000,12:32:25.000,12:32:40.000,-266.5600,0.8500991782374610371209974500,0.3967129498441484839897988100,15
1,Baseline,131,2026-09-11,2026-09-22,PatternA,Put,23400.0000,11,12:32:40.000,12:32:40.000,12:32:55.000,-401.3100,0.6105654366870188478895672900,0.0796389700026546323334218200,15
1,Baseline,132,2026-09-11,2026-09-22,PatternB,Call,23400.0000,11,12:32:55.000,12:32:56.000,12:33:13.000,-2215.6700,1.2693935119887165021156558500,0,17
1,Baseline,133,2026-09-11,2026-09-22,PatternA,Put,23400.0000,11,12:33:12.000,12:33:13.000,12:33:40.000,-207.3700,0.8654602675059008654602675100,0.1835824809861001835824809900,27
1,Baseline,134,2026-09-11,2026-09-22,PatternB,Call,23400.0000,11,12:33:40.000,12:33:40.000,12:34:05.000,-330.2400,0.5770340450086555106751298300,0.692440854010386612810155800,25
1,Baseline,135,2026-09-11,2026-09-22,PatternA,Put,23400.0000,11,12:34:05.000,12:34:06.000,12:34:53.000,-2091.1700,1.364113326337880377754459600,0.2885624344176285414480587600,47
1,Baseline,136,2026-09-11,2026-09-22,PatternB,Call,23400.0000,11,12:34:52.000,12:34:53.000,12:36:55.000,-1955.7500,1.1578650098842134990115786500,1.2990680598700931940129906800,122
1,Baseline,137,2026-09-11,2026-09-22,PatternA,Put,23400.0000,11,12:36:55.000,12:36:55.000,12:37:39.000,-1441.2900,1.079515534491837809373354400,0.1843075302790942601369141700,44
1,Baseline,138,2026-09-11,2026-09-22,PatternB,Call,23400.0000,11,12:37:39.000,12:37:39.000,12:38:30.000,545.3300,0.1131861912846632710809281300,1.3016411997736276174306734600,51
1,Baseline,139,2026-09-11,2026-09-22,PatternA,Put,23400.0000,11,12:38:29.000,12:38:30.000,12:38:55.000,281.1000,0.2400,1.0133333333333333333333333300,25
1,Baseline,140,2026-09-11,2026-09-22,PatternB,Call,23400.0000,11,12:38:54.000,12:38:55.000,12:40:47.000,-1468.3900,1.5850551938862156807245966600,0.169827342202094537220492500,112
1,Baseline,141,2026-09-11,2026-09-22,PatternA,Put,23400.0000,11,12:40:47.000,12:40:47.000,12:40:53.000,-337.5900,0.2089864158829676071055381400,0,6
1,Baseline,142,2026-09-11,2026-09-22,PatternB,Call,23400.0000,11,12:40:53.000,12:40:53.000,12:41:00.000,-590.8300,0.3711104767342278047387953200,0.0285469597487867542106765600,7
1,Baseline,143,2026-09-11,2026-09-22,PatternA,Put,23400.0000,11,12:41:00.000,12:41:00.000,12:41:08.000,-142.7000,0.6532532009406846093545858400,0,8
1,Baseline,144,2026-09-11,2026-09-22,PatternB,Call,23400.0000,11,12:41:08.000,12:41:09.000,12:45:12.000,318.4200,0.4271070615034168564920273300,4.6697038724373576309794988600,243
1,Baseline,145,2026-09-11,2026-09-22,PatternA,Put,23400.0000,11,12:45:12.000,12:45:13.000,12:47:17.000,1287.4900,0.9538950715421303656597774200,1.4308426073131955484896661400,124
1,Baseline,146,2026-09-11,2026-09-22,PatternB,Call,23400.0000,11,12:47:17.000,12:47:18.000,12:48:33.000,-1012.6800,0.6888633754305396096440872600,0.4879448909299655568312284700,75
1,Baseline,147,2026-09-11,2026-09-22,PatternA,Put,23400.0000,11,12:48:33.000,12:48:34.000,12:49:01.000,-1604.5200,1.2503256056264652253190935100,0,27
1,Baseline,148,2026-09-11,2026-09-22,PatternB,Call,23400.0000,11,12:49:01.000,12:49:01.000,12:51:44.000,-3806.6200,3.1552018192154633314383172300,0,163
1,Baseline,149,2026-09-11,2026-09-22,PatternA,Put,23400.0000,11,12:51:44.000,12:51:44.000,12:52:35.000,-1183.0000,1.2390294269488900361383582900,0.6711409395973154362416107400,51
1,Baseline,150,2026-09-11,2026-09-22,PatternB,Call,23400.0000,11,12:52:35.000,12:52:35.000,12:54:56.000,709.0700,0.2306805074971164936562860400,1.7012687427912341407151095700,141
1,Baseline,151,2026-09-11,2026-09-22,PatternA,Put,23400.0000,11,12:54:56.000,12:54:56.000,12:54:57.000,-434.0800,0.2644802962179317640835757700,0,1
1,Baseline,152,2026-09-11,2026-09-22,PatternB,Call,23400.0000,11,12:54:57.000,12:54:57.000,12:56:28.000,-460.8500,0.5714285714285714285714285700,1.0285714285714285714285714300,91
1,Baseline,153,2026-09-11,2026-09-22,PatternA,Put,23400.0000,11,12:56:28.000,12:56:28.000,12:57:58.000,-434.0600,0.6613756613756613756613756600,0.2116402116402116402116402100,90
1,Baseline,154,2026-09-11,2026-09-22,PatternB,Call,23400.0000,11,12:57:58.000,12:57:58.000,12:59:20.000,1000.8200,0.2002288329519450800915331800,2.8604118993135011441647597300,82
1,Baseline,155,2026-09-11,2026-09-22,PatternA,Put,23400.0000,11,12:59:19.000,12:59:20.000,12:59:55.000,-75.8700,0.6157965194109772423025435100,0,35
1,Baseline,156,2026-09-11,2026-09-22,PatternB,Call,23400.0000,11,12:59:55.000,12:59:55.000,13:00:39.000,-2442.8000,2.2071307300509337860780984700,0.6791171477079796264855687600,44
1,Baseline,157,2026-09-11,2026-09-22,PatternA,Put,23400.0000,11,13:00:39.000,13:00:39.000,13:02:12.000,1904.4800,0.2380952380952380952380952400,1.7195767195767195767195767200,93
1,Baseline,158,2026-09-11,2026-09-22,PatternB,Call,23400.0000,11,13:02:12.000,13:02:12.000,13:03:13.000,-394.0800,0.3224860744649662855467604800,1.055408970976253298153034300,61
1,Baseline,159,2026-09-11,2026-09-22,PatternA,Put,23400.0000,11,13:03:12.000,13:03:13.000,13:03:53.000,278.9700,0.1556420233463035019455252900,1.3229571984435797665369649800,40
1,Baseline,160,2026-09-11,2026-09-22,PatternB,Call,23400.0000,11,13:03:52.000,13:03:53.000,13:11:30.000,-4355.7700,4.7477744807121661721068249300,0.267062314540059347181008900,457
1,Baseline,161,2026-09-11,2026-09-22,PatternA,Put,23400.0000,11,13:11:30.000,13:11:30.000,13:11:55.000,-2875.3400,2.2271714922048997772828507800,0,25
1,Baseline,162,2026-09-11,2026-09-22,PatternB,Call,23400.0000,11,13:11:55.000,13:11:55.000,13:21:21.000,-1528.7000,2.0278450363196125907990314800,1.6949152542372881355932203400,566
1,Baseline,163,2026-09-11,2026-09-22,PatternA,Put,23400.0000,11,13:21:20.000,13:21:21.000,13:21:44.000,-2030.4400,1.5920398009950248756218905500,0,23
1,Baseline,164,2026-09-11,2026-09-22,PatternB,Call,23400.0000,11,13:21:44.000,13:21:44.000,13:22:14.000,-1009.2500,1.0558069381598793363499245900,0.2413273001508295625942684800,30
1,Baseline,165,2026-09-11,2026-09-22,PatternA,Put,23400.0000,11,13:22:14.000,13:22:14.000,13:29:05.000,-7064.3000,5.4554554554554554554554554600,0,411
1,Baseline,166,2026-09-11,2026-09-22,PatternB,Call,23400.0000,11,13:29:04.000,13:29:05.000,13:30:36.000,286.6100,0.5461339465363610232825524600,1.4946823799942512216154067300,91
1,Baseline,167,2026-09-11,2026-09-22,PatternA,Put,23400.0000,11,13:30:35.000,13:30:35.000,13:31:21.000,-596.5800,1.0565240359218172213417855300,0.3697834125726360274696249300,46
1,Baseline,168,2026-09-11,2026-09-22,PatternB,Call,23400.0000,11,13:31:21.000,13:31:21.000,13:31:59.000,189.0900,1.8087855297157622739018087900,0.2871088142405971863336204400,38
1,Baseline,169,2026-09-11,2026-09-22,PatternA,Put,23400.0000,11,13:31:58.000,13:31:59.000,13:36:43.000,2554.2400,1.9088016967126193001060445400,3.5524920466595970307529162200,284
1,Baseline,170,2026-09-11,2026-09-22,PatternB,Call,23400.0000,11,13:36:43.000,13:36:43.000,13:37:06.000,-848.1900,0.7690032534753031647441585300,0.2070393374741200828157349900,23
1,Baseline,171,2026-09-11,2026-09-22,PatternA,Put,23400.0000,11,13:37:06.000,13:37:06.000,13:39:30.000,-923.4100,0.9778692743180648481729284600,0.6433350488934637159032424100,144
1,Baseline,172,2026-09-11,2026-09-22,PatternB,Call,23400.0000,11,13:39:30.000,13:39:30.000,13:39:43.000,-1140.4900,0.9763313609467455621301775100,0.2958579881656804733727810700,13
1,Baseline,173,2026-09-11,2026-09-22,PatternA,Put,23400.0000,11,13:39:43.000,13:39:43.000,13:42:48.000,2616.9400,0.3347926860674736028843677600,7.5714653618336337883080092700,185
1,Baseline,174,2026-09-11,2026-09-22,PatternB,Call,23400.0000,11,13:42:48.000,13:42:48.000,13:46:51.000,128.3100,1.739395788831248092767775400,2.7769301190112908147696063500,243
1,Baseline,175,2026-09-11,2026-09-22,PatternA,Put,23400.0000,11,13:46:50.000,13:46:51.000,13:46:54.000,-730.2800,0.1510574018126888217522658600,0.0503524672708962739174219500,3
1,Baseline,176,2026-09-11,2026-09-22,PatternB,Call,23400.0000,11,13:46:54.000,13:46:54.000,13:51:56.000,5551.9500,0.6363636363636363636363636400,5.696969696969696969696969700,302
1,Baseline,177,2026-09-11,2026-09-22,PatternA,Put,23400.0000,11,13:51:56.000,13:51:56.000,13:55:34.000,-7320.2200,7.2574283460425979489876413400,1.5251117538785169602945043400,218
1,Baseline,178,2026-09-11,2026-09-22,PatternB,Call,23450.0000,11,13:55:34.000,13:55:34.000,13:55:53.000,2305.8100,0.7165109034267912772585669800,3.1464174454828660436137071700,19
1,Baseline,179,2026-09-11,2026-09-22,PatternA,Put,23450.0000,11,13:55:53.000,13:55:53.000,13:56:13.000,2550.1300,0.3522898842476094614997483600,2.4408656265727226975339708100,20
1,Baseline,180,2026-09-11,2026-09-22,PatternB,Call,23450.0000,11,13:56:13.000,13:56:13.000,13:57:47.000,3377.9700,0.4070131496556042579837194700,5.134627426424546023794614900,94
1,Baseline,181,2026-09-11,2026-09-22,PatternA,Put,23450.0000,11,13:57:47.000,13:57:47.000,13:58:14.000,-891.8200,2.0356234096692111959287531800,0,27
1,Baseline,182,2026-09-11,2026-09-22,PatternB,Call,23450.0000,11,13:58:14.000,13:58:14.000,14:00:21.000,-1139.4100,3.2161106101593026750826570500,0.7514277126540426810940787500,127
1,Baseline,183,2026-09-11,2026-09-22,PatternA,Put,23450.0000,11,14:00:21.000,14:00:21.000,14:02:23.000,-12389.7500,9.298780487804878048780487800,0,122
1,Baseline,184,2026-09-11,2026-09-22,PatternB,Call,23500.0000,11,14:02:22.000,14:02:22.000,14:02:54.000,7470.1700,0,8.733624454148471615720524020,32
1,Baseline,185,2026-09-11,2026-09-22,PatternA,Put,23500.0000,11,14:02:54.000,14:02:54.000,14:03:51.000,-955.4800,2.7418520434557682359027418500,1.9658561821003621314019658600,57
1,Baseline,186,2026-09-11,2026-09-22,PatternB,Call,23500.0000,11,14:03:51.000,14:03:51.000,14:03:54.000,-2897.0500,2.3070350327542010823127314200,0,3
1,Baseline,187,2026-09-11,2026-09-22,PatternA,Put,23500.0000,11,14:03:54.000,14:03:54.000,14:05:41.000,992.5300,2.6639344262295081967213114800,1.4344262295081967213114754100,107
1,Baseline,188,2026-09-11,2026-09-22,PatternB,Call,23500.0000,11,14:05:41.000,14:05:41.000,14:08:18.000,-5297.9900,6.2038404726735598227474150700,0.1477104874446085672082717900,157
1,Baseline,189,2026-09-11,2026-09-22,PatternA,Put,23500.0000,11,14:08:18.000,14:08:18.000,14:08:29.000,-862.3900,0.7843137254901960784313725500,0,11
1,Baseline,190,2026-09-11,2026-09-22,PatternB,Call,23500.0000,11,14:08:29.000,14:08:29.000,14:10:07.000,-4483.2100,4.1564039408866995073891625600,0,98
1,Baseline,191,2026-09-11,2026-09-22,PatternA,Put,23450.0000,11,14:10:06.000,14:10:06.000,14:10:55.000,-1016.0500,1.2876712328767123287671232900,0.3835616438356164383561643800,49
1,Baseline,192,2026-09-11,2026-09-22,PatternB,Call,23450.0000,11,14:10:55.000,14:10:55.000,14:14:04.000,-3356.0300,2.9024455791453910239183015300,1.3168503090567051867777479200,189
1,Baseline,193,2026-09-11,2026-09-22,PatternA,Put,23450.0000,11,14:14:04.000,14:14:04.000,14:14:17.000,-561.2500,0.4936917169500822819528250100,0.1097092704333516182117388900,13
1,Baseline,194,2026-09-11,2026-09-22,PatternB,Call,23450.0000,11,14:14:17.000,14:14:18.000,14:15:21.000,1615.0500,0.4947773501924134139637163300,2.4463991203958218801539307300,63
1,Baseline,195,2026-09-11,2026-09-22,PatternA,Put,23500.0000,11,14:15:21.000,14:15:21.000,14:15:22.000,274.5800,0,0.1965119135347580447064603300,1
1,Baseline,196,2026-09-11,2026-09-22,PatternB,Call,23500.0000,11,14:15:22.000,14:15:22.000,14:19:04.000,-1623.1700,3.6098796706776440785307156400,1.1082963901203293223559214700,222
1,Baseline,197,2026-09-11,2026-09-22,PatternA,Put,23450.0000,11,14:19:03.000,14:19:03.000,14:20:00.000,-301.0500,0,0.8544652701212789415656008800,57
1,Baseline,198,2026-09-11,2026-09-22,PatternB,Call,23450.0000,11,14:20:00.000,14:20:00.000,14:27:51.000,5025.2700,2.1673525377229080932784636500,5.7338820301783264746227709200,471
1,Baseline,199,2026-09-11,2026-09-22,PatternA,Put,23500.0000,11,14:27:51.000,14:27:51.000,14:29:24.000,-3493.3000,2.8410482488366397256918932200,0,93
1,Baseline,200,2026-09-11,2026-09-22,PatternB,Call,23500.0000,11,14:29:24.000,14:29:24.000,14:31:12.000,939.2500,1.3817963352358065485130669900,2.3730850105136677680985280900,108
1,Baseline,201,2026-09-11,2026-09-22,PatternA,Put,23500.0000,11,14:31:12.000,14:31:12.000,14:35:58.000,-1281.0500,3.1762295081967213114754098400,2.7663934426229508196721311500,286
1,Baseline,202,2026-09-11,2026-09-22,PatternB,Call,23500.0000,11,14:35:57.000,14:35:57.000,14:36:51.000,-1693.0300,2.6772580170638423065607531600,0,54
1,Baseline,203,2026-09-11,2026-09-22,PatternA,Put,23500.0000,11,14:36:51.000,14:36:51.000,14:38:32.000,2583.8500,0.434449271658573984155379500,2.8878098645540506005622284700,101
1,Baseline,204,2026-09-11,2026-09-22,PatternB,Call,23500.0000,11,14:38:32.000,14:38:33.000,14:41:28.000,1331.0800,1.4564611093895258754260923500,2.169197396963123644251626900,175
1,Baseline,205,2026-09-11,2026-09-22,PatternA,Put,23500.0000,11,14:41:28.000,14:41:28.000,14:42:25.000,-1476.8200,1.3424518743667679837892603900,0,57
1,Baseline,206,2026-09-11,2026-09-22,PatternB,Call,23500.0000,11,14:42:25.000,14:42:25.000,14:45:30.000,-1106.8900,1.4736842105263157894736842100,0.751879699248120300751879700,185
1,Baseline,207,2026-09-11,2026-09-22,PatternA,Put,23500.0000,11,14:45:30.000,14:45:30.000,14:47:47.000,1283.4200,0.3019627579265223955712128800,2.0634121791645697030699547100,137
1,Baseline,208,2026-09-11,2026-09-22,PatternB,Call,23500.0000,11,14:47:47.000,14:47:47.000,14:55:17.000,1492.5000,0.6412213740458015267175572500,2.5343511450381679389312977100,450
1,Baseline,209,2026-09-11,2026-09-22,PatternA,Put,23500.0000,11,14:55:17.000,14:55:18.000,15:01:05.000,-17.2700,1.2845849802371541501976284600,1.0375494071146245059288537500,347
1,Baseline,0,2026-09-15,2026-09-22,PatternA,Put,23550.0000,7,09:15:24.000,09:15:24.000,09:15:30.000,-332.2700,0.8412787436904094223219293300,0.8693213684800897363993269800,6
1,Baseline,1,2026-09-15,2026-09-22,PatternB,Call,23550.0000,7,09:15:30.000,09:15:30.000,09:16:14.000,-4701.4100,7.9013228459063282087951376500,0.0357525920629245620307472300,44
1,Baseline,2,2026-09-15,2026-09-22,PatternA,Put,23550.0000,7,09:16:14.000,09:16:14.000,09:16:27.000,-367.7400,1.1311607864260705628871532500,0.0538647993536224077565311100,13
1,Baseline,3,2026-09-15,2026-09-22,PatternB,Call,23550.0000,7,09:16:27.000,09:16:27.000,09:17:09.000,1147.8600,0,3.2039200904636260836788541300,42
1,Baseline,4,2026-09-15,2026-09-22,PatternA,Put,23550.0000,7,09:17:09.000,09:17:09.000,09:17:42.000,-1438.2100,1.4536478332419089413055403200,0.3017004936917169500822819500,33
1,Baseline,5,2026-09-15,2026-09-22,PatternB,Call,23550.0000,7,09:17:42.000,09:17:42.000,09:17:54.000,-2750.5400,3.0438010393466963622865627300,0,12
1,Baseline,6,2026-09-15,2026-09-22,PatternA,Put,23550.0000,7,09:17:54.000,09:17:54.000,09:18:14.000,2490.6200,0.4587155963302752293577981700,3.0221262817053426875337290900,20
1,Baseline,7,2026-09-15,2026-09-22,PatternB,Call,23500.0000,7,09:18:14.000,09:18:14.000,09:18:24.000,166.0800,0.5634736493205170699370235300,0.4971826317533974146503148800,10
1,Baseline,8,2026-09-15,2026-09-22,PatternA,Put,23500.0000,7,09:18:24.000,09:18:24.000,09:18:27.000,-391.6700,0.6379100850546780072904009700,0,3
1,Baseline,9,2026-09-15,2026-09-22,PatternB,Call,23500.0000,7,09:18:27.000,09:18:27.000,09:19:01.000,-613.7200,0.758825470141867370504783900,2.5734081161332893434510062700,34
1,Baseline,10,2026-09-15,2026-09-22,PatternA,Put,23500.0000,7,09:19:01.000,09:19:01.000,09:19:09.000,-1691.9700,1.5835076187630714072303555400,0,8
1,Baseline,11,2026-09-15,2026-09-22,PatternB,Call,23500.0000,7,09:19:09.000,09:19:09.000,09:20:19.000,-61.9500,0.4262295081967213114754098400,2.4590163934426229508196721300,70
1,Baseline,12,2026-09-15,2026-09-22,PatternA,Put,23500.0000,7,09:20:19.000,09:20:19.000,09:21:08.000,63.9200,0.0307787011388119421360418600,1.8467220683287165281625115400,49
1,Baseline,13,2026-09-15,2026-09-22,PatternB,Call,23500.0000,7,09:21:08.000,09:21:08.000,09:21:59.000,1529.8400,0.8563899868247694334650856400,2.4374176548089591567852437400,51
1,Baseline,14,2026-09-15,2026-09-22,PatternA,Put,23500.0000,7,09:21:59.000,09:21:59.000,09:23:44.000,3604.6800,0,4.6187228766274023558586484800,105
1,Baseline,15,2026-09-15,2026-09-22,PatternB,Call,23500.0000,7,09:23:44.000,09:23:44.000,09:24:16.000,1401.8300,0.237933378653976886471787900,1.8354860639021074099252209400,32
1,Baseline,16,2026-09-15,2026-09-22,PatternA,Put,23500.0000,7,09:24:16.000,09:24:16.000,09:25:34.000,4155.7500,1.006404391582799634034766700,5.3064958828911253430924062200,78
1,Baseline,17,2026-09-15,2026-09-22,PatternB,Call,23500.0000,7,09:25:34.000,09:25:34.000,09:26:11.000,-2007.0200,2.1625392396232996163236832900,0,37
1,Baseline,18,2026-09-15,2026-09-22,PatternA,Put,23500.0000,7,09:26:11.000,09:26:11.000,09:26:22.000,-460.0400,0.3468208092485549132947976900,0.7225433526011560693641618500,11
1,Baseline,19,2026-09-15,2026-09-22,PatternB,Call,23500.0000,7,09:26:22.000,09:26:22.000,09:26:52.000,1209.0400,0.2817893624515674533286368400,1.6555125044029587883057414600,30
1,Baseline,20,2026-09-15,2026-09-22,PatternA,Put,23500.0000,7,09:26:52.000,09:26:52.000,09:27:22.000,-426.4200,0.3525264394829612220916568700,1.9095182138660399529964747400,30
1,Baseline,21,2026-09-15,2026-09-22,PatternB,Call,23500.0000,7,09:27:22.000,09:27:22.000,09:27:42.000,-1000.3500,1.2860618700034758428919012900,0.3823427181091414668057003800,20
1,Baseline,22,2026-09-15,2026-09-22,PatternA,Put,23500.0000,7,09:27:42.000,09:27:42.000,09:27:54.000,287.5200,1.6016307513104251601630751300,0.6115317414094350611531741400,12
1,Baseline,23,2026-09-15,2026-09-22,PatternB,Call,23500.0000,7,09:27:54.000,09:27:54.000,09:28:57.000,-999.3800,1.0250972074938140685754683600,0.9544008483563096500530222700,63
1,Baseline,24,2026-09-15,2026-09-22,PatternA,Put,23500.0000,7,09:28:57.000,09:28:57.000,09:29:33.000,-817.1100,0.9275362318840579710144927500,0.2608695652173913043478260900,36
1,Baseline,25,2026-09-15,2026-09-22,PatternB,Call,23500.0000,7,09:29:33.000,09:29:33.000,09:30:19.000,-608.9300,1.359570661896243291592128800,1.7173524150268336314847942800,46
1,Baseline,26,2026-09-15,2026-09-22,PatternA,Put,23500.0000,7,09:30:19.000,09:30:19.000,09:33:32.000,1653.1700,1.7559523809523809523809523800,2.3809523809523809523809523800,193
1,Baseline,27,2026-09-15,2026-09-22,PatternB,Call,23500.0000,7,09:33:32.000,09:33:32.000,09:34:35.000,1438.1900,0.1454016721192293711377680800,2.1446746637586332242820792400,63
1,Baseline,28,2026-09-15,2026-09-22,PatternA,Put,23500.0000,7,09:34:35.000,09:34:35.000,09:35:04.000,-1302.4400,1.0422870756402620607504466900,0.2382370458606313281715306700,29
1,Baseline,29,2026-09-15,2026-09-22,PatternB,Call,23500.0000,7,09:35:04.000,09:35:04.000,09:35:53.000,-609.3100,0.8173418621179815209665955900,1.7412935323383084577114427900,49
1,Baseline,30,2026-09-15,2026-09-22,PatternA,Put,23500.0000,7,09:35:53.000,09:35:53.000,09:38:49.000,2497.6000,0.059488399762046400951814400,3.3908387864366448542534205800,176
1,Baseline,31,2026-09-15,2026-09-22,PatternB,Call,23500.0000,7,09:38:49.000,09:38:49.000,09:40:21.000,2672.9800,0.6977598237238340066103562200,4.0396621373485126698494307700,92
1,Baseline,32,2026-09-15,2026-09-22,PatternA,Put,23500.0000,7,09:40:21.000,09:40:21.000,09:40:29.000,-620.3600,0.7742703990470518165574746900,0,8
1,Baseline,33,2026-09-15,2026-09-22,PatternB,Call,23500.0000,7,09:40:29.000,09:40:29.000,09:41:11.000,-1908.6000,2.0219936147570060305072720800,0.0354735721887194040439872300,42
1,Baseline,34,2026-09-15,2026-09-22,PatternA,Put,23500.0000,7,09:41:11.000,09:41:11.000,09:42:04.000,-718.6600,0.7941176470588235294117647100,0.4117647058823529411764705900,53
1,Baseline,35,2026-09-15,2026-09-22,PatternB,Call,23500.0000,7,09:42:04.000,09:42:04.000,09:44:06.000,560.2400,0.6071428571428571428571428600,1.7500,122
1,Baseline,36,2026-09-15,2026-09-22,PatternA,Put,23500.0000,7,09:44:06.000,09:44:06.000,09:44:15.000,-555.1600,0.4781829049611476389719067500,0,9
1,Baseline,37,2026-09-15,2026-09-22,PatternB,Call,23500.0000,7,09:44:15.000,09:44:15.000,09:47:03.000,-5806.4300,7.2740112994350282485875706200,0.7768361581920903954802259900,168
1,Baseline,38,2026-09-15,2026-09-22,PatternA,Put,23500.0000,7,09:47:03.000,09:47:03.000,09:47:26.000,-558.4300,0.7413743940690048474479612200,0.8554319931565440547476475600,23
1,Baseline,39,2026-09-15,2026-09-22,PatternB,Call,23500.0000,7,09:47:26.000,09:47:26.000,09:49:38.000,-5868.3000,6.7537313432835820895522388100,0.7462686567164179104477611900,132
1,Baseline,40,2026-09-15,2026-09-22,PatternA,Put,23450.0000,7,09:49:38.000,09:49:38.000,09:49:44.000,128.7200,0.7982806263432606693276020900,0.4605465151980350015351550500,6
1,Baseline,41,2026-09-15,2026-09-22,PatternB,Call,23450.0000,7,09:49:44.000,09:49:44.000,09:51:38.000,1043.0900,0.5640345056403450564034505600,2.6211015262110152621101526200,114
1,Baseline,42,2026-09-15,2026-09-22,PatternA,Put,23450.0000,7,09:51:38.000,09:51:38.000,09:52:37.000,1330.0400,0.122025625381330079316656500,1.8913971934106162294081757200,59
1,Baseline,43,2026-09-15,2026-09-22,PatternB,Call,23450.0000,7,09:52:37.000,09:52:37.000,09:54:32.000,-1750.3100,3.9390930155577623303541873600,0,115
1,Baseline,44,2026-09-15,2026-09-22,PatternA,Put,23450.0000,7,09:54:32.000,09:54:32.000,09:55:45.000,10778.7500,0,10.935672514619883040935672510,73
1,Baseline,45,2026-09-15,2026-09-22,PatternB,Call,23400.0000,7,09:55:45.000,09:55:45.000,09:56:41.000,-2698.2300,2.5324088031353632800723545400,0.9044317154054868857401266200,56
1,Baseline,46,2026-09-15,2026-09-22,PatternA,Put,23400.0000,7,09:56:40.000,09:56:40.000,09:56:43.000,-686.1800,0.2941176470588235294117647100,0,3
1,Baseline,47,2026-09-15,2026-09-22,PatternB,Call,23400.0000,7,09:56:43.000,09:56:43.000,09:57:03.000,-1657.7600,1.3795217657878602084610668300,0.4291845493562231759656652400,20
1,Baseline,48,2026-09-15,2026-09-22,PatternA,Put,23400.0000,7,09:57:03.000,09:57:03.000,09:58:20.000,676.1200,2.606702950443998854196505300,1.8905757662560870810655972500,77
1,Baseline,49,2026-09-15,2026-09-22,PatternB,Call,23400.0000,7,09:58:20.000,09:58:20.000,10:01:09.000,1688.9400,0.8442776735459662288930581600,4.4715447154471544715447154500,169
1,Baseline,50,2026-09-15,2026-09-22,PatternA,Put,23400.0000,7,10:01:08.000,10:01:08.000,10:04:24.000,-555.4000,4.2584871947587849910661107800,1.0422870756402620607504466900,196
1,Baseline,51,2026-09-15,2026-09-22,PatternB,Call,23450.0000,7,10:04:24.000,10:04:24.000,10:08:56.000,722.7000,0.0715051841258491240614944600,2.9674651412227386485520200200,272
1,Baseline,52,2026-09-15,2026-09-22,PatternA,Put,23400.0000,7,10:08:56.000,10:08:56.000,10:12:48.000,-3413.7200,3.0627415997621171573000297400,4.0737436812369907820398453800,232
1,Baseline,53,2026-09-15,2026-09-22,PatternB,Call,23450.0000,7,10:12:48.000,10:12:48.000,10:13:43.000,-25.7000,0.314245810055865921787709500,1.9553072625698324022346368700,55
1,Baseline,54,2026-09-15,2026-09-22,PatternA,Put,23450.0000,7,10:13:43.000,10:13:43.000,10:26:13.000,3951.9800,0.8071025020177562550443906400,6.241592682270648372343287600,750
1,Baseline,55,2026-09-15,2026-09-22,PatternB,Call,23400.0000,7,10:26:13.000,10:26:13.000,10:27:29.000,355.1400,1.2110202845897668785952164700,0.9990917347865576748410535900,76
1,Baseline,56,2026-09-15,2026-09-22,PatternA,Put,23400.0000,7,10:27:29.000,10:27:29.000,10:41:55.000,7077.5000,0.7763511495968945954016124200,10.630038817557479844729770080,866
1,Baseline,57,2026-09-15,2026-09-22,PatternB,Call,23400.0000,7,10:41:55.000,10:41:55.000,10:42:56.000,-906.3400,0.853578463558765594221930400,0.0328299409061063690085357800,61
1,Baseline,58,2026-09-15,2026-09-22,PatternA,Put,23400.0000,7,10:42:56.000,10:42:56.000,10:45:29.000,3564.1900,0.4143646408839779005524861900,4.6132596685082872928176795600,153
1,Baseline,59,2026-09-15,2026-09-22,PatternB,Call,23400.0000,7,10:45:29.000,10:45:29.000,10:50:55.000,-3242.0000,5.5785123966942148760330578500,0.8608815426997245179063360900,326
1,Baseline,60,2026-09-15,2026-09-22,PatternA,Put,23400.0000,7,10:50:55.000,10:50:55.000,10:58:26.000,2521.1900,0.5263157894736842105263157900,5.0526315789473684210526315800,451
1,Baseline,61,2026-09-15,2026-09-22,PatternB,Call,23350.0000,7,10:58:26.000,10:58:26.000,11:01:12.000,778.1500,0.551301684532924961715160800,1.5926493108728943338437978600,166
1,Baseline,62,2026-09-15,2026-09-22,PatternA,Put,23350.0000,7,11:01:12.000,11:01:12.000,11:04:04.000,-4518.3100,5.7743559372223867337873852500,0,172
1,Baseline,63,2026-09-15,2026-09-22,PatternB,Call,23400.0000,7,11:04:04.000,11:04:04.000,11:05:28.000,-1324.8200,2.1321216357916812303390422900,1.0835372247465921006641034600,84
1,Baseline,64,2026-09-15,2026-09-22,PatternA,Put,23400.0000,7,11:05:28.000,11:05:28.000,11:08:24.000,4275.7000,0.5570291777188328912466843500,4.6153846153846153846153846200,176
1,Baseline,65,2026-09-15,2026-09-22,PatternB,Call,23350.0000,7,11:08:24.000,11:08:24.000,11:10:16.000,-3670.9400,3.3704390847247990105132962300,0.7730364873222016079158936300,112
1,Baseline,66,2026-09-15,2026-09-22,PatternA,Put,23350.0000,7,11:10:16.000,11:10:16.000,11:12:15.000,-6177.5800,7.2830725462304409672830725500,0.8534850640113798008534850600,119
1,Baseline,67,2026-09-15,2026-09-22,PatternB,Call,23400.0000,7,11:12:15.000,11:12:15.000,11:12:25.000,-381.6500,0.4644515898535191139692747400,0,10
1,Baseline,68,2026-09-15,2026-09-22,PatternA,Put,23400.0000,7,11:12:25.000,11:12:25.000,11:22:03.000,3170.2900,2.5627615062761506276150627600,5.2301255230125523012552301300,578
1,Baseline,69,2026-09-15,2026-09-22,PatternB,Call,23350.0000,7,11:22:03.000,11:22:03.000,11:26:12.000,-130.3900,0.1552312946289972058366966800,2.4526544551381558522198075100,249
1,Baseline,70,2026-09-15,2026-09-22,PatternA,Put,23350.0000,7,11:26:12.000,11:26:12.000,11:29:15.000,644.7800,2.0087336244541484716157205200,2.8529839883551673944687045100,183
1,Baseline,71,2026-09-15,2026-09-22,PatternB,Call,23350.0000,7,11:29:14.000,11:29:14.000,11:29:39.000,-1266.3600,1.288902860735617730273498900,0.4086765168186104998428167200,25
1,Baseline,72,2026-09-15,2026-09-22,PatternA,Put,23350.0000,7,11:29:39.000,11:29:39.000,11:31:34.000,-1435.2400,2.200,0.8285714285714285714285714300,115
1,Baseline,73,2026-09-15,2026-09-22,PatternB,Call,23350.0000,7,11:31:34.000,11:31:34.000,11:32:39.000,845.0800,0.8207070707070707070707070700,1.8939393939393939393939393900,65
1,Baseline,74,2026-09-15,2026-09-22,PatternA,Put,23350.0000,7,11:32:39.000,11:32:40.000,11:32:52.000,-1336.2600,1.2850467289719626168224299100,0,12
1,Baseline,75,2026-09-15,2026-09-22,PatternB,Call,23350.0000,7,11:32:52.000,11:32:52.000,11:33:21.000,-682.3000,0.8725459644749143035213462100,0,29
1,Baseline,76,2026-09-15,2026-09-22,PatternA,Put,23350.0000,7,11:33:21.000,11:33:22.000,11:36:39.000,-3967.2800,3.6713286713286713286713286700,0,197
1,Baseline,77,2026-09-15,2026-09-22,PatternB,Call,23350.0000,7,11:36:39.000,11:36:39.000,11:37:14.000,193.1300,0.4263093788063337393422655300,0.9135200974421437271619975600,35
1,Baseline,78,2026-09-15,2026-09-22,PatternA,Put,23350.0000,7,11:37:14.000,11:37:14.000,11:38:37.000,-3639.8800,3.4806295399515738498789346200,1.5435835351089588377723970900,83
1,Baseline,79,2026-09-15,2026-09-22,PatternB,Call,23400.0000,7,11:38:37.000,11:38:37.000,11:39:45.000,-836.9200,2.5123849964614295824486907300,0.4600141542816702052370842200,68
1,Baseline,80,2026-09-15,2026-09-22,PatternA,Put,23400.0000,7,11:39:45.000,11:39:45.000,11:40:13.000,445.3700,0.4100601421541826134499726600,0.683433570256971022416621100,28
1,Baseline,81,2026-09-15,2026-09-22,PatternB,Call,23400.0000,7,11:40:13.000,11:40:13.000,11:41:50.000,-1420.9200,1.8246869409660107334525939200,0,97
1,Baseline,82,2026-09-15,2026-09-22,PatternA,Put,23400.0000,7,11:41:50.000,11:41:51.000,11:44:33.000,-2609.7300,2.4753792919882885280809156200,1.4373170082512643066276284300,162
1,Baseline,83,2026-09-15,2026-09-22,PatternB,Call,23400.0000,7,11:44:33.000,11:44:33.000,11:46:25.000,-1518.7500,1.6702203269367448471926083900,0.604122245913290689410092400,112
1,Baseline,84,2026-09-15,2026-09-22,PatternA,Put,23400.0000,7,11:46:25.000,11:46:25.000,11:47:25.000,-205.6200,0.6171183257311510598336463600,0.7244432519452642876308022500,60
1,Baseline,85,2026-09-15,2026-09-22,PatternB,Call,23400.0000,7,11:47:25.000,11:47:25.000,11:49:51.000,-1257.9900,1.2639942217407006139400505600,1.6612495485734922354640664500,146
1,Baseline,86,2026-09-15,2026-09-22,PatternA,Put,23400.0000,7,11:49:51.000,11:49:51.000,11:54:48.000,2586.9600,1.0638297872340425531914893600,3.6436170212765957446808510600,297
1,Baseline,87,2026-09-15,2026-09-22,PatternB,Call,23400.0000,7,11:54:47.000,11:54:47.000,11:58:56.000,1536.2100,0.9919177075679647318148420300,2.7920646583394562821454812600,249
1,Baseline,88,2026-09-15,2026-09-22,PatternA,Put,23400.0000,7,11:58:56.000,11:58:56.000,12:03:02.000,-1569.8700,2.1972132904608788853161843500,1.1521972132904608788853161800,246
1,Baseline,89,2026-09-15,2026-09-22,PatternB,Call,23400.0000,7,12:03:02.000,12:03:03.000,12:05:54.000,689.8700,1.6346837242359630419331911900,2.0255863539445628997867803800,171
1,Baseline,90,2026-09-15,2026-09-22,PatternA,Put,23400.0000,7,12:05:54.000,12:05:54.000,12:08:54.000,510.6000,0.3017832647462277091906721500,2.9355281207133058984910836800,180
1,Baseline,91,2026-09-15,2026-09-22,PatternB,Call,23400.0000,7,12:08:54.000,12:08:54.000,12:17:02.000,-2168.4200,3.3711852377572746628814762200,0.2484031227821149751596877200,488
1,Baseline,92,2026-09-15,2026-09-22,PatternA,Put,23400.0000,7,12:17:02.000,12:17:02.000,12:18:01.000,-628.0400,1.2847965738758029978586723800,0.214132762312633832976445400,59
1,Baseline,93,2026-09-15,2026-09-22,PatternB,Call,23400.0000,7,12:18:01.000,12:18:01.000,12:27:13.000,-1972.6100,3.2467532467532467532467532500,0,552
1,Baseline,94,2026-09-15,2026-09-22,PatternA,Put,23350.0000,7,12:27:13.000,12:27:13.000,12:31:58.000,5032.2200,2.5128670905237662730850741700,5.3890402664244626097487132900,285
1,Baseline,95,2026-09-15,2026-09-22,PatternB,Call,23350.0000,7,12:31:58.000,12:31:58.000,12:33:42.000,-256.9500,0.8180628272251308900523560200,1.2107329842931937172774869100,104
1,Baseline,96,2026-09-15,2026-09-22,PatternA,Put,23350.0000,7,12:33:42.000,12:33:42.000,12:34:06.000,-167.2300,0.23282887077997671711292200,0.2619324796274738067520372500,24
1,Baseline,97,2026-09-15,2026-09-22,PatternB,Call,23350.0000,7,12:34:06.000,12:34:07.000,12:38:48.000,1269.5700,1.0467778868171409878966306800,5.4301602878639188747137716700,281
1,Baseline,98,2026-09-15,2026-09-22,PatternA,Put,23350.0000,7,12:38:48.000,12:38:49.000,12:41:00.000,-977.9000,1.067932364283595372293088100,0.6822901216256303767428062900,131
1,Baseline,99,2026-09-15,2026-09-22,PatternB,Call,23350.0000,7,12:40:59.000,12:41:00.000,12:51:57.000,1333.5400,4.0566645202833226014166130100,3.3805537669027688345138441700,657
1,Baseline,100,2026-09-15,2026-09-22,PatternA,Put,23400.0000,7,12:51:57.000,12:51:57.000,12:52:12.000,-141.5000,0.0530785562632696390658174100,0.6104033970276008492569002100,15
1,Baseline,101,2026-09-15,2026-09-22,PatternB,Call,23400.0000,7,12:52:12.000,12:52:12.000,12:54:08.000,-670.9200,2.5292563231408078520196300500,0.151000377500943752359380900,116
1,Baseline,102,2026-09-15,2026-09-22,PatternA,Put,23350.0000,7,12:54:08.000,12:54:09.000,12:54:13.000,-164.7100,0.2717391304347826086956521700,0.0905797101449275362318840600,4
1,Baseline,103,2026-09-15,2026-09-22,PatternB,Call,23350.0000,7,12:54:13.000,12:54:13.000,12:55:44.000,-1070.5900,1.1157156518967166082244182300,0.4462862607586866432897672900,91
1,Baseline,104,2026-09-15,2026-09-22,PatternA,Put,23350.0000,7,12:55:44.000,12:55:44.000,12:59:24.000,4511.8300,0.7789095266626722588376273200,5.9316956261234272019173157600,220
1,Baseline,105,2026-09-15,2026-09-22,PatternB,Call,23350.0000,7,12:59:24.000,12:59:24.000,13:00:09.000,-514.8000,0.608519269776876267748478700,0.608519269776876267748478700,45
1,Baseline,106,2026-09-15,2026-09-22,PatternA,Put,23350.0000,7,13:00:09.000,13:00:09.000,13:03:00.000,773.7000,2.1526980482204362801377726800,1.1768082663605051664753157300,171
1,Baseline,107,2026-09-15,2026-09-22,PatternB,Call,23350.0000,7,13:03:00.000,13:03:00.000,13:03:11.000,-1975.3900,2.0281883808869027157098659300,0,11
1,Baseline,108,2026-09-15,2026-09-22,PatternA,Put,23350.0000,7,13:03:11.000,13:03:11.000,13:05:21.000,-3645.4200,3.4106793402292423818842605500,0.4752585965893206597707576200,130
1,Baseline,109,2026-09-15,2026-09-22,PatternB,Call,23350.0000,7,13:05:21.000,13:05:21.000,13:09:00.000,-1456.5900,1.7276422764227642276422764200,1.0501355013550135501355013600,219
1,Baseline,110,2026-09-15,2026-09-22,PatternA,Put,23350.0000,7,13:09:00.000,13:09:00.000,13:12:45.000,3403.1800,0.8445945945945945945945945900,5.4898648648648648648648648600,225
1,Baseline,111,2026-09-15,2026-09-22,PatternB,Call,23350.0000,7,13:12:45.000,13:12:45.000,13:16:34.000,-2947.5300,2.9664045746962115796997855600,1.8227305218012866333095067900,229
1,Baseline,112,2026-09-15,2026-09-22,PatternA,Put,23350.0000,7,13:16:34.000,13:16:34.000,13:19:14.000,-1732.3300,1.4725568942436412315930388200,3.1325301204819277108433734900,160
1,Baseline,113,2026-09-15,2026-09-22,PatternB,Call,23350.0000,7,13:19:13.000,13:19:13.000,13:22:21.000,-835.1500,1.7159547280029207740051113500,0.9857612267250821467688937600,188
1,Baseline,114,2026-09-15,2026-09-22,PatternA,Put,23350.0000,7,13:22:21.000,13:22:22.000,13:24:33.000,-693.6500,1.061571125265392781316348200,1.1411889596602972399150743100,131
1,Baseline,115,2026-09-15,2026-09-22,PatternB,Call,23300.0000,7,13:24:32.000,13:24:32.000,13:24:34.000,-325.4100,0.4337050805452292441140024800,0,2
1,Baseline,116,2026-09-15,2026-09-22,PatternA,Put,23300.0000,7,13:24:34.000,13:24:34.000,13:26:04.000,-66.4600,0.3361858190709046454767726200,0.8557457212713936430317848400,90
1,Baseline,117,2026-09-15,2026-09-22,PatternB,Call,23300.0000,7,13:26:03.000,13:26:03.000,13:27:49.000,1656.1600,0.3112356053532524120759414900,3.2368502956738250855897914700,106
1,Baseline,118,2026-09-15,2026-09-22,PatternA,Put,23350.0000,7,13:27:49.000,13:27:49.000,13:32:51.000,7102.6300,0.4580975478307733764483966600,8.730800323362974939369442200,302
1,Baseline,119,2026-09-15,2026-09-22,PatternB,Call,23300.0000,7,13:32:51.000,13:32:51.000,13:32:56.000,-549.8600,0.5510534846029173419773095600,0,5
1,Baseline,120,2026-09-15,2026-09-22,PatternA,Put,23300.0000,7,13:32:56.000,13:32:56.000,13:33:15.000,644.5400,0,0.9573542210617928633594429900,19
1,Baseline,121,2026-09-15,2026-09-22,PatternB,Call,23300.0000,7,13:33:15.000,13:33:15.000,13:38:00.000,1984.2500,0.163880694854146181579809900,4.1625696492953130121271714200,285
1,Baseline,122,2026-09-15,2026-09-22,PatternA,Put,23300.0000,7,13:38:00.000,13:38:00.000,13:41:37.000,4250.8600,0.3830288744843842074248674100,6.5998821449616971125515615800,217
1,Baseline,123,2026-09-15,2026-09-22,PatternB,Call,23300.0000,7,13:41:37.000,13:41:37.000,13:41:38.000,-580.8200,0.3654485049833887043189368800,0,1
1,Baseline,124,2026-09-15,2026-09-22,PatternA,Put,23300.0000,7,13:41:38.000,13:41:38.000,13:41:43.000,-1273.9600,1.0407876230661040787623066100,0,5
1,Baseline,125,2026-09-15,2026-09-22,PatternB,Call,23300.0000,7,13:41:43.000,13:41:43.000,13:43:47.000,815.7300,0.7631055076310550763105507600,1.5593895155938951559389515600,124
1,Baseline,126,2026-09-15,2026-09-22,PatternA,Put,23300.0000,7,13:43:47.000,13:43:47.000,13:43:59.000,-266.6000,0.1699235344095157179269328800,0.2548853016142735768903993200,12
1,Baseline,127,2026-09-15,2026-09-22,PatternB,Call,23300.0000,7,13:43:59.000,13:43:59.000,13:46:34.000,879.9200,0.4914809960681520314547837500,2.5884665792922673656618610700,155
1,Baseline,128,2026-09-15,2026-09-22,PatternA,Put,23300.0000,7,13:46:34.000,13:46:34.000,13:46:53.000,-1176.0100,0.8498583569405099150141643100,0.0283286118980169971671388100,19
1,Baseline,129,2026-09-15,2026-09-22,PatternB,Call,23300.0000,7,13:46:53.000,13:46:53.000,13:47:38.000,-1004.9000,0.9996775233795549822637858800,0.612705578845533698806836500,45
1,Baseline,130,2026-09-15,2026-09-22,PatternA,Put,23300.0000,7,13:47:38.000,13:47:38.000,13:47:42.000,-1273.8400,0.8734854888701042547196393400,0,4
1,Baseline,131,2026-09-15,2026-09-22,PatternB,Call,23300.0000,7,13:47:41.000,13:47:42.000,13:48:15.000,-485.2500,0.6125080593165699548678272100,0.1289490651192778852353320400,33
1,Baseline,132,2026-09-15,2026-09-22,PatternA,Put,23300.0000,7,13:48:15.000,13:48:15.000,13:49:54.000,-1923.1100,1.8397962071893574865553354100,0.4245683555052363430512312500,99
1,Baseline,133,2026-09-15,2026-09-22,PatternB,Call,23300.0000,7,13:49:54.000,13:49:54.000,13:53:52.000,845.8100,0.5108556832694763729246487900,2.2669220945083014048531289900,238
1,Baseline,134,2026-09-15,2026-09-22,PatternA,Put,23300.0000,7,13:53:52.000,13:53:52.000,13:54:38.000,-1011.3400,1.0239906377998829724985371600,0,46
1,Baseline,135,2026-09-15,2026-09-22,PatternB,Call,23300.0000,7,13:54:38.000,13:54:38.000,14:04:53.000,-1428.6600,1.7002518891687657430730478600,2.0151133501259445843828715400,615
1,Baseline,136,2026-09-15,2026-09-22,PatternA,Put,23300.0000,7,14:04:53.000,14:04:53.000,14:08:43.000,2594.4300,0.1179245283018867924528301900,4.127358490566037735849056600,230
1,Baseline,137,2026-09-15,2026-09-22,PatternB,Call,23300.0000,7,14:08:43.000,14:08:43.000,14:09:30.000,-1491.5900,2.1781534460338101430429128700,0,47
1,Baseline,138,2026-09-15,2026-09-22,PatternA,Put,23300.0000,7,14:09:30.000,14:09:30.000,14:11:22.000,5481.9200,0.1971830985915492957746478900,6.732394366197183098591549300,112
1,Baseline,139,2026-09-15,2026-09-22,PatternB,Call,23300.0000,7,14:11:22.000,14:11:22.000,14:11:26.000,-415.3300,0.9797060881735479356193142100,0,4
1,Baseline,140,2026-09-15,2026-09-22,PatternA,Put,23300.0000,7,14:11:26.000,14:11:26.000,14:13:05.000,703.2600,1.3851891315929675013319126300,2.5039957378795950985615343600,99
1,Baseline,141,2026-09-15,2026-09-22,PatternB,Call,23250.0000,7,14:13:05.000,14:13:05.000,14:13:20.000,-1042.4000,0.8363201911589008363201911600,0,15
1,Baseline,142,2026-09-15,2026-09-22,PatternA,Put,23250.0000,7,14:13:20.000,14:13:20.000,14:13:23.000,-586.8500,0.5140610825521620804354399800,0,3
1,Baseline,143,2026-09-15,2026-09-22,PatternB,Call,23250.0000,7,14:13:22.000,14:13:22.000,14:15:05.000,-4322.6000,4.0467625899280575539568345300,1.0791366906474820143884892100,103
1,Baseline,144,2026-09-15,2026-09-22,PatternA,Put,23250.0000,7,14:15:05.000,14:15:05.000,14:15:07.000,-556.9100,0.2331002331002331002331002300,0,2
1,Baseline,145,2026-09-15,2026-09-22,PatternB,Call,23250.0000,7,14:15:07.000,14:15:07.000,14:15:34.000,-4125.1800,4.2042977265649330426658361900,0.3114294612270320772345063800,27
1,Baseline,146,2026-09-15,2026-09-22,PatternA,Put,23250.0000,7,14:15:34.000,14:15:34.000,14:15:50.000,998.9700,0.0557568999163646501254530200,2.0630052969054920546417619200,16
1,Baseline,147,2026-09-15,2026-09-22,PatternB,Call,23250.0000,7,14:15:50.000,14:15:50.000,14:16:30.000,132.6400,1.1749347258485639686684073100,1.8276762402088772845953002600,40
1,Baseline,148,2026-09-15,2026-09-22,PatternA,Put,23250.0000,7,14:16:30.000,14:16:30.000,14:16:32.000,-1048.3700,0.549148819330038440417353100,0,2
1,Baseline,149,2026-09-15,2026-09-22,PatternB,Call,23250.0000,7,14:16:32.000,14:16:32.000,14:16:43.000,-452.7500,0.677200902934537246049661400,0.2902289584005159625927120300,11
1,Baseline,150,2026-09-15,2026-09-22,PatternA,Put,23250.0000,7,14:16:43.000,14:16:43.000,14:17:02.000,478.4200,0.2479338842975206611570247900,0.7713498622589531680440771300,19
1,Baseline,151,2026-09-15,2026-09-22,PatternB,Call,23250.0000,7,14:17:02.000,14:17:02.000,14:17:18.000,-322.8500,0.6447453255963894261766602200,0.1289490651192778852353320400,16
1,Baseline,152,2026-09-15,2026-09-22,PatternA,Put,23250.0000,7,14:17:18.000,14:17:18.000,14:17:31.000,-398.9400,0.2739726027397260273972602700,0.602739726027397260273972600,13
1,Baseline,153,2026-09-15,2026-09-22,PatternB,Call,23250.0000,7,14:17:31.000,14:17:31.000,14:18:03.000,424.4500,0.3884752347037876335383619300,1.9747491097442538038200064700,32
1,Baseline,154,2026-09-15,2026-09-22,PatternA,Put,23250.0000,7,14:18:03.000,14:18:03.000,14:19:00.000,315.9000,1.4851485148514851485148514900,1.2101210121012101210121012100,57
1,Baseline,155,2026-09-15,2026-09-22,PatternB,Call,23250.0000,7,14:19:00.000,14:19:00.000,14:19:01.000,-355.1600,1.4221073044602456367162249500,0,1
1,Baseline,156,2026-09-15,2026-09-22,PatternA,Put,23250.0000,7,14:19:01.000,14:19:01.000,14:19:40.000,1809.5200,0.492072170585019136139967200,2.10497539639147074904319300,39
1,Baseline,157,2026-09-15,2026-09-22,PatternB,Call,23250.0000,7,14:19:40.000,14:19:41.000,14:20:35.000,2796.6200,0.8905013192612137203166226900,3.4300791556728232189973614800,54
1,Baseline,158,2026-09-15,2026-09-22,PatternA,Put,23250.0000,7,14:20:35.000,14:20:35.000,14:22:18.000,-1405.6200,1.5380390002746498214776160400,1.6204339467179346333424883300,103
1,Baseline,159,2026-09-15,2026-09-22,PatternB,Call,23250.0000,7,14:22:18.000,14:22:18.000,14:23:08.000,260.9100,0.0317965023847376788553259100,1.11287758346581875993640700,50
1,Baseline,160,2026-09-15,2026-09-22,PatternA,Put,23250.0000,7,14:23:08.000,14:23:08.000,14:26:25.000,2038.2400,0.3620161514898357003620161500,2.979671400724032302979671400,197
1,Baseline,161,2026-09-15,2026-09-22,PatternB,Call,23250.0000,7,14:26:24.000,14:26:24.000,14:28:39.000,-1654.2500,1.5862738750404661702816445500,0.7769504694075752670767238600,135
1,Baseline,162,2026-09-15,2026-09-22,PatternA,Put,23250.0000,7,14:28:39.000,14:28:39.000,14:29:30.000,-2154.7500,1.7895299145299145299145299100,1.0416666666666666666666666700,51
1,Baseline,163,2026-09-15,2026-09-22,PatternB,Call,23250.0000,7,14:29:30.000,14:29:30.000,14:30:52.000,-1946.3400,1.8843404808317089018843404800,0.1299545159194282001299545200,82
1,Baseline,164,2026-09-15,2026-09-22,PatternA,Put,23250.0000,7,14:30:52.000,14:30:52.000,14:31:16.000,-1636.0900,1.2651555086979441222983658400,0,24
1,Baseline,165,2026-09-15,2026-09-22,PatternB,Call,23250.0000,7,14:31:15.000,14:31:16.000,14:32:49.000,-516.5100,1.0848126232741617357001972400,1.0848126232741617357001972400,93
1,Baseline,166,2026-09-15,2026-09-22,PatternA,Put,23250.0000,7,14:32:49.000,14:32:49.000,14:34:24.000,-1732.7200,2.0777836973894512519978689400,0,95
1,Baseline,167,2026-09-15,2026-09-22,PatternB,Call,23250.0000,7,14:34:24.000,14:34:24.000,14:34:47.000,-516.8700,0.6535947712418300653594771200,0.3267973856209150326797385600,23
1,Baseline,168,2026-09-15,2026-09-22,PatternA,Put,23250.0000,7,14:34:47.000,14:34:47.000,14:37:19.000,-108.1200,0.9398496240601503759398496200,0.9398496240601503759398496200,152
1,Baseline,169,2026-09-15,2026-09-22,PatternB,Call,23250.0000,7,14:37:19.000,14:37:19.000,14:39:44.000,1919.1700,0.1962708537782139352306182500,3.3693163231926725547922800100,145
1,Baseline,170,2026-09-15,2026-09-22,PatternA,Put,23250.0000,7,14:39:43.000,14:39:44.000,14:39:50.000,737.6300,0,0.9833378858235454793772193400,6
1,Baseline,171,2026-09-15,2026-09-22,PatternB,Call,23250.0000,7,14:39:50.000,14:39:51.000,14:42:08.000,716.3400,1.1254019292604501607717041800,1.3504823151125401929260450200,137
1,Baseline,172,2026-09-15,2026-09-22,PatternA,Put,23250.0000,7,14:42:08.000,14:42:08.000,14:42:34.000,-1146.0300,0.9033670955379140432521215400,0.0273747604708458800985491400,26
1,Baseline,173,2026-09-15,2026-09-22,PatternB,Call,23250.0000,7,14:42:34.000,14:42:34.000,14:42:51.000,-616.3400,0.7911392405063291139240506300,0.7911392405063291139240506300,17
1,Baseline,174,2026-09-15,2026-09-22,PatternA,Put,23250.0000,7,14:42:51.000,14:42:51.000,14:43:32.000,1322.6500,0.2745744096650192202086765500,1.7023613399231191652937946200,41
1,Baseline,175,2026-09-15,2026-09-22,PatternB,Call,23250.0000,7,14:43:32.000,14:43:33.000,14:44:27.000,-680.1400,0.6767644215275539800193361300,0.6445375443119561714469867900,54
1,Baseline,176,2026-09-15,2026-09-22,PatternA,Put,23250.0000,7,14:44:27.000,14:44:27.000,14:44:37.000,-724.9500,0.6738544474393530997304582200,0,10
1,Baseline,177,2026-09-15,2026-09-22,PatternB,Call,23250.0000,7,14:44:37.000,14:44:37.000,14:46:39.000,-4058.0900,3.992273019961365099806825500,0.0321957501609787508048937500,122
1,Baseline,178,2026-09-15,2026-09-22,PatternA,Put,23250.0000,7,14:46:39.000,14:46:39.000,14:47:02.000,3819.3200,0.1817237798546209761163032200,3.1671858774662512980269989600,23
1,Baseline,179,2026-09-15,2026-09-22,PatternB,Call,23250.0000,7,14:47:02.000,14:47:02.000,14:47:09.000,-2559.3800,3.197775460549183176920403200,0,7
1,Baseline,180,2026-09-15,2026-09-22,PatternA,Put,23200.0000,7,14:47:09.000,14:47:09.000,14:50:15.000,5579.0700,1.7396184062850729517396184100,10.157126823793490460157126820,186
1,Baseline,181,2026-09-15,2026-09-22,PatternB,Call,23200.0000,7,14:50:15.000,14:50:15.000,14:51:24.000,5425.4300,0,6.9262687519948930737312480100,69
1,Baseline,182,2026-09-15,2026-09-22,PatternA,Put,23200.0000,7,14:51:24.000,14:51:24.000,14:51:34.000,-1891.2400,1.9085040696042660679202918900,0,10
1,Baseline,183,2026-09-15,2026-09-22,PatternB,Call,23200.0000,7,14:51:34.000,14:51:34.000,14:54:13.000,-2568.6600,2.8194361127774445110977804400,1.0197960407918416316736652700,159
1,Baseline,184,2026-09-15,2026-09-22,PatternA,Put,23200.0000,7,14:54:13.000,14:54:13.000,14:54:35.000,23.2200,0.602079912424740010946907500,0.602079912424740010946907500,22
1,Baseline,185,2026-09-15,2026-09-22,PatternB,Call,23200.0000,7,14:54:35.000,14:54:36.000,14:54:43.000,-1105.6500,1.1029411764705882352941176500,0.1531862745098039215686274500,7
1,Baseline,186,2026-09-15,2026-09-22,PatternA,Put,23200.0000,7,14:54:42.000,14:54:43.000,14:55:08.000,-4005.0400,3.4940411700975081256771397600,0.5687973997833152762730227500,25
1,Baseline,187,2026-09-15,2026-09-22,PatternB,Call,23200.0000,7,14:55:08.000,14:55:08.000,14:55:23.000,-683.9600,0.7596475235490732300212701300,0.2430872075357034336068064400,15
1,Baseline,188,2026-09-15,2026-09-22,PatternA,Put,23200.0000,7,14:55:23.000,14:55:23.000,14:59:19.000,1842.8100,0.6357103372028745163073521300,2.3493642896627971254836926500,236
1,Baseline,189,2026-09-15,2026-09-22,PatternB,Call,23200.0000,7,14:59:19.000,14:59:19.000,15:01:29.000,1460.6100,0,2.7726432532347504621072088700,130
1,Baseline,0,2026-09-16,2026-09-29,PatternA,Put,23250.0000,13,09:15:20.000,09:15:20.000,09:15:23.000,109.2400,0.5455407969639468690702087300,0,3
1,Baseline,1,2026-09-16,2026-09-29,PatternB,Call,23250.0000,13,09:15:23.000,09:15:23.000,09:15:35.000,-96.5000,1.7259524310671437592085876700,1.0313618185645127341612292100,12
1,Baseline,2,2026-09-16,2026-09-29,PatternA,Put,23300.0000,13,09:15:35.000,09:15:35.000,09:15:39.000,-2819.7800,1.5319715808170515097690941400,0.5772646536412078152753108300,4
1,Baseline,3,2026-09-16,2026-09-29,PatternB,Call,23300.0000,13,09:15:39.000,09:15:39.000,09:15:49.000,-282.2200,0.4651162790697674418604651200,0.8372093023255813953488372100,10
1,Baseline,4,2026-09-16,2026-09-29,PatternA,Put,23300.0000,13,09:15:49.000,09:15:49.000,09:16:00.000,-1195.5900,2.1361815754339118825100133500,0.1557632398753894080996884700,11
1,Baseline,5,2026-09-16,2026-09-29,PatternB,Call,23300.0000,13,09:16:00.000,09:16:00.000,09:16:03.000,-574.6600,1.3237343241987923827217835600,0.2090106827682303762192289800,3
1,Baseline,6,2026-09-16,2026-09-29,PatternA,Put,23300.0000,13,09:16:03.000,09:16:03.000,09:16:08.000,-1877.9100,1.353750554815801154016866400,0,5
1,Baseline,7,2026-09-16,2026-09-29,PatternB,Call,23300.0000,13,09:16:08.000,09:16:08.000,09:16:36.000,-184.5600,0.8393564933550944276055024500,0.5595709955700629517370016300,28
1,Baseline,8,2026-09-16,2026-09-29,PatternA,Put,23300.0000,13,09:16:36.000,09:16:37.000,09:17:21.000,-10678.8700,8.327721661054994388327721660,0,44
1,Baseline,9,2026-09-16,2026-09-29,PatternB,Call,23300.0000,13,09:17:21.000,09:17:21.000,09:18:14.000,98.3100,0.9045014724442574673958771600,1.3883045856121161127471602900,53
1,Baseline,10,2026-09-16,2026-09-29,PatternA,Put,23350.0000,13,09:18:14.000,09:18:14.000,09:19:04.000,7053.6000,0.2872293415819708351745470600,5.7445868316394167034909412300,50
1,Baseline,11,2026-09-16,2026-09-29,PatternB,Call,23300.0000,13,09:19:04.000,09:19:04.000,09:19:28.000,-1586.9100,0.9407131918617370378472981800,0.7438197330999781229490264700,24
1,Baseline,12,2026-09-16,2026-09-29,PatternA,Put,23300.0000,13,09:19:28.000,09:19:28.000,09:21:36.000,-1940.2700,2.9237094563727729556875285500,1.4846962083142987665600730900,128
1,Baseline,13,2026-09-16,2026-09-29,PatternB,Call,23300.0000,13,09:21:36.000,09:21:36.000,09:21:57.000,-1651.7300,1.1831726555652936021034180500,0.0876424189307624890446976300,21
1,Baseline,14,2026-09-16,2026-09-29,PatternA,Put,23300.0000,13,09:21:57.000,09:21:57.000,09:22:44.000,-1485.1300,1.3082396144135873307321551500,1.9049804911636447096626118900,47
1,Baseline,15,2026-09-16,2026-09-29,PatternB,Call,23300.0000,13,09:22:44.000,09:22:45.000,09:23:10.000,167.6000,0,1.1671438009249064082801145100,25
1,Baseline,16,2026-09-16,2026-09-29,PatternA,Put,23300.0000,13,09:23:09.000,09:23:09.000,09:27:09.000,6635.7900,0,7.2423398328690807799442896900,240
1,Baseline,17,2026-09-16,2026-09-29,PatternB,Call,23300.0000,13,09:27:09.000,09:27:09.000,09:28:07.000,-4668.9100,4.2548350398179749715585893100,0,58
1,Baseline,18,2026-09-16,2026-09-29,PatternA,Put,23300.0000,13,09:28:07.000,09:28:07.000,09:34:21.000,4907.4600,0.2581755593803786574870912200,9.746127366609294320137693630,374
1,Baseline,19,2026-09-16,2026-09-29,PatternB,Call,23250.0000,13,09:34:21.000,09:34:21.000,09:35:19.000,-4351.6300,1.2381951731374606505771248700,1.8887722980062959076600209900,58
1,Baseline,20,2026-09-16,2026-09-29,PatternA,Put,23250.0000,13,09:35:19.000,09:35:19.000,09:36:29.000,4262.0900,0,3.2657657657657657657657657700,70
1,Baseline,21,2026-09-16,2026-09-29,PatternB,Call,23250.0000,13,09:36:29.000,09:36:29.000,09:37:10.000,-2041.7900,1.1574579602533304214894081700,1.5723957195894300065516488300,41
1,Baseline,22,2026-09-16,2026-09-29,PatternA,Put,23250.0000,13,09:37:10.000,09:37:10.000,09:39:07.000,3934.0200,1.8691588785046728971962616800,3.9121930015214083894805477100,117
1,Baseline,23,2026-09-16,2026-09-29,PatternB,Call,23250.0000,13,09:39:07.000,09:39:08.000,09:39:13.000,365.1200,0,0.3854001360235774200861482700,5
1,Baseline,24,2026-09-16,2026-09-29,PatternA,Put,23250.0000,13,09:39:13.000,09:39:13.000,09:41:04.000,2827.5400,1.274426508071367884451996600,2.7824978759558198810535259100,111
1,Baseline,25,2026-09-16,2026-09-29,PatternB,Call,23200.0000,13,09:41:04.000,09:41:04.000,09:41:54.000,-3218.4100,2.8131957093705727585509006300,0,50
1,Baseline,26,2026-09-16,2026-09-29,PatternA,Put,23200.0000,13,09:41:54.000,09:41:54.000,09:41:57.000,-1032.1400,0.5402971634398919405673120200,0,3
1,Baseline,27,2026-09-16,2026-09-29,PatternB,Call,23200.0000,13,09:41:57.000,09:41:57.000,09:42:07.000,-1495.6700,0.9433962264150943396226415100,0.0820344544708777686628383900,10
1,Baseline,28,2026-09-16,2026-09-29,PatternA,Put,23200.0000,13,09:42:07.000,09:42:07.000,09:42:31.000,1078.9400,0,1.4166854058916123229143242600,24
1,Baseline,29,2026-09-16,2026-09-29,PatternB,Call,23200.0000,13,09:42:31.000,09:42:31.000,09:43:14.000,259.8400,0.3543881592662080466958515700,0.8963935793204085887012716300,43
1,Baseline,30,2026-09-16,2026-09-29,PatternA,Put,23200.0000,13,09:43:14.000,09:43:14.000,09:44:05.000,-2104.4200,1.4336917562724014336917562700,0.7840501792114695340501792100,51
1,Baseline,31,2026-09-16,2026-09-29,PatternB,Call,23200.0000,13,09:44:05.000,09:44:05.000,09:44:22.000,-3315.3200,2.7060020345879959308240081400,0,17
1,Baseline,32,2026-09-16,2026-09-29,PatternA,Put,23200.0000,13,09:44:22.000,09:44:22.000,09:45:19.000,4098.9800,0.2905027932960893854748603400,4.1117318435754189944134078200,57
1,Baseline,33,2026-09-16,2026-09-29,PatternB,Call,23200.0000,13,09:45:19.000,09:45:19.000,09:45:51.000,2209.8600,0.2744932432432432432432432400,2.0692567567567567567567567600,32
1,Baseline,34,2026-09-16,2026-09-29,PatternA,Put,23200.0000,13,09:45:51.000,09:45:51.000,09:45:56.000,-416.4900,0.7310589277802392556490917100,0.0221533008418254319893664200,5
1,Baseline,35,2026-09-16,2026-09-29,PatternB,Call,23200.0000,13,09:45:56.000,09:45:56.000,09:46:17.000,-2177.2800,1.3599835153513290747990933400,0,21
1,Baseline,36,2026-09-16,2026-09-29,PatternA,Put,23200.0000,13,09:46:17.000,09:46:17.000,09:48:07.000,1337.2100,3.0503978779840848806366047700,2.254641909814323607427055700,110
1,Baseline,37,2026-09-16,2026-09-29,PatternB,Call,23200.0000,13,09:48:07.000,09:48:07.000,09:50:40.000,13479.4800,0,8.854929872304793803642453420,153
1,Baseline,38,2026-09-16,2026-09-29,PatternA,Put,23250.0000,13,09:50:40.000,09:50:40.000,09:52:20.000,-1617.8500,1.6462736373748609566184649600,5.6507230255839822024471635200,100
1,Baseline,39,2026-09-16,2026-09-29,PatternB,Call,23250.0000,13,09:52:20.000,09:52:20.000,09:53:22.000,-1297.7000,1.5876375952582557154953429300,2.8154106689246401354784081300,62
1,Baseline,40,2026-09-16,2026-09-29,PatternA,Put,23250.0000,13,09:53:22.000,09:53:22.000,09:53:27.000,-838.1100,0.8028545941123996431757359500,0,5
1,Baseline,41,2026-09-16,2026-09-29,PatternB,Call,23250.0000,13,09:53:27.000,09:53:27.000,09:55:10.000,12571.4500,0.1274426508071367884451996600,8.538657604078164825828377230,103
1,Baseline,42,2026-09-16,2026-09-29,PatternA,Put,23300.0000,13,09:55:09.000,09:55:10.000,09:55:16.000,-546.1200,0.6666666666666666666666666700,0.1333333333333333333333333300,6
1,Baseline,43,2026-09-16,2026-09-29,PatternB,Call,23300.0000,13,09:55:16.000,09:55:16.000,09:55:27.000,-904.7400,1.0074463425317564607971966700,0.744634253175646079719667100,11
1,Baseline,44,2026-09-16,2026-09-29,PatternA,Put,23300.0000,13,09:55:27.000,09:55:27.000,09:56:06.000,-4606.9400,3.126376045794804051078819900,1.8714222809335094671950682500,39
1,Baseline,45,2026-09-16,2026-09-29,PatternB,Call,23300.0000,13,09:56:06.000,09:56:06.000,09:56:09.000,-1394.4500,0.6183368869936034115138592800,0,3
1,Baseline,46,2026-09-16,2026-09-29,PatternA,Put,23300.0000,13,09:56:09.000,09:56:09.000,09:56:12.000,-1226.7100,0.6098938332956855658459453400,0,3
1,Baseline,47,2026-09-16,2026-09-29,PatternB,Call,23300.0000,13,09:56:12.000,09:56:12.000,09:56:31.000,-3862.8900,3.0496907656216677329921091900,0.38387715930902111324376200,19
1,Baseline,48,2026-09-16,2026-09-29,PatternA,Put,23300.0000,13,09:56:31.000,09:56:31.000,09:56:56.000,200.3800,0,0.9500662836942112240388864300,25
1,Baseline,49,2026-09-16,2026-09-29,PatternB,Call,23300.0000,13,09:56:56.000,09:56:56.000,09:58:18.000,-3210.7400,2.0162174008327854481700635500,2.1257944334867411790488713600,82
1,Baseline,50,2026-09-16,2026-09-29,PatternA,Put,23300.0000,13,09:58:18.000,09:58:18.000,09:58:56.000,35.2800,0,1.3736853402017600343421335100,38
1,Baseline,51,2026-09-16,2026-09-29,PatternB,Call,23300.0000,13,09:58:56.000,09:58:56.000,10:00:49.000,1728.2300,0.7395786642761093679964141600,3.9668310174809502465262214300,113
1,Baseline,52,2026-09-16,2026-09-29,PatternA,Put,23300.0000,13,10:00:49.000,10:00:49.000,10:01:03.000,-2821.8900,1.8446180555555555555555555600,0,14
1,Baseline,53,2026-09-16,2026-09-29,PatternB,Call,23300.0000,13,10:01:03.000,10:01:03.000,10:01:40.000,-3276.6100,2.0182291666666666666666666700,0.2604166666666666666666666700,37
1,Baseline,54,2026-09-16,2026-09-29,PatternA,Put,23300.0000,13,10:01:40.000,10:01:40.000,10:07:08.000,13092.9300,0,10.759904741285992639099372160,328
1,Baseline,55,2026-09-16,2026-09-29,PatternB,Call,23250.0000,13,10:07:08.000,10:07:08.000,10:07:51.000,456.5400,0.1487146802634374336095177400,1.1047376248141066496707032100,43
1,Baseline,56,2026-09-16,2026-09-29,PatternA,Put,23250.0000,13,10:07:51.000,10:07:51.000,10:15:58.000,-2105.9000,4.6286092131364337668062596400,2.1600176327970024245095878300,487
1,Baseline,57,2026-09-16,2026-09-29,PatternB,Call,23250.0000,13,10:15:58.000,10:15:58.000,10:23:19.000,3996.1000,0.8222643896268184693232131600,5.0179211469534050179211469500,441
1,Baseline,58,2026-09-16,2026-09-29,PatternA,Put,23250.0000,13,10:23:19.000,10:23:20.000,10:27:32.000,-2393.4600,3.9042528468510341622124099500,0.1626772019521264234255170800,252
1,Baseline,59,2026-09-16,2026-09-29,PatternB,Call,23300.0000,13,10:27:32.000,10:27:33.000,10:33:13.000,1892.1300,1.2989972652689152233363719200,3.3044667274384685505925250700,340
1,Baseline,60,2026-09-16,2026-09-29,PatternA,Put,23300.0000,13,10:33:12.000,10:33:13.000,10:36:41.000,-3016.7700,3.3420138888888888888888888900,0.8246527777777777777777777800,208
1,Baseline,61,2026-09-16,2026-09-29,PatternB,Call,23300.0000,13,10:36:41.000,10:36:41.000,10:37:02.000,-2041.4900,0.8983347940403155127081507400,0,21
1,Baseline,62,2026-09-16,2026-09-29,PatternA,Put,23300.0000,13,10:37:01.000,10:37:02.000,10:40:04.000,-1132.2200,0.787401574803149606299212600,2.362204724409448818897637800,182
1,Baseline,63,2026-09-16,2026-09-29,PatternB,Call,23300.0000,13,10:40:04.000,10:40:04.000,10:41:24.000,460.0600,0.1102779003087781208645787400,1.4556682840758711954124393500,80
1,Baseline,64,2026-09-16,2026-09-29,PatternA,Put,23300.0000,13,10:41:24.000,10:41:24.000,10:42:24.000,70.7300,0.5317970307999113671615333500,0.5982716596499002880567250200,60
1,Baseline,65,2026-09-16,2026-09-29,PatternB,Call,23300.0000,13,10:42:24.000,10:42:24.000,10:43:55.000,1369.0600,1.0098792535675082327113062600,2.634467618002195389681668500,91
1,Baseline,66,2026-09-16,2026-09-29,PatternA,Put,23300.0000,13,10:43:55.000,10:43:55.000,10:48:31.000,-3208.9700,3.4405719392314566577301161800,0.3351206434316353887399463800,276
1,Baseline,67,2026-09-16,2026-09-29,PatternB,Call,23300.0000,13,10:48:31.000,10:48:31.000,10:49:09.000,1431.6200,0,1.6477637491975176546115985400,38
1,Baseline,68,2026-09-16,2026-09-29,PatternA,Put,23300.0000,13,10:49:09.000,10:49:09.000,10:52:55.000,-802.3800,2.7520814061054579093432007400,3.2146160962072155411655874200,226
1,Baseline,69,2026-09-16,2026-09-29,PatternB,Call,23300.0000,13,10:52:55.000,10:52:55.000,10:53:05.000,-356.2800,0.6950294860994102780117944400,0,10
1,Baseline,70,2026-09-16,2026-09-29,PatternA,Put,23300.0000,13,10:53:05.000,10:53:05.000,11:00:20.000,5304.1600,0.9057129586623316302833255900,6.9205759405480724570366929900,435
1,Baseline,71,2026-09-16,2026-09-29,PatternB,Call,23300.0000,13,11:00:20.000,11:00:21.000,11:00:56.000,1726.4800,0.153913808267370272647317500,1.5831134564643799472295514500,35
1,Baseline,72,2026-09-16,2026-09-29,PatternA,Put,23300.0000,13,11:00:56.000,11:00:56.000,11:08:45.000,-219.5200,5.2142371344366356835184765400,1.8589888914078440262978916300,469
1,Baseline,73,2026-09-16,2026-09-29,PatternB,Call,23300.0000,13,11:08:45.000,11:08:45.000,11:09:13.000,-1132.4200,0.4364906154517677869925796600,0.130947184635530336097773900,28
1,Baseline,74,2026-09-16,2026-09-29,PatternA,Put,23300.0000,13,11:09:13.000,11:09:13.000,11:12:13.000,-2785.7600,2.2131887985546522131887985500,0.5871725383920505871725383900,180
1,Baseline,75,2026-09-16,2026-09-29,PatternB,Call,23300.0000,13,11:12:13.000,11:12:13.000,11:14:33.000,-3439.6000,2.3722234203148587448781539800,0,140
1,Baseline,76,2026-09-16,2026-09-29,PatternA,Put,23300.0000,13,11:14:33.000,11:14:33.000,11:16:39.000,-4832.5300,3.4792368125701459034792368100,1.0101010101010101010101010100,126
1,Baseline,77,2026-09-16,2026-09-29,PatternB,Call,23300.0000,13,11:16:38.000,11:16:38.000,11:17:31.000,-2043.8400,1.2820512820512820512820512800,0.0641025641025641025641025600,53
1,Baseline,78,2026-09-16,2026-09-29,PatternA,Put,23300.0000,13,11:17:31.000,11:17:31.000,11:24:05.000,2379.5500,0.5711674663011194882339501900,6.9910897875257025359835503800,394
1,Baseline,79,2026-09-16,2026-09-29,PatternB,Call,23300.0000,13,11:24:05.000,11:24:05.000,11:26:40.000,-7919.4400,5.2422030524220305242203052400,0.4202610042026100420261004200,155
1,Baseline,80,2026-09-16,2026-09-29,PatternA,Put,23300.0000,13,11:26:40.000,11:26:40.000,11:32:11.000,-1167.6000,1.8451749734888653234358430500,2.4390243902439024390243902400,331
1,Baseline,81,2026-09-16,2026-09-29,PatternB,Call,23300.0000,13,11:32:10.000,11:32:10.000,11:33:59.000,-217.2800,0.3255056963496861195070913700,1.3950244129272262264589630300,109
1,Baseline,82,2026-09-16,2026-09-29,PatternA,Put,23300.0000,13,11:33:59.000,11:33:59.000,11:34:09.000,-874.6000,0.1068147831659901730399487300,0,10
1,Baseline,83,2026-09-16,2026-09-29,PatternB,Call,23300.0000,13,11:34:09.000,11:34:09.000,11:45:43.000,-2621.2300,2.9146426092990978487161693300,2.3594725884802220680083275500,694
1,Baseline,84,2026-09-16,2026-09-29,PatternA,Put,23300.0000,13,11:45:43.000,11:45:43.000,11:50:23.000,-3343.7800,1.7595929616281534873860504600,0.9115963536145855416578333700,280
1,Baseline,85,2026-09-16,2026-09-29,PatternB,Call,23300.0000,13,11:50:22.000,11:50:23.000,11:51:25.000,497.0500,0.2782931354359925788497217100,1.3218923933209647495361781100,62
1,Baseline,86,2026-09-16,2026-09-29,PatternA,Put,23300.0000,13,11:51:25.000,11:51:25.000,11:57:40.000,7246.7700,0.2603036876355748373101952300,6.0086767895878524945770065100,375
1,Baseline,87,2026-09-16,2026-09-29,PatternB,Call,23250.0000,13,11:57:40.000,11:57:41.000,12:03:30.000,-4381.9300,3.0055817947617003005581794800,0.6869901245169600686990124500,349
1,Baseline,88,2026-09-16,2026-09-29,PatternA,Put,23250.0000,13,12:03:29.000,12:03:29.000,12:03:40.000,-1553.0300,0.3109729009329187027987561100,0,11
1,Baseline,89,2026-09-16,2026-09-29,PatternB,Call,23250.0000,13,12:03:39.000,12:03:40.000,12:20:02.000,9911.2200,0.2854006586169045005488474200,8.320526893523600439077936330,982
1,Baseline,90,2026-09-16,2026-09-29,PatternA,Put,23300.0000,13,12:20:02.000,12:20:03.000,12:22:37.000,-515.2300,0.78636959370904325032765400,2.0096111839231105286151157700,154
1,Baseline,91,2026-09-16,2026-09-29,PatternB,Call,23300.0000,13,12:22:37.000,12:22:37.000,12:27:14.000,-2295.8800,1.582867783985102420856610800,1.0009310986964618249534450700,277
1,Baseline,92,2026-09-16,2026-09-29,PatternA,Put,23300.0000,13,12:27:13.000,12:27:14.000,12:44:25.000,-11851.6100,8.754863813229571984435797670,0.9079118028534370946822308700,1031
1,Baseline,93,2026-09-16,2026-09-29,PatternB,Call,23300.0000,13,12:44:25.000,12:44:25.000,12:45:57.000,-2105.9600,1.0572687224669603524229074900,0.3083700440528634361233480200,92
1,Baseline,94,2026-09-16,2026-09-29,PatternA,Put,23300.0000,13,12:45:57.000,12:45:58.000,12:47:46.000,-1549.5400,1.1778290993071593533487297900,0.8314087759815242494226327900,108
1,Baseline,95,2026-09-16,2026-09-29,PatternB,Call,23300.0000,13,12:47:46.000,12:47:46.000,12:59:26.000,-3047.5900,2.9164825452938577110030932400,0.5081749889527176314626601900,700
1,Baseline,96,2026-09-16,2026-09-29,PatternA,Put,23300.0000,13,12:59:26.000,12:59:26.000,13:00:18.000,723.6300,0,1.3333333333333333333333333300,52
1,Baseline,97,2026-09-16,2026-09-29,PatternB,Call,23300.0000,13,13:00:17.000,13:00:18.000,13:02:56.000,495.1000,0.1814882032667876588021778600,2.2686025408348457350272232300,158
1,Baseline,98,2026-09-16,2026-09-29,PatternA,Put,23300.0000,13,13:02:56.000,13:02:56.000,13:08:07.000,-8631.0900,6.0073092736409319323892188200,0.9593421653723161260849703100,311
1,Baseline,99,2026-09-16,2026-09-29,PatternB,Call,23300.0000,13,13:08:07.000,13:08:07.000,13:11:38.000,2991.0400,0.687580575848732273313278900,7.1766222604211431027073485200,211
1,Baseline,100,2026-09-16,2026-09-29,PatternA,Put,23350.0000,13,13:11:38.000,13:11:38.000,13:12:55.000,3515.3200,0.0451773209848655974700700200,3.0720578269708606279647616900,77
1,Baseline,101,2026-09-16,2026-09-29,PatternB,Call,23300.0000,13,13:12:55.000,13:12:55.000,13:15:13.000,-4511.1600,3.1141868512110726643598615900,0.129757785467128027681660900,138
1,Baseline,102,2026-09-16,2026-09-29,PatternA,Put,23300.0000,13,13:15:13.000,13:15:13.000,13:16:22.000,-1545.2700,0.9466019417475728155339805800,0.1213592233009708737864077700,69
1,Baseline,103,2026-09-16,2026-09-29,PatternB,Call,23300.0000,13,13:16:22.000,13:16:22.000,13:22:12.000,492.3300,1.1443661971830985915492957700,3.8732394366197183098591549300,350
1,Baseline,104,2026-09-16,2026-09-29,PatternA,Put,23300.0000,13,13:22:11.000,13:22:12.000,13:25:18.000,3814.7100,0.0980632507967639127237067900,3.9960774699681294434910517300,186
1,Baseline,105,2026-09-16,2026-09-29,PatternB,Call,23300.0000,13,13:25:18.000,13:25:18.000,13:25:23.000,-1031.6700,0.7694048427245983254129893600,0,5
1,Baseline,106,2026-09-16,2026-09-29,PatternA,Put,23300.0000,13,13:25:23.000,13:25:23.000,13:29:37.000,10112.8400,0.0473596968979398531849396200,7.956429078853895335069855550,254
1,Baseline,107,2026-09-16,2026-09-29,PatternB,Call,23300.0000,13,13:29:37.000,13:29:38.000,13:32:08.000,1344.6700,2.3574693288429155641087322600,1.5155159971133028626413278800,150
1,Baseline,108,2026-09-16,2026-09-29,PatternA,Put,23300.0000,13,13:32:08.000,13:32:08.000,13:32:54.000,-675.6500,0.5355947333184557018522651200,0.0669493416648069627315331400,46
1,Baseline,109,2026-09-16,2026-09-29,PatternB,Call,23300.0000,13,13:32:53.000,13:32:53.000,13:38:49.000,-3008.8500,5.0023707918444760550023707900,0.640113798008534850640113800,356
1,Baseline,110,2026-09-16,2026-09-29,PatternA,Put,23250.0000,13,13:38:49.000,13:38:49.000,13:39:40.000,2124.1000,0.384522951213650564768084600,2.0908435472242249459264599900,51
1,Baseline,111,2026-09-16,2026-09-29,PatternB,Call,23250.0000,13,13:39:40.000,13:39:40.000,13:43:16.000,-1815.5500,2.373759171342252913249892100,0.1294777729823047043590850200,216
1,Baseline,112,2026-09-16,2026-09-29,PatternA,Put,23250.0000,13,13:43:16.000,13:43:16.000,13:48:02.000,-3919.9500,3.0697674418604651162790697700,1.9534883720930232558139534900,286
1,Baseline,113,2026-09-16,2026-09-29,PatternB,Call,23250.0000,13,13:48:02.000,13:48:03.000,13:49:34.000,-1652.5200,1.6293721485987399522050836400,0.2172496198131653269606778200,91
1,Baseline,114,2026-09-16,2026-09-29,PatternA,Put,23250.0000,13,13:49:34.000,13:49:34.000,13:57:50.000,-2652.4900,2.8852920478536242083040112600,0.4691531785127844241144733800,496
1,Baseline,115,2026-09-16,2026-09-29,PatternB,Call,23250.0000,13,13:57:49.000,13:57:50.000,14:02:37.000,3381.3600,1.361867704280155642023346300,4.1936878512753999135322092500,287
1,Baseline,116,2026-09-16,2026-09-29,PatternA,Put,23300.0000,13,14:02:37.000,14:02:37.000,14:04:02.000,-1325.8600,2.4606517401906450897805364700,0,85
1,Baseline,117,2026-09-16,2026-09-29,PatternB,Call,23300.0000,13,14:04:02.000,14:04:03.000,14:06:24.000,-929.6400,1.0732172668733603625089434800,0.9301216312902456475077510100,141
1,Baseline,118,2026-09-16,2026-09-29,PatternA,Put,23300.0000,13,14:06:24.000,14:06:24.000,14:14:31.000,-91.6500,0.465425531914893617021276600,3.9228723404255319148936170200,487
1,Baseline,119,2026-09-16,2026-09-29,PatternB,Call,23300.0000,13,14:14:31.000,14:14:31.000,14:20:13.000,-2976.8400,2.8295213393067672718698420200,2.3343551049280829992926196700,342
1,Baseline,120,2026-09-16,2026-09-29,PatternA,Put,23300.0000,13,14:20:13.000,14:20:13.000,14:20:55.000,69.2200,0.7194244604316546762589928100,0.5232177894048397645519947700,42
1,Baseline,121,2026-09-16,2026-09-29,PatternB,Call,23300.0000,13,14:20:54.000,14:20:54.000,14:28:22.000,-1805.6400,1.5918958031837916063675832100,3.0149541726965750120598166900,448
1,Baseline,122,2026-09-16,2026-09-29,PatternA,Put,23250.0000,13,14:28:22.000,14:28:22.000,14:48:17.000,-2976.6500,3.213610586011342155009451800,1.5831758034026465028355387500,1195
1,Baseline,123,2026-09-16,2026-09-29,PatternB,Call,23300.0000,13,14:48:17.000,14:48:17.000,14:49:28.000,-1643.4000,2.0462205103514684641309581100,0.288878189696677900818488200,71
1,Baseline,124,2026-09-16,2026-09-29,PatternA,Put,23250.0000,13,14:49:28.000,14:49:29.000,14:51:52.000,-605.0500,2.3316678562931239590768498700,0,143
1,Baseline,125,2026-09-16,2026-09-29,PatternB,Call,23300.0000,13,14:51:52.000,14:51:52.000,14:54:56.000,-1480.5200,1.5980629539951573849878934600,0.1937046004842615012106537500,184
1,Baseline,126,2026-09-16,2026-09-29,PatternA,Put,23250.0000,13,14:54:56.000,14:54:57.000,15:05:36.000,1700.6800,5.8544678833846883147665323500,3.4368333728371652050248874100,639
1,Baseline,0,2026-09-17,2026-09-29,PatternB,Call,23250.0000,12,09:15:06.000,09:15:06.000,09:15:31.000,20864.7800,0,15.698511761881901104176668270,25
1,Baseline,1,2026-09-17,2026-09-29,PatternA,Put,23300.0000,12,09:15:31.000,09:15:31.000,09:16:30.000,7644.3200,0.6152389966871746332229058200,7.6904874585896829152863227600,59
1,Baseline,2,2026-09-17,2026-09-29,PatternB,Call,23250.0000,12,09:16:30.000,09:16:30.000,09:17:07.000,3744.5100,0.0230574129582660825455383900,5.2340327415264007378372146600,37
1,Baseline,3,2026-09-17,2026-09-29,PatternA,Put,23300.0000,12,09:17:07.000,09:17:07.000,09:17:13.000,-477.9900,1.0128913443830570902394106800,0.0920810313075506445672191500,6
1,Baseline,4,2026-09-17,2026-09-29,PatternB,Call,23300.0000,12,09:17:13.000,09:17:13.000,09:18:32.000,5929.0400,0,8.103975535168195718654434250,79
1,Baseline,5,2026-09-17,2026-09-29,PatternA,Put,23300.0000,12,09:18:32.000,09:18:32.000,09:18:35.000,-1123.9100,1.1530146528945472015373528700,0,3
1,Baseline,6,2026-09-17,2026-09-29,PatternB,Call,23300.0000,12,09:18:35.000,09:18:35.000,09:19:47.000,208.0000,0.2409058058299205010840761300,2.6258732835461334618164297800,72
1,Baseline,7,2026-09-17,2026-09-29,PatternA,Put,23300.0000,12,09:19:47.000,09:19:47.000,09:20:57.000,47.0200,2.8424405782896348934084783100,1.8377848566527811810830678800,70
1,Baseline,8,2026-09-17,2026-09-29,PatternB,Call,23300.0000,12,09:20:57.000,09:20:57.000,09:22:32.000,-2519.5000,1.9698443579766536964980544700,2.5535019455252918287937743200,95
1,Baseline,9,2026-09-17,2026-09-29,PatternA,Put,23300.0000,12,09:22:32.000,09:22:32.000,09:25:57.000,6118.3300,0.2381519409383186472969754700,5.215527506549178375803762800,205
1,Baseline,10,2026-09-17,2026-09-29,PatternB,Call,23250.0000,12,09:25:57.000,09:25:57.000,09:26:34.000,-706.1200,0.50205385668644454586946600,0.9356458238247375627567320900,37
1,Baseline,11,2026-09-17,2026-09-29,PatternA,Put,23300.0000,12,09:26:34.000,09:26:34.000,09:27:50.000,-3433.8300,3.009418791637950838502182400,0,76
1,Baseline,12,2026-09-17,2026-09-29,PatternB,Call,23300.0000,12,09:27:49.000,09:27:49.000,09:35:24.000,14569.1600,0.153925089789635710620831200,12.390969728065674704976911240,455
1,Baseline,13,2026-09-17,2026-09-29,PatternA,Put,23350.0000,12,09:35:24.000,09:35:24.000,09:36:19.000,-2001.5700,2.906145783706526917579799900,0.3096712720343020485945688400,55
1,Baseline,14,2026-09-17,2026-09-29,PatternB,Call,23350.0000,12,09:36:19.000,09:36:19.000,09:36:24.000,-988.1400,0.7225806451612903225806451600,0,5
1,Baseline,15,2026-09-17,2026-09-29,PatternA,Put,23350.0000,12,09:36:24.000,09:36:24.000,09:40:59.000,8555.4400,0.724112961622013034033309200,7.965242577842143374366401160,275
1,Baseline,16,2026-09-17,2026-09-29,PatternB,Call,23300.0000,12,09:40:59.000,09:40:59.000,09:42:22.000,-6937.0400,5.8153622486067361279379694700,0,83
1,Baseline,17,2026-09-17,2026-09-29,PatternA,Put,23300.0000,12,09:42:21.000,09:42:22.000,09:48:28.000,-1740.9600,3.6538461538461538461538461500,5.7932692307692307692307692300,366
1,Baseline,18,2026-09-17,2026-09-29,PatternB,Call,23300.0000,12,09:48:28.000,09:48:28.000,10:03:57.000,11418.0000,0.7381012980402137948587426800,10.613387630440315601934334440,929
1,Baseline,19,2026-09-17,2026-09-29,PatternA,Put,23350.0000,12,10:03:57.000,10:03:57.000,10:04:53.000,-961.3300,0.890707751564756860857005300,0.4333172845450168512277323100,56
1,Baseline,20,2026-09-17,2026-09-29,PatternB,Call,23350.0000,12,10:04:53.000,10:04:53.000,10:09:29.000,5412.6700,0.2392980590268545599574581200,5.6899760701940973145440042500,276
1,Baseline,21,2026-09-17,2026-09-29,PatternA,Put,23350.0000,12,10:09:29.000,10:09:29.000,10:10:00.000,-1087.6100,0.5031446540880503144654088100,0.2012578616352201257861635200,31
1,Baseline,22,2026-09-17,2026-09-29,PatternB,Call,23350.0000,12,10:09:59.000,10:09:59.000,10:10:35.000,-112.9000,0,1.0861328618337964132356655700,36
1,Baseline,23,2026-09-17,2026-09-29,PatternA,Put,23350.0000,12,10:10:35.000,10:10:35.000,10:13:46.000,-4302.6100,4.1255378385218931915970640300,0,191
1,Baseline,24,2026-09-17,2026-09-29,PatternB,Call,23350.0000,12,10:13:46.000,10:13:46.000,10:14:15.000,-2291.8600,1.9033674963396778916544655900,0.0488042947779404587603709100,29
1,Baseline,25,2026-09-17,2026-09-29,PatternA,Put,23350.0000,12,10:14:14.000,10:14:15.000,10:19:28.000,1382.7300,2.0865533230293663060278207100,2.1638330757341576506955177700,313
1,Baseline,26,2026-09-17,2026-09-29,PatternB,Call,23350.0000,12,10:19:28.000,10:19:28.000,10:19:39.000,-502.3100,0.304414003044140030441400300,0.1268391679350583460172501300,11
1,Baseline,27,2026-09-17,2026-09-29,PatternA,Put,23350.0000,12,10:19:39.000,10:19:40.000,10:20:20.000,1446.7200,0,1.7557251908396946564885496200,40
1,Baseline,28,2026-09-17,2026-09-29,PatternB,Call,23350.0000,12,10:20:19.000,10:20:19.000,10:22:13.000,-13.6900,0.4132231404958677685950413200,2.0402892561983471074380165300,114
1,Baseline,29,2026-09-17,2026-09-29,PatternA,Put,23350.0000,12,10:22:12.000,10:22:13.000,10:26:22.000,3816.8200,0.1006289308176100628930817600,3.2704402515723270440251572300,249
1,Baseline,30,2026-09-17,2026-09-29,PatternB,Call,23350.0000,12,10:26:22.000,10:26:22.000,10:34:33.000,-4265.2000,3.8295577130528586839266450900,2.4002157497303128371089536100,491
1,Baseline,31,2026-09-17,2026-09-29,PatternA,Put,23300.0000,12,10:34:33.000,10:34:33.000,10:43:12.000,930.9200,3.8245520192564856913613265600,3.664081305161807970045466700,519
1,Baseline,32,2026-09-17,2026-09-29,PatternB,Call,23300.0000,12,10:43:12.000,10:43:12.000,10:48:27.000,-2649.0100,3.7878787878787878787878787900,0.7086999022482893450635386100,315
1,Baseline,33,2026-09-17,2026-09-29,PatternA,Put,23300.0000,12,10:48:27.000,10:48:27.000,10:58:46.000,-1475.0100,3.3946618294895050531225706100,1.3734128012438455558434827700,619
1,Baseline,34,2026-09-17,2026-09-29,PatternB,Call,23300.0000,12,10:58:46.000,10:58:46.000,11:02:50.000,-5961.4300,6.0978608310794197196951069600,0,244
1,Baseline,35,2026-09-17,2026-09-29,PatternA,Put,23300.0000,12,11:02:49.000,11:02:50.000,11:04:52.000,6835.9700,0.4200642451198418581665431200,6.2515443538423523597726711100,122
1,Baseline,36,2026-09-17,2026-09-29,PatternB,Call,23250.0000,12,11:04:52.000,11:04:52.000,11:06:31.000,-4048.5000,2.8821167021025277580911882800,0,99
1,Baseline,37,2026-09-17,2026-09-29,PatternA,Put,23250.0000,12,11:06:31.000,11:06:32.000,11:06:51.000,3623.6500,0.1285016705217167823181701400,4.2919557954253405294268825500,19
1,Baseline,38,2026-09-17,2026-09-29,PatternB,Call,23250.0000,12,11:06:51.000,11:06:51.000,11:07:22.000,307.6500,0,1.7812963879267689262741217200,31
1,Baseline,39,2026-09-17,2026-09-29,PatternA,Put,23250.0000,12,11:07:22.000,11:07:22.000,11:08:43.000,-16.2500,0.1000500250125062531265632800,2.7263631815907953976988494200,81
1,Baseline,40,2026-09-17,2026-09-29,PatternB,Call,23250.0000,12,11:08:43.000,11:08:43.000,11:10:12.000,-1186.7400,1.8235584031542631838344011800,0.8871365204534253326761951700,89
1,Baseline,41,2026-09-17,2026-09-29,PatternA,Put,23250.0000,12,11:10:12.000,11:10:13.000,11:13:40.000,-4955.0300,4.0586797066014669926650366700,1.9070904645476772616136919300,207
1,Baseline,42,2026-09-17,2026-09-29,PatternB,Call,23250.0000,12,11:13:40.000,11:13:40.000,11:23:05.000,6152.9800,0.6353861192570869990224828900,8.993157380254154447702834800,565
1,Baseline,43,2026-09-17,2026-09-29,PatternA,Put,23300.0000,12,11:23:05.000,11:23:05.000,11:24:39.000,-2617.7300,2.288605155384244760298723200,0.2649963864129125511924837400,94
1,Baseline,44,2026-09-17,2026-09-29,PatternB,Call,23300.0000,12,11:24:39.000,11:24:39.000,11:36:41.000,994.9100,3.3535780301029838922630050200,1.5579614470557169263269078400,722
1,Baseline,45,2026-09-17,2026-09-29,PatternA,Put,23300.0000,12,11:36:41.000,11:36:41.000,11:40:23.000,-2972.5300,2.2089848597666914867212707900,1.5388433854554480019856043700,222
1,Baseline,46,2026-09-17,2026-09-29,PatternB,Call,23300.0000,12,11:40:22.000,11:40:23.000,11:48:47.000,4241.6400,0.5717255717255717255717255700,6.003118503118503118503118500,504
1,Baseline,47,2026-09-17,2026-09-29,PatternA,Put,23300.0000,12,11:48:47.000,11:48:47.000,11:52:48.000,-8035.0400,7.1278825995807127882599580700,0.2358490566037735849056603800,241
1,Baseline,48,2026-09-17,2026-09-29,PatternB,Call,23350.0000,12,11:52:48.000,11:52:49.000,11:53:55.000,-4069.0600,3.1541415249588590235874931400,0.3291278113000548546352166800,66
1,Baseline,49,2026-09-17,2026-09-29,PatternA,Put,23300.0000,12,11:53:55.000,11:53:55.000,11:56:05.000,-3323.1200,3.3783783783783783783783783800,0,130
1,Baseline,50,2026-09-17,2026-09-29,PatternB,Call,23350.0000,12,11:56:05.000,11:56:05.000,11:58:12.000,4376.0200,0.0551267916207276736493936100,6.4773980154355016538037486200,127
1,Baseline,51,2026-09-17,2026-09-29,PatternA,Put,23350.0000,12,11:58:11.000,11:58:12.000,12:05:27.000,-1053.4300,3.957851452068876895399640200,0.7967103572346440503726548400,435
1,Baseline,52,2026-09-17,2026-09-29,PatternB,Call,23350.0000,12,12:05:26.000,12:05:26.000,12:06:42.000,6481.9800,0.3088803088803088803088803100,5.5083655083655083655083655100,76
1,Baseline,53,2026-09-17,2026-09-29,PatternA,Put,23350.0000,12,12:06:42.000,12:06:42.000,12:11:31.000,-7545.6900,6.0107816711590296495956873300,0.0808625336927223719676549900,289
1,Baseline,54,2026-09-17,2026-09-29,PatternB,Call,23400.0000,12,12:11:31.000,12:11:32.000,12:12:15.000,-823.8100,1.1640211640211640211640211600,1.8783068783068783068783068800,43
1,Baseline,55,2026-09-17,2026-09-29,PatternA,Put,23400.0000,12,12:12:15.000,12:12:15.000,12:12:27.000,-176.8000,0,0.6142820578448937803941643200,12
1,Baseline,56,2026-09-17,2026-09-29,PatternB,Call,23400.0000,12,12:12:27.000,12:12:27.000,12:13:50.000,-1797.8200,2.1270938580164849773996277600,1.0901356022334485509173092300,83
1,Baseline,57,2026-09-17,2026-09-29,PatternA,Put,23400.0000,12,12:13:50.000,12:13:50.000,12:15:58.000,82.1600,1.2911392405063291139240506300,0.7594936708860759493670886100,128
1,Baseline,58,2026-09-17,2026-09-29,PatternB,Call,23400.0000,12,12:15:58.000,12:15:58.000,12:16:24.000,348.0300,0.3558718861209964412811387900,0.7117437722419928825622775800,26
1,Baseline,59,2026-09-17,2026-09-29,PatternA,Put,23400.0000,12,12:16:24.000,12:16:25.000,12:16:52.000,-1282.1200,1.1877685114986100581248420500,0,27
1,Baseline,60,2026-09-17,2026-09-29,PatternB,Call,23400.0000,12,12:16:52.000,12:16:52.000,12:18:19.000,3237.4300,0.0538068334678504170029593800,3.5781544256120527306967984900,87
1,Baseline,61,2026-09-17,2026-09-29,PatternA,Put,23400.0000,12,12:18:19.000,12:18:19.000,12:23:41.000,-4040.2600,4.0240397177946171936242487600,1.8552390906715442905670237800,322
1,Baseline,62,2026-09-17,2026-09-29,PatternB,Call,23400.0000,12,12:23:41.000,12:23:41.000,12:28:02.000,-5406.2300,5.4123053357161092672964003100,0.7148327801889200919070717400,261
1,Baseline,63,2026-09-17,2026-09-29,PatternA,Put,23400.0000,12,12:28:02.000,12:28:02.000,12:29:18.000,-370.4800,0.5457380457380457380457380500,0.9875259875259875259875259900,76
1,Baseline,64,2026-09-17,2026-09-29,PatternB,Call,23400.0000,12,12:29:18.000,12:29:18.000,12:40:08.000,3626.1100,3.1564986737400530503978779800,4.3236074270557029177718832900,650
1,Baseline,65,2026-09-17,2026-09-29,PatternA,Put,23400.0000,12,12:40:07.000,12:40:08.000,12:45:14.000,3886.6100,0.4549103559004549103559004500,3.8801177415038801177415038800,306
1,Baseline,66,2026-09-17,2026-09-29,PatternB,Call,23400.0000,12,12:45:13.000,12:45:14.000,12:47:50.000,-2739.2400,2.1675140487021675140487021700,0.7225046829007225046829007200,156
1,Baseline,67,2026-09-17,2026-09-29,PatternA,Put,23400.0000,12,12:47:50.000,12:47:50.000,12:55:20.000,472.3500,2.1379485874268261644184270800,1.4507508271824891829982183800,450
1,Baseline,68,2026-09-17,2026-09-29,PatternB,Call,23400.0000,12,12:55:20.000,12:55:20.000,12:57:51.000,-105.5200,0.1112347052280311457174638500,2.4471635150166852057842046700,151
1,Baseline,69,2026-09-17,2026-09-29,PatternA,Put,23400.0000,12,12:57:51.000,12:57:51.000,12:58:21.000,-1314.0800,0.7886034088018315950139913500,0.2035105571101500890358687400,30
1,Baseline,70,2026-09-17,2026-09-29,PatternB,Call,23400.0000,12,12:58:21.000,12:58:21.000,13:01:00.000,380.0700,1.170068027210884353741496600,0.6802721088435374149659863900,159
1,Baseline,71,2026-09-17,2026-09-29,PatternA,Put,23400.0000,12,13:01:00.000,13:01:00.000,13:01:43.000,1220.1700,0.308483290488431876606683800,1.1311053984575835475578406200,43
1,Baseline,72,2026-09-17,2026-09-29,PatternB,Call,23400.0000,12,13:01:43.000,13:01:43.000,13:21:28.000,-5822.6000,7.5248070562293274531422271200,0,1185
1,Baseline,73,2026-09-17,2026-09-29,PatternA,Put,23350.0000,12,13:21:28.000,13:21:28.000,13:22:28.000,965.9400,0.6640841173215273934698395100,0.6364139457664637520752628700,60
1,Baseline,74,2026-09-17,2026-09-29,PatternB,Call,23350.0000,12,13:22:27.000,13:22:28.000,13:24:34.000,-3425.8900,2.624936900555275113579000500,0,126
1,Baseline,75,2026-09-17,2026-09-29,PatternA,Put,23350.0000,12,13:24:33.000,13:24:34.000,13:25:51.000,3432.1000,0.3219747786423396833914676700,3.6222162597263214381540112700,77
1,Baseline,76,2026-09-17,2026-09-29,PatternB,Call,23350.0000,12,13:25:50.000,13:25:51.000,13:26:28.000,-1668.0000,1.2214551248008497079129049400,0.3717472118959107806691449800,37
1,Baseline,77,2026-09-17,2026-09-29,PatternA,Put,23350.0000,12,13:26:28.000,13:26:29.000,13:29:53.000,11483.6300,0.5390143737166324435318275200,11.088295687885010266940451750,204
1,Baseline,78,2026-09-17,2026-09-29,PatternB,Call,23300.0000,12,13:29:53.000,13:29:53.000,13:33:00.000,-1964.2600,4.5454545454545454545454545500,0.0757575757575757575757575800,187
1,Baseline,79,2026-09-17,2026-09-29,PatternA,Put,23300.0000,12,13:33:00.000,13:33:00.000,13:35:39.000,3364.5000,0.4407570650764843142338605100,5.937256935442053409385532800,159
1,Baseline,80,2026-09-17,2026-09-29,PatternB,Call,23300.0000,12,13:35:39.000,13:35:39.000,13:35:59.000,-759.0400,0.9237265769332277645816838200,0,20
1,Baseline,81,2026-09-17,2026-09-29,PatternA,Put,23300.0000,12,13:35:59.000,13:35:59.000,13:36:28.000,1088.1000,0.4254254254254254254254254300,2.1771771771771771771771771800,29
1,Baseline,82,2026-09-17,2026-09-29,PatternB,Call,23300.0000,12,13:36:28.000,13:36:29.000,13:37:14.000,248.8300,0.9625668449197860962566844900,0.2941176470588235294117647100,45
1,Baseline,83,2026-09-17,2026-09-29,PatternA,Put,23300.0000,12,13:37:14.000,13:37:14.000,13:37:27.000,-1770.5000,1.3698630136986301369863013700,0.5230386052303860523038605200,13
1,Baseline,84,2026-09-17,2026-09-29,PatternB,Call,23300.0000,12,13:37:27.000,13:37:27.000,13:38:28.000,-1766.5800,1.5960230245944531658817373100,0.4709576138147566718995290400,61
1,Baseline,85,2026-09-17,2026-09-29,PatternA,Put,23300.0000,12,13:38:28.000,13:38:28.000,13:43:47.000,-6090.0100,6.9982504373906523369157710600,0,319
1,Baseline,86,2026-09-17,2026-09-29,PatternB,Call,23300.0000,12,13:43:47.000,13:43:47.000,13:45:20.000,-3035.5400,2.5425883549453343503686753100,0,93
1,Baseline,87,2026-09-17,2026-09-29,PatternA,Put,23300.0000,12,13:45:20.000,13:45:21.000,13:47:11.000,-5048.1600,3.9969056214543579164517792700,0.3094378545642083548220732300,110
1,Baseline,88,2026-09-17,2026-09-29,PatternB,Call,23300.0000,12,13:47:11.000,13:47:11.000,13:48:54.000,-4692.8800,3.6468812877263581488933601600,0.6036217303822937625754527200,103
1,Baseline,89,2026-09-17,2026-09-29,PatternA,Put,23300.0000,12,13:48:54.000,13:48:55.000,13:49:35.000,-1508.2000,1.8489984591679506933744221900,0,40
1,Baseline,90,2026-09-17,2026-09-29,PatternB,Call,23300.0000,12,13:49:35.000,13:49:35.000,13:50:57.000,733.4600,0.4397309881013967925504397300,0.8794619762027935851008794600,82
1,Baseline,91,2026-09-17,2026-09-29,PatternA,Put,23300.0000,12,13:50:56.000,13:50:57.000,13:56:58.000,312.4300,2.5742054110848437089571841300,2.6530076175466246388232203800,361
1,Baseline,92,2026-09-17,2026-09-29,PatternB,Call,23300.0000,12,13:56:58.000,13:56:58.000,13:59:22.000,-79.0200,0.5912596401028277634961439600,1.5681233933161953727506426700,144
1,Baseline,93,2026-09-17,2026-09-29,PatternA,Put,23300.0000,12,13:59:22.000,13:59:22.000,14:17:18.000,-564.5200,4.5442605726293669556080903600,2.8106120304701864985552928800,1076
1,Baseline,94,2026-09-17,2026-09-29,PatternB,Call,23300.0000,12,14:17:18.000,14:17:18.000,14:22:59.000,7456.5400,0.4126902244003095176683002300,6.4482847562548362135671911300,341
1,Baseline,95,2026-09-17,2026-09-29,PatternA,Put,23350.0000,12,14:22:59.000,14:22:59.000,14:23:29.000,-307.9400,0,0.6806150743634988656415427300,30
1,Baseline,96,2026-09-17,2026-09-29,PatternB,Call,23350.0000,12,14:23:29.000,14:23:29.000,14:27:40.000,-6666.3200,6.0428849902534113060428849900,0.1949317738791423001949317700,251
1,Baseline,97,2026-09-17,2026-09-29,PatternA,Put,23300.0000,12,14:27:40.000,14:27:40.000,14:27:55.000,-141.1100,0.8268871699119765270738863700,0,15
1,Baseline,98,2026-09-17,2026-09-29,PatternB,Call,23300.0000,12,14:27:55.000,14:27:55.000,14:28:25.000,-1671.0300,1.0983397190293742017879948900,0.1787994891443167305236270800,30
1,Baseline,99,2026-09-17,2026-09-29,PatternA,Put,23300.0000,12,14:28:25.000,14:28:25.000,14:29:23.000,-2253.0600,1.3995246897280168999207816200,0.7657776604172167942962767400,58
1,Baseline,100,2026-09-17,2026-09-29,PatternB,Call,23300.0000,12,14:29:22.000,14:29:22.000,14:33:56.000,-274.8100,0.7369758576874205844980940300,2.3888182973316391359593392600,274
1,Baseline,101,2026-09-17,2026-09-29,PatternA,Put,23300.0000,12,14:33:56.000,14:33:56.000,14:38:56.000,-6473.8400,9.328660016176867080075492050,1.5907252628740900512267457500,300
1,Baseline,102,2026-09-17,2026-09-29,PatternB,Call,23350.0000,12,14:38:55.000,14:38:55.000,14:39:17.000,2070.9200,0,2.1502373638648422228427813500,22
1,Baseline,103,2026-09-17,2026-09-29,PatternA,Put,23350.0000,12,14:39:16.000,14:39:16.000,14:42:04.000,2324.7000,2.03660737303428718741943800,2.423304975509151843258571800,168
1,Baseline,104,2026-09-17,2026-09-29,PatternB,Call,23350.0000,12,14:42:04.000,14:42:04.000,14:48:13.000,154.3800,4.2582799888672418591706095200,0.751461174505983857500695800,369
1,Baseline,105,2026-09-17,2026-09-29,PatternA,Put,23350.0000,12,14:48:12.000,14:48:13.000,14:49:38.000,-1444.9100,2.1126760563380281690140845100,0.4275653923541247484909456700,85
1,Baseline,106,2026-09-17,2026-09-29,PatternB,Call,23350.0000,12,14:49:38.000,14:49:38.000,14:51:22.000,-2119.8100,2.1805133866961081976262765700,0.9108473640629312724261661600,104
1,Baseline,107,2026-09-17,2026-09-29,PatternA,Put,23350.0000,12,14:51:22.000,14:51:22.000,14:57:41.000,4076.3500,0.927318295739348370927318300,3.6842105263157894736842105300,379
1,Baseline,108,2026-09-17,2026-09-29,PatternB,Call,23300.0000,12,14:57:40.000,14:57:40.000,14:58:18.000,-1737.5300,1.4282134803307441743923828600,0.100225507391631170132798800,38
1,Baseline,109,2026-09-17,2026-09-29,PatternA,Put,23300.0000,12,14:58:18.000,14:58:18.000,14:58:54.000,-1277.1100,1.4555256064690026954177897600,0,36
1,Baseline,110,2026-09-17,2026-09-29,PatternB,Call,23300.0000,12,14:58:54.000,14:58:54.000,15:03:42.000,731.3500,2.7455919395465994962216624700,1.6372795969773299748110831200,288
1,Baseline,0,2026-09-18,2026-09-29,PatternB,Call,23350.0000,11,09:15:32.000,09:15:32.000,09:16:05.000,-2740.3800,3.3219087793303453730556287900,0.7118375955707882942262061700,33
1,Baseline,1,2026-09-18,2026-09-29,PatternA,Put,23350.0000,11,09:16:05.000,09:16:06.000,09:16:11.000,-2378.6100,1.9596864501679731243001119800,0,5
1,Baseline,2,2026-09-18,2026-09-29,PatternB,Call,23350.0000,11,09:16:11.000,09:16:11.000,09:17:15.000,2944.4800,0.5602988260405549626467449300,3.7886872998932764140875133400,64
1,Baseline,3,2026-09-18,2026-09-29,PatternA,Put,23350.0000,11,09:17:15.000,09:17:15.000,09:17:23.000,-881.1600,0.6167400881057268722466960400,0.1762114537444933920704845800,8
1,Baseline,4,2026-09-18,2026-09-29,PatternB,Call,23350.0000,11,09:17:23.000,09:17:23.000,09:17:43.000,-2514.4600,2.7173913043478260869565217400,0.2070393374741200828157349900,20
1,Baseline,5,2026-09-18,2026-09-29,PatternA,Put,23350.0000,11,09:17:43.000,09:17:44.000,09:21:24.000,9316.3100,1.790872328134026574234546500,9.272097053726169844020797230,220
1,Baseline,6,2026-09-18,2026-09-29,PatternB,Call,23350.0000,11,09:21:24.000,09:21:24.000,09:24:23.000,4832.2200,0.225035161744022503516174400,4.7257383966244725738396624500,179
1,Baseline,7,2026-09-18,2026-09-29,PatternA,Put,23350.0000,11,09:24:23.000,09:24:23.000,09:27:37.000,9151.8600,1.6559079427448779118720179600,8.896996912714005051922537190,194
1,Baseline,8,2026-09-18,2026-09-29,PatternB,Call,23350.0000,11,09:27:37.000,09:27:37.000,09:30:50.000,-1110.0600,1.9247342717609882217753519100,1.6949152542372881355932203400,193
1,Baseline,9,2026-09-18,2026-09-29,PatternA,Put,23300.0000,11,09:30:49.000,09:30:49.000,09:31:02.000,805.7600,0.8559201141226818830242510700,1.3124108416547788873038516400,13
1,Baseline,10,2026-09-18,2026-09-29,PatternB,Call,23300.0000,11,09:31:02.000,09:31:02.000,09:31:04.000,-470.0700,0.328780981284774911482043500,0,2
1,Baseline,11,2026-09-18,2026-09-29,PatternA,Put,23300.0000,11,09:31:04.000,09:31:04.000,09:32:59.000,-2443.1900,3.743315508021390374331550800,0.1407261469180973824936673200,115
1,Baseline,12,2026-09-18,2026-09-29,PatternB,Call,23350.0000,11,09:32:59.000,09:32:59.000,09:35:33.000,-3122.8000,3.2051282051282051282051282100,0.4370629370629370629370629400,154
1,Baseline,13,2026-09-18,2026-09-29,PatternA,Put,23300.0000,11,09:35:33.000,09:35:33.000,09:38:31.000,-8452.4600,8.074881251746297848561050570,0.1955853590388376641519977600,178
1,Baseline,14,2026-09-18,2026-09-29,PatternB,Call,23350.0000,11,09:38:31.000,09:38:31.000,09:40:33.000,-72.0700,2.3393461104847801578354002300,1.2965050732807215332581736200,122
1,Baseline,15,2026-09-18,2026-09-29,PatternA,Put,23350.0000,11,09:40:33.000,09:40:33.000,09:42:05.000,-1148.1600,1.3837147418839808408728046800,0.8249068653539116551357104800,92
1,Baseline,16,2026-09-18,2026-09-29,PatternB,Call,23350.0000,11,09:42:05.000,09:42:06.000,09:44:30.000,-3547.8200,3.8946483608854020734099187400,1.6811431773606052115438498200,144
1,Baseline,17,2026-09-18,2026-09-29,PatternA,Put,23350.0000,11,09:44:30.000,09:44:30.000,09:45:11.000,-3098.1400,2.5936599423631123919308357300,0,41
1,Baseline,18,2026-09-18,2026-09-29,PatternB,Call,23350.0000,11,09:45:10.000,09:45:11.000,09:45:30.000,-1923.0000,1.6723356009070294784580498900,0,19
1,Baseline,19,2026-09-18,2026-09-29,PatternA,Put,23350.0000,11,09:45:30.000,09:45:30.000,09:46:41.000,-1733.6100,0.4739336492890995260663507100,0.7372301211163770405476566600,71
1,Baseline,20,2026-09-18,2026-09-29,PatternB,Call,23350.0000,11,09:46:40.000,09:46:41.000,09:50:06.000,-2117.7800,1.6179392563156400794777178500,3.1791087141640647175702526300,205
1,Baseline,21,2026-09-18,2026-09-29,PatternA,Put,23350.0000,11,09:50:06.000,09:50:06.000,09:50:21.000,-2155.4000,1.7478813559322033898305084700,0,15
1,Baseline,22,2026-09-18,2026-09-29,PatternB,Call,23350.0000,11,09:50:21.000,09:50:21.000,09:51:01.000,-3579.5700,2.8870648174356071327483724900,0,40
1,Baseline,23,2026-09-18,2026-09-29,PatternA,Put,23350.0000,11,09:51:01.000,09:51:01.000,09:51:46.000,-2546.1100,2.1449123724823437091289563200,0.3138896154852210306042375100,45
1,Baseline,24,2026-09-18,2026-09-29,PatternB,Call,23350.0000,11,09:51:46.000,09:51:46.000,09:55:48.000,3469.5400,0.6603502727533735285673270200,4.9095607235142118863049095600,242
1,Baseline,25,2026-09-18,2026-09-29,PatternA,Put,23350.0000,11,09:55:48.000,09:55:49.000,10:10:34.000,-2119.3200,3.2786885245901639344262295100,2.3339816615726590719644345700,885
1,Baseline,26,2026-09-18,2026-09-29,PatternB,Call,23350.0000,11,10:10:33.000,10:10:34.000,10:11:06.000,-1079.8100,1.0582010582010582010582010600,0.1949317738791423001949317700,32
1,Baseline,27,2026-09-18,2026-09-29,PatternA,Put,23350.0000,11,10:11:06.000,10:11:06.000,10:13:58.000,-3807.6800,3.4173669467787114845938375400,0,172
1,Baseline,28,2026-09-18,2026-09-29,PatternB,Call,23350.0000,11,10:13:58.000,10:13:58.000,10:14:58.000,-1243.1200,1.2376237623762376237623762400,0,60
1,Baseline,29,2026-09-18,2026-09-29,PatternA,Put,23350.0000,11,10:14:58.000,10:14:58.000,10:15:36.000,-1272.9400,1.5406562054208273894436519300,0,38
1,Baseline,30,2026-09-18,2026-09-29,PatternB,Call,23350.0000,11,10:15:36.000,10:15:36.000,10:20:33.000,-3126.5600,3.511197124688968758639756700,0,297
1,Baseline,31,2026-09-18,2026-09-29,PatternA,Put,23350.0000,11,10:20:33.000,10:20:33.000,10:29:19.000,1746.3100,1.7917133258678611422172452400,5.7670772676371780515117581200,526
1,Baseline,32,2026-09-18,2026-09-29,PatternB,Call,23350.0000,11,10:29:19.000,10:29:19.000,10:30:04.000,806.8300,1.361529548088064889918887600,0.8111239860950173812282734600,45
1,Baseline,33,2026-09-18,2026-09-29,PatternA,Put,23350.0000,11,10:30:04.000,10:30:04.000,10:31:47.000,1485.7200,1.2191742865059573288999722900,0.5818786367414796342477140500,103
1,Baseline,34,2026-09-18,2026-09-29,PatternB,Call,23350.0000,11,10:31:47.000,10:31:47.000,10:37:23.000,-2473.5800,3.1884057971014492753623188400,0.2898550724637681159420289900,336
1,Baseline,35,2026-09-18,2026-09-29,PatternA,Put,23350.0000,11,10:37:23.000,10:37:23.000,10:38:09.000,-2609.3600,2.2465899973254880984220379800,0.3476865472051350628510296900,46
1,Baseline,36,2026-09-18,2026-09-29,PatternB,Call,23350.0000,11,10:38:09.000,10:38:09.000,10:38:42.000,-946.7000,1.019219569015725101921956900,0.0873616773442050087361677300,33
1,Baseline,37,2026-09-18,2026-09-29,PatternA,Put,23350.0000,11,10:38:42.000,10:38:42.000,10:54:27.000,-951.8200,2.2788931090613130765056972300,4.9647314161692892023874118300,945
1,Baseline,38,2026-09-18,2026-09-29,PatternB,Call,23350.0000,11,10:54:27.000,10:54:27.000,11:11:46.000,-1887.9200,5.7058823529411764705882352900,1.0588235294117647058823529400,1039
1,Baseline,39,2026-09-18,2026-09-29,PatternA,Put,23350.0000,11,11:11:46.000,11:11:46.000,11:12:57.000,1744.1500,0,2.2294725394235997824904839600,71
1,Baseline,40,2026-09-18,2026-09-29,PatternB,Call,23350.0000,11,11:12:57.000,11:12:57.000,11:13:08.000,-1366.6500,1.234567901234567901234567900,0,11
1,Baseline,41,2026-09-18,2026-09-29,PatternA,Put,23350.0000,11,11:13:08.000,11:13:08.000,11:34:01.000,1709.6200,1.9317279703625297697803651800,2.513892564170415453823762900,1253
1,Baseline,42,2026-09-18,2026-09-29,PatternB,Call,23300.0000,11,11:34:01.000,11:34:01.000,12:00:41.000,12948.7100,0.8861439312567132116004296500,11.170784103114930182599355530,1600
1,Baseline,43,2026-09-18,2026-09-29,PatternA,Put,23350.0000,11,12:00:41.000,12:00:41.000,12:03:38.000,1652.9900,0.4452359750667853962600178100,1.632531908578213119620065300,177
1,Baseline,44,2026-09-18,2026-09-29,PatternB,Call,23350.0000,11,12:03:37.000,12:03:37.000,12:10:01.000,-4164.1600,4.9561030869442084395355423400,0.6513735485698102520532427100,384
1,Baseline,45,2026-09-18,2026-09-29,PatternA,Put,23350.0000,11,12:10:01.000,12:10:01.000,12:13:16.000,-2474.9800,2.6427962489343563512361466300,0.2557544757033248081841432200,195
1,Baseline,46,2026-09-18,2026-09-29,PatternB,Call,23350.0000,11,12:13:16.000,12:13:16.000,12:20:32.000,-3870.7500,3.7388553350589588725913143500,0.3163646821972965199884958300,436
1,Baseline,47,2026-09-18,2026-09-29,PatternA,Put,23350.0000,11,12:20:32.000,12:20:32.000,12:22:13.000,-2020.5900,1.3861386138613861386138613900,0.3677510608203677510608203700,101
1,Baseline,48,2026-09-18,2026-09-29,PatternB,Call,23350.0000,11,12:22:13.000,12:22:13.000,12:38:16.000,3470.9400,1.5231400117164616285881663700,4.7744581136496777973052138300,963
1,Baseline,49,2026-09-18,2026-09-29,PatternA,Put,23350.0000,11,12:38:15.000,12:38:16.000,12:42:30.000,-976.7100,0.9057971014492753623188405800,2.1739130434782608695652173900,254
1,Baseline,50,2026-09-18,2026-09-29,PatternB,Call,23350.0000,11,12:42:30.000,12:42:30.000,12:47:00.000,-2150.9100,2.6160337552742616033755274300,0.42194092827004219409282700,270
1,Baseline,51,2026-09-18,2026-09-29,PatternA,Put,23350.0000,11,12:47:00.000,12:47:00.000,12:54:46.000,-684.3500,0.6344410876132930513595166200,1.842900302114803625377643500,466
1,Baseline,52,2026-09-18,2026-09-29,PatternB,Call,23350.0000,11,12:54:45.000,12:54:46.000,13:10:28.000,1163.1800,1.2578616352201257861635220100,4.5168667810177244139508290500,942
1,Baseline,53,2026-09-18,2026-09-29,PatternA,Put,23350.0000,11,13:10:27.000,13:10:28.000,13:13:46.000,844.5700,0.6890072032571249608518634500,1.0335108048856874412777951800,198
1,Baseline,54,2026-09-18,2026-09-29,PatternB,Call,23350.0000,11,13:13:46.000,13:13:46.000,13:15:52.000,-1954.9200,2.0857142857142857142857142900,0,126
1,Baseline,55,2026-09-18,2026-09-29,PatternA,Put,23350.0000,11,13:15:51.000,13:15:52.000,13:26:19.000,-1008.4300,1.7709923664122137404580152700,1.9236641221374045801526717600,627
1,Baseline,56,2026-09-18,2026-09-29,PatternB,Call,23350.0000,11,13:26:19.000,13:26:19.000,13:32:51.000,-426.7200,2.7200935946183094472067856100,0.5264697279906405381690552800,392
1,Baseline,57,2026-09-18,2026-09-29,PatternA,Put,23350.0000,11,13:32:50.000,13:32:51.000,13:34:17.000,-747.6800,1.3003095975232198142414860700,0,86
1,Baseline,58,2026-09-18,2026-09-29,PatternB,Call,23350.0000,11,13:34:17.000,13:34:17.000,13:34:37.000,-1303.8400,0.3209804493726291216807703500,0.3501604902246863145608403900,20
1,Baseline,59,2026-09-18,2026-09-29,PatternA,Put,23350.0000,11,13:34:37.000,13:34:37.000,13:47:30.000,4611.2600,1.0802469135802469135802469100,7.2839506172839506172839506200,773
1,Baseline,60,2026-09-18,2026-09-29,PatternB,Call,23350.0000,11,13:47:30.000,13:47:30.000,13:56:18.000,2922.7500,1.1804908356632494563529046300,4.8772910841876359117738428100,528
1,Baseline,61,2026-09-18,2026-09-29,PatternA,Put,23350.0000,11,13:56:18.000,13:56:18.000,13:58:51.000,-1885.2600,2.7225451208320587335576628900,0,153
1,Baseline,62,2026-09-18,2026-09-29,PatternB,Call,23350.0000,11,13:58:51.000,13:58:51.000,14:07:17.000,3796.8300,1.7857142857142857142857142900,4.0773809523809523809523809500,506
1,Baseline,63,2026-09-18,2026-09-29,PatternA,Put,23350.0000,11,14:07:17.000,14:07:17.000,14:08:14.000,-388.6600,0.6997455470737913486005089100,0.2544529262086513994910941500,57
1,Baseline,64,2026-09-18,2026-09-29,PatternB,Call,23400.0000,11,14:08:14.000,14:08:14.000,14:12:37.000,2635.6900,1.452702702702702702702702700,4.6621621621621621621621621600,263
1,Baseline,65,2026-09-18,2026-09-29,PatternA,Put,23400.0000,11,14:12:37.000,14:12:37.000,14:26:23.000,-1339.1800,2.4663677130044843049327354300,1.8778026905829596412556053800,826
1,Baseline,66,2026-09-18,2026-09-29,PatternB,Call,23400.0000,11,14:26:23.000,14:26:23.000,14:28:54.000,4096.3400,0.399201596806387225548902200,5.1563539587491683300066533600,151
1,Baseline,67,2026-09-18,2026-09-29,PatternA,Put,23400.0000,11,14:28:54.000,14:28:54.000,14:30:44.000,-2050.3200,2.1470588235294117647058823500,0.5588235294117647058823529400,110
1,Baseline,68,2026-09-18,2026-09-29,PatternB,Call,23400.0000,11,14:30:44.000,14:30:44.000,14:31:08.000,-1039.7800,1.0872941907424666045355700500,0.6523765144454799627213420300,24
1,Baseline,69,2026-09-18,2026-09-29,PatternA,Put,23400.0000,11,14:31:08.000,14:31:08.000,14:31:39.000,62.0100,0.0897397547113371223451989200,0.7179180376906969787615913800,31
1,Baseline,70,2026-09-18,2026-09-29,PatternB,Call,23400.0000,11,14:31:39.000,14:31:39.000,14:32:09.000,-1201.5500,1.2860727728983688833124215800,0.0627352572145545796737766600,30
1,Baseline,71,2026-09-18,2026-09-29,PatternA,Put,23400.0000,11,14:32:09.000,14:32:09.000,14:32:34.000,-2082.0500,1.843592030924769550996134400,0,25
1,Baseline,72,2026-09-18,2026-09-29,PatternB,Call,23400.0000,11,14:32:34.000,14:32:34.000,14:33:01.000,389.1300,0.4955094456488076803964075600,0.2787240631774543202229792500,27
1,Baseline,73,2026-09-18,2026-09-29,PatternA,Put,23400.0000,11,14:33:01.000,14:33:01.000,14:33:08.000,-781.2400,1.1574779165397502284495887900,0.243679561376789521778860800,7
1,Baseline,74,2026-09-18,2026-09-29,PatternB,Call,23400.0000,11,14:33:08.000,14:33:08.000,14:35:10.000,-3509.5100,3.2297379646556977452772699600,0.6703229737964655697745277300,122
1,Baseline,75,2026-09-18,2026-09-29,PatternA,Put,23400.0000,11,14:35:09.000,14:35:09.000,14:36:32.000,-67.8400,0.4790419161676646706586826300,0.7185628742514970059880239500,83
1,Baseline,76,2026-09-18,2026-09-29,PatternB,Call,23400.0000,11,14:36:32.000,14:36:32.000,14:39:58.000,-2565.9200,2.5320412628946545795561112800,0.2813379180994060643951234800,206
1,Baseline,77,2026-09-18,2026-09-29,PatternA,Put,23400.0000,11,14:39:58.000,14:39:58.000,14:44:43.000,2140.0200,0.5034053893988747408942848700,2.6058631921824104234527687300,285
1,Baseline,78,2026-09-18,2026-09-29,PatternB,Call,23400.0000,11,14:44:43.000,14:44:43.000,14:44:48.000,-645.9400,0.497017892644135188866799200,0,5
1,Baseline,79,2026-09-18,2026-09-29,PatternA,Put,23400.0000,11,14:44:48.000,14:44:48.000,14:46:04.000,-1142.0900,1.0407632263660017346053772800,1.0696733159872795605666377600,76
1,Baseline,80,2026-09-18,2026-09-29,PatternB,Call,23400.0000,11,14:46:04.000,14:46:04.000,14:47:00.000,522.7600,0.8207485226526592252133946200,0.9848982271831910702560735400,56
1,Baseline,81,2026-09-18,2026-09-29,PatternA,Put,23400.0000,11,14:47:00.000,14:47:00.000,14:47:15.000,28.0500,0.3805620608899297423887587800,0.2634660421545667447306791600,15
1,Baseline,82,2026-09-18,2026-09-29,PatternB,Call,23400.0000,11,14:47:15.000,14:47:15.000,14:47:20.000,2.5200,0.357839947950553025374105400,0.1951854261548471047495120400,5
1,Baseline,83,2026-09-18,2026-09-29,PatternA,Put,23400.0000,11,14:47:20.000,14:47:20.000,14:48:41.000,-1498.5100,1.5510681884694176177933860100,0,81
1,Baseline,84,2026-09-18,2026-09-29,PatternB,Call,23400.0000,11,14:48:41.000,14:48:41.000,14:51:37.000,2502.5800,0.5453962143086300930381777400,3.9461020211742059672762271400,176
1,Baseline,85,2026-09-18,2026-09-29,PatternA,Put,23400.0000,11,14:51:36.000,14:51:37.000,14:53:16.000,-2632.6600,3.6507453605111043504715546100,0.6084575600851840584119257700,99
1,Baseline,86,2026-09-18,2026-09-29,PatternB,Call,23400.0000,11,14:53:16.000,14:53:16.000,14:55:00.000,356.0600,0.2455494168201350521792510700,2.5782688766114180478821362800,104
1,Baseline,87,2026-09-18,2026-09-29,PatternA,Put,23400.0000,11,14:54:59.000,14:55:00.000,14:56:44.000,-162.4600,1.2808497344579818806622930300,0.5935645110902842861605748200,104
1,Baseline,88,2026-09-18,2026-09-29,PatternB,Call,23400.0000,11,14:56:44.000,14:56:44.000,15:04:57.000,-5425.3300,5.4327808471454880294659300200,2.8545119705340699815837937400,493
1,Baseline,0,2026-09-21,2026-09-29,PatternA,Put,23400.0000,8,09:15:12.000,09:15:12.000,09:15:15.000,2177.4400,0,3.2865347798340778557753669400,3
1,Baseline,1,2026-09-21,2026-09-29,PatternB,Call,23400.0000,8,09:15:15.000,09:15:15.000,09:15:19.000,-906.1600,0.6914718472176489957194599900,0.6256173855778729008890352300,4
1,Baseline,2,2026-09-21,2026-09-29,PatternA,Put,23400.0000,8,09:15:19.000,09:15:19.000,09:17:21.000,-65.4300,1.4591741695125737348649487700,8.941322570630239056193728660,122
1,Baseline,3,2026-09-21,2026-09-29,PatternB,Call,23400.0000,8,09:17:21.000,09:17:21.000,09:17:43.000,1987.5000,0,3.0093393289519197509512279500,22
1,Baseline,4,2026-09-21,2026-09-29,PatternA,Put,23400.0000,8,09:17:43.000,09:17:43.000,09:17:55.000,-2629.8000,2.320406865861411315956770500,0,12
1,Baseline,5,2026-09-21,2026-09-29,PatternB,Call,23400.0000,8,09:17:55.000,09:17:55.000,09:19:02.000,-1457.5400,1.9006335445148382794264754900,1.7339113037679226408802934300,67
1,Baseline,6,2026-09-21,2026-09-29,PatternA,Put,23400.0000,8,09:19:02.000,09:19:02.000,09:19:15.000,-452.9500,0.3535840565734490517518482800,0.6107360977177756348441015800,13
1,Baseline,7,2026-09-21,2026-09-29,PatternB,Call,23400.0000,8,09:19:15.000,09:19:15.000,09:20:36.000,1011.5400,0.303234501347708894878706200,2.4595687331536388140161725100,81
1,Baseline,8,2026-09-21,2026-09-29,PatternA,Put,23400.0000,8,09:20:36.000,09:20:36.000,09:21:01.000,-225.3700,0.4193548387096774193548387100,2.3870967741935483870967741900,25
1,Baseline,9,2026-09-21,2026-09-29,PatternB,Call,23400.0000,8,09:21:01.000,09:21:01.000,09:22:13.000,-1587.6500,2.6928191489361702127659574500,0,72
1,Baseline,10,2026-09-21,2026-09-29,PatternA,Put,23400.0000,8,09:22:13.000,09:22:13.000,09:26:32.000,-1817.5600,1.9463943841735800893426930400,1.7549457562220804084237396300,259
1,Baseline,11,2026-09-21,2026-09-29,PatternB,Call,23400.0000,8,09:26:32.000,09:26:32.000,09:27:01.000,426.1000,0.0997340425531914893617021300,0.9640957446808510638297872300,29
1,Baseline,12,2026-09-21,2026-09-29,PatternA,Put,23400.0000,8,09:27:01.000,09:27:01.000,09:27:26.000,-2433.5200,2.5024374390640233994150146200,0,25
1,Baseline,13,2026-09-21,2026-09-29,PatternB,Call,23400.0000,8,09:27:26.000,09:27:26.000,09:29:05.000,-1134.5500,1.3924870466321243523316062200,0.4857512953367875647668393800,99
1,Baseline,14,2026-09-21,2026-09-29,PatternA,Put,23400.0000,8,09:29:05.000,09:29:05.000,09:29:15.000,-613.5200,0.5958291956305858987090367400,0.1655081098973849718636213200,10
1,Baseline,15,2026-09-21,2026-09-29,PatternB,Call,23400.0000,8,09:29:15.000,09:29:15.000,09:30:46.000,1658.8000,0.1946156341226078494972429500,2.8219266947778138177100227100,91
1,Baseline,16,2026-09-21,2026-09-29,PatternA,Put,23400.0000,8,09:30:46.000,09:30:46.000,09:31:19.000,-1228.6600,1.4705882352941176470588235300,0.1025991792065663474692202500,33
1,Baseline,17,2026-09-21,2026-09-29,PatternB,Call,23400.0000,8,09:31:19.000,09:31:19.000,09:31:21.000,-681.2200,0.506970849176172370088719900,0,2
1,Baseline,18,2026-09-21,2026-09-29,PatternA,Put,23400.0000,8,09:31:21.000,09:31:21.000,09:35:10.000,395.6500,0.756533700137551581843191200,2.1320495185694635488308115500,229
1,Baseline,19,2026-09-21,2026-09-29,PatternB,Call,23400.0000,8,09:35:09.000,09:35:09.000,09:38:04.000,-2368.6400,2.5316455696202531645569620300,2.5641025641025641025641025600,175
1,Baseline,20,2026-09-21,2026-09-29,PatternA,Put,23400.0000,8,09:38:04.000,09:38:04.000,09:38:32.000,-1100.2900,1.0666666666666666666666666700,0.6666666666666666666666666700,28
1,Baseline,21,2026-09-21,2026-09-29,PatternB,Call,23400.0000,8,09:38:32.000,09:38:32.000,09:39:14.000,-1426.0800,2.0006559527714004591669399800,0,42
1,Baseline,22,2026-09-21,2026-09-29,PatternA,Put,23400.0000,8,09:39:13.000,09:39:14.000,09:42:51.000,1075.6500,1.4950166112956810631229235900,2.1926910299003322259136212600,217
1,Baseline,23,2026-09-21,2026-09-29,PatternB,Call,23400.0000,8,09:42:51.000,09:42:51.000,09:50:11.000,3869.9000,0.641675109760216143194866600,5.3698074974670719351570415400,440
1,Baseline,24,2026-09-21,2026-09-29,PatternA,Put,23400.0000,8,09:50:11.000,09:50:11.000,09:51:10.000,201.0300,0.7944732297063903281519861800,0.9326424870466321243523316100,59
1,Baseline,25,2026-09-21,2026-09-29,PatternB,Call,23400.0000,8,09:51:10.000,09:51:10.000,09:54:28.000,-1556.4000,1.6291951775822743564679048600,1.2707722385141739980449657900,198
1,Baseline,26,2026-09-21,2026-09-29,PatternA,Put,23400.0000,8,09:54:28.000,09:54:28.000,09:55:33.000,200.1000,0.510030601836110166609996600,1.2240734444066643998639918400,65
1,Baseline,27,2026-09-21,2026-09-29,PatternB,Call,23400.0000,8,09:55:33.000,09:55:33.000,10:01:28.000,-1685.2900,2.3525513585155732273028495700,2.4850894632206759443339960200,355
1,Baseline,28,2026-09-21,2026-09-29,PatternA,Put,23400.0000,8,10:01:28.000,10:01:28.000,10:05:12.000,2213.0300,0.9728279100972827910097282800,3.9919490103991949010399194900,224
1,Baseline,29,2026-09-21,2026-09-29,PatternB,Call,23400.0000,8,10:05:12.000,10:05:12.000,10:08:01.000,-1650.3900,2.6560883063125215591583304600,1.0693342531907554329078992800,169
1,Baseline,30,2026-09-21,2026-09-29,PatternA,Put,23400.0000,8,10:08:01.000,10:08:01.000,10:12:40.000,-4772.4000,4.9773755656108597285067873300,0.4848093083387201034259857800,279
1,Baseline,31,2026-09-21,2026-09-29,PatternB,Call,23400.0000,8,10:12:40.000,10:12:40.000,10:13:23.000,-2690.8800,3.1472081218274111675126903600,0,43
1,Baseline,32,2026-09-21,2026-09-29,PatternA,Put,23400.0000,8,10:13:23.000,10:13:23.000,10:16:24.000,1919.1200,0.4249754821837201699901928700,3.0402092186989212160836874800,181
1,Baseline,33,2026-09-21,2026-09-29,PatternB,Call,23400.0000,8,10:16:24.000,10:16:24.000,10:17:54.000,-1031.6700,1.0638297872340425531914893600,1.6666666666666666666666666700,90
1,Baseline,34,2026-09-21,2026-09-29,PatternA,Put,23400.0000,8,10:17:54.000,10:17:54.000,10:27:01.000,-291.1200,3.1220133800573431028990124200,0.7964319847085058935966868400,547
1,Baseline,35,2026-09-21,2026-09-29,PatternB,Call,23400.0000,8,10:27:01.000,10:27:02.000,10:30:36.000,528.3900,1.8418201516793066088840736700,1.8779342723004694835680751200,214
1,Baseline,36,2026-09-21,2026-09-29,PatternA,Put,23400.0000,8,10:30:36.000,10:30:36.000,10:32:29.000,66.6500,1.2520064205457463884430176600,0.6099518459069020866773675800,113
1,Baseline,37,2026-09-21,2026-09-29,PatternB,Call,23400.0000,8,10:32:28.000,10:32:28.000,10:39:30.000,-2265.1100,2.8407047824523552678892484700,0.1438331535418914059690758700,422
1,Baseline,38,2026-09-21,2026-09-29,PatternA,Put,23400.0000,8,10:39:30.000,10:39:30.000,10:52:01.000,-6137.8900,6.7721518987341772151898734200,0.4113924050632911392405063300,751
1,Baseline,39,2026-09-21,2026-09-29,PatternB,Call,23400.0000,8,10:52:01.000,10:52:01.000,11:00:58.000,-1000.2700,1.8447615732683605986773407600,0.9397841977027497389488339700,537
1,Baseline,40,2026-09-21,2026-09-29,PatternA,Put,23400.0000,8,11:00:58.000,11:00:58.000,11:03:10.000,-872.5000,1.309164149043303121852970800,0.5370929842228935884525008400,132
1,Baseline,41,2026-09-21,2026-09-29,PatternB,Call,23400.0000,8,11:03:10.000,11:03:10.000,11:05:25.000,331.4400,0.3831417624521072796934865900,1.4977359804946011842563566700,135
1,Baseline,42,2026-09-21,2026-09-29,PatternA,Put,23400.0000,8,11:05:25.000,11:05:25.000,11:09:02.000,-2138.4600,2.6852481305234534330387491500,0.6118286879673691366417403100,217
1,Baseline,43,2026-09-21,2026-09-29,PatternB,Call,23400.0000,8,11:09:02.000,11:09:02.000,11:12:53.000,135.4600,0.4786324786324786324786324800,1.7094017094017094017094017100,231
1,Baseline,44,2026-09-21,2026-09-29,PatternA,Put,23400.0000,8,11:12:53.000,11:12:53.000,11:20:13.000,1728.6100,1.1954992967651195499296765100,3.6216596343178621659634317900,440
1,Baseline,45,2026-09-21,2026-09-29,PatternB,Call,23400.0000,8,11:20:13.000,11:20:13.000,11:27:38.000,428.4700,0.7955724662746454514008993400,2.3867173988239363542026980300,445
1,Baseline,46,2026-09-21,2026-09-29,PatternA,Put,23400.0000,8,11:27:38.000,11:27:38.000,11:32:10.000,-3501.4900,3.948735711811569102874956700,0.2424662279182542431589885700,272
1,Baseline,47,2026-09-21,2026-09-29,PatternB,Call,23400.0000,8,11:32:10.000,11:32:10.000,11:36:12.000,-1652.2800,2.6069518716577540106951871700,1.3368983957219251336898395700,242
1,Baseline,48,2026-09-21,2026-09-29,PatternA,Put,23400.0000,8,11:36:12.000,11:36:12.000,11:37:49.000,-349.9000,0.9523809523809523809523809500,0.1763668430335097001763668400,97
1,Baseline,49,2026-09-21,2026-09-29,PatternB,Call,23400.0000,8,11:37:49.000,11:37:49.000,11:38:09.000,-384.7800,0.4402302742973247544869624100,0.0338638672536403657297663400,20
1,Baseline,50,2026-09-21,2026-09-29,PatternA,Put,23400.0000,8,11:38:08.000,11:38:09.000,11:51:28.000,-1681.6700,2.1126760563380281690140845100,0.845070422535211267605633800,799
1,Baseline,51,2026-09-21,2026-09-29,PatternB,Call,23400.0000,8,11:51:27.000,11:51:27.000,11:54:38.000,4161.9100,0.2352150537634408602150537600,5.4771505376344086021505376300,191
1,Baseline,52,2026-09-21,2026-09-29,PatternA,Put,23400.0000,8,11:54:38.000,11:54:38.000,11:54:49.000,-573.4000,0.8695652173913043478260869600,0,11
1,Baseline,53,2026-09-21,2026-09-29,PatternB,Call,23400.0000,8,11:54:49.000,11:54:49.000,11:54:56.000,131.3000,0.2236421725239616613418530400,0.351437699680511182108626200,7
1,Baseline,54,2026-09-21,2026-09-29,PatternA,Put,23450.0000,8,11:54:56.000,11:54:56.000,11:56:03.000,-354.9800,0.1620745542949756888168557500,0.7779578606158833063209076200,67
1,Baseline,55,2026-09-21,2026-09-29,PatternB,Call,23450.0000,8,11:56:03.000,11:56:03.000,11:59:16.000,1148.8100,0.6907137375287797390636991600,2.8779739063699155794320798200,193
1,Baseline,56,2026-09-21,2026-09-29,PatternA,Put,23450.0000,8,11:59:16.000,11:59:16.000,12:00:12.000,-126.9700,0.2620373403209957418932197800,1.1464133639043563707828365500,56
1,Baseline,57,2026-09-21,2026-09-29,PatternB,Call,23450.0000,8,12:00:12.000,12:00:12.000,12:01:31.000,-573.5800,0.9796533534287867370007535800,1.3941220798794272795779954800,79
1,Baseline,58,2026-09-21,2026-09-29,PatternA,Put,23450.0000,8,12:01:31.000,12:01:31.000,12:04:31.000,1009.4700,0.2931596091205211726384364800,1.9543973941368078175895765500,180
1,Baseline,59,2026-09-21,2026-09-29,PatternB,Call,23400.0000,8,12:04:31.000,12:04:31.000,12:07:16.000,293.0300,0.7587733164717040784065760400,0.9800822004426177679418273800,165
1,Baseline,60,2026-09-21,2026-09-29,PatternA,Put,23450.0000,8,12:07:16.000,12:07:17.000,12:10:29.000,1496.3000,0.5181347150259067357512953400,1.6515544041450777202072538900,192
1,Baseline,61,2026-09-21,2026-09-29,PatternB,Call,23400.0000,8,12:10:29.000,12:10:29.000,12:13:07.000,1.6200,0.9621552277100705580500320700,1.3149454778704297626683771600,158
1,Baseline,62,2026-09-21,2026-09-29,PatternA,Put,23450.0000,8,12:13:07.000,12:13:07.000,12:21:40.000,-2304.4900,2.5632809996795898750400512700,0.4485741749439282281320089700,513
1,Baseline,63,2026-09-21,2026-09-29,PatternB,Call,23450.0000,8,12:21:40.000,12:21:40.000,12:22:18.000,-703.5600,1.3925479864508844561535566400,0,38
1,Baseline,64,2026-09-21,2026-09-29,PatternA,Put,23450.0000,8,12:22:17.000,12:22:18.000,12:33:11.000,1139.2900,0.3577235772357723577235772400,2.4390243902439024390243902400,653
1,Baseline,65,2026-09-21,2026-09-29,PatternB,Call,23400.0000,8,12:33:11.000,12:33:11.000,12:45:54.000,-453.4200,2.9993618379068283343969368200,0.5424377791959157626037013400,763
1,Baseline,66,2026-09-21,2026-09-29,PatternA,Put,23400.0000,8,12:45:54.000,12:45:54.000,12:46:44.000,-540.9200,1.0586011342155009451795841200,0.0756143667296786389413988700,50
1,Baseline,67,2026-09-21,2026-09-29,PatternB,Call,23400.0000,8,12:46:43.000,12:46:43.000,12:50:02.000,-2467.4000,2.5746980292434837889383343900,0.1907183725365543547361729200,199
1,Baseline,68,2026-09-21,2026-09-29,PatternA,Put,23400.0000,8,12:50:02.000,12:50:02.000,12:57:04.000,-1126.5500,1.633259094283593170007423900,1.3734224201930215293244246500,422
1,Baseline,69,2026-09-21,2026-09-29,PatternB,Call,23450.0000,8,12:57:04.000,12:57:04.000,13:03:57.000,-2650.9000,3.4029389017788089713843774200,0.0386697602474864655839133800,413
1,Baseline,70,2026-09-21,2026-09-29,PatternA,Put,23400.0000,8,13:03:57.000,13:03:57.000,13:05:43.000,-477.6300,0.5500550055005500550055005500,1.2101210121012101210121012100,106
1,Baseline,71,2026-09-21,2026-09-29,PatternB,Call,23400.0000,8,13:05:43.000,13:05:43.000,13:06:59.000,-1133.3000,1.553205551883674818241903500,0.0991407799074686054196959700,76
1,Baseline,72,2026-09-21,2026-09-29,PatternA,Put,23400.0000,8,13:06:59.000,13:06:59.000,13:07:11.000,-153.2600,0.4730713245997088791848617200,0.218340611353711790393013100,12
1,Baseline,73,2026-09-21,2026-09-29,PatternB,Call,23400.0000,8,13:07:11.000,13:07:11.000,13:08:37.000,-1165.0800,1.6711229946524064171122994700,0,86
1,Baseline,74,2026-09-21,2026-09-29,PatternA,Put,23400.0000,8,13:08:37.000,13:08:37.000,13:09:06.000,-446.1200,0.7567567567567567567567567600,0,29
1,Baseline,75,2026-09-21,2026-09-29,PatternB,Call,23400.0000,8,13:09:06.000,13:09:06.000,13:10:27.000,-1229.6000,1.8181818181818181818181818200,0.2693602693602693602693602700,81
1,Baseline,76,2026-09-21,2026-09-29,PatternA,Put,23400.0000,8,13:10:27.000,13:10:27.000,13:12:52.000,-316.4700,0.8967001434720229555236728800,0.7532281205164992826398852200,145
1,Baseline,77,2026-09-21,2026-09-29,PatternB,Call,23400.0000,8,13:12:52.000,13:12:53.000,13:21:01.000,6890.7100,0.2372077261945103354794984800,7.7261945103354794984750931900,488
1,Baseline,78,2026-09-21,2026-09-29,PatternA,Put,23450.0000,8,13:21:01.000,13:21:01.000,13:22:13.000,-970.8400,0.7608336089976844194508766100,1.2570294409526959973536222300,72
1,Baseline,79,2026-09-21,2026-09-29,PatternB,Call,23450.0000,8,13:22:13.000,13:22:13.000,13:28:35.000,43.8300,1.8567639257294429708222811700,1.3641530882910193255020841200,382
1,Baseline,80,2026-09-21,2026-09-29,PatternA,Put,23450.0000,8,13:28:35.000,13:28:35.000,13:34:59.000,-2431.8100,3.1072502505846976277981957900,0.9021049114600735048446374900,384
1,Baseline,81,2026-09-21,2026-09-29,PatternB,Call,23450.0000,8,13:34:59.000,13:34:59.000,13:36:27.000,-282.0200,0.3716090672612411742846525500,0.817539947974730583426235600,88
1,Baseline,82,2026-09-21,2026-09-29,PatternA,Put,23450.0000,8,13:36:26.000,13:36:27.000,13:36:40.000,5.6500,0.2054794520547945205479452100,0,13
1,Baseline,83,2026-09-21,2026-09-29,PatternB,Call,23450.0000,8,13:36:39.000,13:36:39.000,13:36:43.000,-184.6000,0.557206537890044576523031200,0,4
1,Baseline,84,2026-09-21,2026-09-29,PatternA,Put,23450.0000,8,13:36:43.000,13:36:43.000,13:36:53.000,-156.7500,0.5479452054794520547945205500,0.2739726027397260273972602700,10
1,Baseline,85,2026-09-21,2026-09-29,PatternB,Call,23450.0000,8,13:36:53.000,13:36:53.000,13:42:03.000,-2620.5800,3.751857355126300148588410100,0.0742942050520059435364041600,310
1,Baseline,86,2026-09-21,2026-09-29,PatternA,Put,23450.0000,8,13:42:03.000,13:42:03.000,13:42:45.000,134.3500,0.637583892617449664429530200,0.3355704697986577181208053700,42
1,Baseline,87,2026-09-21,2026-09-29,PatternB,Call,23450.0000,8,13:42:45.000,13:42:45.000,13:51:52.000,2837.8000,0.7680491551459293394777265700,4.8003072196620583717357910900,547
1,Baseline,88,2026-09-21,2026-09-29,PatternA,Put,23450.0000,8,13:51:52.000,13:51:52.000,13:52:07.000,-546.2600,0.4126547455295735900962861100,0.2407152682255845942228335600,15
1,Baseline,89,2026-09-21,2026-09-29,PatternB,Call,23450.0000,8,13:52:06.000,13:52:06.000,13:53:51.000,-184.8400,0.332840236686390532544378700,0.9985207100591715976331360900,105
1,Baseline,90,2026-09-21,2026-09-29,PatternA,Put,23450.0000,8,13:53:51.000,13:53:51.000,13:57:34.000,-3112.0600,3.3413709955218739235273854600,0.5167068549776093696176369300,223
1,Baseline,91,2026-09-21,2026-09-29,PatternB,Call,23450.0000,8,13:57:34.000,13:57:34.000,13:58:20.000,3386.1500,0,4.8728054460766750268720888600,46
1,Baseline,92,2026-09-21,2026-09-29,PatternA,Put,23450.0000,8,13:58:20.000,13:58:20.000,13:59:06.000,-1160.6200,1.298701298701298701298701300,0.5772005772005772005772005800,46
1,Baseline,93,2026-09-21,2026-09-29,PatternB,Call,23450.0000,8,13:59:06.000,13:59:06.000,14:00:22.000,2279.4300,0.4810996563573883161512027500,5.7731958762886597938144329900,76
1,Baseline,94,2026-09-21,2026-09-29,PatternA,Put,23450.0000,8,14:00:22.000,14:00:22.000,14:02:01.000,1244.9700,0.2248032971150243536905207900,2.5852379168227800674409891300,99
1,Baseline,95,2026-09-21,2026-09-29,PatternB,Call,23450.0000,8,14:02:01.000,14:02:01.000,14:21:01.000,-677.0600,5.0491358861402914266350389700,2.1687563537783802100982717700,1140
1,Baseline,96,2026-09-21,2026-09-29,PatternA,Put,23450.0000,8,14:21:01.000,14:21:01.000,14:23:04.000,1374.3400,0.2967359050445103857566765600,2.2626112759643916913946587500,123
1,Baseline,97,2026-09-21,2026-09-29,PatternB,Call,23450.0000,8,14:23:04.000,14:23:04.000,14:25:02.000,201.4400,0.1739130434782608695652173900,0.8695652173913043478260869600,118
1,Baseline,98,2026-09-21,2026-09-29,PatternA,Put,23450.0000,8,14:25:02.000,14:25:02.000,14:27:19.000,-153.1400,0.5105762217359591539022611200,0.8023340627279358132749817700,137
1,Baseline,99,2026-09-21,2026-09-29,PatternB,Call,23450.0000,8,14:27:19.000,14:27:19.000,14:28:26.000,-415.9400,0.415512465373961218836565100,0.9695290858725761772853185600,67
1,Baseline,100,2026-09-21,2026-09-29,PatternA,Put,23450.0000,8,14:28:26.000,14:28:26.000,14:30:57.000,2250.2200,0.3273917788286649690796653300,3.7104401600582029829028737700,151
1,Baseline,101,2026-09-21,2026-09-29,PatternB,Call,23450.0000,8,14:30:57.000,14:30:58.000,14:32:47.000,-381.2700,0.6474820143884892086330935300,1.5827338129496402877697841700,109
1,Baseline,102,2026-09-21,2026-09-29,PatternA,Put,23450.0000,8,14:32:47.000,14:32:47.000,14:32:55.000,-479.8200,0.3174603174603174603174603200,0,8
1,Baseline,103,2026-09-21,2026-09-29,PatternB,Call,23450.0000,8,14:32:55.000,14:32:55.000,14:34:28.000,105.6700,0.7876834944504117436448263500,0.82348728965270318653777300,93
1,Baseline,104,2026-09-21,2026-09-29,PatternA,Put,23450.0000,8,14:34:28.000,14:34:28.000,14:38:14.000,-1128.9300,1.4585556741373176805407328400,1.3162575595873354678050515800,226
1,Baseline,105,2026-09-21,2026-09-29,PatternB,Call,23450.0000,8,14:38:14.000,14:38:14.000,14:42:02.000,-642.1800,0.8471584892340275326509001100,1.2354394634662901517825626500,228
1,Baseline,106,2026-09-21,2026-09-29,PatternA,Put,23450.0000,8,14:42:02.000,14:42:02.000,14:48:39.000,-1031.5300,1.5997156061144685389264130800,0.9242801279772484891574831100,397
1,Baseline,107,2026-09-21,2026-09-29,PatternB,Call,23450.0000,8,14:48:39.000,14:48:39.000,14:50:08.000,-382.8300,0.9450472523626181309065453300,0.1050052502625131256562828100,89
1,Baseline,108,2026-09-21,2026-09-29,PatternA,Put,23450.0000,8,14:50:08.000,14:50:08.000,15:05:36.000,40.7100,1.0741138560687432867883995700,3.1149301825993555316863587500,928
1,Baseline,0,2026-09-22,2026-09-29,PatternA,Put,23450.0000,7,09:15:17.000,09:15:17.000,09:15:26.000,1607.2300,0,3.1765676567656765676567656800,9
1,Baseline,1,2026-09-22,2026-09-29,PatternB,Call,23450.0000,7,09:15:26.000,09:15:26.000,09:16:20.000,-3077.9100,3.5448422545196738745125841900,0,54
1,Baseline,2,2026-09-22,2026-09-29,PatternA,Put,23450.0000,7,09:16:20.000,09:16:20.000,09:16:32.000,-1189.6600,2.074529389166346523242412600,0,12
1,Baseline,3,2026-09-22,2026-09-29,PatternB,Call,23450.0000,7,09:16:32.000,09:16:32.000,09:17:10.000,-5220.0900,6.1863173216885007278020378500,0.2547307132459970887918486200,38
1,Baseline,4,2026-09-22,2026-09-29,PatternA,Put,23450.0000,7,09:17:10.000,09:17:10.000,09:18:31.000,-4050.4100,5.1686217008797653958944281500,0.989736070381231671554252200,81
1,Baseline,5,2026-09-22,2026-09-29,PatternB,Call,23450.0000,7,09:18:31.000,09:18:31.000,09:20:01.000,-3269.9100,3.6954087346024636058230683100,1.1944755505785740948114968300,90
1,Baseline,6,2026-09-22,2026-09-29,PatternA,Put,23450.0000,7,09:20:01.000,09:20:01.000,09:22:21.000,-1709.9700,1.9741837509491268033409263500,3.2649962034927866362946089600,140
1,Baseline,7,2026-09-22,2026-09-29,PatternB,Call,23450.0000,7,09:22:21.000,09:22:21.000,09:22:46.000,-53.2200,0.687022900763358778625954200,0.7251908396946564885496183200,25
1,Baseline,8,2026-09-22,2026-09-29,PatternA,Put,23450.0000,7,09:22:46.000,09:22:46.000,09:24:34.000,-441.9400,1.1288439081354612689762553500,2.6080186843129622421175554700,108
1,Baseline,9,2026-09-22,2026-09-29,PatternB,Call,23450.0000,7,09:24:34.000,09:24:34.000,09:25:02.000,-1450.0700,1.7103762827822120866590649900,0,28
1,Baseline,10,2026-09-22,2026-09-29,PatternA,Put,23450.0000,7,09:25:02.000,09:25:02.000,09:25:57.000,1116.5800,0,2.4672320740169622205088666200,55
1,Baseline,11,2026-09-22,2026-09-29,PatternB,Call,23450.0000,7,09:25:57.000,09:25:57.000,09:26:21.000,-506.7000,0.7815552950371238765142633800,0.1563110590074247753028526800,24
1,Baseline,12,2026-09-22,2026-09-29,PatternA,Put,23450.0000,7,09:26:21.000,09:26:21.000,09:26:56.000,205.8900,0.6024096385542168674698795200,1.2424698795180722891566265100,35
1,Baseline,13,2026-09-22,2026-09-29,PatternB,Call,23450.0000,7,09:26:56.000,09:26:56.000,09:27:15.000,-1383.5900,1.6040688575899843505477308300,0.2738654147104851330203442900,19
1,Baseline,14,2026-09-22,2026-09-29,PatternA,Put,23450.0000,7,09:27:15.000,09:27:15.000,09:28:21.000,-2101.4500,2.7583670467083486575947039400,0.0735564545788892975358587700,66
1,Baseline,15,2026-09-22,2026-09-29,PatternB,Call,23450.0000,7,09:28:21.000,09:28:21.000,09:30:51.000,792.1500,0.349378881987577639751552800,4.3866459627329192546583850900,150
1,Baseline,16,2026-09-22,2026-09-29,PatternA,Put,23450.0000,7,09:30:51.000,09:30:51.000,09:31:11.000,-994.9500,1.8766756032171581769436997300,0,20
1,Baseline,17,2026-09-22,2026-09-29,PatternB,Call,23450.0000,7,09:31:11.000,09:31:11.000,09:32:45.000,-832.5500,1.2638835695135963232477977800,1.6085790884718498659517426300,94
1,Baseline,18,2026-09-22,2026-09-29,PatternA,Put,23450.0000,7,09:32:45.000,09:32:45.000,09:32:54.000,-247.6500,0.2694380292532717474980754400,0.3079291762894534257120862200,9
1,Baseline,19,2026-09-22,2026-09-29,PatternB,Call,23450.0000,7,09:32:54.000,09:32:54.000,09:36:04.000,-2261.2300,2.702702702702702702702702700,0,190
1,Baseline,20,2026-09-22,2026-09-29,PatternA,Put,23450.0000,7,09:36:04.000,09:36:04.000,09:37:27.000,-3204.3400,3.7750094375235938089845224600,0,83
1,Baseline,21,2026-09-22,2026-09-29,PatternB,Call,23450.0000,7,09:37:26.000,09:37:26.000,09:39:21.000,564.4400,0.8098727342846124180485923600,1.8125723100655611261087543400,115
1,Baseline,22,2026-09-22,2026-09-29,PatternA,Put,23450.0000,7,09:39:21.000,09:39:21.000,09:39:34.000,-1122.8800,1.3529645841623557500994826900,0.0397930760047751691205730200,13
1,Baseline,23,2026-09-22,2026-09-29,PatternB,Call,23450.0000,7,09:39:34.000,09:39:34.000,09:40:07.000,-898.1000,1.1742424242424242424242424200,0.1515151515151515151515151500,33
1,Baseline,24,2026-09-22,2026-09-29,PatternA,Put,23450.0000,7,09:40:07.000,09:40:07.000,09:41:05.000,-1999.8700,2.5049701789264413518886679900,0.3976143141153081510934393600,58
1,Baseline,25,2026-09-22,2026-09-29,PatternB,Call,23450.0000,7,09:41:05.000,09:41:05.000,09:41:43.000,628.3100,0.1133358519078201737816395900,1.2466943709860219115980355100,38
1,Baseline,26,2026-09-22,2026-09-29,PatternA,Put,23450.0000,7,09:41:43.000,09:41:43.000,09:44:04.000,-633.9500,2.8006589785831960461285008200,0.4118616144975288303130148300,141
1,Baseline,27,2026-09-22,2026-09-29,PatternB,Call,23450.0000,7,09:44:04.000,09:44:04.000,09:45:44.000,-249.1900,1.1219147344801795063575168300,1.9446522064323111443530291700,100
1,Baseline,28,2026-09-22,2026-09-29,PatternA,Put,23450.0000,7,09:45:44.000,09:45:44.000,09:46:47.000,-373.5500,0.37500,0.500,63
1,Baseline,29,2026-09-22,2026-09-29,PatternB,Call,23450.0000,7,09:46:47.000,09:46:47.000,09:47:47.000,335.4000,0.1494768310911808669656203300,0.7847533632286995515695067300,60
1,Baseline,30,2026-09-22,2026-09-29,PatternA,Put,23450.0000,7,09:47:47.000,09:47:47.000,09:48:18.000,-1899.6200,2.5241901556583929322675641600,0.0841396718552797644089188100,31
1,Baseline,31,2026-09-22,2026-09-29,PatternB,Call,23450.0000,7,09:48:18.000,09:48:18.000,09:48:53.000,-2036.7500,2.2327964860907759882869692500,0.0366032210834553440702781800,35
1,Baseline,32,2026-09-22,2026-09-29,PatternA,Put,23450.0000,7,09:48:53.000,09:48:53.000,09:50:24.000,-795.4800,0.9643605870020964360587002100,1.2997903563941299790356394100,91
1,Baseline,33,2026-09-22,2026-09-29,PatternB,Call,23450.0000,7,09:50:24.000,09:50:24.000,09:52:01.000,-2783.0400,3.1539888682745825602968460100,0.4452690166975881261595547300,97
1,Baseline,34,2026-09-22,2026-09-29,PatternA,Put,23450.0000,7,09:52:01.000,09:52:01.000,09:55:30.000,-1153.6700,3.2510288065843621399176954700,0,209
1,Baseline,35,2026-09-22,2026-09-29,PatternB,Call,23450.0000,7,09:55:30.000,09:55:30.000,09:55:35.000,-637.0400,0.7751937984496124031007751900,0,5
1,Baseline,36,2026-09-22,2026-09-29,PatternA,Put,23450.0000,7,09:55:35.000,09:55:35.000,09:56:12.000,-860.9900,0.9121061359867330016583747900,0.290215588723051409618573800,37
1,Baseline,37,2026-09-22,2026-09-29,PatternB,Call,23450.0000,7,09:56:12.000,09:56:12.000,10:01:56.000,1441.4600,1.2355212355212355212355212400,3.4749034749034749034749034700,344
1,Baseline,38,2026-09-22,2026-09-29,PatternA,Put,23450.0000,7,10:01:56.000,10:01:56.000,10:04:18.000,-306.9600,0.4741379310344827586206896600,2.1120689655172413793103448300,142
1,Baseline,39,2026-09-22,2026-09-29,PatternB,Call,23450.0000,7,10:04:18.000,10:04:18.000,10:06:26.000,-313.4600,0.5303030303030303030303030300,0.8712121212121212121212121200,128
1,Baseline,40,2026-09-22,2026-09-29,PatternA,Put,23450.0000,7,10:06:26.000,10:06:26.000,10:08:09.000,-631.7400,0.9055627425614489003880983200,1.3799051315222078482104355300,103
1,Baseline,41,2026-09-22,2026-09-29,PatternB,Call,23450.0000,7,10:08:09.000,10:08:09.000,10:09:04.000,790.6000,0,1.4328808446455505279034690800,55
1,Baseline,42,2026-09-22,2026-09-29,PatternA,Put,23450.0000,7,10:09:04.000,10:09:04.000,10:09:09.000,-695.6200,0.8826125330979699911738746700,0,5
1,Baseline,43,2026-09-22,2026-09-29,PatternB,Call,23450.0000,7,10:09:09.000,10:09:09.000,10:09:50.000,42.7000,0.2597402597402597402597402600,0.9276437847866419294990723600,41
1,Baseline,44,2026-09-22,2026-09-29,PatternA,Put,23450.0000,7,10:09:50.000,10:09:50.000,10:11:46.000,-500.5000,1.0647737355811889973380656600,1.5971606033717834960070984900,116
1,Baseline,45,2026-09-22,2026-09-29,PatternB,Call,23450.0000,7,10:11:46.000,10:11:46.000,10:11:49.000,-769.5200,0.9608277900960827790096082800,0,3
1,Baseline,46,2026-09-22,2026-09-29,PatternA,Put,23450.0000,7,10:11:49.000,10:11:49.000,10:14:32.000,311.2100,1.0141093474426807760141093500,1.8077601410934744268077601400,163
1,Baseline,47,2026-09-22,2026-09-29,PatternB,Call,23450.0000,7,10:14:32.000,10:14:32.000,10:15:45.000,-313.8900,1.1649755730928222472754603500,0.3382187147688838782412626800,73
1,Baseline,48,2026-09-22,2026-09-29,PatternA,Put,23450.0000,7,10:15:45.000,10:15:45.000,10:19:08.000,148.2800,0.4359197907585004359197907600,2.353966870095902353966870100,203
1,Baseline,49,2026-09-22,2026-09-29,PatternB,Call,23450.0000,7,10:19:08.000,10:19:08.000,10:20:45.000,-865.5600,0.9859689040576412590064467200,0.9101251422070534698521046600,97
1,Baseline,50,2026-09-22,2026-09-29,PatternA,Put,23450.0000,7,10:20:45.000,10:20:45.000,10:21:37.000,764.9300,0,2.201122140699179974104445400,52
1,Baseline,51,2026-09-22,2026-09-29,PatternB,Call,23450.0000,7,10:21:37.000,10:21:37.000,10:22:03.000,-2033.8900,2.5086839058278656889231956800,0.0771902740254727904284060200,26
1,Baseline,52,2026-09-22,2026-09-29,PatternA,Put,23450.0000,7,10:22:03.000,10:22:03.000,10:23:26.000,-698.0800,0.7959782153330540427314620900,2.723083368244658567239212400,83
1,Baseline,53,2026-09-22,2026-09-29,PatternB,Call,23450.0000,7,10:23:26.000,10:23:26.000,10:23:33.000,111.7600,0.2406738868832731648616125200,0.200561572402727637384677100,7
1,Baseline,54,2026-09-22,2026-09-29,PatternA,Put,23450.0000,7,10:23:33.000,10:23:33.000,10:23:44.000,-1055.2300,1.4279714405711885762284754300,0,11
1,Baseline,55,2026-09-22,2026-09-29,PatternB,Call,23450.0000,7,10:23:44.000,10:23:44.000,10:25:57.000,-2941.9600,3.5657686212361331220285261500,0,133
1,Baseline,56,2026-09-22,2026-09-29,PatternA,Put,23450.0000,7,10:25:57.000,10:25:57.000,10:27:55.000,-342.0600,0.3674969375255206206614944900,1.6741527153940383830134748900,118
1,Baseline,57,2026-09-22,2026-09-29,PatternB,Call,23450.0000,7,10:27:55.000,10:27:55.000,10:29:47.000,-147.3500,1.098901098901098901098901100,0.9768009768009768009768009800,112
1,Baseline,58,2026-09-22,2026-09-29,PatternA,Put,23450.0000,7,10:29:47.000,10:29:47.000,10:31:44.000,5277.0700,0,8.476658476658476658476658480,117
1,Baseline,59,2026-09-22,2026-09-29,PatternB,Call,23450.0000,7,10:31:44.000,10:31:44.000,10:32:47.000,-501.8200,0.7330746011211729193617938800,0.7330746011211729193617938800,63
1,Baseline,60,2026-09-22,2026-09-29,PatternA,Put,23450.0000,7,10:32:47.000,10:32:47.000,10:34:12.000,1862.6800,0.303030303030303030303030300,3.7500,85
1,Baseline,61,2026-09-22,2026-09-29,PatternB,Call,23400.0000,7,10:34:12.000,10:34:12.000,10:39:17.000,-1876.0400,2.8063943161634103019538188300,1.8472468916518650088809946700,305
1,Baseline,62,2026-09-22,2026-09-29,PatternA,Put,23400.0000,7,10:39:17.000,10:39:17.000,10:39:26.000,633.7100,1.1759764804703905921881562400,1.1759764804703905921881562400,9
1,Baseline,63,2026-09-22,2026-09-29,PatternB,Call,23400.0000,7,10:39:26.000,10:39:26.000,10:39:56.000,-250.6600,0.3641660597232337946103423200,1.2381646030589949016751638700,30
1,Baseline,64,2026-09-22,2026-09-29,PatternA,Put,23400.0000,7,10:39:56.000,10:39:56.000,10:40:00.000,-536.1300,0.7471980074719800747198007500,0,4
1,Baseline,65,2026-09-22,2026-09-29,PatternB,Call,23400.0000,7,10:40:00.000,10:40:00.000,10:40:29.000,236.3400,0.1451378809869375907111756200,1.8142235123367198838896952100,29
1,Baseline,66,2026-09-22,2026-09-29,PatternA,Put,23400.0000,7,10:40:29.000,10:40:29.000,10:42:31.000,14307.7800,0.6315789473684210526315789500,22.694736842105263157894736840,122
1,Baseline,67,2026-09-22,2026-09-29,PatternB,Call,23400.0000,7,10:42:31.000,10:42:31.000,10:44:23.000,3035.8000,0.3673469387755102040816326500,6.1632653061224489795918367300,112
1,Baseline,68,2026-09-22,2026-09-29,PatternA,Put,23400.0000,7,10:44:23.000,10:44:23.000,10:45:32.000,2901.1300,1.2667660208643815201192250400,4.2846497764530551415797317400,69
1,Baseline,69,2026-09-22,2026-09-29,PatternB,Call,23400.0000,7,10:45:31.000,10:45:32.000,10:45:43.000,-1220.2500,1.7131474103585657370517928300,0,11
1,Baseline,70,2026-09-22,2026-09-29,PatternA,Put,23400.0000,7,10:45:43.000,10:45:43.000,10:46:33.000,-3662.1200,4.8214285714285714285714285700,1.0714285714285714285714285700,50
1,Baseline,71,2026-09-22,2026-09-29,PatternB,Call,23400.0000,7,10:46:33.000,10:46:33.000,10:46:39.000,-84.2200,0.039261876717707106399685900,0.1570475068708284255987436200,6
1,Baseline,72,2026-09-22,2026-09-29,PatternA,Put,23400.0000,7,10:46:39.000,10:46:39.000,10:49:45.000,-444.4400,2.4888558692421991084695393800,2.1545319465081723625557206500,186
1,Baseline,73,2026-09-22,2026-09-29,PatternB,Call,23400.0000,7,10:49:45.000,10:49:45.000,10:51:03.000,-4014.8300,4.9708737864077669902912621400,0,78
1,Baseline,74,2026-09-22,2026-09-29,PatternA,Put,23400.0000,7,10:51:02.000,10:51:02.000,10:51:25.000,104.6700,0.5629838142153413089373680500,0.8092892329345531315974665700,23
1,Baseline,75,2026-09-22,2026-09-29,PatternB,Call,23400.0000,7,10:51:25.000,10:51:26.000,10:51:32.000,-114.8300,0.2851323828920570264765784100,0.2036659877800407331975560100,6
1,Baseline,76,2026-09-22,2026-09-29,PatternA,Put,23400.0000,7,10:51:32.000,10:51:32.000,10:52:45.000,851.5400,2.4561403508771929824561403500,1.5438596491228070175438596500,73
1,Baseline,77,2026-09-22,2026-09-29,PatternB,Call,23400.0000,7,10:52:45.000,10:52:45.000,10:55:43.000,1769.2400,1.7191977077363896848137535800,3.6430618092509209987720016400,178
1,Baseline,78,2026-09-22,2026-09-29,PatternA,Put,23400.0000,7,10:55:43.000,10:55:43.000,10:55:56.000,-1518.9500,1.6288951841359773371104815900,0,13
1,Baseline,79,2026-09-22,2026-09-29,PatternB,Call,23400.0000,7,10:55:56.000,10:55:56.000,10:56:25.000,858.2400,0,1.7460317460317460317460317500,29
1,Baseline,80,2026-09-22,2026-09-29,PatternA,Put,23400.0000,7,10:56:25.000,10:56:25.000,10:57:16.000,-900.3300,0.9454545454545454545454545500,1.3090909090909090909090909100,51
1,Baseline,81,2026-09-22,2026-09-29,PatternB,Call,23400.0000,7,10:57:16.000,10:57:16.000,10:59:14.000,435.3600,0,2.4294670846394984326018808800,118
1,Baseline,82,2026-09-22,2026-09-29,PatternA,Put,23400.0000,7,10:59:14.000,10:59:14.000,10:59:52.000,-1386.3700,1.6709988860007426661715558900,0.2599331600445599702933531400,38
1,Baseline,83,2026-09-22,2026-09-29,PatternB,Call,23400.0000,7,10:59:52.000,10:59:52.000,11:00:22.000,-1871.5500,2.7756360832690824980724749400,0.0771010023130300693909020800,30
1,Baseline,84,2026-09-22,2026-09-29,PatternA,Put,23400.0000,7,11:00:22.000,11:00:22.000,11:00:32.000,-55.2900,0,0.9551800146950771491550330600,10
1,Baseline,85,2026-09-22,2026-09-29,PatternB,Call,23400.0000,7,11:00:32.000,11:00:32.000,11:05:14.000,-1253.4400,3.1041257367387033398821218100,0.3143418467583497053045186600,282
1,Baseline,86,2026-09-22,2026-09-29,PatternA,Put,23400.0000,7,11:05:14.000,11:05:14.000,11:06:31.000,-511.5100,0.5007153075822603719599427800,1.3948497854077253218884120200,77
1,Baseline,87,2026-09-22,2026-09-29,PatternB,Call,23400.0000,7,11:06:31.000,11:06:31.000,11:07:36.000,144.1800,0.2804487179487179487179487200,0.9214743589743589743589743600,65
1,Baseline,88,2026-09-22,2026-09-29,PatternA,Put,23400.0000,7,11:07:36.000,11:07:36.000,11:07:56.000,-835.8400,1.3342949873782906599350883500,0.1803101334294987378290659900,20
1,Baseline,89,2026-09-22,2026-09-29,PatternB,Call,23400.0000,7,11:07:56.000,11:07:56.000,11:12:15.000,1637.7600,0.5158730158730158730158730200,2.5793650793650793650793650800,259
1,Baseline,90,2026-09-22,2026-09-29,PatternA,Put,23400.0000,7,11:12:15.000,11:12:15.000,11:21:02.000,-1775.6000,5.886764154480689913760779900,0.5999250093738282714660667400,527
1,Baseline,91,2026-09-22,2026-09-29,PatternB,Call,23400.0000,7,11:21:02.000,11:21:02.000,11:23:46.000,1083.6700,0.6500956022944550669216061200,2.4856596558317399617590822200,164
1,Baseline,92,2026-09-22,2026-09-29,PatternA,Put,23400.0000,7,11:23:46.000,11:23:46.000,11:24:31.000,-831.8000,1.0489510489510489510489510500,0.2331002331002331002331002300,45
1,Baseline,93,2026-09-22,2026-09-29,PatternB,Call,23400.0000,7,11:24:31.000,11:24:31.000,11:27:04.000,-1743.3400,2.0537714712471994025392083600,1.568334578043315907393577300,153
1,Baseline,94,2026-09-22,2026-09-29,PatternA,Put,23400.0000,7,11:27:04.000,11:27:04.000,11:29:31.000,-539.7000,1.3152804642166344294003868500,0.580270793036750483558994200,147
1,Baseline,95,2026-09-22,2026-09-29,PatternB,Call,23400.0000,7,11:29:31.000,11:29:31.000,11:30:05.000,-735.1100,1.1872845653006510915358100300,0,34
1,Baseline,96,2026-09-22,2026-09-29,PatternA,Put,23400.0000,7,11:30:05.000,11:30:05.000,11:34:29.000,3682.4300,0,5.7395993836671802773497688800,264
1,Baseline,97,2026-09-22,2026-09-29,PatternB,Call,23400.0000,7,11:34:29.000,11:34:29.000,11:42:45.000,-3753.4000,5.326391670004004805766920300,0.3604325190228273928714457300,496
1,Baseline,98,2026-09-22,2026-09-29,PatternA,Put,23400.0000,7,11:42:45.000,11:42:45.000,11:46:58.000,1923.8600,2.3000707714083510261854210900,4.6355272469922151450813871200,253
1,Baseline,99,2026-09-22,2026-09-29,PatternB,Call,23350.0000,7,11:46:58.000,11:46:58.000,11:48:08.000,-901.6300,3.3404406538734896943852167700,0,70
1,Baseline,100,2026-09-22,2026-09-29,PatternA,Put,23350.0000,7,11:48:08.000,11:48:08.000,11:49:03.000,-828.9100,2.3848684210526315789473684200,0,55
1,Baseline,101,2026-09-22,2026-09-29,PatternB,Call,23350.0000,7,11:49:03.000,11:49:03.000,11:50:44.000,-1616.3300,2.0914569301666075859624246700,0.2835873803615739099610067400,101
1,Baseline,102,2026-09-22,2026-09-29,PatternA,Put,23350.0000,7,11:50:44.000,11:50:44.000,11:53:56.000,665.0900,1.1909650924024640657084188900,3.4907597535934291581108829600,192
1,Baseline,103,2026-09-22,2026-09-29,PatternB,Call,23350.0000,7,11:53:56.000,11:53:56.000,11:54:33.000,-835.5800,1.1956521739130434782608695700,0,37
1,Baseline,104,2026-09-22,2026-09-29,PatternA,Put,23350.0000,7,11:54:33.000,11:54:34.000,11:56:35.000,3717.1900,0.3623188405797101449275362300,5.1932367149758454106280193200,121
1,Baseline,105,2026-09-22,2026-09-29,PatternB,Call,23350.0000,7,11:56:35.000,11:56:35.000,12:00:27.000,5046.3600,0.26850786344457230533179900,6.9812044495588799386267740700,232
1,Baseline,106,2026-09-22,2026-09-29,PatternA,Put,23350.0000,7,12:00:27.000,12:00:27.000,12:06:05.000,-2810.0300,3.7113402061855670103092783500,2.6391752577319587628865979400,338
1,Baseline,107,2026-09-22,2026-09-29,PatternB,Call,23350.0000,7,12:06:05.000,12:06:05.000,12:08:32.000,-836.7300,2.8044018459353922612708555200,0,147
1,Baseline,108,2026-09-22,2026-09-29,PatternA,Put,23350.0000,7,12:08:32.000,12:08:32.000,12:14:30.000,1120.7800,2.8068705488060326770004189400,2.5555090071219103477167993300,358
1,Baseline,109,2026-09-22,2026-09-29,PatternB,Call,23350.0000,7,12:14:30.000,12:14:30.000,12:15:05.000,-1680.2900,1.803751803751803751803751800,0,35
1,Baseline,110,2026-09-22,2026-09-29,PatternA,Put,23350.0000,7,12:15:05.000,12:15:05.000,12:16:22.000,-829.6200,1.2160518848804215646534252100,1.2971220105391163356303202300,77
1,Baseline,111,2026-09-22,2026-09-29,PatternB,Call,23350.0000,7,12:16:22.000,12:16:22.000,12:21:06.000,2770.1000,0,4.4176706827309236947791164700,284
1,Baseline,112,2026-09-22,2026-09-29,PatternA,Put,23400.0000,7,12:21:06.000,12:21:07.000,12:25:49.000,73.0400,2.5714285714285714285714285700,2.00,282
1,Baseline,113,2026-09-22,2026-09-29,PatternB,Call,23350.0000,7,12:25:49.000,12:25:50.000,12:25:56.000,-24.5200,0.2138275124732715609408410500,0.0356379187455452601568068400,6
1,Baseline,114,2026-09-22,2026-09-29,PatternA,Put,23350.0000,7,12:25:56.000,12:25:56.000,12:27:24.000,-1054.3000,2.483940042826552462526766600,0.214132762312633832976445400,88
1,Baseline,115,2026-09-22,2026-09-29,PatternB,Call,23400.0000,7,12:27:24.000,12:27:24.000,12:28:22.000,-1215.9300,1.9590770570309098824553765800,0,58
1,Baseline,116,2026-09-22,2026-09-29,PatternA,Put,23400.0000,7,12:28:22.000,12:28:22.000,12:41:44.000,625.1000,1.3903743315508021390374331600,4.8128342245989304812834224600,802
1,Baseline,117,2026-09-22,2026-09-29,PatternB,Call,23350.0000,7,12:41:43.000,12:41:43.000,12:45:12.000,-4409.0900,4.5405791919914193779048981100,0.4647836968180193063997139800,209
1,Baseline,118,2026-09-22,2026-09-29,PatternA,Put,23350.0000,7,12:45:12.000,12:45:12.000,12:46:12.000,-310.0900,0.9296685529506871463217461600,0.9700889248181083265966046900,60
1,Baseline,119,2026-09-22,2026-09-29,PatternB,Call,23350.0000,7,12:46:12.000,12:46:12.000,12:47:23.000,497.9800,0.6374203224596925384326959100,1.2373453318335208098987626500,71
1,Baseline,120,2026-09-22,2026-09-29,PatternA,Put,23350.0000,7,12:47:23.000,12:47:23.000,12:49:22.000,-1414.0800,2.9698942229454841334418226200,0.4068348250610252237591537800,119
1,Baseline,121,2026-09-22,2026-09-29,PatternB,Call,23350.0000,7,12:49:22.000,12:49:22.000,12:53:10.000,-3433.4000,6.5129893889498719356019026700,0,228
1,Baseline,122,2026-09-22,2026-09-29,PatternA,Put,23350.0000,7,12:53:10.000,12:53:10.000,12:57:06.000,988.4900,0.0399361022364217252396166100,5.0319488817891373801916932900,236
1,Baseline,123,2026-09-22,2026-09-29,PatternB,Call,23350.0000,7,12:57:06.000,12:57:06.000,12:58:28.000,532.4700,0.0389408099688473520249221200,1.2461059190031152647975077900,82
1,Baseline,124,2026-09-22,2026-09-29,PatternA,Put,23350.0000,7,12:58:28.000,12:58:28.000,12:59:05.000,-376.8200,1.7180788754392815306520890300,0.1952362358453729012104646600,37
1,Baseline,125,2026-09-22,2026-09-29,PatternB,Call,23350.0000,7,12:59:05.000,12:59:05.000,13:00:06.000,-734.7600,0.9637625289128758673862760200,0.2313030069390902081727062500,61
1,Baseline,126,2026-09-22,2026-09-29,PatternA,Put,23350.0000,7,13:00:06.000,13:00:06.000,13:00:54.000,2253.6700,0,3.7611477316789453276463745600,48
1,Baseline,127,2026-09-22,2026-09-29,PatternB,Call,23350.0000,7,13:00:54.000,13:00:54.000,13:01:37.000,631.2300,0.5593288054334798242109468600,1.6779864163004394726328405900,43
1,Baseline,128,2026-09-22,2026-09-29,PatternA,Put,23350.0000,7,13:01:37.000,13:01:37.000,13:01:44.000,433.9000,0.4573170731707317073170731700,0.8003048780487804878048780500,7
1,Baseline,129,2026-09-22,2026-09-29,PatternB,Call,23350.0000,7,13:01:44.000,13:01:44.000,13:03:21.000,-538.3800,0.6746031746031746031746031700,2.896825396825396825396825400,97
1,Baseline,130,2026-09-22,2026-09-29,PatternA,Put,23350.0000,7,13:03:20.000,13:03:20.000,13:04:01.000,-476.1000,0.6787330316742081447963800900,0.150829562594268476621417800,41
1,Baseline,131,2026-09-22,2026-09-29,PatternB,Call,23350.0000,7,13:04:01.000,13:04:01.000,13:04:34.000,143.6700,0.0396667988893296310987703300,1.1503371677905593018643395500,33
1,Baseline,132,2026-09-22,2026-09-29,PatternA,Put,23350.0000,7,13:04:34.000,13:04:34.000,13:05:07.000,-930.4800,0.8349146110056925996204933600,0,33
1,Baseline,133,2026-09-22,2026-09-29,PatternB,Call,23350.0000,7,13:05:07.000,13:05:07.000,13:08:39.000,1734.5000,0.391542678151918559122944400,3.6805011746280344557556773700,212
1,Baseline,134,2026-09-22,2026-09-29,PatternA,Put,23350.0000,7,13:08:39.000,13:08:39.000,13:10:04.000,-2130.3100,2.9909484454939000393545848100,0.0787091696182605273514364400,85
1,Baseline,135,2026-09-22,2026-09-29,PatternB,Call,23350.0000,7,13:10:04.000,13:10:05.000,13:11:31.000,-703.4200,0.9433962264150943396226415100,0.377358490566037735849056600,86
1,Baseline,136,2026-09-22,2026-09-29,PatternA,Put,23350.0000,7,13:11:31.000,13:11:32.000,13:13:09.000,176.2500,0.556438791732909379968203500,0.8346581875993640699523052500,97
1,Baseline,137,2026-09-22,2026-09-29,PatternB,Call,23350.0000,7,13:13:09.000,13:13:09.000,13:17:54.000,-2391.8200,2.7830728173846740373617994700,2.1730842546702249332825009500,285
1,Baseline,138,2026-09-22,2026-09-29,PatternA,Put,23350.0000,7,13:17:54.000,13:17:54.000,13:20:10.000,109.6700,1.9645608628659476117103235700,1.3097072419106317411402157200,136
1,Baseline,139,2026-09-22,2026-09-29,PatternB,Call,23350.0000,7,13:20:10.000,13:20:10.000,13:20:30.000,-1123.9500,1.1301636788776305533904910400,0.233826968043647700701480900,20
1,Baseline,140,2026-09-22,2026-09-29,PatternA,Put,23350.0000,7,13:20:30.000,13:20:30.000,13:23:59.000,-540.8000,1.3641530882910193255020841200,0.5305039787798408488063660500,209
1,Baseline,141,2026-09-22,2026-09-29,PatternB,Call,23350.0000,7,13:23:59.000,13:23:59.000,13:24:46.000,-344.4000,1.248049921996879875195007800,0.2340093603744149765990639600,47
1,Baseline,142,2026-09-22,2026-09-29,PatternA,Put,23350.0000,7,13:24:46.000,13:24:46.000,13:27:57.000,-1774.7800,2.1317091739626950894556528400,0.4948610582413399314807765500,191
1,Baseline,143,2026-09-22,2026-09-29,PatternB,Call,23350.0000,7,13:27:57.000,13:27:57.000,13:32:01.000,856.6600,0.3079291762894534257120862200,1.8475750577367205542725173200,244
1,Baseline,144,2026-09-22,2026-09-29,PatternA,Put,23350.0000,7,13:32:01.000,13:32:01.000,13:32:39.000,-798.4800,2.0923805763916304776944334800,0,38
1,Baseline,145,2026-09-22,2026-09-29,PatternB,Call,23350.0000,7,13:32:38.000,13:32:38.000,13:33:04.000,-638.3800,0.7180650037792894935752078600,0.2645502645502645502645502600,26
1,Baseline,146,2026-09-22,2026-09-29,PatternA,Put,23350.0000,7,13:33:04.000,13:33:04.000,13:34:30.000,-863.5200,2.4832479306267244777296018900,0.0788332676389436342136381600,86
1,Baseline,147,2026-09-22,2026-09-29,PatternB,Call,23350.0000,7,13:34:30.000,13:34:30.000,13:38:37.000,-151.1200,0.491865304578130911842603100,1.2107453651153991676125614800,247
1,Baseline,148,2026-09-22,2026-09-29,PatternA,Put,23350.0000,7,13:38:36.000,13:38:36.000,13:40:04.000,-603.3400,0.8730158730158730158730158700,0.7142857142857142857142857100,88
1,Baseline,149,2026-09-22,2026-09-29,PatternB,Call,23350.0000,7,13:40:04.000,13:40:04.000,13:44:04.000,-638.5400,0.7535795026375282592313489100,1.8085908063300678221552373800,240
1,Baseline,150,2026-09-22,2026-09-29,PatternA,Put,23350.0000,7,13:44:04.000,13:44:04.000,13:50:25.000,6801.9700,0.3567181926278240190249702700,9.908838684106222750693618710,381
1,Baseline,151,2026-09-22,2026-09-29,PatternB,Call,23350.0000,7,13:50:25.000,13:50:25.000,13:51:09.000,-1088.7100,1.9341563786008230452674897100,0.0823045267489711934156378600,44
1,Baseline,152,2026-09-22,2026-09-29,PatternA,Put,23350.0000,7,13:51:09.000,13:51:09.000,13:51:41.000,723.1000,1.2243428159884767734965790400,0.9002520705797623334533669400,32
1,Baseline,153,2026-09-22,2026-09-29,PatternB,Call,23350.0000,7,13:51:41.000,13:51:41.000,13:55:53.000,-3394.0400,7.936507936507936507936507940,1.0860484544695071010860484500,252
1,Baseline,154,2026-09-22,2026-09-29,PatternA,Put,23300.0000,7,13:55:53.000,13:55:53.000,13:58:44.000,2970.0100,0,3.8940184664793255720594138900,171
1,Baseline,155,2026-09-22,2026-09-29,PatternB,Call,23300.0000,7,13:58:44.000,13:58:44.000,13:59:45.000,-899.7400,1.3230429988974641675854465300,0.8085262771040058801911062100,61
1,Baseline,156,2026-09-22,2026-09-29,PatternA,Put,23300.0000,7,13:59:45.000,13:59:45.000,14:01:09.000,4494.7100,0.6196746707978311386522075900,8.171959721146398140975987610,84
1,Baseline,157,2026-09-22,2026-09-29,PatternB,Call,23300.0000,7,14:01:09.000,14:01:09.000,14:02:31.000,2254.0400,0,4.0609137055837563451776649700,82
1,Baseline,158,2026-09-22,2026-09-29,PatternA,Put,23300.0000,7,14:02:31.000,14:02:31.000,14:02:56.000,-216.0200,1.8560606060606060606060606100,0.3409090909090909090909090900,25
1,Baseline,159,2026-09-22,2026-09-29,PatternB,Call,23300.0000,7,14:02:56.000,14:02:56.000,14:05:42.000,368.3500,0.4900113079532604598567659300,3.2416132679984922728986053500,166
1,Baseline,160,2026-09-22,2026-09-29,PatternA,Put,23300.0000,7,14:05:42.000,14:05:42.000,14:08:25.000,174.7100,2.7777777777777777777777777800,2.3919753086419753086419753100,163
1,Baseline,161,2026-09-22,2026-09-29,PatternB,Call,23300.0000,7,14:08:25.000,14:08:25.000,14:13:56.000,12158.1700,0.337331334332833583208395800,16.191904047976011994002998500,331
1,Baseline,162,2026-09-22,2026-09-29,PatternA,Put,23350.0000,7,14:13:56.000,14:13:56.000,14:14:01.000,824.4400,0.0386847195357833655705996100,1.3926499032882011605415860700,5
1,Baseline,163,2026-09-22,2026-09-29,PatternB,Call,23350.0000,7,14:14:01.000,14:14:01.000,14:15:48.000,15279.8100,1.0437575270975511842633480500,29.706945002007226013649136890,107
1,Baseline,164,2026-09-22,2026-09-29,PatternA,Put,23400.0000,7,14:15:48.000,14:15:48.000,14:15:53.000,-377.5300,0.6933744221879815100154083200,0.0770416024653312788906009200,5
1,Baseline,165,2026-09-22,2026-09-29,PatternB,Call,23400.0000,7,14:15:53.000,14:15:53.000,14:16:21.000,-2777.4300,7.110376188507647788342290200,0,28
1,Baseline,166,2026-09-22,2026-09-29,PatternA,Put,23400.0000,7,14:16:21.000,14:16:21.000,14:16:28.000,-1419.8400,1.3493800145878920495988329700,0.7658643326039387308533916800,7
1,Baseline,167,2026-09-22,2026-09-29,PatternB,Call,23400.0000,7,14:16:28.000,14:16:28.000,14:17:27.000,4369.3000,1.483050847457627118644067800,6.483050847457627118644067800,59
1,Baseline,168,2026-09-22,2026-09-29,PatternA,Put,23400.0000,7,14:17:27.000,14:17:27.000,14:20:28.000,-3430.2300,5.2386495925494761350407450500,1.4357780364765230888630190100,181
1,Baseline,169,2026-09-22,2026-09-29,PatternB,Call,23400.0000,7,14:20:28.000,14:20:28.000,14:22:02.000,1732.7200,0,5.9803179409538228614685844100,94
1,Baseline,170,2026-09-22,2026-09-29,PatternA,Put,23400.0000,7,14:22:02.000,14:22:02.000,14:22:45.000,-310.3100,1.4084507042253521126760563400,1.1267605633802816901408450700,43
1,Baseline,171,2026-09-22,2026-09-29,PatternB,Call,23400.0000,7,14:22:45.000,14:22:45.000,14:23:49.000,9.4500,1.0245151847786315404317599700,1.2806439809732894255396999600,64
1,Baseline,172,2026-09-22,2026-09-29,PatternA,Put,23400.0000,7,14:23:49.000,14:23:49.000,14:24:59.000,4236.8000,0.6031363088057901085645355900,5.7901085645355850422195416200,70
1,Baseline,173,2026-09-22,2026-09-29,PatternB,Call,23400.0000,7,14:24:59.000,14:24:59.000,14:27:08.000,5112.9200,0.5537974683544303797468354400,8.109177215189873417721518990,129
1,Baseline,174,2026-09-22,2026-09-29,PatternA,Put,23400.0000,7,14:27:08.000,14:27:08.000,14:28:01.000,923.9100,0.2012072434607645875251509100,1.9315895372233400402414486900,53
1,Baseline,175,2026-09-22,2026-09-29,PatternB,Call,23400.0000,7,14:28:01.000,14:28:01.000,14:28:09.000,-1710.8200,1.9431988041853512705530642800,0,8
1,Baseline,176,2026-09-22,2026-09-29,PatternA,Put,23400.0000,7,14:28:09.000,14:28:09.000,14:32:04.000,110.4400,1.9155590304925723221266614500,1.0164190774042220484753713800,235
1,Baseline,177,2026-09-22,2026-09-29,PatternB,Call,23400.0000,7,14:32:04.000,14:32:04.000,14:32:16.000,-573.9500,1.0104790419161676646706586800,0,12
1,Baseline,178,2026-09-22,2026-09-29,PatternA,Put,23400.0000,7,14:32:16.000,14:32:16.000,14:34:22.000,1701.8400,3.2383925087787748731954740500,2.9262582910651580179477175200,126
1,Baseline,179,2026-09-22,2026-09-29,PatternB,Call,23400.0000,7,14:34:22.000,14:34:22.000,14:34:32.000,-2325.5600,3.2043767096522078937084798700,0,10
1,Baseline,180,2026-09-22,2026-09-29,PatternA,Put,23400.0000,7,14:34:31.000,14:34:32.000,14:35:39.000,-1678.2200,3.2209737827715355805243445700,1.6853932584269662921348314600,67
1,Baseline,181,2026-09-22,2026-09-29,PatternB,Call,23400.0000,7,14:35:39.000,14:35:39.000,14:36:24.000,923.2400,0,3.6536934074662430500397140600,45
1,Baseline,182,2026-09-22,2026-09-29,PatternA,Put,23400.0000,7,14:36:24.000,14:36:24.000,14:36:28.000,-669.3000,1.595951732191514207862981700,0.5449591280653950953678474100,4
1,Baseline,183,2026-09-22,2026-09-29,PatternB,Call,23400.0000,7,14:36:28.000,14:36:28.000,14:38:18.000,-669.3200,1.4785992217898832684824902700,2.4124513618677042801556420200,110
1,Baseline,184,2026-09-22,2026-09-29,PatternA,Put,23400.0000,7,14:38:17.000,14:38:17.000,14:40:08.000,-85.8400,1.6749143509706889988580129400,1.9033117624666920441568328900,111
1,Baseline,185,2026-09-22,2026-09-29,PatternB,Call,23400.0000,7,14:40:08.000,14:40:08.000,14:40:23.000,-1091.1700,1.5680125441003528028224225800,0,15
1,Baseline,186,2026-09-22,2026-09-29,PatternA,Put,23400.0000,7,14:40:22.000,14:40:22.000,14:41:52.000,2154.6500,0.3763643206624012043658261200,4.2152803914188934888972525400,90
1,Baseline,187,2026-09-22,2026-09-29,PatternB,Call,23400.0000,7,14:41:52.000,14:41:52.000,14:42:08.000,-212.1800,0.3671970624235006119951040400,2.1215830273357813137494900,16
1,Baseline,188,2026-09-22,2026-09-29,PatternA,Put,23400.0000,7,14:42:08.000,14:42:08.000,14:43:16.000,2380.2200,0,5.865209471766848816029143900,68
1,Baseline,189,2026-09-22,2026-09-29,PatternB,Call,23350.0000,7,14:43:16.000,14:43:16.000,14:45:23.000,2116.6200,1.0238907849829351535836177500,2.6279863481228668941979522200,127
1,Baseline,190,2026-09-22,2026-09-29,PatternA,Put,23400.0000,7,14:45:22.000,14:45:22.000,14:46:25.000,-1388.1800,3.6664270309130122214234363800,0,63
1,Baseline,191,2026-09-22,2026-09-29,PatternB,Call,23400.0000,7,14:46:25.000,14:46:25.000,14:49:31.000,-1933.9500,3.0794165316045380875202593200,0.9319286871961102106969205800,186
1,Baseline,192,2026-09-22,2026-09-29,PatternA,Put,23400.0000,7,14:49:31.000,14:49:31.000,14:49:41.000,-120.8400,0.2181025081788440567066521300,0.2544529262086513994910941500,10
1,Baseline,193,2026-09-22,2026-09-29,PatternB,Call,23400.0000,7,14:49:41.000,14:49:41.000,14:50:01.000,-1153.2800,1.9493985897967648278722521800,0.5806719203649937785151389500,20
1,Baseline,194,2026-09-22,2026-09-29,PatternA,Put,23400.0000,7,14:50:01.000,14:50:01.000,14:50:17.000,-803.7700,1.1815252416756176154672395300,0.1790189760114572144647332600,16
1,Baseline,195,2026-09-22,2026-09-29,PatternB,Call,23400.0000,7,14:50:17.000,14:50:17.000,14:53:37.000,-568.3400,1.419031719532554257095158600,3.5893155258764607679465776300,200
1,Baseline,196,2026-09-22,2026-09-29,PatternA,Put,23400.0000,7,14:53:37.000,14:53:37.000,14:55:10.000,-1842.0600,2.6267785479751915359357898600,0,93
1,Baseline,197,2026-09-22,2026-09-29,PatternB,Call,23400.0000,7,14:55:10.000,14:55:10.000,14:56:08.000,-146.4300,1.3266998341625207296849087900,0.8291873963515754560530679900,58
1,Baseline,198,2026-09-22,2026-09-29,PatternA,Put,23400.0000,7,14:56:08.000,14:56:08.000,14:56:22.000,464.5500,0,0.957995578481945467943994100,14
1,Baseline,199,2026-09-22,2026-09-29,PatternB,Call,23400.0000,7,14:56:22.000,14:56:22.000,14:56:24.000,-275.8800,0.2511511092507325240686479700,0,2
1,Baseline,200,2026-09-22,2026-09-29,PatternA,Put,23400.0000,7,14:56:24.000,14:56:25.000,14:57:43.000,-218.0300,1.6794450529390288426433004700,0.4746257758305951077035414400,78
1,Baseline,201,2026-09-22,2026-09-29,PatternB,Call,23400.0000,7,14:57:43.000,14:57:43.000,14:58:34.000,-1478.1800,3.9321192052980132450331125800,0,51
1,Baseline,202,2026-09-22,2026-09-29,PatternA,Put,23350.0000,7,14:58:34.000,14:58:34.000,14:58:45.000,700.1100,0.1298701298701298701298701300,1.4285714285714285714285714300,11
1,Baseline,203,2026-09-22,2026-09-29,PatternB,Call,23350.0000,7,14:58:45.000,14:58:46.000,14:58:50.000,-188.4000,0.3126085446335533171240013900,0.2431399791594303577631121900,4
1,Baseline,204,2026-09-22,2026-09-29,PatternA,Put,23350.0000,7,14:58:50.000,14:58:51.000,15:00:17.000,407.2200,0.4704875962360992301112061600,3.2934131736526946107784431100,86
1,Baseline,0,2026-09-23,2026-10-06,PatternA,Put,23400.0000,13,09:15:14.000,09:15:14.000,09:15:33.000,910.0600,0.1578781180928323334385854100,4.1048310704136406694032207100,19
1,Baseline,1,2026-09-23,2026-10-06,PatternB,Call,23400.0000,13,09:15:33.000,09:15:33.000,09:15:46.000,-4100.7300,3.466444814198557958957293400,0,13
1,Baseline,2,2026-09-23,2026-10-06,PatternA,Put,23400.0000,13,09:15:46.000,09:15:46.000,09:16:37.000,-1496.3200,2.3269870051375037775763070400,2.750075551526140828044726500,51
1,Baseline,3,2026-09-23,2026-10-06,PatternB,Call,23400.0000,13,09:16:37.000,09:16:37.000,09:17:11.000,4151.3100,0,4.1738136077758719268153230400,34
1,Baseline,4,2026-09-23,2026-10-06,PatternA,Put,23400.0000,13,09:17:11.000,09:17:11.000,09:19:16.000,-3961.2200,4.5947670708359923420548819400,1.340140395660497766432673900,125
1,Baseline,5,2026-09-23,2026-10-06,PatternB,Call,23400.0000,13,09:19:16.000,09:19:16.000,09:20:09.000,3430.6200,0.2631578947368421052631578900,3.8421052631578947368421052600,53
1,Baseline,6,2026-09-23,2026-10-06,PatternA,Put,23450.0000,13,09:20:09.000,09:20:09.000,09:22:32.000,126.5300,2.1396731054977711738484398200,1.3372956909361069836552748900,143
1,Baseline,7,2026-09-23,2026-10-06,PatternB,Call,23400.0000,13,09:22:32.000,09:22:32.000,09:24:11.000,-3198.4900,2.2474747474747474747474747500,1.1616161616161616161616161600,99
1,Baseline,8,2026-09-23,2026-10-06,PatternA,Put,23400.0000,13,09:24:11.000,09:24:11.000,09:27:59.000,4518.8200,0.8350033400133600534402137600,5.5444221776887107548430193700,228
1,Baseline,9,2026-09-23,2026-10-06,PatternB,Call,23400.0000,13,09:27:59.000,09:27:59.000,09:28:21.000,-1016.4600,0.3269754768392370572207084500,0.5449591280653950953678474100,22
1,Baseline,10,2026-09-23,2026-10-06,PatternA,Put,23400.0000,13,09:28:21.000,09:28:21.000,09:31:03.000,-713.8200,1.043643263757115749525616700,2.2770398481973434535104364300,162
1,Baseline,11,2026-09-23,2026-10-06,PatternB,Call,23400.0000,13,09:31:03.000,09:31:03.000,09:33:36.000,-1308.4500,2.2441160372194854953475643100,1.1220580186097427476737821600,153
1,Baseline,12,2026-09-23,2026-10-06,PatternA,Put,23400.0000,13,09:33:36.000,09:33:36.000,09:35:05.000,-4157.3400,3.9123630672926447574334898300,0.7824726134585289514866979700,89
1,Baseline,13,2026-09-23,2026-10-06,PatternB,Call,23400.0000,13,09:35:05.000,09:35:05.000,09:35:11.000,-1017.3500,0.9693053311793214862681744700,0,6
1,Baseline,14,2026-09-23,2026-10-06,PatternA,Put,23400.0000,13,09:35:11.000,09:35:11.000,09:35:16.000,-777.4400,0.7428940568475452196382428900,0,5
1,Baseline,15,2026-09-23,2026-10-06,PatternB,Call,23400.0000,13,09:35:16.000,09:35:16.000,09:40:11.000,-1309.7700,3.8988975531056735681634848100,0.5108900242000537778972842200,295
1,Baseline,16,2026-09-23,2026-10-06,PatternA,Put,23400.0000,13,09:40:11.000,09:40:11.000,09:40:22.000,-1199.9000,1.2230447376890891535242999700,0,11
1,Baseline,17,2026-09-23,2026-10-06,PatternB,Call,23400.0000,13,09:40:22.000,09:40:22.000,09:41:25.000,-1277.0500,1.4027515511195036417588346400,0.1888319395737793363906123600,63
1,Baseline,18,2026-09-23,2026-10-06,PatternA,Put,23400.0000,13,09:41:25.000,09:41:25.000,09:45:06.000,-1946.4000,2.4991885751379422265498214900,0.7140538786108406361570918500,221
1,Baseline,19,2026-09-23,2026-10-06,PatternB,Call,23400.0000,13,09:45:06.000,09:45:06.000,09:45:32.000,801.5300,0.4309183948289792620522488600,1.562079181255049824939402100,26
1,Baseline,20,2026-09-23,2026-10-06,PatternA,Put,23400.0000,13,09:45:31.000,09:45:31.000,09:52:08.000,6987.0900,0.799200799200799200799200800,8.957708957708957708957708960,397
1,Baseline,21,2026-09-23,2026-10-06,PatternB,Call,23400.0000,13,09:52:08.000,09:52:09.000,09:57:45.000,1065.0000,4.555744199207696661007357100,2.4335031126202603282399547300,336
1,Baseline,22,2026-09-23,2026-10-06,PatternA,Put,23400.0000,13,09:57:45.000,09:57:45.000,09:57:57.000,-291.2000,0.1590836780146356983773464800,0.6681514476614699331848552300,12
1,Baseline,23,2026-09-23,2026-10-06,PatternB,Call,23400.0000,13,09:57:56.000,09:57:57.000,10:00:59.000,2005.8600,1.8962632459564974902398215300,3.9598438371444506413831567200,182
1,Baseline,24,2026-09-23,2026-10-06,PatternA,Put,23400.0000,13,10:00:59.000,10:01:00.000,10:01:07.000,-646.4500,0.3286230693394676306276700600,0,7
1,Baseline,25,2026-09-23,2026-10-06,PatternB,Call,23400.0000,13,10:01:07.000,10:01:07.000,10:01:54.000,-1471.1100,1.2817016634851377147532042500,0.109080992637032997000272700,47
1,Baseline,26,2026-09-23,2026-10-06,PatternA,Put,23400.0000,13,10:01:54.000,10:01:54.000,10:04:15.000,-1166.7300,1.7246989912137975919297103800,0.8786202408070289619264562300,141
1,Baseline,27,2026-09-23,2026-10-06,PatternB,Call,23400.0000,13,10:04:15.000,10:04:15.000,10:12:59.000,-6082.7000,6.4817357868717385333699533100,1.9774787146388354847569349100,524
1,Baseline,28,2026-09-23,2026-10-06,PatternA,Put,23400.0000,13,10:12:59.000,10:12:59.000,10:13:49.000,-3021.0400,4.0695868282075178626902764800,0,50
1,Baseline,29,2026-09-23,2026-10-06,PatternB,Call,23400.0000,13,10:13:49.000,10:13:49.000,10:16:48.000,2266.8300,0.7932011331444759206798866900,3.6543909348441926345609065200,179
1,Baseline,30,2026-09-23,2026-10-06,PatternA,Put,23400.0000,13,10:16:48.000,10:16:48.000,10:17:28.000,-2075.0800,2.1192052980132450331125827800,0.8940397350993377483443708600,40
1,Baseline,31,2026-09-23,2026-10-06,PatternB,Call,23400.0000,13,10:17:28.000,10:17:29.000,10:18:00.000,575.1100,0,1.3907826561221707117534769600,31
1,Baseline,32,2026-09-23,2026-10-06,PatternA,Put,23400.0000,13,10:18:00.000,10:18:00.000,10:21:04.000,-3925.0000,4.8135593220338983050847457600,0,184
1,Baseline,33,2026-09-23,2026-10-06,PatternB,Call,23450.0000,13,10:21:04.000,10:21:05.000,10:23:15.000,-943.1300,2.731737262124002455494168200,0.4297114794352363413136893800,130
1,Baseline,34,2026-09-23,2026-10-06,PatternA,Put,23400.0000,13,10:23:15.000,10:23:15.000,10:24:14.000,559.3200,0.4217926186291739894551845300,0.7732864674868189806678383100,59
1,Baseline,35,2026-09-23,2026-10-06,PatternB,Call,23400.0000,13,10:24:14.000,10:24:14.000,10:25:45.000,-2382.8000,2.4351508734780307040762308100,0.8470089994706193753308628900,91
1,Baseline,36,2026-09-23,2026-10-06,PatternA,Put,23400.0000,13,10:25:45.000,10:25:45.000,10:26:46.000,-1358.5000,1.198630136986301369863013700,0.6849315068493150684931506800,61
1,Baseline,37,2026-09-23,2026-10-06,PatternB,Call,23400.0000,13,10:26:46.000,10:26:46.000,10:29:44.000,313.1600,0.7159904534606205250596658700,2.6783346592415804826306019600,178
1,Baseline,38,2026-09-23,2026-10-06,PatternA,Put,23400.0000,13,10:29:43.000,10:29:43.000,10:37:51.000,-3728.2600,4.268719384184744576627011900,0.7697690692792162351294611600,488
1,Baseline,39,2026-09-23,2026-10-06,PatternB,Call,23450.0000,13,10:37:51.000,10:37:51.000,10:38:54.000,-847.5200,1.075268817204301075268817200,0.6869772998805256869772998800,63
1,Baseline,40,2026-09-23,2026-10-06,PatternA,Put,23450.0000,13,10:38:54.000,10:38:54.000,10:39:56.000,-32.0900,0.157282164202579427492922300,0.5033029254482541679773513700,62
1,Baseline,41,2026-09-23,2026-10-06,PatternB,Call,23450.0000,13,10:39:56.000,10:39:56.000,10:40:06.000,-1854.1200,1.6791604197901049475262368800,0,10
1,Baseline,42,2026-09-23,2026-10-06,PatternA,Put,23450.0000,13,10:40:06.000,10:40:06.000,10:40:47.000,-1981.8900,1.8891297615360792815113038100,0,41
1,Baseline,43,2026-09-23,2026-10-06,PatternB,Call,23450.0000,13,10:40:47.000,10:40:48.000,10:45:11.000,-1042.3000,2.5725396350583308405623691300,0.3589590188453484893807956900,263
1,Baseline,44,2026-09-23,2026-10-06,PatternA,Put,23450.0000,13,10:45:11.000,10:45:11.000,10:45:21.000,-909.2300,0.8782936010037641154328732700,0,10
1,Baseline,45,2026-09-23,2026-10-06,PatternB,Call,23450.0000,13,10:45:21.000,10:45:21.000,10:46:02.000,256.8300,0.3287507471607890017931858900,1.1655708308427973699940227100,41
1,Baseline,46,2026-09-23,2026-10-06,PatternA,Put,23450.0000,13,10:46:02.000,10:46:02.000,10:47:30.000,-1233.3500,0.9508716323296354992076069700,0.8874801901743264659270998400,88
1,Baseline,47,2026-09-23,2026-10-06,PatternB,Call,23450.0000,13,10:47:30.000,10:47:30.000,10:47:58.000,-653.4700,1.1802891708468574800826202400,0,28
1,Baseline,48,2026-09-23,2026-10-06,PatternA,Put,23450.0000,13,10:47:58.000,10:47:58.000,10:48:32.000,-615.7300,0.702875399361022364217252400,0.0958466453674121405750798700,34
1,Baseline,49,2026-09-23,2026-10-06,PatternB,Call,23450.0000,13,10:48:32.000,10:48:33.000,10:49:27.000,-1595.3400,1.3876586950103336285798641900,0.2952465308532624741659285500,54
1,Baseline,50,2026-09-23,2026-10-06,PatternA,Put,23450.0000,13,10:49:27.000,10:49:27.000,10:53:38.000,195.6900,1.0132995566814439518682710600,1.4882837238758708043065231200,251
1,Baseline,51,2026-09-23,2026-10-06,PatternB,Call,23450.0000,13,10:53:38.000,10:53:38.000,10:55:11.000,-229.9000,0.0300932891965091784532049400,2.1366235329521516701775504100,93
1,Baseline,52,2026-09-23,2026-10-06,PatternA,Put,23450.0000,13,10:55:11.000,10:55:11.000,10:55:50.000,-649.0900,0.7248660573589662779703750400,0.2521273242987708792940434900,39
1,Baseline,53,2026-09-23,2026-10-06,PatternB,Call,23450.0000,13,10:55:50.000,10:55:50.000,10:58:29.000,549.2900,0.1197963462114405510631925700,3.0847559149445941898772087500,159
1,Baseline,54,2026-09-23,2026-10-06,PatternA,Put,23450.0000,13,10:58:29.000,10:58:29.000,10:59:26.000,423.3300,0.2544529262086513994910941500,0.8905852417302798982188295200,57
1,Baseline,55,2026-09-23,2026-10-06,PatternB,Call,23450.0000,13,10:59:25.000,10:59:26.000,11:04:39.000,-1496.7900,1.4105642256902761104441776700,1.0204081632653061224489795900,313
1,Baseline,56,2026-09-23,2026-10-06,PatternA,Put,23450.0000,13,11:04:39.000,11:04:39.000,11:06:53.000,-4969.5100,4.4943820224719101123595505600,0.3433208489388264669163545600,134
1,Baseline,57,2026-09-23,2026-10-06,PatternB,Call,23450.0000,13,11:06:52.000,11:06:53.000,11:07:11.000,-622.0700,0.8715862870424171993027309700,0.2614758861127251597908192900,18
1,Baseline,58,2026-09-23,2026-10-06,PatternA,Put,23450.0000,13,11:07:11.000,11:07:11.000,11:10:36.000,-841.9500,1.7566688353936239427456083300,1.7566688353936239427456083300,205
1,Baseline,59,2026-09-23,2026-10-06,PatternB,Call,23450.0000,13,11:10:36.000,11:10:36.000,11:10:48.000,-427.0300,0.1164822364589400116482236500,0,12
1,Baseline,60,2026-09-23,2026-10-06,PatternA,Put,23450.0000,13,11:10:48.000,11:10:48.000,11:19:33.000,3185.8100,2.4509803921568627450980392200,3.6274509803921568627450980400,525
1,Baseline,61,2026-09-23,2026-10-06,PatternB,Call,23450.0000,13,11:19:33.000,11:19:33.000,11:20:00.000,-1009.3900,0.7224563515954244431065623100,0.5418422636965683323299217300,27
1,Baseline,62,2026-09-23,2026-10-06,PatternA,Put,23450.0000,13,11:19:59.000,11:20:00.000,11:21:03.000,-2565.4700,2.2977651872836008813345923800,0,63
1,Baseline,63,2026-09-23,2026-10-06,PatternB,Call,23450.0000,13,11:21:03.000,11:21:03.000,11:24:36.000,-848.2500,0.4728132387706855791962174900,1.0638297872340425531914893600,213
1,Baseline,64,2026-09-23,2026-10-06,PatternA,Put,23450.0000,13,11:24:36.000,11:24:36.000,11:26:49.000,-2824.1500,2.5641025641025641025641025600,0.7692307692307692307692307700,133
1,Baseline,65,2026-09-23,2026-10-06,PatternB,Call,23450.0000,13,11:26:49.000,11:26:49.000,11:29:07.000,-3090.9700,3.0023094688221709006928406500,0.0866050808314087759815242500,138
1,Baseline,66,2026-09-23,2026-10-06,PatternA,Put,23450.0000,13,11:29:07.000,11:29:07.000,11:29:35.000,-420.5900,0,0.0962463907603464870067372500,28
1,Baseline,67,2026-09-23,2026-10-06,PatternB,Call,23450.0000,13,11:29:34.000,11:29:35.000,11:30:23.000,418.3200,0.3833677381303450309643173100,0,48
1,Baseline,68,2026-09-23,2026-10-06,PatternA,Put,23450.0000,13,11:30:23.000,11:30:24.000,11:31:02.000,-1004.5800,1.6531604538087520259319286900,0.7455429497568881685575364700,38
1,Baseline,69,2026-09-23,2026-10-06,PatternB,Call,23450.0000,13,11:31:01.000,11:31:02.000,11:31:30.000,-167.3800,0.1452221899506244554167876900,0.6680220737728724949172233500,28
1,Baseline,70,2026-09-23,2026-10-06,PatternA,Put,23450.0000,13,11:31:30.000,11:31:30.000,11:41:39.000,-711.6300,2.8159790438768827766863130300,0.4584151931892599869024230500,609
1,Baseline,71,2026-09-23,2026-10-06,PatternB,Call,23450.0000,13,11:41:38.000,11:41:38.000,11:43:29.000,-394.9600,1.042269832078749276201505500,0.2026635784597568037058482900,111
1,Baseline,72,2026-09-23,2026-10-06,PatternA,Put,23450.0000,13,11:43:29.000,11:43:29.000,11:44:16.000,-61.8300,0.788436268068331143232588700,0.2628120893561103810775295700,47
1,Baseline,73,2026-09-23,2026-10-06,PatternB,Call,23450.0000,13,11:44:16.000,11:44:16.000,11:47:58.000,3340.3300,0,4.0893271461716937354988399100,222
1,Baseline,74,2026-09-23,2026-10-06,PatternA,Put,23450.0000,13,11:47:58.000,11:47:58.000,11:55:51.000,3545.4200,0.0339558573853989813242784400,4.8896434634974533106960950800,473
1,Baseline,75,2026-09-23,2026-10-06,PatternB,Call,23450.0000,13,11:55:51.000,11:55:51.000,11:57:26.000,-621.5600,0.497512437810945273631840800,0.7023705004389815627743634800,95
1,Baseline,76,2026-09-23,2026-10-06,PatternA,Put,23450.0000,13,11:57:26.000,11:57:26.000,12:00:42.000,-1946.2600,2.8301886792452830188679245300,0.3903708523096942094990240700,196
1,Baseline,77,2026-09-23,2026-10-06,PatternB,Call,23450.0000,13,12:00:41.000,12:00:42.000,12:01:12.000,514.7200,0.1743172574084834398605461900,0.058105752469494479953515400,30
1,Baseline,78,2026-09-23,2026-10-06,PatternA,Put,23450.0000,13,12:01:12.000,12:01:12.000,12:02:16.000,-2301.9100,2.4716098864395457581830327300,0.1002004008016032064128256500,64
1,Baseline,79,2026-09-23,2026-10-06,PatternB,Call,23450.0000,13,12:02:16.000,12:02:16.000,12:05:42.000,4507.5300,0.3943661971830985915492957700,5.8873239436619718309859154900,206
1,Baseline,80,2026-09-23,2026-10-06,PatternA,Put,23450.0000,13,12:05:42.000,12:05:42.000,12:07:04.000,-2332.2000,3.603603603603603603603603600,0,82
1,Baseline,81,2026-09-23,2026-10-06,PatternB,Call,23500.0000,13,12:07:04.000,12:07:04.000,12:08:15.000,-3086.5500,3.3271719038817005545286506500,0,71
1,Baseline,82,2026-09-23,2026-10-06,PatternA,Put,23450.0000,13,12:08:15.000,12:08:15.000,12:08:32.000,-220.3500,0.5958640028040658955485453900,0.2453557658604977216964598700,17
1,Baseline,83,2026-09-23,2026-10-06,PatternB,Call,23450.0000,13,12:08:32.000,12:08:32.000,12:08:48.000,-1374.7500,1.075268817204301075268817200,0.0268817204301075268817204300,16
1,Baseline,84,2026-09-23,2026-10-06,PatternA,Put,23450.0000,13,12:08:48.000,12:08:48.000,12:10:28.000,-805.3300,1.0452961672473867595818815300,0.7665505226480836236933797900,100
1,Baseline,85,2026-09-23,2026-10-06,PatternB,Call,23450.0000,13,12:10:28.000,12:10:28.000,12:13:48.000,1938.4800,0.2968960863697705802968960900,3.643724696356275303643724700,200
1,Baseline,86,2026-09-23,2026-10-06,PatternA,Put,23500.0000,13,12:13:48.000,12:13:48.000,12:19:01.000,-1040.6700,0.9500459699662886913882929800,0.8887526815813668403309837600,313
1,Baseline,87,2026-09-23,2026-10-06,PatternB,Call,23500.0000,13,12:19:01.000,12:19:01.000,12:25:17.000,-3671.0600,3.3333333333333333333333333300,1.1111111111111111111111111100,376
1,Baseline,88,2026-09-23,2026-10-06,PatternA,Put,23450.0000,13,12:25:17.000,12:25:17.000,12:28:51.000,-382.8500,0.3498950314905528341497550700,1.1546536039188243526941917400,214
1,Baseline,89,2026-09-23,2026-10-06,PatternB,Call,23450.0000,13,12:28:50.000,12:28:51.000,12:31:32.000,-2705.5600,2.8548123980424143556280587300,0.1087547580206634040239260500,161
1,Baseline,90,2026-09-23,2026-10-06,PatternA,Put,23450.0000,13,12:31:32.000,12:31:32.000,12:31:50.000,-286.5700,0.5145797598627787307032590100,0.445969125214408233276157800,18
1,Baseline,91,2026-09-23,2026-10-06,PatternB,Call,23450.0000,13,12:31:50.000,12:31:50.000,12:39:57.000,1876.1200,1.2859938495946323734973441400,3.2708974000559127760693318400,487
1,Baseline,92,2026-09-23,2026-10-06,PatternA,Put,23450.0000,13,12:39:57.000,12:39:57.000,12:40:59.000,-773.2800,0.7263922518159806295399515700,0.5534417156693185748875821500,62
1,Baseline,93,2026-09-23,2026-10-06,PatternB,Call,23450.0000,13,12:40:58.000,12:40:58.000,12:47:05.000,-3322.3100,2.5683060109289617486338797800,1.092896174863387978142076500,367
1,Baseline,94,2026-09-23,2026-10-06,PatternA,Put,23450.0000,13,12:47:05.000,12:47:05.000,12:58:50.000,-1813.5800,3.2334921715452688904016337600,1.0211027910142954390742001400,705
1,Baseline,95,2026-09-23,2026-10-06,PatternB,Call,23450.0000,13,12:58:50.000,12:58:50.000,13:10:54.000,316.4700,0.3048780487804878048780487800,3.6031042128603104212860310400,724
1,Baseline,96,2026-09-23,2026-10-06,PatternA,Put,23450.0000,13,13:10:54.000,13:10:54.000,13:22:43.000,-1650.3500,1.7604418363824646185709354500,1.4842940973420780117362789100,709
1,Baseline,97,2026-09-23,2026-10-06,PatternB,Call,23450.0000,13,13:22:43.000,13:22:43.000,13:29:39.000,-2705.4800,1.7147523135547087642896026100,1.2520413718018508437670114300,416
1,Baseline,98,2026-09-23,2026-10-06,PatternA,Put,23450.0000,13,13:29:39.000,13:29:39.000,13:31:57.000,2019.0600,0.2724795640326975476839237100,2.316076294277929155313351500,138
1,Baseline,99,2026-09-23,2026-10-06,PatternB,Call,23450.0000,13,13:31:57.000,13:31:57.000,13:32:48.000,-1500.1600,0.8576329331046312178387650100,0.34305317324185248713550600,51
1,Baseline,100,2026-09-23,2026-10-06,PatternA,Put,23450.0000,13,13:32:48.000,13:32:48.000,13:33:51.000,555.7700,0.6622516556291390728476821200,0.8609271523178807947019867500,63
1,Baseline,101,2026-09-23,2026-10-06,PatternB,Call,23450.0000,13,13:33:51.000,13:33:51.000,13:47:27.000,645.1200,3.6863662960795787009947337600,3.5400819192510239906377998800,816
1,Baseline,102,2026-09-23,2026-10-06,PatternA,Put,23450.0000,13,13:47:27.000,13:47:27.000,13:49:49.000,-1067.2000,1.1447811447811447811447811400,0.5050505050505050505050505100,142
1,Baseline,103,2026-09-23,2026-10-06,PatternB,Call,23450.0000,13,13:49:49.000,13:49:49.000,13:57:55.000,-2571.6000,2.644438056912906007473411900,0.4024144869215291750503018100,486
1,Baseline,104,2026-09-23,2026-10-06,PatternA,Put,23450.0000,13,13:57:55.000,13:57:55.000,14:03:28.000,-2659.4100,3.2612312811980033277870216300,1.1647254575707154742096505800,333
1,Baseline,105,2026-09-23,2026-10-06,PatternB,Call,23450.0000,13,14:03:28.000,14:03:28.000,14:05:15.000,1228.6600,0.2016129032258064516129032300,1.670506912442396313364055300,107
1,Baseline,106,2026-09-23,2026-10-06,PatternA,Put,23450.0000,13,14:05:15.000,14:05:15.000,14:10:06.000,-1520.2300,2.1821960512642881884308971300,1.1776931070315206096293730500,291
1,Baseline,107,2026-09-23,2026-10-06,PatternB,Call,23450.0000,13,14:10:06.000,14:10:06.000,14:10:59.000,934.2100,0,0.9225608051439753983785294900,53
1,Baseline,108,2026-09-23,2026-10-06,PatternA,Put,23450.0000,13,14:10:59.000,14:10:59.000,14:11:19.000,-1291.5300,2.0560085076214108472172988300,0.7798652959943282523927685200,20
1,Baseline,109,2026-09-23,2026-10-06,PatternB,Call,23450.0000,13,14:11:19.000,14:11:19.000,14:13:04.000,478.2400,0.4671613080516625446551250300,1.6762846935971420719978015900,105
1,Baseline,110,2026-09-23,2026-10-06,PatternA,Put,23450.0000,13,14:13:04.000,14:13:04.000,14:17:38.000,1048.1000,1.1926273942898445970365016300,2.2768341163715215034333212900,274
1,Baseline,111,2026-09-23,2026-10-06,PatternB,Call,23450.0000,13,14:17:38.000,14:17:38.000,14:18:03.000,-40.9500,0.6085753803596127247579529700,0.248962655601659751037344400,25
1,Baseline,112,2026-09-23,2026-10-06,PatternA,Put,23450.0000,13,14:18:02.000,14:18:02.000,14:18:46.000,-381.7700,0.3565062388591800356506238900,0.4991087344028520499108734400,44
1,Baseline,113,2026-09-23,2026-10-06,PatternB,Call,23450.0000,13,14:18:46.000,14:18:46.000,14:21:02.000,-2542.1700,2.2044640396803527142463488600,1.1297878203361807660512537900,136
1,Baseline,114,2026-09-23,2026-10-06,PatternA,Put,23450.0000,13,14:21:02.000,14:21:02.000,14:22:06.000,-902.1400,1.1623811201127157449806269800,0.4931313842902430433251144800,64
1,Baseline,115,2026-09-23,2026-10-06,PatternB,Call,23450.0000,13,14:22:06.000,14:22:06.000,14:24:46.000,1648.3200,0.9169213670464017782717421500,2.5284801333703806612948041100,160
1,Baseline,116,2026-09-23,2026-10-06,PatternA,Put,23450.0000,13,14:24:46.000,14:24:46.000,14:26:48.000,138.4900,0.6484149855907780979827089300,0.7564841498559077809798270900,122
1,Baseline,117,2026-09-23,2026-10-06,PatternB,Call,23450.0000,13,14:26:48.000,14:26:48.000,14:29:07.000,1484.7200,0.3007107709130672498633132900,2.6790595954073264078731547300,139
1,Baseline,118,2026-09-23,2026-10-06,PatternA,Put,23500.0000,13,14:29:07.000,14:29:07.000,14:29:35.000,-2597.9300,2.4874055415617128463476070500,0.0629722921914357682619647400,28
1,Baseline,119,2026-09-23,2026-10-06,PatternB,Call,23500.0000,13,14:29:35.000,14:29:35.000,14:30:12.000,-519.9600,0.99626400996264009962640100,1.0896637608966376089663760900,37
1,Baseline,120,2026-09-23,2026-10-06,PatternA,Put,23500.0000,13,14:30:12.000,14:30:12.000,14:31:23.000,164.0200,0.6414368184733803720333547100,0.5452212957023733162283515100,71
1,Baseline,121,2026-09-23,2026-10-06,PatternB,Call,23500.0000,13,14:31:23.000,14:31:23.000,14:32:57.000,-2630.8300,2.5649045980606818892711917400,0,94
1,Baseline,122,2026-09-23,2026-10-06,PatternA,Put,23500.0000,13,14:32:56.000,14:32:56.000,14:37:56.000,4807.1400,0.2193669696020056408649326200,5.7662174866812911313068003800,300
1,Baseline,123,2026-09-23,2026-10-06,PatternB,Call,23450.0000,13,14:37:56.000,14:37:56.000,14:40:55.000,-1434.8500,1.8098247629991381786842861200,1.3214593507612754955472565400,179
1,Baseline,124,2026-09-23,2026-10-06,PatternA,Put,23450.0000,13,14:40:54.000,14:40:55.000,14:42:10.000,200.2400,0,0.8861622358554873892297205200,75
1,Baseline,125,2026-09-23,2026-10-06,PatternB,Call,23450.0000,13,14:42:10.000,14:42:10.000,14:44:20.000,-2505.6700,2.2150976391722529874672107300,0.7577965607694549693966773500,130
1,Baseline,126,2026-09-23,2026-10-06,PatternA,Put,23450.0000,13,14:44:20.000,14:44:20.000,14:44:58.000,-807.8900,0.7676902536715620827770360500,0.1335113484646194926568758300,38
1,Baseline,127,2026-09-23,2026-10-06,PatternB,Call,23450.0000,13,14:44:58.000,14:44:58.000,14:45:12.000,-1237.9200,0.9763313609467455621301775100,0.0295857988165680473372781100,14
1,Baseline,128,2026-09-23,2026-10-06,PatternA,Put,23450.0000,13,14:45:12.000,14:45:12.000,14:45:22.000,-970.5700,1.0631229235880398671096345500,0,10
1,Baseline,129,2026-09-23,2026-10-06,PatternB,Call,23450.0000,13,14:45:22.000,14:45:22.000,14:47:20.000,418.4600,0.2659574468085106382978723400,1.8912529550827423167848699800,118
1,Baseline,130,2026-09-23,2026-10-06,PatternA,Put,23450.0000,13,14:47:20.000,14:47:20.000,14:48:38.000,-157.7700,0.1346801346801346801346801300,2.3232323232323232323232323200,78
1,Baseline,131,2026-09-23,2026-10-06,PatternB,Call,23450.0000,13,14:48:38.000,14:48:38.000,14:49:13.000,613.3000,0.38393384524512699350265800,0.5906674542232722976963969300,35
1,Baseline,132,2026-09-23,2026-10-06,PatternA,Put,23450.0000,13,14:49:13.000,14:49:13.000,14:51:25.000,687.3100,0.0340136054421768707482993200,2.7210884353741496598639455800,132
1,Baseline,133,2026-09-23,2026-10-06,PatternB,Call,23450.0000,13,14:51:24.000,14:51:25.000,14:52:03.000,840.0800,0.0878734622144112478031634400,0.7615700058582308142940831900,38
1,Baseline,134,2026-09-23,2026-10-06,PatternA,Put,23450.0000,13,14:52:03.000,14:52:03.000,14:52:08.000,-91.8300,0.4449007529089664613278576300,0.4449007529089664613278576300,5
1,Baseline,135,2026-09-23,2026-10-06,PatternB,Call,23450.0000,13,14:52:08.000,14:52:08.000,14:52:44.000,-1629.0600,1.3921113689095127610208816700,0.5220417633410672853828306300,36
1,Baseline,136,2026-09-23,2026-10-06,PatternA,Put,23450.0000,13,14:52:43.000,14:52:43.000,14:55:06.000,-1943.7800,2.2357723577235772357723577200,0.8130081300813008130081300800,143
1,Baseline,137,2026-09-23,2026-10-06,PatternB,Call,23450.0000,13,14:55:06.000,14:55:06.000,14:55:41.000,-362.0300,0.5827505827505827505827505800,0.4370629370629370629370629400,35
1,Baseline,138,2026-09-23,2026-10-06,PatternA,Put,23450.0000,13,14:55:41.000,14:55:41.000,14:56:06.000,525.9700,0.1385041551246537396121883700,0.9002770083102493074792243800,25
1,Baseline,139,2026-09-23,2026-10-06,PatternB,Call,23450.0000,13,14:56:05.000,14:56:05.000,14:57:32.000,-2894.9400,2.5829175227472850014675667700,0.3815673613149398297622541800,87
1,Baseline,140,2026-09-23,2026-10-06,PatternA,Put,23450.0000,13,14:57:32.000,14:57:32.000,14:58:13.000,-1165.2700,0.6664445184938353882039320200,0.1666111296234588470509830100,41
1,Baseline,141,2026-09-23,2026-10-06,PatternB,Call,23450.0000,13,14:58:13.000,14:58:13.000,14:59:23.000,-2698.9200,3.7003879438973440763951059400,0,70
1,Baseline,142,2026-09-23,2026-10-06,PatternA,Put,23450.0000,13,14:59:23.000,14:59:23.000,15:00:17.000,-1263.2100,1.4871116986120290812954395200,0.3304692663582286847323198900,54
1,Candidate2ConsecAB,0,2026-09-04,2026-09-15,PatternB,Call,24100.0000,11,10:34:59.000,10:34:59.000,10:42:14.000,78.9500,2.750099641291351135910721400,2.7102431247508967716221602200,435
1,Candidate2ConsecAB,1,2026-09-04,2026-09-15,PatternA,Put,24100.0000,11,10:49:36.000,10:49:36.000,10:53:54.000,-273.5500,0.8004131164471985540924348100,0.8778724502969274464239607500,258
1,Candidate2ConsecAB,2,2026-09-04,2026-09-15,PatternB,Call,24100.0000,11,10:53:55.000,10:53:55.000,10:54:10.000,-51.4900,0.3550295857988165680473372800,0.1577909270216962524654832300,15
1,Candidate2ConsecAB,3,2026-09-04,2026-09-15,PatternA,Put,24100.0000,11,11:56:19.000,11:56:19.000,11:57:40.000,-951.1300,1.1226725082146768893756845600,0.2190580503833515881708652800,81
1,Candidate2ConsecAB,4,2026-09-04,2026-09-15,PatternA,Put,24050.0000,11,12:43:50.000,12:43:51.000,12:48:33.000,-1015.7700,0.6325632563256325632563256300,1.2926292629262926292629262900,282
1,Candidate2ConsecAB,0,2026-09-08,2026-09-15,PatternB,Call,23800.0000,7,09:18:37.000,09:18:37.000,09:19:41.000,55.2100,0.3367003367003367003367003400,0.8177008177008177008177008200,64
1,Candidate2ConsecAB,1,2026-09-08,2026-09-15,PatternB,Call,23800.0000,7,09:19:51.000,09:19:51.000,09:20:22.000,-1081.8400,1.5296367112810707456978967500,0.1912045889101338432122370900,31
1,Candidate2ConsecAB,2,2026-09-08,2026-09-15,PatternB,Call,23750.0000,7,09:29:38.000,09:29:38.000,09:32:05.000,1151.3500,0.8464328899637243047158403900,2.1362353889560661023780733600,147
1,Candidate2ConsecAB,3,2026-09-08,2026-09-15,PatternB,Call,23800.0000,7,09:38:03.000,09:38:03.000,09:38:46.000,-205.4400,0.3303445021236432279377064700,0.3775365738555922605002359600,43
1,Candidate2ConsecAB,4,2026-09-08,2026-09-15,PatternB,Call,23800.0000,7,09:40:03.000,09:40:04.000,09:42:02.000,-1666.7400,2.3277909738717339667458432300,0,118
1,Candidate2ConsecAB,5,2026-09-08,2026-09-15,PatternB,Call,23750.0000,7,09:45:10.000,09:45:10.000,09:46:01.000,-49.2000,0.4954582989265070189925681300,0.3303055326176713459950454200,51
1,Candidate2ConsecAB,6,2026-09-08,2026-09-15,PatternA,Put,23800.0000,7,09:48:14.000,09:48:14.000,09:48:24.000,-1011.1600,0.9093575828688765033734232900,0,10
1,Candidate2ConsecAB,7,2026-09-08,2026-09-15,PatternA,Put,23800.0000,7,10:01:31.000,10:01:31.000,10:01:33.000,-850.4800,0.4006868918145392100744132800,0,2
1,Candidate2ConsecAB,8,2026-09-08,2026-09-15,PatternA,Put,23750.0000,7,10:05:49.000,10:05:49.000,10:06:20.000,-1165.7300,1.2235449735449735449735449700,0.8267195767195767195767195800,31
1,Candidate2ConsecAB,9,2026-09-08,2026-09-15,PatternA,Put,23800.0000,7,11:11:34.000,11:11:34.000,11:14:59.000,-847.7400,1.0717475439118785352783566500,1.4885382554331646323310509100,205
1,Candidate2ConsecAB,10,2026-09-08,2026-09-15,PatternB,Call,23750.0000,7,12:07:03.000,12:07:03.000,12:08:40.000,-530.9700,0.6960556844547563805104408400,0.6960556844547563805104408400,97
1,Candidate2ConsecAB,11,2026-09-08,2026-09-15,PatternB,Call,23750.0000,7,12:13:00.000,12:13:00.000,12:18:45.000,-12.3900,1.8107741059302851969216840200,0.7243096423721140787686736100,345
1,Candidate2ConsecAB,12,2026-09-08,2026-09-15,PatternB,Call,23750.0000,7,12:45:45.000,12:45:46.000,12:48:16.000,-1246.5600,1.7679057116953762466001813200,0.2266545784224841341795104300,150
1,Candidate2ConsecAB,13,2026-09-08,2026-09-15,PatternA,Put,23750.0000,7,14:23:23.000,14:23:23.000,14:25:07.000,782.5800,0.3281916639317361339021988800,1.7394158188382015096816540900,104
1,Candidate2ConsecAB,14,2026-09-08,2026-09-15,PatternB,Call,23750.0000,7,14:48:56.000,14:48:57.000,14:50:30.000,-1536.7400,2.5226082817705854355069014800,0.3807710613993336506425511700,93
1,Candidate2ConsecAB,0,2026-09-09,2026-09-22,PatternA,Put,23600.0000,13,09:20:43.000,09:20:43.000,09:21:11.000,-1022.3300,1.0608739580702197524627431200,0.2778479413993432685021470100,28
1,Candidate2ConsecAB,1,2026-09-09,2026-09-22,PatternA,Put,23600.0000,13,09:25:13.000,09:25:14.000,09:25:24.000,-1217.0200,0.8860759493670886075949367100,0,10
1,Candidate2ConsecAB,2,2026-09-09,2026-09-22,PatternB,Call,23600.0000,13,10:13:21.000,10:13:22.000,10:13:32.000,-558.2100,0.4862700228832951945080091500,0,10
1,Candidate2ConsecAB,3,2026-09-09,2026-09-22,PatternB,Call,23600.0000,13,10:19:31.000,10:19:31.000,10:20:39.000,1776.4700,0.2984264785675529028757460700,2.685838307107976125881714600,68
1,Candidate2ConsecAB,4,2026-09-09,2026-09-22,PatternA,Put,23650.0000,13,10:31:51.000,10:31:51.000,10:33:34.000,-1122.1200,0.981595092024539877300613500,1.0061349693251533742331288300,103
1,Candidate2ConsecAB,5,2026-09-09,2026-09-22,PatternA,Put,23600.0000,13,12:08:09.000,12:08:09.000,12:11:18.000,-1806.9600,2.4697221562574210401329850400,0,189
1,Candidate2ConsecAB,6,2026-09-09,2026-09-22,PatternA,Put,23600.0000,13,12:15:51.000,12:15:51.000,12:18:07.000,-732.2000,0.4671748217359232849766412600,1.5736415047946889599213179200,136
1,Candidate2ConsecAB,7,2026-09-09,2026-09-22,PatternA,Put,23650.0000,13,12:45:00.000,12:45:00.000,12:46:28.000,85.3300,0.7380073800738007380073800700,1.0279388508170795993674222500,88
1,Candidate2ConsecAB,8,2026-09-09,2026-09-22,PatternA,Put,23650.0000,13,13:09:29.000,13:09:29.000,13:12:48.000,1513.3200,0.3637308391790075344245258500,2.1044427123928293063133281400,199
1,Candidate2ConsecAB,9,2026-09-09,2026-09-22,PatternA,Put,23650.0000,13,13:17:26.000,13:17:26.000,13:23:03.000,-762.1000,1.9543147208121827411167512700,0.7868020304568527918781725900,337
1,Candidate2ConsecAB,10,2026-09-09,2026-09-22,PatternB,Call,23650.0000,13,13:30:36.000,13:30:36.000,13:44:38.000,-2215.4800,4.496606334841628959276018100,0.7918552036199095022624434400,842
1,Candidate2ConsecAB,11,2026-09-09,2026-09-22,PatternB,Call,23600.0000,13,14:40:12.000,14:40:13.000,14:40:26.000,58.7600,0.2569226377390807878960890700,0.0285469597487867542106765600,13
1,Candidate2ConsecAB,12,2026-09-09,2026-09-22,PatternB,Call,23600.0000,13,14:47:33.000,14:47:33.000,14:51:29.000,676.4700,0.6332757628094415659182498600,1.3816925734024179620034542300,236
1,Candidate2ConsecAB,0,2026-09-10,2026-09-22,PatternB,Call,23550.0000,12,09:16:22.000,09:16:22.000,09:16:28.000,-848.2100,0.6209343583678296865759905400,0,6
1,Candidate2ConsecAB,1,2026-09-10,2026-09-22,PatternB,Call,23550.0000,12,09:28:47.000,09:28:47.000,09:31:16.000,-8577.2400,7.9073962717979555021046301900,0,149
1,Candidate2ConsecAB,2,2026-09-10,2026-09-22,PatternB,Call,23550.0000,12,09:57:03.000,09:57:03.000,10:01:47.000,-6432.4200,5.9651269501376567757724074600,0.0917711838482716427041908800,284
1,Candidate2ConsecAB,3,2026-09-10,2026-09-22,PatternB,Call,23500.0000,12,10:30:10.000,10:30:10.000,10:40:56.000,3921.1200,1.0173219686554852900742370100,4.2067638163321418751718449300,646
1,Candidate2ConsecAB,4,2026-09-10,2026-09-22,PatternA,Put,23550.0000,12,10:41:13.000,10:41:13.000,10:43:00.000,-47.5100,0.3047232097511427120365667900,1.4474352463179278821736922300,107
1,Candidate2ConsecAB,5,2026-09-10,2026-09-22,PatternA,Put,23550.0000,12,10:44:17.000,10:44:18.000,10:44:47.000,-2255.9900,1.8061561943525820401933350300,0,29
1,Candidate2ConsecAB,6,2026-09-10,2026-09-22,PatternA,Put,23550.0000,12,12:18:35.000,12:18:35.000,12:19:35.000,-985.0500,1.1818426000537201181842600100,0,60
1,Candidate2ConsecAB,7,2026-09-10,2026-09-22,PatternB,Call,23550.0000,12,12:20:26.000,12:20:27.000,12:22:42.000,1231.0600,0.6261180679785330948121645800,3.4883720930232558139534883700,135
1,Candidate2ConsecAB,8,2026-09-10,2026-09-22,PatternB,Call,23550.0000,12,12:53:33.000,12:53:34.000,12:56:35.000,-2891.1000,2.6103169670602858918582970800,1.2740832815413300186451211900,181
1,Candidate2ConsecAB,9,2026-09-10,2026-09-22,PatternB,Call,23500.0000,12,13:07:31.000,13:07:31.000,13:12:46.000,4705.5100,0,4.6806005298793052693553135100,315
1,Candidate2ConsecAB,10,2026-09-10,2026-09-22,PatternB,Call,23500.0000,12,14:40:43.000,14:40:43.000,14:41:06.000,326.6500,0.4505954296749275828773736700,0.9011908593498551657547473400,23
1,Candidate2ConsecAB,11,2026-09-10,2026-09-22,PatternB,Call,23500.0000,12,14:59:49.000,14:59:49.000,15:00:16.000,-2598.7800,2.42386575512740832815413300,0.3418272218769422001243008100,27
1,Candidate2ConsecAB,0,2026-09-11,2026-09-22,PatternB,Call,23300.0000,11,09:24:42.000,09:24:42.000,09:25:02.000,-365.7300,0.5810736026563364692861095700,0.1383508577753182069728832300,20
1,Candidate2ConsecAB,1,2026-09-11,2026-09-22,PatternA,Put,23300.0000,11,09:25:05.000,09:25:05.000,09:25:36.000,-1247.0700,1.8276762402088772845953002600,0.287206266318537859007832900,31
1,Candidate2ConsecAB,2,2026-09-11,2026-09-22,PatternA,Put,23300.0000,11,09:27:59.000,09:27:59.000,09:28:42.000,506.8600,0.2350483154870723426482110200,1.096892138939670932358318100,43
1,Candidate2ConsecAB,3,2026-09-11,2026-09-22,PatternA,Put,23300.0000,11,09:44:22.000,09:44:22.000,09:48:30.000,2098.1800,0,2.3710265763418447107868681600,248
1,Candidate2ConsecAB,4,2026-09-11,2026-09-22,PatternA,Put,23350.0000,11,10:06:59.000,10:06:59.000,10:07:57.000,-214.4800,0.9608455440787893346144607300,0.1441268316118184001921691100,58
1,Candidate2ConsecAB,5,2026-09-11,2026-09-22,PatternA,Put,23350.0000,11,10:26:25.000,10:26:25.000,10:29:47.000,4663.0800,0.2058142526369951119114998700,4.0905582711602778492410599400,202
1,Candidate2ConsecAB,6,2026-09-11,2026-09-22,PatternB,Call,23350.0000,11,11:11:37.000,11:11:37.000,11:13:04.000,3109.4200,0.8556444935136627104609439700,4.581838255589290643113441900,87
1,Candidate2ConsecAB,7,2026-09-11,2026-09-22,PatternB,Call,23400.0000,11,11:19:44.000,11:19:44.000,11:20:57.000,-1404.4700,1.17187500,3.1529017857142857142857142900,73
1,Candidate2ConsecAB,8,2026-09-11,2026-09-22,PatternA,Put,23450.0000,11,11:25:07.000,11:25:07.000,11:25:18.000,-376.2100,0.2421307506053268765133171900,0,11
1,Candidate2ConsecAB,9,2026-09-11,2026-09-22,PatternA,Put,23400.0000,11,11:30:06.000,11:30:06.000,11:30:42.000,-369.0800,0.5027785128340830907647525800,0.4763164858428155596718708700,36
1,Candidate2ConsecAB,10,2026-09-11,2026-09-22,PatternB,Call,23400.0000,11,11:31:12.000,11:31:12.000,11:34:20.000,251.6700,2.7777777777777777777777777800,2.6388888888888888888888888900,188
1,Candidate2ConsecAB,11,2026-09-11,2026-09-22,PatternB,Call,23450.0000,11,11:46:36.000,11:46:36.000,11:46:57.000,-292.9300,0.5266418835192069392812887200,0.7434944237918215613382899600,21
1,Candidate2ConsecAB,12,2026-09-11,2026-09-22,PatternA,Put,23450.0000,11,11:47:06.000,11:47:06.000,11:47:47.000,-1155.0700,1.1957052220595412396290873600,0,41
1,Candidate2ConsecAB,13,2026-09-11,2026-09-22,PatternA,Put,23400.0000,11,11:51:27.000,11:51:27.000,11:55:26.000,768.9900,0.4305705059203444564047362800,2.4757804090419806243272335800,239
1,Candidate2ConsecAB,14,2026-09-11,2026-09-22,PatternA,Put,23400.0000,11,12:28:13.000,12:28:13.000,12:32:25.000,-2611.4000,2.0578275592602240166710080800,0.6251628028132326126595467600,252
1,Candidate2ConsecAB,15,2026-09-11,2026-09-22,PatternA,Put,23400.0000,11,12:37:16.000,12:37:17.000,12:37:39.000,-693.7900,0.4768211920529801324503311300,0.4238410596026490066225165600,22
1,Candidate2ConsecAB,16,2026-09-11,2026-09-22,PatternA,Put,23400.0000,11,13:00:45.000,13:00:45.000,13:02:12.000,1904.4800,0.2116402116402116402116402100,1.7195767195767195767195767200,87
1,Candidate2ConsecAB,17,2026-09-11,2026-09-22,PatternB,Call,23400.0000,11,13:30:20.000,13:30:21.000,13:30:36.000,124.1100,0.6601607347876004592422502900,0.3444316877152698048220436300,15
1,Candidate2ConsecAB,18,2026-09-11,2026-09-22,PatternB,Call,23400.0000,11,13:44:16.000,13:44:16.000,13:46:51.000,-1984.1900,3.6505086774386594853381208900,0.7779772591262716935966487100,155
1,Candidate2ConsecAB,19,2026-09-11,2026-09-22,PatternA,Put,23500.0000,11,14:04:58.000,14:04:58.000,14:05:41.000,2845.0300,0.025994281258123212893163500,2.9373537821679230569274759600,43
1,Candidate2ConsecAB,20,2026-09-11,2026-09-22,PatternB,Call,23500.0000,11,14:15:55.000,14:15:55.000,14:19:04.000,-2208.1700,4.1561712846347607052896725400,0.1574307304785894206549118400,189
1,Candidate2ConsecAB,21,2026-09-11,2026-09-22,PatternB,Call,23500.0000,11,14:42:54.000,14:42:55.000,14:45:30.000,-1724.3900,2.0334928229665071770334928200,0.1794258373205741626794258400,155
1,Candidate2ConsecAB,0,2026-09-15,2026-09-22,PatternB,Call,23500.0000,7,09:19:41.000,09:19:41.000,09:20:19.000,-1004.4500,1.0068203962325430334524196200,1.4939915556999025657681065300,38
1,Candidate2ConsecAB,1,2026-09-15,2026-09-22,PatternB,Call,23500.0000,7,09:35:09.000,09:35:09.000,09:35:53.000,-966.8100,1.2035398230088495575221238900,1.3451327433628318584070796500,44
1,Candidate2ConsecAB,2,2026-09-15,2026-09-22,PatternB,Call,23400.0000,7,09:58:26.000,09:58:26.000,10:01:09.000,2078.9400,0.4708097928436911487758945400,4.865034526051475204017576900,163
1,Candidate2ConsecAB,3,2026-09-15,2026-09-22,PatternA,Put,23450.0000,7,10:12:37.000,10:12:37.000,10:12:48.000,-1895.9100,1.7400474558397047192196150800,0,11
1,Candidate2ConsecAB,4,2026-09-15,2026-09-22,PatternB,Call,23450.0000,7,10:13:15.000,10:13:15.000,10:13:43.000,-1195.7000,1.1379310344827586206896551700,0.6896551724137931034482758600,28
1,Candidate2ConsecAB,5,2026-09-15,2026-09-22,PatternA,Put,23450.0000,7,10:13:53.000,10:13:53.000,10:26:13.000,4309.4800,0.5126821370750134916351861800,6.5569347004856988667026443600,740
1,Candidate2ConsecAB,6,2026-09-15,2026-09-22,PatternA,Put,23350.0000,7,11:10:24.000,11:10:24.000,11:12:15.000,-5397.5800,6.645660269263821254654826700,0,111
1,Candidate2ConsecAB,7,2026-09-15,2026-09-22,PatternB,Call,23400.0000,7,12:05:31.000,12:05:31.000,12:05:54.000,-317.6300,0.7381370826010544815465729300,0.0351493848857644991212653800,23
1,Candidate2ConsecAB,8,2026-09-15,2026-09-22,PatternB,Call,23350.0000,7,13:06:09.000,13:06:09.000,13:09:00.000,-2009.0900,2.2903334456045806668912091600,0.0336813742000673627484001300,171
1,Candidate2ConsecAB,9,2026-09-15,2026-09-22,PatternA,Put,23350.0000,7,13:22:23.000,13:22:23.000,13:24:33.000,-693.6500,1.061571125265392781316348200,1.1411889596602972399150743100,130
1,Candidate2ConsecAB,10,2026-09-15,2026-09-22,PatternA,Put,23300.0000,7,13:25:01.000,13:25:01.000,13:26:04.000,-586.4600,0.8211678832116788321167883200,0.3649635036496350364963503600,63
1,Candidate2ConsecAB,11,2026-09-15,2026-09-22,PatternA,Put,23300.0000,7,13:31:06.000,13:31:06.000,13:32:51.000,1522.8500,0.0887573964497041420118343200,4.4378698224852071005917159800,105
1,Candidate2ConsecAB,12,2026-09-15,2026-09-22,PatternB,Call,23300.0000,7,13:33:17.000,13:33:17.000,13:38:00.000,1659.2500,0.3920287487749101600784057500,3.8222803005553740607644560600,283
1,Candidate2ConsecAB,13,2026-09-15,2026-09-22,PatternB,Call,23300.0000,7,13:41:51.000,13:41:51.000,13:43:47.000,3.2300,1.5794669299111549851924975300,0.723922342875946034879894700,116
1,Candidate2ConsecAB,14,2026-09-15,2026-09-22,PatternB,Call,23300.0000,7,13:47:48.000,13:47:48.000,13:48:15.000,-582.7500,0.7085346215780998389694041900,0,27
1,Candidate2ConsecAB,15,2026-09-15,2026-09-22,PatternA,Put,23300.0000,7,13:54:13.000,13:54:13.000,13:54:38.000,-621.3400,0.6752789195537287140340575500,0.1174398120963006459189665300,25
1,Candidate2ConsecAB,16,2026-09-15,2026-09-22,PatternA,Put,23300.0000,7,14:05:06.000,14:05:06.000,14:08:43.000,2399.4300,0.2060035314891112419070041200,3.9434961742201294879340788700,217
1,Candidate2ConsecAB,17,2026-09-15,2026-09-22,PatternB,Call,23250.0000,7,14:13:40.000,14:13:40.000,14:15:05.000,-4940.1000,4.5901639344262295081967213100,0.5067064083457526080476900100,85
1,Candidate2ConsecAB,18,2026-09-15,2026-09-22,PatternA,Put,23250.0000,7,14:17:00.000,14:17:00.000,14:17:02.000,-431.5800,0.2186987424822307271733187500,0,2
1,Candidate2ConsecAB,19,2026-09-15,2026-09-22,PatternA,Put,23250.0000,7,14:18:13.000,14:18:13.000,14:19:00.000,868.4000,1.0223818734457032329372754900,1.6855484940591323570046974300,47
1,Candidate2ConsecAB,20,2026-09-15,2026-09-22,PatternB,Call,23250.0000,7,14:26:52.000,14:26:52.000,14:28:39.000,-1556.7500,1.4906027219701879455605962400,0.8749189889825016202203499700,107
1,Candidate2ConsecAB,21,2026-09-15,2026-09-22,PatternA,Put,23250.0000,7,14:30:55.000,14:30:55.000,14:31:16.000,-1538.5900,1.1870218939593774729622790800,0,21
1,Candidate2ConsecAB,22,2026-09-15,2026-09-22,PatternA,Put,23200.0000,7,14:47:40.000,14:47:40.000,14:50:15.000,3694.0700,1.297625621203754831584759800,8.393152954168967421314191050,155
1,Candidate2ConsecAB,23,2026-09-15,2026-09-22,PatternA,Put,23200.0000,7,14:55:32.000,14:55:32.000,14:59:19.000,1030.3100,1.3175953884161405435080977200,1.6469942355201756793851221500,227
1,Candidate2ConsecAB,0,2026-09-16,2026-09-29,PatternA,Put,23300.0000,13,09:19:51.000,09:19:52.000,09:21:36.000,302.2300,0.8354606637270828498491529400,3.1097702483174750522162914800,104
1,Candidate2ConsecAB,1,2026-09-16,2026-09-29,PatternA,Put,23200.0000,13,09:42:24.000,09:42:24.000,09:42:31.000,-481.0600,0.7786429365962180200222469400,0.2002224694104560622914349300,7
1,Candidate2ConsecAB,2,2026-09-16,2026-09-29,PatternB,Call,23200.0000,13,09:48:25.000,09:48:25.000,09:50:40.000,11626.9800,0.0827472072817542407943731900,7.5713694662805130326851468800,135
1,Candidate2ConsecAB,3,2026-09-16,2026-09-29,PatternB,Call,23300.0000,13,09:56:14.000,09:56:14.000,09:56:31.000,-4902.8900,3.7068417708112687989832662600,0,17
1,Candidate2ConsecAB,4,2026-09-16,2026-09-29,PatternB,Call,23250.0000,13,10:16:18.000,10:16:18.000,10:23:19.000,4061.1000,0.4429445264712086057793714400,5.0622231596709554946213878900,421
1,Candidate2ConsecAB,5,2026-09-16,2026-09-29,PatternA,Put,23300.0000,13,10:49:24.000,10:49:24.000,10:52:55.000,-22.3800,2.209302325581395348837209300,3.790697674418604651162790700,211
1,Candidate2ConsecAB,6,2026-09-16,2026-09-29,PatternB,Call,23300.0000,13,11:08:50.000,11:08:50.000,11:09:13.000,-1099.9200,0.414756603361711416721239900,0.1528050643964199956341410200,23
1,Candidate2ConsecAB,7,2026-09-16,2026-09-29,PatternA,Put,23300.0000,13,11:09:24.000,11:09:24.000,11:12:13.000,-2980.7600,2.3455119530897609382047812400,0.4510599909788001804239963900,169
1,Candidate2ConsecAB,8,2026-09-16,2026-09-29,PatternB,Call,23250.0000,13,12:03:44.000,12:03:45.000,12:20:02.000,9293.7200,0.4809794490599038041101880200,7.8705728027984258854394403100,977
1,Candidate2ConsecAB,9,2026-09-16,2026-09-29,PatternA,Put,23300.0000,13,12:46:03.000,12:46:03.000,12:47:46.000,-1549.5400,1.1778290993071593533487297900,0.8314087759815242494226327900,103
1,Candidate2ConsecAB,10,2026-09-16,2026-09-29,PatternA,Put,23300.0000,13,13:03:48.000,13:03:49.000,13:08:07.000,-9248.5900,6.4134637252672276552194678200,0.5230839208551284967022970200,258
1,Candidate2ConsecAB,11,2026-09-16,2026-09-29,PatternB,Call,23350.0000,13,13:19:32.000,13:19:32.000,13:22:11.000,-4014.4800,2.0447438056290594178494106300,0.6013952369497233581910031300,159
1,Candidate2ConsecAB,12,2026-09-16,2026-09-29,PatternA,Put,23300.0000,13,13:23:15.000,13:23:15.000,13:25:18.000,3197.2100,0.2440214738897022938018545600,3.5139092240117130307467057100,123
1,Candidate2ConsecAB,0,2026-09-17,2026-09-29,PatternB,Call,23300.0000,12,09:32:01.000,09:32:01.000,09:35:24.000,6769.1600,1.2324794586756887385210246500,5.8724021266312228129531174500,203
1,Candidate2ConsecAB,1,2026-09-17,2026-09-29,PatternB,Call,23350.0000,12,10:05:04.000,10:05:05.000,10:09:29.000,3657.6700,0.4193971166448230668414154700,4.1939711664482306684141546500,264
1,Candidate2ConsecAB,2,2026-09-17,2026-09-29,PatternB,Call,23350.0000,12,10:10:12.000,10:10:12.000,10:10:35.000,-925.4000,0.502008032128514056224899600,0.0251004016064257028112449800,23
1,Candidate2ConsecAB,3,2026-09-17,2026-09-29,PatternA,Put,23350.0000,12,10:20:09.000,10:20:09.000,10:20:20.000,-730.7800,0.5253940455341506129597197900,0,11
1,Candidate2ConsecAB,4,2026-09-17,2026-09-29,PatternB,Call,23300.0000,12,10:32:13.000,10:32:13.000,10:34:33.000,-1773.7100,2.0129403306973400431344356600,0.7428708363287802540138988700,140
1,Candidate2ConsecAB,5,2026-09-17,2026-09-29,PatternA,Put,23300.0000,12,10:35:13.000,10:35:14.000,10:43:12.000,53.4200,4.5140732873074880509824747700,2.9208709506107275624004248500,478
1,Candidate2ConsecAB,6,2026-09-17,2026-09-29,PatternB,Call,23300.0000,12,10:45:50.000,10:45:50.000,10:48:27.000,1478.4900,0.6809583858764186633039092100,2.4464060529634300126103404800,157
1,Candidate2ConsecAB,7,2026-09-17,2026-09-29,PatternB,Call,23250.0000,12,11:08:55.000,11:08:55.000,11:10:12.000,-406.7400,1.2394645513138324243926623700,1.4873574615765989092711948400,77
1,Candidate2ConsecAB,8,2026-09-17,2026-09-29,PatternA,Put,23400.0000,12,12:08:50.000,12:08:50.000,12:11:32.000,-2419.4400,2.0838563896560381621893045400,0.3514938488576449912126537800,162
1,Candidate2ConsecAB,9,2026-09-17,2026-09-29,PatternB,Call,23400.0000,12,12:12:45.000,12:12:45.000,12:13:50.000,-1765.3200,2.1010638297872340425531914900,0.0531914893617021276595744700,65
1,Candidate2ConsecAB,10,2026-09-17,2026-09-29,PatternA,Put,23400.0000,12,12:18:38.000,12:18:38.000,12:23:41.000,-4430.2600,4.3240427194581922375618650700,1.5368585569158635061213857800,303
1,Candidate2ConsecAB,11,2026-09-17,2026-09-29,PatternA,Put,23350.0000,12,13:24:44.000,13:24:44.000,13:25:51.000,3497.1000,0.1879194630872483221476510100,3.6778523489932885906040268500,67
1,Candidate2ConsecAB,12,2026-09-17,2026-09-29,PatternB,Call,23300.0000,12,13:31:41.000,13:31:41.000,13:33:00.000,440.7400,1.7241379310344827586206896600,1.8270715388574369531652084400,79
1,Candidate2ConsecAB,13,2026-09-17,2026-09-29,PatternA,Put,23300.0000,12,13:38:58.000,13:38:58.000,13:43:47.000,-4725.0100,6.0116190957312452639555443300,0.0252589037635766607729224600,289
1,Candidate2ConsecAB,14,2026-09-17,2026-09-29,PatternB,Call,23300.0000,12,13:43:52.000,13:43:52.000,13:45:20.000,-2743.0400,2.3190621814475025484199796100,0,88
1,Candidate2ConsecAB,15,2026-09-17,2026-09-29,PatternB,Call,23300.0000,12,14:29:27.000,14:29:27.000,14:33:56.000,-274.8100,0.7369758576874205844980940300,2.3888182973316391359593392600,269
1,Candidate2ConsecAB,16,2026-09-17,2026-09-29,PatternA,Put,23300.0000,12,14:34:19.000,14:34:20.000,14:38:56.000,-7156.3400,9.839142091152815013404825740,1.01876675603217158176943700,276
1,Candidate2ConsecAB,0,2026-09-18,2026-09-29,PatternB,Call,23350.0000,11,09:17:10.000,09:17:10.000,09:17:15.000,-1345.5200,1.0567010309278350515463917500,0,5
1,Candidate2ConsecAB,1,2026-09-18,2026-09-29,PatternB,Call,23350.0000,11,09:50:41.000,09:50:41.000,09:51:01.000,-1694.5700,1.2661870503597122302158273400,0.460431654676258992805755400,20
1,Candidate2ConsecAB,2,2026-09-18,2026-09-29,PatternA,Put,23350.0000,11,09:51:03.000,09:51:03.000,09:51:46.000,-2773.6100,2.323759791122715404699738900,0.1305483028720626631853785900,43
1,Candidate2ConsecAB,3,2026-09-18,2026-09-29,PatternA,Put,23350.0000,11,10:11:16.000,10:11:16.000,10:13:58.000,-3580.1800,3.2276171765366264383946112800,0.0280662363177097951164748800,162
1,Candidate2ConsecAB,4,2026-09-18,2026-09-29,PatternB,Call,23350.0000,11,10:38:36.000,10:38:37.000,10:38:42.000,-296.7000,0.4393673110720562390158172200,0.0292911540714704159343878100,5
1,Candidate2ConsecAB,5,2026-09-18,2026-09-29,PatternA,Put,23350.0000,11,10:53:57.000,10:53:57.000,10:54:27.000,-1309.3200,0.6491750067622396537733297300,0.2975385447660265079794427900,30
1,Candidate2ConsecAB,6,2026-09-18,2026-09-29,PatternB,Call,23350.0000,11,10:55:04.000,10:55:04.000,11:11:46.000,-977.9200,4.922894424673784104389086600,1.8979833926453143534994068800,1002
1,Candidate2ConsecAB,7,2026-09-18,2026-09-29,PatternA,Put,23350.0000,11,12:20:41.000,12:20:42.000,12:22:13.000,-2345.5900,1.6643159379407616361071932300,0.0846262341325811001410437200,91
1,Candidate2ConsecAB,8,2026-09-18,2026-09-29,PatternA,Put,23350.0000,11,13:22:32.000,13:22:33.000,13:26:19.000,-1658.4300,2.367223065250379362670713200,0,226
1,Candidate2ConsecAB,9,2026-09-18,2026-09-29,PatternB,Call,23400.0000,11,14:46:18.000,14:46:18.000,14:47:00.000,782.7600,0.5266622778143515470704410800,1.2508229098090849242922975600,42
1,Candidate2ConsecAB,10,2026-09-18,2026-09-29,PatternA,Put,23400.0000,11,14:51:43.000,14:51:43.000,14:53:16.000,-2600.1600,3.621424223980523432744978700,0.6390748630553864881314668300,93
1,Candidate2ConsecAB,0,2026-09-21,2026-09-29,PatternB,Call,23400.0000,8,09:19:17.000,09:19:17.000,09:20:36.000,816.5400,0.5043712172158708809683927400,2.2528581035642232683254875600,79
1,Candidate2ConsecAB,1,2026-09-21,2026-09-29,PatternA,Put,23400.0000,8,09:24:16.000,09:24:16.000,09:26:32.000,-940.0600,1.0943031863533955584164789200,1.7380109430318635339555841600,136
1,Candidate2ConsecAB,2,2026-09-21,2026-09-29,PatternA,Put,23400.0000,8,09:31:30.000,09:31:30.000,09:35:10.000,168.1500,0.9948542024013722126929674100,1.8867924528301886792452830200,220
1,Candidate2ConsecAB,3,2026-09-21,2026-09-29,PatternA,Put,23400.0000,8,11:19:29.000,11:19:30.000,11:20:13.000,-676.3900,1.0281014393420150788211103500,0.2398903358464701850582590800,43
1,Candidate2ConsecAB,4,2026-09-21,2026-09-29,PatternB,Call,23400.0000,8,11:22:07.000,11:22:07.000,11:27:38.000,135.9700,0.3793103448275862068965517200,2.0689655172413793103448275900,331
1,Candidate2ConsecAB,5,2026-09-21,2026-09-29,PatternA,Put,23450.0000,8,11:55:03.000,11:55:03.000,11:56:03.000,-842.4800,0.6451612903225806451612903200,0.2903225806451612903225806500,60
1,Candidate2ConsecAB,6,2026-09-21,2026-09-29,PatternA,Put,23450.0000,8,12:13:09.000,12:13:09.000,12:21:40.000,-2304.4900,2.5632809996795898750400512700,0.4485741749439282281320089700,511
1,Candidate2ConsecAB,7,2026-09-21,2026-09-29,PatternB,Call,23450.0000,8,13:27:54.000,13:27:54.000,13:28:35.000,-736.1700,0.6008261359369132557266241100,0,41
1,Candidate2ConsecAB,8,2026-09-21,2026-09-29,PatternA,Put,23450.0000,8,13:29:03.000,13:29:04.000,13:34:59.000,-2139.3100,2.815013404825737265415549600,1.2064343163538873994638069700,355
1,Candidate2ConsecAB,9,2026-09-21,2026-09-29,PatternB,Call,23450.0000,8,13:53:32.000,13:53:32.000,13:53:51.000,-997.3400,1.0993037742762916819347746400,0,19
1,Candidate2ConsecAB,10,2026-09-21,2026-09-29,PatternA,Put,23450.0000,8,13:56:49.000,13:56:50.000,13:57:34.000,-2559.5600,2.7720027720027720027720027700,0.0346500346500346500346500300,44
1,Candidate2ConsecAB,11,2026-09-21,2026-09-29,PatternB,Call,23450.0000,8,14:24:32.000,14:24:32.000,14:25:02.000,-221.0600,0.2077562326869806094182825500,0.3462603878116343490304709100,30
1,Candidate2ConsecAB,0,2026-09-22,2026-09-29,PatternA,Put,23450.0000,7,09:15:22.000,09:15:22.000,09:15:26.000,-375.2700,0.4828973843058350100603621700,0.4024144869215291750503018100,4
1,Candidate2ConsecAB,1,2026-09-22,2026-09-29,PatternA,Put,23450.0000,7,09:16:25.000,09:16:25.000,09:16:32.000,-1092.1600,1.9615384615384615384615384600,0,7
1,Candidate2ConsecAB,2,2026-09-22,2026-09-29,PatternA,Put,23450.0000,7,09:27:23.000,09:27:23.000,09:28:21.000,-1646.4500,2.2550831792975970425138632200,0.5914972273567467652495378900,58
1,Candidate2ConsecAB,3,2026-09-22,2026-09-29,PatternB,Call,23450.0000,7,09:37:54.000,09:37:54.000,09:39:21.000,499.4400,0.5780346820809248554913294800,1.7341040462427745664739884400,87
1,Candidate2ConsecAB,4,2026-09-22,2026-09-29,PatternA,Put,23450.0000,7,09:46:22.000,09:46:22.000,09:46:47.000,-568.5500,0.6234413965087281795511221900,0.2493765586034912718204488800,25
1,Candidate2ConsecAB,5,2026-09-22,2026-09-29,PatternA,Put,23450.0000,7,09:48:55.000,09:48:55.000,09:50:24.000,-762.9800,0.9228187919463087248322147700,1.3422818791946308724832214800,89
1,Candidate2ConsecAB,6,2026-09-22,2026-09-29,PatternA,Put,23400.0000,7,10:45:08.000,10:45:08.000,10:45:32.000,-218.8700,0.9352517985611510791366906500,0.6834532374100719424460431700,24
1,Candidate2ConsecAB,7,2026-09-22,2026-09-29,PatternA,Put,23400.0000,7,10:51:15.000,10:51:15.000,10:51:25.000,299.6700,0.3526093088857545839210155100,0.5994358251057827926657263800,10
1,Candidate2ConsecAB,8,2026-09-22,2026-09-29,PatternA,Put,23400.0000,7,10:56:34.000,10:56:34.000,10:57:16.000,-1095.3300,1.1611030478955007256894049300,1.0885341074020319303338171300,42
1,Candidate2ConsecAB,9,2026-09-22,2026-09-29,PatternB,Call,23400.0000,7,10:57:45.000,10:57:45.000,10:59:14.000,-344.6400,0.8152173913043478260869565200,1.475155279503105590062111800,89
1,Candidate2ConsecAB,10,2026-09-22,2026-09-29,PatternA,Put,23400.0000,7,11:00:29.000,11:00:29.000,11:00:32.000,-412.7900,0.3293084522502744237102085600,0.0731796560556165386022685700,3
1,Candidate2ConsecAB,11,2026-09-22,2026-09-29,PatternB,Call,23400.0000,7,11:08:08.000,11:08:08.000,11:12:15.000,1930.2600,0.1194743130227001194743130200,2.9470330545599362803663878900,247
1,Candidate2ConsecAB,12,2026-09-22,2026-09-29,PatternB,Call,23400.0000,7,11:23:20.000,11:23:20.000,11:23:46.000,-1028.8300,1.4552238805970149253731343300,0,26
1,Candidate2ConsecAB,13,2026-09-22,2026-09-29,PatternB,Call,23400.0000,7,11:24:46.000,11:24:46.000,11:27:04.000,-2263.3400,2.6354862657757980697847067600,0.9651076466221232368225686700,138
1,Candidate2ConsecAB,14,2026-09-22,2026-09-29,PatternA,Put,23400.0000,7,11:27:50.000,11:27:50.000,11:29:31.000,-442.2000,1.0069713400464756003098373400,0.6971340046475600309837335400,101
1,Candidate2ConsecAB,15,2026-09-22,2026-09-29,PatternB,Call,23350.0000,7,11:59:38.000,11:59:38.000,12:00:27.000,-511.1400,0.9719222462203023758099352100,0.3959683225341972642188624900,49
1,Candidate2ConsecAB,16,2026-09-22,2026-09-29,PatternA,Put,23350.0000,7,12:00:56.000,12:00:56.000,12:06:05.000,-4240.0300,5.4272985014175779667881733500,0.8100445524503847711624139300,309
1,Candidate2ConsecAB,17,2026-09-22,2026-09-29,PatternB,Call,23350.0000,7,13:05:16.000,13:05:16.000,13:08:39.000,1897.0000,0.0784621420164770498234601800,3.8838760298156139662612789300,203
1,Candidate2ConsecAB,18,2026-09-22,2026-09-29,PatternA,Put,23350.0000,7,13:18:13.000,13:18:13.000,13:20:10.000,-312.8300,2.4530471444998083556918359500,0.8049060942889996167113836700,117
1,Candidate2ConsecAB,19,2026-09-22,2026-09-29,PatternB,Call,23350.0000,7,13:30:13.000,13:30:13.000,13:32:01.000,336.6600,0.4590665646518745218056618200,1.2241775057383320581484315200,108
1,Candidate2ConsecAB,20,2026-09-22,2026-09-29,PatternB,Call,23350.0000,7,13:35:03.000,13:35:03.000,13:38:37.000,-476.1200,0.8669430833019223520542781800,0.8292499057670561628345269500,214
1,Candidate2ConsecAB,21,2026-09-22,2026-09-29,PatternB,Call,23350.0000,7,13:40:43.000,13:40:43.000,13:44:04.000,-443.5400,0.5287009063444108761329305100,2.0392749244712990936555891200,201
1,Candidate2ConsecAB,22,2026-09-22,2026-09-29,PatternB,Call,23350.0000,7,13:50:43.000,13:50:43.000,13:51:09.000,-991.2100,1.812937783271528636176349400,0.1236093943139678615574783700,26
1,Candidate2ConsecAB,23,2026-09-22,2026-09-29,PatternB,Call,23300.0000,7,14:03:27.000,14:03:27.000,14:05:42.000,-509.1500,0.9701492537313432835820895500,2.2014925373134328358208955200,135
1,Candidate2ConsecAB,24,2026-09-22,2026-09-29,PatternB,Call,23300.0000,7,14:09:18.000,14:09:18.000,14:13:56.000,10825.6700,0.406053894425987449243263200,14.433370247323735695828719080,278
1,Candidate2ConsecAB,25,2026-09-22,2026-09-29,PatternA,Put,23400.0000,7,14:23:55.000,14:23:55.000,14:24:59.000,4171.8000,0,5.7051024507834471675371635200,64
1,Candidate2ConsecAB,26,2026-09-22,2026-09-29,PatternB,Call,23400.0000,7,14:25:04.000,14:25:04.000,14:27:08.000,4917.9200,0.4340962904498816101026045800,7.8531965272296764009471191800,124
1,Candidate2ConsecAB,27,2026-09-22,2026-09-29,PatternA,Put,23400.0000,7,14:49:38.000,14:49:38.000,14:49:41.000,-185.8400,0.2179440610243370868143843100,0,3
1,Candidate2ConsecAB,0,2026-09-23,2026-10-06,PatternB,Call,23400.0000,13,09:28:16.000,09:28:16.000,09:28:21.000,-1796.4600,0.5955603681645912290200324900,0,5
1,Candidate2ConsecAB,1,2026-09-23,2026-10-06,PatternA,Put,23400.0000,13,09:43:28.000,09:43:29.000,09:45:06.000,-2043.9000,1.9130998702983138780804150500,0.6160830090791180285343709500,97
1,Candidate2ConsecAB,2,2026-09-23,2026-10-06,PatternA,Put,23400.0000,13,10:02:31.000,10:02:31.000,10:04:15.000,-1296.7300,1.8524536886577835554111147200,0.7474813129671758206044848900,104
1,Candidate2ConsecAB,3,2026-09-23,2026-10-06,PatternA,Put,23450.0000,13,10:39:14.000,10:39:14.000,10:39:56.000,0.4100,0.1258653241032095657646318400,0.5349276274386406544996853400,42
1,Candidate2ConsecAB,4,2026-09-23,2026-10-06,PatternB,Call,23450.0000,13,10:41:25.000,10:41:26.000,10:45:11.000,-164.8000,1.7792521109770808202653799800,1.1761158021712907117008443900,225
1,Candidate2ConsecAB,5,2026-09-23,2026-10-06,PatternB,Call,23450.0000,13,10:45:24.000,10:45:24.000,10:46:02.000,386.8300,0.0598444045481747456612806700,1.2866546977857570317175344100,38
1,Candidate2ConsecAB,6,2026-09-23,2026-10-06,PatternB,Call,23450.0000,13,10:48:54.000,10:48:54.000,10:49:27.000,-1822.8400,1.5910430170889805539186800200,0,33
1,Candidate2ConsecAB,7,2026-09-23,2026-10-06,PatternA,Put,23450.0000,13,10:49:42.000,10:49:42.000,10:53:38.000,325.6900,0.5072923272035510462904248600,1.6169942929613189600507292300,236
1,Candidate2ConsecAB,8,2026-09-23,2026-10-06,PatternA,Put,23450.0000,13,11:11:11.000,11:11:11.000,11:19:33.000,2925.8100,2.7053455019556714471968709300,3.3572359843546284224250325900,502
1,Candidate2ConsecAB,9,2026-09-23,2026-10-06,PatternA,Put,23450.0000,13,11:36:23.000,11:36:23.000,11:41:39.000,-256.6300,1.3157894736842105263157894700,0.8552631578947368421052631600,316
1,Candidate2ConsecAB,10,2026-09-23,2026-10-06,PatternA,Put,23450.0000,13,12:25:44.000,12:25:44.000,12:28:51.000,-967.8500,0.9735744089012517385257301800,0.5215577190542420027816411700,187
1,Candidate2ConsecAB,11,2026-09-23,2026-10-06,PatternA,Put,23450.0000,13,13:29:42.000,13:29:42.000,13:31:57.000,1954.0600,0,2.246426140231449965963240300,135
1,Candidate2ConsecAB,12,2026-09-23,2026-10-06,PatternA,Put,23500.0000,13,14:29:13.000,14:29:13.000,14:29:35.000,-2532.9300,2.4259609325771896660365469400,0,22
1,Candidate2ConsecAB,13,2026-09-23,2026-10-06,PatternB,Call,23450.0000,13,14:45:54.000,14:45:54.000,14:47:20.000,-751.5400,0.5847953216374269005847953200,0.8187134502923976608187134500,86
1,Candidate2ConsecAB,14,2026-09-23,2026-10-06,PatternB,Call,23450.0000,13,14:55:12.000,14:55:13.000,14:55:41.000,92.9700,0.1755412521942656524283206600,0.848449385605617320070216500,28
1,Diag2ConsecAOnly,0,2026-09-04,2026-09-15,PatternA,Put,24100.0000,11,10:49:36.000,10:49:36.000,10:53:54.000,-273.5500,0.8004131164471985540924348100,0.8778724502969274464239607500,258
1,Diag2ConsecAOnly,1,2026-09-04,2026-09-15,PatternA,Put,24100.0000,11,11:56:19.000,11:56:19.000,11:57:40.000,-951.1300,1.1226725082146768893756845600,0.2190580503833515881708652800,81
1,Diag2ConsecAOnly,2,2026-09-04,2026-09-15,PatternA,Put,24050.0000,11,12:43:50.000,12:43:51.000,12:48:33.000,-1015.7700,0.6325632563256325632563256300,1.2926292629262926292629262900,282
1,Diag2ConsecAOnly,0,2026-09-08,2026-09-15,PatternA,Put,23800.0000,7,09:48:14.000,09:48:14.000,09:48:24.000,-1011.1600,0.9093575828688765033734232900,0,10
1,Diag2ConsecAOnly,1,2026-09-08,2026-09-15,PatternA,Put,23800.0000,7,10:01:31.000,10:01:31.000,10:01:33.000,-850.4800,0.4006868918145392100744132800,0,2
1,Diag2ConsecAOnly,2,2026-09-08,2026-09-15,PatternA,Put,23750.0000,7,10:05:49.000,10:05:49.000,10:06:20.000,-1165.7300,1.2235449735449735449735449700,0.8267195767195767195767195800,31
1,Diag2ConsecAOnly,3,2026-09-08,2026-09-15,PatternA,Put,23800.0000,7,11:11:34.000,11:11:34.000,11:14:59.000,-847.7400,1.0717475439118785352783566500,1.4885382554331646323310509100,205
1,Diag2ConsecAOnly,4,2026-09-08,2026-09-15,PatternA,Put,23750.0000,7,14:23:23.000,14:23:23.000,14:25:07.000,782.5800,0.3281916639317361339021988800,1.7394158188382015096816540900,104
1,Diag2ConsecAOnly,0,2026-09-09,2026-09-22,PatternA,Put,23600.0000,13,09:20:43.000,09:20:43.000,09:21:11.000,-1022.3300,1.0608739580702197524627431200,0.2778479413993432685021470100,28
1,Diag2ConsecAOnly,1,2026-09-09,2026-09-22,PatternA,Put,23600.0000,13,09:25:13.000,09:25:14.000,09:25:24.000,-1217.0200,0.8860759493670886075949367100,0,10
1,Diag2ConsecAOnly,2,2026-09-09,2026-09-22,PatternA,Put,23650.0000,13,10:31:51.000,10:31:51.000,10:33:34.000,-1122.1200,0.981595092024539877300613500,1.0061349693251533742331288300,103
1,Diag2ConsecAOnly,3,2026-09-09,2026-09-22,PatternA,Put,23600.0000,13,12:08:09.000,12:08:09.000,12:11:18.000,-1806.9600,2.4697221562574210401329850400,0,189
1,Diag2ConsecAOnly,4,2026-09-09,2026-09-22,PatternA,Put,23600.0000,13,12:15:51.000,12:15:51.000,12:18:07.000,-732.2000,0.4671748217359232849766412600,1.5736415047946889599213179200,136
1,Diag2ConsecAOnly,5,2026-09-09,2026-09-22,PatternA,Put,23650.0000,13,12:45:00.000,12:45:00.000,12:46:28.000,85.3300,0.7380073800738007380073800700,1.0279388508170795993674222500,88
1,Diag2ConsecAOnly,6,2026-09-09,2026-09-22,PatternA,Put,23650.0000,13,13:09:29.000,13:09:29.000,13:12:48.000,1513.3200,0.3637308391790075344245258500,2.1044427123928293063133281400,199
1,Diag2ConsecAOnly,7,2026-09-09,2026-09-22,PatternA,Put,23650.0000,13,13:17:26.000,13:17:26.000,13:23:03.000,-762.1000,1.9543147208121827411167512700,0.7868020304568527918781725900,337
1,Diag2ConsecAOnly,0,2026-09-10,2026-09-22,PatternA,Put,23550.0000,12,10:41:13.000,10:41:13.000,10:43:00.000,-47.5100,0.3047232097511427120365667900,1.4474352463179278821736922300,107
1,Diag2ConsecAOnly,1,2026-09-10,2026-09-22,PatternA,Put,23550.0000,12,10:44:17.000,10:44:18.000,10:44:47.000,-2255.9900,1.8061561943525820401933350300,0,29
1,Diag2ConsecAOnly,2,2026-09-10,2026-09-22,PatternA,Put,23550.0000,12,12:18:35.000,12:18:35.000,12:19:35.000,-985.0500,1.1818426000537201181842600100,0,60
1,Diag2ConsecAOnly,0,2026-09-11,2026-09-22,PatternA,Put,23300.0000,11,09:25:05.000,09:25:05.000,09:25:36.000,-1247.0700,1.8276762402088772845953002600,0.287206266318537859007832900,31
1,Diag2ConsecAOnly,1,2026-09-11,2026-09-22,PatternA,Put,23300.0000,11,09:27:59.000,09:27:59.000,09:28:42.000,506.8600,0.2350483154870723426482110200,1.096892138939670932358318100,43
1,Diag2ConsecAOnly,2,2026-09-11,2026-09-22,PatternA,Put,23300.0000,11,09:44:22.000,09:44:22.000,09:48:30.000,2098.1800,0,2.3710265763418447107868681600,248
1,Diag2ConsecAOnly,3,2026-09-11,2026-09-22,PatternA,Put,23350.0000,11,10:06:59.000,10:06:59.000,10:07:57.000,-214.4800,0.9608455440787893346144607300,0.1441268316118184001921691100,58
1,Diag2ConsecAOnly,4,2026-09-11,2026-09-22,PatternA,Put,23350.0000,11,10:26:25.000,10:26:25.000,10:29:47.000,4663.0800,0.2058142526369951119114998700,4.0905582711602778492410599400,202
1,Diag2ConsecAOnly,5,2026-09-11,2026-09-22,PatternA,Put,23450.0000,11,11:25:07.000,11:25:07.000,11:25:18.000,-376.2100,0.2421307506053268765133171900,0,11
1,Diag2ConsecAOnly,6,2026-09-11,2026-09-22,PatternA,Put,23400.0000,11,11:30:06.000,11:30:06.000,11:30:42.000,-369.0800,0.5027785128340830907647525800,0.4763164858428155596718708700,36
1,Diag2ConsecAOnly,7,2026-09-11,2026-09-22,PatternA,Put,23450.0000,11,11:47:06.000,11:47:06.000,11:47:47.000,-1155.0700,1.1957052220595412396290873600,0,41
1,Diag2ConsecAOnly,8,2026-09-11,2026-09-22,PatternA,Put,23400.0000,11,11:51:27.000,11:51:27.000,11:55:26.000,768.9900,0.4305705059203444564047362800,2.4757804090419806243272335800,239
1,Diag2ConsecAOnly,9,2026-09-11,2026-09-22,PatternA,Put,23400.0000,11,12:28:13.000,12:28:13.000,12:32:25.000,-2611.4000,2.0578275592602240166710080800,0.6251628028132326126595467600,252
1,Diag2ConsecAOnly,10,2026-09-11,2026-09-22,PatternA,Put,23400.0000,11,12:37:16.000,12:37:17.000,12:37:39.000,-693.7900,0.4768211920529801324503311300,0.4238410596026490066225165600,22
1,Diag2ConsecAOnly,11,2026-09-11,2026-09-22,PatternA,Put,23400.0000,11,13:00:45.000,13:00:45.000,13:02:12.000,1904.4800,0.2116402116402116402116402100,1.7195767195767195767195767200,87
1,Diag2ConsecAOnly,12,2026-09-11,2026-09-22,PatternA,Put,23500.0000,11,14:04:58.000,14:04:58.000,14:05:41.000,2845.0300,0.025994281258123212893163500,2.9373537821679230569274759600,43
1,Diag2ConsecAOnly,0,2026-09-15,2026-09-22,PatternA,Put,23450.0000,7,10:12:37.000,10:12:37.000,10:12:48.000,-1895.9100,1.7400474558397047192196150800,0,11
1,Diag2ConsecAOnly,1,2026-09-15,2026-09-22,PatternA,Put,23450.0000,7,10:13:53.000,10:13:53.000,10:26:13.000,4309.4800,0.5126821370750134916351861800,6.5569347004856988667026443600,740
1,Diag2ConsecAOnly,2,2026-09-15,2026-09-22,PatternA,Put,23350.0000,7,11:10:24.000,11:10:24.000,11:12:15.000,-5397.5800,6.645660269263821254654826700,0,111
1,Diag2ConsecAOnly,3,2026-09-15,2026-09-22,PatternA,Put,23350.0000,7,13:22:23.000,13:22:23.000,13:24:33.000,-693.6500,1.061571125265392781316348200,1.1411889596602972399150743100,130
1,Diag2ConsecAOnly,4,2026-09-15,2026-09-22,PatternA,Put,23300.0000,7,13:25:01.000,13:25:01.000,13:26:04.000,-586.4600,0.8211678832116788321167883200,0.3649635036496350364963503600,63
1,Diag2ConsecAOnly,5,2026-09-15,2026-09-22,PatternA,Put,23300.0000,7,13:31:06.000,13:31:06.000,13:32:51.000,1522.8500,0.0887573964497041420118343200,4.4378698224852071005917159800,105
1,Diag2ConsecAOnly,6,2026-09-15,2026-09-22,PatternA,Put,23300.0000,7,13:54:13.000,13:54:13.000,13:54:38.000,-621.3400,0.6752789195537287140340575500,0.1174398120963006459189665300,25
1,Diag2ConsecAOnly,7,2026-09-15,2026-09-22,PatternA,Put,23300.0000,7,14:05:06.000,14:05:06.000,14:08:43.000,2399.4300,0.2060035314891112419070041200,3.9434961742201294879340788700,217
1,Diag2ConsecAOnly,8,2026-09-15,2026-09-22,PatternA,Put,23250.0000,7,14:17:00.000,14:17:00.000,14:17:02.000,-431.5800,0.2186987424822307271733187500,0,2
1,Diag2ConsecAOnly,9,2026-09-15,2026-09-22,PatternA,Put,23250.0000,7,14:18:13.000,14:18:13.000,14:19:00.000,868.4000,1.0223818734457032329372754900,1.6855484940591323570046974300,47
1,Diag2ConsecAOnly,10,2026-09-15,2026-09-22,PatternA,Put,23250.0000,7,14:30:55.000,14:30:55.000,14:31:16.000,-1538.5900,1.1870218939593774729622790800,0,21
1,Diag2ConsecAOnly,11,2026-09-15,2026-09-22,PatternA,Put,23200.0000,7,14:47:40.000,14:47:40.000,14:50:15.000,3694.0700,1.297625621203754831584759800,8.393152954168967421314191050,155
1,Diag2ConsecAOnly,12,2026-09-15,2026-09-22,PatternA,Put,23200.0000,7,14:55:32.000,14:55:32.000,14:59:19.000,1030.3100,1.3175953884161405435080977200,1.6469942355201756793851221500,227
1,Diag2ConsecAOnly,0,2026-09-16,2026-09-29,PatternA,Put,23300.0000,13,09:19:51.000,09:19:52.000,09:21:36.000,302.2300,0.8354606637270828498491529400,3.1097702483174750522162914800,104
1,Diag2ConsecAOnly,1,2026-09-16,2026-09-29,PatternA,Put,23200.0000,13,09:42:24.000,09:42:24.000,09:42:31.000,-481.0600,0.7786429365962180200222469400,0.2002224694104560622914349300,7
1,Diag2ConsecAOnly,2,2026-09-16,2026-09-29,PatternA,Put,23300.0000,13,10:49:24.000,10:49:24.000,10:52:55.000,-22.3800,2.209302325581395348837209300,3.790697674418604651162790700,211
1,Diag2ConsecAOnly,3,2026-09-16,2026-09-29,PatternA,Put,23300.0000,13,11:09:24.000,11:09:24.000,11:12:13.000,-2980.7600,2.3455119530897609382047812400,0.4510599909788001804239963900,169
1,Diag2ConsecAOnly,4,2026-09-16,2026-09-29,PatternA,Put,23300.0000,13,12:46:03.000,12:46:03.000,12:47:46.000,-1549.5400,1.1778290993071593533487297900,0.8314087759815242494226327900,103
1,Diag2ConsecAOnly,5,2026-09-16,2026-09-29,PatternA,Put,23300.0000,13,13:03:48.000,13:03:49.000,13:08:07.000,-9248.5900,6.4134637252672276552194678200,0.5230839208551284967022970200,258
1,Diag2ConsecAOnly,6,2026-09-16,2026-09-29,PatternA,Put,23300.0000,13,13:23:15.000,13:23:15.000,13:25:18.000,3197.2100,0.2440214738897022938018545600,3.5139092240117130307467057100,123
1,Diag2ConsecAOnly,0,2026-09-17,2026-09-29,PatternA,Put,23350.0000,12,10:20:09.000,10:20:09.000,10:20:20.000,-730.7800,0.5253940455341506129597197900,0,11
1,Diag2ConsecAOnly,1,2026-09-17,2026-09-29,PatternA,Put,23300.0000,12,10:35:13.000,10:35:14.000,10:43:12.000,53.4200,4.5140732873074880509824747700,2.9208709506107275624004248500,478
1,Diag2ConsecAOnly,2,2026-09-17,2026-09-29,PatternA,Put,23400.0000,12,12:08:50.000,12:08:50.000,12:11:32.000,-2419.4400,2.0838563896560381621893045400,0.3514938488576449912126537800,162
1,Diag2ConsecAOnly,3,2026-09-17,2026-09-29,PatternA,Put,23400.0000,12,12:18:38.000,12:18:38.000,12:23:41.000,-4430.2600,4.3240427194581922375618650700,1.5368585569158635061213857800,303
1,Diag2ConsecAOnly,4,2026-09-17,2026-09-29,PatternA,Put,23350.0000,12,13:24:44.000,13:24:44.000,13:25:51.000,3497.1000,0.1879194630872483221476510100,3.6778523489932885906040268500,67
1,Diag2ConsecAOnly,5,2026-09-17,2026-09-29,PatternA,Put,23300.0000,12,13:38:58.000,13:38:58.000,13:43:47.000,-4725.0100,6.0116190957312452639555443300,0.0252589037635766607729224600,289
1,Diag2ConsecAOnly,6,2026-09-17,2026-09-29,PatternA,Put,23300.0000,12,14:34:19.000,14:34:20.000,14:38:56.000,-7156.3400,9.839142091152815013404825740,1.01876675603217158176943700,276
1,Diag2ConsecAOnly,0,2026-09-18,2026-09-29,PatternA,Put,23350.0000,11,09:51:03.000,09:51:03.000,09:51:46.000,-2773.6100,2.323759791122715404699738900,0.1305483028720626631853785900,43
1,Diag2ConsecAOnly,1,2026-09-18,2026-09-29,PatternA,Put,23350.0000,11,10:11:16.000,10:11:16.000,10:13:58.000,-3580.1800,3.2276171765366264383946112800,0.0280662363177097951164748800,162
1,Diag2ConsecAOnly,2,2026-09-18,2026-09-29,PatternA,Put,23350.0000,11,10:53:57.000,10:53:57.000,10:54:27.000,-1309.3200,0.6491750067622396537733297300,0.2975385447660265079794427900,30
1,Diag2ConsecAOnly,3,2026-09-18,2026-09-29,PatternA,Put,23350.0000,11,12:20:41.000,12:20:42.000,12:22:13.000,-2345.5900,1.6643159379407616361071932300,0.0846262341325811001410437200,91
1,Diag2ConsecAOnly,4,2026-09-18,2026-09-29,PatternA,Put,23350.0000,11,13:22:32.000,13:22:33.000,13:26:19.000,-1658.4300,2.367223065250379362670713200,0,226
1,Diag2ConsecAOnly,5,2026-09-18,2026-09-29,PatternA,Put,23400.0000,11,14:51:43.000,14:51:43.000,14:53:16.000,-2600.1600,3.621424223980523432744978700,0.6390748630553864881314668300,93
1,Diag2ConsecAOnly,0,2026-09-21,2026-09-29,PatternA,Put,23400.0000,8,09:24:16.000,09:24:16.000,09:26:32.000,-940.0600,1.0943031863533955584164789200,1.7380109430318635339555841600,136
1,Diag2ConsecAOnly,1,2026-09-21,2026-09-29,PatternA,Put,23400.0000,8,09:31:30.000,09:31:30.000,09:35:10.000,168.1500,0.9948542024013722126929674100,1.8867924528301886792452830200,220
1,Diag2ConsecAOnly,2,2026-09-21,2026-09-29,PatternA,Put,23400.0000,8,11:19:29.000,11:19:30.000,11:20:13.000,-676.3900,1.0281014393420150788211103500,0.2398903358464701850582590800,43
1,Diag2ConsecAOnly,3,2026-09-21,2026-09-29,PatternA,Put,23450.0000,8,11:55:03.000,11:55:03.000,11:56:03.000,-842.4800,0.6451612903225806451612903200,0.2903225806451612903225806500,60
1,Diag2ConsecAOnly,4,2026-09-21,2026-09-29,PatternA,Put,23450.0000,8,12:13:09.000,12:13:09.000,12:21:40.000,-2304.4900,2.5632809996795898750400512700,0.4485741749439282281320089700,511
1,Diag2ConsecAOnly,5,2026-09-21,2026-09-29,PatternA,Put,23450.0000,8,13:29:03.000,13:29:04.000,13:34:59.000,-2139.3100,2.815013404825737265415549600,1.2064343163538873994638069700,355
1,Diag2ConsecAOnly,6,2026-09-21,2026-09-29,PatternA,Put,23450.0000,8,13:56:49.000,13:56:50.000,13:57:34.000,-2559.5600,2.7720027720027720027720027700,0.0346500346500346500346500300,44
1,Diag2ConsecAOnly,0,2026-09-22,2026-09-29,PatternA,Put,23450.0000,7,09:15:22.000,09:15:22.000,09:15:26.000,-375.2700,0.4828973843058350100603621700,0.4024144869215291750503018100,4
1,Diag2ConsecAOnly,1,2026-09-22,2026-09-29,PatternA,Put,23450.0000,7,09:16:25.000,09:16:25.000,09:16:32.000,-1092.1600,1.9615384615384615384615384600,0,7
1,Diag2ConsecAOnly,2,2026-09-22,2026-09-29,PatternA,Put,23450.0000,7,09:27:23.000,09:27:23.000,09:28:21.000,-1646.4500,2.2550831792975970425138632200,0.5914972273567467652495378900,58
1,Diag2ConsecAOnly,3,2026-09-22,2026-09-29,PatternA,Put,23450.0000,7,09:46:22.000,09:46:22.000,09:46:47.000,-568.5500,0.6234413965087281795511221900,0.2493765586034912718204488800,25
1,Diag2ConsecAOnly,4,2026-09-22,2026-09-29,PatternA,Put,23450.0000,7,09:48:55.000,09:48:55.000,09:50:24.000,-762.9800,0.9228187919463087248322147700,1.3422818791946308724832214800,89
1,Diag2ConsecAOnly,5,2026-09-22,2026-09-29,PatternA,Put,23400.0000,7,10:45:08.000,10:45:08.000,10:45:32.000,-218.8700,0.9352517985611510791366906500,0.6834532374100719424460431700,24
1,Diag2ConsecAOnly,6,2026-09-22,2026-09-29,PatternA,Put,23400.0000,7,10:51:15.000,10:51:15.000,10:51:25.000,299.6700,0.3526093088857545839210155100,0.5994358251057827926657263800,10
1,Diag2ConsecAOnly,7,2026-09-22,2026-09-29,PatternA,Put,23400.0000,7,10:56:34.000,10:56:34.000,10:57:16.000,-1095.3300,1.1611030478955007256894049300,1.0885341074020319303338171300,42
1,Diag2ConsecAOnly,8,2026-09-22,2026-09-29,PatternA,Put,23400.0000,7,11:00:29.000,11:00:29.000,11:00:32.000,-412.7900,0.3293084522502744237102085600,0.0731796560556165386022685700,3
1,Diag2ConsecAOnly,9,2026-09-22,2026-09-29,PatternA,Put,23400.0000,7,11:27:50.000,11:27:50.000,11:29:31.000,-442.2000,1.0069713400464756003098373400,0.6971340046475600309837335400,101
1,Diag2ConsecAOnly,10,2026-09-22,2026-09-29,PatternA,Put,23350.0000,7,12:00:56.000,12:00:56.000,12:06:05.000,-4240.0300,5.4272985014175779667881733500,0.8100445524503847711624139300,309
1,Diag2ConsecAOnly,11,2026-09-22,2026-09-29,PatternA,Put,23350.0000,7,13:18:13.000,13:18:13.000,13:20:10.000,-312.8300,2.4530471444998083556918359500,0.8049060942889996167113836700,117
1,Diag2ConsecAOnly,12,2026-09-22,2026-09-29,PatternA,Put,23400.0000,7,14:23:55.000,14:23:55.000,14:24:59.000,4171.8000,0,5.7051024507834471675371635200,64
1,Diag2ConsecAOnly,13,2026-09-22,2026-09-29,PatternA,Put,23400.0000,7,14:49:38.000,14:49:38.000,14:49:41.000,-185.8400,0.2179440610243370868143843100,0,3
1,Diag2ConsecAOnly,0,2026-09-23,2026-10-06,PatternA,Put,23400.0000,13,09:43:28.000,09:43:29.000,09:45:06.000,-2043.9000,1.9130998702983138780804150500,0.6160830090791180285343709500,97
1,Diag2ConsecAOnly,1,2026-09-23,2026-10-06,PatternA,Put,23400.0000,13,10:02:31.000,10:02:31.000,10:04:15.000,-1296.7300,1.8524536886577835554111147200,0.7474813129671758206044848900,104
1,Diag2ConsecAOnly,2,2026-09-23,2026-10-06,PatternA,Put,23450.0000,13,10:39:14.000,10:39:14.000,10:39:56.000,0.4100,0.1258653241032095657646318400,0.5349276274386406544996853400,42
1,Diag2ConsecAOnly,3,2026-09-23,2026-10-06,PatternA,Put,23450.0000,13,10:49:42.000,10:49:42.000,10:53:38.000,325.6900,0.5072923272035510462904248600,1.6169942929613189600507292300,236
1,Diag2ConsecAOnly,4,2026-09-23,2026-10-06,PatternA,Put,23450.0000,13,11:11:11.000,11:11:11.000,11:19:33.000,2925.8100,2.7053455019556714471968709300,3.3572359843546284224250325900,502
1,Diag2ConsecAOnly,5,2026-09-23,2026-10-06,PatternA,Put,23450.0000,13,11:36:23.000,11:36:23.000,11:41:39.000,-256.6300,1.3157894736842105263157894700,0.8552631578947368421052631600,316
1,Diag2ConsecAOnly,6,2026-09-23,2026-10-06,PatternA,Put,23450.0000,13,12:25:44.000,12:25:44.000,12:28:51.000,-967.8500,0.9735744089012517385257301800,0.5215577190542420027816411700,187
1,Diag2ConsecAOnly,7,2026-09-23,2026-10-06,PatternA,Put,23450.0000,13,13:29:42.000,13:29:42.000,13:31:57.000,1954.0600,0,2.246426140231449965963240300,135
1,Diag2ConsecAOnly,8,2026-09-23,2026-10-06,PatternA,Put,23500.0000,13,14:29:13.000,14:29:13.000,14:29:35.000,-2532.9300,2.4259609325771896660365469400,0,22
1,Diag2ConsecBOnly,0,2026-09-04,2026-09-15,PatternB,Call,24100.0000,11,10:34:59.000,10:34:59.000,10:42:14.000,78.9500,2.750099641291351135910721400,2.7102431247508967716221602200,435
1,Diag2ConsecBOnly,1,2026-09-04,2026-09-15,PatternB,Call,24100.0000,11,10:53:55.000,10:53:55.000,10:54:10.000,-51.4900,0.3550295857988165680473372800,0.1577909270216962524654832300,15
1,Diag2ConsecBOnly,0,2026-09-08,2026-09-15,PatternB,Call,23800.0000,7,09:18:37.000,09:18:37.000,09:19:41.000,55.2100,0.3367003367003367003367003400,0.8177008177008177008177008200,64
1,Diag2ConsecBOnly,1,2026-09-08,2026-09-15,PatternB,Call,23800.0000,7,09:19:51.000,09:19:51.000,09:20:22.000,-1081.8400,1.5296367112810707456978967500,0.1912045889101338432122370900,31
1,Diag2ConsecBOnly,2,2026-09-08,2026-09-15,PatternB,Call,23750.0000,7,09:29:38.000,09:29:38.000,09:32:05.000,1151.3500,0.8464328899637243047158403900,2.1362353889560661023780733600,147
1,Diag2ConsecBOnly,3,2026-09-08,2026-09-15,PatternB,Call,23800.0000,7,09:38:03.000,09:38:03.000,09:38:46.000,-205.4400,0.3303445021236432279377064700,0.3775365738555922605002359600,43
1,Diag2ConsecBOnly,4,2026-09-08,2026-09-15,PatternB,Call,23800.0000,7,09:40:03.000,09:40:04.000,09:42:02.000,-1666.7400,2.3277909738717339667458432300,0,118
1,Diag2ConsecBOnly,5,2026-09-08,2026-09-15,PatternB,Call,23750.0000,7,09:45:10.000,09:45:10.000,09:46:01.000,-49.2000,0.4954582989265070189925681300,0.3303055326176713459950454200,51
1,Diag2ConsecBOnly,6,2026-09-08,2026-09-15,PatternB,Call,23750.0000,7,12:07:03.000,12:07:03.000,12:08:40.000,-530.9700,0.6960556844547563805104408400,0.6960556844547563805104408400,97
1,Diag2ConsecBOnly,7,2026-09-08,2026-09-15,PatternB,Call,23750.0000,7,12:13:00.000,12:13:00.000,12:18:45.000,-12.3900,1.8107741059302851969216840200,0.7243096423721140787686736100,345
1,Diag2ConsecBOnly,8,2026-09-08,2026-09-15,PatternB,Call,23750.0000,7,12:45:45.000,12:45:46.000,12:48:16.000,-1246.5600,1.7679057116953762466001813200,0.2266545784224841341795104300,150
1,Diag2ConsecBOnly,9,2026-09-08,2026-09-15,PatternB,Call,23750.0000,7,14:48:56.000,14:48:57.000,14:50:30.000,-1536.7400,2.5226082817705854355069014800,0.3807710613993336506425511700,93
1,Diag2ConsecBOnly,0,2026-09-09,2026-09-22,PatternB,Call,23600.0000,13,10:13:21.000,10:13:22.000,10:13:32.000,-558.2100,0.4862700228832951945080091500,0,10
1,Diag2ConsecBOnly,1,2026-09-09,2026-09-22,PatternB,Call,23600.0000,13,10:19:31.000,10:19:31.000,10:20:39.000,1776.4700,0.2984264785675529028757460700,2.685838307107976125881714600,68
1,Diag2ConsecBOnly,2,2026-09-09,2026-09-22,PatternB,Call,23650.0000,13,13:30:36.000,13:30:36.000,13:44:38.000,-2215.4800,4.496606334841628959276018100,0.7918552036199095022624434400,842
1,Diag2ConsecBOnly,3,2026-09-09,2026-09-22,PatternB,Call,23600.0000,13,14:40:12.000,14:40:13.000,14:40:26.000,58.7600,0.2569226377390807878960890700,0.0285469597487867542106765600,13
1,Diag2ConsecBOnly,4,2026-09-09,2026-09-22,PatternB,Call,23600.0000,13,14:47:33.000,14:47:33.000,14:51:29.000,676.4700,0.6332757628094415659182498600,1.3816925734024179620034542300,236
1,Diag2ConsecBOnly,0,2026-09-10,2026-09-22,PatternB,Call,23550.0000,12,09:16:22.000,09:16:22.000,09:16:28.000,-848.2100,0.6209343583678296865759905400,0,6
1,Diag2ConsecBOnly,1,2026-09-10,2026-09-22,PatternB,Call,23550.0000,12,09:28:47.000,09:28:47.000,09:31:16.000,-8577.2400,7.9073962717979555021046301900,0,149
1,Diag2ConsecBOnly,2,2026-09-10,2026-09-22,PatternB,Call,23550.0000,12,09:57:03.000,09:57:03.000,10:01:47.000,-6432.4200,5.9651269501376567757724074600,0.0917711838482716427041908800,284
1,Diag2ConsecBOnly,3,2026-09-10,2026-09-22,PatternB,Call,23500.0000,12,10:30:10.000,10:30:10.000,10:40:56.000,3921.1200,1.0173219686554852900742370100,4.2067638163321418751718449300,646
1,Diag2ConsecBOnly,4,2026-09-10,2026-09-22,PatternB,Call,23550.0000,12,12:20:26.000,12:20:27.000,12:22:42.000,1231.0600,0.6261180679785330948121645800,3.4883720930232558139534883700,135
1,Diag2ConsecBOnly,5,2026-09-10,2026-09-22,PatternB,Call,23550.0000,12,12:53:33.000,12:53:34.000,12:56:35.000,-2891.1000,2.6103169670602858918582970800,1.2740832815413300186451211900,181
1,Diag2ConsecBOnly,6,2026-09-10,2026-09-22,PatternB,Call,23500.0000,12,13:07:31.000,13:07:31.000,13:12:46.000,4705.5100,0,4.6806005298793052693553135100,315
1,Diag2ConsecBOnly,7,2026-09-10,2026-09-22,PatternB,Call,23500.0000,12,14:40:43.000,14:40:43.000,14:41:06.000,326.6500,0.4505954296749275828773736700,0.9011908593498551657547473400,23
1,Diag2ConsecBOnly,8,2026-09-10,2026-09-22,PatternB,Call,23500.0000,12,14:59:49.000,14:59:49.000,15:00:16.000,-2598.7800,2.42386575512740832815413300,0.3418272218769422001243008100,27
1,Diag2ConsecBOnly,0,2026-09-11,2026-09-22,PatternB,Call,23300.0000,11,09:24:42.000,09:24:42.000,09:25:02.000,-365.7300,0.5810736026563364692861095700,0.1383508577753182069728832300,20
1,Diag2ConsecBOnly,1,2026-09-11,2026-09-22,PatternB,Call,23350.0000,11,11:11:37.000,11:11:37.000,11:13:04.000,3109.4200,0.8556444935136627104609439700,4.581838255589290643113441900,87
1,Diag2ConsecBOnly,2,2026-09-11,2026-09-22,PatternB,Call,23400.0000,11,11:19:44.000,11:19:44.000,11:20:57.000,-1404.4700,1.17187500,3.1529017857142857142857142900,73
1,Diag2ConsecBOnly,3,2026-09-11,2026-09-22,PatternB,Call,23400.0000,11,11:31:12.000,11:31:12.000,11:34:20.000,251.6700,2.7777777777777777777777777800,2.6388888888888888888888888900,188
1,Diag2ConsecBOnly,4,2026-09-11,2026-09-22,PatternB,Call,23450.0000,11,11:46:36.000,11:46:36.000,11:46:57.000,-292.9300,0.5266418835192069392812887200,0.7434944237918215613382899600,21
1,Diag2ConsecBOnly,5,2026-09-11,2026-09-22,PatternB,Call,23400.0000,11,13:30:20.000,13:30:21.000,13:30:36.000,124.1100,0.6601607347876004592422502900,0.3444316877152698048220436300,15
1,Diag2ConsecBOnly,6,2026-09-11,2026-09-22,PatternB,Call,23400.0000,11,13:44:16.000,13:44:16.000,13:46:51.000,-1984.1900,3.6505086774386594853381208900,0.7779772591262716935966487100,155
1,Diag2ConsecBOnly,7,2026-09-11,2026-09-22,PatternB,Call,23500.0000,11,14:15:55.000,14:15:55.000,14:19:04.000,-2208.1700,4.1561712846347607052896725400,0.1574307304785894206549118400,189
1,Diag2ConsecBOnly,8,2026-09-11,2026-09-22,PatternB,Call,23500.0000,11,14:42:54.000,14:42:55.000,14:45:30.000,-1724.3900,2.0334928229665071770334928200,0.1794258373205741626794258400,155
1,Diag2ConsecBOnly,0,2026-09-15,2026-09-22,PatternB,Call,23500.0000,7,09:19:41.000,09:19:41.000,09:20:19.000,-1004.4500,1.0068203962325430334524196200,1.4939915556999025657681065300,38
1,Diag2ConsecBOnly,1,2026-09-15,2026-09-22,PatternB,Call,23500.0000,7,09:35:09.000,09:35:09.000,09:35:53.000,-966.8100,1.2035398230088495575221238900,1.3451327433628318584070796500,44
1,Diag2ConsecBOnly,2,2026-09-15,2026-09-22,PatternB,Call,23400.0000,7,09:58:26.000,09:58:26.000,10:01:09.000,2078.9400,0.4708097928436911487758945400,4.865034526051475204017576900,163
1,Diag2ConsecBOnly,3,2026-09-15,2026-09-22,PatternB,Call,23450.0000,7,10:13:15.000,10:13:15.000,10:13:43.000,-1195.7000,1.1379310344827586206896551700,0.6896551724137931034482758600,28
1,Diag2ConsecBOnly,4,2026-09-15,2026-09-22,PatternB,Call,23400.0000,7,12:05:31.000,12:05:31.000,12:05:54.000,-317.6300,0.7381370826010544815465729300,0.0351493848857644991212653800,23
1,Diag2ConsecBOnly,5,2026-09-15,2026-09-22,PatternB,Call,23350.0000,7,13:06:09.000,13:06:09.000,13:09:00.000,-2009.0900,2.2903334456045806668912091600,0.0336813742000673627484001300,171
1,Diag2ConsecBOnly,6,2026-09-15,2026-09-22,PatternB,Call,23300.0000,7,13:33:17.000,13:33:17.000,13:38:00.000,1659.2500,0.3920287487749101600784057500,3.8222803005553740607644560600,283
1,Diag2ConsecBOnly,7,2026-09-15,2026-09-22,PatternB,Call,23300.0000,7,13:41:51.000,13:41:51.000,13:43:47.000,3.2300,1.5794669299111549851924975300,0.723922342875946034879894700,116
1,Diag2ConsecBOnly,8,2026-09-15,2026-09-22,PatternB,Call,23300.0000,7,13:47:48.000,13:47:48.000,13:48:15.000,-582.7500,0.7085346215780998389694041900,0,27
1,Diag2ConsecBOnly,9,2026-09-15,2026-09-22,PatternB,Call,23250.0000,7,14:13:40.000,14:13:40.000,14:15:05.000,-4940.1000,4.5901639344262295081967213100,0.5067064083457526080476900100,85
1,Diag2ConsecBOnly,10,2026-09-15,2026-09-22,PatternB,Call,23250.0000,7,14:26:52.000,14:26:52.000,14:28:39.000,-1556.7500,1.4906027219701879455605962400,0.8749189889825016202203499700,107
1,Diag2ConsecBOnly,0,2026-09-16,2026-09-29,PatternB,Call,23200.0000,13,09:48:25.000,09:48:25.000,09:50:40.000,11626.9800,0.0827472072817542407943731900,7.5713694662805130326851468800,135
1,Diag2ConsecBOnly,1,2026-09-16,2026-09-29,PatternB,Call,23300.0000,13,09:56:14.000,09:56:14.000,09:56:31.000,-4902.8900,3.7068417708112687989832662600,0,17
1,Diag2ConsecBOnly,2,2026-09-16,2026-09-29,PatternB,Call,23250.0000,13,10:16:18.000,10:16:18.000,10:23:19.000,4061.1000,0.4429445264712086057793714400,5.0622231596709554946213878900,421
1,Diag2ConsecBOnly,3,2026-09-16,2026-09-29,PatternB,Call,23300.0000,13,11:08:50.000,11:08:50.000,11:09:13.000,-1099.9200,0.414756603361711416721239900,0.1528050643964199956341410200,23
1,Diag2ConsecBOnly,4,2026-09-16,2026-09-29,PatternB,Call,23250.0000,13,12:03:44.000,12:03:45.000,12:20:02.000,9293.7200,0.4809794490599038041101880200,7.8705728027984258854394403100,977
1,Diag2ConsecBOnly,5,2026-09-16,2026-09-29,PatternB,Call,23350.0000,13,13:19:32.000,13:19:32.000,13:22:11.000,-4014.4800,2.0447438056290594178494106300,0.6013952369497233581910031300,159
1,Diag2ConsecBOnly,0,2026-09-17,2026-09-29,PatternB,Call,23300.0000,12,09:32:01.000,09:32:01.000,09:35:24.000,6769.1600,1.2324794586756887385210246500,5.8724021266312228129531174500,203
1,Diag2ConsecBOnly,1,2026-09-17,2026-09-29,PatternB,Call,23350.0000,12,10:05:04.000,10:05:05.000,10:09:29.000,3657.6700,0.4193971166448230668414154700,4.1939711664482306684141546500,264
1,Diag2ConsecBOnly,2,2026-09-17,2026-09-29,PatternB,Call,23350.0000,12,10:10:12.000,10:10:12.000,10:10:35.000,-925.4000,0.502008032128514056224899600,0.0251004016064257028112449800,23
1,Diag2ConsecBOnly,3,2026-09-17,2026-09-29,PatternB,Call,23300.0000,12,10:32:13.000,10:32:13.000,10:34:33.000,-1773.7100,2.0129403306973400431344356600,0.7428708363287802540138988700,140
1,Diag2ConsecBOnly,4,2026-09-17,2026-09-29,PatternB,Call,23300.0000,12,10:45:50.000,10:45:50.000,10:48:27.000,1478.4900,0.6809583858764186633039092100,2.4464060529634300126103404800,157
1,Diag2ConsecBOnly,5,2026-09-17,2026-09-29,PatternB,Call,23250.0000,12,11:08:55.000,11:08:55.000,11:10:12.000,-406.7400,1.2394645513138324243926623700,1.4873574615765989092711948400,77
1,Diag2ConsecBOnly,6,2026-09-17,2026-09-29,PatternB,Call,23400.0000,12,12:12:45.000,12:12:45.000,12:13:50.000,-1765.3200,2.1010638297872340425531914900,0.0531914893617021276595744700,65
1,Diag2ConsecBOnly,7,2026-09-17,2026-09-29,PatternB,Call,23300.0000,12,13:31:41.000,13:31:41.000,13:33:00.000,440.7400,1.7241379310344827586206896600,1.8270715388574369531652084400,79
1,Diag2ConsecBOnly,8,2026-09-17,2026-09-29,PatternB,Call,23300.0000,12,13:43:52.000,13:43:52.000,13:45:20.000,-2743.0400,2.3190621814475025484199796100,0,88
1,Diag2ConsecBOnly,9,2026-09-17,2026-09-29,PatternB,Call,23300.0000,12,14:29:27.000,14:29:27.000,14:33:56.000,-274.8100,0.7369758576874205844980940300,2.3888182973316391359593392600,269
1,Diag2ConsecBOnly,0,2026-09-18,2026-09-29,PatternB,Call,23350.0000,11,09:17:10.000,09:17:10.000,09:17:15.000,-1345.5200,1.0567010309278350515463917500,0,5
1,Diag2ConsecBOnly,1,2026-09-18,2026-09-29,PatternB,Call,23350.0000,11,09:50:41.000,09:50:41.000,09:51:01.000,-1694.5700,1.2661870503597122302158273400,0.460431654676258992805755400,20
1,Diag2ConsecBOnly,2,2026-09-18,2026-09-29,PatternB,Call,23350.0000,11,10:38:36.000,10:38:37.000,10:38:42.000,-296.7000,0.4393673110720562390158172200,0.0292911540714704159343878100,5
1,Diag2ConsecBOnly,3,2026-09-18,2026-09-29,PatternB,Call,23350.0000,11,10:55:04.000,10:55:04.000,11:11:46.000,-977.9200,4.922894424673784104389086600,1.8979833926453143534994068800,1002
1,Diag2ConsecBOnly,4,2026-09-18,2026-09-29,PatternB,Call,23400.0000,11,14:46:18.000,14:46:18.000,14:47:00.000,782.7600,0.5266622778143515470704410800,1.2508229098090849242922975600,42
1,Diag2ConsecBOnly,0,2026-09-21,2026-09-29,PatternB,Call,23400.0000,8,09:19:17.000,09:19:17.000,09:20:36.000,816.5400,0.5043712172158708809683927400,2.2528581035642232683254875600,79
1,Diag2ConsecBOnly,1,2026-09-21,2026-09-29,PatternB,Call,23400.0000,8,11:22:07.000,11:22:07.000,11:27:38.000,135.9700,0.3793103448275862068965517200,2.0689655172413793103448275900,331
1,Diag2ConsecBOnly,2,2026-09-21,2026-09-29,PatternB,Call,23450.0000,8,13:27:54.000,13:27:54.000,13:28:35.000,-736.1700,0.6008261359369132557266241100,0,41
1,Diag2ConsecBOnly,3,2026-09-21,2026-09-29,PatternB,Call,23450.0000,8,13:53:32.000,13:53:32.000,13:53:51.000,-997.3400,1.0993037742762916819347746400,0,19
1,Diag2ConsecBOnly,4,2026-09-21,2026-09-29,PatternB,Call,23450.0000,8,14:24:32.000,14:24:32.000,14:25:02.000,-221.0600,0.2077562326869806094182825500,0.3462603878116343490304709100,30
1,Diag2ConsecBOnly,0,2026-09-22,2026-09-29,PatternB,Call,23450.0000,7,09:37:54.000,09:37:54.000,09:39:21.000,499.4400,0.5780346820809248554913294800,1.7341040462427745664739884400,87
1,Diag2ConsecBOnly,1,2026-09-22,2026-09-29,PatternB,Call,23400.0000,7,10:57:45.000,10:57:45.000,10:59:14.000,-344.6400,0.8152173913043478260869565200,1.475155279503105590062111800,89
1,Diag2ConsecBOnly,2,2026-09-22,2026-09-29,PatternB,Call,23400.0000,7,11:08:08.000,11:08:08.000,11:12:15.000,1930.2600,0.1194743130227001194743130200,2.9470330545599362803663878900,247
1,Diag2ConsecBOnly,3,2026-09-22,2026-09-29,PatternB,Call,23400.0000,7,11:23:20.000,11:23:20.000,11:23:46.000,-1028.8300,1.4552238805970149253731343300,0,26
1,Diag2ConsecBOnly,4,2026-09-22,2026-09-29,PatternB,Call,23400.0000,7,11:24:46.000,11:24:46.000,11:27:04.000,-2263.3400,2.6354862657757980697847067600,0.9651076466221232368225686700,138
1,Diag2ConsecBOnly,5,2026-09-22,2026-09-29,PatternB,Call,23350.0000,7,11:59:38.000,11:59:38.000,12:00:27.000,-511.1400,0.9719222462203023758099352100,0.3959683225341972642188624900,49
1,Diag2ConsecBOnly,6,2026-09-22,2026-09-29,PatternB,Call,23350.0000,7,13:05:16.000,13:05:16.000,13:08:39.000,1897.0000,0.0784621420164770498234601800,3.8838760298156139662612789300,203
1,Diag2ConsecBOnly,7,2026-09-22,2026-09-29,PatternB,Call,23350.0000,7,13:30:13.000,13:30:13.000,13:32:01.000,336.6600,0.4590665646518745218056618200,1.2241775057383320581484315200,108
1,Diag2ConsecBOnly,8,2026-09-22,2026-09-29,PatternB,Call,23350.0000,7,13:35:03.000,13:35:03.000,13:38:37.000,-476.1200,0.8669430833019223520542781800,0.8292499057670561628345269500,214
1,Diag2ConsecBOnly,9,2026-09-22,2026-09-29,PatternB,Call,23350.0000,7,13:40:43.000,13:40:43.000,13:44:04.000,-443.5400,0.5287009063444108761329305100,2.0392749244712990936555891200,201
1,Diag2ConsecBOnly,10,2026-09-22,2026-09-29,PatternB,Call,23350.0000,7,13:50:43.000,13:50:43.000,13:51:09.000,-991.2100,1.812937783271528636176349400,0.1236093943139678615574783700,26
1,Diag2ConsecBOnly,11,2026-09-22,2026-09-29,PatternB,Call,23300.0000,7,14:03:27.000,14:03:27.000,14:05:42.000,-509.1500,0.9701492537313432835820895500,2.2014925373134328358208955200,135
1,Diag2ConsecBOnly,12,2026-09-22,2026-09-29,PatternB,Call,23300.0000,7,14:09:18.000,14:09:18.000,14:13:56.000,10825.6700,0.406053894425987449243263200,14.433370247323735695828719080,278
1,Diag2ConsecBOnly,13,2026-09-22,2026-09-29,PatternB,Call,23400.0000,7,14:25:04.000,14:25:04.000,14:27:08.000,4917.9200,0.4340962904498816101026045800,7.8531965272296764009471191800,124
1,Diag2ConsecBOnly,0,2026-09-23,2026-10-06,PatternB,Call,23400.0000,13,09:28:16.000,09:28:16.000,09:28:21.000,-1796.4600,0.5955603681645912290200324900,0,5
1,Diag2ConsecBOnly,1,2026-09-23,2026-10-06,PatternB,Call,23450.0000,13,10:41:25.000,10:41:26.000,10:45:11.000,-164.8000,1.7792521109770808202653799800,1.1761158021712907117008443900,225
1,Diag2ConsecBOnly,2,2026-09-23,2026-10-06,PatternB,Call,23450.0000,13,10:45:24.000,10:45:24.000,10:46:02.000,386.8300,0.0598444045481747456612806700,1.2866546977857570317175344100,38
1,Diag2ConsecBOnly,3,2026-09-23,2026-10-06,PatternB,Call,23450.0000,13,10:48:54.000,10:48:54.000,10:49:27.000,-1822.8400,1.5910430170889805539186800200,0,33
1,Diag2ConsecBOnly,4,2026-09-23,2026-10-06,PatternB,Call,23450.0000,13,14:45:54.000,14:45:54.000,14:47:20.000,-751.5400,0.5847953216374269005847953200,0.8187134502923976608187134500,86
1,Diag2ConsecBOnly,5,2026-09-23,2026-10-06,PatternB,Call,23450.0000,13,14:55:12.000,14:55:13.000,14:55:41.000,92.9700,0.1755412521942656524283206600,0.848449385605617320070216500,28
