2026-09-11 09:15:15+05:30,23304.9000,23241.5000,0.2543208385443398,,
2026-09-11 09:15:30+05:30,23311.9000,23235.3000,-0.0028858656120263016,,
2026-09-11 09:15:45+05:30,23307.4500,23246.0000,0.321716579565687,,
2026-09-11 09:16:00+05:30,23308.5500,23245.5000,0.291480434489499,,
2026-09-11 09:16:15+05:30,23307.5000,23242.9500,-0.33476386176115,,
2026-09-11 09:16:30+05:30,23306.7500,23242.6000,0.19033467944961735,,
2026-09-11 09:16:45+05:30,23303.7500,23243.4000,0.7606174887157743,,
2026-09-11 09:17:00+05:30,23304.5000,23240.1500,0.7930900254450968,,
2026-09-11 09:17:15+05:30,23301.0000,23235.8500,0.6705464207157265,,
2026-09-11 09:17:30+05:30,23302.1000,23235.7500,0.808941401391717,,
2026-09-11 09:17:45+05:30,23302.0000,23241.2000,0.9025810957459381,,
2026-09-11 09:18:00+05:30,23304.4000,23240.1000,0.5373600489884502,,
2026-09-11 09:18:15+05:30,23303.0500,23242.9500,0.9049461931030431,,
2026-09-11 09:18:30+05:30,23303.9000,23247.0000,0.514874642530603,,
2026-09-11 09:18:45+05:30,23306.0500,23248.0000,0.4716598608813766,,
2026-09-11 09:19:00+05:30,23307.5000,23247.9500,0.47533762595036194,,
2026-09-11 09:19:15+05:30,23307.0000,23252.6500,0.2285653705566196,,
2026-09-11 09:19:30+05:30,23312.5000,23257.6000,0.47287047939860527,,
2026-09-11 09:19:45+05:30,23313.7500,23256.3500,0.392413384199513,,
2026-09-11 09:20:00+05:30,23316.5000,23258.2000,0.2958981336838459,,
2026-09-11 09:20:15+05:30,23310.5000,23251.7500,-0.07000365272343474,0.42285244396472393,
2026-09-11 09:20:30+05:30,23308.2500,23254.1500,0.28092885673382845,0.4241194924499377,
2026-09-11 09:20:45+05:30,23311.6500,23255.8500,0.21038879074616235,0.4342754284669943,
2026-09-11 09:21:00+05:30,23312.9500,23258.6000,0.396613835391635,0.4378419644587061,
2026-09-11 09:21:15+05:30,23318.5000,23262.1500,0.4038969882279869,0.4431951336843484,
2026-09-11 09:21:30+05:30,23314.0000,23258.5000,0.4645275811680806,0.4812566309666927,
2026-09-11 09:21:45+05:30,23315.4500,23257.2500,0.705116338089312,0.5057700432828687,
2026-09-11 09:22:00+05:30,23313.5000,23258.4500,0.39728017662473786,0.48846826651662884,
2026-09-11 09:22:15+05:30,23313.9500,23259.8000,0.42503303037842494,0.4709417429420254,
2026-09-11 09:22:30+05:30,23317.6500,23262.0500,0.3485647183929679,0.4556092809266559,
2026-09-11 09:22:45+05:30,23318.1500,23260.8000,0.26731249735356566,0.42981742835341064,
2026-09-11 09:23:00+05:30,23316.7000,23257.9500,0.06600618389991995,0.3899805277893145,
2026-09-11 09:23:15+05:30,23319.4000,23260.0000,-0.049689969675683905,0.3620257649957843,
2026-09-11 09:23:30+05:30,23314.9000,23256.4500,0.08526661199166473,0.3229934039904806,
2026-09-11 09:23:45+05:30,23313.4000,23253.0500,0.1775386700543887,0.306929786253518,
2026-09-11 09:24:00+05:30,23311.8500,23251.0500,0.2918727757878784,0.29836849648716096,
2026-09-11 09:24:15+05:30,23312.0000,23251.5000,0.047566673900893336,0.277998451151472,
2026-09-11 09:24:30+05:30,23311.0000,23252.1500,-0.4933239910233515,0.24362276726671148,
2026-09-11 09:24:45+05:30,23313.2500,23258.5000,-0.5205151515007905,0.1963186896048355,
2026-09-11 09:25:00+05:30,23316.3000,23258.1500,-0.2682688937543988,0.16485762874988732,
2026-09-11 09:25:15+05:30,23314.1500,23256.5500,0.06956530285863877,0.15407987490106795,
2026-09-11 09:25:30+05:30,23319.9000,23264.8500,0.35045381081963844,0.17410165887930953,
2026-09-11 09:25:45+05:30,23318.8500,23262.4000,0.29305983194349317,0.17467932436548406,
2026-09-11 09:26:00+05:30,23317.0500,23258.5000,0.32583450461252217,0.1801767393115012,
2026-09-11 09:26:15+05:30,23314.1000,23256.0000,0.4919345998865465,0.18471582333506842,
2026-09-11 09:26:30+05:30,23315.3000,23255.7500,0.5184280695484416,0.19016968435032816,
2026-09-11 09:26:45+05:30,23317.8500,23262.2000,0.320393424312423,0.18330615307148732,
2026-09-11 09:27:00+05:30,23317.3000,23259.1000,0.4075469776386408,0.16913618352621726,
2026-09-11 09:27:15+05:30,23314.3500,23255.8000,0.19164505100497808,0.15934403468718109,
2026-09-11 09:27:30+05:30,23316.2000,23259.8500,0.3414211502914889,0.15536251658780317,
2026-09-11 09:27:45+05:30,23317.5000,23261.4000,-0.16017954104040852,0.1311365994719281,
2026-09-11 09:28:00+05:30,23316.5000,23260.4000,-0.3365086476717298,0.1023832116135807,
2026-09-11 09:28:15+05:30,23316.7500,23257.6000,0.42636123883075444,0.11954297613409663,
2026-09-11 09:28:30+05:30,23317.1500,23255.4500,0.4767998915265127,0.1446139219056298,
2026-09-11 09:28:45+05:30,23315.0000,23254.2000,-0.29071079824397017,0.12671023570393292,
2026-09-11 09:29:00+05:30,23316.3500,23256.8500,-0.3799276780857917,0.10016421912582908,
2026-09-11 09:29:15+05:30,23315.5000,23256.7000,-0.33432740694875734,0.0703451628050369,
2026-09-11 09:29:30+05:30,23314.8000,23254.7500,-0.4363703920323516,0.04730054061773952,
2026-09-11 09:29:45+05:30,23313.7500,23256.8000,-0.5207474296045654,0.04599466259006267,
2026-09-11 09:30:00+05:30,23314.2500,23259.9500,-0.5127579512259052,0.04636405307934294,
2026-09-11 09:30:15+05:30,23312.8000,23256.7500,-0.4380786032933282,0.03827787643463201,0.21180085985530647
2026-09-11 09:30:30+05:30,23313.9000,23258.6500,-0.2557774432039814,0.022785364717364386,0.20343859294139957
2026-09-11 09:30:45+05:30,23314.0000,23258.3000,-0.3461502965260103,-0.010386259441952223,0.1978113071887113
2026-09-11 09:31:00+05:30,23314.4500,23256.0000,-0.2899015030628716,-0.03814632301368388,0.18778478124398082
2026-09-11 09:31:15+05:30,23317.3500,23259.6500,-0.2080193469590171,-0.06356793499328099,0.17959626023662809
2026-09-11 09:31:30+05:30,23323.1500,23265.9000,0.08659772166418073,-0.08286969109910793,0.18650382717802694
2026-09-11 09:31:45+05:30,23323.1000,23264.4500,-0.22139795508899596,-0.11809950179612876,0.1797541118577218
2026-09-11 09:32:00+05:30,23321.9000,23258.1000,-0.31892250649873105,-0.14854311754904084,0.1620567348869922
2026-09-11 09:32:15+05:30,23321.6000,23257.3500,-0.3706498623234851,-0.1856001099281897,0.14297903180881874
2026-09-11 09:32:30+05:30,23320.1000,23252.1000,-0.15879104287791124,-0.20228754297023205,0.12938333568433286
2026-09-11 09:32:45+05:30,23316.9500,23249.2000,-0.13356643148114622,-0.22490599924511942,0.11393238760444985
2026-09-11 09:33:00+05:30,23313.5000,23241.5000,-0.11400716905219808,-0.22270731486472845,0.09726700621431647
2026-09-11 09:33:15+05:30,23312.1000,23240.2500,0.07924810243525822,-0.2029093743834433,0.0897569743036084
2026-09-11 09:33:30+05:30,23311.9500,23243.6000,-0.307905157104711,-0.2378744408565607,0.06987416528380916
2026-09-11 09:33:45+05:30,23313.8500,23246.9500,-0.2948082251649129,-0.27461768450853336,0.056600675649456436
2026-09-11 09:34:00+05:30,23317.4000,23252.3000,-0.43910552929453844,-0.2816841002728461,0.041670095482638156
2026-09-11 09:34:15+05:30,23318.4000,23257.1500,0.09137539356218918,-0.2592410968610375,0.03537563265660253
2026-09-11 09:34:30+05:30,23322.7000,23259.8500,-0.172540634182762,-0.25153696482456156,0.028800124382186446
2026-09-11 09:34:45+05:30,23322.0000,23256.4500,-0.3103251666934915,-0.2455348112369968,0.01596085149543076
2026-09-11 09:35:00+05:30,23321.7000,23256.8000,-0.3665911223189379,-0.23819403469958597,0.0035181546672594342
2026-09-11 09:35:15+05:30,23321.7500,23259.7000,-0.08250293765470447,-0.21770570072000497,-0.0026851415841922114
2026-09-11 09:35:30+05:30,23323.3500,23261.6500,-0.26424160078526415,-0.20942774821962098,-0.005869370240943513
2026-09-11 09:35:45+05:30,23324.6500,23261.1000,-0.6014269102948434,-0.22588724665251916,-0.020334218880757805
2026-09-11 09:36:00+05:30,23323.8000,23262.0500,-0.2708200519795806,-0.22230009215030822,-0.028222888433638835
2026-09-11 09:36:15+05:30,23325.8500,23261.6000,-0.45882290763213646,-0.23034396855836844,-0.04224644159796296
2026-09-11 09:36:30+05:30,23326.4500,23262.2500,-0.3678642849464105,-0.23795563227205382,-0.054898265748362915
2026-09-11 09:36:45+05:30,23327.4500,23262.4000,-0.6307203582383438,-0.27211363607693595,-0.07285315000092725
2026-09-11 09:37:00+05:30,23327.2000,23263.9000,-0.31190121895221445,-0.2764233153085178,-0.08952556896882113
2026-09-11 09:37:15+05:30,23329.1500,23266.9000,0.7169383766512769,-0.22709660658708888,-0.08428527060773033
2026-09-11 09:37:30+05:30,23326.6500,23262.1000,0.6317272680010886,-0.1793643622859187,-0.08089684048276864
2026-09-11 09:37:45+05:30,23326.3000,23259.7500,0.3302510159453686,-0.15607664519909586,-0.08119706511305716
2026-09-11 09:38:00+05:30,23322.8500,23258.4500,-0.15227564302554775,-0.15696756003454354,-0.08807555921763278
2026-09-11 09:38:15+05:30,23321.5500,23258.4500,0.014627185215820432,-0.15084211459320934,-0.08891783788458524
2026-09-11 09:38:30+05:30,23321.0000,23258.2000,0.26386903048397997,-0.1420506418289845,-0.08377752640655797
2026-09-11 09:38:45+05:30,23321.5500,23258.8500,-0.1644642405086476,-0.13522012199107672,-0.08787147480820244
2026-09-11 09:39:00+05:30,23321.7000,23261.5000,-0.18845987146878018,-0.13015591467221327,-0.09387145089874618
2026-09-11 09:39:15+05:30,23319.0500,23259.2500,-0.3562026351789876,-0.12620815780956798,-0.10449563796377677
2026-09-11 09:39:30+05:30,23320.1500,23260.4500,-0.1059393545557651,-0.13560409819613722,-0.10701213023355806
2026-09-11 09:39:45+05:30,23319.7500,23260.7500,-0.6477207269711739,-0.15823172166225208,-0.10954322426548958
2026-09-11 09:40:00+05:30,23320.8000,23257.6500,-0.6201165479471716,-0.1729836921981416,-0.11117603404329911
2026-09-11 09:40:15+05:30,23317.1000,23254.7000,-0.2942787909527881,-0.16954024784737257,-0.11160242580064975
2026-09-11 09:40:30+05:30,23316.9500,23252.3000,0.07770908127625778,-0.1619111040887553,-0.11146892123642647
2026-09-11 09:40:45+05:30,23316.9000,23250.5500,0.0558672312412663,-0.14666782637320624,-0.11629820942623585
2026-09-11 09:41:00+05:30,23314.4000,23248.8500,-0.16988602629996571,-0.12611826046868826,-0.12388748579088271
2026-09-11 09:41:15+05:30,23310.2500,23244.4000,0.3116568913483358,-0.09838126316735891,-0.12411990568045954
2026-09-11 09:41:30+05:30,23307.6000,23243.3000,-0.07009474493902348,-0.07987039827721068,-0.13333350149727216
2026-09-11 09:41:45+05:30,23306.7500,23240.6500,0.36792622013000154,-0.04483275517833392,-0.13580074493036132
2026-09-11 09:42:00+05:30,23308.5000,23242.9000,0.4184253603826958,0.0051265647560013,-0.13419366401117652
2026-09-11 09:42:15+05:30,23305.5000,23240.6000,0.02962536435286631,0.021389735389576576,-0.14038910029454987
2026-09-11 09:42:30+05:30,23305.5000,23242.5500,-0.02689905193407241,-0.014031094543059109,-0.14397179050666548
2026-09-11 09:42:45+05:30,23305.0000,23241.1000,-0.44549377156488695,-0.06532733452239127,-0.1568720351272618
2026-09-11 09:43:00+05:30,23306.5000,23240.9000,-0.7502058026712778,-0.11677765921842205,-0.16654459679334163
2026-09-11 09:43:15+05:30,23307.3500,23246.6500,-0.6776502781836555,-0.14179549898785576,-0.17213708253943877
2026-09-11 09:43:30+05:30,23305.5500,23246.7500,0.0887786310381653,-0.13826447775822032,-0.1776712236507927
2026-09-11 09:43:45+05:30,23307.2000,23251.2500,-0.16819053590178953,-0.15883874282420932,-0.18824483721519109
2026-09-11 09:44:00+05:30,23315.4500,23256.6000,0.36426824558277,-0.13366100539128467,-0.17750747584098223
2026-09-11 09:44:15+05:30,23316.5000,23253.2500,0.39247047729480866,-0.10599765545016138,-0.1648452109986773
2026-09-11 09:44:30+05:30,23315.7500,23252.5000,0.2426580384126633,-0.07748048051722563,-0.15538643320586712
2026-09-11 09:44:45+05:30,23312.5000,23249.9000,0.1839826325795512,-0.0636746716060201,-0.1452167114909179
2026-09-11 09:45:00+05:30,23312.4500,23249.5500,0.3501540282991469,-0.016156826116957207,-0.13093963841052916
2026-09-11 09:45:15+05:30,23310.9000,23249.7000,0.540525468600882,0.03911184133771202,-0.11367269710189332
2026-09-11 09:45:30+05:30,23309.2500,23248.9500,0.4623902951659794,0.07514370258146286,-0.09891091188124894
2026-09-11 09:45:45+05:30,23307.5000,23248.2000,0.33661499227202135,0.08747255548602303,-0.08919956048000299
2026-09-11 09:46:00+05:30,23309.5500,23253.3500,0.38074480861290605,0.10294291631324397,-0.07728324728100437
2026-09-11 09:46:15+05:30,23309.7500,23248.1500,0.31687321239040567,0.12612192767945213,-0.06733612079816376
2026-09-11 09:46:30+05:30,23308.7500,23249.6000,0.3411605948783827,0.1275268659427877,-0.058333170931976874
2026-09-11 09:46:45+05:30,23307.5000,23247.0500,0.26707774018698377,0.14358269856783568,-0.0553744821037342
2026-09-11 09:47:00+05:30,23307.5000,23248.0000,0.21667659564062872,0.13638033549691317,-0.04819293209177314
2026-09-11 09:47:15+05:30,23307.5000,23245.6500,0.2592143800333104,0.12879886024218054,-0.03871527821419869
2026-09-11 09:47:30+05:30,23303.5000,23244.5500,0.007586197602711539,0.12774937611122078,-0.032514687067867594
2026-09-11 09:47:45+05:30,23305.0000,23244.4500,0.3497636510340505,0.145685695300179,-0.024177724872589533
2026-09-11 09:48:00+05:30,23304.5000,23244.0500,0.5882722319326287,0.19491264784767975,-0.012344304160888305
2026-09-11 09:48:15+05:30,23304.5000,23241.7500,0.6187520919317002,0.26010111901925015,-0.00033185725951292294
2026-09-11 09:48:30+05:30,23305.5000,23244.7000,0.7650230805457876,0.3287998503873189,0.010910355496397395
2026-09-11 09:48:45+05:30,23306.5000,23244.9000,0.6043760615228314,0.3533521089818268,0.025865785309963665
2026-09-11 09:49:00+05:30,23306.2000,23243.1500,0.6065731346667016,0.3902456171041359,0.04064252891376062
2026-09-11 09:49:15+05:30,23304.1000,23243.3000,0.5639768572374517,0.3997555509924541,0.057086502463465374
2026-09-11 09:49:30+05:30,23307.7500,23245.6000,0.3505229675115241,0.39775805052658336,0.0613348233478807
2026-09-11 09:49:45+05:30,23306.1000,23247.4000,0.11918694332487435,0.391878474570022,0.06611724265128457
2026-09-11 09:50:00+05:30,23305.5000,23246.4500,0.3459645444911146,0.3995918989467631,0.07687609037562239
2026-09-11 09:50:15+05:30,23307.1500,23248.4500,0.476487408217499,0.4056077741809704,0.09069704989261317
2026-09-11 09:50:30+05:30,23307.5000,23250.6500,0.327092007926198,0.3954442760536045,0.09741172113164435
2026-09-11 09:50:45+05:30,23308.0000,23250.7500,0.0532644228559611,0.37596209165788935,0.10261673791264805
2026-09-11 09:51:00+05:30,23308.5000,23250.6000,-0.06053511859746313,0.35705018161648533,0.11148381646506413
2026-09-11 09:51:15+05:30,23311.1000,23250.1000,-0.17721981261014402,0.33048043774872105,0.11301824661866144
2026-09-11 09:51:30+05:30,23309.0000,23249.1500,-0.08224719335718017,0.31147470414169315,0.11919161898382466
2026-09-11 09:51:45+05:30,23306.5000,23248.4000,-0.0012392960268342798,0.29516994743192093,0.1252018647038177
2026-09-11 09:52:00+05:30,23305.7500,23247.2000,0.3163796658440348,0.2975176581774948,0.1407280946068075
2026-09-11 09:52:15+05:30,23307.6000,23246.6000,0.09351655434796192,0.29165289430641544,0.14737428761172844
2026-09-11 09:52:30+05:30,23306.5000,23248.6500,-0.201408316839993,0.2697184801695915,0.1323194237840027
2026-09-11 09:52:45+05:30,23303.5000,23245.7000,0.11910498127655984,0.27502889843977474,0.12391577973933827
2026-09-11 09:53:00+05:30,23305.0000,23249.2500,0.2634708486421501,0.2709197173734938,0.12282102289830191
2026-09-11 09:53:15+05:30,23303.5000,23247.3000,0.07790464648714387,0.2466164990189469,0.12659447026736242
2026-09-11 09:53:30+05:30,23304.1500,23247.5500,0.07492493967933331,0.22071996795931037,0.1275829580454528
2026-09-11 09:53:45+05:30,23303.5000,23246.8500,0.7245685250157484,0.21879356055311802,0.13513540877548177
2026-09-11 09:54:00+05:30,23301.5000,23243.5000,0.6405424500821836,0.2205157695321348,0.1483322397687741
2026-09-11 09:54:15+05:30,23303.5000,23246.1500,0.48728296713391295,0.21483528536390678,0.15940999122127728
2026-09-11 09:54:30+05:30,23305.9000,23248.8500,0.5382495104870371,0.21361017361388704,0.17407314115022848
2026-09-11 09:54:45+05:30,23307.5500,23247.6500,-0.14917680275146342,0.18981494645850666,0.1733643305240695
2026-09-11 09:55:00+05:30,23304.4500,23246.2500,0.5897223342830304,0.21222139364699028,0.1936502823479089
2026-09-11 09:55:15+05:30,23307.9500,23247.0000,0.23467472234232878,0.20692187830657188,0.20766325399199909
2026-09-11 09:55:30+05:30,23309.7500,23248.2000,0.13107788400469367,0.19047380572500971,0.2146363142372037
2026-09-11 09:55:45+05:30,23309.1500,23251.3500,-0.20986566605733153,0.16490439267817497,0.2099219741169809
2026-09-11 09:56:00+05:30,23312.5000,23252.8000,0.2128617415415777,0.17250426499653765,0.2124956546137073
2026-09-11 09:56:15+05:30,23314.6000,23256.6500,0.4616152656155509,0.19736856900668118,0.22284813480904364
2026-09-11 09:56:30+05:30,23317.0000,23260.7500,0.17081753977628836,0.21394177626317795,0.22053929297999367
2026-09-11 09:56:45+05:30,23317.9500,23259.2500,-0.5630324322252875,0.19104724107898235,0.21245834728677623
2026-09-11 09:57:00+05:30,23316.7000,23258.3000,-0.18713807364864932,0.18219491833508641,0.2033589326346672
2026-09-11 09:57:15+05:30,23319.2000,23259.2500,-0.3297183238960148,0.15142834739508404,0.1910942820727211
2026-09-11 09:57:30+05:30,23317.7500,23257.6000,-0.09374556076957243,0.1425111038180586,0.18907180789038605
2026-09-11 09:57:45+05:30,23318.4000,23258.0500,0.12651528914894358,0.15812651362705557,0.1915867970884683
2026-09-11 09:58:00+05:30,23314.8500,23258.9000,-0.26508836972854155,0.13983159215062216,0.19454426269234282
2026-09-11 09:58:15+05:30,23313.2000,23259.1000,-0.5822342171760694,0.09955992234975457,0.1972978952414446
2026-09-11 09:58:30+05:30,23314.7000,23261.2500,-0.5794710884556927,0.06825631592390521,0.19890739015501774
2026-09-11 09:58:45+05:30,23315.9000,23262.0500,-0.5529726243008287,0.038356431924849874,0.18838687777241128
2026-09-11 09:59:00+05:30,23319.8500,23263.1000,-0.3296061664471008,-0.011842362906714372,0.18574071989461927
2026-09-11 09:59:15+05:30,23320.6000,23262.0000,0.1898837929937476,-0.033302298958544654,0.18288195837676643
2026-09-11 09:59:30+05:30,23320.5000,23260.9000,0.06143128105223978,-0.053580950676719565,0.17745508630721613
2026-09-11 09:59:45+05:30,23320.1500,23260.4500,-0.12525470995865734,-0.08517638974556216,0.17142372977653872
2026-09-11 10:00:00+05:30,23319.7500,23259.8000,-0.32592284556594314,-0.0935928679748231,0.16306462357743226
2026-09-11 10:00:15+05:30,23321.0000,23261.0000,-0.02474979407637263,-0.12285344551574705,0.15691865927619422
2026-09-11 10:00:30+05:30,23319.0000,23260.0000,-0.4588142020275285,-0.1558767276285974,0.1405360417249088
2026-09-11 10:00:45+05:30,23317.2500,23258.7000,-0.5759261657941782,-0.18954358714282937,0.1235144603976931
2026-09-11 10:01:00+05:30,23317.0000,23259.3500,-0.43602125648054063,-0.200312900972506,0.11084829238535601
2026-09-11 10:01:15+05:30,23316.0000,23259.1000,-0.2398730003402577,-0.22187169820497435,0.10067422994350086
2026-09-11 10:01:30+05:30,23316.2500,23259.0000,-0.011629937365029675,-0.24440718406119244,0.09528893240652651
2026-09-11 10:01:45+05:30,23317.0000,23260.8000,0.08608067895439223,-0.24844227267175892,0.09110729444055946
2026-09-11 10:02:00+05:30,23317.0000,23260.6500,-0.1099444817604802,-0.22686665598295855,0.08492660227748627
2026-09-11 10:02:15+05:30,23314.5000,23259.3500,-0.06992553140804202,-0.22128510635245344,0.08022820675209823
2026-09-11 10:02:30+05:30,23318.5000,23261.8000,-0.08152405622718857,-0.20946633170155693,0.07464233074782775
2026-09-11 10:02:45+05:30,23319.0000,23259.4000,0.10082711504349084,-0.20020096618664918,0.07617087037800446
2026-09-11 10:03:00+05:30,23319.5000,23262.7000,-0.33389787793626535,-0.22212540271451628,0.06496330432931076
2026-09-11 10:03:15+05:30,23320.9500,23263.6500,0.20347361265978395,-0.19981292736269127,0.05865513024287068
2026-09-11 10:03:30+05:30,23323.7000,23266.9500,0.47370429658413754,-0.1495301409931576,0.0562772975322549
2026-09-11 10:03:45+05:30,23326.8000,23269.8500,0.3235275326939495,-0.10653020665269845,0.04903966560025755
2026-09-11 10:04:00+05:30,23328.1000,23269.6000,-0.41278624550513954,-0.09985466480528468,0.032364873681766215
2026-09-11 10:04:15+05:30,23325.5500,23270.1500,0.22631208748869885,-0.07338236699881803,0.02613108602311043
2026-09-11 10:04:30+05:30,23328.7000,23273.3500,0.11820236651620199,-0.07679576825965354,0.018823307486696503
2026-09-11 10:04:45+05:30,23328.8000,23273.9000,0.273236272959679,-0.0667098162640612,0.017556312494043304
2026-09-11 10:05:00+05:30,23328.3500,23270.8000,0.07407685443002957,-0.057217837007457056,0.016816802840029454
2026-09-11 10:05:15+05:30,23328.6500,23272.6000,0.43180469896902124,-0.021135572981982563,0.01822401848720825
2026-09-11 10:05:30+05:30,23329.0500,23275.0500,0.2997075667219967,-0.0056852224677745,0.015325988298757393
2026-09-11 10:05:45+05:30,23330.0500,23274.7000,0.22915264316139733,0.02707510349360292,0.013720424941957382
2026-09-11 10:06:00+05:30,23327.7500,23273.3500,0.01009990520218881,0.0549811068743823,0.013012809898452918
2026-09-11 10:06:15+05:30,23327.6000,23274.8000,-0.016311676881256176,0.07496727733149108,0.013737784352816966
2026-09-11 10:06:30+05:30,23327.7500,23273.3000,0.2504371355832276,0.09831537904213324,0.020748553995331258
2026-09-11 10:06:45+05:30,23327.9000,23272.9500,-0.056388715287466605,0.09618400866487434,0.021172463471883937
2026-09-11 10:07:00+05:30,23326.1000,23272.3000,-0.16915581468232474,0.08402988992026877,0.018419733657859504
2026-09-11 10:07:15+05:30,23326.5500,23271.8000,0.2524340573436152,0.1012860108299876,0.017371444993918198
2026-09-11 10:07:30+05:30,23327.5000,23273.7000,-0.17283884538969843,0.09638537683086111,0.013004963031005732
2026-09-11 10:07:45+05:30,23327.5000,23274.7500,0.016960573970984737,0.10107512112601222,0.016584780913152908
2026-09-11 10:08:00+05:30,23326.2000,23270.5000,0.040400027803677505,0.0981976407812592,0.015294535774253198
2026-09-11 10:08:15+05:30,23327.3000,23271.1000,0.07007228401081772,0.11743431515969173,0.012124067501608403
2026-09-11 10:08:30+05:30,23327.4000,23274.2000,-0.12029906239086154,0.10201656872870861,0.008874826372460773
2026-09-11 10:08:45+05:30,23327.1000,23278.0500,-0.015068430506738173,0.07874167696247643,0.0073995252218694366
2026-09-11 10:09:00+05:30,23336.5000,23280.8500,-0.14311061196255162,0.05652081293121447,-0.006824722925315808
2026-09-11 10:09:15+05:30,23337.4500,23284.4500,-0.22031841237168548,0.06568594784233132,-0.020937196080297267
2026-09-11 10:09:30+05:30,23338.0000,23283.0500,-0.21750484140035165,0.04455180837142416,-0.032491094580858984
2026-09-11 10:09:45+05:30,23338.0000,23284.3500,-0.24490220703675764,0.027261114392711797,-0.0453296473271507
2026-09-11 10:10:00+05:30,23338.1000,23286.5000,0.265088007614461,0.026873101757225223,-0.03853842092770932
2026-09-11 10:10:15+05:30,23334.9500,23281.3500,0.6370010110519219,0.05367901397731534,-0.03776336065280947
2026-09-11 10:10:30+05:30,23337.0000,23282.0000,0.29911685017948053,0.04736054498733721,-0.03670693232761026
2026-09-11 10:10:45+05:30,23337.0000,23282.3500,-0.1435885407173381,0.026251206537845077,-0.041209660601741936
2026-09-11 10:11:00+05:30,23336.9000,23283.5500,-0.4866827594277006,-0.007836193585445305,-0.045747645738961104
2026-09-11 10:11:15+05:30,23336.4000,23283.0500,0.12314546639837011,-0.0024530716237223856,-0.047218404347866144
2026-09-11 10:11:30+05:30,23336.5000,23282.8000,-0.019067395325946944,-0.002584296311564803,-0.05509844796985791
2026-09-11 10:11:45+05:30,23336.0000,23283.0500,-0.03888779801510665,-0.016361674101961675,-0.058536240392667666
2026-09-11 10:12:00+05:30,23336.0500,23282.2500,0.08025094302509025,-0.009855023706125635,-0.04799061129020246
2026-09-11 10:12:15+05:30,23339.0000,23284.6000,0.3738681773696468,0.016003261629682533,-0.038793787503017284
2026-09-11 10:12:30+05:30,23340.3500,23283.6500,0.3392300184913843,0.020136402636719154,-0.027827421234371395
2026-09-11 10:12:45+05:30,23338.0000,23282.9500,0.551178557557991,0.054613421824704356,-0.01725489470441134
2026-09-11 10:13:00+05:30,23341.5000,23283.5000,0.5004585056083988,0.0776371328550574,-0.011124678041141584
2026-09-11 10:13:15+05:30,23337.7000,23283.3500,0.5648571230355465,0.10261128024705116,0.0024809857746631364
2026-09-11 10:13:30+05:30,23344.3000,23289.9000,0.39974855340388343,0.11831015021814953,0.01857906398089187
2026-09-11 10:13:45+05:30,23348.0500,23292.2500,0.3558822218476879,0.14098544946760427,0.033912724805537454
2026-09-11 10:14:00+05:30,23349.4000,23294.7000,0.07279596263474784,0.14516946818862744,0.04417122623071084
2026-09-11 10:14:15+05:30,23352.0500,23297.8000,0.25133597154256115,0.16395263883172806,0.05369486783709874
2026-09-11 10:14:30+05:30,23346.9000,23294.6000,0.1783350763899963,0.18293613829657004,0.05350554461408642
2026-09-11 10:14:45+05:30,23349.8000,23296.9000,0.18015640999419313,0.20187238836297694,0.05545185820329877
2026-09-11 10:15:00+05:30,23348.5500,23296.4500,-0.14607054259164656,0.20657865809845843,0.055110615045380916
2026-09-11 10:15:15+05:30,23346.8500,23295.3500,-0.16187949884063008,0.18624687207678742,0.05779985023759916
2026-09-11 10:15:30+05:30,23343.0000,23289.5500,-0.0035051291595059814,0.15574657968576705,0.05814812343295763
2026-09-11 10:15:45+05:30,23347.6500,23293.4500,0.03813427240293238,0.14331883788688382,0.06629481973509634
2026-09-11 10:16:00+05:30,23347.2000,23294.3000,0.3236009783557049,0.16556595784274303,0.08104116636050426
2026-09-11 10:16:15+05:30,23347.2000,23295.9500,0.22004251201645558,0.19921954219722668,0.09179631010635667
2026-09-11 10:16:30+05:30,23348.6000,23295.0500,0.42373537619958207,0.2135333474258558,0.10267513595127208
2026-09-11 10:16:45+05:30,23345.4500,23291.6000,-0.00827472003592811,0.21404728434442813,0.10273013951404422
2026-09-11 10:17:00+05:30,23344.6000,23291.7000,0.03767207547586077,0.21769299260590277,0.10193655585046174
2026-09-11 10:17:15+05:30,23348.5500,23292.8500,0.22145011845708526,0.2244167628645692,0.10736925421468413
2026-09-11 10:17:30+05:30,23350.5500,23296.0000,0.22705632246818228,0.2174257221549757,0.11223780919626157
2026-09-11 10:17:45+05:30,23346.6000,23293.0500,-0.08167661723638595,0.19738254902508187,0.11223530819611079
2026-09-11 10:18:00+05:30,23348.8000,23294.2500,0.10567897019301793,0.17616828296008316,0.11231484680511943
2026-09-11 10:18:15+05:30,23351.6500,23293.9500,0.0164768241763136,0.15312153622522195,0.11805869438073546
2026-09-11 10:18:30+05:30,23347.3500,23292.6500,-0.13916617445969123,0.1195966172968773,0.11244164869025226
2026-09-11 10:18:45+05:30,23349.1500,23291.2500,-0.08793991402243838,0.09637335694324292,0.10323436654916086
2026-09-11 10:19:00+05:30,23348.8500,23292.7500,0.26272084414651903,0.09193710086223487,0.10223753558936692
2026-09-11 10:19:15+05:30,23349.0000,23293.8500,0.20699564519017827,0.09832756193630299,0.11239789445322458
2026-09-11 10:19:30+05:30,23349.4500,23292.6500,0.07591318536948473,0.08997409592806126,0.10993233868077844
2026-09-11 10:19:45+05:30,23349.4500,23292.8000,-0.267235712444147,0.06875643931691158,0.10361368164864157
2026-09-11 10:20:00+05:30,23348.9500,23293.0000,-0.4174341847134227,0.04029974433083463,0.0922912151294104
2026-09-11 10:20:15+05:30,23349.5500,23292.7500,-0.5158736631214791,0.02269007192465213,0.0826198951695496
2026-09-11 10:20:30+05:30,23350.0000,23291.8000,-0.6290875053352663,0.00044207161538373924,0.06522821968915143
2026-09-11 10:20:45+05:30,23350.5000,23294.2500,-0.4368436744873223,-0.02019309720975037,0.05315360917752326
2026-09-11 10:21:00+05:30,23350.5000,23294.9500,0.061128956093882705,-0.01909811227208607,0.05039912250428531
2026-09-11 10:21:15+05:30,23354.5000,23297.5000,-0.5645971657138701,-0.06139326198968487,0.040977859046645006
2026-09-11 10:21:30+05:30,23357.7500,23300.7000,-0.7560073607520258,-0.10787182735961257,0.028851700294665175
2026-09-11 10:21:45+05:30,23357.8000,23300.8000,-0.2815942041453069,-0.1414589502331787,0.02012987505321379
2026-09-11 10:22:00+05:30,23358.0500,23301.4000,0.05882206350291736,-0.1382638653027575,0.022018576344859427
2026-09-11 10:22:15+05:30,23358.0000,23301.2500,0.25454597006871355,-0.12793653698881213,0.02896450724241743
2026-09-11 10:22:30+05:30,23363.8500,23307.7000,0.16132432780194997,-0.13079966987715191,0.027470905118783574
2026-09-11 10:22:45+05:30,23364.7500,23309.0500,0.020819062867299665,-0.14062049176290822,0.030645624926275344
2026-09-11 10:23:00+05:30,23365.3000,23309.8000,-0.19894338683480464,-0.14620462364854722,0.027106215732737814
2026-09-11 10:23:15+05:30,23367.5000,23310.7000,-0.14743594660869874,-0.15825771492481946,0.024026937463682466
2026-09-11 10:23:30+05:30,23368.0500,23308.3500,-0.453525220573955,-0.18063876467483225,0.015443371814751763
2026-09-11 10:23:45+05:30,23363.5000,23305.4000,-0.4338606471406777,-0.19467183480249828,0.01030301796639412
2026-09-11 10:24:00+05:30,23359.5000,23300.8000,-0.07496476800678292,-0.19405397070651467,0.00932111079426224
2026-09-11 10:24:15+05:30,23360.2500,23301.0000,-0.20009001777853166,-0.21609258317913613,0.00838702217432814
2026-09-11 10:24:30+05:30,23359.3500,23301.4500,-0.16103997274062193,-0.23361808879488852,0.009358799873198034
2026-09-11 10:24:45+05:30,23358.3000,23301.5000,-0.20920086411494812,-0.24719494829414723,0.009494930648368583
2026-09-11 10:25:00+05:30,23358.3000,23300.2000,-0.5581315974235678,-0.26104713329316726,0.0043600226092405485
2026-09-11 10:25:15+05:30,23355.0500,23297.0000,0.07741646105187297,-0.23748281682815314,0.0012834398787063186
2026-09-11 10:25:30+05:30,23355.3000,23296.5500,0.1335747643159334,-0.2065567012358954,-0.006969449412047591
2026-09-11 10:25:45+05:30,23355.1000,23297.0000,0.24543606413994823,-0.16491272173707566,-0.007849462297941562
2026-09-11 10:26:00+05:30,23356.0000,23297.6500,0.1658059162054361,-0.13621512218027765,-0.0027774220205190347
2026-09-11 10:26:15+05:30,23354.5500,23295.5000,0.08130162755117816,-0.1352545187775493,0.00653379743815111
2026-09-11 10:26:30+05:30,23354.7500,23295.6500,-0.14590224090841966,-0.11531666521538497,0.0021231792855807854
2026-09-11 10:26:45+05:30,23354.8500,23295.9000,-0.38864376939326134,-0.09782316086496762,-0.003935449797489943
2026-09-11 10:27:00+05:30,23354.7500,23295.0000,-0.3914249266629153,-0.10305319527056801,-0.009714746988437625
2026-09-11 10:27:15+05:30,23350.6500,23290.9500,-0.402093989489651,-0.1250015787464046,-0.01762204096408912
2026-09-11 10:27:30+05:30,23347.5000,23288.6000,-0.188611780420437,-0.14610432876969748,-0.026843023878680657
2026-09-11 10:27:45+05:30,23348.3500,23289.4500,-0.1990934517225385,-0.1632670801756255,-0.035667998800220375
2026-09-11 10:28:00+05:30,23345.7000,23286.1000,0.1734810969690239,-0.1559974595041148,-0.04185976044921984
2026-09-11 10:28:15+05:30,23344.6500,23281.7000,0.07755434436826646,-0.14283090087539713,-0.04879261555151709
2026-09-11 10:28:30+05:30,23343.2000,23278.6500,0.13607034508818847,-0.12933060127078347,-0.05582190699327706
2026-09-11 10:28:45+05:30,23341.5000,23281.1500,-0.12196191010200819,-0.11354187220069077,-0.06437453754255398
2026-09-11 10:29:00+05:30,23337.5000,23277.6000,0.15427469629956042,-0.08553542727496515,-0.0676795789449823
2026-09-11 10:29:15+05:30,23343.0000,23279.2500,0.0026265407244380153,-0.08184060304966892,-0.0688298973369546
2026-09-11 10:29:30+05:30,23344.5000,23278.8000,-0.2664699601850466,-0.0850015526880744,-0.07731851916855474
2026-09-11 10:29:45+05:30,23344.7500,23276.1000,-0.10712913964695937,-0.08243437015980476,-0.08199826041506221
2026-09-11 10:30:00+05:30,23338.5000,23275.7000,0.37821903053007006,-0.05446199422432771,-0.07875133220955603
2026-09-11 10:30:15+05:30,23336.7500,23277.6500,0.26192812972621704,-0.015411531026718907,-0.07206282938467302
2026-09-11 10:30:30+05:30,23337.5000,23275.1500,-0.23676499052290365,-0.0303725525302797,-0.07329046039585783
2026-09-11 10:30:45+05:30,23336.5000,23274.1500,0.13358521280675048,-0.030372054983097935,-0.07104307774067331
2026-09-11 10:31:00+05:30,23336.5000,23275.7500,0.25417455457622723,-0.02995593639089417,-0.06750143377061929
2026-09-11 10:31:15+05:30,23341.5000,23279.5500,-0.34838431247030643,-0.05444118537545334,-0.07851758607924243
2026-09-11 10:31:30+05:30,23343.5000,23279.3500,-0.21632508883512302,-0.0686138861557534,-0.08567115330631749
2026-09-11 10:31:45+05:30,23343.5000,23282.5000,-0.22258570344813483,-0.07226547961002555,-0.09626658084152596
2026-09-11 10:32:00+05:30,23342.8500,23283.1000,-0.40563917150712014,-0.07307478447259025,-0.10278075217711927
2026-09-11 10:32:15+05:30,23344.6500,23284.4500,-0.43186835871836354,-0.07500066218951636,-0.1104781363442377
2026-09-11 10:32:30+05:30,23345.0000,23284.0000,-0.6715283336682469,-0.08783086905516378,-0.12511712736268576
2026-09-11 10:32:45+05:30,23345.5000,23284.3000,-0.5928975146547834,-0.10708257068537075,-0.13855899354502946
2026-09-11 10:33:00+05:30,23345.0000,23282.2500,-0.6773622643074084,-0.12985727604655503,-0.14832433202160358
2026-09-11 10:33:15+05:30,23342.1500,23282.7500,-0.5587385173819507,-0.16472487672993477,-0.159216421981849
2026-09-11 10:33:30+05:30,23345.0000,23282.8000,-0.35525402990257887,-0.18533479931426072,-0.16531037040937183
2026-09-11 10:33:45+05:30,23344.5000,23281.7500,-0.5488040598779234,-0.2179478662174089,-0.17202574558016254
2026-09-11 10:34:00+05:30,23344.4500,23281.1500,-0.4127894634688217,-0.2317967973301143,-0.17735114803010324
2026-09-11 10:34:15+05:30,23344.0000,23281.3000,-0.06384331122121072,-0.24218336911681768,-0.18270465877383651
2026-09-11 10:34:30+05:30,23346.5500,23286.0000,-0.17399864490970135,-0.2505940922422529,-0.18895046680826075
2026-09-11 10:34:45+05:30,23351.5500,23288.4000,0.056609839809336704,-0.23520933986156795,-0.18926691509613203
2026-09-11 10:35:00+05:30,23351.7000,23286.3000,0.022088187390311882,-0.22905613381217407,-0.18452390034474747
2026-09-11 10:35:15+05:30,23350.5000,23286.0000,-0.26603475128441584,-0.2597348853271496,-0.18204194241968177
2026-09-11 10:35:30+05:30,23350.9500,23285.3000,-0.11088546510155219,-0.2774879136522815,-0.17540279163246986
2026-09-11 10:35:45+05:30,23353.5500,23287.9000,-0.09940218218096082,-0.27094682754076044,-0.16671942567912057
2026-09-11 10:36:00+05:30,23355.0000,23291.2000,-0.1579545705431613,-0.2848296743669467,-0.16214747315544578
2026-09-11 10:36:15+05:30,23354.0000,23290.6000,-0.039357526855785634,-0.29880739253037586,-0.16379479254806328
2026-09-11 10:36:30+05:30,23355.0000,23291.3500,-0.0917603728331562,-0.2865872049286068,-0.15604336971395322
2026-09-11 10:36:45+05:30,23354.0500,23292.4500,-0.2193580444273176,-0.28673163138537794,-0.1472458399381383
2026-09-11 10:37:00+05:30,23354.9000,23292.3500,-0.21027945494165334,-0.286145619551736,-0.14607674568889809
2026-09-11 10:37:15+05:30,23355.5000,23294.5500,0.17585333910137124,-0.2584554999989507,-0.14415820018728406
2026-09-11 10:37:30+05:30,23357.4500,23295.0500,-0.3573916086839441,-0.25490898809254975,-0.15418996377339322
2026-09-11 10:37:45+05:30,23357.5000,23295.9000,-0.47934458913456385,-0.2457573812099934,-0.1646927329035
2026-09-11 10:38:00+05:30,23355.9500,23295.0500,-0.42308159147421176,-0.23767090867758525,-0.1719697928107379
2026-09-11 10:38:15+05:30,23356.0000,23294.7000,0.01676885300603746,-0.20461704594837354,-0.16843352658383887
2026-09-11 10:38:30+05:30,23354.2500,23295.5500,-0.03532102850179981,-0.17969240362074732,-0.1665955771066766
2026-09-11 10:38:45+05:30,23356.0500,23296.0500,-0.22196673984528498,-0.17334538980849523,-0.16279953643899348
2026-09-11 10:39:00+05:30,23356.1500,23295.7500,-0.21714568540112777,-0.1575521338810288,-0.1592468321481812
2026-09-11 10:39:15+05:30,23354.9500,23294.7000,-0.26442742456347185,-0.15048727488553593,-0.1623527773376351
2026-09-11 10:39:30+05:30,23353.0500,23293.5500,0.07181928704812819,-0.14402715115842454,-0.1578952477503128
2026-09-11 10:39:45+05:30,23355.0000,23292.9000,0.2944958219356223,-0.12171789083245675,-0.15042744783758746
2026-09-11 10:40:00+05:30,23353.9500,23294.2000,0.20875562138965176,-0.1144728536143465,-0.14357570217357762
2026-09-11 10:40:15+05:30,23354.8500,23294.5500,0.22894209237292315,-0.10462266766279359,-0.13067285479986468
2026-09-11 10:40:30+05:30,23354.7000,23293.8500,0.09923928259775616,-0.08722866604935682,-0.13031510362698137
2026-09-11 10:40:45+05:30,23355.4500,23293.7500,-0.015969829948017013,-0.08270887389918848,-0.13276665435261992
2026-09-11 10:41:00+05:30,23354.7000,23295.2000,-0.18850066700970042,-0.0869516588910332,-0.13988037125671252
2026-09-11 10:41:15+05:30,23355.0000,23294.5500,0.11061172367858459,-0.07416278773761673,-0.14078519408502158
2026-09-11 10:41:30+05:30,23354.3500,23293.9000,0.0743949001165904,-0.06874600550083691,-0.14089841912493284
2026-09-11 10:41:45+05:30,23353.9000,23292.0000,-0.007130953884006377,-0.06471603316992501,-0.13862347999338506
2026-09-11 10:42:00+05:30,23352.3000,23293.8500,0.3213729843316187,-0.03896693656235661,-0.12698386107986245
2026-09-11 10:42:15+05:30,23353.3500,23292.5500,-0.0551574321955851,-0.0315801735744486,-0.12147127920334885
2026-09-11 10:42:30+05:30,23352.9500,23293.9000,-0.3600474421484641,-0.05709925839586933,-0.12078199154201792
2026-09-11 10:42:45+05:30,23352.6500,23294.4000,-0.48445707400213656,-0.06314999483959277,-0.12563191438761956
2026-09-11 10:43:00+05:30,23353.7500,23295.3000,-0.598654793026202,-0.06883143312014697,-0.13218210031063043
2026-09-11 10:43:15+05:30,23354.3500,23296.0000,-0.6704474434970952,-0.08061075940695095,-0.1460169944166324
2026-09-11 10:43:30+05:30,23354.7500,23296.7000,-0.5646540942476992,-0.10829756641903364,-0.15654500160705806
2026-09-11 10:43:45+05:30,23354.2500,23295.8000,-0.4486795478991957,-0.12798130543795727,-0.16613106542652337
2026-09-11 10:44:00+05:30,23355.8000,23297.6000,-0.3049758177435645,-0.1319341186712087,-0.16913129342064723
2026-09-11 10:44:15+05:30,23357.7000,23298.9500,-0.30192866146135144,-0.13597140324550505,-0.17661003699049824
2026-09-11 10:44:30+05:30,23362.8000,23302.9500,-0.4954079493754746,-0.1469704758556004,-0.18477453682820172
2026-09-11 10:44:45+05:30,23364.0000,23303.1000,-0.7087730465660904,-0.18414153936103939,-0.19202540709674343
2026-09-11 10:45:00+05:30,23367.0000,23306.7000,-0.797116251302666,-0.23612306665810073,-0.20333667122224683
2026-09-11 10:45:15+05:30,23367.5000,23306.6500,-0.6638203721600869,-0.2776743044461836,-0.22041928438110187
2026-09-11 10:45:30+05:30,23373.5000,23310.0000,-0.3192750125964045,-0.3037798808732944,-0.2299472047470465
2026-09-11 10:45:45+05:30,23365.9000,23304.0000,-0.29911063872464744,-0.32274892474578976,-0.23096926455363248
2026-09-11 10:46:00+05:30,23365.3500,23302.5000,-0.3194100726489086,-0.33719846011249893,-0.23839541677421705
2026-09-11 10:46:15+05:30,23363.8500,23300.1000,-0.19732308815434105,-0.3376185754051009,-0.24579701747471816
2026-09-11 10:46:30+05:30,23361.9000,23299.9500,-0.1898629392514749,-0.3519268926874846,-0.2431983064383439
2026-09-11 10:46:45+05:30,23364.6000,23303.2000,-0.1489234769363713,-0.36256110111857803,-0.2420933619809873
2026-09-11 10:47:00+05:30,23365.4500,23303.9500,-0.2770485886233733,-0.37541432182045265,-0.24298619616418793
2026-09-11 10:47:15+05:30,23366.4500,23304.5500,-0.23310577044096312,-0.40181807204771847,-0.24015777975326733
2026-09-11 10:47:30+05:30,23367.6000,23302.8500,0.1722499044305883,-0.3909891512559959,-0.2302542016688583
2026-09-11 10:47:45+05:30,23367.9000,23301.6500,0.22903398189515659,-0.36293765487296636,-0.2154908850202779
2026-09-11 10:48:00+05:30,23363.8500,23299.5500,-0.10200141288876971,-0.34472548053423463,-0.20744340794214652
2026-09-11 10:48:15+05:30,23362.5000,23297.9500,0.36114313096741807,-0.2990208174869194,-0.1904187293310838
2026-09-11 10:48:30+05:30,23359.3000,23293.9500,0.3446185760875667,-0.25068434036384024,-0.17560959665125564
2026-09-11 10:48:45+05:30,23357.1500,23293.5500,0.4278954835666726,-0.20342007475363205,-0.16277108003700563
2026-09-11 10:49:00+05:30,23359.7500,23294.5000,0.1937557619158575,-0.1728279171433914,-0.1505979682043207
2026-09-11 10:49:15+05:30,23362.0000,23295.6000,0.19149901315758505,-0.14918625852905096,-0.14069159973503534
2026-09-11 10:49:30+05:30,23363.0000,23294.9000,0.3366291285445902,-0.11877874471924421,-0.13412647777166156
2026-09-11 10:49:45+05:30,23363.3500,23296.3500,0.038632686072243086,-0.0933482382693529,-0.1306407182473674
2026-09-11 10:50:00+05:30,23363.0500,23296.3000,-0.21833563889472035,-0.06999407599928766,-0.13514802117694208
2026-09-11 10:50:15+05:30,23362.4500,23294.7000,-0.0757252038400802,-0.035642121358212146,-0.13675151939383373
2026-09-11 10:50:30+05:30,23355.6500,23290.8000,-0.07086782936296429,-0.007406285986920587,-0.1335520616574165
2026-09-11 10:50:45+05:30,23353.8500,23289.4000,0.13835988033589572,0.014385851771760376,-0.12946607238795016
2026-09-11 10:51:00+05:30,23354.2500,23288.2000,0.3096598538825848,0.04337492284829525,-0.122760137370515
2026-09-11 10:51:15+05:30,23354.8500,23289.1000,0.19285736607165174,0.06776861040641717,-0.11700912201617379
2026-09-11 10:51:30+05:30,23356.0000,23287.9500,0.07015988231097695,0.08050589471428946,-0.11521375465278423
2026-09-11 10:51:45+05:30,23356.0000,23287.2500,-0.15910489906386693,0.08197056329465174,-0.11631776327951719
2026-09-11 10:52:00+05:30,23355.0000,23286.8000,-0.05130017567528812,0.0866192919261319,-0.1135627162507954
2026-09-11 10:52:15+05:30,23352.9500,23284.5000,0.19459153872946977,0.1090783456096006,-0.10692548684635075
2026-09-11 10:52:30+05:30,23350.0000,23283.3500,0.23618615044699995,0.13142557993759885,-0.10593642436527487
2026-09-11 10:52:45+05:30,23350.5000,23283.5000,0.1202699071301116,0.1289503419709095,-0.09810590771258544
2026-09-11 10:53:00+05:30,23352.5000,23284.7000,-0.08502963270496008,0.11399493175185631,-0.09164172809898538
2026-09-11 10:53:15+05:30,23349.9500,23283.9000,-0.30094425532755714,0.104521463064295,-0.08963947668674514
2026-09-11 10:53:30+05:30,23349.5000,23283.0000,-0.13776802789693174,0.08076378883265929,-0.09217286817695775
2026-09-11 10:53:45+05:30,23351.2500,23284.0500,-0.19350160431494767,0.05513901833730146,-0.0947659923706159
2026-09-11 10:54:00+05:30,23352.0000,23284.0000,-0.10504296114892842,0.029760997160368077,-0.09284920911329858
2026-09-11 10:54:15+05:30,23350.0000,23281.9000,0.013343497202817545,0.021169936935937602,-0.08907069792306996
2026-09-11 10:54:30+05:30,23351.0000,23282.6500,-0.020195865156963547,0.011089228444768623,-0.08506690186722556
2026-09-11 10:54:45+05:30,23349.5500,23281.1000,-0.07259648676057345,-0.008397705617382028,-0.08743437356900755
2026-09-11 10:55:00+05:30,23349.0000,23281.9000,0.0213577421815408,-0.009220321993129756,-0.09191204700759904
2026-09-11 10:55:15+05:30,23349.1000,23280.1500,-0.32412609401644493,-0.01425796271321188,-0.1006478128339285
2026-09-11 10:55:30+05:30,23349.8000,23280.5500,-0.35856336059507415,-0.02772644636821159,-0.11027904976783008
2026-09-11 10:55:45+05:30,23348.0000,23279.3500,-0.3521032342879232,-0.041118608507495345,-0.11767810742169368
2026-09-11 10:56:00+05:30,23348.0000,23280.5000,-0.16772533801866027,-0.055694095095807535,-0.12016590263596652
2026-09-11 10:56:15+05:30,23346.5000,23277.0500,-0.17836691927601017,-0.07893346524621682,-0.1199997756239388
2026-09-11 10:56:30+05:30,23346.1000,23274.3500,0.29012329062270237,-0.07430175455330965,-0.11705696305108443
2026-09-11 10:56:45+05:30,23348.7500,23277.7500,0.4134420775790345,-0.05795498335006881,-0.11149881260088042
2026-09-11 10:57:00+05:30,23347.7000,23276.7000,-0.12683971417058448,-0.056418545974198216,-0.113461251294103
2026-09-11 10:57:15+05:30,23349.2000,23277.6000,0.3021419147796052,-0.03958797023825091,-0.11377651472938191
2026-09-11 10:57:30+05:30,23348.1000,23277.2500,0.14694261534704336,-0.04185696658979503,-0.11046339919589619
2026-09-11 10:57:45+05:30,23349.1500,23277.5500,0.1981447512806499,-0.04366846178819265,-0.10131270750033694
2026-09-11 10:58:00+05:30,23349.2000,23278.7000,0.38805104491094305,-0.030916979036724485,-0.08700929571487662
2026-09-11 10:58:15+05:30,23348.5500,23277.8500,0.024098602665600162,-0.02572039640003114,-0.07680022365435528
2026-09-11 10:58:30+05:30,23348.0500,23278.6500,0.3999071346932299,0.007653479315244436,-0.059253427290579454
2026-09-11 10:58:45+05:30,23350.0500,23280.3500,0.14545859493979016,0.021140461355088336,-0.04761223566455504
2026-09-11 10:59:00+05:30,23349.4000,23282.0000,0.25534079381687785,0.04251390888517527,-0.03607091858724236
2026-09-11 10:59:15+05:30,23349.0000,23280.5500,0.09291983767531214,0.05194070882918673,-0.0295480389902116
2026-09-11 10:59:30+05:30,23349.5000,23281.0500,0.418723246291815,0.07124450640485328,-0.017734073289340017
2026-09-11 10:59:45+05:30,23346.6500,23279.5000,0.1470307463017848,0.07920767837907938,-0.007202291392991502
2026-09-11 11:00:00+05:30,23344.2000,23279.1000,0.35696302806277236,0.09966289337066728,0.010268791797645591
2026-09-11 11:00:15+05:30,23350.4000,23282.5500,0.2356241772242709,0.10986605694413061,0.027198962757103574
2026-09-11 11:00:30+05:30,23352.0500,23284.7000,-0.046617844102133266,0.12308073551147879,0.037317036987561836
2026-09-11 11:00:45+05:30,23354.5000,23285.4000,0.039165341289725535,0.14202019750599307,0.043193108362744294
2026-09-11 11:01:00+05:30,23354.5000,23286.9000,-0.08374726328123755,0.1547990532682162,0.04672365550116085
2026-09-11 11:01:15+05:30,23355.1000,23288.1000,0.04376123760397713,0.16486984258357987,0.0526772835380934
2026-09-11 11:01:30+05:30,23359.4500,23291.4000,0.19938784395680942,0.18285816464228555,0.059180741441554885
2026-09-11 11:01:45+05:30,23359.2500,23290.8500,-0.10852400929464598,0.16387495988431658,0.06051416652281438
2026-09-11 11:02:00+05:30,23355.7500,23291.1500,-0.023955739745213415,0.14304649239268574,0.06256281795217764
2026-09-11 11:02:15+05:30,23359.5500,23291.9000,-0.009088727130236916,0.1486536822517499,0.0669556025668192
2026-09-11 11:02:30+05:30,23358.7500,23290.4000,-0.25709805523425594,0.12202320748918509,0.06656228642266686
2026-09-11 11:02:45+05:30,23356.7500,23288.6000,-0.11046628408981564,0.10976564084933467,0.06192759480757827
2026-09-11 11:03:00+05:30,23355.8500,23289.0000,0.18121928561902864,0.10895966629401937,0.06114374732764175
2026-09-11 11:03:15+05:30,23355.5500,23288.6000,0.3204998757831481,0.10574294395460057,0.06806999796160762
2026-09-11 11:03:30+05:30,23356.5000,23287.8500,0.4968433811193268,0.1282546000714447,0.070294592226393
2026-09-11 11:03:45+05:30,23351.9000,23284.0500,0.2543916534068225,0.12132529143875864,0.0688154623463808
2026-09-11 11:04:00+05:30,23354.0500,23283.9000,0.10747874697057999,0.11951672724974863,0.06356272895955961
2026-09-11 11:04:15+05:30,23351.7500,23284.6000,0.12141783545558277,0.11313944351825839,0.06237686131266986
2026-09-11 11:04:30+05:30,23350.5000,23283.5500,-0.14001957630909234,0.10204709047138198,0.0569421303378063
2026-09-11 11:04:45+05:30,23349.5500,23283.6500,-0.41174153182445383,0.06250114865632156,0.04467375885634656
2026-09-11 11:05:00+05:30,23350.4500,23283.8000,-0.47501056116362855,0.032880134015111404,0.03625337775411915
2026-09-11 11:05:15+05:30,23351.0000,23283.1000,-0.6788718721234078,-0.01644533742232575,0.02870360343889477
2026-09-11 11:05:30+05:30,23350.9000,23282.4000,-0.4350178289974179,-0.04838067105192999,0.022813560403528575
2026-09-11 11:05:45+05:30,23353.4000,23282.3500,-0.23634725793110878,-0.057415405043785964,0.02010078288601801
2026-09-11 11:06:00+05:30,23351.9500,23284.5500,-0.21014940156340814,-0.06928753565583995,0.01438751596963598
2026-09-11 11:06:15+05:30,23352.5500,23285.1000,-0.19202011121347506,-0.07444338555737506,0.0061632542467497525
2026-09-11 11:06:30+05:30,23352.7000,23285.2000,-0.2016576341652394,-0.08612999849876632,-0.0003042047735271514
2026-09-11 11:06:45+05:30,23355.6500,23285.2000,-0.29503711000615024,-0.10967404392557392,-0.006291040713152187
2026-09-11 11:07:00+05:30,23356.3000,23287.1000,-0.19283802617135948,-0.11368899711017932,-0.006844042796881573
2026-09-11 11:07:15+05:30,23358.1500,23288.0000,-0.6202691709691086,-0.14208487478750767,-0.016171403375468792
2026-09-11 11:07:30+05:30,23362.4000,23291.3500,-0.5854733004197143,-0.16953175922986372,-0.0289593515582423
2026-09-11 11:07:45+05:30,23362.7500,23291.4500,-0.49182879104136623,-0.18070941331591658,-0.04089402273018273
2026-09-11 11:08:00+05:30,23360.5000,23291.4500,-0.2949292122753997,-0.18949336227713487,-0.04770056567125668
2026-09-11 11:08:15+05:30,23362.9000,23292.5000,-0.3455943461870185,-0.21457972569647046,-0.05197211835129043
2026-09-11 11:08:30+05:30,23359.6000,23292.6000,-0.35603324028718575,-0.24679558836648635,-0.0528752164653827
2026-09-11 11:08:45+05:30,23357.3500,23290.2000,-0.4471644758645486,-0.2917483434609566,-0.05794728938288462
2026-09-11 11:09:00+05:30,23359.3500,23290.9500,-0.4495243191354813,-0.3252681516772568,-0.06214438306846714
2026-09-11 11:09:15+05:30,23359.4500,23291.5500,-0.48621285728526664,-0.35353918045134475,-0.06839306989037433
2026-09-11 11:09:30+05:30,23363.9500,23293.5500,-0.44540314855345275,-0.3805306558803464,-0.07591350670605089
2026-09-11 11:09:45+05:30,23364.8500,23295.3500,-0.367075489284653,-0.391342842212516,-0.08160005792125892
2026-09-11 11:10:00+05:30,23366.3500,23297.7000,-0.19300013007522893,-0.3809265849863624,-0.08357388813953195
2026-09-11 11:10:15+05:30,23367.7500,23300.0000,-0.08685788810309882,-0.36244312436443243,-0.08534791486550965
2026-09-11 11:10:30+05:30,23367.4000,23297.9500,-0.16399792619356873,-0.33792531741539245,-0.08272286293398708
2026-09-11 11:10:45+05:30,23365.0500,23297.6500,-0.2537305404832314,-0.3292925893909074,-0.08100429211248146
2026-09-11 11:11:00+05:30,23371.1500,23302.6000,-0.03600040512482909,-0.3197522630667988,-0.07582227851964385
2026-09-11 11:11:15+05:30,23372.0500,23302.3500,-0.02431259944609034,-0.31090289153740275,-0.07347125001845417
2026-09-11 11:11:30+05:30,23371.6500,23302.8500,-0.04959760515689082,-0.3041208674394702,-0.07136027765584567
2026-09-11 11:11:45+05:30,23368.1500,23302.6000,0.0455539490017217,-0.2923488872886625,-0.07536961112504208
2026-09-11 11:12:00+05:30,23370.0500,23303.1500,-0.03852665598337427,-0.2801341037637684,-0.08277893462606517
2026-09-11 11:12:15+05:30,23376.2500,23306.3000,-0.3018916641006337,-0.2853271341413529,-0.08564863872327909
2026-09-11 11:12:30+05:30,23376.4000,23309.0000,-0.3853751676499062,-0.2741417054118671,-0.09691941056638584
2026-09-11 11:12:45+05:30,23385.5500,23316.1500,-0.426037542510243,-0.26654952646379704,-0.10631252790830856
2026-09-11 11:13:00+05:30,23382.6000,23316.1000,-0.354253064372787,-0.2599983013843409,-0.11536822980426654
2026-09-11 11:13:15+05:30,23385.7500,23316.7500,-0.15868981128472429,-0.2535107108609754,-0.12433119465993323
2026-09-11 11:13:30+05:30,23393.3000,23322.6000,-0.31669711526890804,-0.25213465224582726,-0.1299180097080399
2026-09-11 11:13:45+05:30,23395.4500,23323.7000,-0.26307185330120114,-0.24770791953220894,-0.14078651770794862
2026-09-11 11:14:00+05:30,23403.5000,23330.4000,-0.22959953798240157,-0.23734768439496384,-0.14693501169027964
2026-09-11 11:14:15+05:30,23408.7000,23336.6000,-0.11181801264110178,-0.2212664317047553,-0.15295400851745963
2026-09-11 11:14:30+05:30,23411.3500,23336.0500,-0.26291272848034275,-0.21063309223785417,-0.1587873292741097
2026-09-11 11:14:45+05:30,23412.8000,23335.8000,-0.2758949566428338,-0.20256127357544376,-0.17017451292877608
2026-09-11 11:15:00+05:30,23416.0000,23338.8500,-0.10250658268656813,-0.18996275421363018,-0.17426528881383105
2026-09-11 11:15:15+05:30,23411.6000,23330.0500,-0.04298454179550191,-0.1828191547717384,-0.1808218063524913
2026-09-11 11:15:30+05:30,23405.7500,23327.0000,0.18906778322860293,-0.16967983708927642,-0.18158502592619075
2026-09-11 11:15:45+05:30,23409.3500,23330.4000,-0.021488064568579317,-0.16289365320237217,-0.18117306232728003
2026-09-11 11:16:00+05:30,23402.5500,23327.1500,0.21293653839871535,-0.1406714113508509,-0.17832435417795234
2026-09-11 11:16:15+05:30,23402.8000,23327.3000,0.4371410695327108,-0.11814086493858711,-0.16978520118100235
2026-09-11 11:16:30+05:30,23410.2500,23330.3500,-0.033803577312037536,-0.11859281626553698,-0.17105675552388783
2026-09-11 11:16:45+05:30,23409.1000,23328.9000,0.2702253159719265,-0.10336315335464091,-0.16989548549085312
2026-09-11 11:17:00+05:30,23415.0000,23334.8500,-0.2097185997780768,-0.11551898901082179,-0.17155441320369624
2026-09-11 11:17:15+05:30,23421.0000,23339.7500,-0.27329357700446727,-0.1266983662023024,-0.17564191873253646
2026-09-11 11:17:30+05:30,23429.8000,23349.0500,-0.08825430237546474,-0.11652515850110387,-0.176939715048032
2026-09-11 11:17:45+05:30,23430.5000,23350.0500,-0.2567716477852123,-0.11040118136468988,-0.17693436410624439
2026-09-11 11:18:00+05:30,23428.5500,23349.5000,-0.24935989345852694,-0.10198795998127483,-0.17921130852212488
2026-09-11 11:18:15+05:30,23424.6500,23345.9000,-0.051690769939911466,-0.08758023167494743,-0.18302950615423866
2026-09-11 11:18:30+05:30,23427.7500,23345.0000,0.009769537813016076,-0.07955835790838836,-0.18812344612096213
2026-09-11 11:18:45+05:30,23424.9500,23343.7000,0.24776237633181322,-0.05267933449883021,-0.19220674128141316
2026-09-11 11:19:00+05:30,23421.4000,23342.9000,0.06705644224860326,-0.03695893947264905,-0.1952778103167938
2026-09-11 11:19:15+05:30,23418.9000,23338.5500,0.09012883345744582,-0.021733778927894413,-0.19556223512848453
2026-09-11 11:19:30+05:30,23418.1500,23337.7500,0.13439534820609347,-0.01000933317326607,-0.19534948901782043
2026-09-11 11:19:45+05:30,23417.1500,23338.8500,0.07438613623051016,0.006052517527250735,-0.19183464127126956
2026-09-11 11:20:00+05:30,23426.0500,23343.1000,0.09425465634392498,0.023678689574239246,-0.1835396217930994
2026-09-11 11:20:15+05:30,23428.3000,23345.7500,0.00231172839724698,0.028670037721087584,-0.17571466622652768
2026-09-11 11:20:30+05:30,23423.5500,23341.0500,-0.17180777542594078,0.02253559802440002,-0.16740214005115936
2026-09-11 11:20:45+05:30,23420.1500,23337.7500,-0.10248586963778933,0.008652090745048009,-0.16195079645509988
2026-09-11 11:21:00+05:30,23417.5000,23335.7000,-0.061427979988973036,0.006750190010743546,-0.1590832673085075
2026-09-11 11:21:15+05:30,23417.8500,23336.6500,0.1164153205125306,0.0021539415399728437,-0.15372974727447572
2026-09-11 11:21:30+05:30,23420.4000,23339.9000,-0.43768178847006683,-0.039504289793492756,-0.15775698788523954
2026-09-11 11:21:45+05:30,23420.0000,23340.3000,-0.17665170937401248,-0.046306581796443945,-0.1573470546919407
2026-09-11 11:22:00+05:30,23418.4000,23340.9000,-0.18965236750190073,-0.06820551910472143,-0.15561943596236286
2026-09-11 11:22:15+05:30,23418.7000,23341.1000,-0.22777189446053409,-0.06906519980388606,-0.15619212232775917
2026-09-11 11:22:30+05:30,23425.4500,23344.0500,0.01695804184941678,-0.0552436941441773,-0.14574577457663582
2026-09-11 11:22:45+05:30,23425.9500,23346.2500,-0.00984430810893553,-0.051509884893390194,-0.13630923371908207
2026-09-11 11:23:00+05:30,23427.0500,23345.9500,0.18003875732304855,-0.030709389412044444,-0.1252950116147474
2026-09-11 11:23:15+05:30,23426.4000,23345.3500,-0.13366310390476419,-0.025200018480912884,-0.12265130492014682
2026-09-11 11:23:30+05:30,23423.9000,23343.6000,-0.1439752638435939,-0.029594518190612047,-0.11934607406205788
2026-09-11 11:23:45+05:30,23427.6500,23345.1500,0.13724993047072648,-0.023524023302149644,-0.11125946470537079
2026-09-11 11:24:00+05:30,23427.5500,23346.1000,-0.06097398277263396,-0.0382257546880757,-0.1049284730153394
2026-09-11 11:24:15+05:30,23430.9000,23349.5000,-0.28357263132831356,-0.05492237723935745,-0.10220795354309076
2026-09-11 11:24:30+05:30,23430.0500,23349.4500,-0.22367559887093263,-0.06986544544547071,-0.09790406406088856
2026-09-11 11:24:45+05:30,23431.7000,23348.9000,-0.23699827290934875,-0.08755085597477749,-0.09448759068967373
2026-09-11 11:25:00+05:30,23432.3500,23350.7000,-0.1318636298942786,-0.09737227340929125,-0.09063165856852005
2026-09-11 11:25:15+05:30,23430.8500,23349.2000,-0.1880973049145912,-0.11081760489779201,-0.09055128438555879
2026-09-11 11:25:30+05:30,23432.1500,23352.1000,-0.14054641474039575,-0.11762037361863213,-0.09143142416649808
2026-09-11 11:25:45+05:30,23432.7000,23351.5500,-0.06605295719832087,-0.11258442989350738,-0.08982576893706778
2026-09-11 11:26:00+05:30,23430.8500,23347.3500,-0.16299085666123464,-0.11546561975176668,-0.08833823313670718
2026-09-11 11:26:15+05:30,23428.5500,23345.9500,-0.025764474454129622,-0.11376735758344081,-0.08817043099456456
2026-09-11 11:26:30+05:30,23428.0000,23346.1000,-0.09746681538479192,-0.12395222119759902,-0.08936968043618262
2026-09-11 11:26:45+05:30,23427.6500,23345.8000,-0.11402779236831363,-0.10854012614513459,-0.09042591301341907
2026-09-11 11:27:00+05:30,23426.9500,23347.2000,-0.3146408086252084,-0.11511103563328677,-0.09633074510566383
2026-09-11 11:27:15+05:30,23427.6000,23346.2500,0.18308418717014396,-0.09736167588699893,-0.09269778046380288
2026-09-11 11:27:30+05:30,23424.1500,23345.5000,-0.08531896586291307,-0.09057820309663603,-0.08914740836154517
2026-09-11 11:27:45+05:30,23425.0500,23346.8500,0.05908749164736208,-0.0885720388205434,-0.08186113525831126
2026-09-11 11:28:00+05:30,23425.7000,23346.6000,0.2652517728813954,-0.07547222544005146,-0.07052852353057949
2026-09-11 11:28:15+05:30,23424.3000,23345.1000,-0.09574658362094228,-0.08860486072309864,-0.06629071237071318
2026-09-11 11:28:30+05:30,23419.2000,23342.1000,0.1969950182793097,-0.07285923585719037,-0.060459813525401154
2026-09-11 11:28:45+05:30,23423.8000,23344.3500,0.28052600497585717,-0.0526448897229308,-0.050669270570568935
2026-09-11 11:29:00+05:30,23424.1500,23342.9500,0.12021559211222753,-0.05345604869238313,-0.04438586982608649
2026-09-11 11:29:15+05:30,23423.7500,23342.2500,0.5368470433814119,-0.02498838078028571,-0.03182117177094201
2026-09-11 11:29:30+05:30,23418.7000,23341.7000,-0.009107673842907928,-0.011918620900028298,-0.030137395725069977
2026-09-11 11:29:45+05:30,23417.8500,23340.9500,0.4503282130898236,0.02017679871715057,-0.018444921273100035
2026-09-11 11:30:00+05:30,23417.0500,23341.5000,0.12576880832606124,0.03745142163312248,-0.011860269388364052
2026-09-11 11:30:15+05:30,23414.5000,23339.2500,0.2322111489302845,0.054788315862863576,-0.006373093460218928
2026-09-11 11:30:30+05:30,23417.0500,23339.4500,0.022991249828667674,0.06484015180301876,-0.0052915231057243444
2026-09-11 11:30:45+05:30,23418.3500,23338.1500,-0.18732936679400375,0.06261239218141838,-0.011461968188062159
2026-09-11 11:31:00+05:30,23419.3500,23339.3000,-0.2699105503925892,0.052904887743596085,-0.015534467955668877
2026-09-11 11:31:15+05:30,23414.6500,23337.4500,-0.22295111471500467,0.05004963736008322,-0.022680167187041335
2026-09-11 11:31:30+05:30,23416.7500,23340.1500,-0.3669544570267995,0.03380249533281322,-0.03586206106506609
2026-09-11 11:31:45+05:30,23416.4500,23338.0000,-0.5057742270721398,0.01435928525246332,-0.043599284831625146
2026-09-11 11:32:00+05:30,23409.5000,23334.9500,-0.13667416208002336,0.013280886694762857,-0.05026976807837842
2026-09-11 11:32:15+05:30,23411.8000,23335.5500,0.13470860147972583,0.034678477652140674,-0.0446234205167751
2026-09-11 11:32:30+05:30,23418.0000,23340.4500,-0.23642816002518494,0.01470169921426787,-0.044019069418754074
2026-09-11 11:32:45+05:30,23415.2500,23342.4000,-0.23974449129731634,0.007348102765010571,-0.04650251513878443
2026-09-11 11:33:00+05:30,23416.4000,23343.7000,-0.44077945960553716,-0.016455085389889393,-0.04951903664403566
2026-09-11 11:33:15+05:30,23421.5000,23345.8000,-0.4684693150611214,-0.051394184815723526,-0.053110994375225734
2026-09-11 11:33:30+05:30,23423.4000,23347.0500,-0.3440955167918998,-0.06322032449053103,-0.05790451481542227
2026-09-11 11:33:45+05:30,23423.8000,23349.0000,-0.330741091192523,-0.08835061541776115,-0.06348665627452947
2026-09-11 11:34:00+05:30,23424.7000,23349.5500,-0.26696446277632635,-0.11442159007262703,-0.0719248011779416
2026-09-11 11:34:15+05:30,23422.0000,23347.6000,-0.5263963233078386,-0.14521263366405876,-0.0816535350395226
2026-09-11 11:34:30+05:30,23419.9500,23345.9500,-0.35688452866566595,-0.18777127995201484,-0.08898162294318018
2026-09-11 11:34:45+05:30,23416.9000,23345.9000,-0.145529553014634,-0.19426755991257322,-0.09357055575007735
2026-09-11 11:35:00+05:30,23416.7500,23346.1000,-0.2710824822423263,-0.2286204501664851,-0.09923397572504188
2026-09-11 11:35:15+05:30,23417.5000,23345.4500,-0.1991140157581162,-0.24409106083716023,-0.10404329821851796
2026-09-11 11:35:30+05:30,23416.7500,23342.0000,-0.3819800663270016,-0.27333826156369767,-0.11034316370580073
2026-09-11 11:35:45+05:30,23414.0000,23340.9500,-0.12517998427441152,-0.28039403461622525,-0.1095787736869232
2026-09-11 11:36:00+05:30,23411.8000,23341.5500,-0.22041165807846702,-0.2819693818202473,-0.11151198333349169
2026-09-11 11:36:15+05:30,23414.4500,23342.3500,-0.1705053497633641,-0.2772358008379032,-0.11330013693635055
2026-09-11 11:36:30+05:30,23420.6000,23344.1500,-0.2912730647533945,-0.2804892270302075,-0.11998355308825095
2026-09-11 11:36:45+05:30,23418.5000,23347.5500,-0.4683208756801639,-0.2853161993470344,-0.12048583320644927
2026-09-11 11:37:00+05:30,23418.6000,23347.6500,-0.5450888719254534,-0.28718832529243027,-0.12652578669089914
2026-09-11 11:37:15+05:30,23417.9000,23346.4500,-0.5551691489442837,-0.30711665800025223,-0.13251786507520052
2026-09-11 11:37:30+05:30,23420.8000,23347.5500,-0.4346775543703367,-0.3342302844693028,-0.13590976113929565
2026-09-11 11:37:45+05:30,23421.5500,23348.1500,-0.35139185597303557,-0.3397047461811052,-0.1419482840544178
2026-09-11 11:38:00+05:30,23421.1500,23348.7000,-0.3444580907928503,-0.3446911080618449,-0.1474337559016951
2026-09-11 11:38:15+05:30,23424.0500,23350.5000,-0.021557278440503844,-0.3247281470539861,-0.15073860894699923
2026-09-11 11:38:30+05:30,23428.7000,23352.4500,-0.29607934568102134,-0.316519100893029,-0.1534011702875936
2026-09-11 11:38:45+05:30,23426.6500,23349.0500,-0.44323790398524154,-0.32124016694985474,-0.1583071152079485
2026-09-11 11:39:00+05:30,23422.5500,23347.1000,-0.028637406269519005,-0.30685427719161645,-0.16102657974467383
2026-09-11 11:39:15+05:30,23418.1000,23344.6500,0.3206882542236712,-0.27887081447733086,-0.15476982176112786
2026-09-11 11:39:30+05:30,23416.9000,23344.2500,0.5195148745093956,-0.22906551934317687,-0.1416044528129687
2026-09-11 11:39:45+05:30,23416.9000,23343.2000,0.44848940988438624,-0.19071437941222202,-0.13058535430878315
2026-09-11 11:40:00+05:30,23415.9500,23343.7500,0.45055842988980627,-0.16232923736915345,-0.11931393295141995
2026-09-11 11:40:15+05:30,23420.5500,23347.6000,0.35388997616078516,-0.13256864411186242,-0.11135075908166481
2026-09-11 11:40:30+05:30,23424.2000,23350.2000,0.059828262316608795,-0.12023805944163742,-0.10728640552049759
2026-09-11 11:40:45+05:30,23421.7000,23349.1000,-0.009218450957581382,-0.10248750632880788,-0.10513348808143505
2026-09-11 11:41:00+05:30,23420.4000,23349.4000,-0.1333451473802351,-0.10287632361956138,-0.10623663874015496
2026-09-11 11:41:15+05:30,23422.9500,23349.0500,0.3382246749646304,-0.07627459347465199,-0.09801999068071456
2026-09-11 11:41:30+05:30,23426.1000,23354.7500,0.1445085131873402,-0.06127393333414226,-0.0952286302275757
2026-09-11 11:41:45+05:30,23428.5000,23354.2500,-0.1919326909965981,-0.05654343934572338,-0.09677725113924465
2026-09-11 11:42:00+05:30,23426.3500,23350.1000,0.05608084494805252,-0.03157192883961784,-0.09398858495373046
2026-09-11 11:42:15+05:30,23425.1000,23348.4000,0.3114241493956478,0.00921440550900603,-0.08372522498617543
2026-09-11 11:42:30+05:30,23428.3000,23350.5000,0.44305474117084076,0.0567488764668691,-0.07946341262550827
2026-09-11 11:42:45+05:30,23428.9000,23350.5000,0.37802318185016565,0.09544891152498826,-0.0718676397121791
2026-09-11 11:43:00+05:30,23427.0500,23348.7500,0.219624617824779,0.12264017218202704,-0.0692358835453362
2026-09-11 11:43:15+05:30,23427.4000,23347.2000,0.09438701384839593,0.1435375581173245,-0.072036945168828
2026-09-11 11:43:30+05:30,23428.4500,23348.2000,0.49272047540932107,0.16802697496731614,-0.06238994420111876
2026-09-11 11:43:45+05:30,23429.5000,23349.7500,0.15585674677814604,0.18954774127489554,-0.06306434209458046
2026-09-11 11:44:00+05:30,23430.1500,23351.1000,0.19607496013446882,0.21999121099488175,-0.06444878545263602
2026-09-11 11:44:15+05:30,23431.0500,23356.9500,-0.05640331278584789,0.21866902497029467,-0.06734417733621102
2026-09-11 11:44:30+05:30,23425.8000,23354.6500,-0.4477368727277779,0.1820773522583209,-0.08348489727242725
2026-09-11 11:44:45+05:30,23432.2000,23356.1500,0.009105606658229782,0.157772149027313,-0.08318631890355613
2026-09-11 11:45:00+05:30,23432.2500,23356.0500,-0.13569380248282734,0.1299539008193505,-0.09279323719163238
2026-09-11 11:45:15+05:30,23437.5500,23358.4500,-0.2139276693423776,0.09831170561781792,-0.09836203190750843
2026-09-11 11:45:30+05:30,23437.1500,23357.0500,0.4495960157747488,0.10286913607562573,-0.0947983455657959
2026-09-11 11:45:45+05:30,23432.5000,23352.1500,0.0016637419894804204,0.10009939701242913,-0.09514797684184816
2026-09-11 11:46:00+05:30,23432.5500,23352.1000,0.13518131219392313,0.10697557621011983,-0.08986091653057066
2026-09-11 11:46:15+05:30,23431.2500,23354.4500,0.07628206514599092,0.11695782442565439,-0.08418562775124966
2026-09-11 11:46:30+05:30,23437.1500,23359.8500,-0.08709790323413957,0.09670436832095106,-0.08195852592369449
2026-09-11 11:46:45+05:30,23432.6000,23355.9000,-0.20125693683287296,0.0802393468914171,-0.07924217313363012
2026-09-11 11:47:00+05:30,23438.0000,23357.6500,-0.06279317810568101,0.08638884750527029,-0.0719801887243439
2026-09-11 11:47:15+05:30,23437.5000,23356.5500,0.551103066827851,0.10996133426145117,-0.06070515218487055
2026-09-11 11:47:30+05:30,23437.5000,23356.6500,0.48557807840290246,0.11825437849989187,-0.05495319354678569
2026-09-11 11:47:45+05:30,23433.1000,23355.7500,-0.12322354210410778,0.09128874596298955,-0.053097380138243444
2026-09-11 11:48:00+05:30,23431.9000,23354.5500,0.02536571677401716,0.07449553334031582,-0.04875131115346749
2026-09-11 11:48:15+05:30,23427.0000,23352.0500,-0.03143381868327088,0.06254036969707534,-0.042040726876053286
2026-09-11 11:48:30+05:30,23426.3000,23349.6500,0.4198413689075829,0.07803819612846519,-0.027478256647058132
2026-09-11 11:48:45+05:30,23421.9500,23346.2500,0.3033120240579012,0.06901874606411186,-0.01686501827247123
2026-09-11 11:49:00+05:30,23420.8500,23345.4500,0.16656980432342758,0.06952889166150622,-0.008712380641062202
2026-09-11 11:49:15+05:30,23419.2500,23342.2500,0.23004924342967828,0.07114671467556383,-0.00056461496555393
2026-09-11 11:49:30+05:30,23417.1500,23341.3500,0.48145052428023544,0.09675880215490112,0.015957464503103022
2026-09-11 11:49:45+05:30,23417.5000,23341.7000,0.5181437435113906,0.14275311721390915,0.030302190276497394
2026-09-11 11:50:00+05:30,23418.3500,23342.4500,0.21297372360670583,0.1524611227828842,0.036179293171929194
2026-09-11 11:50:15+05:30,23416.8000,23341.5500,-0.32322947341329694,0.14353085273857613,0.035324424464208366
2026-09-11 11:50:30+05:30,23417.8500,23340.6000,-0.12676277897765822,0.1476815618035628,0.03651051031306833
2026-09-11 11:50:45+05:30,23416.4000,23342.2500,0.10445024397024018,0.13124604886049096,0.044484777694990325
2026-09-11 11:51:00+05:30,23417.5000,23343.2500,-0.017239557490911012,0.1303458917423771,0.04625429288816246
2026-09-11 11:51:15+05:30,23416.5000,23342.5500,0.13709657794303076,0.13043709487328697,0.05211508364261325
2026-09-11 11:51:30+05:30,23418.4000,23346.1000,0.14848221894077662,0.13387519743494342,0.057344388047599164
2026-09-11 11:51:45+05:30,23420.5500,23344.2000,0.1244178235928085,0.14394737490289333,0.0641589927745861
2026-09-11 11:52:00+05:30,23416.2000,23343.0000,-0.6283034203023251,0.12361182807101465,0.06153632810864903
2026-09-11 11:52:15+05:30,23415.6500,23340.3000,-0.38897198458828613,0.10807950395279536,0.06409562134368456
2026-09-11 11:52:30+05:30,23414.9500,23338.5000,-0.20695974682077606,0.07198127473143218,0.0698039721981683
2026-09-11 11:52:45+05:30,23412.3500,23337.1000,0.29092229167865324,0.06271195155408697,0.08169905164159436
2026-09-11 11:53:00+05:30,23412.0500,23337.5000,-0.3633370270604723,0.05127797607997438,0.08150322916475114
2026-09-11 11:53:15+05:30,23412.3500,23336.7500,-0.1708908954122642,0.04193242311872289,0.08434859302344927
2026-09-11 11:53:30+05:30,23412.5000,23336.9500,-0.1631973613236962,0.03565796870727407,0.08202662445159364
2026-09-11 11:53:45+05:30,23411.9000,23335.7500,-0.3712590911116491,-0.0020134817698322163,0.0807941696084686
2026-09-11 11:54:00+05:30,23414.6000,23339.7000,-0.24717323518846804,-0.02822706554346885,0.08400834450677636
2026-09-11 11:54:15+05:30,23415.9500,23341.8500,-0.26792020226894175,-0.048917065857391195,0.08008567571990058
2026-09-11 11:54:30+05:30,23415.1000,23341.1500,-0.20710894044227382,-0.06973412223224607,0.07143326269259001
2026-09-11 11:54:45+05:30,23415.9000,23342.6000,-0.20407312845393333,-0.1023781056957779,0.059571164283355106
2026-09-11 11:55:00+05:30,23417.6500,23345.0000,-0.24205882352941185,-0.13857822793581612,0.04825070144050596
2026-09-11 11:55:15+05:30,23416.3500,23343.5000,-0.30928140486964006,-0.16344751976802308,0.03579431070674454
2026-09-11 11:55:30+05:30,23416.0000,23343.5000,-0.204700647400138,-0.15780328995787266,0.026637087369680228
2026-09-11 11:55:45+05:30,23418.6500,23343.5500,-0.25100628759915844,-0.1637196475112774,0.021541439010405356
2026-09-11 11:56:00+05:30,23417.7000,23347.0000,-0.4142425841658578,-0.18841930599394874,0.014901699121745087
2026-09-11 11:56:15+05:30,23416.7500,23346.6000,-0.48436236519116954,-0.21066324921777058,0.009147318501893702
2026-09-11 11:56:30+05:30,23423.7500,23348.5500,0.3477523203108488,-0.2006320233907316,0.009303509409208759
2026-09-11 11:56:45+05:30,23422.7500,23347.9500,0.2778779170700518,-0.19447032347981374,0.011489893079417146
2026-09-11 11:57:00+05:30,23423.2000,23349.8000,0.40967147469726295,-0.18088681628436354,0.021352256451447657
2026-09-11 11:57:15+05:30,23423.0000,23346.0500,0.24436130654540625,-0.13933135310113823,0.024438821395666572
2026-09-11 11:57:30+05:30,23420.7500,23344.3500,0.029499549207001974,-0.1194041372061245,0.01981710663847566
2026-09-11 11:57:45+05:30,23419.6500,23342.4500,0.18601777824563046,-0.10069092172677181,0.015603385934783685
2026-09-11 11:58:00+05:30,23417.1000,23342.1000,0.07594819540378238,-0.11092778345414661,0.010651336976646254
2026-09-11 11:58:15+05:30,23417.6000,23343.7000,0.15695943965011738,-0.08615176122983281,0.00962403897378295
2026-09-11 11:58:30+05:30,23417.7500,23345.2500,0.3191297096300986,-0.06281744670400602,0.013308345462007584
2026-09-11 11:58:45+05:30,23416.0500,23346.2000,0.35396398192450823,-0.03819071607313915,0.011033648847502455
2026-09-11 11:59:00+05:30,23416.5000,23347.0000,0.27024825097893834,-0.0076427474021587925,0.012908919408171182
2026-09-11 11:59:15+05:30,23417.7000,23349.4000,0.4341634412310708,0.024801856236866867,0.016812009262213837
2026-09-11 11:59:30+05:30,23422.0500,23350.8500,0.42516523961079855,0.05780592489780688,0.024706575694945745
2026-09-11 11:59:45+05:30,23421.7000,23351.3000,0.04926074491439517,0.07001400515288636,0.032854077623505965
2026-09-11 12:00:00+05:30,23421.0500,23353.1000,0.14221710463250622,0.08650401625224062,0.0350362333280023
2026-09-11 12:00:15+05:30,23423.0500,23352.9500,0.2299098259990873,0.10897871384883581,0.0410297354342632
2026-09-11 12:00:30+05:30,23422.0000,23352.9000,0.08866906514793171,0.12792873623062495,0.04599033763902237
2026-09-11 12:00:45+05:30,23424.5000,23351.7500,0.07108564653936704,0.1410614168944109,0.03978524961877021
2026-09-11 12:01:00+05:30,23425.8500,23351.7000,-0.24910871001770984,0.14115177773162274,0.03567422581537365
2026-09-11 12:01:15+05:30,23425.7500,23350.4000,-0.2448649046419948,0.14921738151847336,0.029443959965604498
2026-09-11 12:01:30+05:30,23425.5000,23348.7000,-0.04347161950848588,0.17021217893193447,0.027480784807334388
2026-09-11 12:01:45+05:30,23422.2000,23346.7500,-0.10953542076196532,0.1484365722141814,0.027112956651140524
2026-09-11 12:02:00+05:30,23422.2000,23349.1500,0.19944039884756945,0.14470145229882508,0.03368176543278712
2026-09-11 12:02:15+05:30,23423.0000,23348.4000,-0.0202420381642393,0.12422938025780116,0.0343793251039583
2026-09-11 12:02:30+05:30,23423.2000,23347.7500,-0.047368790670526906,0.11033747086656624,0.02456831104660784
2026-09-11 12:02:45+05:30,23423.0000,23347.8500,-0.004950256646776868,0.1086970039211482,0.01652686293103933
2026-09-11 12:03:00+05:30,23421.3000,23348.3500,-0.09797474311433657,0.09517355052305454,0.016940777668576563
2026-09-11 12:03:15+05:30,23421.7000,23348.9500,-0.4573056159854038,0.06978051188547425,0.009028132869241791
2026-09-11 12:03:30+05:30,23418.9000,23347.0000,-0.48254732908337994,0.03932780861245057,0.0016328294200596751
2026-09-11 12:03:45+05:30,23420.5000,23349.0000,-0.4526638697407248,0.002575733404316119,-0.01267053514794537
2026-09-11 12:04:00+05:30,23419.5000,23350.5500,-0.34114478304758955,-0.03052468397530759,-0.02323540083819932
2026-09-11 12:04:15+05:30,23420.0000,23352.6000,-0.18303305690973984,-0.052109508160482744,-0.028966595284644688
2026-09-11 12:04:30+05:30,23420.1000,23350.0500,-0.30165927467540177,-0.08714868510841002,-0.037683128368334526
2026-09-11 12:04:45+05:30,23419.9500,23349.5000,-0.5260635784619838,-0.1324452954928282,-0.05419975300345287
2026-09-11 12:05:00+05:30,23418.5500,23350.6000,-0.4592651194612198,-0.15666081284404798,-0.07022284911775796
2026-09-11 12:05:15+05:30,23417.2000,23351.0500,-0.07040734908616537,-0.1667857868306514,-0.07486844047337879
2026-09-11 12:05:30+05:30,23419.0000,23349.3000,-0.20622231020305493,-0.18755398379265817,-0.07295029025681744
2026-09-11 12:05:45+05:30,23419.0000,23351.6500,-0.0817825430872194,-0.19567072704195107,-0.07221290934058074
2026-09-11 12:06:00+05:30,23420.9000,23350.9500,-0.24595422395386193,-0.21076786373210485,-0.07795724488032012
2026-09-11 12:06:15+05:30,23420.7000,23348.9500,-0.4015353425303534,-0.2180262748041355,-0.08425717578260607
2026-09-11 12:06:30+05:30,23418.4500,23349.0000,-0.3607298537549784,-0.2235436533333252,-0.09241826482683572
2026-09-11 12:06:45+05:30,23419.2500,23349.2500,-0.33419410298495944,-0.2373875811179192,-0.10033099141578221
2026-09-11 12:07:00+05:30,23417.6000,23350.2000,-0.14359431169692272,-0.23900943306720288,-0.10472463297790896
2026-09-11 12:07:15+05:30,23417.5000,23348.7500,-0.03787704980586324,-0.2503102639554616,-0.09504551215009811
2026-09-11 12:07:30+05:30,23416.1000,23347.7500,0.13803477099202507,-0.24277327304325852,-0.08640605714058482
2026-09-11 12:07:45+05:30,23417.5500,23348.1000,0.29947192974009007,-0.22625704826180057,-0.07810389850843948
2026-09-11 12:08:00+05:30,23417.7500,23348.5500,0.2307281310809553,-0.2150342678938133,-0.07909068802643451
2026-09-11 12:08:15+05:30,23418.0500,23348.3500,0.04990181993098216,-0.2079925267964172,-0.07231628069870576
2026-09-11 12:08:30+05:30,23419.5000,23349.2500,0.05193157888039314,-0.18374313656471258,-0.06866345325128514
2026-09-11 12:08:45+05:30,23416.1000,23349.2000,-0.008495805910789097,-0.16116925450887493,-0.0661273621789424
2026-09-11 12:09:00+05:30,23416.4000,23349.0500,0.11697867807924733,-0.13404341889840007,-0.058123464323353934
2026-09-11 12:09:15+05:30,23416.5000,23348.6500,0.10499798272467151,-0.11279852529019717,-0.05235016566904017
2026-09-11 12:09:30+05:30,23416.5000,23348.3000,-9.607896989394117e-05,-0.10408724062639499,-0.04795960627069512
2026-09-11 12:09:45+05:30,23417.4500,23347.9000,0.3085069944819689,-0.07503170399985354,-0.03950688602603541
2026-09-11 12:10:00+05:30,23417.4000,23346.8500,0.017295583380608104,-0.049157458197825354,-0.03587789075005932
2026-09-11 12:10:15+05:30,23417.2000,23346.4500,0.053480497461286455,-0.02474100024913458,-0.031032983848572466
2026-09-11 12:10:30+05:30,23413.0000,23344.7000,-0.16400768930891602,-0.029198159307360798,-0.02865144752790486
2026-09-11 12:10:45+05:30,23413.7000,23342.8500,-0.2554346514222089,-0.03154160412732051,-0.029483152511873233
2026-09-11 12:11:00+05:30,23408.5000,23339.0500,-0.2736721847793815,-0.04067920611266156,-0.02985472459679492
2026-09-11 12:11:15+05:30,23408.5000,23339.2000,0.03622597665561193,-0.027242053702686616,-0.022469994091524927
2026-09-11 12:11:30+05:30,23407.3000,23338.8500,-0.07003390393173546,-0.011456270912276238,-0.015677724234812892
2026-09-11 12:11:45+05:30,23407.5500,23339.8500,-0.10027657474653721,0.0009462661833638183,-0.023022460219360205
2026-09-11 12:12:00+05:30,23407.5000,23340.8000,-0.03789584986548935,0.015055706808100488,-0.028199079349451046
2026-09-11 12:12:15+05:30,23406.4000,23335.5000,-0.1668689611940049,0.013947390165382288,-0.03765056190504561
2026-09-11 12:12:30+05:30,23404.0000,23333.2000,-0.05525323474481959,0.013119952787336747,-0.042562275696688655
2026-09-11 12:12:45+05:30,23404.5000,23334.9500,0.17919601341424657,0.015080011950299675,-0.04010823529984858
2026-09-11 12:13:00+05:30,23396.5000,23330.3500,-0.13021639386435377,-0.00538133679276908,-0.04529240205574996
2026-09-11 12:13:15+05:30,23396.9000,23330.9500,-0.14066078038070368,-0.02306652305284808,-0.04884336887188908
2026-09-11 12:13:30+05:30,23393.4000,23328.1000,-0.05134064541883184,-0.027887592831410648,-0.052258124364822675
2026-09-11 12:13:45+05:30,23393.3000,23325.5500,-0.39250935916870183,-0.04905144702422469,-0.06392433860742597
2026-09-11 12:14:00+05:30,23393.1000,23327.8500,-0.2808482233564746,-0.06202060975973352,-0.07433109607104864
2026-09-11 12:14:15+05:30,23394.5000,23330.1500,-0.07348873104296175,-0.07109048638460062,-0.07996612856321093
2026-09-11 12:14:30+05:30,23397.1500,23330.4000,-0.023784062967344238,-0.07722296475088708,-0.08747346469761118
2026-09-11 12:14:45+05:30,23398.0000,23333.1000,-0.24866805419639756,-0.08905972547595868,-0.09851991213707341
2026-09-11 12:15:00+05:30,23398.0500,23332.8500,-0.3969871490005385,-0.12265468468941143,-0.10583545138158051
2026-09-11 12:15:15+05:30,23400.9500,23334.7500,-0.08241794804313936,-0.12740294809054226,-0.10951799322872224
2026-09-11 12:15:30+05:30,23397.6000,23334.1000,-0.08439134921703234,-0.13396827412284315,-0.1146704715109537
2026-09-11 12:15:45+05:30,23398.4500,23332.8500,0.4621447254564179,-0.10415149246735106,-0.10854791970261787
2026-09-11 12:16:00+05:30,23396.0000,23329.2500,0.3704312635233169,-0.07434835366042127,-0.10364061450615969
2026-09-11 12:16:15+05:30,23394.3500,23329.5500,-0.028727880068998367,-0.06268433915040303,-0.1000278140151972
2026-09-11 12:16:30+05:30,23395.9500,23330.7500,0.09712089623713964,-0.059784581075092186,-0.09442148941062123
2026-09-11 12:16:45+05:30,23395.6000,23331.8000,0.13741107568605007,-0.04990624871234049,-0.0914561993254649
2026-09-11 12:17:00+05:30,23399.8000,23333.3000,-0.026055188137568,-0.04637189696905624,-0.09008767092178627
2026-09-11 12:17:15+05:30,23401.8000,23337.1500,-0.27690009226432283,-0.05775305136900069,-0.0978965314318173
2026-09-11 12:17:30+05:30,23400.3000,23335.4000,-0.4201649396739704,-0.06981476462995143,-0.10445264457132108
2026-09-11 12:17:45+05:30,23404.9500,23335.9500,-0.4274866997382397,-0.08754016772487619,-0.11068408570357867
2026-09-11 12:18:00+05:30,23404.6500,23336.8500,-0.30742558072905135,-0.11071262458884276,-0.1156426975737799
2026-09-11 12:18:15+05:30,23406.2000,23339.0000,-0.38321722913226236,-0.12276028341112413,-0.12031880390194262
2026-09-11 12:18:30+05:30,23406.4000,23340.9000,-0.4290345260363781,-0.1364923665375848,-0.11985534341097498
2026-09-11 12:18:45+05:30,23407.0000,23341.2500,-0.3172051685224719,-0.14915258192347244,-0.11714481618866501
2026-09-11 12:19:00+05:30,23408.2000,23341.4500,-0.11888185026930607,-0.13612270054731074,-0.11167297980388766
2026-09-11 12:19:15+05:30,23409.0500,23340.7500,-0.18984598011070047,-0.13178926039275007,-0.10919267155902063
2026-09-11 12:19:30+05:30,23408.3500,23340.0000,-0.12578062907830212,-0.13427935077538533,-0.10825410716834132
2026-09-11 12:19:45+05:30,23408.7000,23340.2000,-0.007899861707159894,-0.13352296023918608,-0.10343837908689472
2026-09-11 12:20:00+05:30,23407.7000,23340.2000,-0.12149629806324448,-0.12746716232808356,-0.09680612858855474
2026-09-11 12:20:15+05:30,23407.1500,23338.8000,0.09284580075426466,-0.10414178376833103,-0.08775512989649761
2026-09-11 12:20:30+05:30,23406.5000,23335.5500,0.027449754296894988,-0.09890998841880558,-0.08615091508693926
2026-09-11 12:20:45+05:30,23406.1500,23333.0500,0.10323448122568928,-0.08997542506439025,-0.08107785293236967
2026-09-11 12:21:00+05:30,23404.5500,23333.3500,0.10341961441897586,-0.10705757320903035,-0.07804175198964516
2026-09-11 12:21:15+05:30,23404.7500,23333.5500,0.12588628557629117,-0.11870257215888873,-0.0719460059317738
2026-09-11 12:21:30+05:30,23400.6000,23331.0500,-0.021618395421932626,-0.11836402527093322,-0.06571785925786526
2026-09-11 12:21:45+05:30,23399.0000,23332.5500,-0.21532072216869527,-0.133242197575973,-0.06333410300235243
2026-09-11 12:22:00+05:30,23399.5000,23333.0500,-0.08039777431081778,-0.14361404757582386,-0.05917350745031732
2026-09-11 12:22:15+05:30,23399.5500,23332.1000,-0.13342618834018716,-0.14872695234737715,-0.05900681690348559
2026-09-11 12:22:30+05:30,23401.4000,23332.1500,-0.15916866351093684,-0.14312069383531115,-0.06099520401340482
2026-09-11 12:22:45+05:30,23402.5000,23331.5500,-0.20126510872113137,-0.13269689236136645,-0.06655749712345656
2026-09-11 12:23:00+05:30,23401.4500,23332.9500,0.07423153145894859,-0.1088055480186432,-0.07024996266904904
2026-09-11 12:23:15+05:30,23404.0500,23336.1500,-0.0006883959163487338,-0.0941990154085145,-0.07404367622638189
2026-09-11 12:23:30+05:30,23404.6500,23337.1000,-0.11460669610212475,-0.08140803764517461,-0.0767405371449574
2026-09-11 12:23:45+05:30,23405.3500,23338.9500,-0.16737545951658853,-0.0689480820966132,-0.08033573449572759
2026-09-11 12:24:00+05:30,23406.0500,23340.0000,-0.13109177759821908,-0.06008553967164877,-0.08234550452339037
2026-09-11 12:24:15+05:30,23407.2500,23341.1500,-0.07107972175176476,-0.057809247837480135,-0.08542842911078402
2026-09-11 12:24:30+05:30,23407.5000,23342.4500,-0.16595009165631586,-0.05667134838727134,-0.08987020082194774
2026-09-11 12:24:45+05:30,23408.4000,23341.6000,-0.16828734289152686,-0.05869547761647252,-0.09262743465672861
2026-09-11 12:25:00+05:30,23410.5000,23343.1000,-0.08833724570145575,-0.0625258292352485,-0.09913307793842409
2026-09-11 12:25:15+05:30,23409.3500,23341.9000,-0.07663402091055822,-0.060389530323215826,-0.1006729075169678
2026-09-11 12:25:30+05:30,23409.5000,23341.2500,-0.15224921940606037,-0.07206072175942178,-0.10404552582626857
2026-09-11 12:25:45+05:30,23407.5000,23337.5500,-0.1546314333383299,-0.0807312545039563,-0.10389181671199667
2026-09-11 12:26:00+05:30,23407.9500,23339.5500,0.07498951852448879,-0.08207625272782298,-0.09847502704073934
2026-09-11 12:26:15+05:30,23409.1500,23340.6000,-0.06654339733649224,-0.09016972947808337,-0.09507947314823295
2026-09-11 12:26:30+05:30,23408.5500,23339.5000,0.0396916770448245,-0.09427423464624844,-0.09502265838775406
2026-09-11 12:26:45+05:30,23408.5500,23340.6000,-0.11424235005351746,-0.09868489915251438,-0.09574738701270132
2026-09-11 12:27:00+05:30,23408.7500,23341.8000,-0.021918746493494744,-0.08947528126321912,-0.09446283245117602
2026-09-11 12:27:15+05:30,23409.6000,23340.8000,-0.1359519204864474,-0.09212071679539195,-0.09607030901873272
2026-09-11 12:27:30+05:30,23408.6500,23338.7500,-0.2373324209099769,-0.0970686326320486,-0.09722544770260111
2026-09-11 12:27:45+05:30,23407.0000,23338.7000,0.059578639315704104,-0.08665209440220854,-0.095342957963904
2026-09-11 12:28:00+05:30,23407.0000,23339.8500,0.19914639780655954,-0.06758487980565184,-0.09501590248206282
2026-09-11 12:28:15+05:30,23407.2000,23337.3500,0.16058425260790496,-0.06347284546522534,-0.09024867876940285
2026-09-11 12:28:30+05:30,23406.2000,23337.0500,0.13895695195222482,-0.05682306699529327,-0.08566478151804335
2026-09-11 12:28:45+05:30,23404.8500,23337.0500,-0.03431555645534743,-0.052999679393065775,-0.08538568169896985
2026-09-11 12:29:00+05:30,23404.8000,23337.2000,-0.12503549764501828,-0.05098349073251481,-0.08100086429694225
2026-09-11 12:29:15+05:30,23406.3500,23337.8000,-0.03702537074183127,-0.046504138025067775,-0.07700376835243991
2026-09-11 12:29:30+05:30,23405.1000,23336.9500,-0.059023644443888024,-0.045930039105645075,-0.07676663578524198
2026-09-11 12:29:45+05:30,23405.3500,23337.9000,-0.007321733675576319,-0.03837630777322891,-0.07649676153455726
2026-09-11 12:30:00+05:30,23403.6500,23338.1000,-0.11671069978651075,-0.03592027714918052,-0.07433352621636238
2026-09-11 12:30:15+05:30,23405.4000,23337.6500,0.12102663431630903,-0.02595056857690601,-0.06584149698165996
2026-09-11 12:30:30+05:30,23405.3000,23335.7500,0.10948789737271312,-0.017087620087226425,-0.06269549951582631
2026-09-11 12:30:45+05:30,23408.0500,23340.3500,0.08281060057455648,-0.005894295326244669,-0.0599544839454724
2026-09-11 12:31:00+05:30,23408.2000,23339.3500,-0.26164588651620174,-0.01099022166804809,-0.071819903813876
2026-09-11 12:31:15+05:30,23408.4500,23340.4000,-0.042898477285575914,-0.01660393575424165,-0.07859580120418572
2026-09-11 12:31:30+05:30,23409.5500,23339.2500,-0.08755620151501158,-0.017604545477028284,-0.07956019991641544
2026-09-11 12:31:45+05:30,23408.2500,23340.2000,-0.13417368887957123,-0.025883848616285222,-0.08335191442652545
2026-09-11 12:32:00+05:30,23412.3000,23341.9500,-0.0025131536448713583,-0.020563410692063976,-0.08564575425162252
2026-09-11 12:32:15+05:30,23414.5500,23343.5000,-0.07871034598689927,-0.023267772572702287,-0.08650895356062795
2026-09-11 12:32:30+05:30,23413.6500,23343.3000,-0.26833915308549516,-0.029571926505990276,-0.08636861029540126
2026-09-11 12:32:45+05:30,23416.9500,23346.1000,-0.2653762530117851,-0.030907347082266858,-0.0838310908419228
2026-09-11 12:33:00+05:30,23414.8500,23344.7500,-0.19679875328528362,-0.043115794348980566,-0.08004932122793991
2026-09-11 12:33:15+05:30,23411.5500,23340.9000,0.045743523764810126,-0.050420693112873394,-0.07425966377722086
2026-09-11 12:33:30+05:30,23410.0500,23339.1500,0.011848121946270213,-0.057503366001522664,-0.06778318261199902
2026-09-11 12:33:45+05:30,23410.3000,23340.6500,-0.10533970739870036,-0.06913654025632864,-0.06247671017531578
2026-09-11 12:34:00+05:30,23408.7500,23340.8500,0.011541606541606542,-0.06695286582790225,-0.05708741878082269
2026-09-11 12:34:15+05:30,23409.1000,23339.6000,-0.05121885232383632,-0.06343778747927453,-0.0559781893063068
2026-09-11 12:34:30+05:30,23409.7500,23342.9000,-0.052557779122917606,-0.06417742597361198,-0.05372756306060544
2026-09-11 12:34:45+05:30,23410.3000,23342.8500,-0.045326125733800925,-0.06352516317789354,-0.052408636776269356
2026-09-11 12:35:00+05:30,23415.8500,23347.6000,0.10676422629090011,-0.05809249841758514,-0.05052889762876017
2026-09-11 12:35:15+05:30,23415.8500,23345.7000,-0.10444484947838921,-0.05750841030767459,-0.05024936568474615
2026-09-11 12:35:30+05:30,23414.8000,23344.5500,-0.20842529799283022,-0.07319659756049074,-0.055188236156010005
2026-09-11 12:35:45+05:30,23419.4500,23348.5500,0.00677997486998669,-0.07808745101300152,-0.05552708499907408
2026-09-11 12:36:00+05:30,23418.8000,23350.4500,-0.2086072709648966,-0.09196449251488023,-0.06063924487105089
2026-09-11 12:36:15+05:30,23419.1500,23351.5500,0.01840489746650303,-0.0786287408966562,-0.062032928755517656
2026-09-11 12:36:30+05:30,23420.1000,23351.8500,-0.03807916745039462,-0.07839924995212376,-0.06472088700185677
2026-09-11 12:36:45+05:30,23413.5000,23345.5500,-0.22046981555015926,-0.08472846966808317,-0.06798074634822114
2026-09-11 12:37:00+05:30,23411.4500,23344.5000,-0.025860747787026035,-0.07957071056843816,-0.06487484512884951
2026-09-11 12:37:15+05:30,23412.0500,23345.2500,0.15124045399207858,-0.07224911020477388,-0.061077497123884
2026-09-11 12:37:30+05:30,23409.5000,23347.6500,0.0022347439530840778,-0.06839458211239373,-0.05885354741415824
2026-09-11 12:37:45+05:30,23411.9500,23350.4000,0.18477799029320927,-0.04681757528483638,-0.05321507767966405
2026-09-11 12:38:00+05:30,23413.7000,23351.1000,0.16707416498466998,-0.026224698237386136,-0.047176728930388614
2026-09-11 12:38:15+05:30,23414.1500,23353.4000,0.13026740003434475,-0.010650119507880022,-0.04625810813407064
2026-09-11 12:38:30+05:30,23418.2500,23350.3500,0.4621177067257617,0.009177222537879575,-0.038671122844855715
2026-09-11 12:38:45+05:30,23413.8000,23346.9000,0.2528486867061904,0.02065343990739958,-0.03264726411029317
2026-09-11 12:39:00+05:30,23413.6500,23348.3000,0.1983804413199157,0.035116304132095585,-0.02665126573592425
2026-09-11 12:39:15+05:30,23411.8500,23345.8500,0.2617490451867166,0.04703094406757702,-0.020211252247646614
2026-09-11 12:39:30+05:30,23411.3000,23344.6500,0.10128379720271946,0.05429297499741301,-0.017385620789376378
2026-09-11 12:39:45+05:30,23412.2000,23344.8500,0.001680017066093985,0.05687572719688975,-0.014637586220156543
2026-09-11 12:40:00+05:30,23410.8000,23347.5000,-0.06799864513979031,0.055796083415652155,-0.012993509207832992
2026-09-11 12:40:15+05:30,23411.2500,23347.5500,-0.024570269800644803,0.049542059792245255,-0.01194814894716396
2026-09-11 12:40:30+05:30,23411.4500,23345.2000,-0.03215882569686174,0.05298425140088942,-0.011219047386283692
2026-09-11 12:40:45+05:30,23410.4500,23345.2000,0.004062437383814715,0.06310271499025345,-0.008656561209400494
2026-09-11 12:41:00+05:30,23410.2500,23346.5500,0.13309237395217757,0.06911759113702445,-0.003939777483326601
2026-09-11 12:41:15+05:30,23410.2500,23346.2000,0.1430371922524559,0.085862565575946,-0.0028242418484418943
2026-09-11 12:41:30+05:30,23410.0000,23344.8500,0.25595094525265305,0.09717428213719125,0.002462550653019504
2026-09-11 12:41:45+05:30,23411.2000,23349.3500,0.4495269278135657,0.12039362000690365,0.009181161321359523
2026-09-11 12:42:00+05:30,23412.8500,23351.6500,0.49016927899686524,0.1542335768900953,0.019089548682841205
2026-09-11 12:42:15+05:30,23416.5500,23351.9000,0.4723796494573557,0.1779593100922087,0.0271928010754781
2026-09-11 12:42:30+05:30,23417.5500,23353.3500,0.10343094578846722,0.1756826668444177,0.03111711035867342
2026-09-11 12:42:45+05:30,23418.6000,23355.3000,0.23932684945794047,0.18697276710655372,0.03893119675814747
2026-09-11 12:43:00+05:30,23421.6000,23357.1000,0.23482135790593156,0.18935578461192146,0.04180402821044628
2026-09-11 12:43:15+05:30,23421.5000,23359.2000,-0.05097092199785471,0.1789726852318012,0.03770374427922637
2026-09-11 12:43:30+05:30,23422.3500,23357.8000,-0.10545525273307917,0.167747797004781,0.033342440912980734
2026-09-11 12:43:45+05:30,23421.3500,23357.6500,0.04461500789282464,0.1478667161079745,0.03179585166610532
2026-09-11 12:44:00+05:30,23415.2500,23354.5000,0.14324177917688616,0.14264733955896003,0.03470662766007636
2026-09-11 12:44:15+05:30,23420.3500,23352.5500,0.10111954790902111,0.13801586844415553,0.03841408742325733
2026-09-11 12:44:30+05:30,23416.3000,23351.6500,-0.0956660642129031,0.12099610132988793,0.037452764579469264
2026-09-11 12:44:45+05:30,23416.4000,23351.5500,-0.04532133196163089,0.1140149047030141,0.037677392652948886
2026-09-11 12:45:00+05:30,23413.5000,23350.7500,-0.11934637831201496,0.10825174301834226,0.03584092306874498
2026-09-11 12:45:15+05:30,23415.4000,23349.0000,-0.11487162937925006,0.10601969614979656,0.03587107176394597
2026-09-11 12:45:30+05:30,23416.0500,23348.9500,-0.007559315272071268,0.10682974160353816,0.03376310537725121
2026-09-11 12:45:45+05:30,23410.1500,23348.4000,-0.07002117068262613,0.10502677279469223,0.030820333769786632
2026-09-11 12:46:00+05:30,23409.0500,23343.3000,0.02772584758122372,0.1061536018517117,0.029917305032191012
2026-09-11 12:46:15+05:30,23413.0000,23342.9000,-0.20151720078467475,0.09021981257852826,0.03090302119172424
2026-09-11 12:46:30+05:30,23411.0500,23340.0500,0.006897828095207578,0.0837369857138974,0.03171935406681905
2026-09-11 12:46:45+05:30,23410.9000,23341.7500,0.06046238579256022,0.07442800669198822,0.03414588828497596
2026-09-11 12:47:00+05:30,23409.0000,23342.5500,-0.04693380882534142,0.05078701923299265,0.035576050253078084
2026-09-11 12:47:15+05:30,23408.4000,23343.5000,-0.06465800755861609,0.024366672254160206,0.03455728215613145
2026-09-11 12:47:30+05:30,23406.5000,23339.8500,0.003887544656699925,0.00205752440650993,0.03591134593717406
2026-09-11 12:47:45+05:30,23406.9500,23342.3000,0.1253889002535374,0.003103141285798986,0.04236590418863361
2026-09-11 12:48:00+05:30,23406.5000,23342.0000,-0.03893620506371285,-0.010147480358089267,0.046078036122208565
2026-09-11 12:48:15+05:30,23404.5000,23341.7000,-0.04024413125043727,-0.02324583698458302,0.04864450533589457
2026-09-11 12:48:30+05:30,23403.5000,23339.9500,-0.12785423772771992,-0.02690694725743375,0.04579864039339407
2026-09-11 12:48:45+05:30,23405.9500,23341.5000,0.03440348015645818,-0.020247007596027208,0.04616840036405288
2026-09-11 12:49:00+05:30,23407.0500,23343.6500,-0.024998618412338473,-0.023561942181987355,0.047485467396616195
2026-09-11 12:49:15+05:30,23408.0000,23343.9500,0.14816411312146702,-0.023327545327483504,0.04972518061923686
2026-09-11 12:49:30+05:30,23407.5000,23344.0500,0.14725164919769082,-0.021130778599451616,0.05297879539827829
2026-09-11 12:49:45+05:30,23406.0500,23342.3000,0.04268206392651135,-0.014542772497574736,0.05454010430072794
2026-09-11 12:50:00+05:30,23406.3500,23343.4500,-0.014511730145753752,-0.013075648601580586,0.0550452583267615
2026-09-11 12:50:15+05:30,23407.5000,23342.2000,0.10428672533274079,-0.0024264531899255495,0.055004643556955606
2026-09-11 12:50:30+05:30,23406.9500,23341.0000,-0.018672020411150847,0.0021544805704601273,0.056410755508877544
2026-09-11 12:50:45+05:30,23407.0000,23340.8000,0.046409397077309456,0.004724419253763971,0.06058837346084705
2026-09-11 12:51:00+05:30,23405.4500,23341.6500,0.18796638007832414,0.01700954071857113,0.06355864239868865
2026-09-11 12:51:15+05:30,23405.4500,23340.8000,0.1414480341596329,0.022424882936590614,0.06929725395810717
2026-09-11 12:51:30+05:30,23404.0000,23339.4500,-0.04415705266431219,0.029918223323274543,0.06827164821825774
2026-09-11 12:51:45+05:30,23402.5500,23338.8500,-0.00012243225208610124,0.029583925211498656,0.06889388977888575
2026-09-11 12:52:00+05:30,23401.5000,23337.7000,0.0321943255102461,0.02823782710281703,0.07303592487823665
2026-09-11 12:52:15+05:30,23404.6500,23339.7000,0.05233286033285531,0.03296481134844544,0.07431778730643142
2026-09-11 12:52:30+05:30,23406.7500,23342.1000,0.15721368713853398,0.04353013014354783,0.07441570916129135
2026-09-11 12:52:45+05:30,23407.7000,23344.0000,0.17146623484855195,0.051510067771731255,0.07718999589728263
2026-09-11 12:53:00+05:30,23408.8000,23344.8500,0.2294509400496295,0.05646540300011659,0.07792233933591249
2026-09-11 12:53:15+05:30,23410.0000,23345.6000,0.14039656276130358,0.06500505861083165,0.07748500159454583
2026-09-11 12:53:30+05:30,23410.5000,23345.8000,-0.05258293941031404,0.0644174963175042,0.07448745504627273
2026-09-11 12:53:45+05:30,23412.9500,23346.5000,-0.009029539751297118,0.07007581526876241,0.06676372969418981
2026-09-11 12:54:00+05:30,23412.8500,23347.8500,-0.22434802657397063,0.05775431494826581,0.05894083275517077
2026-09-11 12:54:15+05:30,23413.0000,23347.7000,-0.20636222448703942,0.04911795275423243,0.052305707086204294
2026-09-11 12:54:30+05:30,23413.3500,23347.4500,-0.06591158364548369,0.038923871955806204,0.04693422136764363
2026-09-11 12:54:45+05:30,23414.6000,23350.3000,-0.1752218364765677,0.023567991685603418,0.04240134212699958
2026-09-11 12:55:00+05:30,23413.8500,23349.0500,-0.056351070580576985,0.01885212813764683,0.04145001282131645
2026-09-11 12:55:15+05:30,23414.8500,23352.0000,0.30692045096637155,0.034158422476319464,0.04759622751158139
2026-09-11 12:55:30+05:30,23414.7000,23351.5000,0.5572236959550637,0.05572684964881103,0.057133833507576615
2026-09-11 12:55:45+05:30,23414.7000,23353.0000,0.17173429666340082,0.06479381712855158,0.06047634371020387
2026-09-11 12:56:00+05:30,23414.9000,23353.4500,-0.07178682801599491,0.05916542545744184,0.05923291312987912
2026-09-11 12:56:15+05:30,23414.2000,23354.1000,-0.22343357066964017,0.03957495161230068,0.05338822551312801
2026-09-11 12:56:30+05:30,23412.2000,23352.6500,-0.1588867043124101,0.02527329739934625,0.04843865343829414
2026-09-11 12:56:45+05:30,23411.9500,23353.3000,-0.11840506979008909,0.021737677536214018,0.042301669585134434
2026-09-11 12:57:00+05:30,23413.0000,23354.4000,0.2095488037566578,0.03172202210805897,0.03836760197764414
2026-09-11 12:57:15+05:30,23409.5000,23351.2000,-0.1746153484230514,0.021873942396949564,0.027469493331416
2026-09-11 12:57:30+05:30,23412.9000,23351.0500,0.012274796217949673,0.019966415534335008,0.01992679081929459
2026-09-11 12:57:45+05:30,23409.8500,23349.4000,-0.07840669160604012,0.008746397498879097,0.0169458459439748
2026-09-11 12:58:00+05:30,23412.5000,23350.3500,-0.07839545828491115,-0.0031517783646191457,0.011737283521960839
2026-09-11 12:58:15+05:30,23414.1000,23355.2500,-0.047201706652688684,-0.016325713921872393,0.007113954594770344
2026-09-11 12:58:30+05:30,23414.6000,23353.5500,-0.06560705065309527,-0.02613540979874853,0.006874018059438531
2026-09-11 12:58:45+05:30,23418.6500,23357.1500,0.053136218940344856,-0.02110116416300287,0.009473878250806138
2026-09-11 12:59:00+05:30,23418.4000,23356.9000,0.19862872553125466,-0.011212675340024215,0.011998693294059089
2026-09-11 12:59:15+05:30,23417.5000,23356.4000,0.26129518133604435,0.01191319170330983,0.013933994968799388
2026-09-11 12:59:30+05:30,23418.5000,23355.7000,0.007513212228755955,0.022097736308823897,0.012399464875680288
2026-09-11 12:59:45+05:30,23419.0000,23354.9000,0.09685246060216472,0.02984840508252144,0.015555506266091234
2026-09-11 13:00:00+05:30,23418.4500,23354.6000,0.09593221184792122,0.04276050262178282,0.017871138131821597
2026-09-11 13:00:15+05:30,23415.1000,23351.4000,-0.09091288470231977,0.04111470194931888,0.018337260977882176
2026-09-11 13:00:30+05:30,23413.9500,23350.7500,-0.07624875492475888,0.022868549287836475,0.01897042285418531
2026-09-11 13:00:45+05:30,23412.0500,23347.2500,0.378865626344491,0.0143753078778092,0.025305257962653545
2026-09-11 13:01:00+05:30,23411.0500,23347.1000,0.008550658117600439,0.006604658423247279,0.026593320729870376
2026-09-11 13:01:15+05:30,23406.7500,23342.4500,0.14178704221267877,0.016774842719850788,0.02846317637956636
2026-09-11 13:01:30+05:30,23405.6000,23343.2000,0.19895162273791436,0.036888423358305764,0.03502823906026454
2026-09-11 13:01:45+05:30,23408.3500,23344.9500,0.151249763712987,0.05165682659761039,0.0373946642343265
2026-09-11 13:02:00+05:30,23409.3500,23344.1500,0.02427493696703954,0.05845111263366413,0.036801427368334354
2026-09-11 13:02:15+05:30,23406.6500,23342.2000,0.08509397942076628,0.0525246924271931,0.03896581733958202
2026-09-11 13:02:30+05:30,23405.6000,23341.1000,0.04621768513149238,0.06304055116788565,0.04078345164597724
2026-09-11 13:02:45+05:30,23407.5000,23344.0000,0.20699935560050545,0.07231314923372165,0.044113153464728154
2026-09-11 13:03:00+05:30,23407.0500,23342.7000,0.45142725336776207,0.09754333708961699,0.04945804449938758
2026-09-11 13:03:15+05:30,23405.5500,23339.2000,0.09464701093271637,0.10578345467140877,0.05164793328621429
2026-09-11 13:03:30+05:30,23401.9000,23336.5500,-0.1458870227207159,0.10108415390626461,0.04991608260637365
2026-09-11 13:03:45+05:30,23400.0000,23336.1000,-0.181466570156798,0.09556703392989782,0.049037191910815
2026-09-11 13:04:00+05:30,23400.5000,23336.7000,0.06739832036230929,0.09624618161665803,0.049578090930583046
2026-09-11 13:04:15+05:30,23400.0000,23336.1500,0.18184107020563797,0.09544676945829533,0.05296890549809086
2026-09-11 13:04:30+05:30,23401.3500,23335.8500,0.011334628447379052,0.08354388598740652,0.05072579919195827
2026-09-11 13:04:45+05:30,23398.1500,23332.4000,-0.05235693465172772,0.08069292661214539,0.04745352732557436
2026-09-11 13:05:00+05:30,23392.1500,23330.0500,-0.043262429089653366,0.07402078900777309,0.046044601210555265
2026-09-11 13:05:15+05:30,23394.4500,23330.3500,-0.05830780664441425,0.06667602622242377,0.04532663274336411
2026-09-11 13:05:30+05:30,23388.0000,23329.5000,-0.08547302073057747,0.06693506736393531,0.042215817234129385
2026-09-11 13:05:45+05:30,23388.5500,23330.9000,-0.04203470787479066,0.06856430769964808,0.04183282235767627
2026-09-11 13:06:00+05:30,23387.9500,23327.1500,0.0021981031821725495,0.050627758977632914,0.04110804704791993
2026-09-11 13:06:15+05:30,23394.0000,23328.6500,-0.08578801886512404,0.04613544102607461,0.03662027001606012
2026-09-11 13:06:30+05:30,23390.0000,23326.8500,-0.0005930474697329631,0.03935543675548357,0.034291727694267235
2026-09-11 13:06:45+05:30,23387.6500,23327.9000,-0.12590520590520587,0.02388606396295404,0.03295159403458045
2026-09-11 13:07:00+05:30,23387.9000,23328.5000,-0.08892733605615552,0.01244905921204249,0.03149577593943177
2026-09-11 13:07:15+05:30,23392.5000,23330.0500,-0.017387753236210588,0.010465121583316294,0.0306829549763751
2026-09-11 13:07:30+05:30,23394.2500,23331.2500,0.1402370962370963,0.013090984288855818,0.03212400802398561
2026-09-11 13:07:45+05:30,23396.5000,23332.9500,0.020902413969505422,0.011885495185904059,0.029889396988427762
2026-09-11 13:08:00+05:30,23395.4500,23335.0500,0.14268965133083822,0.008823128315919904,0.02941764971764557
2026-09-11 13:08:15+05:30,23395.0000,23336.1000,0.18790880271586033,-0.003725369334170652,0.028736631072829682
2026-09-11 13:08:30+05:30,23394.4500,23335.4500,0.04038751543978024,-0.006309154833834277,0.027097138493788316
2026-09-11 13:08:45+05:30,23391.0500,23336.1000,-0.09351522159698802,-0.0038152595422281865,0.026426117474334643
2026-09-11 13:09:00+05:30,23391.0500,23334.7500,0.13065002359621103,0.011047435398391292,0.028715946381670843
2026-09-11 13:09:15+05:30,23388.5500,23330.7500,-0.1382715330876765,0.0012536328531538724,0.030127036438823206
2026-09-11 13:09:30+05:30,23388.5000,23329.5000,-0.31710066870747394,-0.02250549757128003,0.02831165210734067
2026-09-11 13:09:45+05:30,23386.9000,23327.6000,-0.08937345111905197,-0.027301120407776745,0.027927031329085455
2026-09-11 13:10:00+05:30,23388.1000,23328.8500,0.1841062026572868,-0.016040971012109388,0.03381765492144372
2026-09-11 13:10:15+05:30,23388.7000,23327.2500,0.14348738631633368,-0.007148122659443338,0.03709369519844226
2026-09-11 13:10:30+05:30,23390.7000,23328.2000,-0.1109762953595107,-0.009656145931590789,0.030242928865231073
2026-09-11 13:10:45+05:30,23390.5500,23328.0500,-0.14291583631799526,-0.012391518102420207,0.018765231614853058
2026-09-11 13:11:00+05:30,23389.5000,23325.8500,-0.14290005441829373,-0.01719462984258702,0.013607291433185936
2026-09-11 13:11:15+05:30,23386.7000,23323.5500,-0.2028327266370486,-0.026958002691121363,0.011458998013168662
2026-09-11 13:11:30+05:30,23385.9500,23321.5000,-0.12421392560217173,-0.02878780777383792,0.013085549571651752
2026-09-11 13:11:45+05:30,23387.9000,23328.8000,-0.22275144200011449,-0.03936677894195133,0.012038586658738566
2026-09-11 13:12:00+05:30,23393.5000,23328.9000,-0.009819806873353785,-0.03383890279757742,0.013818672936062096
2026-09-11 13:12:15+05:30,23392.2500,23329.8000,-0.1808123815322635,-0.03821438115358256,0.007419309242801091
2026-09-11 13:12:30+05:30,23392.2500,23330.4500,-0.2704062527861155,-0.05026288113214947,0.005848966548324631
2026-09-11 13:12:45+05:30,23392.2500,23330.9000,-0.24922007340485594,-0.0688084606389091,0.0015621654069671621
2026-09-11 13:13:00+05:30,23392.2500,23332.2000,-0.40815110715327535,-0.08923958069237484,-0.0038434807495448904
2026-09-11 13:13:15+05:30,23395.2000,23334.3500,-0.1284360016172691,-0.10215032607085614,-0.004663817525485184
2026-09-11 13:13:30+05:30,23394.5000,23334.6500,0.038561173512919614,-0.10926211793766284,-0.0032578686703112767
2026-09-11 13:13:45+05:30,23394.8000,23336.1000,-0.024370165308784227,-0.11234581702092782,-0.002581854156470112
2026-09-11 13:14:00+05:30,23396.6000,23335.6500,-0.006865791174769504,-0.10821965366748884,-0.003565493666553954
2026-09-11 13:14:15+05:30,23396.6000,23336.1000,-0.1552635770027075,-0.1218345870293421,-0.009367006822848415
2026-09-11 13:14:30+05:30,23395.2000,23337.4500,0.008291936070840717,-0.11485537421226985,-0.013514601007523884
2026-09-11 13:14:45+05:30,23395.1000,23336.8000,0.038417298736520694,-0.09792594719112725,-0.013007976638544133
2026-09-11 13:15:00+05:30,23395.5500,23337.8000,0.22562402593677255,-0.08292606733132608,-0.010896967370763677
2026-09-11 13:15:15+05:30,23395.6000,23338.1000,-0.19606088356088353,-0.10102926191314372,-0.01568373942664572
2026-09-11 13:15:30+05:30,23395.0000,23335.9500,-0.15042673205341867,-0.11502517231170337,-0.016659376268467016
2026-09-11 13:15:45+05:30,23394.9500,23334.8000,-0.18098415698044543,-0.11835888000793836,-0.0183763500726586
2026-09-11 13:16:00+05:30,23393.6000,23335.4500,-0.05810077970882988,-0.11432006778845429,-0.025539733778450747
2026-09-11 13:16:15+05:30,23396.5500,23336.2500,0.03526843756028759,-0.10583585388471231,-0.0251017373941444
2026-09-11 13:16:30+05:30,23396.6000,23337.5500,0.1339946922854111,-0.0897964529836428,-0.025229480835575017
2026-09-11 13:16:45+05:30,23396.6000,23338.6500,0.16623336803763475,-0.07596562947698535,-0.02576584566672714
2026-09-11 13:17:00+05:30,23396.0000,23338.4000,0.34160543942864635,-0.049091492266091975,-0.02264526081892945
2026-09-11 13:17:15+05:30,23395.8000,23337.6000,0.12000425230234094,-0.04290939421010651,-0.02107592778064582
2026-09-11 13:17:30+05:30,23396.5000,23337.2500,0.24491776029932716,-0.0226365303133641,-0.018455865799030066
2026-09-11 13:17:45+05:30,23396.4500,23338.9000,0.16663614618156639,-0.0018249875053792473,-0.01648179266706164
2026-09-11 13:18:00+05:30,23396.9000,23338.0500,0.13018024858024857,0.016241694493911444,-0.01774112229034454
2026-09-11 13:18:15+05:30,23395.2000,23334.2000,0.3874845111125598,0.054129104887522636,-0.018789363966659332
2026-09-11 13:18:30+05:30,23395.4500,23333.9000,0.09980268192851537,0.06499761362779809,-0.01870484477000689
2026-09-11 13:18:45+05:30,23395.2500,23332.4500,0.011220854748576948,0.06369569368663891,-0.016129305795100447
2026-09-11 13:19:00+05:30,23394.0000,23331.9500,0.14752893159415809,0.0718813649677314,-0.010735936913937233
2026-09-11 13:19:15+05:30,23390.1000,23329.4500,-0.13490858995443009,0.06578408883536661,-0.014052443640441158
2026-09-11 13:19:30+05:30,23390.5000,23327.9000,-0.009902597186298106,0.07270604025519564,-0.01719578245014503
2026-09-11 13:19:45+05:30,23390.0500,23329.4000,-0.1541169259397242,0.06497228492135922,-0.019908103013868035
2026-09-11 13:20:00+05:30,23387.5500,23330.0500,0.0747972310709448,0.0667046626515699,-0.017823608493824222
2026-09-11 13:20:15+05:30,23391.0000,23331.0000,0.13762914563218362,0.06251443025611328,-0.014858172842646568
2026-09-11 13:20:30+05:30,23391.1000,23331.1500,-0.24507999494556443,0.06018018685684276,-0.01792001199512444
2026-09-11 13:20:45+05:30,23390.2000,23328.6000,-0.08064054392556806,0.0635033386724547,-0.017840791063894777
2026-09-11 13:21:00+05:30,23386.0000,23326.9500,-0.10239657259268026,0.0672456045956816,-0.01883032982976182
2026-09-11 13:21:15+05:30,23386.7000,23328.4500,-0.13000451531959406,0.06382161718564522,-0.02099758587077439
2026-09-11 13:21:30+05:30,23388.5500,23330.1000,0.04361350857089699,0.06421900151948376,-0.01887624935542978
2026-09-11 13:21:45+05:30,23393.6000,23331.5000,0.05973842012656619,0.06068298855953876,-0.017887208903031436
2026-09-11 13:22:00+05:30,23392.1500,23332.5500,-0.13409910356355378,0.0463814422928155,-0.018021535094151896
2026-09-11 13:22:15+05:30,23392.2000,23331.2000,-0.18027412638435916,0.021530034396958095,-0.019519023460188023
2026-09-11 13:22:30+05:30,23392.8000,23334.7500,0.2047381127826792,0.02556498013411706,-0.015877615820534093
2026-09-11 13:22:45+05:30,23394.3000,23335.1000,0.31104895393736925,0.028714084593071447,-0.013077421432005028
2026-09-11 13:23:00+05:30,23394.9000,23336.1000,0.08287583695179435,0.02472549843927278,-0.012061463678197014
2026-09-11 13:23:15+05:30,23394.9000,23336.2000,-0.10288652211907537,0.013627080786924022,-0.016087302587211992
2026-09-11 13:23:30+05:30,23396.8000,23338.9500,0.09501118370797661,-0.0003002205180561287,-0.01761021437422648
2026-09-11 13:23:45+05:30,23398.8500,23337.4500,0.3081871704139517,0.009622850362202746,-0.013220056095961372
2026-09-11 13:24:00+05:30,23396.7000,23337.7500,0.39162708856247097,0.02773743292476913,-0.00526690347039647
2026-09-11 13:24:15+05:30,23399.0000,23338.1500,0.4190320571088815,0.040666153187375,-0.0005393291505166259
2026-09-11 13:24:30+05:30,23397.3500,23336.5500,0.4510162013062869,0.06856733372359962,0.009121125511679495
2026-09-11 13:24:45+05:30,23395.8500,23338.0500,0.20329690062997163,0.07871969076246961,0.01765223320573598
2026-09-11 13:25:00+05:30,23395.9500,23339.0500,0.21911542479781146,0.09649265984520941,0.022709427892897677
2026-09-11 13:25:15+05:30,23396.0000,23336.0500,0.20137357071668555,0.10252010459024469,0.022992499500428802
2026-09-11 13:25:30+05:30,23396.0000,23336.3500,0.43279664041264665,0.11657569957979055,0.02773527415774541
2026-09-11 13:25:45+05:30,23396.0000,23337.4500,0.24876325726316553,0.14009204492306343,0.03363264387287125
2026-09-11 13:26:00+05:30,23398.1500,23338.7500,0.20265954970953792,0.1535825255723542,0.0392978141356177
2026-09-11 13:26:15+05:30,23398.7000,23338.2500,0.01966776901691665,0.15939511326804928,0.041962860421440824
2026-09-11 13:26:30+05:30,23399.2000,23340.0500,0.06122995412259146,0.16850151657482001,0.046291756827336564
2026-09-11 13:26:45+05:30,23399.9500,23341.1000,-0.1506764761417767,0.15924961254088318,0.04585794452340861
2026-09-11 13:27:00+05:30,23400.2000,23341.2000,-0.11292519343230013,0.1510275357047467,0.04765837482779901
2026-09-11 13:27:15+05:30,23399.6000,23340.0500,-0.22688155607222912,0.14660932368052407,0.04409998549666991
2026-09-11 13:27:30+05:30,23396.7000,23341.9000,-0.38947220342282257,0.13664751048821627,0.04067933267879189
2026-09-11 13:27:45+05:30,23405.0500,23348.0500,0.06073870607729579,0.12979039588319802,0.046107938561798636
2026-09-11 13:28:00+05:30,23405.9500,23346.3000,0.0898221125849669,0.11925578439022648,0.05166600718458261
2026-09-11 13:28:15+05:30,23404.8500,23345.8500,-0.1539892664260243,0.10797649375318749,0.055832594737488375
2026-09-11 13:28:30+05:30,23404.4000,23344.0000,0.2589104608970868,0.12520492151586188,0.06218253674592044
2026-09-11 13:28:45+05:30,23404.0000,23346.1500,0.3352876627875711,0.1366466586148902,0.06704690542255408
2026-09-11 13:29:00+05:30,23404.0500,23348.7500,0.4690853534616113,0.14430847685525494,0.075136340156495
2026-09-11 13:29:15+05:30,23412.3000,23352.7000,0.2493899444582782,0.13753527951696004,0.0793372538553974
2026-09-11 13:29:30+05:30,23414.0000,23354.2000,-0.046381454428376274,0.11537273134851919,0.08112220668448479
2026-09-11 13:29:45+05:30,23412.2000,23352.9500,-0.11368535959258129,0.08848218082952547,0.07912257888672378
2026-09-11 13:30:00+05:30,23412.7500,23351.8500,0.08048110708847345,0.08263380970850175,0.07981214951544431
2026-09-11 13:30:15+05:30,23414.5000,23351.8000,-0.13180477592115022,0.06592332395997975,0.0739526609603964
2026-09-11 13:30:30+05:30,23410.6000,23348.3500,-0.3751336736105438,0.0384705980396355,0.07101704145138558
2026-09-11 13:30:45+05:30,23413.5000,23352.4000,-0.4153247429024619,-0.0019161344991791979,0.06667445110959799
2026-09-11 13:31:00+05:30,23413.7000,23351.9500,-0.4389347477501723,-0.03466365854743338,0.06244575290025821
2026-09-11 13:31:15+05:30,23413.7500,23351.3000,-0.6151764530884356,-0.07360823010924164,0.053313364812067957
2026-09-11 13:31:30+05:30,23409.3000,23349.5500,-0.29781539770397186,-0.08872647614356967,0.04785297407003091
2026-09-11 13:31:45+05:30,23412.0000,23352.4500,-0.03717728945307674,-0.09341253536145863,0.04504687600874423
2026-09-11 13:32:00+05:30,23412.5500,23354.1000,-0.13548887512581112,-0.09268931626546027,0.040100609727376266
2026-09-11 13:32:15+05:30,23414.0000,23355.2500,-0.4199932316402849,-0.10731160379917383,0.02761538561149215
2026-09-11 13:32:30+05:30,23417.9000,23356.2500,-0.38882864463846156,-0.11502336992137538,0.019273862710823257
2026-09-11 13:32:45+05:30,23418.2000,23357.1000,-0.31991917097157313,-0.11171132075703016,0.010014240886710138
2026-09-11 13:33:00+05:30,23417.8000,23357.8000,-0.2898282864024569,-0.1284049870655898,0.0025312174017261503
2026-09-11 13:33:15+05:30,23418.5000,23357.6000,-0.19347760067870254,-0.14189544960195502,-0.00277464897956813
2026-09-11 13:33:30+05:30,23415.6000,23354.2000,-0.14763205191396178,-0.14159272510138063,-0.011547051652134058
2026-09-11 13:33:45+05:30,23411.6000,23352.4500,-0.24236782916891123,-0.16546311986642817,-0.017156404293075477
2026-09-11 13:34:00+05:30,23409.8500,23354.3000,-0.26008077669141166,-0.19381399793685591,-0.02160397202159988
2026-09-11 13:34:15+05:30,23410.8500,23350.0500,-0.1982987098223666,-0.22559419142656914,-0.02727327761859209
2026-09-11 13:34:30+05:30,23407.2000,23348.5500,-0.26439236085595647,-0.25006001548915174,-0.02939596238746957
2026-09-11 13:34:45+05:30,23408.0500,23347.8500,-0.2438479318503258,-0.2594631810806731,-0.03323113180819134
2026-09-11 13:35:00+05:30,23406.6500,23348.3500,0.14158861699126934,-0.2473072774338231,-0.028383499956863574
2026-09-11 13:35:15+05:30,23400.8500,23340.4500,-0.31857715090690814,-0.2663100516240794,-0.03483226031715624
2026-09-11 13:35:30+05:30,23401.4000,23339.6000,-0.231678567182636,-0.2710659464460549,-0.04088648511739919
2026-09-11 13:35:45+05:30,23403.2000,23342.9000,-0.1900672118928936,-0.2622532577928335,-0.03998463621489639
2026-09-11 13:36:00+05:30,23402.6000,23342.4500,-0.024842913551435978,-0.24365888496659416,-0.03906992096286144
2026-09-11 13:36:15+05:30,23405.5000,23340.4500,-0.22735458406698594,-0.23358363907691862,-0.0411184129542435
2026-09-11 13:36:30+05:30,23405.9500,23341.1000,0.17005234844878242,-0.19619179138467013,-0.03619944797443404
2026-09-11 13:36:45+05:30,23405.5000,23339.6500,0.15310117849545074,-0.17471957347041192,-0.034404568139605296
2026-09-11 13:37:00+05:30,23406.0000,23341.5000,-0.06877474261899408,-0.17622421409736036,-0.03651134129936858
2026-09-11 13:37:15+05:30,23401.5500,23338.1000,-0.25137759556002554,-0.18174272459422772,-0.03843393952881894
2026-09-11 13:37:30+05:30,23400.0000,23335.3000,-0.3087355103717891,-0.17644473786715648,-0.04053986385648173
2026-09-11 13:37:45+05:30,23401.0500,23338.6500,-0.42092808063396303,-0.17797328243837082,-0.0507966866993775
2026-09-11 13:38:00+05:30,23399.3500,23339.1500,-0.05993929927460281,-0.1655932885480389,-0.056878461342196714
2026-09-11 13:38:15+05:30,23399.8000,23340.3000,-0.007442972636411273,-0.15214636884489388,-0.058359097564954186
2026-09-11 13:38:30+05:30,23404.8500,23341.6500,-0.005940659659929307,-0.1432160383201904,-0.0567698211311977
2026-09-11 13:38:45+05:30,23404.8500,23343.8500,0.04007780236194585,-0.13427747383086144,-0.05767036836637853
2026-09-11 13:39:00+05:30,23402.2000,23343.2000,0.14646410219410852,-0.11576166757547955,-0.06032156620604809
2026-09-11 13:39:15+05:30,23404.0000,23342.6500,-0.05306385473809107,-0.10590371891103571,-0.06761158166999173
2026-09-11 13:39:30+05:30,23403.2500,23343.1000,-0.041662694380909554,-0.09844486103287109,-0.0751639546452342
2026-09-11 13:39:45+05:30,23402.7000,23343.7000,-0.08284149143350551,-0.08979958153656391,-0.08391572009998491
2026-09-11 13:40:00+05:30,23400.1500,23339.1500,-0.20842891500466623,-0.0881129616867706,-0.09066532363497898
2026-09-11 13:40:15+05:30,23400.1000,23340.9500,-0.19723984101862127,-0.10424765016343206,-0.09749081979590411
2026-09-11 13:40:30+05:30,23404.2500,23342.2500,-0.1611250536107137,-0.09674993124456566,-0.10343342019471392
2026-09-11 13:40:45+05:30,23402.5500,23343.0500,-0.17606736841508147,-0.09410177892230116,-0.1134147973886111
2026-09-11 13:41:00+05:30,23401.0500,23341.7500,-0.29331251901591315,-0.09901822211863542,-0.12230128552433371
2026-09-11 13:41:15+05:30,23402.1000,23345.0000,-0.18295168854727367,-0.1065472114041515,-0.12862278123346177
2026-09-11 13:41:30+05:30,23382.4000,23317.8500,-0.04410377226082133,-0.09782098227052462,-0.12966821633637549
2026-09-11 13:41:45+05:30,23379.9500,23318.1500,-0.07624217058049601,-0.10954929270049026,-0.1319218577249507
2026-09-11 13:42:00+05:30,23379.5000,23316.8000,0.1739877291249405,-0.10855469505146693,-0.12659949370418483
2026-09-11 13:42:15+05:30,23379.8500,23322.1500,0.12446662607282467,-0.09935272511376128,-0.12270782453196966
2026-09-11 13:42:30+05:30,23385.5500,23322.7500,0.3183183145340955,-0.07222434844261266,-0.11377012173514467
2026-09-11 13:42:45+05:30,23389.1500,23328.7000,0.056914282979500366,-0.05481245352112269,-0.10645231048264757
2026-09-11 13:43:00+05:30,23393.7500,23337.1500,0.2852742412907983,-0.021183771524705484,-0.10277140006931147
2026-09-11 13:43:15+05:30,23394.2000,23334.4000,-0.02563654237511351,-0.01955030691044409,-0.10466416490472262
2026-09-11 13:43:30+05:30,23396.0500,23333.8000,-0.08604815743494082,-0.02329341094846931,-0.10355037623273765
2026-09-11 13:43:45+05:30,23394.9500,23333.6500,-0.22935928618443016,-0.03393239316392173,-0.1115547983160412
2026-09-11 13:44:00+05:30,23396.0500,23335.5000,-0.17845195997447624,-0.044338572322798975,-0.11997675934492723
2026-09-11 13:44:15+05:30,23395.9000,23335.5000,-0.16522668465989976,-0.05918099074441842,-0.13037531734691923
2026-09-11 13:44:30+05:30,23395.8500,23336.5000,-0.2395994079645102,-0.06806363613615267,-0.13839153623909609
2026-09-11 13:44:45+05:30,23396.4500,23336.8000,-0.03132914859557453,-0.06757156252732718,-0.13814477712708292
2026-09-11 13:45:00+05:30,23396.6000,23336.4000,0.015205230275197601,-0.06290267101738894,-0.13603181663744718
2026-09-11 13:45:15+05:30,23396.6000,23333.4000,-0.22599520649056257,-0.06373916108814591,-0.14105601849939858
2026-09-11 13:45:30+05:30,23393.1000,23330.4500,-0.23006661450005106,-0.0653023407777378,-0.14266686831216743
2026-09-11 13:45:45+05:30,23390.1000,23326.4000,-0.2663101812928342,-0.07031115638164831,-0.14088287663482793
2026-09-11 13:46:00+05:30,23389.5500,23325.3500,-0.08122519030141881,-0.06579486218575961,-0.1354058347889092
2026-09-11 13:46:15+05:30,23388.9500,23325.0000,-0.4095546868305849,-0.0713302035102678,-0.13492419444596512
2026-09-11 13:46:30+05:30,23384.6000,23321.6000,-0.3303431713995759,-0.07834884555085361,-0.13025479638549203
2026-09-11 13:46:45+05:30,23389.0500,23326.3000,-0.30900864853458865,-0.09096336346865205,-0.13043829230074805
2026-09-11 13:47:00+05:30,23391.9500,23327.0000,-0.034184689597569595,-0.08896062627898889,-0.13038923328672333
2026-09-11 13:47:15+05:30,23394.3000,23330.1000,0.09281106954497231,-0.09282618149708262,-0.12664661124294
2026-09-11 13:47:30+05:30,23403.0000,23333.6000,-0.009057555907301756,-0.09918447587708865,-0.11990996082108782
2026-09-11 13:47:45+05:30,23400.0000,23336.2500,-0.06133360516813528,-0.11726313872005202,-0.11454118968223001
2026-09-11 13:48:00+05:30,23400.9000,23337.2500,0.051530481369732865,-0.11751951022527905,-0.10845185111925779
2026-09-11 13:48:15+05:30,23404.0500,23339.0000,-0.079278054204372,-0.1348791433440967,-0.10500020796846951
2026-09-11 13:48:30+05:30,23402.9500,23339.2000,-0.30816267994863017,-0.1483327689428356,-0.10688029123518963
2026-09-11 13:48:45+05:30,23397.9000,23334.5500,-0.14156933158369933,-0.15097663437849074,-0.10678090237731648
2026-09-11 13:49:00+05:30,23398.5000,23335.3500,-0.058176366296875386,-0.14282506676479764,-0.10376137019908638
2026-09-11 13:49:15+05:30,23399.8000,23335.2500,0.1346401246858913,-0.1279159198762087,-0.09729053575027813
2026-09-11 13:49:30+05:30,23398.7000,23334.2500,-0.2007533303008731,-0.12960766490673123,-0.09733077543025365
2026-09-11 13:49:45+05:30,23399.2000,23337.9500,-0.48145961322866443,-0.14112481753835762,-0.10088925497734721
2026-09-11 13:50:00+05:30,23399.2000,23339.3500,-0.14035788772630878,-0.14631666225886877,-0.09919269687695349
2026-09-11 13:50:15+05:30,23400.8000,23339.8500,-0.16138763197586728,-0.15472584617558613,-0.1041595206305131
2026-09-11 13:50:30+05:30,23403.6500,23339.8000,0.07860753759932651,-0.14022095359987713,-0.09764829622877155
2026-09-11 13:50:45+05:30,23404.0500,23342.1500,-0.6191546136214012,-0.15874895355803664,-0.10400036256383327
2026-09-11 13:51:00+05:30,23403.1500,23345.6500,-0.6269909822795592,-0.17592422979549974,-0.11116304732427042
2026-09-11 13:51:15+05:30,23405.0500,23345.4000,-0.574805676923777,-0.1994280624918025,-0.12017883033037438
2026-09-11 13:51:30+05:30,23406.0500,23347.6000,-0.49805288622407573,-0.2036422624629211,-0.12461650741491684
2026-09-11 13:51:45+05:30,23410.7000,23352.3000,-0.18761290486618773,-0.19684558310418834,-0.13047987222335897
2026-09-11 13:52:00+05:30,23410.5500,23352.9000,-0.1140598078678574,-0.18756230497720114,-0.13485956052439682
2026-09-11 13:52:15+05:30,23409.6500,23348.4000,-0.17785175852037377,-0.19440359397352516,-0.1366477083260588
2026-09-11 13:52:30+05:30,23407.7000,23350.1000,-0.061605464319041445,-0.2017567622527639,-0.13353668978112465
2026-09-11 13:52:45+05:30,23408.0000,23347.2000,-0.8672558623495124,-0.24262334827382154,-0.14269276112502174
2026-09-11 13:53:00+05:30,23407.5500,23349.4000,-0.460132841786079,-0.2616137881127712,-0.14333546212751544
2026-09-11 13:53:15+05:30,23403.7000,23346.8500,-0.3903709041129381,-0.2826567112309936,-0.14875237368224226
2026-09-11 13:53:30+05:30,23404.1500,23347.0000,-0.5745891458014151,-0.30624295368799564,-0.1580498519308489
2026-09-11 13:53:45+05:30,23404.1000,23347.6000,-0.3616996071679217,-0.3087923311746286,-0.16388196582442255
2026-09-11 13:54:00+05:30,23404.1000,23349.4500,-0.3502028778916652,-0.31872726195119844,-0.17028000976300633
2026-09-11 13:54:15+05:30,23415.0000,23361.7500,-0.2738825501983397,-0.32899898499412533,-0.17717093849075138
2026-09-11 13:54:30+05:30,23431.8500,23375.6000,-0.11605003698700803,-0.34093661174045387,-0.17820349885548772
2026-09-11 13:54:45+05:30,23420.9500,23354.4000,-0.3900154841973132,-0.349949095259332,-0.18391420032788777
2026-09-11 13:55:00+05:30,23416.3000,23351.7000,-0.8289617352985891,-0.36649681535789985,-0.19614567973551209
2026-09-11 13:55:15+05:30,23414.8500,23349.6000,-0.7667794749741151,-0.3963264147506525,-0.2052989676038637
2026-09-11 13:55:30+05:30,23432.6000,23366.1500,-0.5613719369398942,-0.41537328641560617,-0.2112683462255239
2026-09-11 13:55:45+05:30,23440.6500,23373.5500,-0.10070249063704938,-0.4239118591887669,-0.2102778124062835
2026-09-11 13:56:00+05:30,23437.3500,23377.1000,-0.31033001637340385,-0.4092059259864813,-0.2124788394219937
2026-09-11 13:56:15+05:30,23435.0500,23370.4000,-0.13076454087838604,-0.3855760954435683,-0.20981411846891945
2026-09-11 13:56:30+05:30,23433.7500,23373.1500,-0.10346838619933402,-0.36313146255192813,-0.20851111351239587
2026-09-11 13:56:45+05:30,23441.1000,23378.7000,0.0947266304181198,-0.3349038665213474,-0.20623520527175748
2026-09-11 13:57:00+05:30,23443.3500,23383.6000,-0.23088155121038206,-0.33696427825202335,-0.20877027708536217
2026-09-11 13:57:15+05:30,23445.3000,23384.9000,-0.8216997030555032,-0.37066141611810177,-0.2250930218752055
2026-09-11 13:57:30+05:30,23445.5500,23384.4000,-0.7829663819541022,-0.39947639818637454,-0.2399689728264666
2026-09-11 13:57:45+05:30,23448.5500,23385.5500,0.14556810365355374,-0.38961099018767953,-0.24280094349663942
2026-09-11 13:58:00+05:30,23450.1500,23389.4000,0.1465307172480834,-0.3413354387782702,-0.24133182162338396
2026-09-11 13:58:15+05:30,23450.0500,23387.5000,-0.20980855539375884,-0.3294152346643502,-0.2494479330444423
2026-09-11 13:58:30+05:30,23448.8000,23383.9000,0.30512146259905415,-0.2962965505352077,-0.24402567066781658
2026-09-11 13:58:45+05:30,23440.0000,23376.6000,0.42121681304414665,-0.24887721916160951,-0.23570985147963483
2026-09-11 13:59:00+05:30,23444.6000,23383.5000,0.10453972845234244,-0.22667534603683503,-0.23023609714132706
2026-09-11 13:59:15+05:30,23444.1500,23384.2000,0.17165221182471402,-0.2018251036693884,-0.22449668448888133
2026-09-11 13:59:30+05:30,23445.0500,23383.5000,0.17838027753290048,-0.18028877853932934,-0.21886378346932722
2026-09-11 13:59:45+05:30,23449.9000,23388.7000,0.39388726762632176,-0.1560060497482184,-0.20847875600062507
2026-09-11 14:00:00+05:30,23447.9500,23386.9500,-0.26558442058744103,-0.15008076100489115,-0.21231900636114745
2026-09-11 14:00:15+05:30,23446.1500,23384.8500,0.18829308389572275,-0.10164005532897154,-0.20948150056408965
2026-09-11 14:00:30+05:30,23451.1500,23389.8500,-0.01665905866733521,-0.06592003550483916,-0.20604976043584
2026-09-11 14:00:45+05:30,23460.1500,23393.3000,0.02116035801252252,-0.03818040241186693,-0.20193128547661748
2026-09-11 14:01:00+05:30,23461.0000,23399.1500,0.07360806693664258,-0.029879899670262552,-0.1963588551777736
2026-09-11 14:01:15+05:30,23460.0000,23396.0500,0.057626296528683535,-0.01235817048444887,-0.1940826012953129
2026-09-11 14:01:30+05:30,23461.5000,23395.5000,0.16138745661984039,0.001553829396419056,-0.1847228940256338
2026-09-11 14:01:45+05:30,23458.6500,23394.4500,-0.494922644204144,-0.01708684955619094,-0.18742091816997097
2026-09-11 14:02:00+05:30,23459.4000,23394.7000,-0.3163670407019907,-0.036662738657148586,-0.18754154754976446
2026-09-11 14:02:15+05:30,23474.9500,23411.6500,-0.30524961803519907,-0.04020407517261606,-0.191985234901201
2026-09-11 14:02:30+05:30,23485.5500,23423.4500,-0.40996810833700753,-0.0205978087574496,-0.20022751650582363
2026-09-11 14:02:45+05:30,23497.4500,23432.1000,-0.5578225503527915,-0.009876673919291947,-0.2092236639557497
2026-09-11 14:03:00+05:30,23492.1000,23433.0000,-0.49637995160263293,-0.04044562893149131,-0.21635557127434804
2026-09-11 14:03:15+05:30,23491.4000,23430.4500,-0.38002783758638,-0.06551984582837052,-0.22343029781461218
2026-09-11 14:03:30+05:30,23508.3000,23444.0500,-0.5551334079815468,-0.08196388642778898,-0.23123120525358226
2026-09-11 14:03:45+05:30,23508.1500,23443.5500,0.18893716722519235,-0.08749647192178239,-0.2230820274310606
2026-09-11 14:04:00+05:30,23503.3000,23437.0000,0.22963651705013066,-0.09661934315959267,-0.21699668565017813
2026-09-11 14:04:15+05:30,23500.4500,23435.7500,-0.05018656078958211,-0.10398726169492241,-0.21686570523202578
2026-09-11 14:04:30+05:30,23500.0000,23432.7500,0.19499978163037954,-0.10287547265655737,-0.2158762026591653
2026-09-11 14:04:45+05:30,23499.1500,23437.2000,-0.11950432776043977,-0.11706045386100214,-0.21454425179784672
2026-09-11 14:05:00+05:30,23502.0500,23437.8500,-0.11426311064541526,-0.14125809092156102,-0.20852463700140003
2026-09-11 14:05:15+05:30,23498.2000,23433.9500,0.047821315759708424,-0.12633400823836344,-0.20543973202621943
2026-09-11 14:05:30+05:30,23496.6000,23428.2500,4.1766346309740785e-05,-0.1352983566930974,-0.20279334844716734
2026-09-11 14:05:45+05:30,23495.7500,23428.9500,0.30529750001644357,-0.11996709199386983,-0.19907711955508348
2026-09-11 14:06:00+05:30,23491.9000,23425.6500,0.23821728139265455,-0.10963104802338736,-0.18502184258763993
2026-09-11 14:06:15+05:30,23482.5000,23411.6500,0.13038534514740446,-0.10692736810858917,-0.1726058372199848
2026-09-11 14:06:30+05:30,23482.3000,23414.2000,-0.55148123293948,-0.1359324885594541,-0.172223469285816
2026-09-11 14:06:45+05:30,23484.0000,23419.6000,-0.3882525116654572,-0.16210582038256352,-0.17042346314551077
2026-09-11 14:07:00+05:30,23483.6000,23421.1500,-0.7136498311601454,-0.17252140071380168,-0.17904701931426417
2026-09-11 14:07:15+05:30,23481.4000,23418.8500,-0.7187718546311394,-0.19168353471042782,-0.1889603315562852
2026-09-11 14:07:30+05:30,23478.0500,23416.5500,-0.1508556629397713,-0.18433144161064552,-0.18851777261234087
2026-09-11 14:07:45+05:30,23478.4000,23418.0500,-0.25399854148732265,-0.17690431937970813,-0.19167175748395204
2026-09-11 14:08:00+05:30,23477.1500,23417.3500,-0.2808754185518041,-0.16371636072251824,-0.18205896332333388
2026-09-11 14:08:15+05:30,23476.1000,23416.7000,-0.2706697217546946,-0.1529682545392831,-0.17895301053593413
2026-09-11 14:08:30+05:30,23476.8500,23417.0500,-0.3532981746257717,-0.1516954134459208,-0.1783452608722101
2026-09-11 14:08:45+05:30,23475.4000,23413.6000,-0.1884319401221821,-0.13423343878595106,-0.17201481487746856
2026-09-11 14:09:00+05:30,23471.5500,23411.4000,-0.08961287108073716,-0.14749772632432867,-0.16755437658095731
2026-09-11 14:09:15+05:30,23474.1000,23414.5000,-0.1849156239692215,-0.16723830446810736,-0.16484474946747463
2026-09-11 14:09:30+05:30,23474.5000,23415.1000,-0.353948078621119,-0.18170313865056148,-0.16615729911374968
2026-09-11 14:09:45+05:30,23476.1500,23415.7500,-0.3402891455224204,-0.20719308756259955,-0.1698333500733466
2026-09-11 14:10:00+05:30,23474.8000,23416.7500,-0.35656109767338207,-0.21848150517750156,-0.1692849175073805
2026-09-11 14:10:15+05:30,23473.0000,23413.0500,0.524395714102069,-0.18806918018952612,-0.14709872981228775
2026-09-11 14:10:30+05:30,23474.0500,23413.6500,0.12448920268019195,-0.18441832843140787,-0.13248776788352862
2026-09-11 14:10:45+05:30,23473.5000,23414.1000,-0.0442533945747868,-0.18652762180860294,-0.12401041473000225
2026-09-11 14:11:00+05:30,23473.7500,23414.2000,-0.09642897197288613,-0.20565745380809483,-0.12394035704698318
2026-09-11 14:11:15+05:30,23474.6000,23413.1500,-0.38688916842257215,-0.2354244276088199,-0.12519542511336298
2026-09-11 14:11:30+05:30,23473.5000,23411.7500,0.11389023710006269,-0.2362099089444076,-0.12118469104814253
2026-09-11 14:11:45+05:30,23476.5000,23415.2500,0.23167676767676776,-0.1989166708198244,-0.11569050819771463
2026-09-11 14:12:00+05:30,23476.3500,23417.4000,0.08275268041190968,-0.17648785214947357,-0.11588680246011152
2026-09-11 14:12:15+05:30,23475.1000,23415.6500,0.2374656232810271,-0.13119664003322726,-0.10820897992746546
2026-09-11 14:12:30+05:30,23474.0500,23415.0000,0.37685525169223094,-0.07902392068449535,-0.08856053804635507
2026-09-11 14:12:45+05:30,23474.1500,23414.5000,0.330588207872335,-0.05609802207439505,-0.07030554477051183
2026-09-11 14:13:00+05:30,23475.7500,23416.2000,0.41586466944219524,-0.0241997739348942,-0.0658744535280751
2026-09-11 14:13:15+05:30,23474.8000,23414.9000,0.6037848410892042,0.01792690509563,-0.05837848428477803
2026-09-11 14:13:30+05:30,23473.0000,23413.2500,0.06124009961263179,0.03373213468455031,-0.05393506371090277
2026-09-11 14:13:45+05:30,23474.5500,23415.0500,0.07247052052296583,0.054006834453537815,-0.05774901358100258
2026-09-11 14:14:00+05:30,23470.3000,23410.5000,0.21493364038762255,0.07321471923971899,-0.06113070493602756
2026-09-11 14:14:15+05:30,23470.6500,23408.8500,0.45254260136127356,0.09903164649886237,-0.055425739806372956
2026-09-11 14:14:30+05:30,23475.4000,23411.9000,0.17413534042332926,0.11612931146993621,-0.05538503278016615
2026-09-11 14:14:45+05:30,23476.4000,23416.0500,-0.32957787046908743,0.11728979757241392,-0.0637122155342971
2026-09-11 14:15:00+05:30,23480.4500,23418.6500,0.2832242573641261,0.1469809119955828,-0.06552636324351342
2026-09-11 14:15:15+05:30,23473.4000,23413.6500,0.48748718857395895,0.18717368753117047,-0.05318092702775277
2026-09-11 14:15:30+05:30,23473.9000,23413.5000,0.45651742997159483,0.18394138828686218,-0.04878380660027946
2026-09-11 14:15:45+05:30,23476.1500,23415.5500,0.38796734446771125,0.19648796646722025,-0.042150586876754104
2026-09-11 14:16:00+05:30,23478.4500,23415.3500,0.32202970244533535,0.2139300187062737,-0.037218302541789955
2026-09-11 14:16:15+05:30,23469.0500,23405.9000,0.5263834760843124,0.24358775432804505,-0.029795754850844552
2026-09-11 14:16:30+05:30,23471.7000,23409.0000,0.5125263185386525,0.2864170632309605,-0.02233837744084506
2026-09-11 14:16:45+05:30,23475.9000,23412.8000,0.12917289293156625,0.28714480874674636,-0.02286648504229218
2026-09-11 14:17:00+05:30,23475.7500,23411.9000,-0.26636728035731977,0.2634284255070279,-0.019119675798901618
2026-09-11 14:17:15+05:30,23476.8000,23411.9500,-0.17326354617591838,0.2512371766218932,-0.016773716872244694
2026-09-11 14:17:30+05:30,23477.5500,23411.4000,-0.27108839529308865,0.22702031859455435,-0.016213696827292064
2026-09-11 14:17:45+05:30,23473.5000,23411.2000,0.44897043373440204,0.23045437488227677,-0.0021327371212033824
2026-09-11 14:18:00+05:30,23472.2500,23410.3500,0.5230583898547774,0.23961962164334547,0.015586622554330534
2026-09-11 14:18:15+05:30,23472.9500,23408.8500,0.62501913369617,0.2495793580363919,0.033970214116605994
2026-09-11 14:18:30+05:30,23472.9500,23410.0500,0.3986684819733451,0.23981191236420812,0.04673572755201132
2026-09-11 14:18:45+05:30,23469.3000,23408.0500,0.4237181555714799,0.2570727721717723,0.06278247449550357
2026-09-11 14:19:00+05:30,23473.2500,23409.2000,0.4400347589273418,0.2745758311434093,0.06689882845783389
2026-09-11 14:19:15+05:30,23472.3500,23409.4000,0.30195700896399746,0.2787198010756176,0.06808441029248744
2026-09-11 14:19:30+05:30,23472.3000,23408.7500,0.45240804321264105,0.27871339354473035,0.07632366609580257
2026-09-11 14:19:45+05:30,23470.7500,23409.6000,0.44218326336860836,0.2914775803516484,0.08037585432101944
2026-09-11 14:20:00+05:30,23469.2500,23406.8500,0.3444025110691777,0.3235718842344229,0.08798088446576727
2026-09-11 14:20:15+05:30,23468.0500,23407.7500,0.6205164925157413,0.3396334192416427,0.10002645173070426
2026-09-11 14:20:30+05:30,23467.2500,23404.1500,0.5250474342868169,0.34142200237082637,0.10784983072295194
2026-09-11 14:20:45+05:30,23467.8000,23406.1500,0.4606396429925512,0.34161829822896717,0.11540061558600509
2026-09-11 14:21:00+05:30,23468.8000,23406.7500,0.5826764176416425,0.3508901588562972,0.11994781095690998
2026-09-11 14:21:15+05:30,23468.5500,23405.8500,0.4966782880691544,0.35920675817171716,0.1241848766401313
2026-09-11 14:21:30+05:30,23470.4500,23407.8500,0.4066195815602628,0.35350371557533383,0.12871330674526013
2026-09-11 14:21:45+05:30,23471.8500,23409.5000,0.48515426576563403,0.35220028449090435,0.14570733131419641
2026-09-11 14:22:00+05:30,23470.6000,23410.1000,0.5297077029083632,0.37127337068027566,0.16075585942196396
2026-09-11 14:22:15+05:30,23476.0000,23408.6000,0.5592558008407031,0.41058875549922913,0.18162316486460084
2026-09-11 14:22:30+05:30,23480.2000,23413.4500,0.2998477366596137,0.43311786420568305,0.1983218466890394
2026-09-11 14:22:45+05:30,23475.3500,23411.4500,0.44920151540148207,0.46741738376256736,0.2081588496126665
2026-09-11 14:23:00+05:30,23475.0000,23412.0000,0.5252226768093958,0.4710484429566147,0.2209329679453996
2026-09-11 14:23:15+05:30,23477.3500,23414.4000,-0.03792976793821959,0.44433472115694816,0.22491568352922886
2026-09-11 14:23:30+05:30,23473.8500,23410.7500,0.0025467833802553875,0.41469318066571415,0.2293946426298018
2026-09-11 14:23:45+05:30,23473.6500,23411.2000,0.05096783224972585,0.39813600686935136,0.2360219542179247
2026-09-11 14:24:00+05:30,23474.8000,23410.3500,-0.34437731799850657,0.36156003193744723,0.2334654726133948
2026-09-11 14:24:15+05:30,23475.7500,23413.3000,0.08292886187691989,0.3445549892207605,0.23629402561270063
2026-09-11 14:24:30+05:30,23475.8500,23412.6000,-0.4399890767201073,0.3092242232358031,0.23211249360039102
2026-09-11 14:24:45+05:30,23482.3000,23415.5000,-0.19757265085427822,0.2782727616135689,0.2346760252031261
2026-09-11 14:25:00+05:30,23482.3000,23417.3000,-0.1244348242674893,0.2512909479166119,0.23821462063353482
2026-09-11 14:25:15+05:30,23483.9500,23416.0000,0.2499298891207412,0.246792251633353,0.2481570958268811
2026-09-11 14:25:30+05:30,23482.2000,23416.5500,0.4152877537176915,0.23701945454773157,0.2463684407386126
2026-09-11 14:25:45+05:30,23480.1500,23415.2000,0.16206395629290185,0.21973452702421178,0.24698442030603407
2026-09-11 14:26:00+05:30,23477.8000,23415.8000,0.322398858650302,0.21315163253172373,0.25299511298185523
2026-09-11 14:26:15+05:30,23477.6500,23415.9000,0.31055022323866655,0.2001932423220582,0.2596669030672905
2026-09-11 14:26:30+05:30,23479.2000,23417.5000,0.24874271748853993,0.18838678658012417,0.2700870979182924
2026-09-11 14:26:45+05:30,23482.1500,23417.8000,0.16846346848530228,0.17704601929084032,0.27098174105575534
2026-09-11 14:27:00+05:30,23486.4500,23421.3000,-0.30095786719386314,0.13961210819753095,0.2622500257300073
2026-09-11 14:27:15+05:30,23484.2000,23417.7500,-0.33635795609390107,0.09837088634028027,0.2553793595577809
2026-09-11 14:27:30+05:30,23485.5500,23420.2000,-0.34536129174725727,0.055293881931329766,0.24582481996715327
2026-09-11 14:27:45+05:30,23485.7500,23421.5500,-0.3818403720740654,0.022832543420202196,0.23338718679065662
2026-09-11 14:28:00+05:30,23488.7000,23421.2000,0.31173036087284905,0.016286297966457766,0.23307804175787816
2026-09-11 14:28:15+05:30,23487.2000,23418.6500,0.13968537840826423,-0.0020726210050246927,0.22855051239666618
2026-09-11 14:28:30+05:30,23487.0500,23420.8500,-0.028622690588032188,-0.0016294268454919592,0.21818317581179344
2026-09-11 14:28:45+05:30,23492.0000,23425.8500,-0.11342525755379115,-0.0071519049852084605,0.21531980930086847
2026-09-11 14:29:00+05:30,23490.7500,23424.5000,0.24133417626386522,0.0019131590154648423,0.2180880659523586
2026-09-11 14:29:15+05:30,23493.9500,23425.1500,0.2507686516638314,0.030253443285099983,0.2186755251536079
2026-09-11 14:29:30+05:30,23494.5000,23423.3500,0.32894381415916546,0.041968441012825965,0.21664931552734384
2026-09-11 14:29:45+05:30,23488.0500,23422.2000,-0.3341902499532965,0.04700648038267409,0.20831610912772702
2026-09-11 14:30:00+05:30,23494.0500,23425.5500,-0.5969330319983109,0.02798931937581539,0.20393323762724794
2026-09-11 14:30:15+05:30,23493.2500,23427.0500,-0.370729556656162,0.016260998785878594,0.19321268329904648
2026-09-11 14:30:30+05:30,23495.5000,23425.7500,-0.4549268080882104,-0.017303605843119105,0.17776327351769944
2026-09-11 14:30:45+05:30,23498.4500,23425.3000,-0.2591264415576946,-0.0494185675228994,0.16603140677131764
2026-09-11 14:31:00+05:30,23499.5000,23429.2500,-0.23951236200876655,-0.06854124934678837,0.1557448542061295
2026-09-11 14:31:15+05:30,23499.2500,23431.3000,-0.19547233455371943,-0.09320178235650368,0.14726121425532532
2026-09-11 14:31:30+05:30,23499.4000,23430.1500,0.19828858342881353,-0.09854757472840145,0.14188260945769418
2026-09-11 14:31:45+05:30,23502.8500,23431.7000,0.17677269712658938,-0.10197471855516099,0.1363784517296276
2026-09-11 14:32:00+05:30,23502.8500,23434.2500,0.32549076161970614,-0.09449722840590366,0.1395967774458266
2026-09-11 14:32:15+05:30,23508.0000,23434.2500,-0.29872318402726866,-0.09439081492178011,0.1390663527954996
2026-09-11 14:32:30+05:30,23502.0000,23429.5000,-0.02543889885275461,-0.07958514552934458,0.1414897076696498
2026-09-11 14:32:45+05:30,23499.4500,23425.1000,0.05902297158941005,-0.06032875203712233,0.14690136942182191
2026-09-11 14:33:00+05:30,23499.0000,23425.1000,0.18197940277228913,-0.03348019133015307,0.14252446727490203
2026-09-11 14:33:15+05:30,23496.9000,23423.4000,0.2675859535422745,-0.03558230596494233,0.13833639454846758
2026-09-11 14:33:30+05:30,23495.5500,23424.4500,0.24339890576737377,-0.03064356656688949,0.13208032523815946
2026-09-11 14:33:45+05:30,23495.4500,23423.9500,0.32879638642333264,-0.013623610518729259,0.13093488104881498
2026-09-11 14:34:00+05:30,23492.8500,23424.8500,0.4736759604386654,0.014333590338054387,0.13175386145647375
2026-09-11 14:34:15+05:30,23493.9000,23423.4000,0.31933620918428873,0.018047972858074555,0.12977519670658763
2026-09-11 14:34:30+05:30,23491.1000,23421.6500,0.26830742434345967,0.018883152509485426,0.1292235641718247
2026-09-11 14:34:45+05:30,23491.5500,23424.8500,0.49614027357378676,0.02684488867208644,0.1299404859810238
2026-09-11 14:35:00+05:30,23491.7000,23425.3500,0.32662321730266497,0.05831219663665603,0.1280460589963362
2026-09-11 14:35:15+05:30,23492.3500,23426.1500,0.338257370984467,0.10284507296916927,0.12794531899494752
2026-09-11 14:35:30+05:30,23496.6000,23430.7500,0.29972495794339377,0.13477147842629095,0.1226864413790074
2026-09-11 14:35:45+05:30,23499.0000,23435.8000,0.07025154631417628,0.15977997149307127,0.11523077108437395
2026-09-11 14:36:00+05:30,23502.1000,23438.9000,0.4078139795892885,0.19153903916673712,0.11436477660235325
2026-09-11 14:36:15+05:30,23502.2500,23436.8000,0.42062359735116456,0.22297408485054335,0.11170817299103393
2026-09-11 14:36:30+05:30,23500.2500,23431.9000,0.4401903132067079,0.253243734743897,0.11078214061623973
2026-09-11 14:36:45+05:30,23497.0000,23430.1000,0.29661485549867445,0.2579259381757951,0.10897878445129566
2026-09-11 14:37:00+05:30,23502.0000,23434.7500,0.7199402464649521,0.28379105957286,0.11282773495456318
2026-09-11 14:37:15+05:30,23502.0000,23436.4500,0.7765652092072103,0.30527079517226496,0.11687457932011805
2026-09-11 14:37:30+05:30,23500.1000,23432.4500,0.6761549619078958,0.35169356402632046,0.11879095900974417
2026-09-11 14:37:45+05:30,23494.4000,23426.1000,0.23766963428305532,0.3642225417946924,0.1177716458560301
2026-09-11 14:38:00+05:30,23493.0000,23423.5000,0.13689912404918303,0.3679309300070625,0.11265193452238585
2026-09-11 14:38:15+05:30,23488.0000,23422.8000,0.3275440008503202,0.3748625775345878,0.10941130049026986
2026-09-11 14:38:30+05:30,23492.4000,23424.1500,0.34134976808354667,0.3783751401317912,0.11562899780210209
2026-09-11 14:38:45+05:30,23490.0500,23422.8000,0.14803807920255505,0.37383414839060936,0.11801410101230372
2026-09-11 14:39:00+05:30,23485.5500,23421.9500,0.055773858720604516,0.36083307564286043,0.11809288833149846
2026-09-11 14:39:15+05:30,23485.3500,23418.3500,0.053909204923057355,0.3408441825230696,0.12462217559250771
2026-09-11 14:39:30+05:30,23489.2500,23423.8500,0.2564370413141808,0.33784898405306446,0.1274665719767251
2026-09-11 14:39:45+05:30,23486.8000,23423.8000,0.1843937766746416,0.33385309606883506,0.1377023564586062
2026-09-11 14:40:00+05:30,23494.3500,23429.3000,0.22140595886299846,0.32077050965403564,0.1445708582572501
2026-09-11 14:40:15+05:30,23490.8000,23427.2000,0.2619321541051448,0.31768998283510613,0.15090474314860478
2026-09-11 14:40:30+05:30,23493.5000,23425.2500,-0.047992375134608974,0.2992971377818168,0.1460207716034351
2026-09-11 14:40:45+05:30,23490.5000,23423.6500,-0.2714197748373895,0.2720997695541605,0.13476327113531902
2026-09-11 14:41:00+05:30,23490.1000,23424.5000,-0.1800634003624928,0.2601800101886048,0.12915462594424698
2026-09-11 14:41:15+05:30,23491.0500,23426.0500,-0.1434452561270682,0.23392957039258785,0.12151783717740486
2026-09-11 14:41:30+05:30,23491.1500,23425.6000,-0.12549325228264405,0.20792400612431128,0.11436958348033419
2026-09-11 14:41:45+05:30,23495.9000,23430.0000,0.23556109715197568,0.1981797577407526,0.1141534913436692
2026-09-11 14:42:00+05:30,23495.8000,23428.6500,0.1959532027680934,0.19338634570596303,0.1146041427253543
2026-09-11 14:42:15+05:30,23495.5500,23429.3500,0.1609663184437306,0.16676853960971438,0.12217667035875748
2026-09-11 14:42:30+05:30,23497.3000,23429.8500,-0.1363299772275929,0.12329734025567612,0.1254558175532871
2026-09-11 14:42:45+05:30,23496.3000,23431.6500,0.33175206145715624,0.10689720213897425,0.1365560364582775
2026-09-11 14:43:00+05:30,23496.8500,23435.9500,0.22047014500416295,0.10607817883997936,0.14642997936119925
2026-09-11 14:43:15+05:30,23497.4500,23435.7000,0.12227537479463033,0.1053818098278578,0.14332415991729403
2026-09-11 14:43:30+05:30,23497.4000,23434.9500,0.0816322094823462,0.09367172452462094,0.1423724686234265
2026-09-11 14:43:45+05:30,23497.5000,23434.3500,0.1546785148246706,0.08478261722657923,0.1453774064170774
2026-09-11 14:44:00+05:30,23497.5500,23434.8500,0.024162701279949215,0.07888378970645514,0.14763294672582725
2026-09-11 14:44:15+05:30,23497.5000,23433.7000,-0.6482483845265308,0.045358920980401084,0.13304962605713225
2026-09-11 14:44:30+05:30,23497.6500,23433.9000,-0.6931306284205555,0.009785595583086185,0.11757586736722428
2026-09-11 14:44:45+05:30,23495.2000,23433.0000,-0.42286593667390276,-0.022562165273489226,0.10525111735356742
2026-09-11 14:45:00+05:30,23494.5000,23433.1500,-0.06253576804542885,-0.034320715022064005,0.10970446951599148
2026-09-11 14:45:15+05:30,23494.5000,23428.3500,0.061916062373728285,-0.041915471997743536,0.12050527434176263
2026-09-11 14:45:30+05:30,23496.0500,23429.6500,-0.029002134910601746,-0.055769485760398134,0.1261073632228374
2026-09-11 14:45:45+05:30,23493.5000,23428.0000,0.16345756614632795,-0.045700440937496374,0.13624481198078064
2026-09-11 14:46:00+05:30,23491.5000,23427.0500,0.24216110148064904,-0.021244208731875488,0.1444626405551797
2026-09-11 14:46:15+05:30,23488.8500,23424.8000,-0.3618944772830004,-0.02990283144237585,0.1424563763703562
2026-09-11 14:46:30+05:30,23488.8000,23424.6500,-0.01686068725075815,-0.023874994829218225,0.14538443616220803
2026-09-11 14:46:45+05:30,23487.5500,23424.6500,-0.19257430631679673,-0.02706933073560645,0.13897684780572261
2026-09-11 14:47:00+05:30,23488.0000,23424.0500,0.23954812123563257,-0.026879472445908506,0.14000595311898562
2026-09-11 14:47:15+05:30,23488.0500,23422.3000,0.10132789958088496,-0.031385439264347004,0.13633115210195576
2026-09-11 14:47:30+05:30,23488.1000,23422.9500,0.10674079419394726,-0.03396760708576525,0.14297810256459864
2026-09-11 14:47:45+05:30,23484.4000,23422.9500,-0.2694420475475241,-0.04030627710100007,0.1389780509466516
2026-09-11 14:48:00+05:30,23488.0000,23426.2500,-0.41667712450184274,-0.07594576214666669,0.13117968871564747
2026-09-11 14:48:15+05:30,23484.4500,23424.3000,-0.35851036580909246,-0.10351626266158362,0.12231920070611661
2026-09-11 14:48:30+05:30,23483.3000,23422.0500,-0.04403472907472445,-0.11143579141726717,0.11721066492551006
2026-09-11 14:48:45+05:30,23487.5000,23425.9000,-0.27655456078494123,-0.128492304287138,0.10868683760498031
2026-09-11 14:49:00+05:30,23486.8500,23423.4500,0.013610907533515723,-0.13520980939624064,0.10351986254121281
2026-09-11 14:49:15+05:30,23487.5000,23423.1500,0.16211834733893557,-0.1286404929172413,0.0984123606871189
2026-09-11 14:49:30+05:30,23487.5500,23420.5500,0.08194440742182357,-0.09386940758636729,0.09452069180576701
2026-09-11 14:49:45+05:30,23487.6500,23420.8500,0.08409463200484874,-0.05685868089944328,0.09150080996415044
2026-09-11 14:50:00+05:30,23490.7000,23424.7000,0.023962804319345932,-0.035581121804526675,0.08376019571407764
2026-09-11 14:50:15+05:30,23489.7500,23427.0000,-0.16772687631820285,-0.04059022219846829,0.07565609581865358
2026-09-11 14:50:30+05:30,23489.9500,23427.2000,-0.16181385411244953,-0.051244027745429147,0.06745820688263855
2026-09-11 14:50:45+05:30,23493.1500,23430.5000,-0.4603453117906791,-0.07178417902543283,0.054998038526342274
2026-09-11 14:51:00+05:30,23493.2000,23428.1500,-0.49872017915108324,-0.10331645261102385,0.045670633190846216
2026-09-11 14:51:15+05:30,23491.2000,23425.9500,-0.5227773563795061,-0.13974209346150743,0.030415037519226633
2026-09-11 14:51:30+05:30,23487.5000,23421.7000,0.15290327783364105,-0.11522791464642927,0.026026179822218054
2026-09-11 14:51:45+05:30,23491.6500,23421.7000,0.42736435154320385,-0.09407434137052632,0.025815918155603235
2026-09-11 14:52:00+05:30,23491.4000,23422.0500,-0.08279377049475231,-0.08884669680757183,0.019596104614727387
2026-09-11 14:52:15+05:30,23487.6000,23423.0000,-0.34505534696579737,-0.11668495719811611,0.0021371604601249355
2026-09-11 14:52:30+05:30,23487.5500,23421.5500,-0.34222160454074235,-0.13780636215628886,-0.016203606978366092
2026-09-11 14:52:45+05:30,23489.4000,23420.2500,0.05851840660505779,-0.14010266632718835,-0.026328796409560158
2026-09-11 14:53:00+05:30,23491.5500,23424.5000,-0.2663805651357797,-0.1399568814504386,-0.03459191443281975
2026-09-11 14:53:15+05:30,23492.2500,23426.8500,-0.5463100328072655,-0.14612987708403016,-0.04579206454522054
2026-09-11 14:53:30+05:30,23492.2000,23426.3000,-0.5717122727779687,-0.15628234884445283,-0.06053397067027446
2026-09-11 14:53:45+05:30,23492.3500,23422.8500,-0.670762779927225,-0.18612654174219095,-0.0771259796540576
2026-09-11 14:54:00+05:30,23492.8000,23424.3000,-0.7285581395348834,-0.2076505216826644,-0.09149640946942544
2026-09-11 14:54:15+05:30,23494.0500,23423.3000,-0.6377595356441196,-0.23866816183398037,-0.10286580937704387
2026-09-11 14:54:30+05:30,23491.6000,23421.5500,-0.08049918257449283,-0.25022137754414364,-0.10506922556552831
2026-09-11 14:54:45+05:30,23491.6000,23421.7500,0.23546368790209998,-0.24291093561651145,-0.10541305103130014
2026-09-11 14:55:00+05:30,23491.2500,23424.2500,-0.21263360400060596,-0.2570408516167712,-0.11192169661614025
2026-09-11 14:55:15+05:30,23491.6500,23423.7000,-0.24614082467188023,-0.26990292918778197,-0.11958639798556449
2026-09-11 14:55:30+05:30,23492.5000,23423.7500,-0.22385235730335465,-0.27257557113945585,-0.1275500785004579
2026-09-11 14:55:45+05:30,23493.1500,23426.0500,-0.4405438661225414,-0.2858484288542221,-0.13398534884452237
2026-09-11 14:56:00+05:30,23493.1500,23425.6500,-0.65376725163812,-0.295058997418386,-0.14025334026748518
2026-09-11 14:56:15+05:30,23492.7500,23425.3500,0.015426840841720134,-0.27057580599015724,-0.13704858221495708
2026-09-11 14:56:30+05:30,23491.8500,23427.2000,-0.08289140271493212,-0.2496288558156537,-0.13605589609344665
2026-09-11 14:56:45+05:30,23488.8000,23426.7000,0.10865319694185921,-0.2517360025247862,-0.13221742971271708
2026-09-11 14:57:00+05:30,23489.0000,23425.5500,0.046255790731714555,-0.2698840292300952,-0.13532079539173775
2026-09-11 14:57:15+05:30,23488.9500,23425.3500,0.3125588073018138,-0.2510577160016873,-0.1334092281042997
2026-09-11 14:57:30+05:30,23489.0000,23426.5000,-0.1783986375367976,-0.24312168221935399,-0.13897258803840673
2026-09-11 14:57:45+05:30,23491.6500,23425.2500,-0.2543707746265622,-0.23893830936629779,-0.1409076830777341
2026-09-11 14:58:00+05:30,23492.1500,23425.4500,-0.24667601993294697,-0.25347137729667896,-0.15039011064150629
2026-09-11 14:58:15+05:30,23492.0500,23428.5000,-0.0649844413610175,-0.24388108568835695,-0.15506969402454204
2026-09-11 14:58:30+05:30,23489.2500,23428.3500,-0.12126454152566009,-0.2236408241987567,-0.15906215166913698
2026-09-11 14:58:45+05:30,23491.3500,23426.0000,-0.17001348324877738,-0.20451231041165235,-0.16318749089423737
2026-09-11 14:59:00+05:30,23491.5500,23426.4000,-0.5014443827037531,-0.196449529591487,-0.1739436039684738
2026-09-11 14:59:15+05:30,23492.0500,23425.0000,-0.6916261433403816,-0.19469086310603453,-0.18567784732290543
2026-09-11 14:59:30+05:30,23491.7000,23422.2000,-0.648276287744693,-0.19519166082510947,-0.18567830475271138
2026-09-11 14:59:45+05:30,23491.2000,23421.8500,-0.6328980954438108,-0.22149637096174365,-0.18469088617932214
2026-09-11 15:00:00+05:30,23486.0000,23419.4500,0.015695896990775865,-0.2319615038622829,-0.17750134792252414
2026-09-11 15:00:15+05:30,23482.3500,23417.4500,0.32885219352980677,-0.2061764658846442,-0.17108515183112685
2026-09-11 15:00:30+05:30,23481.5000,23415.4500,0.5203727212806715,-0.1696758208392846,-0.16356946889822616
2026-09-11 15:00:45+05:30,23480.9500,23414.2500,0.37156325742935353,-0.14132269632820324,-0.15700282312216132
2026-09-11 15:01:00+05:30,23481.0500,23415.3500,0.3054948240165631,-0.10579704441681731,-0.15467434348494435
2026-09-11 15:01:15+05:30,23481.0500,23416.4000,0.32580348879995225,-0.05915081868167101,-0.15330315680757875
2026-09-11 15:01:30+05:30,23484.8500,23417.3500,0.07624443707015978,-0.05625474267079293,-0.14612055165424825
2026-09-11 15:01:45+05:30,23480.5500,23409.0500,0.09875681381618208,-0.04760482759788273,-0.1442251827842984
2026-09-11 15:02:00+05:30,23473.5500,23405.2000,0.13275264137599962,-0.046457235005780806,-0.13889195413359684
2026-09-11 15:02:15+05:30,23473.3000,23406.1500,-0.020435345274899187,-0.049633003387048125,-0.1431539781747531
2026-09-11 15:02:30+05:30,23472.2000,23406.9000,0.5102620722792747,-0.040218562197645226,-0.13645013927805819
2026-09-11 15:02:45+05:30,23472.1500,23407.2500,0.5211582943818711,-0.0069063273443752855,-0.12965640976678075
2026-09-11 15:03:00+05:30,23473.3500,23407.7000,0.4448311853849214,0.02638900408474298,-0.11794701250559313
2026-09-11 15:03:15+05:30,23473.2500,23407.1000,0.31348822443373375,0.05306349191172778,-0.10597708875255088
2026-09-11 15:03:30+05:30,23473.8500,23407.9000,0.17877379881269198,0.06467102715809489,-0.09716915162760359
2026-09-11 15:03:45+05:30,23473.5000,23406.8000,-0.05236470453861757,0.06795197177652548,-0.0973057086024215
2026-09-11 15:04:00+05:30,23472.0000,23403.6500,0.06958776655343865,0.07936155510044053,-0.0916312442198251
2026-09-11 15:04:15+05:30,23469.1000,23399.2500,0.3782081981211205,0.12124977323495834,-0.08565423945609388
2026-09-11 15:04:30+05:30,23468.4000,23400.9500,0.26500376431072853,0.16680357836120166,-0.08396759327622842
2026-09-11 15:04:45+05:30,23459.7500,23394.5500,-0.12444337751832839,0.19174800265769523,-0.08735099958672272
2026-09-11 15:05:00+05:30,23461.9500,23397.2000,-0.030432107740189323,0.22043685921501055,-0.08922848712352663
2026-09-11 15:05:15+05:30,23464.4500,23394.4000,0.4444306078774665,0.24085279782866248,-0.08233557231109842
2026-09-11 15:05:30+05:30,23455.6000,23387.6000,0.03775333397692368,0.2269909473737633,-0.0789670442734734
2026-09-11 15:05:45+05:30,23456.3500,23390.4000,0.157500530779288,0.20971131925464978,-0.07373238222606786
2026-09-11 15:06:00+05:30,23457.7000,23389.9500,-0.4243196594908912,0.17181213273463813,-0.0731417977621369
2026-09-11 15:06:15+05:30,23457.2500,23389.4000,-0.36941584750925716,0.13967352932864668,-0.07102205462046762
2026-09-11 15:06:30+05:30,23462.1000,23394.5500,-0.20850574724489251,0.11423023237413027,-0.06587006102809691
2026-09-11 15:06:45+05:30,23461.6000,23396.5000,0.19328156357390638,0.11980342887430868,-0.06520812191760075
2026-09-11 15:07:00+05:30,23465.5000,23398.1500,0.39303001805107146,0.1338164385997796,-0.0657709798437013
2026-09-11 15:07:15+05:30,23463.5500,23399.2000,0.5477599915523378,0.1535786933700814,-0.05543403292489654
2026-09-11 15:07:30+05:30,23465.5000,23400.6500,0.5015666060498811,0.1784359291474519,-0.04155498451480345
2026-09-11 15:07:45+05:30,23467.0500,23403.2000,0.23526349936566648,0.16534075900870868,-0.03208801559830495
2026-09-11 15:08:00+05:30,23470.9500,23405.7500,0.2543817781961647,0.1526371153808179,-0.028877140654188446
2026-09-11 15:08:15+05:30,23468.2000,23406.8000,0.3193478892720551,0.14666172032782426,-0.01927503484422394
2026-09-11 15:08:30+05:30,23469.0500,23409.4500,0.13045524499056343,0.13794586416386376,-0.00818052209343986
2026-09-11 15:08:45+05:30,23469.8500,23406.0000,0.0749112222768722,0.13300002718596757,0.0024198630713935963
2026-09-11 15:09:00+05:30,23469.5500,23407.4000,0.0910714172309181,0.13983031869880258,0.01490894827070742
2026-09-11 15:09:15+05:30,23468.0000,23407.6000,0.17789698553213976,0.1449879005549312,0.029768868353773372
2026-09-11 15:09:30+05:30,23473.9500,23414.0000,0.047900446003944074,0.12925895997792278,0.04100919592177441
2026-09-11 15:09:45+05:30,23478.2000,23414.1000,0.23842518768470908,0.12799331347192186,0.04623746428667936
2026-09-11 15:10:00+05:30,23475.8500,23413.8500,0.06097292134439936,0.13682266103681368,0.043376959916880994
2026-09-11 15:10:15+05:30,23477.5000,23415.1500,0.29857210957187874,0.15248952852786454,0.05175738145085615
2026-09-11 15:10:30+05:30,23482.0000,23417.8000,0.3273581585253411,0.14691464998728715,0.06115900412622043
2026-09-11 15:10:45+05:30,23481.3000,23416.4000,0.08657334299117818,0.14923941232129925,0.06624795003268819
2026-09-11 15:11:00+05:30,23482.0500,23418.9000,-0.0016981047012113416,0.14165852491746594,0.07344214284287393
2026-09-11 15:11:15+05:30,23483.4500,23419.8000,0.2887205329996397,0.17561281979796742,0.08889276226316507
2026-09-11 15:11:30+05:30,23483.4500,23422.8500,0.2542722856771318,0.205312254711605,0.09280826135882757
2026-09-11 15:11:45+05:30,23483.9500,23424.0000,0.35734737979734393,0.23225764171361626,0.10002529058034028
2026-09-11 15:12:00+05:30,23484.2000,23425.3000,-0.19235615100351455,0.21389394101945336,0.09509071110582595
2026-09-11 15:12:15+05:30,23487.0000,23426.2000,0.28654569078178116,0.20882325876853478,0.09902988979517131
2026-09-11 15:12:30+05:30,23488.0500,23431.3000,-0.27567462022967726,0.169612086778915,0.08938671885203212
2026-09-11 15:12:45+05:30,23488.2500,23424.3000,-0.39228300656864756,0.12704781951136604,0.08588041772036244
2026-09-11 15:13:00+05:30,23486.5000,23424.3000,-0.1372738075855063,0.10930794775178639,0.08780004013087155
2026-09-11 15:13:15+05:30,23484.3500,23421.3000,-0.10880551126203289,0.09201331492044365,0.09006021240416523
2026-09-11 15:13:30+05:30,23487.0000,23422.7000,0.07252817354601435,0.08025999512396552,0.09231451756657559
2026-09-11 15:13:45+05:30,23487.6000,23424.0000,0.1134521950197062,0.07945032607773422,0.09616233291977833
2026-09-11 15:14:00+05:30,23487.5500,23424.7000,0.09170906512595033,0.08025022335626177,0.10045286649969189
2026-09-11 15:14:15+05:30,23487.9000,23426.4500,0.03278896813954191,0.0774748686376248,0.1092107902840082
2026-09-11 15:14:30+05:30,23488.4500,23429.4500,-0.2830192667244363,0.055526475673025946,0.11590926367115484
2026-09-11 15:14:45+05:30,23486.9000,23427.3500,-0.37972134041957667,0.0351635334623821,0.12031180379123871
2026-09-11 15:15:00+05:30,23487.7000,23435.1000,-0.41816788461727267,0.0038971966860972575,0.1238319711818377
2026-09-11 15:15:15+05:30,23487.6000,,-0.41421745646631697,-0.01873091654298447,0.11678421128909847
2026-09-11 15:15:30+05:30,23501.4500,,0.023005221939399825,-0.03185314928738823,0.11177032650892786
2026-09-11 15:15:45+05:30,23494.2000,23435.1000,-0.20660891885647162,-0.05728015297223646,0.09985259470340094
2026-09-11 15:16:00+05:30,23491.8000,23435.1000,0.14491043860237937,-0.05450219603836974,0.09613697472263087
2026-09-11 15:16:15+05:30,23491.0000,,0.2556755164372132,-0.04224630931749238,0.09532026476231366
2026-09-11 15:16:30+05:30,23491.6500,,-0.010451577212411684,-0.056492600279971016,0.08980788663096342
2026-09-11 15:16:45+05:30,23492.6500,23435.1000,-0.11359466329361233,-0.07401007404048264,0.08669577023155733
2026-09-11 15:17:00+05:30,23494.4500,23435.1000,-0.0663569144418597,-0.09418646900425423,0.08398898780109763
2026-09-11 15:17:15+05:30,23493.0000,,-0.33677199326766666,-0.10106341387397576,0.07629186264300475
2026-09-11 15:17:30+05:30,23491.5000,,-0.20549549790230706,-0.12449394666845615,0.07325808964911282
2026-09-11 15:17:45+05:30,23492.5000,23435.1000,-0.01508501535610454,-0.11208491786495269,0.06464584231082791
2026-09-11 15:18:00+05:30,23492.5000,23435.1000,0.4563115987336089,-0.07167565094579761,0.06358278172643017
2026-09-11 15:18:15+05:30,23490.0000,,0.3842272727135281,-0.04684226616965312,0.06258927496132537
2026-09-11 15:18:30+05:30,23489.9000,,0.3125752224083946,-0.026776516947251812,0.06257430771500833
2026-09-11 15:18:45+05:30,23489.5000,23435.1000,0.07270313258019954,-0.02676818556467156,0.060835444334147795
2026-09-11 15:19:00+05:30,23490.6000,23435.1000,-0.08552956773151077,-0.03624350760044379,0.06029175805229709
2026-09-11 15:19:15+05:30,23489.3500,,-0.5425084220003804,-0.06644434032074525,0.05025739430551317
2026-09-11 15:19:30+05:30,23486.0000,,-0.407927786736634,-0.08743085245770602,0.037369919143910635
2026-09-11 15:19:45+05:30,23486.7500,23435.1000,-0.45073364196370197,-0.09541725127862344,0.025636519041051117
2026-09-11 15:20:00+05:30,23488.5000,23435.1000,-0.3410007180641054,-0.0935734121188391,0.0220863987042351
2026-09-11 15:20:15+05:30,23495.4000,23435.1000,-0.14223213877116206,-0.08043361469759575,0.02025361131028473
2026-09-11 15:20:30+05:30,23493.8000,23435.1000,-0.2661923331596646,-0.07338479930204088,0.008604054899839956
2026-09-11 15:20:45+05:30,23492.9000,23435.1000,-0.17524417525248484,-0.08282524678736872,0.005112292453456209
2026-09-11 15:21:00+05:30,23491.5000,23435.1000,-0.259024296869634,-0.08532121716894787,-0.0017159834096408724
2026-09-11 15:21:15+05:30,23490.5000,23435.1000,0.05113147652946639,-0.08978688202956277,0.006078297508725645
2026-09-11 15:21:30+05:30,23493.8500,23435.1000,-0.12432819903874294,-0.10788229705222735,0.010096127811520958
2026-09-11 15:21:45+05:30,23496.1000,23435.1000,-0.2729854082570765,-0.12038390805435424,0.0090390841883704
2026-09-11 15:22:00+05:30,23496.1000,23435.1000,0.11408375319068026,-0.10954207869795934,0.0077407594279896436
2026-09-11 15:22:15+05:30,23491.7500,23435.1000,-0.13226116054897064,-0.11268037613163129,-0.0008705713687323577
2026-09-11 15:22:30+05:30,23491.5500,23435.1000,-0.3346240184316377,-0.1125780916156299,-0.015335883007813925
2026-09-11 15:22:45+05:30,23489.1500,23435.1000,-0.26469877565089045,-0.11539729531794339,-0.027897610576679034
2026-09-11 15:23:00+05:30,23488.0500,23435.1000,-0.6139161053461551,-0.1439130615079458,-0.041818587703102345
2026-09-11 15:23:15+05:30,23486.9000,23435.1000,-0.5362962692633438,-0.19118010284113401,-0.054780522907356584
2026-09-11 15:23:30+05:30,23473.9500,23435.1000,-0.26175704568212954,-0.22194126085997484,-0.06430683331644158
2026-09-11 15:23:45+05:30,23479.0000,23435.1000,0.21498782242637537,-0.2265882799067377,-0.06292105335847745
2026-09-11 15:24:00+05:30,23481.7500,23435.1000,0.003209936624997948,-0.22989747971412824,-0.06409648427080325
2026-09-11 15:24:15+05:30,23483.3500,23435.1000,-0.1804433551210345,-0.23441718387553415,-0.06854754611263854
2026-09-11 15:24:30+05:30,23483.5000,23435.1000,-0.15602167145872037,-0.21601305289735986,-0.074021622456751
2026-09-11 15:24:45+05:30,23482.5500,23435.1000,0.12362580382450826,-0.1907009771563531,-0.07278022314821715
2026-09-11 15:25:00+05:30,23482.0500,23435.1000,-0.0833621438375285,-0.173207096293202,-0.0780554253043194
2026-09-11 15:25:15+05:30,23472.5000,23435.1000,-0.209508258827567,-0.16694555061527158,-0.08248954301205655
2026-09-11 15:25:30+05:30,23472.1000,23435.1000,-0.47828448697931647,-0.18294804338708845,-0.09522489705387942
2026-09-11 15:25:45+05:30,23471.4500,23435.1000,-0.6381490634019256,-0.20066026863671993,-0.11105288429858871
2026-09-11 15:26:00+05:30,23471.8000,23435.1000,-0.6056703065312633,-0.22115675107856653,-0.12240114084813694
2026-09-11 15:26:15+05:30,23473.0000,23435.1000,-0.5555201857733064,-0.23527560293112235,-0.13148019135751554
2026-09-11 15:26:30+05:30,23473.8000,23435.1000,-0.6312155115012388,-0.26776831664687023,-0.14656111011982503
2026-09-11 15:26:45+05:30,23472.8500,23435.1000,-0.6792268270406812,-0.2941920608374387,-0.16186437426274
2026-09-11 15:27:00+05:30,23477.0000,23435.1000,-0.5107210748744595,-0.3055128068668379,-0.1760950046671958
2026-09-11 15:27:15+05:30,23478.1500,23435.1000,-0.6313014971530756,-0.34100734259749294,-0.18329083001390992
2026-09-11 15:27:30+05:30,23473.6000,23435.1000,-0.6177317630670575,-0.36412499033644946,-0.1981150505688089
2026-09-11 15:27:45+05:30,23474.0500,23435.1000,-0.5270749317567648,-0.3732893195424079,-0.20223636715122018
2026-09-11 15:28:00+05:30,23474.9500,23435.1000,-0.4582442014929706,-0.38250576839203076,-0.20331769821555334
2026-09-11 15:28:15+05:30,23473.0000,23435.1000,-0.5364786346948319,-0.3788182697895868,-0.20986203964357505
2026-09-11 15:28:30+05:30,23473.6000,23435.1000,-0.29263307821030715,-0.36721526069182314,-0.21287560631485825
2026-09-11 15:28:45+05:30,23472.9000,23435.1000,-0.43105765425012577,-0.3752771944331563,-0.22113111168856545
2026-09-11 15:29:00+05:30,23471.3500,23435.1000,0.003889678113977005,-0.385329487019461,-0.22292721852308559
2026-09-11 15:29:15+05:30,23467.5000,23435.1000,0.3172369367451085,-0.37037582034707484,-0.2192300402998207
2026-09-11 15:29:30+05:30,23469.0000,23435.1000,0.27585399193033855,-0.3486473752493904,-0.21524536777866013
2026-09-11 15:29:45+05:30,23472.9500,23435.1000,-0.1665911093822626,-0.3491506818171781,-0.21333670946157532
2026-09-11 15:30:00+05:30,23474.1500,23398.1000,-0.46966049795713427,-0.3774024104734468,-0.2148111218802238
